-0.005791, -0.005791, 0.170000, 0.170000, 0.170000
-0.005674, -0.005791, 0.178858, 0.178808, 0.179203
-0.005557, -0.005791, 0.194946, 0.194801, 0.196541
-0.005441, -0.005791, 0.194946, 0.194801, 0.196541
-0.005324, -0.005791, 0.194946, 0.194801, 0.196541
-0.005207, -0.005791, 0.194946, 0.194801, 0.196541
-0.005089, -0.005791, 0.194946, 0.194801, 0.196541
-0.004972, -0.005791, 0.194946, 0.194801, 0.196541
-0.004855, -0.005791, 0.194946, 0.194801, 0.196541
-0.004738, -0.005791, 0.194946, 0.194801, 0.196541
-0.004621, -0.005791, 0.179689, 0.179634, 0.180109
-0.004504, -0.005791, 0.170000, 0.170000, 0.170000
-0.004387, -0.005791, 0.170200, 0.170191, 0.170212
-0.004270, -0.005791, 0.170000, 0.170000, 0.170000
-0.004154, -0.005791, 0.170000, 0.170000, 0.170000
-0.004036, -0.005791, 0.170000, 0.170000, 0.170000
-0.003920, -0.005791, 0.170000, 0.170000, 0.170000
-0.003803, -0.005791, 0.170000, 0.170000, 0.170000
-0.003686, -0.005791, 0.172462, 0.172400, 0.172677
-0.003569, -0.005791, 0.174869, 0.174747, 0.175401
-0.003452, -0.005791, 0.170000, 0.170000, 0.170000
-0.003335, -0.005791, 0.170000, 0.170000, 0.170000
-0.003218, -0.005791, 0.170200, 0.170191, 0.170212
-0.003101, -0.005791, 0.170000, 0.170000, 0.170000
-0.002984, -0.005791, 0.170000, 0.170000, 0.170000
-0.002867, -0.005791, 0.170000, 0.170000, 0.170000
-0.002750, -0.005791, 0.170000, 0.170000, 0.170000
-0.002633, -0.005791, 0.170000, 0.170000, 0.170000
-0.002516, -0.005791, 0.170000, 0.170000, 0.170000
-0.002399, -0.005791, 0.170200, 0.170191, 0.170212
-0.002282, -0.005791, 0.170000, 0.170000, 0.170000
-0.002165, -0.005791, 0.170000, 0.170000, 0.170000
-0.002048, -0.005791, 0.170200, 0.170191, 0.170211
-0.001931, -0.005791, 0.170000, 0.170000, 0.170000
-0.001814, -0.005791, 0.170000, 0.170000, 0.170000
-0.001697, -0.005791, 0.170000, 0.170000, 0.170000
-0.001580, -0.005791, 0.170000, 0.170000, 0.170000
-0.001463, -0.005791, 0.170000, 0.170000, 0.170000
-0.001345, -0.005791, 0.170000, 0.170000, 0.170000
-0.001228, -0.005791, 0.170200, 0.170191, 0.170212
-0.001112, -0.005791, 0.170000, 0.170000, 0.170000
-0.000995, -0.005791, 0.170000, 0.170000, 0.170000
-0.000878, -0.005791, 0.170000, 0.170000, 0.170000
-0.000761, -0.005791, 0.170200, 0.170191, 0.170212
-0.000644, -0.005791, 0.170000, 0.170000, 0.170000
-0.000527, -0.005791, 0.170000, 0.170000, 0.170000
-0.000410, -0.005791, 0.170000, 0.170000, 0.170000
-0.000293, -0.005791, 0.170000, 0.170000, 0.170000
-0.000176, -0.005791, 0.170000, 0.170000, 0.170000
-0.000058, -0.005791, 0.170100, 0.170095, 0.170098
0.000058, -0.005791, 0.170100, 0.170095, 0.170098
0.000175, -0.005791, 0.170000, 0.170000, 0.170000
0.000292, -0.005791, 0.170000, 0.170000, 0.170000
0.000409, -0.005791, 0.170200, 0.170191, 0.170212
0.000526, -0.005791, 0.170000, 0.170000, 0.170000
0.000643, -0.005791, 0.170000, 0.170000, 0.170000
0.000760, -0.005791, 0.170000, 0.170000, 0.170000
0.000877, -0.005791, 0.170000, 0.170000, 0.170000
0.000994, -0.005791, 0.170000, 0.170000, 0.170000
0.001112, -0.005791, 0.170000, 0.170000, 0.170000
0.001228, -0.005791, 0.170200, 0.170191, 0.170212
0.001345, -0.005791, 0.170000, 0.170000, 0.170000
0.001462, -0.005791, 0.170000, 0.170000, 0.170000
0.001579, -0.005791, 0.170200, 0.170191, 0.170212
0.001696, -0.005791, 0.170000, 0.170000, 0.170000
0.001813, -0.005791, 0.170000, 0.170000, 0.170000
0.001930, -0.005791, 0.170000, 0.170000, 0.170000
0.002048, -0.005791, 0.170000, 0.170000, 0.170000
0.002164, -0.005791, 0.170000, 0.170000, 0.170000
0.002282, -0.005791, 0.170000, 0.170000, 0.170000
0.002398, -0.005791, 0.170200, 0.170191, 0.170212
0.002515, -0.005791, 0.170000, 0.170000, 0.170000
0.002632, -0.005791, 0.170000, 0.170000, 0.170000
0.002749, -0.005791, 0.170200, 0.170191, 0.170209
0.002866, -0.005791, 0.170000, 0.170000, 0.170000
0.002983, -0.005791, 0.170000, 0.170000, 0.170000
0.003101, -0.005791, 0.170000, 0.170000, 0.170000
0.003217, -0.005791, 0.170000, 0.170000, 0.170000
0.003335, -0.005791, 0.170000, 0.170000, 0.170000
0.003451, -0.005791, 0.170000, 0.170000, 0.170000
0.003569, -0.005791, 0.170200, 0.170191, 0.170212
0.003685, -0.005791, 0.170000, 0.170000, 0.170000
0.003802, -0.005791, 0.170000, 0.170000, 0.170000
0.003919, -0.005791, 0.170000, 0.170000, 0.170000
0.004037, -0.005791, 0.170200, 0.170191, 0.170212
0.004153, -0.005791, 0.170000, 0.170000, 0.170000
0.004270, -0.005791, 0.170000, 0.170000, 0.170000
0.004388, -0.005791, 0.170000, 0.170000, 0.170000
0.004504, -0.005791, 0.170000, 0.170000, 0.170000
0.004622, -0.005791, 0.170000, 0.170000, 0.170000
0.004738, -0.005791, 0.170036, 0.170034, 0.170034
0.004856, -0.005791, 0.170164, 0.170157, 0.170164
0.004972, -0.005791, 0.170000, 0.170000, 0.170000
0.005090, -0.005791, 0.170000, 0.170000, 0.170000
0.005206, -0.005791, 0.170200, 0.170191, 0.170212
0.005324, -0.005791, 0.170000, 0.170000, 0.170000
0.005440, -0.005791, 0.170000, 0.170000, 0.170000
0.005557, -0.005791, 0.170200, 0.170191, 0.170212
0.005675, -0.005791, 0.170000, 0.170000, 0.170000
0.005791, -0.005791, 0.170000, 0.170000, 0.170000
-0.005791, -0.005674, 0.178952, 0.179203, 0.178808
-0.005674, -0.005674, 0.312517, 0.312738, 0.312738
-0.005557, -0.005674, 0.340000, 0.340000, 0.340000
-0.005441, -0.005674, 0.340000, 0.340000, 0.340000
-0.005324, -0.005674, 0.340000, 0.340000, 0.340000
-0.005207, -0.005674, 0.340000, 0.340000, 0.340000
-0.005089, -0.005674, 0.340000, 0.340000, 0.340000
-0.004972, -0.005674, 0.338574, 0.338553, 0.338623
-0.004855, -0.005674, 0.340000, 0.340000, 0.340000
-0.004738, -0.005674, 0.340000, 0.340000, 0.340000
-0.004621, -0.005674, 0.315622, 0.315815, 0.315815
-0.004504, -0.005674, 0.255582, 0.256576, 0.255490
-0.004387, -0.005674, 0.330986, 0.330868, 0.331528
-0.004270, -0.005674, 0.217662, 0.218400, 0.217428
-0.004154, -0.005674, 0.170000, 0.170000, 0.170000
-0.004036, -0.005674, 0.170000, 0.170000, 0.170000
-0.003920, -0.005674, 0.170000, 0.170000, 0.170000
-0.003803, -0.005674, 0.186192, 0.186302, 0.186302
-0.003686, -0.005674, 0.313128, 0.313344, 0.313344
-0.003569, -0.005674, 0.337880, 0.337872, 0.337872
-0.003452, -0.005674, 0.230865, 0.231311, 0.231311
-0.003335, -0.005674, 0.211689, 0.212404, 0.211426
-0.003218, -0.005674, 0.330230, 0.330122, 0.330795
-0.003101, -0.005674, 0.256601, 0.257291, 0.256936
-0.002984, -0.005674, 0.170000, 0.170000, 0.170000
-0.002867, -0.005674, 0.170000, 0.170000, 0.170000
-0.002750, -0.005674, 0.170000, 0.170000, 0.170000
-0.002633, -0.005674, 0.170000, 0.170000, 0.170000
-0.002516, -0.005674, 0.235479, 0.236204, 0.235440
-0.002399, -0.005674, 0.331549, 0.331429, 0.332054
-0.002282, -0.005674, 0.231605, 0.232342, 0.231508
-0.002165, -0.005674, 0.182426, 0.182851, 0.182219
-0.002048, -0.005674, 0.317539, 0.317597, 0.318314
-0.001931, -0.005674, 0.298056, 0.298529, 0.298798
-0.001814, -0.005674, 0.170184, 0.170182, 0.170176
-0.001697, -0.005674, 0.170000, 0.170000, 0.170000
-0.001580, -0.005674, 0.170000, 0.170000, 0.170000
-0.001463, -0.005674, 0.170000, 0.170000, 0.170000
-0.001345, -0.005674, 0.199646, 0.200282, 0.199366
-0.001228, -0.005674, 0.327203, 0.327138, 0.327823
-0.001112, -0.005674, 0.271597, 0.272304, 0.272136
-0.000995, -0.005674, 0.170000, 0.170000, 0.170000
-0.000878, -0.005674, 0.286961, 0.287654, 0.287596
-0.000761, -0.005674, 0.322290, 0.322292, 0.322992
-0.000644, -0.005674, 0.189123, 0.189650, 0.188871
-0.000527, -0.005674, 0.170000, 0.170000, 0.170000
-0.000410, -0.005674, 0.170000, 0.170000, 0.170000
-0.000293, -0.005674, 0.170000, 0.170000, 0.170000
-0.000176, -0.005674, 0.174512, 0.174692, 0.174406
-0.000058, -0.005674, 0.309490, 0.309627, 0.310347
0.000058, -0.005674, 0.309490, 0.309627, 0.310347
0.000175, -0.005674, 0.174512, 0.174692, 0.174406
0.000292, -0.005674, 0.245940, 0.246638, 0.246085
0.000409, -0.005674, 0.331256, 0.331136, 0.331784
0.000526, -0.005674, 0.221393, 0.222140, 0.221185
0.000643, -0.005674, 0.170000, 0.170000, 0.170000
0.000760, -0.005674, 0.170000, 0.170000, 0.170000
0.000877, -0.005674, 0.170000, 0.170000, 0.170000
0.000994, -0.005674, 0.170000, 0.170000, 0.170000
0.001112, -0.005674, 0.271597, 0.272304, 0.272136
0.001228, -0.005674, 0.327203, 0.327138, 0.327823
0.001345, -0.005674, 0.199646, 0.200282, 0.199366
0.001462, -0.005674, 0.208255, 0.208952, 0.207982
0.001579, -0.005674, 0.329591, 0.329493, 0.330169
0.001696, -0.005674, 0.262217, 0.262868, 0.262646
0.001813, -0.005674, 0.170000, 0.170000, 0.170000
0.001930, -0.005674, 0.170000, 0.170000, 0.170000
0.002048, -0.005674, 0.170000, 0.170000, 0.170000
0.002164, -0.005674, 0.170000, 0.170000, 0.170000
0.002282, -0.005674, 0.231605, 0.232342, 0.231508
0.002398, -0.005674, 0.331549, 0.331429, 0.332054
0.002515, -0.005674, 0.235479, 0.236204, 0.235440
0.002632, -0.005674, 0.180121, 0.180497, 0.179936
0.002749, -0.005674, 0.315504, 0.315583, 0.316306
0.002866, -0.005674, 0.301695, 0.302040, 0.302502
0.002983, -0.005674, 0.171724, 0.171736, 0.171690
0.003101, -0.005674, 0.170000, 0.170000, 0.170000
0.003217, -0.005674, 0.170000, 0.170000, 0.170000
0.003335, -0.005674, 0.170000, 0.170000, 0.170000
0.003451, -0.005674, 0.196624, 0.197234, 0.196348
0.003569, -0.005674, 0.326049, 0.326001, 0.326689
0.003685, -0.005674, 0.275753, 0.276466, 0.276329
0.003802, -0.005674, 0.170000, 0.170000, 0.170000
0.003919, -0.005674, 0.282738, 0.283448, 0.283356
0.004037, -0.005674, 0.323817, 0.323799, 0.324494
0.004153, -0.005674, 0.191842, 0.192402, 0.191578
0.004270, -0.005674, 0.170000, 0.170000, 0.170000
0.004388, -0.005674, 0.170000, 0.170000, 0.170000
0.004504, -0.005674, 0.170000, 0.170000, 0.170000
0.004622, -0.005674, 0.173149, 0.173233, 0.173092
0.004738, -0.005674, 0.306895, 0.307078, 0.307755
0.004856, -0.005674, 0.311838, 0.311953, 0.312677
0.004972, -0.005674, 0.176527, 0.176795, 0.176387
0.005090, -0.005674, 0.241996, 0.242702, 0.242068
0.005206, -0.005674, 0.331417, 0.331297, 0.331932
0.005324, -0.005674, 0.225203, 0.225953, 0.225029
0.005440, -0.005674, 0.186518, 0.187010, 0.186280
0.005557, -0.005674, 0.320625, 0.320647, 0.321353
0.005675, -0.005674, 0.291198, 0.291849, 0.291849
0.005791, -0.005674, 0.170000, 0.170000, 0.170000
-0.005791, -0.005557, 0.195226, 0.196541, 0.194801
-0.005674, -0.005557, 0.340000, 0.340000, 0.340000
-0.005557, -0.005557, 0.340000, 0.340000, 0.340000
-0.005441, -0.005557, 0.340000, 0.340000, 0.340000
-0.005324, -0.005557, 0.340000, 0.340000, 0.340000
-0.005207, -0.005557, 0.340000, 0.340000, 0.340000
-0.005089, -0.005557, 0.340000, 0.340000, 0.340000
-0.004972, -0.005557, 0.249376, 0.249947, 0.250234
-0.004855, -0.005557, 0.287857, 0.288431, 0.288151
-0.004738, -0.005557, 0.340000, 0.340000, 0.340000
-0.004621, -0.005557, 0.340000, 0.340000, 0.340000
-0.004504, -0.005557, 0.298715, 0.300259, 0.298184
-0.004387, -0.005557, 0.340000, 0.340000, 0.340000
-0.004270, -0.005557, 0.241315, 0.242318, 0.241146
-0.004154, -0.005557, 0.170000, 0.170000, 0.170000
-0.004036, -0.005557, 0.170000, 0.170000, 0.170000
-0.003920, -0.005557, 0.170000, 0.170000, 0.170000
-0.003803, -0.005557, 0.297076, 0.298152, 0.296982
-0.003686, -0.005557, 0.340000, 0.340000, 0.340000
-0.003569, -0.005557, 0.340000, 0.340000, 0.340000
-0.003452, -0.005557, 0.337880, 0.337872, 0.337872
-0.003335, -0.005557, 0.270412, 0.272444, 0.269768
-0.003218, -0.005557, 0.340000, 0.340000, 0.340000
-0.003101, -0.005557, 0.284930, 0.285996, 0.284768
-0.002984, -0.005557, 0.170000, 0.170000, 0.170000
-0.002867, -0.005557, 0.170000, 0.170000, 0.170000
-0.002750, -0.005557, 0.170000, 0.170000, 0.170000
-0.002633, -0.005557, 0.180195, 0.180248, 0.180248
-0.002516, -0.005557, 0.312327, 0.312821, 0.312106
-0.002399, -0.005557, 0.340000, 0.340000, 0.340000
-0.002282, -0.005557, 0.320383, 0.320549, 0.320432
-0.002165, -0.005557, 0.225725, 0.226831, 0.225968
-0.002048, -0.005557, 0.336923, 0.336920, 0.336920
-0.001931, -0.005557, 0.325968, 0.326276, 0.325920
-0.001814, -0.005557, 0.172231, 0.172341, 0.172137
-0.001697, -0.005557, 0.170000, 0.170000, 0.170000
-0.001580, -0.005557, 0.170000, 0.170000, 0.170000
-0.001463, -0.005557, 0.170000, 0.170000, 0.170000
-0.001345, -0.005557, 0.260529, 0.261361, 0.260630
-0.001228, -0.005557, 0.340000, 0.340000, 0.340000
-0.001112, -0.005557, 0.300908, 0.301986, 0.300670
-0.000995, -0.005557, 0.170000, 0.170000, 0.170000
-0.000878, -0.005557, 0.338339, 0.338410, 0.338196
-0.000761, -0.005557, 0.338729, 0.338718, 0.338718
-0.000644, -0.005557, 0.203311, 0.204407, 0.202788
-0.000527, -0.005557, 0.170000, 0.170000, 0.170000
-0.000410, -0.005557, 0.170000, 0.170000, 0.170000
-0.000293, -0.005557, 0.170000, 0.170000, 0.170000
-0.000176, -0.005557, 0.181005, 0.181570, 0.180748
-0.000058, -0.005557, 0.333155, 0.333180, 0.333180
0.000058, -0.005557, 0.333155, 0.333180, 0.333180
0.000175, -0.005557, 0.181005, 0.181570, 0.180748
0.000292, -0.005557, 0.273292, 0.274318, 0.273174
0.000409, -0.005557, 0.340000, 0.340000, 0.340000
0.000526, -0.005557, 0.245671, 0.246666, 0.245528
0.000643, -0.005557, 0.170000, 0.170000, 0.170000
0.000760, -0.005557, 0.170000, 0.170000, 0.170000
0.000877, -0.005557, 0.170000, 0.170000, 0.170000
0.000994, -0.005557, 0.170000, 0.170000, 0.170000
0.001112, -0.005557, 0.300908, 0.301986, 0.300670
0.001228, -0.005557, 0.339927, 0.339923, 0.339923
0.001345, -0.005557, 0.218188, 0.219285, 0.217710
0.001462, -0.005557, 0.229714, 0.230754, 0.229427
0.001579, -0.005557, 0.340000, 0.340000, 0.340000
0.001696, -0.005557, 0.297091, 0.298048, 0.297080
0.001813, -0.005557, 0.170000, 0.170000, 0.170000
0.001930, -0.005557, 0.170000, 0.170000, 0.170000
0.002048, -0.005557, 0.170000, 0.170000, 0.170000
0.002164, -0.005557, 0.170000, 0.170000, 0.170000
0.002282, -0.005557, 0.257293, 0.258286, 0.257189
0.002398, -0.005557, 0.340000, 0.340000, 0.340000
0.002515, -0.005557, 0.261655, 0.262653, 0.261554
0.002632, -0.005557, 0.189860, 0.190762, 0.189462
0.002749, -0.005557, 0.336042, 0.336045, 0.336045
0.002866, -0.005557, 0.340000, 0.340000, 0.340000
0.002983, -0.005557, 0.292442, 0.292485, 0.293627
0.003101, -0.005557, 0.195787, 0.195826, 0.196231
0.003217, -0.005557, 0.170000, 0.170000, 0.170000
0.003335, -0.005557, 0.170000, 0.170000, 0.170000
0.003451, -0.005557, 0.213996, 0.215108, 0.213480
0.003569, -0.005557, 0.339748, 0.339740, 0.339740
0.003685, -0.005557, 0.305252, 0.306300, 0.305000
0.003802, -0.005557, 0.170000, 0.170000, 0.170000
0.003919, -0.005557, 0.312461, 0.313376, 0.312208
0.004037, -0.005557, 0.340000, 0.340000, 0.340000
0.004153, -0.005557, 0.315445, 0.315452, 0.316307
0.004270, -0.005557, 0.182044, 0.182508, 0.181815
0.004388, -0.005557, 0.170000, 0.170000, 0.170000
0.004504, -0.005557, 0.177079, 0.177176, 0.177012
0.004622, -0.005557, 0.282618, 0.282744, 0.283673
0.004738, -0.005557, 0.340000, 0.340000, 0.340000
0.004856, -0.005557, 0.334330, 0.334346, 0.334346
0.004972, -0.005557, 0.184235, 0.184952, 0.183922
0.005090, -0.005557, 0.268927, 0.269940, 0.268819
0.005206, -0.005557, 0.340000, 0.340000, 0.340000
0.005324, -0.005557, 0.250027, 0.251019, 0.249905
0.005440, -0.005557, 0.199497, 0.200564, 0.198997
0.005557, -0.005557, 0.338143, 0.338135, 0.338135
0.005675, -0.005557, 0.320795, 0.321353, 0.320647
0.005791, -0.005557, 0.170207, 0.170212, 0.170191
-0.005791, -0.005441, 0.195226, 0.196541, 0.194801
-0.005674, -0.005441, 0.340000, 0.340000, 0.340000
-0.005557, -0.005441, 0.340000, 0.340000, 0.340000
-0.005441, -0.005441, 0.265505, 0.265970, 0.265970
-0.005324, -0.005441, 0.304891, 0.305241, 0.304983
-0.005207, -0.005441, 0.340000, 0.340000, 0.340000
-0.005089, -0.005441, 0.340000, 0.340000, 0.340000
-0.004972, -0.005441, 0.329658, 0.329674, 0.329787
-0.004855, -0.005441, 0.337866, 0.337858, 0.337858
-0.004738, -0.005441, 0.340000, 0.340000, 0.340000
-0.004621, -0.005441, 0.340000, 0.340000, 0.340000
-0.004504, -0.005441, 0.268877, 0.270004, 0.268418
-0.004387, -0.005441, 0.207779, 0.207660, 0.209437
-0.004270, -0.005441, 0.170993, 0.170982, 0.170982
-0.004154, -0.005441, 0.170000, 0.170000, 0.170000
-0.004036, -0.005441, 0.170000, 0.170000, 0.170000
-0.003920, -0.005441, 0.170000, 0.170000, 0.170000
-0.003803, -0.005441, 0.309513, 0.310841, 0.308891
-0.003686, -0.005441, 0.340000, 0.340000, 0.340000
-0.003569, -0.005441, 0.340000, 0.340000, 0.340000
-0.003452, -0.005441, 0.340000, 0.340000, 0.340000
-0.003335, -0.005441, 0.222837, 0.224150, 0.222352
-0.003218, -0.005441, 0.207020, 0.206907, 0.208676
-0.003101, -0.005441, 0.178097, 0.178057, 0.178293
-0.002984, -0.005441, 0.170000, 0.170000, 0.170000
-0.002867, -0.005441, 0.170000, 0.170000, 0.170000
-0.002750, -0.005441, 0.170000, 0.170000, 0.170000
-0.002633, -0.005441, 0.299655, 0.300514, 0.299836
-0.002516, -0.005441, 0.326045, 0.326137, 0.326137
-0.002399, -0.005441, 0.228483, 0.228604, 0.229703
-0.002282, -0.005441, 0.305738, 0.305897, 0.306241
-0.002165, -0.005441, 0.319163, 0.320049, 0.318858
-0.002048, -0.005441, 0.197204, 0.197101, 0.198537
-0.001931, -0.005441, 0.188251, 0.188176, 0.189028
-0.001814, -0.005441, 0.191934, 0.192232, 0.191863
-0.001697, -0.005441, 0.258862, 0.258951, 0.260105
-0.001580, -0.005441, 0.171423, 0.171448, 0.171388
-0.001463, -0.005441, 0.215012, 0.215845, 0.214657
-0.001345, -0.005441, 0.338196, 0.338194, 0.338176
-0.001228, -0.005441, 0.264796, 0.265214, 0.265322
-0.001112, -0.005441, 0.181471, 0.181418, 0.181844
-0.000995, -0.005441, 0.203990, 0.204639, 0.204031
-0.000878, -0.005441, 0.221739, 0.221644, 0.223312
-0.000761, -0.005441, 0.200812, 0.200697, 0.202332
-0.000644, -0.005441, 0.170000, 0.170000, 0.170000
-0.000527, -0.005441, 0.170000, 0.170000, 0.170000
-0.000410, -0.005441, 0.170000, 0.170000, 0.170000
-0.000293, -0.005441, 0.170000, 0.170000, 0.170000
-0.000176, -0.005441, 0.170000, 0.170000, 0.170000
-0.000058, -0.005441, 0.192729, 0.192642, 0.193778
0.000058, -0.005441, 0.192729, 0.192642, 0.193778
0.000175, -0.005441, 0.170000, 0.170000, 0.170000
0.000292, -0.005441, 0.175897, 0.175868, 0.175996
0.000409, -0.005441, 0.208050, 0.207930, 0.209710
0.000526, -0.005441, 0.171523, 0.171513, 0.171513
0.000643, -0.005441, 0.170000, 0.170000, 0.170000
0.000760, -0.005441, 0.170000, 0.170000, 0.170000
0.000877, -0.005441, 0.170000, 0.170000, 0.170000
0.000994, -0.005441, 0.170000, 0.170000, 0.170000
0.001112, -0.005441, 0.181471, 0.181418, 0.181844
0.001228, -0.005441, 0.204002, 0.203887, 0.205686
0.001345, -0.005441, 0.170000, 0.170000, 0.170000
0.001462, -0.005441, 0.170129, 0.170125, 0.170125
0.001579, -0.005441, 0.206376, 0.206265, 0.208032
0.001696, -0.005441, 0.178977, 0.178933, 0.179217
0.001813, -0.005441, 0.170000, 0.170000, 0.170000
0.001930, -0.005441, 0.170000, 0.170000, 0.170000
0.002048, -0.005441, 0.170000, 0.170000, 0.170000
0.002164, -0.005441, 0.173143, 0.173075, 0.173515
0.002282, -0.005441, 0.173221, 0.173206, 0.173232
0.002398, -0.005441, 0.208344, 0.208226, 0.210008
0.002515, -0.005441, 0.173911, 0.173892, 0.173940
0.002632, -0.005441, 0.170000, 0.170000, 0.170000
0.002749, -0.005441, 0.196023, 0.195925, 0.197279
0.002866, -0.005441, 0.227564, 0.227590, 0.228693
0.002983, -0.005441, 0.317943, 0.317974, 0.318385
0.003101, -0.005441, 0.260650, 0.261645, 0.260614
0.003217, -0.005441, 0.170000, 0.170000, 0.170000
0.003335, -0.005441, 0.170000, 0.170000, 0.170000
0.003451, -0.005441, 0.170000, 0.170000, 0.170000
0.003569, -0.005441, 0.203005, 0.202890, 0.204668
0.003685, -0.005441, 0.182460, 0.182404, 0.182891
0.003802, -0.005441, 0.170000, 0.170000, 0.170000
0.003919, -0.005441, 0.184178, 0.184116, 0.184708
0.004037, -0.005441, 0.217434, 0.217446, 0.218730
0.004153, -0.005441, 0.266668, 0.266692, 0.268059
0.004270, -0.005441, 0.176233, 0.176394, 0.176126
0.004388, -0.005441, 0.170000, 0.170000, 0.170000
0.004504, -0.005441, 0.191868, 0.192656, 0.191485
0.004622, -0.005441, 0.317135, 0.317066, 0.318331
0.004738, -0.005441, 0.236894, 0.237036, 0.237825
0.004856, -0.005441, 0.193990, 0.193899, 0.195115
0.004972, -0.005441, 0.170000, 0.170000, 0.170000
0.005090, -0.005441, 0.175128, 0.175102, 0.175196
0.005206, -0.005441, 0.208211, 0.208092, 0.209873
0.005324, -0.005441, 0.172137, 0.172126, 0.172130
0.005440, -0.005441, 0.170000, 0.170000, 0.170000
0.005557, -0.005441, 0.199105, 0.198997, 0.200564
0.005675, -0.005441, 0.186350, 0.186280, 0.187010
0.005791, -0.005441, 0.170000, 0.170000, 0.170000
-0.005791, -0.005324, 0.195226, 0.196541, 0.194801
-0.005674, -0.005324, 0.340000, 0.340000, 0.340000
-0.005557, -0.005324, 0.340000, 0.340000, 0.340000
-0.005441, -0.005324, 0.304805, 0.304983, 0.305241
-0.005324, -0.005324, 0.328218, 0.328288, 0.328288
-0.005207, -0.005324, 0.340000, 0.340000, 0.340000
-0.005089, -0.005324, 0.340000, 0.340000, 0.340000
-0.004972, -0.005324, 0.340000, 0.340000, 0.340000
-0.004855, -0.005324, 0.334149, 0.334185, 0.334178
-0.004738, -0.005324, 0.335861, 0.335891, 0.335854
-0.004621, -0.005324, 0.340000, 0.340000, 0.340000
-0.004504, -0.005324, 0.282377, 0.283372, 0.282084
-0.004387, -0.005324, 0.268900, 0.268926, 0.270268
-0.004270, -0.005324, 0.323474, 0.323393, 0.324320
-0.004154, -0.005324, 0.192839, 0.193658, 0.192414
-0.004036, -0.005324, 0.253011, 0.253039, 0.254273
-0.003920, -0.005324, 0.220057, 0.220154, 0.220965
-0.003803, -0.005324, 0.309513, 0.310841, 0.308891
-0.003686, -0.005324, 0.339792, 0.339788, 0.339780
-0.003569, -0.005324, 0.330164, 0.330198, 0.330701
-0.003452, -0.005324, 0.340000, 0.340000, 0.340000
-0.003335, -0.005324, 0.234511, 0.235941, 0.233951
-0.003218, -0.005324, 0.259355, 0.259275, 0.260817
-0.003101, -0.005324, 0.205418, 0.205542, 0.205906
-0.002984, -0.005324, 0.170000, 0.170000, 0.170000
-0.002867, -0.005324, 0.231635, 0.231729, 0.232732
-0.002750, -0.005324, 0.244719, 0.244820, 0.245802
-0.002633, -0.005324, 0.234327, 0.234469, 0.235450
-0.002516, -0.005324, 0.226523, 0.226838, 0.227039
-0.002399, -0.005324, 0.260662, 0.260569, 0.262155
-0.002282, -0.005324, 0.199400, 0.199515, 0.199704
-0.002165, -0.005324, 0.194650, 0.194556, 0.195800
-0.002048, -0.005324, 0.246761, 0.246851, 0.247876
-0.001931, -0.005324, 0.229171, 0.229261, 0.230251
-0.001814, -0.005324, 0.209038, 0.209862, 0.208672
-0.001697, -0.005324, 0.338379, 0.338384, 0.338351
-0.001580, -0.005324, 0.277802, 0.277964, 0.278921
-0.001463, -0.005324, 0.204737, 0.205083, 0.204754
-0.001345, -0.005324, 0.260875, 0.261039, 0.262146
-0.001228, -0.005324, 0.257092, 0.257060, 0.258463
-0.001112, -0.005324, 0.213745, 0.213852, 0.214478
-0.000995, -0.005324, 0.207441, 0.209873, 0.206551
-0.000878, -0.005324, 0.222481, 0.222576, 0.223447
-0.000761, -0.005324, 0.251497, 0.251543, 0.252717
-0.000644, -0.005324, 0.172892, 0.172889, 0.172886
-0.000527, -0.005324, 0.186664, 0.186780, 0.186775
-0.000410, -0.005324, 0.260370, 0.260276, 0.261859
-0.000293, -0.005324, 0.199616, 0.199752, 0.199948
-0.000176, -0.005324, 0.170008, 0.170008, 0.170008
-0.000058, -0.005324, 0.238545, 0.238653, 0.239596
0.000058, -0.005324, 0.238545, 0.238653, 0.239596
0.000175, -0.005324, 0.170008, 0.170008, 0.170008
0.000292, -0.005324, 0.199616, 0.199752, 0.199948
0.000409, -0.005324, 0.260370, 0.260276, 0.261859
0.000526, -0.005324, 0.186664, 0.186780, 0.186775
0.000643, -0.005324, 0.172892, 0.172889, 0.172886
0.000760, -0.005324, 0.251497, 0.251543, 0.252717
0.000877, -0.005324, 0.222481, 0.222576, 0.223447
0.000994, -0.005324, 0.170000, 0.170000, 0.170000
0.001112, -0.005324, 0.213745, 0.213852, 0.214478
0.001228, -0.005324, 0.256363, 0.256339, 0.257728
0.001345, -0.005324, 0.176629, 0.176653, 0.176649
0.001462, -0.005324, 0.180301, 0.180356, 0.180352
0.001579, -0.005324, 0.258724, 0.258656, 0.260165
0.001696, -0.005324, 0.207650, 0.207769, 0.208202
0.001813, -0.005324, 0.170000, 0.170000, 0.170000
0.001930, -0.005324, 0.229097, 0.229189, 0.230176
0.002048, -0.005324, 0.277410, 0.277484, 0.278612
0.002164, -0.005324, 0.334641, 0.334622, 0.334687
0.002282, -0.005324, 0.208368, 0.209461, 0.207983
0.002398, -0.005324, 0.260662, 0.260569, 0.262155
0.002515, -0.005324, 0.194023, 0.194165, 0.194234
0.002632, -0.005324, 0.170672, 0.170663, 0.170660
0.002749, -0.005324, 0.244719, 0.244820, 0.245802
0.002866, -0.005324, 0.231635, 0.231729, 0.232732
0.002983, -0.005324, 0.172490, 0.172441, 0.172641
0.003101, -0.005324, 0.205915, 0.206023, 0.206410
0.003217, -0.005324, 0.259355, 0.259275, 0.260817
0.003335, -0.005324, 0.181884, 0.181955, 0.181950
0.003451, -0.005324, 0.175459, 0.175473, 0.175470
0.003569, -0.005324, 0.255223, 0.255217, 0.256551
0.003685, -0.005324, 0.216086, 0.216189, 0.216887
0.003802, -0.005324, 0.170000, 0.170000, 0.170000
0.003919, -0.005324, 0.220057, 0.220154, 0.220965
0.004037, -0.005324, 0.253011, 0.253039, 0.254273
0.004153, -0.005324, 0.173761, 0.173763, 0.173759
0.004270, -0.005324, 0.184777, 0.184875, 0.184871
0.004388, -0.005324, 0.260103, 0.260011, 0.261586
0.004504, -0.005324, 0.201768, 0.201900, 0.202155
0.004622, -0.005324, 0.170000, 0.170000, 0.170000
0.004738, -0.005324, 0.235940, 0.236040, 0.237022
0.004856, -0.005324, 0.240988, 0.241098, 0.242040
0.004972, -0.005324, 0.170164, 0.170159, 0.170157
0.005090, -0.005324, 0.197495, 0.197634, 0.197777
0.005206, -0.005324, 0.260530, 0.260436, 0.262021
0.005324, -0.005324, 0.188634, 0.188765, 0.188765
0.005440, -0.005324, 0.172136, 0.172130, 0.172126
0.005557, -0.005324, 0.249840, 0.249905, 0.251019
0.005675, -0.005324, 0.224935, 0.225029, 0.225953
0.005791, -0.005324, 0.170000, 0.170000, 0.170000
-0.005791, -0.005207, 0.195226, 0.196541, 0.194801
-0.005674, -0.005207, 0.340000, 0.340000, 0.340000
-0.005557, -0.005207, 0.340000, 0.340000, 0.340000
-0.005441, -0.005207, 0.340000, 0.340000, 0.340000
-0.005324, -0.005207, 0.340000, 0.340000, 0.340000
-0.005207, -0.005207, 0.340000, 0.340000, 0.340000
-0.005089, -0.005207, 0.340000, 0.340000, 0.340000
-0.004972, -0.005207, 0.330148, 0.330668, 0.330043
-0.004855, -0.005207, 0.340000, 0.340000, 0.340000
-0.004738, -0.005207, 0.340000, 0.340000, 0.340000
-0.004621, -0.005207, 0.330136, 0.330604, 0.329991
-0.004504, -0.005207, 0.309168, 0.310815, 0.308265
-0.004387, -0.005207, 0.340000, 0.340000, 0.340000
-0.004270, -0.005207, 0.291573, 0.292077, 0.291678
-0.004154, -0.005207, 0.221653, 0.222971, 0.221096
-0.004036, -0.005207, 0.340000, 0.340000, 0.340000
-0.003920, -0.005207, 0.323241, 0.324093, 0.322816
-0.003803, -0.005207, 0.306519, 0.307988, 0.305803
-0.003686, -0.005207, 0.333131, 0.333540, 0.332756
-0.003569, -0.005207, 0.340000, 0.340000, 0.340000
-0.003452, -0.005207, 0.330181, 0.330754, 0.330118
-0.003335, -0.005207, 0.297069, 0.299439, 0.296058
-0.003218, -0.005207, 0.340000, 0.340000, 0.340000
-0.003101, -0.005207, 0.295764, 0.297026, 0.295287
-0.002984, -0.005207, 0.174955, 0.175368, 0.174700
-0.002867, -0.005207, 0.338472, 0.338502, 0.338402
-0.002750, -0.005207, 0.340000, 0.340000, 0.340000
-0.002633, -0.005207, 0.196960, 0.198260, 0.196439
-0.002516, -0.005207, 0.272495, 0.273685, 0.272058
-0.002399, -0.005207, 0.340000, 0.340000, 0.340000
-0.002282, -0.005207, 0.268131, 0.269309, 0.267700
-0.002165, -0.005207, 0.201318, 0.202630, 0.200810
-0.002048, -0.005207, 0.340000, 0.340000, 0.340000
-0.001931, -0.005207, 0.339543, 0.339531, 0.339531
-0.001814, -0.005207, 0.188117, 0.189278, 0.187493
-0.001697, -0.005207, 0.305050, 0.306310, 0.304514
-0.001580, -0.005207, 0.340000, 0.340000, 0.340000
-0.001463, -0.005207, 0.240505, 0.241675, 0.240091
-0.001345, -0.005207, 0.228887, 0.230094, 0.228461
-0.001228, -0.005207, 0.340000, 0.340000, 0.340000
-0.001112, -0.005207, 0.311714, 0.312896, 0.311234
-0.000995, -0.005207, 0.207441, 0.209873, 0.206551
-0.000878, -0.005207, 0.331914, 0.332301, 0.331624
-0.000761, -0.005207, 0.340000, 0.340000, 0.340000
-0.000644, -0.005207, 0.212926, 0.214207, 0.212459
-0.000527, -0.005207, 0.256495, 0.257654, 0.256078
-0.000410, -0.005207, 0.340000, 0.340000, 0.340000
-0.000293, -0.005207, 0.284133, 0.285363, 0.283676
-0.000176, -0.005207, 0.185285, 0.186375, 0.184771
-0.000058, -0.005207, 0.340000, 0.340000, 0.340000
0.000058, -0.005207, 0.340000, 0.340000, 0.340000
0.000175, -0.005207, 0.281025, 0.281601, 0.282012
0.000292, -0.005207, 0.284133, 0.285363, 0.283676
0.000409, -0.005207, 0.340000, 0.340000, 0.340000
0.000526, -0.005207, 0.256495, 0.257654, 0.256078
0.000643, -0.005207, 0.212926, 0.214207, 0.212459
0.000760, -0.005207, 0.340000, 0.340000, 0.340000
0.000877, -0.005207, 0.327526, 0.328137, 0.327154
0.000994, -0.005207, 0.170000, 0.170000, 0.170000
0.001112, -0.005207, 0.311714, 0.312896, 0.311234
0.001228, -0.005207, 0.340000, 0.340000, 0.340000
0.001345, -0.005207, 0.228887, 0.230094, 0.228461
0.001462, -0.005207, 0.240505, 0.241675, 0.240091
0.001579, -0.005207, 0.340000, 0.340000, 0.340000
0.001696, -0.005207, 0.300120, 0.301382, 0.299638
0.001813, -0.005207, 0.172455, 0.172642, 0.172312
0.001930, -0.005207, 0.336567, 0.336675, 0.336431
0.002048, -0.005207, 0.340000, 0.340000, 0.340000
0.002164, -0.005207, 0.258374, 0.258832, 0.259190
0.002282, -0.005207, 0.273966, 0.275170, 0.273422
0.002398, -0.005207, 0.340000, 0.340000, 0.340000
0.002515, -0.005207, 0.272495, 0.273685, 0.272058
0.002632, -0.005207, 0.196960, 0.198260, 0.196439
0.002749, -0.005207, 0.340000, 0.340000, 0.340000
0.002866, -0.005207, 0.338472, 0.338502, 0.338402
0.002983, -0.005207, 0.174955, 0.175368, 0.174700
0.003101, -0.005207, 0.295764, 0.297026, 0.295287
0.003217, -0.005207, 0.340000, 0.340000, 0.340000
0.003335, -0.005207, 0.244865, 0.246028, 0.244452
0.003451, -0.005207, 0.224533, 0.225758, 0.224098
0.003569, -0.005207, 0.340000, 0.340000, 0.340000
0.003685, -0.005207, 0.316048, 0.317148, 0.315579
0.003802, -0.005207, 0.170000, 0.170000, 0.170000
0.003919, -0.005207, 0.323635, 0.324490, 0.323199
0.004037, -0.005207, 0.340000, 0.340000, 0.340000
0.004153, -0.005207, 0.217278, 0.218539, 0.216825
0.004270, -0.005207, 0.252133, 0.253290, 0.251718
0.004388, -0.005207, 0.340000, 0.340000, 0.340000
0.004504, -0.005207, 0.288496, 0.289741, 0.288031
0.004622, -0.005207, 0.180969, 0.181843, 0.180519
0.004738, -0.005207, 0.339877, 0.339874, 0.339870
0.004856, -0.005207, 0.340000, 0.340000, 0.340000
0.004972, -0.005207, 0.189677, 0.190892, 0.189149
0.005090, -0.005207, 0.279769, 0.280983, 0.279319
0.005206, -0.005207, 0.340000, 0.340000, 0.340000
0.005324, -0.005207, 0.260858, 0.262021, 0.260436
0.005440, -0.005207, 0.208574, 0.209873, 0.208092
0.005557, -0.005207, 0.340000, 0.340000, 0.340000
0.005675, -0.005207, 0.331574, 0.331932, 0.331297
0.005791, -0.005207, 0.170208, 0.170212, 0.170191
-0.005791, -0.005089, 0.195226, 0.196541, 0.194801
-0.005674, -0.005089, 0.340000, 0.340000, 0.340000
-0.005557, -0.005089, 0.324781, 0.324883, 0.324885
-0.005441, -0.005089, 0.325967, 0.326060, 0.326060
-0.005324, -0.005089, 0.340000, 0.340000, 0.340000
-0.005207, -0.005089, 0.340000, 0.340000, 0.340000
-0.005089, -0.005089, 0.340000, 0.340000, 0.340000
-0.004972, -0.005089, 0.340000, 0.340000, 0.340000
-0.004855, -0.005089, 0.334126, 0.334128, 0.334184
-0.004738, -0.005089, 0.335851, 0.335863, 0.335856
-0.004621, -0.005089, 0.340000, 0.340000, 0.340000
-0.004504, -0.005089, 0.307720, 0.308109, 0.308252
-0.004387, -0.005089, 0.307123, 0.306871, 0.309649
-0.004270, -0.005089, 0.215804, 0.215906, 0.217620
-0.004154, -0.005089, 0.177746, 0.177818, 0.177711
-0.004036, -0.005089, 0.271900, 0.271934, 0.273210
-0.003920, -0.005089, 0.235975, 0.236206, 0.236788
-0.003803, -0.005089, 0.307039, 0.308316, 0.306550
-0.003686, -0.005089, 0.339792, 0.339788, 0.339780
-0.003569, -0.005089, 0.330143, 0.330142, 0.330672
-0.003452, -0.005089, 0.340000, 0.340000, 0.340000
-0.003335, -0.005089, 0.309100, 0.309633, 0.309151
-0.003218, -0.005089, 0.289586, 0.289432, 0.291473
-0.003101, -0.005089, 0.218234, 0.218484, 0.218702
-0.002984, -0.005089, 0.170000, 0.170000, 0.170000
-0.002867, -0.005089, 0.249827, 0.250076, 0.250696
-0.002750, -0.005089, 0.263642, 0.263787, 0.264693
-0.002633, -0.005089, 0.172383, 0.172410, 0.172339
-0.002516, -0.005089, 0.204222, 0.204493, 0.204417
-0.002399, -0.005089, 0.279550, 0.279452, 0.281118
-0.002282, -0.005089, 0.201685, 0.201955, 0.201845
-0.002165, -0.005089, 0.173326, 0.173360, 0.173279
-0.002048, -0.005089, 0.265672, 0.265794, 0.266780
-0.001931, -0.005089, 0.246963, 0.247203, 0.247827
-0.001814, -0.005089, 0.170000, 0.170000, 0.170000
-0.001697, -0.005089, 0.220955, 0.221200, 0.221484
-0.001580, -0.005089, 0.277610, 0.277538, 0.279124
-0.001463, -0.005089, 0.186894, 0.187053, 0.186919
-0.001345, -0.005089, 0.182164, 0.182265, 0.182155
-0.001228, -0.005089, 0.278143, 0.278060, 0.279798
-0.001112, -0.005089, 0.243839, 0.244152, 0.244649
-0.000995, -0.005089, 0.219643, 0.220350, 0.219785
-0.000878, -0.005089, 0.292410, 0.292335, 0.294081
-0.000761, -0.005089, 0.270999, 0.271051, 0.272260
-0.000644, -0.005089, 0.176390, 0.176450, 0.176349
-0.000527, -0.005089, 0.195058, 0.195296, 0.195150
-0.000410, -0.005089, 0.279258, 0.279159, 0.280821
-0.000293, -0.005089, 0.238952, 0.239196, 0.239906
-0.000176, -0.005089, 0.207724, 0.207720, 0.208702
-0.000058, -0.005089, 0.257528, 0.257724, 0.258440
0.000058, -0.005089, 0.272170, 0.272133, 0.273512
0.000175, -0.005089, 0.260556, 0.260964, 0.261530
0.000292, -0.005089, 0.211124, 0.211388, 0.211442
0.000409, -0.005089, 0.280734, 0.280592, 0.282452
0.000526, -0.005089, 0.195058, 0.195296, 0.195150
0.000643, -0.005089, 0.176390, 0.176450, 0.176349
0.000760, -0.005089, 0.270389, 0.270447, 0.271647
0.000877, -0.005089, 0.238887, 0.239120, 0.239735
0.000994, -0.005089, 0.170000, 0.170000, 0.170000
0.001112, -0.005089, 0.228357, 0.228591, 0.229042
0.001228, -0.005089, 0.275249, 0.275223, 0.276678
0.001345, -0.005089, 0.181917, 0.182027, 0.181905
0.001462, -0.005089, 0.186894, 0.187053, 0.186919
0.001579, -0.005089, 0.277610, 0.277538, 0.279124
0.001696, -0.005089, 0.220955, 0.221200, 0.221484
0.001813, -0.005089, 0.170000, 0.170000, 0.170000
0.001930, -0.005089, 0.246806, 0.247050, 0.247685
0.002048, -0.005089, 0.265672, 0.265794, 0.266780
0.002164, -0.005089, 0.178079, 0.178121, 0.178040
0.002282, -0.005089, 0.281394, 0.282051, 0.281689
0.002398, -0.005089, 0.285519, 0.285384, 0.287178
0.002515, -0.005089, 0.216179, 0.216480, 0.216486
0.002632, -0.005089, 0.215309, 0.215292, 0.216783
0.002749, -0.005089, 0.263642, 0.263787, 0.264693
0.002866, -0.005089, 0.249827, 0.250076, 0.250696
0.002983, -0.005089, 0.170000, 0.170000, 0.170000
0.003101, -0.005089, 0.218234, 0.218484, 0.218702
0.003217, -0.005089, 0.278242, 0.278158, 0.279777
0.003335, -0.005089, 0.188968, 0.189147, 0.189010
0.003451, -0.005089, 0.180645, 0.180780, 0.180616
0.003569, -0.005089, 0.333100, 0.333559, 0.332785
0.003685, -0.005089, 0.264307, 0.265223, 0.264251
0.003802, -0.005089, 0.170000, 0.170000, 0.170000
0.003919, -0.005089, 0.247222, 0.247564, 0.248133
0.004037, -0.005089, 0.271900, 0.271934, 0.273210
0.004153, -0.005089, 0.177746, 0.177818, 0.177711
0.004270, -0.005089, 0.192680, 0.192895, 0.192752
0.004388, -0.005089, 0.278990, 0.278893, 0.280548
0.004504, -0.005089, 0.213766, 0.214025, 0.214138
0.004622, -0.005089, 0.170028, 0.170027, 0.170027
0.004738, -0.005089, 0.254854, 0.255079, 0.255721
0.004856, -0.005089, 0.259943, 0.260122, 0.260904
0.004972, -0.005089, 0.171061, 0.171075, 0.171029
0.005090, -0.005089, 0.208512, 0.208780, 0.208780
0.005206, -0.005089, 0.279418, 0.279319, 0.280983
0.005324, -0.005089, 0.197521, 0.197777, 0.197634
0.005440, -0.005089, 0.175147, 0.175196, 0.175102
0.005557, -0.005089, 0.268737, 0.268819, 0.269940
0.005675, -0.005089, 0.241832, 0.242068, 0.242702
0.005791, -0.005089, 0.170000, 0.170000, 0.170000
-0.005791, -0.004972, 0.195226, 0.196541, 0.194801
-0.005674, -0.004972, 0.340000, 0.340000, 0.340000
-0.005557, -0.004972, 0.275064, 0.275591, 0.275399
-0.005441, -0.004972, 0.277797, 0.278327, 0.278084
-0.005324, -0.004972, 0.340000, 0.340000, 0.340000
-0.005207, -0.004972, 0.329991, 0.330043, 0.330668
-0.005089, -0.004972, 0.340000, 0.340000, 0.340000
-0.004972, -0.004972, 0.340000, 0.340000, 0.340000
-0.004855, -0.004972, 0.338736, 0.338681, 0.338791
-0.004738, -0.004972, 0.307447, 0.307241, 0.309950
-0.004621, -0.004972, 0.336788, 0.336772, 0.336817
-0.004504, -0.004972, 0.340000, 0.340000, 0.340000
-0.004387, -0.004972, 0.329988, 0.330042, 0.330660
-0.004270, -0.004972, 0.337921, 0.337913, 0.337913
-0.004154, -0.004972, 0.231088, 0.231535, 0.231535
-0.004036, -0.004972, 0.170000, 0.170000, 0.170000
-0.003920, -0.004972, 0.170000, 0.170000, 0.170000
-0.003803, -0.004972, 0.205963, 0.206256, 0.206256
-0.003686, -0.004972, 0.299838, 0.299665, 0.301777
-0.003569, -0.004972, 0.305946, 0.305719, 0.308132
-0.003452, -0.004972, 0.338117, 0.338114, 0.338099
-0.003335, -0.004972, 0.340000, 0.340000, 0.340000
-0.003218, -0.004972, 0.314356, 0.314560, 0.314560
-0.003101, -0.004972, 0.187183, 0.187303, 0.187303
-0.002984, -0.004972, 0.170000, 0.170000, 0.170000
-0.002867, -0.004972, 0.170000, 0.170000, 0.170000
-0.002750, -0.004972, 0.170000, 0.170000, 0.170000
-0.002633, -0.004972, 0.170000, 0.170000, 0.170000
-0.002516, -0.004972, 0.170644, 0.170627, 0.170649
-0.002399, -0.004972, 0.189425, 0.189283, 0.191041
-0.002282, -0.004972, 0.170439, 0.170426, 0.170438
-0.002165, -0.004972, 0.170000, 0.170000, 0.170000
-0.002048, -0.004972, 0.182937, 0.182835, 0.183746
-0.001931, -0.004972, 0.177548, 0.177473, 0.177958
-0.001814, -0.004972, 0.170000, 0.170000, 0.170000
-0.001697, -0.004972, 0.170000, 0.170000, 0.170000
-0.001580, -0.004972, 0.170000, 0.170000, 0.170000
-0.001463, -0.004972, 0.170000, 0.170000, 0.170000
-0.001345, -0.004972, 0.252709, 0.253697, 0.252649
-0.001228, -0.004972, 0.317266, 0.317406, 0.317482
-0.001112, -0.004972, 0.207974, 0.208402, 0.208408
-0.000995, -0.004972, 0.216884, 0.218630, 0.216650
-0.000878, -0.004972, 0.222319, 0.222536, 0.223987
-0.000761, -0.004972, 0.247265, 0.246888, 0.251660
-0.000644, -0.004972, 0.206857, 0.206546, 0.209790
-0.000527, -0.004972, 0.206896, 0.206583, 0.209828
-0.000410, -0.004972, 0.225986, 0.225532, 0.230542
-0.000293, -0.004972, 0.292929, 0.293138, 0.293812
-0.000176, -0.004972, 0.293227, 0.294328, 0.293094
-0.000058, -0.004972, 0.170000, 0.170000, 0.170000
0.000058, -0.004972, 0.170000, 0.170000, 0.170000
0.000175, -0.004972, 0.170000, 0.170000, 0.170000
0.000292, -0.004972, 0.250247, 0.251206, 0.250232
0.000409, -0.004972, 0.306684, 0.307633, 0.306665
0.000526, -0.004972, 0.185912, 0.185816, 0.186972
0.000643, -0.004972, 0.172887, 0.172859, 0.172931
0.000760, -0.004972, 0.184772, 0.184661, 0.185761
0.000877, -0.004972, 0.245708, 0.246028, 0.246204
0.000994, -0.004972, 0.293540, 0.293986, 0.294543
0.001112, -0.004972, 0.173841, 0.173789, 0.174017
0.001228, -0.004972, 0.186650, 0.186528, 0.187915
0.001345, -0.004972, 0.170000, 0.170000, 0.170000
0.001462, -0.004972, 0.170000, 0.170000, 0.170000
0.001579, -0.004972, 0.170000, 0.170000, 0.170000
0.001696, -0.004972, 0.170000, 0.170000, 0.170000
0.001813, -0.004972, 0.170000, 0.170000, 0.170000
0.001930, -0.004972, 0.170000, 0.170000, 0.170000
0.002048, -0.004972, 0.170000, 0.170000, 0.170000
0.002164, -0.004972, 0.231934, 0.233187, 0.231475
0.002282, -0.004972, 0.188888, 0.189580, 0.188822
0.002398, -0.004972, 0.193930, 0.193782, 0.195568
0.002515, -0.004972, 0.275945, 0.276668, 0.275883
0.002632, -0.004972, 0.326672, 0.326992, 0.326551
0.002749, -0.004972, 0.182397, 0.182301, 0.183128
0.002866, -0.004972, 0.197680, 0.197622, 0.198560
0.002983, -0.004972, 0.214697, 0.214676, 0.216059
0.003101, -0.004972, 0.170000, 0.170000, 0.170000
0.003217, -0.004972, 0.170000, 0.170000, 0.170000
0.003335, -0.004972, 0.170000, 0.170000, 0.170000
0.003451, -0.004972, 0.170000, 0.170000, 0.170000
0.003569, -0.004972, 0.329922, 0.330751, 0.329410
0.003685, -0.004972, 0.247953, 0.249168, 0.247481
0.003802, -0.004972, 0.170000, 0.170000, 0.170000
0.003919, -0.004972, 0.175255, 0.175193, 0.175518
0.004037, -0.004972, 0.185232, 0.185118, 0.186299
0.004153, -0.004972, 0.170000, 0.170000, 0.170000
0.004270, -0.004972, 0.170000, 0.170000, 0.170000
0.004388, -0.004972, 0.188852, 0.188711, 0.190419
0.004504, -0.004972, 0.171653, 0.171621, 0.171705
0.004622, -0.004972, 0.170000, 0.170000, 0.170000
0.004738, -0.004972, 0.179469, 0.179384, 0.180006
0.004856, -0.004972, 0.181019, 0.180927, 0.181662
0.004972, -0.004972, 0.170000, 0.170000, 0.170000
0.005090, -0.004972, 0.171052, 0.171029, 0.171075
0.005206, -0.004972, 0.189291, 0.189149, 0.190892
0.005324, -0.004972, 0.170164, 0.170157, 0.170159
0.005440, -0.004972, 0.170000, 0.170000, 0.170000
0.005557, -0.004972, 0.170000, 0.170000, 0.170000
0.005675, -0.004972, 0.170000, 0.170000, 0.170000
0.005791, -0.004972, 0.170000, 0.170000, 0.170000
-0.005791, -0.004855, 0.195226, 0.196541, 0.194801
-0.005674, -0.004855, 0.340000, 0.340000, 0.340000
-0.005557, -0.004855, 0.340000, 0.340000, 0.340000
-0.005441, -0.004855, 0.340000, 0.340000, 0.340000
-0.005324, -0.004855, 0.334091, 0.334178, 0.334185
-0.005207, -0.004855, 0.340000, 0.340000, 0.340000
-0.005089, -0.004855, 0.334095, 0.334184, 0.334128
-0.004972, -0.004855, 0.330130, 0.330731, 0.329608
-0.004855, -0.004855, 0.333355, 0.333366, 0.333403
-0.004738, -0.004855, 0.339353, 0.339343, 0.339343
-0.004621, -0.004855, 0.303914, 0.305823, 0.302981
-0.004504, -0.004855, 0.334100, 0.334191, 0.334076
-0.004387, -0.004855, 0.340000, 0.340000, 0.340000
-0.004270, -0.004855, 0.334091, 0.334177, 0.334198
-0.004154, -0.004855, 0.337921, 0.337913, 0.337913
-0.004036, -0.004855, 0.231088, 0.231535, 0.231535
-0.003920, -0.004855, 0.170000, 0.170000, 0.170000
-0.003803, -0.004855, 0.170000, 0.170000, 0.170000
-0.003686, -0.004855, 0.296365, 0.297323, 0.296310
-0.003569, -0.004855, 0.337692, 0.337685, 0.337685
-0.003452, -0.004855, 0.304164, 0.305732, 0.303590
-0.003335, -0.004855, 0.340000, 0.340000, 0.340000
-0.003218, -0.004855, 0.340000, 0.340000, 0.340000
-0.003101, -0.004855, 0.305334, 0.306251, 0.305298
-0.002984, -0.004855, 0.170000, 0.170000, 0.170000
-0.002867, -0.004855, 0.170000, 0.170000, 0.170000
-0.002750, -0.004855, 0.170000, 0.170000, 0.170000
-0.002633, -0.004855, 0.170000, 0.170000, 0.170000
-0.002516, -0.004855, 0.252756, 0.253634, 0.252826
-0.002399, -0.004855, 0.340000, 0.340000, 0.340000
-0.002282, -0.004855, 0.248400, 0.249281, 0.248436
-0.002165, -0.004855, 0.188983, 0.189725, 0.188653
-0.002048, -0.004855, 0.332310, 0.332343, 0.332343
-0.001931, -0.004855, 0.317862, 0.318267, 0.317890
-0.001814, -0.004855, 0.171465, 0.171504, 0.171419
-0.001697, -0.004855, 0.170000, 0.170000, 0.170000
-0.001580, -0.004855, 0.170000, 0.170000, 0.170000
-0.001463, -0.004855, 0.170000, 0.170000, 0.170000
-0.001345, -0.004855, 0.192430, 0.192473, 0.192762
-0.001228, -0.004855, 0.233196, 0.233788, 0.234242
-0.001112, -0.004855, 0.315337, 0.315246, 0.316810
-0.000995, -0.004855, 0.258552, 0.261251, 0.257526
-0.000878, -0.004855, 0.309379, 0.310180, 0.309245
-0.000761, -0.004855, 0.340000, 0.340000, 0.340000
-0.000644, -0.004855, 0.201374, 0.202567, 0.200905
-0.000527, -0.004855, 0.236800, 0.237705, 0.236677
-0.000410, -0.004855, 0.340000, 0.340000, 0.340000
-0.000293, -0.004855, 0.265602, 0.266465, 0.265720
-0.000176, -0.004855, 0.173089, 0.173037, 0.173256
-0.000058, -0.004855, 0.170000, 0.170000, 0.170000
0.000058, -0.004855, 0.170000, 0.170000, 0.170000
0.000175, -0.004855, 0.170696, 0.170722, 0.170655
0.000292, -0.004855, 0.241391, 0.241823, 0.242131
0.000409, -0.004855, 0.218919, 0.218929, 0.220169
0.000526, -0.004855, 0.330246, 0.330536, 0.330120
0.000643, -0.004855, 0.269381, 0.271402, 0.268626
0.000760, -0.004855, 0.335394, 0.335402, 0.335402
0.000877, -0.004855, 0.339994, 0.339994, 0.339994
0.000994, -0.004855, 0.264384, 0.264819, 0.265084
0.001112, -0.004855, 0.292011, 0.292974, 0.291990
0.001228, -0.004855, 0.338351, 0.338341, 0.338341
0.001345, -0.004855, 0.210764, 0.211723, 0.210314
0.001462, -0.004855, 0.170000, 0.170000, 0.170000
0.001579, -0.004855, 0.170000, 0.170000, 0.170000
0.001696, -0.004855, 0.170000, 0.170000, 0.170000
0.001813, -0.004855, 0.170000, 0.170000, 0.170000
0.001930, -0.004855, 0.170000, 0.170000, 0.170000
0.002048, -0.004855, 0.170000, 0.170000, 0.170000
0.002164, -0.004855, 0.233651, 0.234933, 0.233149
0.002282, -0.004855, 0.258533, 0.260226, 0.258157
0.002398, -0.004855, 0.340000, 0.340000, 0.340000
0.002515, -0.004855, 0.304786, 0.305632, 0.304314
0.002632, -0.004855, 0.196547, 0.197131, 0.196955
0.002749, -0.004855, 0.330950, 0.330996, 0.330996
0.002866, -0.004855, 0.340000, 0.340000, 0.340000
0.002983, -0.004855, 0.315400, 0.316229, 0.315222
0.003101, -0.004855, 0.170000, 0.170000, 0.170000
0.003217, -0.004855, 0.170000, 0.170000, 0.170000
0.003335, -0.004855, 0.170000, 0.170000, 0.170000
0.003451, -0.004855, 0.170000, 0.170000, 0.170000
0.003569, -0.004855, 0.257094, 0.257440, 0.258113
0.003685, -0.004855, 0.204903, 0.205279, 0.204904
0.003802, -0.004855, 0.187382, 0.187852, 0.187153
0.003919, -0.004855, 0.317099, 0.317120, 0.317636
0.004037, -0.004855, 0.336348, 0.336349, 0.336349
0.004153, -0.004855, 0.201051, 0.201958, 0.200621
0.004270, -0.004855, 0.232458, 0.233379, 0.232238
0.004388, -0.004855, 0.339998, 0.339998, 0.339998
0.004504, -0.004855, 0.268743, 0.269645, 0.268849
0.004622, -0.004855, 0.175949, 0.176203, 0.175815
0.004738, -0.004855, 0.324882, 0.325006, 0.324974
0.004856, -0.004855, 0.328440, 0.328509, 0.328509
0.004972, -0.004855, 0.181152, 0.181662, 0.180927
0.005090, -0.004855, 0.260020, 0.260904, 0.260122
0.005206, -0.004855, 0.340000, 0.340000, 0.340000
0.005324, -0.004855, 0.241148, 0.242040, 0.241098
0.005440, -0.004855, 0.170000, 0.170000, 0.170000
0.005557, -0.004855, 0.170000, 0.170000, 0.170000
0.005675, -0.004855, 0.170000, 0.170000, 0.170000
0.005791, -0.004855, 0.170000, 0.170000, 0.170000
-0.005791, -0.004738, 0.195226, 0.196541, 0.194801
-0.005674, -0.004738, 0.340000, 0.340000, 0.340000
-0.005557, -0.004738, 0.340000, 0.340000, 0.340000
-0.005441, -0.004738, 0.340000, 0.340000, 0.340000
-0.005324, -0.004738, 0.335812, 0.335854, 0.335891
-0.005207, -0.004738, 0.340000, 0.340000, 0.340000
-0.005089, -0.004738, 0.335813, 0.335856, 0.335863
-0.004972, -0.004738, 0.331063, 0.331647, 0.330546
-0.004855, -0.004738, 0.332532, 0.332564, 0.332600
-0.004738, -0.004738, 0.338378, 0.338346, 0.338382
-0.004621, -0.004738, 0.329937, 0.330165, 0.329852
-0.004504, -0.004738, 0.335815, 0.335859, 0.335836
-0.004387, -0.004738, 0.340000, 0.340000, 0.340000
-0.004270, -0.004738, 0.335812, 0.335854, 0.335897
-0.004154, -0.004738, 0.340000, 0.340000, 0.340000
-0.004036, -0.004738, 0.337921, 0.337913, 0.337913
-0.003920, -0.004738, 0.231088, 0.231535, 0.231535
-0.003803, -0.004738, 0.170000, 0.170000, 0.170000
-0.003686, -0.004738, 0.291235, 0.292132, 0.291329
-0.003569, -0.004738, 0.335894, 0.335892, 0.335919
-0.003452, -0.004738, 0.275110, 0.277289, 0.274104
-0.003335, -0.004738, 0.340000, 0.340000, 0.340000
-0.003218, -0.004738, 0.340000, 0.340000, 0.340000
-0.003101, -0.004738, 0.322049, 0.323216, 0.321424
-0.002984, -0.004738, 0.170000, 0.170000, 0.170000
-0.002867, -0.004738, 0.170000, 0.170000, 0.170000
-0.002750, -0.004738, 0.170000, 0.170000, 0.170000
-0.002633, -0.004738, 0.180094, 0.180177, 0.180108
-0.002516, -0.004738, 0.314853, 0.315285, 0.314670
-0.002399, -0.004738, 0.339975, 0.339974, 0.339974
-0.002282, -0.004738, 0.243318, 0.244149, 0.243339
-0.002165, -0.004738, 0.186800, 0.187436, 0.186512
-0.002048, -0.004738, 0.329335, 0.329388, 0.329419
-0.001931, -0.004738, 0.340000, 0.340000, 0.340000
-0.001814, -0.004738, 0.187734, 0.188432, 0.188130
-0.001697, -0.004738, 0.177520, 0.177371, 0.178279
-0.001580, -0.004738, 0.177520, 0.177371, 0.178279
-0.001463, -0.004738, 0.177520, 0.177371, 0.178279
-0.001345, -0.004738, 0.177520, 0.177371, 0.178279
-0.001228, -0.004738, 0.185380, 0.185372, 0.186072
-0.001112, -0.004738, 0.269774, 0.269667, 0.271989
-0.000995, -0.004738, 0.223268, 0.224374, 0.223408
-0.000878, -0.004738, 0.302813, 0.303623, 0.302817
-0.000761, -0.004738, 0.333008, 0.333028, 0.333057
-0.000644, -0.004738, 0.194819, 0.195583, 0.194461
-0.000527, -0.004738, 0.240637, 0.241543, 0.240532
-0.000410, -0.004738, 0.339776, 0.339766, 0.339777
-0.000293, -0.004738, 0.259255, 0.260081, 0.259462
-0.000176, -0.004738, 0.206965, 0.206978, 0.207854
-0.000058, -0.004738, 0.202213, 0.202245, 0.202880
0.000058, -0.004738, 0.170000, 0.170000, 0.170000
0.000175, -0.004738, 0.172729, 0.172886, 0.172567
0.000292, -0.004738, 0.204427, 0.205809, 0.203955
0.000409, -0.004738, 0.238613, 0.239215, 0.239110
0.000526, -0.004738, 0.229764, 0.229827, 0.231082
0.000643, -0.004738, 0.203616, 0.204387, 0.203263
0.000760, -0.004738, 0.333008, 0.333028, 0.333057
0.000877, -0.004738, 0.303213, 0.303995, 0.303216
0.000994, -0.004738, 0.170000, 0.170000, 0.170000
0.001112, -0.004738, 0.286879, 0.287773, 0.287010
0.001228, -0.004738, 0.336774, 0.336766, 0.336792
0.001345, -0.004738, 0.207148, 0.208013, 0.206745
0.001462, -0.004738, 0.170000, 0.170000, 0.170000
0.001579, -0.004738, 0.170000, 0.170000, 0.170000
0.001696, -0.004738, 0.201068, 0.201862, 0.200698
0.001813, -0.004738, 0.314659, 0.314604, 0.315917
0.001930, -0.004738, 0.185773, 0.186437, 0.185454
0.002048, -0.004738, 0.170000, 0.170000, 0.170000
0.002164, -0.004738, 0.233651, 0.234933, 0.233149
0.002282, -0.004738, 0.253448, 0.255101, 0.253060
0.002398, -0.004738, 0.339973, 0.339972, 0.339973
0.002515, -0.004738, 0.247692, 0.248515, 0.247791
0.002632, -0.004738, 0.183999, 0.184570, 0.183744
0.002749, -0.004738, 0.327755, 0.327823, 0.327854
0.002866, -0.004738, 0.316464, 0.316776, 0.316596
0.002983, -0.004738, 0.178328, 0.178284, 0.178639
0.003101, -0.004738, 0.170000, 0.170000, 0.170000
0.003217, -0.004738, 0.170000, 0.170000, 0.170000
0.003335, -0.004738, 0.170000, 0.170000, 0.170000
0.003451, -0.004738, 0.170000, 0.170000, 0.170000
0.003569, -0.004738, 0.170000, 0.170000, 0.170000
0.003685, -0.004738, 0.170000, 0.170000, 0.170000
0.003802, -0.004738, 0.183878, 0.184200, 0.183715
0.003919, -0.004738, 0.310206, 0.310284, 0.310766
0.004037, -0.004738, 0.334182, 0.334193, 0.334221
0.004153, -0.004738, 0.198032, 0.198831, 0.197656
0.004270, -0.004738, 0.227717, 0.228603, 0.227439
0.004388, -0.004738, 0.339596, 0.339583, 0.339599
0.004504, -0.004738, 0.263615, 0.264448, 0.263836
0.004622, -0.004738, 0.174833, 0.175028, 0.174721
0.004738, -0.004738, 0.320880, 0.321037, 0.321037
0.004856, -0.004738, 0.324878, 0.324974, 0.325006
0.004972, -0.004738, 0.179580, 0.180006, 0.179384
0.005090, -0.004738, 0.254899, 0.255721, 0.255079
0.005206, -0.004738, 0.339876, 0.339870, 0.339874
0.005324, -0.004738, 0.236166, 0.237022, 0.236040
0.005440, -0.004738, 0.170000, 0.170000, 0.170000
0.005557, -0.004738, 0.170000, 0.170000, 0.170000
0.005675, -0.004738, 0.170000, 0.170000, 0.170000
0.005791, -0.004738, 0.170000, 0.170000, 0.170000
-0.005791, -0.004621, 0.195168, 0.196483, 0.194740
-0.005674, -0.004621, 0.340000, 0.340000, 0.340000
-0.005557, -0.004621, 0.340000, 0.340000, 0.340000
-0.005441, -0.004621, 0.340000, 0.340000, 0.340000
-0.005324, -0.004621, 0.340000, 0.340000, 0.340000
-0.005207, -0.004621, 0.329970, 0.329991, 0.330604
-0.005089, -0.004621, 0.340000, 0.340000, 0.340000
-0.004972, -0.004621, 0.340000, 0.340000, 0.340000
-0.004855, -0.004621, 0.339146, 0.339107, 0.339176
-0.004738, -0.004621, 0.325805, 0.325767, 0.326625
-0.004621, -0.004621, 0.334106, 0.334032, 0.334759
-0.004504, -0.004621, 0.340000, 0.340000, 0.340000
-0.004387, -0.004621, 0.329969, 0.329992, 0.330594
-0.004270, -0.004621, 0.340000, 0.340000, 0.340000
-0.004154, -0.004621, 0.340000, 0.340000, 0.340000
-0.004036, -0.004621, 0.340000, 0.340000, 0.340000
-0.003920, -0.004621, 0.337921, 0.337913, 0.337913
-0.003803, -0.004621, 0.231088, 0.231535, 0.231535
-0.003686, -0.004621, 0.171453, 0.171420, 0.171503
-0.003569, -0.004621, 0.179220, 0.179121, 0.179964
-0.003452, -0.004621, 0.241429, 0.242679, 0.240938
-0.003335, -0.004621, 0.340000, 0.340000, 0.340000
-0.003218, -0.004621, 0.340000, 0.340000, 0.340000
-0.003101, -0.004621, 0.322049, 0.323216, 0.321424
-0.002984, -0.004621, 0.170000, 0.170000, 0.170000
-0.002867, -0.004621, 0.170000, 0.170000, 0.170000
-0.002750, -0.004621, 0.170000, 0.170000, 0.170000
-0.002633, -0.004621, 0.277155, 0.278235, 0.277013
-0.002516, -0.004621, 0.326861, 0.327003, 0.326843
-0.002399, -0.004621, 0.201139, 0.201310, 0.202001
-0.002282, -0.004621, 0.170000, 0.170000, 0.170000
-0.002165, -0.004621, 0.170000, 0.170000, 0.170000
-0.002048, -0.004621, 0.177409, 0.177328, 0.177843
-0.001931, -0.004621, 0.192533, 0.192384, 0.194049
-0.001814, -0.004621, 0.233543, 0.233599, 0.235956
-0.001697, -0.004621, 0.236172, 0.235710, 0.240272
-0.001580, -0.004621, 0.236172, 0.235710, 0.240272
-0.001463, -0.004621, 0.247111, 0.246607, 0.251592
-0.001345, -0.004621, 0.268399, 0.267784, 0.273898
-0.001228, -0.004621, 0.268399, 0.267784, 0.273898
-0.001112, -0.004621, 0.267468, 0.266871, 0.272941
-0.000995, -0.004621, 0.239463, 0.239001, 0.243600
-0.000878, -0.004621, 0.241411, 0.240915, 0.245703
-0.000761, -0.004621, 0.247381, 0.246838, 0.252086
-0.000644, -0.004621, 0.239061, 0.238608, 0.243189
-0.000527, -0.004621, 0.239061, 0.238608, 0.243189
-0.000410, -0.004621, 0.249652, 0.249070, 0.254742
-0.000293, -0.004621, 0.233166, 0.232752, 0.237221
-0.000176, -0.004621, 0.305574, 0.305744, 0.306270
-0.000058, -0.004621, 0.273408, 0.274425, 0.273414
0.000058, -0.004621, 0.170000, 0.170000, 0.170000
0.000175, -0.004621, 0.200892, 0.201277, 0.201215
0.000292, -0.004621, 0.186806, 0.187325, 0.186543
0.000409, -0.004621, 0.244043, 0.246914, 0.242968
0.000526, -0.004621, 0.170000, 0.170000, 0.170000
0.000643, -0.004621, 0.170000, 0.170000, 0.170000
0.000760, -0.004621, 0.178320, 0.178231, 0.178904
0.000877, -0.004621, 0.172350, 0.172307, 0.172449
0.000994, -0.004621, 0.206802, 0.207009, 0.207726
0.001112, -0.004621, 0.208012, 0.207680, 0.211069
0.001228, -0.004621, 0.223359, 0.222868, 0.227471
0.001345, -0.004621, 0.207985, 0.207654, 0.211039
0.001462, -0.004621, 0.208114, 0.207781, 0.211177
0.001579, -0.004621, 0.209095, 0.208749, 0.212226
0.001696, -0.004621, 0.223831, 0.223732, 0.225650
0.001813, -0.004621, 0.254653, 0.254636, 0.256058
0.001930, -0.004621, 0.179978, 0.180038, 0.179969
0.002048, -0.004621, 0.192794, 0.192703, 0.194052
0.002164, -0.004621, 0.233651, 0.234933, 0.233149
0.002282, -0.004621, 0.180037, 0.180828, 0.179720
0.002398, -0.004621, 0.180677, 0.180544, 0.181909
0.002515, -0.004621, 0.170000, 0.170000, 0.170000
0.002632, -0.004621, 0.170000, 0.170000, 0.170000
0.002749, -0.004621, 0.176737, 0.176660, 0.177127
0.002866, -0.004621, 0.173931, 0.173875, 0.174123
0.002983, -0.004621, 0.170000, 0.170000, 0.170000
0.003101, -0.004621, 0.170000, 0.170000, 0.170000
0.003217, -0.004621, 0.170000, 0.170000, 0.170000
0.003335, -0.004621, 0.170000, 0.170000, 0.170000
0.003451, -0.004621, 0.170000, 0.170000, 0.170000
0.003569, -0.004621, 0.170000, 0.170000, 0.170000
0.003685, -0.004621, 0.170000, 0.170000, 0.170000
0.003802, -0.004621, 0.170368, 0.170354, 0.170370
0.003919, -0.004621, 0.177844, 0.177720, 0.178449
0.004037, -0.004621, 0.178682, 0.178590, 0.179325
0.004153, -0.004621, 0.170000, 0.170000, 0.170000
0.004270, -0.004621, 0.170000, 0.170000, 0.170000
0.004388, -0.004621, 0.180499, 0.180375, 0.181612
0.004504, -0.004621, 0.170178, 0.170171, 0.170176
0.004622, -0.004621, 0.170000, 0.170000, 0.170000
0.004738, -0.004621, 0.174784, 0.174721, 0.175028
0.004856, -0.004621, 0.175886, 0.175815, 0.176203
0.004972, -0.004621, 0.170000, 0.170000, 0.170000
0.005090, -0.004621, 0.170028, 0.170027, 0.170027
0.005206, -0.004621, 0.180650, 0.180519, 0.181843
0.005324, -0.004621, 0.170000, 0.170000, 0.170000
0.005440, -0.004621, 0.170000, 0.170000, 0.170000
0.005557, -0.004621, 0.170000, 0.170000, 0.170000
0.005675, -0.004621, 0.170000, 0.170000, 0.170000
0.005791, -0.004621, 0.170000, 0.170000, 0.170000
-0.005791, -0.004504, 0.170896, 0.170876, 0.170907
-0.005674, -0.004504, 0.258776, 0.258934, 0.260518
-0.005557, -0.004504, 0.302593, 0.302490, 0.304642
-0.005441, -0.004504, 0.320524, 0.321026, 0.320215
-0.005324, -0.004504, 0.340000, 0.340000, 0.340000
-0.005207, -0.004504, 0.329946, 0.329927, 0.330612
-0.005089, -0.004504, 0.340000, 0.340000, 0.340000
-0.004972, -0.004504, 0.340000, 0.340000, 0.340000
-0.004855, -0.004504, 0.340000, 0.340000, 0.340000
-0.004738, -0.004504, 0.308962, 0.310225, 0.308690
-0.004621, -0.004504, 0.316045, 0.316021, 0.317203
-0.004504, -0.004504, 0.298296, 0.298335, 0.300471
-0.004387, -0.004504, 0.323821, 0.323567, 0.325202
-0.004270, -0.004504, 0.326077, 0.326468, 0.325702
-0.004154, -0.004504, 0.335771, 0.335879, 0.335650
-0.004036, -0.004504, 0.230862, 0.231445, 0.231218
-0.003920, -0.004504, 0.333169, 0.333315, 0.333049
-0.003803, -0.004504, 0.321889, 0.323048, 0.321284
-0.003686, -0.004504, 0.238350, 0.238657, 0.239031
-0.003569, -0.004504, 0.282820, 0.282810, 0.284258
-0.003452, -0.004504, 0.254529, 0.255985, 0.253794
-0.003335, -0.004504, 0.340000, 0.340000, 0.340000
-0.003218, -0.004504, 0.340000, 0.340000, 0.340000
-0.003101, -0.004504, 0.317045, 0.318119, 0.316658
-0.002984, -0.004504, 0.170000, 0.170000, 0.170000
-0.002867, -0.004504, 0.258386, 0.258706, 0.259186
-0.002750, -0.004504, 0.272354, 0.272502, 0.273443
-0.002633, -0.004504, 0.201769, 0.201832, 0.202387
-0.002516, -0.004504, 0.240575, 0.240883, 0.241512
-0.002399, -0.004504, 0.288267, 0.288163, 0.289875
-0.002282, -0.004504, 0.206366, 0.206710, 0.206487
-0.002165, -0.004504, 0.174536, 0.174610, 0.174468
-0.002048, -0.004504, 0.274588, 0.274708, 0.275741
-0.001931, -0.004504, 0.300329, 0.300186, 0.302140
-0.001814, -0.004504, 0.191917, 0.192617, 0.191898
-0.001697, -0.004504, 0.170000, 0.170000, 0.170000
-0.001580, -0.004504, 0.184859, 0.184954, 0.184954
-0.001463, -0.004504, 0.209039, 0.209467, 0.209473
-0.001345, -0.004504, 0.189149, 0.189184, 0.189577
-0.001228, -0.004504, 0.288553, 0.288384, 0.290404
-0.001112, -0.004504, 0.241727, 0.241849, 0.242949
-0.000995, -0.004504, 0.174852, 0.174713, 0.175282
-0.000878, -0.004504, 0.259223, 0.259264, 0.260558
-0.000761, -0.004504, 0.283691, 0.283607, 0.285398
-0.000644, -0.004504, 0.182795, 0.182767, 0.183185
-0.000527, -0.004504, 0.203727, 0.203901, 0.204278
-0.000410, -0.004504, 0.292568, 0.292326, 0.294518
-0.000293, -0.004504, 0.232553, 0.232885, 0.233260
-0.000176, -0.004504, 0.292186, 0.292333, 0.293829
-0.000058, -0.004504, 0.213587, 0.214038, 0.213645
0.000058, -0.004504, 0.200114, 0.200440, 0.200440
0.000175, -0.004504, 0.193076, 0.193291, 0.193291
0.000292, -0.004504, 0.221998, 0.222563, 0.222072
0.000409, -0.004504, 0.327553, 0.327601, 0.327594
0.000526, -0.004504, 0.201297, 0.201727, 0.201265
0.000643, -0.004504, 0.178202, 0.178312, 0.178135
0.000760, -0.004504, 0.279706, 0.279753, 0.281021
0.000877, -0.004504, 0.301060, 0.300983, 0.302785
0.000994, -0.004504, 0.182123, 0.182188, 0.182188
0.001112, -0.004504, 0.235295, 0.235603, 0.235927
0.001228, -0.004504, 0.326801, 0.326817, 0.326978
0.001345, -0.004504, 0.248017, 0.249055, 0.247844
0.001462, -0.004504, 0.274725, 0.275767, 0.274639
0.001579, -0.004504, 0.286489, 0.287569, 0.286401
0.001696, -0.004504, 0.202510, 0.202464, 0.203588
0.001813, -0.004504, 0.188075, 0.188068, 0.188429
0.001930, -0.004504, 0.276630, 0.277326, 0.276762
0.002048, -0.004504, 0.332165, 0.332467, 0.331973
0.002164, -0.004504, 0.238268, 0.239640, 0.237617
0.002282, -0.004504, 0.216483, 0.217657, 0.216208
0.002398, -0.004504, 0.288267, 0.288163, 0.289875
0.002515, -0.004504, 0.209130, 0.209475, 0.209287
0.002632, -0.004504, 0.173367, 0.173430, 0.173305
0.002749, -0.004504, 0.272354, 0.272502, 0.273443
0.002866, -0.004504, 0.293155, 0.293064, 0.294725
0.002983, -0.004504, 0.233153, 0.233758, 0.233257
0.003101, -0.004504, 0.170000, 0.170000, 0.170000
0.003217, -0.004504, 0.170000, 0.170000, 0.170000
0.003335, -0.004504, 0.170000, 0.170000, 0.170000
0.003451, -0.004504, 0.182672, 0.182826, 0.182621
0.003569, -0.004504, 0.282820, 0.282810, 0.284258
0.003685, -0.004504, 0.238350, 0.238657, 0.239031
0.003802, -0.004504, 0.239785, 0.240819, 0.239598
0.003919, -0.004504, 0.328042, 0.328078, 0.328146
0.004037, -0.004504, 0.280609, 0.280638, 0.281969
0.004153, -0.004504, 0.179783, 0.179909, 0.179720
0.004270, -0.004504, 0.196529, 0.196817, 0.196565
0.004388, -0.004504, 0.287706, 0.287604, 0.289306
0.004504, -0.004504, 0.219502, 0.219834, 0.219834
0.004622, -0.004504, 0.170179, 0.170176, 0.170171
0.004738, -0.004504, 0.263587, 0.263836, 0.264448
0.004856, -0.004504, 0.268660, 0.268849, 0.269645
0.004972, -0.004504, 0.171668, 0.171705, 0.171621
0.005090, -0.004504, 0.213797, 0.214138, 0.214025
0.005206, -0.004504, 0.288134, 0.288031, 0.289741
0.005324, -0.004504, 0.201824, 0.202155, 0.201900
0.005440, -0.004504, 0.176733, 0.176829, 0.176663
0.005557, -0.004504, 0.277446, 0.277524, 0.278697
0.005675, -0.004504, 0.249814, 0.250133, 0.250607
0.005791, -0.004504, 0.170000, 0.170000, 0.170000
-0.005791, -0.004387, 0.170208, 0.170212, 0.170191
-0.005674, -0.004387, 0.331151, 0.331528, 0.330868
-0.005557, -0.004387, 0.340000, 0.340000, 0.340000
-0.005441, -0.004387, 0.301565, 0.303772, 0.300548
-0.005324, -0.004387, 0.330168, 0.330723, 0.330084
-0.005207, -0.004387, 0.340000, 0.340000, 0.340000
-0.005089, -0.004387, 0.330145, 0.330665, 0.330007
-0.004972, -0.004387, 0.340000, 0.340000, 0.340000
-0.004855, -0.004387, 0.340000, 0.340000, 0.340000
-0.004738, -0.004387, 0.311872, 0.312627, 0.311619
-0.004621, -0.004387, 0.263112, 0.262958, 0.265627
-0.004504, -0.004387, 0.315473, 0.316042, 0.315221
-0.004387, -0.004387, 0.340000, 0.340000, 0.340000
-0.004270, -0.004387, 0.318900, 0.320340, 0.318159
-0.004154, -0.004387, 0.340000, 0.340000, 0.340000
-0.004036, -0.004387, 0.303589, 0.303897, 0.304658
-0.003920, -0.004387, 0.340000, 0.340000, 0.340000
-0.003803, -0.004387, 0.324400, 0.325486, 0.323747
-0.003686, -0.004387, 0.315692, 0.316796, 0.315212
-0.003569, -0.004387, 0.340000, 0.340000, 0.340000
-0.003452, -0.004387, 0.295133, 0.297553, 0.294106
-0.003335, -0.004387, 0.340000, 0.340000, 0.340000
-0.003218, -0.004387, 0.337193, 0.337339, 0.337061
-0.003101, -0.004387, 0.206220, 0.206516, 0.206516
-0.002984, -0.004387, 0.174952, 0.175359, 0.174700
-0.002867, -0.004387, 0.338048, 0.338099, 0.337972
-0.002750, -0.004387, 0.340000, 0.340000, 0.340000
-0.002633, -0.004387, 0.204895, 0.206251, 0.204402
-0.002516, -0.004387, 0.272065, 0.273249, 0.271632
-0.002399, -0.004387, 0.340000, 0.340000, 0.340000
-0.002282, -0.004387, 0.267702, 0.268873, 0.267275
-0.002165, -0.004387, 0.200883, 0.202187, 0.200376
-0.002048, -0.004387, 0.340000, 0.340000, 0.340000
-0.001931, -0.004387, 0.336756, 0.336876, 0.336644
-0.001814, -0.004387, 0.175406, 0.175785, 0.175201
-0.001697, -0.004387, 0.184859, 0.184954, 0.184954
-0.001580, -0.004387, 0.208350, 0.208794, 0.208794
-0.001463, -0.004387, 0.170000, 0.170000, 0.170000
-0.001345, -0.004387, 0.228456, 0.229662, 0.228032
-0.001228, -0.004387, 0.340000, 0.340000, 0.340000
-0.001112, -0.004387, 0.324705, 0.325203, 0.324448
-0.000995, -0.004387, 0.175602, 0.175973, 0.175386
-0.000878, -0.004387, 0.332844, 0.333033, 0.332699
-0.000761, -0.004387, 0.340000, 0.340000, 0.340000
-0.000644, -0.004387, 0.212494, 0.213773, 0.212027
-0.000527, -0.004387, 0.256065, 0.257219, 0.255652
-0.000410, -0.004387, 0.340000, 0.340000, 0.340000
-0.000293, -0.004387, 0.292810, 0.294107, 0.292252
-0.000176, -0.004387, 0.273785, 0.274326, 0.274697
-0.000058, -0.004387, 0.248578, 0.249430, 0.248745
0.000058, -0.004387, 0.193076, 0.193291, 0.193291
0.000175, -0.004387, 0.170000, 0.170000, 0.170000
0.000292, -0.004387, 0.283704, 0.284928, 0.283249
0.000409, -0.004387, 0.340000, 0.340000, 0.340000
0.000526, -0.004387, 0.256065, 0.257219, 0.255652
0.000643, -0.004387, 0.212494, 0.213773, 0.212027
0.000760, -0.004387, 0.340000, 0.340000, 0.340000
0.000877, -0.004387, 0.330539, 0.330994, 0.330222
0.000994, -0.004387, 0.170000, 0.170000, 0.170000
0.001112, -0.004387, 0.311289, 0.312474, 0.310807
0.001228, -0.004387, 0.340000, 0.340000, 0.340000
0.001345, -0.004387, 0.244217, 0.245531, 0.243728
0.001462, -0.004387, 0.240190, 0.240498, 0.241196
0.001579, -0.004387, 0.205719, 0.205727, 0.206596
0.001696, -0.004387, 0.316401, 0.317597, 0.315820
0.001813, -0.004387, 0.263852, 0.265087, 0.263517
0.001930, -0.004387, 0.336143, 0.336273, 0.336002
0.002048, -0.004387, 0.340000, 0.340000, 0.340000
0.002164, -0.004387, 0.265395, 0.268154, 0.264258
0.002282, -0.004387, 0.277526, 0.279427, 0.276684
0.002398, -0.004387, 0.340000, 0.340000, 0.340000
0.002515, -0.004387, 0.272065, 0.273249, 0.271632
0.002632, -0.004387, 0.196524, 0.197810, 0.196005
0.002749, -0.004387, 0.340000, 0.340000, 0.340000
0.002866, -0.004387, 0.338162, 0.338216, 0.338093
0.002983, -0.004387, 0.221000, 0.221409, 0.221223
0.003101, -0.004387, 0.170000, 0.170000, 0.170000
0.003217, -0.004387, 0.170000, 0.170000, 0.170000
0.003335, -0.004387, 0.170000, 0.170000, 0.170000
0.003451, -0.004387, 0.224102, 0.225326, 0.223669
0.003569, -0.004387, 0.340000, 0.340000, 0.340000
0.003685, -0.004387, 0.322196, 0.323255, 0.321673
0.003802, -0.004387, 0.184854, 0.184888, 0.185012
0.003919, -0.004387, 0.328162, 0.328723, 0.327826
0.004037, -0.004387, 0.340000, 0.340000, 0.340000
0.004153, -0.004387, 0.216847, 0.218106, 0.216394
0.004270, -0.004387, 0.251702, 0.252855, 0.251292
0.004388, -0.004387, 0.340000, 0.340000, 0.340000
0.004504, -0.004387, 0.303214, 0.304361, 0.302582
0.004622, -0.004387, 0.180878, 0.181697, 0.180459
0.004738, -0.004387, 0.339600, 0.339599, 0.339583
0.004856, -0.004387, 0.339998, 0.339998, 0.339998
0.004972, -0.004387, 0.189238, 0.190419, 0.188711
0.005090, -0.004387, 0.279340, 0.280548, 0.278893
0.005206, -0.004387, 0.340000, 0.340000, 0.340000
0.005324, -0.004387, 0.260427, 0.261586, 0.260011
0.005440, -0.004387, 0.208142, 0.209437, 0.207660
0.005557, -0.004387, 0.340000, 0.340000, 0.340000
0.005675, -0.004387, 0.331151, 0.331528, 0.330868
0.005791, -0.004387, 0.170208, 0.170212, 0.170191
-0.005791, -0.004270, 0.170000, 0.170000, 0.170000
-0.005674, -0.004270, 0.217379, 0.217428, 0.218400
-0.005557, -0.004270, 0.241104, 0.241146, 0.242318
-0.005441, -0.004270, 0.266482, 0.267710, 0.265896
-0.005324, -0.004270, 0.340000, 0.340000, 0.340000
-0.005207, -0.004270, 0.330007, 0.330107, 0.330748
-0.005089, -0.004270, 0.340000, 0.340000, 0.340000
-0.004972, -0.004270, 0.340000, 0.340000, 0.340000
-0.004855, -0.004270, 0.340000, 0.340000, 0.340000
-0.004738, -0.004270, 0.304947, 0.306681, 0.304137
-0.004621, -0.004270, 0.337876, 0.337863, 0.337863
-0.004504, -0.004270, 0.273227, 0.274884, 0.273410
-0.004387, -0.004270, 0.323384, 0.323149, 0.324789
-0.004270, -0.004270, 0.328635, 0.328946, 0.328355
-0.004154, -0.004270, 0.340000, 0.340000, 0.340000
-0.004036, -0.004270, 0.340000, 0.340000, 0.340000
-0.003920, -0.004270, 0.340000, 0.340000, 0.340000
-0.003803, -0.004270, 0.340000, 0.340000, 0.340000
-0.003686, -0.004270, 0.294532, 0.295935, 0.294353
-0.003569, -0.004270, 0.322931, 0.323732, 0.322438
-0.003452, -0.004270, 0.246191, 0.247501, 0.245566
-0.003335, -0.004270, 0.340000, 0.340000, 0.340000
-0.003218, -0.004270, 0.331410, 0.332141, 0.330954
-0.003101, -0.004270, 0.170000, 0.170000, 0.170000
-0.002984, -0.004270, 0.170000, 0.170000, 0.170000
-0.002867, -0.004270, 0.223470, 0.223515, 0.224634
-0.002750, -0.004270, 0.264873, 0.264776, 0.266426
-0.002633, -0.004270, 0.257248, 0.257809, 0.257674
-0.002516, -0.004270, 0.208901, 0.210078, 0.208665
-0.002399, -0.004270, 0.340000, 0.340000, 0.340000
-0.002282, -0.004270, 0.212389, 0.213614, 0.212097
-0.002165, -0.004270, 0.170359, 0.170351, 0.170351
-0.002048, -0.004270, 0.238010, 0.238066, 0.239187
-0.001931, -0.004270, 0.221161, 0.221207, 0.222278
-0.001814, -0.004270, 0.184859, 0.184954, 0.184954
-0.001697, -0.004270, 0.208350, 0.208794, 0.208794
-0.001580, -0.004270, 0.170000, 0.170000, 0.170000
-0.001463, -0.004270, 0.170019, 0.170018, 0.170018
-0.001345, -0.004270, 0.207989, 0.207827, 0.209733
-0.001228, -0.004270, 0.284392, 0.284119, 0.287597
-0.001112, -0.004270, 0.243997, 0.243819, 0.246694
-0.000995, -0.004270, 0.206750, 0.206507, 0.208462
-0.000878, -0.004270, 0.251902, 0.251710, 0.254862
-0.000761, -0.004270, 0.279515, 0.279301, 0.282659
-0.000644, -0.004270, 0.208273, 0.208020, 0.209996
-0.000527, -0.004270, 0.219785, 0.219622, 0.221736
-0.000410, -0.004270, 0.291645, 0.291283, 0.294914
-0.000293, -0.004270, 0.285535, 0.285290, 0.288867
-0.000176, -0.004270, 0.243710, 0.243172, 0.248069
-0.000058, -0.004270, 0.229552, 0.229494, 0.231724
0.000058, -0.004270, 0.262623, 0.262894, 0.263193
0.000175, -0.004270, 0.272702, 0.273435, 0.273413
0.000292, -0.004270, 0.194550, 0.194643, 0.194837
0.000409, -0.004270, 0.251652, 0.251558, 0.253128
0.000526, -0.004270, 0.183035, 0.183115, 0.183115
0.000643, -0.004270, 0.171523, 0.171513, 0.171513
0.000760, -0.004270, 0.242765, 0.242795, 0.244010
0.000877, -0.004270, 0.215152, 0.215204, 0.216107
0.000994, -0.004270, 0.170000, 0.170000, 0.170000
0.001112, -0.004270, 0.207247, 0.207313, 0.207938
0.001228, -0.004270, 0.261650, 0.261653, 0.263286
0.001345, -0.004270, 0.242543, 0.243715, 0.242717
0.001462, -0.004270, 0.316011, 0.315951, 0.317227
0.001579, -0.004270, 0.238053, 0.239975, 0.237338
0.001696, -0.004270, 0.206568, 0.206625, 0.207713
0.001813, -0.004270, 0.195387, 0.195232, 0.197107
0.001930, -0.004270, 0.221161, 0.221207, 0.222278
0.002048, -0.004270, 0.249662, 0.249888, 0.250881
0.002164, -0.004270, 0.303696, 0.304044, 0.304004
0.002282, -0.004270, 0.201634, 0.202177, 0.201506
0.002398, -0.004270, 0.308283, 0.308740, 0.308078
0.002515, -0.004270, 0.193129, 0.193364, 0.193194
0.002632, -0.004270, 0.170129, 0.170125, 0.170125
0.002749, -0.004270, 0.237798, 0.237807, 0.239202
0.002866, -0.004270, 0.223470, 0.223515, 0.224634
0.002983, -0.004270, 0.170000, 0.170000, 0.170000
0.003101, -0.004270, 0.170000, 0.170000, 0.170000
0.003217, -0.004270, 0.170000, 0.170000, 0.170000
0.003335, -0.004270, 0.170000, 0.170000, 0.170000
0.003451, -0.004270, 0.173489, 0.173488, 0.173488
0.003569, -0.004270, 0.247339, 0.247321, 0.248668
0.003685, -0.004270, 0.243764, 0.244020, 0.244815
0.003802, -0.004270, 0.170000, 0.170000, 0.170000
0.003919, -0.004270, 0.212954, 0.213010, 0.213839
0.004037, -0.004270, 0.244284, 0.244300, 0.245562
0.004153, -0.004270, 0.172167, 0.172159, 0.172159
0.004270, -0.004270, 0.181375, 0.181439, 0.181439
0.004388, -0.004270, 0.264656, 0.264780, 0.265803
0.004504, -0.004270, 0.339320, 0.339312, 0.339307
0.004622, -0.004270, 0.235615, 0.236552, 0.235476
0.004738, -0.004270, 0.227393, 0.227439, 0.228603
0.004856, -0.004270, 0.232186, 0.232238, 0.233379
0.004972, -0.004270, 0.170000, 0.170000, 0.170000
0.005090, -0.004270, 0.192753, 0.192857, 0.192989
0.005206, -0.004270, 0.263981, 0.263976, 0.265387
0.005324, -0.004270, 0.184778, 0.184871, 0.184875
0.005440, -0.004270, 0.170993, 0.170982, 0.170982
0.005557, -0.004270, 0.241104, 0.241146, 0.242318
0.005675, -0.004270, 0.217379, 0.217428, 0.218400
0.005791, -0.004270, 0.170000, 0.170000, 0.170000
-0.005791, -0.004154, 0.170000, 0.170000, 0.170000
-0.005674, -0.004154, 0.191637, 0.191578, 0.192402
-0.005557, -0.004154, 0.235665, 0.235636, 0.237106
-0.005441, -0.004154, 0.269465, 0.270729, 0.268775
-0.005324, -0.004154, 0.339998, 0.339998, 0.339998
-0.005207, -0.004154, 0.324079, 0.324047, 0.325534
-0.005089, -0.004154, 0.339956, 0.339955, 0.339954
-0.004972, -0.004154, 0.340000, 0.340000, 0.340000
-0.004855, -0.004154, 0.334155, 0.334203, 0.334178
-0.004738, -0.004154, 0.326026, 0.326181, 0.325960
-0.004621, -0.004154, 0.302813, 0.302585, 0.305617
-0.004504, -0.004154, 0.284316, 0.285087, 0.285113
-0.004387, -0.004154, 0.312975, 0.312848, 0.315201
-0.004270, -0.004154, 0.339515, 0.339499, 0.339513
-0.004154, -0.004154, 0.340000, 0.340000, 0.340000
-0.004036, -0.004154, 0.289629, 0.290015, 0.289970
-0.003920, -0.004154, 0.298001, 0.298354, 0.298277
-0.003803, -0.004154, 0.340000, 0.340000, 0.340000
-0.003686, -0.004154, 0.293220, 0.295626, 0.292072
-0.003569, -0.004154, 0.322062, 0.323203, 0.321466
-0.003452, -0.004154, 0.241670, 0.242921, 0.241174
-0.003335, -0.004154, 0.340000, 0.340000, 0.340000
-0.003218, -0.004154, 0.331410, 0.332141, 0.330954
-0.003101, -0.004154, 0.170000, 0.170000, 0.170000
-0.002984, -0.004154, 0.170000, 0.170000, 0.170000
-0.002867, -0.004154, 0.170000, 0.170000, 0.170000
-0.002750, -0.004154, 0.170000, 0.170000, 0.170000
-0.002633, -0.004154, 0.210819, 0.211151, 0.211151
-0.002516, -0.004154, 0.255457, 0.255917, 0.255943
-0.002399, -0.004154, 0.235530, 0.235428, 0.238801
-0.002282, -0.004154, 0.265015, 0.265015, 0.266442
-0.002165, -0.004154, 0.180922, 0.181126, 0.180810
-0.002048, -0.004154, 0.204719, 0.204629, 0.206168
-0.001931, -0.004154, 0.229118, 0.228984, 0.230721
-0.001814, -0.004154, 0.209990, 0.210516, 0.210497
-0.001697, -0.004154, 0.182620, 0.182587, 0.182910
-0.001580, -0.004154, 0.226007, 0.225867, 0.227629
-0.001463, -0.004154, 0.241547, 0.241960, 0.242161
-0.001345, -0.004154, 0.299939, 0.300025, 0.301258
-0.001228, -0.004154, 0.288471, 0.288287, 0.291556
-0.001112, -0.004154, 0.293578, 0.293309, 0.296333
-0.000995, -0.004154, 0.305986, 0.305830, 0.307808
-0.000878, -0.004154, 0.289705, 0.289620, 0.292471
-0.000761, -0.004154, 0.294848, 0.294534, 0.297282
-0.000644, -0.004154, 0.286924, 0.287167, 0.288010
-0.000527, -0.004154, 0.180050, 0.180198, 0.179937
-0.000410, -0.004154, 0.216774, 0.216663, 0.218377
-0.000293, -0.004154, 0.178720, 0.178701, 0.178847
-0.000176, -0.004154, 0.170000, 0.170000, 0.170000
-0.000058, -0.004154, 0.199216, 0.199139, 0.200396
0.000058, -0.004154, 0.251818, 0.251854, 0.253758
0.000175, -0.004154, 0.238457, 0.238732, 0.239343
0.000292, -0.004154, 0.178720, 0.178701, 0.178847
0.000409, -0.004154, 0.216774, 0.216663, 0.218377
0.000526, -0.004154, 0.172923, 0.172919, 0.172919
0.000643, -0.004154, 0.170000, 0.170000, 0.170000
0.000760, -0.004154, 0.170000, 0.170000, 0.170000
0.000877, -0.004154, 0.170000, 0.170000, 0.170000
0.000994, -0.004154, 0.170000, 0.170000, 0.170000
0.001112, -0.004154, 0.188180, 0.188231, 0.188507
0.001228, -0.004154, 0.257653, 0.258370, 0.258076
0.001345, -0.004154, 0.216498, 0.217915, 0.215924
0.001462, -0.004154, 0.258540, 0.258491, 0.259999
0.001579, -0.004154, 0.283238, 0.284434, 0.282724
0.001696, -0.004154, 0.241773, 0.243182, 0.241317
0.001813, -0.004154, 0.338098, 0.338079, 0.338079
0.001930, -0.004154, 0.204074, 0.204840, 0.204443
0.002048, -0.004154, 0.225356, 0.225851, 0.226604
0.002164, -0.004154, 0.302111, 0.302079, 0.303605
0.002282, -0.004154, 0.187361, 0.187930, 0.187082
0.002398, -0.004154, 0.243979, 0.246918, 0.242868
0.002515, -0.004154, 0.170000, 0.170000, 0.170000
0.002632, -0.004154, 0.174043, 0.174351, 0.173837
0.002749, -0.004154, 0.329170, 0.329208, 0.329301
0.002866, -0.004154, 0.230471, 0.231364, 0.230426
0.002983, -0.004154, 0.170000, 0.170000, 0.170000
0.003101, -0.004154, 0.170000, 0.170000, 0.170000
0.003217, -0.004154, 0.170000, 0.170000, 0.170000
0.003335, -0.004154, 0.170000, 0.170000, 0.170000
0.003451, -0.004154, 0.170000, 0.170000, 0.170000
0.003569, -0.004154, 0.170000, 0.170000, 0.170000
0.003685, -0.004154, 0.170000, 0.170000, 0.170000
0.003802, -0.004154, 0.189471, 0.189575, 0.190535
0.003919, -0.004154, 0.170989, 0.170968, 0.171001
0.004037, -0.004154, 0.210049, 0.209913, 0.211591
0.004153, -0.004154, 0.172666, 0.172796, 0.172534
0.004270, -0.004154, 0.172167, 0.172159, 0.172159
0.004388, -0.004154, 0.216504, 0.216394, 0.218106
0.004504, -0.004154, 0.239285, 0.239326, 0.240802
0.004622, -0.004154, 0.192775, 0.192899, 0.192938
0.004738, -0.004154, 0.170000, 0.170000, 0.170000
0.004856, -0.004154, 0.170000, 0.170000, 0.170000
0.004972, -0.004154, 0.170000, 0.170000, 0.170000
0.005090, -0.004154, 0.177725, 0.177711, 0.177818
0.005206, -0.004154, 0.216935, 0.216825, 0.218539
0.005324, -0.004154, 0.173761, 0.173759, 0.173763
0.005440, -0.004154, 0.170000, 0.170000, 0.170000
0.005557, -0.004154, 0.206793, 0.206697, 0.208344
0.005675, -0.004154, 0.191637, 0.191578, 0.192402
0.005791, -0.004154, 0.170000, 0.170000, 0.170000
-0.005791, -0.004036, 0.170207, 0.170212, 0.170191
-0.005674, -0.004036, 0.323985, 0.324494, 0.323799
-0.005557, -0.004036, 0.340000, 0.340000, 0.340000
-0.005441, -0.004036, 0.303222, 0.305497, 0.302150
-0.005324, -0.004036, 0.325052, 0.325971, 0.324862
-0.005207, -0.004036, 0.340000, 0.340000, 0.340000
-0.005089, -0.004036, 0.325129, 0.326040, 0.324857
-0.004972, -0.004036, 0.330636, 0.330966, 0.330548
-0.004855, -0.004036, 0.340000, 0.340000, 0.340000
-0.004738, -0.004036, 0.340000, 0.340000, 0.340000
-0.004621, -0.004036, 0.330624, 0.330936, 0.330519
-0.004504, -0.004036, 0.308760, 0.310412, 0.307745
-0.004387, -0.004036, 0.340000, 0.340000, 0.340000
-0.004270, -0.004036, 0.322509, 0.323591, 0.322145
-0.004154, -0.004036, 0.340000, 0.340000, 0.340000
-0.004036, -0.004036, 0.304574, 0.304845, 0.304873
-0.003920, -0.004036, 0.311455, 0.311686, 0.311686
-0.003803, -0.004036, 0.340000, 0.340000, 0.340000
-0.003686, -0.004036, 0.281395, 0.283493, 0.280361
-0.003569, -0.004036, 0.333695, 0.334216, 0.333319
-0.003452, -0.004036, 0.242215, 0.243457, 0.241692
-0.003335, -0.004036, 0.340000, 0.340000, 0.340000
-0.003218, -0.004036, 0.321071, 0.321726, 0.320913
-0.003101, -0.004036, 0.170000, 0.170000, 0.170000
-0.002984, -0.004036, 0.170000, 0.170000, 0.170000
-0.002867, -0.004036, 0.170000, 0.170000, 0.170000
-0.002750, -0.004036, 0.170000, 0.170000, 0.170000
-0.002633, -0.004036, 0.170000, 0.170000, 0.170000
-0.002516, -0.004036, 0.201812, 0.201823, 0.202563
-0.002399, -0.004036, 0.240810, 0.240854, 0.242138
-0.002282, -0.004036, 0.303883, 0.303848, 0.305364
-0.002165, -0.004036, 0.216062, 0.217853, 0.215232
-0.002048, -0.004036, 0.338351, 0.338341, 0.338341
-0.001931, -0.004036, 0.340000, 0.340000, 0.340000
-0.001814, -0.004036, 0.179858, 0.180677, 0.179487
-0.001697, -0.004036, 0.292504, 0.293638, 0.292227
-0.001580, -0.004036, 0.340000, 0.340000, 0.340000
-0.001463, -0.004036, 0.304012, 0.306358, 0.302895
-0.001345, -0.004036, 0.324225, 0.324962, 0.323883
-0.001228, -0.004036, 0.340000, 0.340000, 0.340000
-0.001112, -0.004036, 0.330656, 0.330947, 0.330436
-0.000995, -0.004036, 0.333065, 0.333221, 0.332949
-0.000878, -0.004036, 0.335190, 0.335377, 0.334962
-0.000761, -0.004036, 0.339567, 0.339557, 0.339557
-0.000644, -0.004036, 0.333173, 0.333323, 0.332936
-0.000527, -0.004036, 0.273844, 0.276247, 0.273070
-0.000410, -0.004036, 0.340000, 0.340000, 0.340000
-0.000293, -0.004036, 0.277317, 0.278400, 0.277090
-0.000176, -0.004036, 0.182020, 0.182681, 0.181720
-0.000058, -0.004036, 0.335394, 0.335402, 0.335402
0.000058, -0.004036, 0.335394, 0.335402, 0.335402
0.000175, -0.004036, 0.182803, 0.183465, 0.182515
0.000292, -0.004036, 0.276507, 0.277590, 0.276287
0.000409, -0.004036, 0.340000, 0.340000, 0.340000
0.000526, -0.004036, 0.249683, 0.250723, 0.249480
0.000643, -0.004036, 0.170000, 0.170000, 0.170000
0.000760, -0.004036, 0.170000, 0.170000, 0.170000
0.000877, -0.004036, 0.170000, 0.170000, 0.170000
0.000994, -0.004036, 0.170000, 0.170000, 0.170000
0.001112, -0.004036, 0.304113, 0.305230, 0.303798
0.001228, -0.004036, 0.340000, 0.340000, 0.340000
0.001345, -0.004036, 0.258788, 0.262065, 0.257438
0.001462, -0.004036, 0.232993, 0.234070, 0.232708
0.001579, -0.004036, 0.340000, 0.340000, 0.340000
0.001696, -0.004036, 0.296472, 0.297607, 0.296073
0.001813, -0.004036, 0.245846, 0.247727, 0.245490
0.001930, -0.004036, 0.329011, 0.329278, 0.328936
0.002048, -0.004036, 0.338351, 0.338341, 0.338341
0.002164, -0.004036, 0.286348, 0.286333, 0.287888
0.002282, -0.004036, 0.182298, 0.182618, 0.182131
0.002398, -0.004036, 0.245828, 0.248721, 0.244791
0.002515, -0.004036, 0.170000, 0.170000, 0.170000
0.002632, -0.004036, 0.191481, 0.192491, 0.191032
0.002749, -0.004036, 0.339322, 0.339332, 0.339282
0.002866, -0.004036, 0.331290, 0.331445, 0.331257
0.002983, -0.004036, 0.174463, 0.174723, 0.174302
0.003101, -0.004036, 0.170000, 0.170000, 0.170000
0.003217, -0.004036, 0.170000, 0.170000, 0.170000
0.003335, -0.004036, 0.170000, 0.170000, 0.170000
0.003451, -0.004036, 0.170000, 0.170000, 0.170000
0.003569, -0.004036, 0.170000, 0.170000, 0.170000
0.003685, -0.004036, 0.170000, 0.170000, 0.170000
0.003802, -0.004036, 0.216595, 0.216543, 0.218597
0.003919, -0.004036, 0.281200, 0.281372, 0.283213
0.004037, -0.004036, 0.218694, 0.218493, 0.220784
0.004153, -0.004036, 0.172563, 0.172615, 0.172500
0.004270, -0.004036, 0.244518, 0.245562, 0.244300
0.004388, -0.004036, 0.340000, 0.340000, 0.340000
0.004504, -0.004036, 0.280871, 0.281969, 0.280638
0.004622, -0.004036, 0.170000, 0.170000, 0.170000
0.004738, -0.004036, 0.170000, 0.170000, 0.170000
0.004856, -0.004036, 0.170000, 0.170000, 0.170000
0.004972, -0.004036, 0.170000, 0.170000, 0.170000
0.005090, -0.004036, 0.272141, 0.273210, 0.271934
0.005206, -0.004036, 0.340000, 0.340000, 0.340000
0.005324, -0.004036, 0.253235, 0.254273, 0.253039
0.005440, -0.004036, 0.201711, 0.202868, 0.201168
0.005557, -0.004036, 0.339203, 0.339192, 0.339192
0.005675, -0.004036, 0.323985, 0.324494, 0.323799
0.005791, -0.004036, 0.170207, 0.170212, 0.170191
-0.005791, -0.003920, 0.170000, 0.170000, 0.170000
-0.005674, -0.003920, 0.282743, 0.283356, 0.283448
-0.005557, -0.003920, 0.315857, 0.315838, 0.317078
-0.005441, -0.003920, 0.312124, 0.313065, 0.311613
-0.005324, -0.003920, 0.324233, 0.324634, 0.324073
-0.005207, -0.003920, 0.338195, 0.338178, 0.338178
-0.005089, -0.003920, 0.324299, 0.324661, 0.324183
-0.004972, -0.003920, 0.339380, 0.339369, 0.339381
-0.004855, -0.003920, 0.337392, 0.337341, 0.337531
-0.004738, -0.003920, 0.337706, 0.337663, 0.337785
-0.004621, -0.003920, 0.339380, 0.339369, 0.339378
-0.004504, -0.003920, 0.323776, 0.323987, 0.323689
-0.004387, -0.003920, 0.332177, 0.331981, 0.332648
-0.004270, -0.003920, 0.324758, 0.325163, 0.324672
-0.004154, -0.003920, 0.340000, 0.340000, 0.340000
-0.004036, -0.003920, 0.340000, 0.340000, 0.340000
-0.003920, -0.003920, 0.340000, 0.340000, 0.340000
-0.003803, -0.003920, 0.340000, 0.340000, 0.340000
-0.003686, -0.003920, 0.299258, 0.301382, 0.298248
-0.003569, -0.003920, 0.339901, 0.339896, 0.339896
-0.003452, -0.003920, 0.251775, 0.254075, 0.250877
-0.003335, -0.003920, 0.312082, 0.312052, 0.313506
-0.003218, -0.003920, 0.200747, 0.200995, 0.200995
-0.003101, -0.003920, 0.170000, 0.170000, 0.170000
-0.002984, -0.003920, 0.170000, 0.170000, 0.170000
-0.002867, -0.003920, 0.170000, 0.170000, 0.170000
-0.002750, -0.003920, 0.170000, 0.170000, 0.170000
-0.002633, -0.003920, 0.170000, 0.170000, 0.170000
-0.002516, -0.003920, 0.170000, 0.170000, 0.170000
-0.002399, -0.003920, 0.170000, 0.170000, 0.170000
-0.002282, -0.003920, 0.170000, 0.170000, 0.170000
-0.002165, -0.003920, 0.180602, 0.180939, 0.180428
-0.002048, -0.003920, 0.309110, 0.309166, 0.310285
-0.001931, -0.003920, 0.289426, 0.289917, 0.290223
-0.001814, -0.003920, 0.170030, 0.170029, 0.170029
-0.001697, -0.003920, 0.253785, 0.254407, 0.254155
-0.001580, -0.003920, 0.321137, 0.321017, 0.322308
-0.001463, -0.003920, 0.257217, 0.259278, 0.256374
-0.001345, -0.003920, 0.334231, 0.334348, 0.334081
-0.001228, -0.003920, 0.328481, 0.328479, 0.328920
-0.001112, -0.003920, 0.314542, 0.315707, 0.313893
-0.000995, -0.003920, 0.273716, 0.274298, 0.274305
-0.000878, -0.003920, 0.339082, 0.339079, 0.339059
-0.000761, -0.003920, 0.332834, 0.332709, 0.333489
-0.000644, -0.003920, 0.325628, 0.326032, 0.325580
-0.000527, -0.003920, 0.241663, 0.243756, 0.240939
-0.000410, -0.003920, 0.326768, 0.326624, 0.327781
-0.000293, -0.003920, 0.295411, 0.296581, 0.295175
-0.000176, -0.003920, 0.173525, 0.173655, 0.173437
-0.000058, -0.003920, 0.300966, 0.301120, 0.302061
0.000058, -0.003920, 0.334429, 0.334287, 0.335125
0.000175, -0.003920, 0.199516, 0.200775, 0.199228
0.000292, -0.003920, 0.239871, 0.240508, 0.239997
0.000409, -0.003920, 0.330455, 0.330311, 0.331280
0.000526, -0.003920, 0.268623, 0.269731, 0.268360
0.000643, -0.003920, 0.170000, 0.170000, 0.170000
0.000760, -0.003920, 0.170000, 0.170000, 0.170000
0.000877, -0.003920, 0.170000, 0.170000, 0.170000
0.000994, -0.003920, 0.170000, 0.170000, 0.170000
0.001112, -0.003920, 0.264147, 0.264778, 0.264673
0.001228, -0.003920, 0.318755, 0.318674, 0.319935
0.001345, -0.003920, 0.241854, 0.243768, 0.241575
0.001462, -0.003920, 0.204381, 0.204976, 0.204168
0.001579, -0.003920, 0.321137, 0.321017, 0.322308
0.001696, -0.003920, 0.273692, 0.274355, 0.274042
0.001813, -0.003920, 0.199403, 0.200060, 0.199266
0.001930, -0.003920, 0.289426, 0.289917, 0.290223
0.002048, -0.003920, 0.310895, 0.310842, 0.312170
0.002164, -0.003920, 0.289043, 0.289000, 0.290583
0.002282, -0.003920, 0.241655, 0.242511, 0.241987
0.002398, -0.003920, 0.217342, 0.217728, 0.217694
0.002515, -0.003920, 0.170000, 0.170000, 0.170000
0.002632, -0.003920, 0.178526, 0.178822, 0.178369
0.002749, -0.003920, 0.307076, 0.307157, 0.308240
0.002866, -0.003920, 0.293073, 0.293443, 0.293971
0.002983, -0.003920, 0.170417, 0.170418, 0.170400
0.003101, -0.003920, 0.170000, 0.170000, 0.170000
0.003217, -0.003920, 0.170000, 0.170000, 0.170000
0.003335, -0.003920, 0.170000, 0.170000, 0.170000
0.003451, -0.003920, 0.170000, 0.170000, 0.170000
0.003569, -0.003920, 0.170000, 0.170000, 0.170000
0.003685, -0.003920, 0.170000, 0.170000, 0.170000
0.003802, -0.003920, 0.194757, 0.194798, 0.196113
0.003919, -0.003920, 0.176028, 0.175851, 0.176445
0.004037, -0.003920, 0.216472, 0.216193, 0.218459
0.004153, -0.003920, 0.172702, 0.172831, 0.172568
0.004270, -0.003920, 0.213190, 0.213839, 0.213010
0.004388, -0.003920, 0.322529, 0.322388, 0.323682
0.004504, -0.003920, 0.243629, 0.244258, 0.243821
0.004622, -0.003920, 0.170000, 0.170000, 0.170000
0.004738, -0.003920, 0.170000, 0.170000, 0.170000
0.004856, -0.003920, 0.170000, 0.170000, 0.170000
0.004972, -0.003920, 0.170000, 0.170000, 0.170000
0.005090, -0.003920, 0.236143, 0.236788, 0.236206
0.005206, -0.003920, 0.322960, 0.322816, 0.324093
0.005324, -0.003920, 0.220291, 0.220965, 0.220154
0.005440, -0.003920, 0.184314, 0.184708, 0.184116
0.005557, -0.003920, 0.312193, 0.312208, 0.313376
0.005675, -0.003920, 0.282743, 0.283356, 0.283448
0.005791, -0.003920, 0.170000, 0.170000, 0.170000
-0.005791, -0.003803, 0.190544, 0.191686, 0.190049
-0.005674, -0.003803, 0.310502, 0.310357, 0.312296
-0.005557, -0.003803, 0.325434, 0.325319, 0.326581
-0.005441, -0.003803, 0.340000, 0.340000, 0.340000
-0.005324, -0.003803, 0.337916, 0.337906, 0.337913
-0.005207, -0.003803, 0.300445, 0.300198, 0.302859
-0.005089, -0.003803, 0.335433, 0.335425, 0.335471
-0.004972, -0.003803, 0.340000, 0.340000, 0.340000
-0.004855, -0.003803, 0.336604, 0.336596, 0.336608
-0.004738, -0.003803, 0.338054, 0.338046, 0.338046
-0.004621, -0.003803, 0.340000, 0.340000, 0.340000
-0.004504, -0.003803, 0.339509, 0.339484, 0.339548
-0.004387, -0.003803, 0.340000, 0.340000, 0.340000
-0.004270, -0.003803, 0.340000, 0.340000, 0.340000
-0.004154, -0.003803, 0.340000, 0.340000, 0.340000
-0.004036, -0.003803, 0.340000, 0.340000, 0.340000
-0.003920, -0.003803, 0.326208, 0.326262, 0.326993
-0.003803, -0.003803, 0.340000, 0.340000, 0.340000
-0.003686, -0.003803, 0.333386, 0.333396, 0.333419
-0.003569, -0.003803, 0.206060, 0.206775, 0.207548
-0.003452, -0.003803, 0.170000, 0.170000, 0.170000
-0.003335, -0.003803, 0.170000, 0.170000, 0.170000
-0.003218, -0.003803, 0.170000, 0.170000, 0.170000
-0.003101, -0.003803, 0.170000, 0.170000, 0.170000
-0.002984, -0.003803, 0.170000, 0.170000, 0.170000
-0.002867, -0.003803, 0.170000, 0.170000, 0.170000
-0.002750, -0.003803, 0.170000, 0.170000, 0.170000
-0.002633, -0.003803, 0.170000, 0.170000, 0.170000
-0.002516, -0.003803, 0.170000, 0.170000, 0.170000
-0.002399, -0.003803, 0.170000, 0.170000, 0.170000
-0.002282, -0.003803, 0.170000, 0.170000, 0.170000
-0.002165, -0.003803, 0.170000, 0.170000, 0.170000
-0.002048, -0.003803, 0.170000, 0.170000, 0.170000
-0.001931, -0.003803, 0.170612, 0.170599, 0.170627
-0.001814, -0.003803, 0.170617, 0.170604, 0.170633
-0.001697, -0.003803, 0.170617, 0.170604, 0.170633
-0.001580, -0.003803, 0.170617, 0.170604, 0.170633
-0.001463, -0.003803, 0.188471, 0.188711, 0.188416
-0.001345, -0.003803, 0.319119, 0.319278, 0.319278
-0.001228, -0.003803, 0.305702, 0.306185, 0.306262
-0.001112, -0.003803, 0.296229, 0.296254, 0.298321
-0.000995, -0.003803, 0.284903, 0.285417, 0.285598
-0.000878, -0.003803, 0.297218, 0.297571, 0.298265
-0.000761, -0.003803, 0.326802, 0.326849, 0.327023
-0.000644, -0.003803, 0.308052, 0.308344, 0.308217
-0.000527, -0.003803, 0.181918, 0.182096, 0.181811
-0.000410, -0.003803, 0.235903, 0.235820, 0.237440
-0.000293, -0.003803, 0.194843, 0.194987, 0.194987
-0.000176, -0.003803, 0.211097, 0.211576, 0.211576
-0.000058, -0.003803, 0.170000, 0.170000, 0.170000
0.000058, -0.003803, 0.170000, 0.170000, 0.170000
0.000175, -0.003803, 0.211775, 0.212218, 0.212331
0.000292, -0.003803, 0.206862, 0.206549, 0.209721
0.000409, -0.003803, 0.206862, 0.206549, 0.209721
0.000526, -0.003803, 0.225905, 0.225641, 0.229167
0.000643, -0.003803, 0.243723, 0.243097, 0.249141
0.000760, -0.003803, 0.243723, 0.243097, 0.249141
0.000877, -0.003803, 0.243723, 0.243097, 0.249141
0.000994, -0.003803, 0.243723, 0.243097, 0.249141
0.001112, -0.003803, 0.243723, 0.243097, 0.249141
0.001228, -0.003803, 0.244660, 0.244057, 0.250047
0.001345, -0.003803, 0.218593, 0.218341, 0.221670
0.001462, -0.003803, 0.206862, 0.206549, 0.209721
0.001579, -0.003803, 0.208206, 0.207941, 0.210985
0.001696, -0.003803, 0.203363, 0.203738, 0.203738
0.001813, -0.003803, 0.254630, 0.255255, 0.254950
0.001930, -0.003803, 0.284209, 0.285046, 0.284910
0.002048, -0.003803, 0.171614, 0.171720, 0.171515
0.002164, -0.003803, 0.320867, 0.320989, 0.321364
0.002282, -0.003803, 0.253396, 0.254435, 0.253251
0.002398, -0.003803, 0.170000, 0.170000, 0.170000
0.002515, -0.003803, 0.170000, 0.170000, 0.170000
0.002632, -0.003803, 0.170000, 0.170000, 0.170000
0.002749, -0.003803, 0.170000, 0.170000, 0.170000
0.002866, -0.003803, 0.170000, 0.170000, 0.170000
0.002983, -0.003803, 0.170000, 0.170000, 0.170000
0.003101, -0.003803, 0.170000, 0.170000, 0.170000
0.003217, -0.003803, 0.170000, 0.170000, 0.170000
0.003335, -0.003803, 0.170000, 0.170000, 0.170000
0.003451, -0.003803, 0.170000, 0.170000, 0.170000
0.003569, -0.003803, 0.170000, 0.170000, 0.170000
0.003685, -0.003803, 0.170000, 0.170000, 0.170000
0.003802, -0.003803, 0.216453, 0.216348, 0.218396
0.003919, -0.003803, 0.283844, 0.283913, 0.285857
0.004037, -0.003803, 0.219987, 0.219677, 0.222037
0.004153, -0.003803, 0.172635, 0.172710, 0.172538
0.004270, -0.003803, 0.170000, 0.170000, 0.170000
0.004388, -0.003803, 0.170000, 0.170000, 0.170000
0.004504, -0.003803, 0.170000, 0.170000, 0.170000
0.004622, -0.003803, 0.170000, 0.170000, 0.170000
0.004738, -0.003803, 0.170000, 0.170000, 0.170000
0.004856, -0.003803, 0.170000, 0.170000, 0.170000
0.004972, -0.003803, 0.170000, 0.170000, 0.170000
0.005090, -0.003803, 0.170000, 0.170000, 0.170000
0.005206, -0.003803, 0.170000, 0.170000, 0.170000
0.005324, -0.003803, 0.170000, 0.170000, 0.170000
0.005440, -0.003803, 0.170000, 0.170000, 0.170000
0.005557, -0.003803, 0.170000, 0.170000, 0.170000
0.005675, -0.003803, 0.170000, 0.170000, 0.170000
0.005791, -0.003803, 0.170000, 0.170000, 0.170000
-0.005791, -0.003686, 0.195226, 0.196541, 0.194801
-0.005674, -0.003686, 0.340000, 0.340000, 0.340000
-0.005557, -0.003686, 0.340000, 0.340000, 0.340000
-0.005441, -0.003686, 0.340000, 0.340000, 0.340000
-0.005324, -0.003686, 0.339787, 0.339780, 0.339788
-0.005207, -0.003686, 0.332849, 0.332756, 0.333540
-0.005089, -0.003686, 0.339787, 0.339780, 0.339788
-0.004972, -0.003686, 0.337915, 0.337952, 0.337845
-0.004855, -0.003686, 0.321661, 0.321673, 0.322654
-0.004738, -0.003686, 0.322294, 0.322500, 0.322924
-0.004621, -0.003686, 0.338894, 0.338934, 0.338799
-0.004504, -0.003686, 0.324813, 0.324950, 0.324750
-0.004387, -0.003686, 0.331801, 0.331600, 0.332290
-0.004270, -0.003686, 0.323967, 0.324465, 0.323969
-0.004154, -0.003686, 0.340000, 0.340000, 0.340000
-0.004036, -0.003686, 0.329213, 0.329574, 0.328955
-0.003920, -0.003686, 0.210359, 0.210625, 0.210600
-0.003803, -0.003686, 0.338119, 0.338182, 0.338036
-0.003686, -0.003686, 0.340000, 0.340000, 0.340000
-0.003569, -0.003686, 0.195405, 0.196650, 0.194972
-0.003452, -0.003686, 0.228671, 0.228538, 0.230286
-0.003335, -0.003686, 0.229712, 0.229547, 0.231348
-0.003218, -0.003686, 0.229712, 0.229547, 0.231348
-0.003101, -0.003686, 0.229712, 0.229547, 0.231348
-0.002984, -0.003686, 0.229712, 0.229547, 0.231348
-0.002867, -0.003686, 0.229712, 0.229547, 0.231348
-0.002750, -0.003686, 0.229712, 0.229547, 0.231348
-0.002633, -0.003686, 0.229712, 0.229547, 0.231348
-0.002516, -0.003686, 0.229712, 0.229547, 0.231348
-0.002399, -0.003686, 0.229712, 0.229547, 0.231348
-0.002282, -0.003686, 0.183781, 0.183845, 0.183879
-0.002165, -0.003686, 0.170000, 0.170000, 0.170000
-0.002048, -0.003686, 0.234481, 0.235342, 0.234368
-0.001931, -0.003686, 0.339995, 0.339995, 0.339995
-0.001814, -0.003686, 0.340000, 0.340000, 0.340000
-0.001697, -0.003686, 0.340000, 0.340000, 0.340000
-0.001580, -0.003686, 0.340000, 0.340000, 0.340000
-0.001463, -0.003686, 0.285720, 0.286089, 0.286163
-0.001345, -0.003686, 0.236390, 0.236293, 0.238556
-0.001228, -0.003686, 0.277308, 0.277014, 0.281029
-0.001112, -0.003686, 0.271915, 0.272065, 0.273937
-0.000995, -0.003686, 0.336013, 0.336016, 0.336016
-0.000878, -0.003686, 0.340000, 0.340000, 0.340000
-0.000761, -0.003686, 0.340000, 0.340000, 0.340000
-0.000644, -0.003686, 0.251605, 0.252835, 0.251106
-0.000527, -0.003686, 0.260781, 0.261792, 0.260720
-0.000410, -0.003686, 0.340000, 0.340000, 0.340000
-0.000293, -0.003686, 0.308218, 0.308478, 0.308478
-0.000176, -0.003686, 0.193207, 0.193272, 0.193416
-0.000058, -0.003686, 0.206825, 0.206530, 0.208818
0.000058, -0.003686, 0.227825, 0.227417, 0.231521
0.000175, -0.003686, 0.234569, 0.234118, 0.238510
0.000292, -0.003686, 0.234569, 0.234118, 0.238510
0.000409, -0.003686, 0.235119, 0.234677, 0.239036
0.000526, -0.003686, 0.245981, 0.245566, 0.249918
0.000643, -0.003686, 0.234569, 0.234118, 0.238510
0.000760, -0.003686, 0.234569, 0.234118, 0.238510
0.000877, -0.003686, 0.234569, 0.234118, 0.238510
0.000994, -0.003686, 0.234569, 0.234118, 0.238510
0.001112, -0.003686, 0.234569, 0.234118, 0.238510
0.001228, -0.003686, 0.234569, 0.234118, 0.238510
0.001345, -0.003686, 0.234569, 0.234118, 0.238510
0.001462, -0.003686, 0.234569, 0.234118, 0.238510
0.001579, -0.003686, 0.234569, 0.234118, 0.238510
0.001696, -0.003686, 0.234600, 0.234149, 0.238540
0.001813, -0.003686, 0.255918, 0.255731, 0.259084
0.001930, -0.003686, 0.259108, 0.259120, 0.261948
0.002048, -0.003686, 0.197744, 0.197588, 0.199389
0.002164, -0.003686, 0.263484, 0.263427, 0.266603
0.002282, -0.003686, 0.272368, 0.272902, 0.272828
0.002398, -0.003686, 0.329378, 0.329232, 0.330559
0.002515, -0.003686, 0.329378, 0.329232, 0.330559
0.002632, -0.003686, 0.329378, 0.329232, 0.330559
0.002749, -0.003686, 0.329378, 0.329232, 0.330559
0.002866, -0.003686, 0.329378, 0.329232, 0.330559
0.002983, -0.003686, 0.329378, 0.329232, 0.330559
0.003101, -0.003686, 0.329378, 0.329232, 0.330559
0.003217, -0.003686, 0.328049, 0.327926, 0.329158
0.003335, -0.003686, 0.226539, 0.226967, 0.226967
0.003451, -0.003686, 0.170000, 0.170000, 0.170000
0.003569, -0.003686, 0.170000, 0.170000, 0.170000
0.003685, -0.003686, 0.170000, 0.170000, 0.170000
0.003802, -0.003686, 0.201616, 0.201655, 0.203876
0.003919, -0.003686, 0.216291, 0.215956, 0.219635
0.004037, -0.003686, 0.243847, 0.243599, 0.246577
0.004153, -0.003686, 0.172669, 0.172802, 0.172536
0.004270, -0.003686, 0.209555, 0.210126, 0.209424
0.004388, -0.003686, 0.315284, 0.315152, 0.316730
0.004504, -0.003686, 0.238459, 0.239031, 0.238657
0.004622, -0.003686, 0.171465, 0.171503, 0.171420
0.004738, -0.003686, 0.291101, 0.291329, 0.292132
0.004856, -0.003686, 0.296161, 0.296310, 0.297323
0.004972, -0.003686, 0.174392, 0.174553, 0.174290
0.005090, -0.003686, 0.231338, 0.231926, 0.231419
0.005206, -0.003686, 0.315714, 0.315579, 0.317148
0.005324, -0.003686, 0.216283, 0.216887, 0.216189
0.005440, -0.003686, 0.170000, 0.170000, 0.170000
0.005557, -0.003686, 0.170000, 0.170000, 0.170000
0.005675, -0.003686, 0.170000, 0.170000, 0.170000
0.005791, -0.003686, 0.170000, 0.170000, 0.170000
-0.005791, -0.003569, 0.195226, 0.196541, 0.194801
-0.005674, -0.003569, 0.340000, 0.340000, 0.340000
-0.005557, -0.003569, 0.340000, 0.340000, 0.340000
-0.005441, -0.003569, 0.340000, 0.340000, 0.340000
-0.005324, -0.003569, 0.330290, 0.330701, 0.330198
-0.005207, -0.003569, 0.340000, 0.340000, 0.340000
-0.005089, -0.003569, 0.330272, 0.330672, 0.330142
-0.004972, -0.003569, 0.324020, 0.324868, 0.323593
-0.004855, -0.003569, 0.339598, 0.339587, 0.339590
-0.004738, -0.003569, 0.340000, 0.340000, 0.340000
-0.004621, -0.003569, 0.291838, 0.292906, 0.292056
-0.004504, -0.003569, 0.316205, 0.317198, 0.315515
-0.004387, -0.003569, 0.340000, 0.340000, 0.340000
-0.004270, -0.003569, 0.322790, 0.323819, 0.322457
-0.004154, -0.003569, 0.340000, 0.340000, 0.340000
-0.004036, -0.003569, 0.340000, 0.340000, 0.340000
-0.003920, -0.003569, 0.338982, 0.338963, 0.339042
-0.003803, -0.003569, 0.340000, 0.340000, 0.340000
-0.003686, -0.003569, 0.340000, 0.340000, 0.340000
-0.003569, -0.003569, 0.244682, 0.247356, 0.243651
-0.003452, -0.003569, 0.340000, 0.340000, 0.340000
-0.003335, -0.003569, 0.340000, 0.340000, 0.340000
-0.003218, -0.003569, 0.340000, 0.340000, 0.340000
-0.003101, -0.003569, 0.340000, 0.340000, 0.340000
-0.002984, -0.003569, 0.340000, 0.340000, 0.340000
-0.002867, -0.003569, 0.340000, 0.340000, 0.340000
-0.002750, -0.003569, 0.340000, 0.340000, 0.340000
-0.002633, -0.003569, 0.340000, 0.340000, 0.340000
-0.002516, -0.003569, 0.340000, 0.340000, 0.340000
-0.002399, -0.003569, 0.340000, 0.340000, 0.340000
-0.002282, -0.003569, 0.310214, 0.310456, 0.310456
-0.002165, -0.003569, 0.184036, 0.184125, 0.184125
-0.002048, -0.003569, 0.209148, 0.209575, 0.209215
-0.001931, -0.003569, 0.331843, 0.331841, 0.331938
-0.001814, -0.003569, 0.338933, 0.338885, 0.339012
-0.001697, -0.003569, 0.339426, 0.339400, 0.339467
-0.001580, -0.003569, 0.340000, 0.340000, 0.340000
-0.001463, -0.003569, 0.340000, 0.340000, 0.340000
-0.001345, -0.003569, 0.340000, 0.340000, 0.340000
-0.001228, -0.003569, 0.340000, 0.340000, 0.340000
-0.001112, -0.003569, 0.331337, 0.331378, 0.331378
-0.000995, -0.003569, 0.262387, 0.263083, 0.263083
-0.000878, -0.003569, 0.336013, 0.336016, 0.336016
-0.000761, -0.003569, 0.340000, 0.340000, 0.340000
-0.000644, -0.003569, 0.241413, 0.242445, 0.241257
-0.000527, -0.003569, 0.266665, 0.267796, 0.266376
-0.000410, -0.003569, 0.340000, 0.340000, 0.340000
-0.000293, -0.003569, 0.340000, 0.340000, 0.340000
-0.000176, -0.003569, 0.226653, 0.227916, 0.226212
-0.000058, -0.003569, 0.230374, 0.230818, 0.230818
0.000058, -0.003569, 0.337788, 0.337781, 0.337781
0.000175, -0.003569, 0.340000, 0.340000, 0.340000
0.000292, -0.003569, 0.340000, 0.340000, 0.340000
0.000409, -0.003569, 0.340000, 0.340000, 0.340000
0.000526, -0.003569, 0.340000, 0.340000, 0.340000
0.000643, -0.003569, 0.340000, 0.340000, 0.340000
0.000760, -0.003569, 0.340000, 0.340000, 0.340000
0.000877, -0.003569, 0.340000, 0.340000, 0.340000
0.000994, -0.003569, 0.340000, 0.340000, 0.340000
0.001112, -0.003569, 0.340000, 0.340000, 0.340000
0.001228, -0.003569, 0.340000, 0.340000, 0.340000
0.001345, -0.003569, 0.340000, 0.340000, 0.340000
0.001462, -0.003569, 0.340000, 0.340000, 0.340000
0.001579, -0.003569, 0.340000, 0.340000, 0.340000
0.001696, -0.003569, 0.340000, 0.340000, 0.340000
0.001813, -0.003569, 0.340000, 0.340000, 0.340000
0.001930, -0.003569, 0.340000, 0.340000, 0.340000
0.002048, -0.003569, 0.340000, 0.340000, 0.340000
0.002164, -0.003569, 0.340000, 0.340000, 0.340000
0.002282, -0.003569, 0.340000, 0.340000, 0.340000
0.002398, -0.003569, 0.340000, 0.340000, 0.340000
0.002515, -0.003569, 0.340000, 0.340000, 0.340000
0.002632, -0.003569, 0.340000, 0.340000, 0.340000
0.002749, -0.003569, 0.340000, 0.340000, 0.340000
0.002866, -0.003569, 0.340000, 0.340000, 0.340000
0.002983, -0.003569, 0.340000, 0.340000, 0.340000
0.003101, -0.003569, 0.340000, 0.340000, 0.340000
0.003217, -0.003569, 0.340000, 0.340000, 0.340000
0.003335, -0.003569, 0.336990, 0.336987, 0.336987
0.003451, -0.003569, 0.226539, 0.226967, 0.226967
0.003569, -0.003569, 0.170000, 0.170000, 0.170000
0.003685, -0.003569, 0.170000, 0.170000, 0.170000
0.003802, -0.003569, 0.219190, 0.219210, 0.220293
0.003919, -0.003569, 0.262047, 0.261690, 0.265369
0.004037, -0.003569, 0.219239, 0.218920, 0.221300
0.004153, -0.003569, 0.172639, 0.172718, 0.172538
0.004270, -0.003569, 0.246757, 0.247833, 0.246488
0.004388, -0.003569, 0.340000, 0.340000, 0.340000
0.004504, -0.003569, 0.317024, 0.317644, 0.316664
0.004622, -0.003569, 0.188760, 0.189379, 0.188512
0.004738, -0.003569, 0.335898, 0.335919, 0.335892
0.004856, -0.003569, 0.338497, 0.338506, 0.338466
0.004972, -0.003569, 0.186426, 0.187334, 0.186024
0.005090, -0.003569, 0.274387, 0.275498, 0.274104
0.005206, -0.003569, 0.340000, 0.340000, 0.340000
0.005324, -0.003569, 0.255477, 0.256551, 0.255217
0.005440, -0.003569, 0.170000, 0.170000, 0.170000
0.005557, -0.003569, 0.170000, 0.170000, 0.170000
0.005675, -0.003569, 0.170000, 0.170000, 0.170000
0.005791, -0.003569, 0.170000, 0.170000, 0.170000
-0.005791, -0.003452, 0.184029, 0.184662, 0.183728
-0.005674, -0.003452, 0.328268, 0.328338, 0.328338
-0.005557, -0.003452, 0.340000, 0.340000, 0.340000
-0.005441, -0.003452, 0.340000, 0.340000, 0.340000
-0.005324, -0.003452, 0.340000, 0.340000, 0.340000
-0.005207, -0.003452, 0.330009, 0.330118, 0.330754
-0.005089, -0.003452, 0.340000, 0.340000, 0.340000
-0.004972, -0.003452, 0.340000, 0.340000, 0.340000
-0.004855, -0.003452, 0.305792, 0.306457, 0.306217
-0.004738, -0.003452, 0.299109, 0.299126, 0.300521
-0.004621, -0.003452, 0.246964, 0.248442, 0.246415
-0.004504, -0.003452, 0.331531, 0.331747, 0.331446
-0.004387, -0.003452, 0.306402, 0.306514, 0.308046
-0.004270, -0.003452, 0.339000, 0.338969, 0.339015
-0.004154, -0.003452, 0.340000, 0.340000, 0.340000
-0.004036, -0.003452, 0.340000, 0.340000, 0.340000
-0.003920, -0.003452, 0.340000, 0.340000, 0.340000
-0.003803, -0.003452, 0.340000, 0.340000, 0.340000
-0.003686, -0.003452, 0.340000, 0.340000, 0.340000
-0.003569, -0.003452, 0.245215, 0.247900, 0.244167
-0.003452, -0.003452, 0.340000, 0.340000, 0.340000
-0.003335, -0.003452, 0.340000, 0.340000, 0.340000
-0.003218, -0.003452, 0.340000, 0.340000, 0.340000
-0.003101, -0.003452, 0.340000, 0.340000, 0.340000
-0.002984, -0.003452, 0.340000, 0.340000, 0.340000
-0.002867, -0.003452, 0.340000, 0.340000, 0.340000
-0.002750, -0.003452, 0.340000, 0.340000, 0.340000
-0.002633, -0.003452, 0.340000, 0.340000, 0.340000
-0.002516, -0.003452, 0.340000, 0.340000, 0.340000
-0.002399, -0.003452, 0.340000, 0.340000, 0.340000
-0.002282, -0.003452, 0.340000, 0.340000, 0.340000
-0.002165, -0.003452, 0.310228, 0.310468, 0.310471
-0.002048, -0.003452, 0.241068, 0.240920, 0.242656
-0.001931, -0.003452, 0.241068, 0.240920, 0.242656
-0.001814, -0.003452, 0.241068, 0.240920, 0.242656
-0.001697, -0.003452, 0.230026, 0.230178, 0.231191
-0.001580, -0.003452, 0.300217, 0.300308, 0.301516
-0.001463, -0.003452, 0.311793, 0.311643, 0.313585
-0.001345, -0.003452, 0.311793, 0.311643, 0.313585
-0.001228, -0.003452, 0.321547, 0.321454, 0.322801
-0.001112, -0.003452, 0.340000, 0.340000, 0.340000
-0.000995, -0.003452, 0.331337, 0.331378, 0.331378
-0.000878, -0.003452, 0.269578, 0.269772, 0.271791
-0.000761, -0.003452, 0.276768, 0.276637, 0.280106
-0.000644, -0.003452, 0.213377, 0.213222, 0.215069
-0.000527, -0.003452, 0.221644, 0.221548, 0.223505
-0.000410, -0.003452, 0.278821, 0.278536, 0.282490
-0.000293, -0.003452, 0.275655, 0.275459, 0.279186
-0.000176, -0.003452, 0.245463, 0.245809, 0.246123
-0.000058, -0.003452, 0.337788, 0.337781, 0.337781
0.000058, -0.003452, 0.340000, 0.340000, 0.340000
0.000175, -0.003452, 0.340000, 0.340000, 0.340000
0.000292, -0.003452, 0.340000, 0.340000, 0.340000
0.000409, -0.003452, 0.340000, 0.340000, 0.340000
0.000526, -0.003452, 0.321709, 0.321812, 0.322466
0.000643, -0.003452, 0.340000, 0.340000, 0.340000
0.000760, -0.003452, 0.340000, 0.340000, 0.340000
0.000877, -0.003452, 0.340000, 0.340000, 0.340000
0.000994, -0.003452, 0.321059, 0.321131, 0.321275
0.001112, -0.003452, 0.333452, 0.333476, 0.333476
0.001228, -0.003452, 0.340000, 0.340000, 0.340000
0.001345, -0.003452, 0.340000, 0.340000, 0.340000
0.001462, -0.003452, 0.331849, 0.331886, 0.331886
0.001579, -0.003452, 0.304865, 0.305044, 0.305377
0.001696, -0.003452, 0.340000, 0.340000, 0.340000
0.001813, -0.003452, 0.340000, 0.340000, 0.340000
0.001930, -0.003452, 0.339995, 0.339995, 0.339995
0.002048, -0.003452, 0.306327, 0.306604, 0.307354
0.002164, -0.003452, 0.340000, 0.340000, 0.340000
0.002282, -0.003452, 0.340000, 0.340000, 0.340000
0.002398, -0.003452, 0.340000, 0.340000, 0.340000
0.002515, -0.003452, 0.330787, 0.330834, 0.330834
0.002632, -0.003452, 0.300858, 0.301066, 0.301416
0.002749, -0.003452, 0.340000, 0.340000, 0.340000
0.002866, -0.003452, 0.340000, 0.340000, 0.340000
0.002983, -0.003452, 0.298841, 0.299181, 0.299683
0.003101, -0.003452, 0.338387, 0.338378, 0.338378
0.003217, -0.003452, 0.340000, 0.340000, 0.340000
0.003335, -0.003452, 0.340000, 0.340000, 0.340000
0.003451, -0.003452, 0.336990, 0.336987, 0.336987
0.003569, -0.003452, 0.226539, 0.226967, 0.226967
0.003685, -0.003452, 0.170000, 0.170000, 0.170000
0.003802, -0.003452, 0.194120, 0.194516, 0.194869
0.003919, -0.003452, 0.194848, 0.195000, 0.195114
0.004037, -0.003452, 0.218559, 0.218527, 0.220750
0.004153, -0.003452, 0.170882, 0.170882, 0.170861
0.004270, -0.003452, 0.173489, 0.173488, 0.173488
0.004388, -0.003452, 0.231447, 0.231441, 0.232818
0.004504, -0.003452, 0.327039, 0.327125, 0.327114
0.004622, -0.003452, 0.302872, 0.303107, 0.303255
0.004738, -0.003452, 0.212370, 0.212452, 0.213518
0.004856, -0.003452, 0.208620, 0.208541, 0.210092
0.004972, -0.003452, 0.170000, 0.170000, 0.170000
0.005090, -0.003452, 0.180236, 0.180236, 0.180353
0.005206, -0.003452, 0.224202, 0.224098, 0.225758
0.005324, -0.003452, 0.175459, 0.175470, 0.175473
0.005440, -0.003452, 0.170000, 0.170000, 0.170000
0.005557, -0.003452, 0.170000, 0.170000, 0.170000
0.005675, -0.003452, 0.170000, 0.170000, 0.170000
0.005791, -0.003452, 0.170000, 0.170000, 0.170000
-0.005791, -0.003335, 0.170000, 0.170000, 0.170000
-0.005674, -0.003335, 0.215282, 0.215262, 0.216577
-0.005557, -0.003335, 0.297494, 0.297341, 0.299509
-0.005441, -0.003335, 0.313385, 0.314324, 0.312847
-0.005324, -0.003335, 0.328957, 0.329244, 0.328708
-0.005207, -0.003335, 0.330729, 0.330574, 0.331356
-0.005089, -0.003335, 0.324453, 0.324726, 0.324844
-0.004972, -0.003335, 0.340000, 0.340000, 0.340000
-0.004855, -0.003335, 0.311498, 0.312796, 0.310779
-0.004738, -0.003335, 0.312375, 0.312340, 0.313651
-0.004621, -0.003335, 0.214040, 0.214689, 0.213869
-0.004504, -0.003335, 0.216716, 0.216557, 0.218924
-0.004387, -0.003335, 0.311842, 0.311753, 0.313496
-0.004270, -0.003335, 0.327891, 0.327847, 0.328485
-0.004154, -0.003335, 0.340000, 0.340000, 0.340000
-0.004036, -0.003335, 0.336764, 0.336773, 0.336739
-0.003920, -0.003335, 0.257107, 0.257801, 0.257521
-0.003803, -0.003335, 0.334413, 0.334441, 0.334397
-0.003686, -0.003335, 0.340000, 0.340000, 0.340000
-0.003569, -0.003335, 0.245215, 0.247900, 0.244167
-0.003452, -0.003335, 0.340000, 0.340000, 0.340000
-0.003335, -0.003335, 0.298385, 0.298810, 0.298794
-0.003218, -0.003335, 0.264617, 0.264445, 0.266398
-0.003101, -0.003335, 0.264008, 0.263738, 0.265819
-0.002984, -0.003335, 0.264008, 0.263738, 0.265819
-0.002867, -0.003335, 0.264008, 0.263738, 0.265819
-0.002750, -0.003335, 0.258115, 0.258096, 0.259613
-0.002633, -0.003335, 0.290570, 0.290976, 0.290976
-0.002516, -0.003335, 0.340000, 0.340000, 0.340000
-0.002399, -0.003335, 0.340000, 0.340000, 0.340000
-0.002282, -0.003335, 0.340000, 0.340000, 0.340000
-0.002165, -0.003335, 0.340000, 0.340000, 0.340000
-0.002048, -0.003335, 0.340000, 0.340000, 0.340000
-0.001931, -0.003335, 0.340000, 0.340000, 0.340000
-0.001814, -0.003335, 0.340000, 0.340000, 0.340000
-0.001697, -0.003335, 0.336421, 0.336422, 0.336422
-0.001580, -0.003335, 0.296102, 0.295950, 0.297896
-0.001463, -0.003335, 0.295853, 0.295694, 0.297649
-0.001345, -0.003335, 0.295853, 0.295694, 0.297649
-0.001228, -0.003335, 0.263697, 0.264064, 0.264267
-0.001112, -0.003335, 0.294633, 0.294992, 0.294992
-0.000995, -0.003335, 0.340000, 0.340000, 0.340000
-0.000878, -0.003335, 0.340000, 0.340000, 0.340000
-0.000761, -0.003335, 0.340000, 0.340000, 0.340000
-0.000644, -0.003335, 0.340000, 0.340000, 0.340000
-0.000527, -0.003335, 0.340000, 0.340000, 0.340000
-0.000410, -0.003335, 0.340000, 0.340000, 0.340000
-0.000293, -0.003335, 0.340000, 0.340000, 0.340000
-0.000176, -0.003335, 0.340000, 0.340000, 0.340000
-0.000058, -0.003335, 0.326417, 0.326505, 0.326505
0.000058, -0.003335, 0.310785, 0.310942, 0.311092
0.000175, -0.003335, 0.340000, 0.340000, 0.340000
0.000292, -0.003335, 0.340000, 0.340000, 0.340000
0.000409, -0.003335, 0.321677, 0.322118, 0.321454
0.000526, -0.003335, 0.220080, 0.220512, 0.220516
0.000643, -0.003335, 0.339841, 0.339840, 0.339826
0.000760, -0.003335, 0.340000, 0.340000, 0.340000
0.000877, -0.003335, 0.340000, 0.340000, 0.340000
0.000994, -0.003335, 0.257304, 0.257837, 0.257923
0.001112, -0.003335, 0.291645, 0.292175, 0.291759
0.001228, -0.003335, 0.340000, 0.340000, 0.340000
0.001345, -0.003335, 0.340000, 0.340000, 0.340000
0.001462, -0.003335, 0.308387, 0.308727, 0.308436
0.001579, -0.003335, 0.258262, 0.258786, 0.258785
0.001696, -0.003335, 0.340000, 0.340000, 0.340000
0.001813, -0.003335, 0.340000, 0.340000, 0.340000
0.001930, -0.003335, 0.330461, 0.330654, 0.330355
0.002048, -0.003335, 0.229065, 0.229618, 0.229424
0.002164, -0.003335, 0.337488, 0.337560, 0.337392
0.002282, -0.003335, 0.340000, 0.340000, 0.340000
0.002398, -0.003335, 0.340000, 0.340000, 0.340000
0.002515, -0.003335, 0.310925, 0.311220, 0.310986
0.002632, -0.003335, 0.260789, 0.261292, 0.261299
0.002749, -0.003335, 0.340000, 0.340000, 0.340000
0.002866, -0.003335, 0.339623, 0.339626, 0.339595
0.002983, -0.003335, 0.241586, 0.242195, 0.241998
0.003101, -0.003335, 0.324852, 0.325045, 0.324830
0.003217, -0.003335, 0.340000, 0.340000, 0.340000
0.003335, -0.003335, 0.340000, 0.340000, 0.340000
0.003451, -0.003335, 0.340000, 0.340000, 0.340000
0.003569, -0.003335, 0.336990, 0.336987, 0.336987
0.003685, -0.003335, 0.186229, 0.187221, 0.185794
0.003802, -0.003335, 0.215613, 0.216336, 0.216368
0.003919, -0.003335, 0.214186, 0.215011, 0.214688
0.004037, -0.003335, 0.208538, 0.209443, 0.208642
0.004153, -0.003335, 0.175765, 0.176058, 0.175601
0.004270, -0.003335, 0.178860, 0.178901, 0.178901
0.004388, -0.003335, 0.244119, 0.244025, 0.245594
0.004504, -0.003335, 0.226387, 0.226844, 0.226871
0.004622, -0.003335, 0.311157, 0.311105, 0.312532
0.004738, -0.003335, 0.242720, 0.243358, 0.243776
0.004856, -0.003335, 0.225010, 0.225019, 0.226319
0.004972, -0.003335, 0.170000, 0.170000, 0.170000
0.005090, -0.003335, 0.188944, 0.189010, 0.189147
0.005206, -0.003335, 0.244547, 0.244452, 0.246028
0.005324, -0.003335, 0.181885, 0.181950, 0.181955
0.005440, -0.003335, 0.170359, 0.170351, 0.170351
0.005557, -0.003335, 0.233813, 0.233829, 0.235086
0.005675, -0.003335, 0.211407, 0.211426, 0.212404
0.005791, -0.003335, 0.170000, 0.170000, 0.170000
-0.005791, -0.003218, 0.170208, 0.170212, 0.170191
-0.005674, -0.003218, 0.330397, 0.330795, 0.330122
-0.005557, -0.003218, 0.340000, 0.340000, 0.340000
-0.005441, -0.003218, 0.300921, 0.303226, 0.299838
-0.005324, -0.003218, 0.324779, 0.325582, 0.324382
-0.005207, -0.003218, 0.340000, 0.340000, 0.340000
-0.005089, -0.003218, 0.329098, 0.329566, 0.328775
-0.004972, -0.003218, 0.340000, 0.340000, 0.340000
-0.004855, -0.003218, 0.325462, 0.325879, 0.325153
-0.004738, -0.003218, 0.306038, 0.305889, 0.308518
-0.004621, -0.003218, 0.290679, 0.290863, 0.292949
-0.004504, -0.003218, 0.327704, 0.327932, 0.327575
-0.004387, -0.003218, 0.340000, 0.340000, 0.340000
-0.004270, -0.003218, 0.325779, 0.326660, 0.325232
-0.004154, -0.003218, 0.340000, 0.340000, 0.340000
-0.004036, -0.003218, 0.339280, 0.339269, 0.339269
-0.003920, -0.003218, 0.277776, 0.278398, 0.278308
-0.003803, -0.003218, 0.338110, 0.338102, 0.338102
-0.003686, -0.003218, 0.340000, 0.340000, 0.340000
-0.003569, -0.003218, 0.245215, 0.247900, 0.244167
-0.003452, -0.003218, 0.340000, 0.340000, 0.340000
-0.003335, -0.003218, 0.296010, 0.298479, 0.294961
-0.003218, -0.003218, 0.340000, 0.340000, 0.340000
-0.003101, -0.003218, 0.340000, 0.340000, 0.340000
-0.002984, -0.003218, 0.340000, 0.340000, 0.340000
-0.002867, -0.003218, 0.340000, 0.340000, 0.340000
-0.002750, -0.003218, 0.340000, 0.340000, 0.340000
-0.002633, -0.003218, 0.257369, 0.259608, 0.256587
-0.002516, -0.003218, 0.339482, 0.339472, 0.339472
-0.002399, -0.003218, 0.340000, 0.340000, 0.340000
-0.002282, -0.003218, 0.340000, 0.340000, 0.340000
-0.002165, -0.003218, 0.340000, 0.340000, 0.340000
-0.002048, -0.003218, 0.340000, 0.340000, 0.340000
-0.001931, -0.003218, 0.340000, 0.340000, 0.340000
-0.001814, -0.003218, 0.340000, 0.340000, 0.340000
-0.001697, -0.003218, 0.340000, 0.340000, 0.340000
-0.001580, -0.003218, 0.340000, 0.340000, 0.340000
-0.001463, -0.003218, 0.340000, 0.340000, 0.340000
-0.001345, -0.003218, 0.340000, 0.340000, 0.340000
-0.001228, -0.003218, 0.340000, 0.340000, 0.340000
-0.001112, -0.003218, 0.272315, 0.272794, 0.272794
-0.000995, -0.003218, 0.294633, 0.294992, 0.294992
-0.000878, -0.003218, 0.340000, 0.340000, 0.340000
-0.000761, -0.003218, 0.340000, 0.340000, 0.340000
-0.000644, -0.003218, 0.340000, 0.340000, 0.340000
-0.000527, -0.003218, 0.340000, 0.340000, 0.340000
-0.000410, -0.003218, 0.340000, 0.340000, 0.340000
-0.000293, -0.003218, 0.340000, 0.340000, 0.340000
-0.000176, -0.003218, 0.340000, 0.340000, 0.340000
-0.000058, -0.003218, 0.297109, 0.297529, 0.297227
0.000058, -0.003218, 0.269186, 0.269652, 0.269592
0.000175, -0.003218, 0.340000, 0.340000, 0.340000
0.000292, -0.003218, 0.340000, 0.340000, 0.340000
0.000409, -0.003218, 0.340000, 0.340000, 0.340000
0.000526, -0.003218, 0.339799, 0.339790, 0.339806
0.000643, -0.003218, 0.340000, 0.340000, 0.340000
0.000760, -0.003218, 0.340000, 0.340000, 0.340000
0.000877, -0.003218, 0.340000, 0.340000, 0.340000
0.000994, -0.003218, 0.340000, 0.340000, 0.340000
0.001112, -0.003218, 0.340000, 0.340000, 0.340000
0.001228, -0.003218, 0.340000, 0.340000, 0.340000
0.001345, -0.003218, 0.340000, 0.340000, 0.340000
0.001462, -0.003218, 0.340000, 0.340000, 0.340000
0.001579, -0.003218, 0.340000, 0.340000, 0.340000
0.001696, -0.003218, 0.340000, 0.340000, 0.340000
0.001813, -0.003218, 0.340000, 0.340000, 0.340000
0.001930, -0.003218, 0.340000, 0.340000, 0.340000
0.002048, -0.003218, 0.340000, 0.340000, 0.340000
0.002164, -0.003218, 0.340000, 0.340000, 0.340000
0.002282, -0.003218, 0.340000, 0.340000, 0.340000
0.002398, -0.003218, 0.340000, 0.340000, 0.340000
0.002515, -0.003218, 0.340000, 0.340000, 0.340000
0.002632, -0.003218, 0.340000, 0.340000, 0.340000
0.002749, -0.003218, 0.340000, 0.340000, 0.340000
0.002866, -0.003218, 0.340000, 0.340000, 0.340000
0.002983, -0.003218, 0.340000, 0.340000, 0.340000
0.003101, -0.003218, 0.340000, 0.340000, 0.340000
0.003217, -0.003218, 0.335307, 0.335316, 0.335316
0.003335, -0.003218, 0.329733, 0.329758, 0.329814
0.003451, -0.003218, 0.340000, 0.340000, 0.340000
0.003569, -0.003218, 0.340000, 0.340000, 0.340000
0.003685, -0.003218, 0.191510, 0.192764, 0.191099
0.003802, -0.003218, 0.202758, 0.202843, 0.204813
0.003919, -0.003218, 0.216005, 0.215745, 0.218514
0.004037, -0.003218, 0.192420, 0.192288, 0.193745
0.004153, -0.003218, 0.170000, 0.170000, 0.170000
0.004270, -0.003218, 0.250946, 0.252088, 0.250556
0.004388, -0.003218, 0.340000, 0.340000, 0.340000
0.004504, -0.003218, 0.297174, 0.298252, 0.296604
0.004622, -0.003218, 0.180907, 0.181661, 0.180517
0.004738, -0.003218, 0.339056, 0.339057, 0.339036
0.004856, -0.003218, 0.339820, 0.339813, 0.339813
0.004972, -0.003218, 0.188629, 0.189759, 0.188119
0.005090, -0.003218, 0.278730, 0.279924, 0.278304
0.005206, -0.003218, 0.340000, 0.340000, 0.340000
0.005324, -0.003218, 0.259671, 0.260817, 0.259275
0.005440, -0.003218, 0.207391, 0.208676, 0.206907
0.005557, -0.003218, 0.340000, 0.340000, 0.340000
0.005675, -0.003218, 0.330397, 0.330795, 0.330122
0.005791, -0.003218, 0.170208, 0.170212, 0.170191
-0.005791, -0.003101, 0.170000, 0.170000, 0.170000
-0.005674, -0.003101, 0.256546, 0.256936, 0.257291
-0.005557, -0.003101, 0.284697, 0.284768, 0.285996
-0.005441, -0.003101, 0.287118, 0.288468, 0.286353
-0.005324, -0.003101, 0.334754, 0.334747, 0.334684
-0.005207, -0.003101, 0.324688, 0.324715, 0.325175
-0.005089, -0.003101, 0.307327, 0.308910, 0.306614
-0.004972, -0.003101, 0.340000, 0.340000, 0.340000
-0.004855, -0.003101, 0.328168, 0.328575, 0.327897
-0.004738, -0.003101, 0.304070, 0.304086, 0.305969
-0.004621, -0.003101, 0.310408, 0.311195, 0.310417
-0.004504, -0.003101, 0.317380, 0.317604, 0.317786
-0.004387, -0.003101, 0.319041, 0.318797, 0.320670
-0.004270, -0.003101, 0.322355, 0.322701, 0.322620
-0.004154, -0.003101, 0.340000, 0.340000, 0.340000
-0.004036, -0.003101, 0.340000, 0.340000, 0.340000
-0.003920, -0.003101, 0.340000, 0.340000, 0.340000
-0.003803, -0.003101, 0.340000, 0.340000, 0.340000
-0.003686, -0.003101, 0.340000, 0.340000, 0.340000
-0.003569, -0.003101, 0.253956, 0.256401, 0.253236
-0.003452, -0.003101, 0.340000, 0.340000, 0.340000
-0.003335, -0.003101, 0.293111, 0.293941, 0.293553
-0.003218, -0.003101, 0.332257, 0.332301, 0.332263
-0.003101, -0.003101, 0.340000, 0.340000, 0.340000
-0.002984, -0.003101, 0.279928, 0.280367, 0.280611
-0.002867, -0.003101, 0.331849, 0.331886, 0.331886
-0.002750, -0.003101, 0.340000, 0.340000, 0.340000
-0.002633, -0.003101, 0.319155, 0.319314, 0.319314
-0.002516, -0.003101, 0.254779, 0.254749, 0.257902
-0.002399, -0.003101, 0.260884, 0.260571, 0.264594
-0.002282, -0.003101, 0.260884, 0.260571, 0.264594
-0.002165, -0.003101, 0.260629, 0.260321, 0.264335
-0.002048, -0.003101, 0.297063, 0.297361, 0.297447
-0.001931, -0.003101, 0.340000, 0.340000, 0.340000
-0.001814, -0.003101, 0.340000, 0.340000, 0.340000
-0.001697, -0.003101, 0.340000, 0.340000, 0.340000
-0.001580, -0.003101, 0.340000, 0.340000, 0.340000
-0.001463, -0.003101, 0.340000, 0.340000, 0.340000
-0.001345, -0.003101, 0.340000, 0.340000, 0.340000
-0.001228, -0.003101, 0.340000, 0.340000, 0.340000
-0.001112, -0.003101, 0.340000, 0.340000, 0.340000
-0.000995, -0.003101, 0.272315, 0.272794, 0.272794
-0.000878, -0.003101, 0.288066, 0.288374, 0.288786
-0.000761, -0.003101, 0.319404, 0.319254, 0.321067
-0.000644, -0.003101, 0.319404, 0.319254, 0.321067
-0.000527, -0.003101, 0.319404, 0.319254, 0.321067
-0.000410, -0.003101, 0.319404, 0.319254, 0.321067
-0.000293, -0.003101, 0.319404, 0.319254, 0.321067
-0.000176, -0.003101, 0.319404, 0.319254, 0.321067
-0.000058, -0.003101, 0.319404, 0.319254, 0.321067
0.000058, -0.003101, 0.319404, 0.319254, 0.321067
0.000175, -0.003101, 0.319404, 0.319254, 0.321067
0.000292, -0.003101, 0.319404, 0.319254, 0.321067
0.000409, -0.003101, 0.319404, 0.319254, 0.321067
0.000526, -0.003101, 0.319404, 0.319254, 0.321067
0.000643, -0.003101, 0.319404, 0.319254, 0.321067
0.000760, -0.003101, 0.319404, 0.319254, 0.321067
0.000877, -0.003101, 0.319404, 0.319254, 0.321067
0.000994, -0.003101, 0.319404, 0.319254, 0.321067
0.001112, -0.003101, 0.319404, 0.319254, 0.321067
0.001228, -0.003101, 0.319404, 0.319254, 0.321067
0.001345, -0.003101, 0.319404, 0.319254, 0.321067
0.001462, -0.003101, 0.319404, 0.319254, 0.321067
0.001579, -0.003101, 0.319404, 0.319254, 0.321067
0.001696, -0.003101, 0.319404, 0.319254, 0.321067
0.001813, -0.003101, 0.319404, 0.319254, 0.321067
0.001930, -0.003101, 0.319404, 0.319254, 0.321067
0.002048, -0.003101, 0.319404, 0.319254, 0.321067
0.002164, -0.003101, 0.319404, 0.319254, 0.321067
0.002282, -0.003101, 0.319404, 0.319254, 0.321067
0.002398, -0.003101, 0.319404, 0.319254, 0.321067
0.002515, -0.003101, 0.319404, 0.319254, 0.321067
0.002632, -0.003101, 0.319404, 0.319254, 0.321067
0.002749, -0.003101, 0.338464, 0.338453, 0.338456
0.002866, -0.003101, 0.340000, 0.340000, 0.340000
0.002983, -0.003101, 0.340000, 0.340000, 0.340000
0.003101, -0.003101, 0.340000, 0.340000, 0.340000
0.003217, -0.003101, 0.280097, 0.280648, 0.280531
0.003335, -0.003101, 0.258960, 0.259506, 0.259753
0.003451, -0.003101, 0.340000, 0.340000, 0.340000
0.003569, -0.003101, 0.340000, 0.340000, 0.340000
0.003685, -0.003101, 0.191510, 0.192764, 0.191099
0.003802, -0.003101, 0.202602, 0.202523, 0.204272
0.003919, -0.003101, 0.216010, 0.215741, 0.218921
0.004037, -0.003101, 0.226133, 0.225904, 0.228023
0.004153, -0.003101, 0.172628, 0.172694, 0.172542
0.004270, -0.003101, 0.199833, 0.200189, 0.199832
0.004388, -0.003101, 0.298611, 0.298504, 0.300284
0.004504, -0.003101, 0.338743, 0.338729, 0.338740
0.004622, -0.003101, 0.278345, 0.278655, 0.279018
0.004738, -0.003101, 0.276536, 0.276755, 0.277544
0.004856, -0.003101, 0.275912, 0.276100, 0.276939
0.004972, -0.003101, 0.172267, 0.172329, 0.172207
0.005090, -0.003101, 0.218296, 0.218702, 0.218484
0.005206, -0.003101, 0.295397, 0.295287, 0.297026
0.005324, -0.003101, 0.217297, 0.217663, 0.217600
0.005440, -0.003101, 0.202818, 0.202888, 0.203782
0.005557, -0.003101, 0.284697, 0.284768, 0.285996
0.005675, -0.003101, 0.256546, 0.256936, 0.257291
0.005791, -0.003101, 0.170000, 0.170000, 0.170000
-0.005791, -0.002984, 0.170000, 0.170000, 0.170000
-0.005674, -0.002984, 0.170794, 0.170771, 0.170812
-0.005557, -0.002984, 0.173992, 0.173929, 0.174261
-0.005441, -0.002984, 0.281508, 0.282789, 0.280934
-0.005324, -0.002984, 0.340000, 0.340000, 0.340000
-0.005207, -0.002984, 0.307285, 0.307143, 0.309072
-0.005089, -0.002984, 0.318832, 0.318750, 0.320087
-0.004972, -0.002984, 0.315910, 0.316413, 0.315824
-0.004855, -0.002984, 0.282887, 0.282905, 0.285257
-0.004738, -0.002984, 0.286971, 0.287201, 0.288238
-0.004621, -0.002984, 0.281331, 0.282173, 0.281963
-0.004504, -0.002984, 0.304324, 0.304214, 0.306018
-0.004387, -0.002984, 0.323159, 0.322965, 0.324230
-0.004270, -0.002984, 0.340000, 0.340000, 0.340000
-0.004154, -0.002984, 0.340000, 0.340000, 0.340000
-0.004036, -0.002984, 0.340000, 0.340000, 0.340000
-0.003920, -0.002984, 0.326732, 0.326782, 0.327452
-0.003803, -0.002984, 0.340000, 0.340000, 0.340000
-0.003686, -0.002984, 0.340000, 0.340000, 0.340000
-0.003569, -0.002984, 0.319139, 0.319303, 0.319303
-0.003452, -0.002984, 0.298430, 0.298895, 0.298895
-0.003335, -0.002984, 0.330882, 0.330939, 0.330901
-0.003218, -0.002984, 0.301703, 0.302955, 0.301114
-0.003101, -0.002984, 0.339987, 0.339987, 0.339986
-0.002984, -0.002984, 0.264919, 0.265470, 0.265363
-0.002867, -0.002984, 0.326750, 0.326842, 0.326804
-0.002750, -0.002984, 0.340000, 0.340000, 0.340000
-0.002633, -0.002984, 0.340000, 0.340000, 0.340000
-0.002516, -0.002984, 0.340000, 0.340000, 0.340000
-0.002399, -0.002984, 0.340000, 0.340000, 0.340000
-0.002282, -0.002984, 0.340000, 0.340000, 0.340000
-0.002165, -0.002984, 0.340000, 0.340000, 0.340000
-0.002048, -0.002984, 0.286399, 0.286688, 0.287066
-0.001931, -0.002984, 0.272876, 0.272582, 0.276621
-0.001814, -0.002984, 0.272876, 0.272582, 0.276621
-0.001697, -0.002984, 0.272876, 0.272582, 0.276621
-0.001580, -0.002984, 0.272876, 0.272582, 0.276621
-0.001463, -0.002984, 0.272881, 0.272586, 0.276625
-0.001345, -0.002984, 0.298212, 0.298480, 0.298916
-0.001228, -0.002984, 0.340000, 0.340000, 0.340000
-0.001112, -0.002984, 0.340000, 0.340000, 0.340000
-0.000995, -0.002984, 0.340000, 0.340000, 0.340000
-0.000878, -0.002984, 0.284107, 0.284197, 0.285289
-0.000761, -0.002984, 0.259783, 0.259635, 0.261378
-0.000644, -0.002984, 0.259783, 0.259635, 0.261378
-0.000527, -0.002984, 0.259783, 0.259635, 0.261378
-0.000410, -0.002984, 0.259783, 0.259635, 0.261378
-0.000293, -0.002984, 0.259783, 0.259635, 0.261378
-0.000176, -0.002984, 0.259783, 0.259635, 0.261378
-0.000058, -0.002984, 0.259783, 0.259635, 0.261378
0.000058, -0.002984, 0.259783, 0.259635, 0.261378
0.000175, -0.002984, 0.259783, 0.259635, 0.261378
0.000292, -0.002984, 0.259783, 0.259635, 0.261378
0.000409, -0.002984, 0.259783, 0.259635, 0.261378
0.000526, -0.002984, 0.259783, 0.259635, 0.261378
0.000643, -0.002984, 0.259783, 0.259635, 0.261378
0.000760, -0.002984, 0.259783, 0.259635, 0.261378
0.000877, -0.002984, 0.259783, 0.259635, 0.261378
0.000994, -0.002984, 0.259783, 0.259635, 0.261378
0.001112, -0.002984, 0.259783, 0.259635, 0.261378
0.001228, -0.002984, 0.259783, 0.259635, 0.261378
0.001345, -0.002984, 0.259783, 0.259635, 0.261378
0.001462, -0.002984, 0.259783, 0.259635, 0.261378
0.001579, -0.002984, 0.259783, 0.259635, 0.261378
0.001696, -0.002984, 0.259783, 0.259635, 0.261378
0.001813, -0.002984, 0.259783, 0.259635, 0.261378
0.001930, -0.002984, 0.259783, 0.259635, 0.261378
0.002048, -0.002984, 0.259783, 0.259635, 0.261378
0.002164, -0.002984, 0.259783, 0.259635, 0.261378
0.002282, -0.002984, 0.259783, 0.259635, 0.261378
0.002398, -0.002984, 0.259783, 0.259635, 0.261378
0.002515, -0.002984, 0.259783, 0.259635, 0.261378
0.002632, -0.002984, 0.247015, 0.247142, 0.248173
0.002749, -0.002984, 0.235814, 0.236261, 0.236261
0.002866, -0.002984, 0.338447, 0.338437, 0.338437
0.002983, -0.002984, 0.340000, 0.340000, 0.340000
0.003101, -0.002984, 0.340000, 0.340000, 0.340000
0.003217, -0.002984, 0.339997, 0.339997, 0.339997
0.003335, -0.002984, 0.339265, 0.339249, 0.339270
0.003451, -0.002984, 0.340000, 0.340000, 0.340000
0.003569, -0.002984, 0.340000, 0.340000, 0.340000
0.003685, -0.002984, 0.191510, 0.192764, 0.191099
0.003802, -0.002984, 0.170000, 0.170000, 0.170000
0.003919, -0.002984, 0.170415, 0.170400, 0.170418
0.004037, -0.002984, 0.174372, 0.174302, 0.174723
0.004153, -0.002984, 0.170000, 0.170000, 0.170000
0.004270, -0.002984, 0.170000, 0.170000, 0.170000
0.004388, -0.002984, 0.170000, 0.170000, 0.170000
0.004504, -0.002984, 0.225341, 0.225626, 0.226015
0.004622, -0.002984, 0.334023, 0.334040, 0.334033
0.004738, -0.002984, 0.255836, 0.256928, 0.255570
0.004856, -0.002984, 0.177691, 0.177722, 0.177722
0.004972, -0.002984, 0.251899, 0.252058, 0.253943
0.005090, -0.002984, 0.243186, 0.242873, 0.246920
0.005206, -0.002984, 0.247973, 0.247573, 0.251982
0.005324, -0.002984, 0.296726, 0.296702, 0.298080
0.005440, -0.002984, 0.309185, 0.310310, 0.308858
0.005557, -0.002984, 0.173992, 0.173929, 0.174261
0.005675, -0.002984, 0.170794, 0.170771, 0.170812
0.005791, -0.002984, 0.170000, 0.170000, 0.170000
-0.005791, -0.002867, 0.170000, 0.170000, 0.170000
-0.005674, -0.002867, 0.301806, 0.302502, 0.302040
-0.005557, -0.002867, 0.328425, 0.328457, 0.328653
-0.005441, -0.002867, 0.295436, 0.297019, 0.294583
-0.005324, -0.002867, 0.330916, 0.331097, 0.331022
-0.005207, -0.002867, 0.339976, 0.339975, 0.339976
-0.005089, -0.002867, 0.330908, 0.331094, 0.330939
-0.004972, -0.002867, 0.303592, 0.305472, 0.302734
-0.004855, -0.002867, 0.340000, 0.340000, 0.340000
-0.004738, -0.002867, 0.316426, 0.316596, 0.316776
-0.004621, -0.002867, 0.304985, 0.306560, 0.304406
-0.004504, -0.002867, 0.315593, 0.316596, 0.315320
-0.004387, -0.002867, 0.339686, 0.339673, 0.339704
-0.004270, -0.002867, 0.321978, 0.322908, 0.321980
-0.004154, -0.002867, 0.340000, 0.340000, 0.340000
-0.004036, -0.002867, 0.339343, 0.339357, 0.339303
-0.003920, -0.002867, 0.212871, 0.213188, 0.213209
-0.003803, -0.002867, 0.325162, 0.325610, 0.324869
-0.003686, -0.002867, 0.340000, 0.340000, 0.340000
-0.003569, -0.002867, 0.340000, 0.340000, 0.340000
-0.003452, -0.002867, 0.318683, 0.318838, 0.318858
-0.003335, -0.002867, 0.250194, 0.251314, 0.250302
-0.003218, -0.002867, 0.339850, 0.339844, 0.339844
-0.003101, -0.002867, 0.340000, 0.340000, 0.340000
-0.002984, -0.002867, 0.340000, 0.340000, 0.340000
-0.002867, -0.002867, 0.340000, 0.340000, 0.340000
-0.002750, -0.002867, 0.340000, 0.340000, 0.340000
-0.002633, -0.002867, 0.340000, 0.340000, 0.340000
-0.002516, -0.002867, 0.340000, 0.340000, 0.340000
-0.002399, -0.002867, 0.340000, 0.340000, 0.340000
-0.002282, -0.002867, 0.340000, 0.340000, 0.340000
-0.002165, -0.002867, 0.340000, 0.340000, 0.340000
-0.002048, -0.002867, 0.314568, 0.314714, 0.315076
-0.001931, -0.002867, 0.337707, 0.337700, 0.337700
-0.001814, -0.002867, 0.340000, 0.340000, 0.340000
-0.001697, -0.002867, 0.340000, 0.340000, 0.340000
-0.001580, -0.002867, 0.340000, 0.340000, 0.340000
-0.001463, -0.002867, 0.340000, 0.340000, 0.340000
-0.001345, -0.002867, 0.320851, 0.321044, 0.320862
-0.001228, -0.002867, 0.295473, 0.295963, 0.295963
-0.001112, -0.002867, 0.340000, 0.340000, 0.340000
-0.000995, -0.002867, 0.340000, 0.340000, 0.340000
-0.000878, -0.002867, 0.340000, 0.340000, 0.340000
-0.000761, -0.002867, 0.340000, 0.340000, 0.340000
-0.000644, -0.002867, 0.340000, 0.340000, 0.340000
-0.000527, -0.002867, 0.340000, 0.340000, 0.340000
-0.000410, -0.002867, 0.340000, 0.340000, 0.340000
-0.000293, -0.002867, 0.340000, 0.340000, 0.340000
-0.000176, -0.002867, 0.340000, 0.340000, 0.340000
-0.000058, -0.002867, 0.340000, 0.340000, 0.340000
0.000058, -0.002867, 0.340000, 0.340000, 0.340000
0.000175, -0.002867, 0.340000, 0.340000, 0.340000
0.000292, -0.002867, 0.340000, 0.340000, 0.340000
0.000409, -0.002867, 0.340000, 0.340000, 0.340000
0.000526, -0.002867, 0.340000, 0.340000, 0.340000
0.000643, -0.002867, 0.340000, 0.340000, 0.340000
0.000760, -0.002867, 0.340000, 0.340000, 0.340000
0.000877, -0.002867, 0.340000, 0.340000, 0.340000
0.000994, -0.002867, 0.340000, 0.340000, 0.340000
0.001112, -0.002867, 0.340000, 0.340000, 0.340000
0.001228, -0.002867, 0.340000, 0.340000, 0.340000
0.001345, -0.002867, 0.340000, 0.340000, 0.340000
0.001462, -0.002867, 0.340000, 0.340000, 0.340000
0.001579, -0.002867, 0.340000, 0.340000, 0.340000
0.001696, -0.002867, 0.340000, 0.340000, 0.340000
0.001813, -0.002867, 0.340000, 0.340000, 0.340000
0.001930, -0.002867, 0.340000, 0.340000, 0.340000
0.002048, -0.002867, 0.340000, 0.340000, 0.340000
0.002164, -0.002867, 0.340000, 0.340000, 0.340000
0.002282, -0.002867, 0.340000, 0.340000, 0.340000
0.002398, -0.002867, 0.340000, 0.340000, 0.340000
0.002515, -0.002867, 0.340000, 0.340000, 0.340000
0.002632, -0.002867, 0.340000, 0.340000, 0.340000
0.002749, -0.002867, 0.277187, 0.277633, 0.277633
0.002866, -0.002867, 0.235814, 0.236261, 0.236261
0.002983, -0.002867, 0.338447, 0.338437, 0.338437
0.003101, -0.002867, 0.340000, 0.340000, 0.340000
0.003217, -0.002867, 0.340000, 0.340000, 0.340000
0.003335, -0.002867, 0.340000, 0.340000, 0.340000
0.003451, -0.002867, 0.340000, 0.340000, 0.340000
0.003569, -0.002867, 0.340000, 0.340000, 0.340000
0.003685, -0.002867, 0.191510, 0.192764, 0.191099
0.003802, -0.002867, 0.170000, 0.170000, 0.170000
0.003919, -0.002867, 0.293160, 0.293971, 0.293443
0.004037, -0.002867, 0.331342, 0.331340, 0.331540
0.004153, -0.002867, 0.226836, 0.227169, 0.227494
0.004270, -0.002867, 0.194946, 0.194801, 0.196541
0.004388, -0.002867, 0.194946, 0.194801, 0.196541
0.004504, -0.002867, 0.194946, 0.194801, 0.196541
0.004622, -0.002867, 0.222574, 0.222358, 0.225487
0.004738, -0.002867, 0.208732, 0.208615, 0.210532
0.004856, -0.002867, 0.258726, 0.259394, 0.259394
0.004972, -0.002867, 0.178146, 0.178181, 0.178181
0.005090, -0.002867, 0.249923, 0.250696, 0.250076
0.005206, -0.002867, 0.338445, 0.338402, 0.338502
0.005324, -0.002867, 0.238645, 0.239432, 0.238565
0.005440, -0.002867, 0.205967, 0.206514, 0.206505
0.005557, -0.002867, 0.328425, 0.328457, 0.328653
0.005675, -0.002867, 0.301806, 0.302502, 0.302040
0.005791, -0.002867, 0.170000, 0.170000, 0.170000
-0.005791, -0.002750, 0.170206, 0.170209, 0.170191
-0.005674, -0.002750, 0.315679, 0.316306, 0.315583
-0.005557, -0.002750, 0.336042, 0.336045, 0.336045
-0.005441, -0.002750, 0.305193, 0.306717, 0.304557
-0.005324, -0.002750, 0.337202, 0.337248, 0.337185
-0.005207, -0.002750, 0.340000, 0.340000, 0.340000
-0.005089, -0.002750, 0.337219, 0.337265, 0.337190
-0.004972, -0.002750, 0.327098, 0.327928, 0.326463
-0.004855, -0.002750, 0.330995, 0.331039, 0.331038
-0.004738, -0.002750, 0.332963, 0.333002, 0.332979
-0.004621, -0.002750, 0.322439, 0.323346, 0.321782
-0.004504, -0.002750, 0.321291, 0.321805, 0.320954
-0.004387, -0.002750, 0.340000, 0.340000, 0.340000
-0.004270, -0.002750, 0.322814, 0.323513, 0.322656
-0.004154, -0.002750, 0.340000, 0.340000, 0.340000
-0.004036, -0.002750, 0.340000, 0.340000, 0.340000
-0.003920, -0.002750, 0.338834, 0.338814, 0.338904
-0.003803, -0.002750, 0.340000, 0.340000, 0.340000
-0.003686, -0.002750, 0.340000, 0.340000, 0.340000
-0.003569, -0.002750, 0.316676, 0.316824, 0.317746
-0.003452, -0.002750, 0.340000, 0.340000, 0.340000
-0.003335, -0.002750, 0.279440, 0.281504, 0.278973
-0.003218, -0.002750, 0.340000, 0.340000, 0.340000
-0.003101, -0.002750, 0.340000, 0.340000, 0.340000
-0.002984, -0.002750, 0.340000, 0.340000, 0.340000
-0.002867, -0.002750, 0.340000, 0.340000, 0.340000
-0.002750, -0.002750, 0.340000, 0.340000, 0.340000
-0.002633, -0.002750, 0.340000, 0.340000, 0.340000
-0.002516, -0.002750, 0.340000, 0.340000, 0.340000
-0.002399, -0.002750, 0.340000, 0.340000, 0.340000
-0.002282, -0.002750, 0.337667, 0.337646, 0.337784
-0.002165, -0.002750, 0.340000, 0.340000, 0.340000
-0.002048, -0.002750, 0.241357, 0.241983, 0.242012
-0.001931, -0.002750, 0.309682, 0.310114, 0.309681
-0.001814, -0.002750, 0.340000, 0.340000, 0.340000
-0.001697, -0.002750, 0.340000, 0.340000, 0.340000
-0.001580, -0.002750, 0.340000, 0.340000, 0.340000
-0.001463, -0.002750, 0.340000, 0.340000, 0.340000
-0.001345, -0.002750, 0.340000, 0.340000, 0.340000
-0.001228, -0.002750, 0.319529, 0.319684, 0.319684
-0.001112, -0.002750, 0.295473, 0.295963, 0.295963
-0.000995, -0.002750, 0.340000, 0.340000, 0.340000
-0.000878, -0.002750, 0.340000, 0.340000, 0.340000
-0.000761, -0.002750, 0.340000, 0.340000, 0.340000
-0.000644, -0.002750, 0.340000, 0.340000, 0.340000
-0.000527, -0.002750, 0.340000, 0.340000, 0.340000
-0.000410, -0.002750, 0.340000, 0.340000, 0.340000
-0.000293, -0.002750, 0.340000, 0.340000, 0.340000
-0.000176, -0.002750, 0.340000, 0.340000, 0.340000
-0.000058, -0.002750, 0.340000, 0.340000, 0.340000
0.000058, -0.002750, 0.340000, 0.340000, 0.340000
0.000175, -0.002750, 0.340000, 0.340000, 0.340000
0.000292, -0.002750, 0.340000, 0.340000, 0.340000
0.000409, -0.002750, 0.340000, 0.340000, 0.340000
0.000526, -0.002750, 0.340000, 0.340000, 0.340000
0.000643, -0.002750, 0.340000, 0.340000, 0.340000
0.000760, -0.002750, 0.340000, 0.340000, 0.340000
0.000877, -0.002750, 0.340000, 0.340000, 0.340000
0.000994, -0.002750, 0.340000, 0.340000, 0.340000
0.001112, -0.002750, 0.340000, 0.340000, 0.340000
0.001228, -0.002750, 0.340000, 0.340000, 0.340000
0.001345, -0.002750, 0.340000, 0.340000, 0.340000
0.001462, -0.002750, 0.340000, 0.340000, 0.340000
0.001579, -0.002750, 0.340000, 0.340000, 0.340000
0.001696, -0.002750, 0.340000, 0.340000, 0.340000
0.001813, -0.002750, 0.340000, 0.340000, 0.340000
0.001930, -0.002750, 0.340000, 0.340000, 0.340000
0.002048, -0.002750, 0.340000, 0.340000, 0.340000
0.002164, -0.002750, 0.340000, 0.340000, 0.340000
0.002282, -0.002750, 0.340000, 0.340000, 0.340000
0.002398, -0.002750, 0.340000, 0.340000, 0.340000
0.002515, -0.002750, 0.340000, 0.340000, 0.340000
0.002632, -0.002750, 0.340000, 0.340000, 0.340000
0.002749, -0.002750, 0.340000, 0.340000, 0.340000
0.002866, -0.002750, 0.277187, 0.277633, 0.277633
0.002983, -0.002750, 0.238650, 0.239222, 0.239223
0.003101, -0.002750, 0.340000, 0.340000, 0.340000
0.003217, -0.002750, 0.340000, 0.340000, 0.340000
0.003335, -0.002750, 0.240204, 0.240822, 0.240871
0.003451, -0.002750, 0.308431, 0.308891, 0.308431
0.003569, -0.002750, 0.340000, 0.340000, 0.340000
0.003685, -0.002750, 0.191510, 0.192764, 0.191099
0.003802, -0.002750, 0.170000, 0.170000, 0.170000
0.003919, -0.002750, 0.307326, 0.308240, 0.307157
0.004037, -0.002750, 0.337786, 0.337774, 0.337783
0.004153, -0.002750, 0.250157, 0.250499, 0.250775
0.004270, -0.002750, 0.247282, 0.247177, 0.249759
0.004388, -0.002750, 0.285864, 0.285564, 0.289497
0.004504, -0.002750, 0.285864, 0.285564, 0.289497
0.004622, -0.002750, 0.285864, 0.285564, 0.289497
0.004738, -0.002750, 0.285828, 0.285527, 0.289460
0.004856, -0.002750, 0.245602, 0.245474, 0.247416
0.004972, -0.002750, 0.236483, 0.236361, 0.238059
0.005090, -0.002750, 0.271043, 0.271998, 0.270986
0.005206, -0.002750, 0.340000, 0.340000, 0.340000
0.005324, -0.002750, 0.244874, 0.245802, 0.244820
0.005440, -0.002750, 0.196353, 0.197279, 0.195925
0.005557, -0.002750, 0.336042, 0.336045, 0.336045
0.005675, -0.002750, 0.315679, 0.316306, 0.315583
0.005791, -0.002750, 0.170206, 0.170209, 0.170191
-0.005791, -0.002633, 0.170000, 0.170000, 0.170000
-0.005674, -0.002633, 0.219680, 0.219865, 0.220818
-0.005557, -0.002633, 0.306894, 0.306729, 0.308988
-0.005441, -0.002633, 0.339606, 0.339595, 0.339599
-0.005324, -0.002633, 0.340000, 0.340000, 0.340000
-0.005207, -0.002633, 0.305834, 0.305826, 0.308557
-0.005089, -0.002633, 0.338878, 0.338885, 0.338833
-0.004972, -0.002633, 0.340000, 0.340000, 0.340000
-0.004855, -0.002633, 0.324415, 0.324170, 0.325799
-0.004738, -0.002633, 0.321386, 0.321316, 0.322450
-0.004621, -0.002633, 0.340000, 0.340000, 0.340000
-0.004504, -0.002633, 0.334912, 0.334927, 0.334883
-0.004387, -0.002633, 0.326883, 0.326712, 0.327667
-0.004270, -0.002633, 0.339254, 0.339229, 0.339280
-0.004154, -0.002633, 0.340000, 0.340000, 0.340000
-0.004036, -0.002633, 0.340000, 0.340000, 0.340000
-0.003920, -0.002633, 0.340000, 0.340000, 0.340000
-0.003803, -0.002633, 0.340000, 0.340000, 0.340000
-0.003686, -0.002633, 0.336782, 0.336891, 0.336664
-0.003569, -0.002633, 0.217886, 0.218276, 0.218139
-0.003452, -0.002633, 0.331799, 0.332048, 0.331601
-0.003335, -0.002633, 0.313476, 0.314301, 0.313360
-0.003218, -0.002633, 0.207857, 0.207739, 0.209547
-0.003101, -0.002633, 0.209577, 0.209418, 0.211274
-0.002984, -0.002633, 0.209577, 0.209418, 0.211274
-0.002867, -0.002633, 0.209577, 0.209418, 0.211274
-0.002750, -0.002633, 0.212707, 0.212635, 0.214259
-0.002633, -0.002633, 0.311921, 0.312149, 0.312149
-0.002516, -0.002633, 0.340000, 0.340000, 0.340000
-0.002399, -0.002633, 0.298941, 0.299544, 0.299007
-0.002282, -0.002633, 0.236924, 0.237527, 0.237773
-0.002165, -0.002633, 0.340000, 0.340000, 0.340000
-0.002048, -0.002633, 0.340000, 0.340000, 0.340000
-0.001931, -0.002633, 0.340000, 0.340000, 0.340000
-0.001814, -0.002633, 0.340000, 0.340000, 0.340000
-0.001697, -0.002633, 0.340000, 0.340000, 0.340000
-0.001580, -0.002633, 0.340000, 0.340000, 0.340000
-0.001463, -0.002633, 0.284709, 0.285210, 0.284901
-0.001345, -0.002633, 0.274449, 0.274953, 0.274777
-0.001228, -0.002633, 0.340000, 0.340000, 0.340000
-0.001112, -0.002633, 0.319529, 0.319684, 0.319684
-0.000995, -0.002633, 0.273634, 0.273838, 0.274814
-0.000878, -0.002633, 0.272188, 0.272024, 0.273848
-0.000761, -0.002633, 0.272188, 0.272024, 0.273848
-0.000644, -0.002633, 0.272188, 0.272024, 0.273848
-0.000527, -0.002633, 0.272188, 0.272024, 0.273848
-0.000410, -0.002633, 0.272188, 0.272024, 0.273848
-0.000293, -0.002633, 0.317140, 0.317223, 0.317428
-0.000176, -0.002633, 0.340000, 0.340000, 0.340000
-0.000058, -0.002633, 0.340000, 0.340000, 0.340000
0.000058, -0.002633, 0.340000, 0.340000, 0.340000
0.000175, -0.002633, 0.242141, 0.242782, 0.242725
0.000292, -0.002633, 0.316729, 0.317045, 0.316719
0.000409, -0.002633, 0.340000, 0.340000, 0.340000
0.000526, -0.002633, 0.297742, 0.298193, 0.297819
0.000643, -0.002633, 0.261320, 0.261830, 0.261819
0.000760, -0.002633, 0.340000, 0.340000, 0.340000
0.000877, -0.002633, 0.337018, 0.337101, 0.336913
0.000994, -0.002633, 0.230512, 0.231084, 0.230871
0.001112, -0.002633, 0.331316, 0.331486, 0.331218
0.001228, -0.002633, 0.340000, 0.340000, 0.340000
0.001345, -0.002633, 0.274449, 0.274953, 0.274777
0.001462, -0.002633, 0.284709, 0.285210, 0.284901
0.001579, -0.002633, 0.340000, 0.340000, 0.340000
0.001696, -0.002633, 0.325709, 0.325938, 0.325666
0.001813, -0.002633, 0.233817, 0.234391, 0.234227
0.001930, -0.002633, 0.339274, 0.339288, 0.339231
0.002048, -0.002633, 0.340000, 0.340000, 0.340000
0.002164, -0.002633, 0.340000, 0.340000, 0.340000
0.002282, -0.002633, 0.335302, 0.335422, 0.335175
0.002398, -0.002633, 0.229815, 0.230388, 0.230166
0.002515, -0.002633, 0.333750, 0.333895, 0.333619
0.002632, -0.002633, 0.340000, 0.340000, 0.340000
0.002749, -0.002633, 0.340000, 0.340000, 0.340000
0.002866, -0.002633, 0.340000, 0.340000, 0.340000
0.002983, -0.002633, 0.244172, 0.246581, 0.243304
0.003101, -0.002633, 0.340000, 0.340000, 0.340000
0.003217, -0.002633, 0.340000, 0.340000, 0.340000
0.003335, -0.002633, 0.316671, 0.316800, 0.317143
0.003451, -0.002633, 0.338017, 0.338008, 0.338008
0.003569, -0.002633, 0.340000, 0.340000, 0.340000
0.003685, -0.002633, 0.191510, 0.192764, 0.191099
0.003802, -0.002633, 0.170000, 0.170000, 0.170000
0.003919, -0.002633, 0.178435, 0.178369, 0.178822
0.004037, -0.002633, 0.191149, 0.191032, 0.192491
0.004153, -0.002633, 0.203920, 0.204194, 0.204194
0.004270, -0.002633, 0.241168, 0.241680, 0.241645
0.004388, -0.002633, 0.175520, 0.175361, 0.176080
0.004504, -0.002633, 0.179221, 0.179058, 0.179794
0.004622, -0.002633, 0.211460, 0.211137, 0.213805
0.004738, -0.002633, 0.211565, 0.211240, 0.213908
0.004856, -0.002633, 0.242839, 0.242873, 0.244243
0.004972, -0.002633, 0.280001, 0.280383, 0.281369
0.005090, -0.002633, 0.262453, 0.262960, 0.263254
0.005206, -0.002633, 0.269845, 0.269589, 0.273356
0.005324, -0.002633, 0.314049, 0.314033, 0.315104
0.005440, -0.002633, 0.222869, 0.223786, 0.222505
0.005557, -0.002633, 0.189574, 0.189462, 0.190762
0.005675, -0.002633, 0.180009, 0.179936, 0.180497
0.005791, -0.002633, 0.170000, 0.170000, 0.170000
-0.005791, -0.002516, 0.185655, 0.186424, 0.185299
-0.005674, -0.002516, 0.331908, 0.331944, 0.331944
-0.005557, -0.002516, 0.340000, 0.340000, 0.340000
-0.005441, -0.002516, 0.340000, 0.340000, 0.340000
-0.005324, -0.002516, 0.340000, 0.340000, 0.340000
-0.005207, -0.002516, 0.329996, 0.330053, 0.330709
-0.005089, -0.002516, 0.340000, 0.340000, 0.340000
-0.004972, -0.002516, 0.331532, 0.331524, 0.331658
-0.004855, -0.002516, 0.334599, 0.334529, 0.334673
-0.004738, -0.002516, 0.326980, 0.326998, 0.327609
-0.004621, -0.002516, 0.339942, 0.339939, 0.339939
-0.004504, -0.002516, 0.340000, 0.340000, 0.340000
-0.004387, -0.002516, 0.325663, 0.325707, 0.325809
-0.004270, -0.002516, 0.334717, 0.334730, 0.334730
-0.004154, -0.002516, 0.340000, 0.340000, 0.340000
-0.004036, -0.002516, 0.340000, 0.340000, 0.340000
-0.003920, -0.002516, 0.340000, 0.340000, 0.340000
-0.003803, -0.002516, 0.340000, 0.340000, 0.340000
-0.003686, -0.002516, 0.340000, 0.340000, 0.340000
-0.003569, -0.002516, 0.340000, 0.340000, 0.340000
-0.003452, -0.002516, 0.340000, 0.340000, 0.340000
-0.003335, -0.002516, 0.326630, 0.327627, 0.326084
-0.003218, -0.002516, 0.172962, 0.173156, 0.172830
-0.003101, -0.002516, 0.302146, 0.302256, 0.303360
-0.002984, -0.002516, 0.315444, 0.315299, 0.317185
-0.002867, -0.002516, 0.315444, 0.315299, 0.317185
-0.002750, -0.002516, 0.280181, 0.280541, 0.280813
-0.002633, -0.002516, 0.188864, 0.188966, 0.188966
-0.002516, -0.002516, 0.311921, 0.312149, 0.312149
-0.002399, -0.002516, 0.339667, 0.339659, 0.339659
-0.002282, -0.002516, 0.330127, 0.330158, 0.330344
-0.002165, -0.002516, 0.340000, 0.340000, 0.340000
-0.002048, -0.002516, 0.306839, 0.307134, 0.307008
-0.001931, -0.002516, 0.275742, 0.276132, 0.276185
-0.001814, -0.002516, 0.340000, 0.340000, 0.340000
-0.001697, -0.002516, 0.340000, 0.340000, 0.340000
-0.001580, -0.002516, 0.340000, 0.340000, 0.340000
-0.001463, -0.002516, 0.324770, 0.324874, 0.324874
-0.001345, -0.002516, 0.319671, 0.319807, 0.319833
-0.001228, -0.002516, 0.340000, 0.340000, 0.340000
-0.001112, -0.002516, 0.340000, 0.340000, 0.340000
-0.000995, -0.002516, 0.324442, 0.324412, 0.324897
-0.000878, -0.002516, 0.300018, 0.299870, 0.301822
-0.000761, -0.002516, 0.300018, 0.299870, 0.301822
-0.000644, -0.002516, 0.300018, 0.299870, 0.301822
-0.000527, -0.002516, 0.300018, 0.299870, 0.301822
-0.000410, -0.002516, 0.300018, 0.299870, 0.301822
-0.000293, -0.002516, 0.243738, 0.244279, 0.244298
-0.000176, -0.002516, 0.316435, 0.316647, 0.316532
-0.000058, -0.002516, 0.340000, 0.340000, 0.340000
0.000058, -0.002516, 0.340000, 0.340000, 0.340000
0.000175, -0.002516, 0.306814, 0.307040, 0.307497
0.000292, -0.002516, 0.337592, 0.337586, 0.337586
0.000409, -0.002516, 0.340000, 0.340000, 0.340000
0.000526, -0.002516, 0.330754, 0.330801, 0.330801
0.000643, -0.002516, 0.313635, 0.313757, 0.313952
0.000760, -0.002516, 0.340000, 0.340000, 0.340000
0.000877, -0.002516, 0.340000, 0.340000, 0.340000
0.000994, -0.002516, 0.304523, 0.304823, 0.305552
0.001112, -0.002516, 0.339994, 0.339994, 0.339994
0.001228, -0.002516, 0.340000, 0.340000, 0.340000
0.001345, -0.002516, 0.319671, 0.319807, 0.319833
0.001462, -0.002516, 0.324770, 0.324874, 0.324874
0.001579, -0.002516, 0.340000, 0.340000, 0.340000
0.001696, -0.002516, 0.339523, 0.339513, 0.339513
0.001813, -0.002516, 0.304960, 0.305253, 0.305838
0.001930, -0.002516, 0.340000, 0.340000, 0.340000
0.002048, -0.002516, 0.340000, 0.340000, 0.340000
0.002164, -0.002516, 0.340000, 0.340000, 0.340000
0.002282, -0.002516, 0.340000, 0.340000, 0.340000
0.002398, -0.002516, 0.304514, 0.304808, 0.305610
0.002515, -0.002516, 0.340000, 0.340000, 0.340000
0.002632, -0.002516, 0.340000, 0.340000, 0.340000
0.002749, -0.002516, 0.340000, 0.340000, 0.340000
0.002866, -0.002516, 0.340000, 0.340000, 0.340000
0.002983, -0.002516, 0.248533, 0.251030, 0.247515
0.003101, -0.002516, 0.340000, 0.340000, 0.340000
0.003217, -0.002516, 0.340000, 0.340000, 0.340000
0.003335, -0.002516, 0.340000, 0.340000, 0.340000
0.003451, -0.002516, 0.340000, 0.340000, 0.340000
0.003569, -0.002516, 0.340000, 0.340000, 0.340000
0.003685, -0.002516, 0.191510, 0.192764, 0.191099
0.003802, -0.002516, 0.170000, 0.170000, 0.170000
0.003919, -0.002516, 0.229784, 0.229957, 0.230649
0.004037, -0.002516, 0.282789, 0.282647, 0.284484
0.004153, -0.002516, 0.252086, 0.252802, 0.252375
0.004270, -0.002516, 0.189570, 0.189733, 0.189662
0.004388, -0.002516, 0.275233, 0.275118, 0.276786
0.004504, -0.002516, 0.285766, 0.286198, 0.286705
0.004622, -0.002516, 0.209962, 0.209889, 0.211517
0.004738, -0.002516, 0.207143, 0.206994, 0.208831
0.004856, -0.002516, 0.238444, 0.238644, 0.239166
0.004972, -0.002516, 0.268355, 0.268865, 0.269267
0.005090, -0.002516, 0.204521, 0.204721, 0.204833
0.005206, -0.002516, 0.274909, 0.274761, 0.276548
0.005324, -0.002516, 0.267209, 0.267323, 0.268713
0.005440, -0.002516, 0.191813, 0.192000, 0.191863
0.005557, -0.002516, 0.170000, 0.170000, 0.170000
0.005675, -0.002516, 0.170000, 0.170000, 0.170000
0.005791, -0.002516, 0.170000, 0.170000, 0.170000
-0.005791, -0.002399, 0.195226, 0.196541, 0.194801
-0.005674, -0.002399, 0.340000, 0.340000, 0.340000
-0.005557, -0.002399, 0.340000, 0.340000, 0.340000
-0.005441, -0.002399, 0.340000, 0.340000, 0.340000
-0.005324, -0.002399, 0.330172, 0.330741, 0.330094
-0.005207, -0.002399, 0.340000, 0.340000, 0.340000
-0.005089, -0.002399, 0.330150, 0.330681, 0.330012
-0.004972, -0.002399, 0.302660, 0.304744, 0.301736
-0.004855, -0.002399, 0.340000, 0.340000, 0.340000
-0.004738, -0.002399, 0.339998, 0.339998, 0.339998
-0.004621, -0.002399, 0.324898, 0.325633, 0.324539
-0.004504, -0.002399, 0.340000, 0.340000, 0.340000
-0.004387, -0.002399, 0.256499, 0.257031, 0.257231
-0.004270, -0.002399, 0.286624, 0.287183, 0.286833
-0.004154, -0.002399, 0.340000, 0.340000, 0.340000
-0.004036, -0.002399, 0.340000, 0.340000, 0.340000
-0.003920, -0.002399, 0.340000, 0.340000, 0.340000
-0.003803, -0.002399, 0.340000, 0.340000, 0.340000
-0.003686, -0.002399, 0.340000, 0.340000, 0.340000
-0.003569, -0.002399, 0.340000, 0.340000, 0.340000
-0.003452, -0.002399, 0.340000, 0.340000, 0.340000
-0.003335, -0.002399, 0.326630, 0.327627, 0.326084
-0.003218, -0.002399, 0.176791, 0.177338, 0.176513
-0.003101, -0.002399, 0.340000, 0.340000, 0.340000
-0.002984, -0.002399, 0.340000, 0.340000, 0.340000
-0.002867, -0.002399, 0.340000, 0.340000, 0.340000
-0.002750, -0.002399, 0.340000, 0.340000, 0.340000
-0.002633, -0.002399, 0.222290, 0.223599, 0.221817
-0.002516, -0.002399, 0.232256, 0.233537, 0.231767
-0.002399, -0.002399, 0.340000, 0.340000, 0.340000
-0.002282, -0.002399, 0.340000, 0.340000, 0.340000
-0.002165, -0.002399, 0.340000, 0.340000, 0.340000
-0.002048, -0.002399, 0.322069, 0.322199, 0.322199
-0.001931, -0.002399, 0.298835, 0.299064, 0.299275
-0.001814, -0.002399, 0.340000, 0.340000, 0.340000
-0.001697, -0.002399, 0.340000, 0.340000, 0.340000
-0.001580, -0.002399, 0.340000, 0.340000, 0.340000
-0.001463, -0.002399, 0.340000, 0.340000, 0.340000
-0.001345, -0.002399, 0.340000, 0.340000, 0.340000
-0.001228, -0.002399, 0.340000, 0.340000, 0.340000
-0.001112, -0.002399, 0.340000, 0.340000, 0.340000
-0.000995, -0.002399, 0.340000, 0.340000, 0.340000
-0.000878, -0.002399, 0.340000, 0.340000, 0.340000
-0.000761, -0.002399, 0.340000, 0.340000, 0.340000
-0.000644, -0.002399, 0.340000, 0.340000, 0.340000
-0.000527, -0.002399, 0.340000, 0.340000, 0.340000
-0.000410, -0.002399, 0.340000, 0.340000, 0.340000
-0.000293, -0.002399, 0.306453, 0.307796, 0.305819
-0.000176, -0.002399, 0.262372, 0.263593, 0.261867
-0.000058, -0.002399, 0.340000, 0.340000, 0.340000
0.000058, -0.002399, 0.340000, 0.340000, 0.340000
0.000175, -0.002399, 0.340000, 0.340000, 0.340000
0.000292, -0.002399, 0.340000, 0.340000, 0.340000
0.000409, -0.002399, 0.340000, 0.340000, 0.340000
0.000526, -0.002399, 0.340000, 0.340000, 0.340000
0.000643, -0.002399, 0.340000, 0.340000, 0.340000
0.000760, -0.002399, 0.340000, 0.340000, 0.340000
0.000877, -0.002399, 0.340000, 0.340000, 0.340000
0.000994, -0.002399, 0.340000, 0.340000, 0.340000
0.001112, -0.002399, 0.340000, 0.340000, 0.340000
0.001228, -0.002399, 0.340000, 0.340000, 0.340000
0.001345, -0.002399, 0.340000, 0.340000, 0.340000
0.001462, -0.002399, 0.340000, 0.340000, 0.340000
0.001579, -0.002399, 0.340000, 0.340000, 0.340000
0.001696, -0.002399, 0.340000, 0.340000, 0.340000
0.001813, -0.002399, 0.340000, 0.340000, 0.340000
0.001930, -0.002399, 0.340000, 0.340000, 0.340000
0.002048, -0.002399, 0.340000, 0.340000, 0.340000
0.002164, -0.002399, 0.340000, 0.340000, 0.340000
0.002282, -0.002399, 0.340000, 0.340000, 0.340000
0.002398, -0.002399, 0.340000, 0.340000, 0.340000
0.002515, -0.002399, 0.340000, 0.340000, 0.340000
0.002632, -0.002399, 0.338523, 0.338502, 0.338587
0.002749, -0.002399, 0.340000, 0.340000, 0.340000
0.002866, -0.002399, 0.340000, 0.340000, 0.340000
0.002983, -0.002399, 0.248533, 0.251030, 0.247515
0.003101, -0.002399, 0.340000, 0.340000, 0.340000
0.003217, -0.002399, 0.340000, 0.340000, 0.340000
0.003335, -0.002399, 0.340000, 0.340000, 0.340000
0.003451, -0.002399, 0.340000, 0.340000, 0.340000
0.003569, -0.002399, 0.340000, 0.340000, 0.340000
0.003685, -0.002399, 0.191510, 0.192764, 0.191099
0.003802, -0.002399, 0.170000, 0.170000, 0.170000
0.003919, -0.002399, 0.323371, 0.324218, 0.322948
0.004037, -0.002399, 0.340000, 0.340000, 0.340000
0.004153, -0.002399, 0.222778, 0.224049, 0.222313
0.004270, -0.002399, 0.252266, 0.253424, 0.251851
0.004388, -0.002399, 0.340000, 0.340000, 0.340000
0.004504, -0.002399, 0.294062, 0.295350, 0.293516
0.004622, -0.002399, 0.170000, 0.170000, 0.170000
0.004738, -0.002399, 0.213191, 0.213233, 0.214112
0.004856, -0.002399, 0.284125, 0.284181, 0.285255
0.004972, -0.002399, 0.294571, 0.295492, 0.294963
0.005090, -0.002399, 0.279902, 0.281118, 0.279452
0.005206, -0.002399, 0.340000, 0.340000, 0.340000
0.005324, -0.002399, 0.260991, 0.262155, 0.260569
0.005440, -0.002399, 0.170000, 0.170000, 0.170000
0.005557, -0.002399, 0.170000, 0.170000, 0.170000
0.005675, -0.002399, 0.170000, 0.170000, 0.170000
0.005791, -0.002399, 0.170000, 0.170000, 0.170000
-0.005791, -0.002282, 0.195226, 0.196541, 0.194801
-0.005674, -0.002282, 0.340000, 0.340000, 0.340000
-0.005557, -0.002282, 0.340000, 0.340000, 0.340000
-0.005441, -0.002282, 0.340000, 0.340000, 0.340000
-0.005324, -0.002282, 0.340000, 0.340000, 0.340000
-0.005207, -0.002282, 0.329999, 0.330070, 0.330721
-0.005089, -0.002282, 0.340000, 0.340000, 0.340000
-0.004972, -0.002282, 0.325558, 0.325637, 0.325668
-0.004855, -0.002282, 0.330986, 0.331010, 0.331172
-0.004738, -0.002282, 0.324596, 0.324761, 0.325732
-0.004621, -0.002282, 0.340000, 0.340000, 0.340000
-0.004504, -0.002282, 0.340000, 0.340000, 0.340000
-0.004387, -0.002282, 0.339907, 0.339902, 0.339909
-0.004270, -0.002282, 0.340000, 0.340000, 0.340000
-0.004154, -0.002282, 0.340000, 0.340000, 0.340000
-0.004036, -0.002282, 0.340000, 0.340000, 0.340000
-0.003920, -0.002282, 0.340000, 0.340000, 0.340000
-0.003803, -0.002282, 0.340000, 0.340000, 0.340000
-0.003686, -0.002282, 0.338774, 0.338769, 0.338754
-0.003569, -0.002282, 0.261401, 0.262058, 0.261815
-0.003452, -0.002282, 0.331964, 0.332007, 0.331977
-0.003335, -0.002282, 0.326630, 0.327627, 0.326084
-0.003218, -0.002282, 0.176791, 0.177338, 0.176513
-0.003101, -0.002282, 0.340000, 0.340000, 0.340000
-0.002984, -0.002282, 0.340000, 0.340000, 0.340000
-0.002867, -0.002282, 0.340000, 0.340000, 0.340000
-0.002750, -0.002282, 0.340000, 0.340000, 0.340000
-0.002633, -0.002282, 0.223212, 0.224540, 0.222716
-0.002516, -0.002282, 0.231950, 0.233238, 0.231449
-0.002399, -0.002282, 0.340000, 0.340000, 0.340000
-0.002282, -0.002282, 0.332983, 0.333010, 0.333010
-0.002165, -0.002282, 0.307312, 0.307476, 0.307805
-0.002048, -0.002282, 0.340000, 0.340000, 0.340000
-0.001931, -0.002282, 0.340000, 0.340000, 0.340000
-0.001814, -0.002282, 0.301255, 0.301585, 0.302127
-0.001697, -0.002282, 0.339144, 0.339133, 0.339133
-0.001580, -0.002282, 0.340000, 0.340000, 0.340000
-0.001463, -0.002282, 0.322882, 0.323004, 0.323004
-0.001345, -0.002282, 0.317488, 0.317644, 0.317671
-0.001228, -0.002282, 0.340000, 0.340000, 0.340000
-0.001112, -0.002282, 0.339909, 0.339904, 0.339904
-0.000995, -0.002282, 0.300547, 0.300902, 0.301508
-0.000878, -0.002282, 0.340000, 0.340000, 0.340000
-0.000761, -0.002282, 0.340000, 0.340000, 0.340000
-0.000644, -0.002282, 0.311046, 0.311187, 0.311387
-0.000527, -0.002282, 0.329268, 0.329329, 0.329329
-0.000410, -0.002282, 0.340000, 0.340000, 0.340000
-0.000293, -0.002282, 0.306453, 0.307796, 0.305819
-0.000176, -0.002282, 0.261613, 0.262842, 0.261101
-0.000058, -0.002282, 0.340000, 0.340000, 0.340000
0.000058, -0.002282, 0.340000, 0.340000, 0.340000
0.000175, -0.002282, 0.303512, 0.303759, 0.304217
0.000292, -0.002282, 0.336807, 0.336805, 0.336805
0.000409, -0.002282, 0.340000, 0.340000, 0.340000
0.000526, -0.002282, 0.329268, 0.329329, 0.329329
0.000643, -0.002282, 0.311046, 0.311187, 0.311387
0.000760, -0.002282, 0.340000, 0.340000, 0.340000
0.000877, -0.002282, 0.340000, 0.340000, 0.340000
0.000994, -0.002282, 0.300547, 0.300902, 0.301508
0.001112, -0.002282, 0.339909, 0.339904, 0.339904
0.001228, -0.002282, 0.340000, 0.340000, 0.340000
0.001345, -0.002282, 0.317488, 0.317644, 0.317671
0.001462, -0.002282, 0.322882, 0.323004, 0.323004
0.001579, -0.002282, 0.340000, 0.340000, 0.340000
0.001696, -0.002282, 0.339144, 0.339133, 0.339133
0.001813, -0.002282, 0.301255, 0.301585, 0.302127
0.001930, -0.002282, 0.340000, 0.340000, 0.340000
0.002048, -0.002282, 0.340000, 0.340000, 0.340000
0.002164, -0.002282, 0.307312, 0.307476, 0.307805
0.002282, -0.002282, 0.332983, 0.333010, 0.333010
0.002398, -0.002282, 0.340000, 0.340000, 0.340000
0.002515, -0.002282, 0.292032, 0.292616, 0.292234
0.002632, -0.002282, 0.245098, 0.245677, 0.245953
0.002749, -0.002282, 0.340000, 0.340000, 0.340000
0.002866, -0.002282, 0.340000, 0.340000, 0.340000
0.002983, -0.002282, 0.248533, 0.251030, 0.247515
0.003101, -0.002282, 0.340000, 0.340000, 0.340000
0.003217, -0.002282, 0.338587, 0.338627, 0.338520
0.003335, -0.002282, 0.225286, 0.225784, 0.225649
0.003451, -0.002282, 0.327853, 0.328119, 0.327718
0.003569, -0.002282, 0.340000, 0.340000, 0.340000
0.003685, -0.002282, 0.191510, 0.192764, 0.191099
0.003802, -0.002282, 0.170000, 0.170000, 0.170000
0.003919, -0.002282, 0.226112, 0.226254, 0.227001
0.004037, -0.002282, 0.260280, 0.260312, 0.261548
0.004153, -0.002282, 0.175224, 0.175246, 0.175216
0.004270, -0.002282, 0.187747, 0.187883, 0.187845
0.004388, -0.002282, 0.267368, 0.267275, 0.268873
0.004504, -0.002282, 0.206312, 0.206487, 0.206710
0.004622, -0.002282, 0.221070, 0.221476, 0.221476
0.004738, -0.002282, 0.223791, 0.224216, 0.224216
0.004856, -0.002282, 0.203755, 0.203808, 0.204362
0.004972, -0.002282, 0.263237, 0.263234, 0.265987
0.005090, -0.002282, 0.203670, 0.203846, 0.203956
0.005206, -0.002282, 0.267795, 0.267700, 0.269309
0.005324, -0.002282, 0.191982, 0.192155, 0.192120
0.005440, -0.002282, 0.170000, 0.170000, 0.170000
0.005557, -0.002282, 0.170000, 0.170000, 0.170000
0.005675, -0.002282, 0.170000, 0.170000, 0.170000
0.005791, -0.002282, 0.170000, 0.170000, 0.170000
-0.005791, -0.002165, 0.183661, 0.184245, 0.183382
-0.005674, -0.002165, 0.277199, 0.276979, 0.279508
-0.005557, -0.002165, 0.307149, 0.306997, 0.309283
-0.005441, -0.002165, 0.339498, 0.339488, 0.339490
-0.005324, -0.002165, 0.340000, 0.340000, 0.340000
-0.005207, -0.002165, 0.330004, 0.330086, 0.330719
-0.005089, -0.002165, 0.340000, 0.340000, 0.340000
-0.004972, -0.002165, 0.340000, 0.340000, 0.340000
-0.004855, -0.002165, 0.340000, 0.340000, 0.340000
-0.004738, -0.002165, 0.340000, 0.340000, 0.340000
-0.004621, -0.002165, 0.340000, 0.340000, 0.340000
-0.004504, -0.002165, 0.329098, 0.329020, 0.329586
-0.004387, -0.002165, 0.310592, 0.310340, 0.313020
-0.004270, -0.002165, 0.330893, 0.330884, 0.331014
-0.004154, -0.002165, 0.340000, 0.340000, 0.340000
-0.004036, -0.002165, 0.323387, 0.323380, 0.324628
-0.003920, -0.002165, 0.332285, 0.332122, 0.333093
-0.003803, -0.002165, 0.340000, 0.340000, 0.340000
-0.003686, -0.002165, 0.339794, 0.339787, 0.339787
-0.003569, -0.002165, 0.275942, 0.276528, 0.276481
-0.003452, -0.002165, 0.335588, 0.335595, 0.335595
-0.003335, -0.002165, 0.326630, 0.327627, 0.326084
-0.003218, -0.002165, 0.176791, 0.177338, 0.176513
-0.003101, -0.002165, 0.340000, 0.340000, 0.340000
-0.002984, -0.002165, 0.340000, 0.340000, 0.340000
-0.002867, -0.002165, 0.340000, 0.340000, 0.340000
-0.002750, -0.002165, 0.340000, 0.340000, 0.340000
-0.002633, -0.002165, 0.223212, 0.224540, 0.222716
-0.002516, -0.002165, 0.231950, 0.233238, 0.231449
-0.002399, -0.002165, 0.340000, 0.340000, 0.340000
-0.002282, -0.002165, 0.307439, 0.307805, 0.307476
-0.002165, -0.002165, 0.255624, 0.256170, 0.256170
-0.002048, -0.002165, 0.340000, 0.340000, 0.340000
-0.001931, -0.002165, 0.339274, 0.339288, 0.339231
-0.001814, -0.002165, 0.237574, 0.238171, 0.237975
-0.001697, -0.002165, 0.326053, 0.326252, 0.326022
-0.001580, -0.002165, 0.340000, 0.340000, 0.340000
-0.001463, -0.002165, 0.286591, 0.287071, 0.286780
-0.001345, -0.002165, 0.276645, 0.277134, 0.276948
-0.001228, -0.002165, 0.340000, 0.340000, 0.340000
-0.001112, -0.002165, 0.331361, 0.331505, 0.331300
-0.000995, -0.002165, 0.234564, 0.235171, 0.234932
-0.000878, -0.002165, 0.337013, 0.337087, 0.336914
-0.000761, -0.002165, 0.340000, 0.340000, 0.340000
-0.000644, -0.002165, 0.263931, 0.264422, 0.264396
-0.000527, -0.002165, 0.299205, 0.299627, 0.299290
-0.000410, -0.002165, 0.340000, 0.340000, 0.340000
-0.000293, -0.002165, 0.306453, 0.307796, 0.305819
-0.000176, -0.002165, 0.261613, 0.262842, 0.261101
-0.000058, -0.002165, 0.340000, 0.340000, 0.340000
0.000058, -0.002165, 0.340000, 0.340000, 0.340000
0.000175, -0.002165, 0.245476, 0.246111, 0.246036
0.000292, -0.002165, 0.317482, 0.317764, 0.317477
0.000409, -0.002165, 0.340000, 0.340000, 0.340000
0.000526, -0.002165, 0.299205, 0.299627, 0.299290
0.000643, -0.002165, 0.263931, 0.264422, 0.264396
0.000760, -0.002165, 0.340000, 0.340000, 0.340000
0.000877, -0.002165, 0.337013, 0.337087, 0.336914
0.000994, -0.002165, 0.234564, 0.235171, 0.234932
0.001112, -0.002165, 0.331361, 0.331505, 0.331300
0.001228, -0.002165, 0.340000, 0.340000, 0.340000
0.001345, -0.002165, 0.276645, 0.277134, 0.276948
0.001462, -0.002165, 0.286591, 0.287071, 0.286780
0.001579, -0.002165, 0.340000, 0.340000, 0.340000
0.001696, -0.002165, 0.326053, 0.326252, 0.326022
0.001813, -0.002165, 0.237574, 0.238171, 0.237975
0.001930, -0.002165, 0.339274, 0.339288, 0.339231
0.002048, -0.002165, 0.340000, 0.340000, 0.340000
0.002164, -0.002165, 0.255624, 0.256170, 0.256170
0.002282, -0.002165, 0.307439, 0.307805, 0.307476
0.002398, -0.002165, 0.340000, 0.340000, 0.340000
0.002515, -0.002165, 0.338532, 0.338522, 0.338522
0.002632, -0.002165, 0.329143, 0.329166, 0.329308
0.002749, -0.002165, 0.340000, 0.340000, 0.340000
0.002866, -0.002165, 0.340000, 0.340000, 0.340000
0.002983, -0.002165, 0.248533, 0.251030, 0.247515
0.003101, -0.002165, 0.340000, 0.340000, 0.340000
0.003217, -0.002165, 0.340000, 0.340000, 0.340000
0.003335, -0.002165, 0.311544, 0.311758, 0.312523
0.003451, -0.002165, 0.340000, 0.340000, 0.340000
0.003569, -0.002165, 0.340000, 0.340000, 0.340000
0.003685, -0.002165, 0.191510, 0.192764, 0.191099
0.003802, -0.002165, 0.170000, 0.170000, 0.170000
0.003919, -0.002165, 0.170000, 0.170000, 0.170000
0.004037, -0.002165, 0.170000, 0.170000, 0.170000
0.004153, -0.002165, 0.170000, 0.170000, 0.170000
0.004270, -0.002165, 0.170359, 0.170351, 0.170351
0.004388, -0.002165, 0.204004, 0.203862, 0.205667
0.004504, -0.002165, 0.235183, 0.235479, 0.235948
0.004622, -0.002165, 0.231926, 0.232389, 0.232389
0.004738, -0.002165, 0.230279, 0.230205, 0.233088
0.004856, -0.002165, 0.251508, 0.251546, 0.254607
0.004972, -0.002165, 0.339302, 0.339287, 0.339302
0.005090, -0.002165, 0.212752, 0.213944, 0.212281
0.005206, -0.002165, 0.200938, 0.200810, 0.202630
0.005324, -0.002165, 0.171127, 0.171115, 0.171117
0.005440, -0.002165, 0.170000, 0.170000, 0.170000
0.005557, -0.002165, 0.170000, 0.170000, 0.170000
0.005675, -0.002165, 0.170000, 0.170000, 0.170000
0.005791, -0.002165, 0.170000, 0.170000, 0.170000
-0.005791, -0.002048, 0.170207, 0.170211, 0.170191
-0.005674, -0.002048, 0.317712, 0.318314, 0.317597
-0.005557, -0.002048, 0.336923, 0.336920, 0.336920
-0.005441, -0.002048, 0.306417, 0.307998, 0.305775
-0.005324, -0.002048, 0.332215, 0.332390, 0.332252
-0.005207, -0.002048, 0.340000, 0.340000, 0.340000
-0.005089, -0.002048, 0.332216, 0.332394, 0.332190
-0.004972, -0.002048, 0.327081, 0.327411, 0.326856
-0.004855, -0.002048, 0.312158, 0.312024, 0.314258
-0.004738, -0.002048, 0.303224, 0.303362, 0.304235
-0.004621, -0.002048, 0.305010, 0.305076, 0.306477
-0.004504, -0.002048, 0.309711, 0.310259, 0.309833
-0.004387, -0.002048, 0.340000, 0.340000, 0.340000
-0.004270, -0.002048, 0.309192, 0.310663, 0.308593
-0.004154, -0.002048, 0.326862, 0.327355, 0.326664
-0.004036, -0.002048, 0.338691, 0.338674, 0.338674
-0.003920, -0.002048, 0.327877, 0.328205, 0.327800
-0.003803, -0.002048, 0.340000, 0.340000, 0.340000
-0.003686, -0.002048, 0.340000, 0.340000, 0.340000
-0.003569, -0.002048, 0.340000, 0.340000, 0.340000
-0.003452, -0.002048, 0.340000, 0.340000, 0.340000
-0.003335, -0.002048, 0.326630, 0.327627, 0.326084
-0.003218, -0.002048, 0.171502, 0.171559, 0.171441
-0.003101, -0.002048, 0.284770, 0.285096, 0.285490
-0.002984, -0.002048, 0.329670, 0.329583, 0.330476
-0.002867, -0.002048, 0.340000, 0.340000, 0.340000
-0.002750, -0.002048, 0.340000, 0.340000, 0.340000
-0.002633, -0.002048, 0.223212, 0.224540, 0.222716
-0.002516, -0.002048, 0.231950, 0.233238, 0.231449
-0.002399, -0.002048, 0.340000, 0.340000, 0.340000
-0.002282, -0.002048, 0.340000, 0.340000, 0.340000
-0.002165, -0.002048, 0.340000, 0.340000, 0.340000
-0.002048, -0.002048, 0.340000, 0.340000, 0.340000
-0.001931, -0.002048, 0.340000, 0.340000, 0.340000
-0.001814, -0.002048, 0.340000, 0.340000, 0.340000
-0.001697, -0.002048, 0.340000, 0.340000, 0.340000
-0.001580, -0.002048, 0.340000, 0.340000, 0.340000
-0.001463, -0.002048, 0.340000, 0.340000, 0.340000
-0.001345, -0.002048, 0.340000, 0.340000, 0.340000
-0.001228, -0.002048, 0.340000, 0.340000, 0.340000
-0.001112, -0.002048, 0.340000, 0.340000, 0.340000
-0.000995, -0.002048, 0.340000, 0.340000, 0.340000
-0.000878, -0.002048, 0.340000, 0.340000, 0.340000
-0.000761, -0.002048, 0.340000, 0.340000, 0.340000
-0.000644, -0.002048, 0.340000, 0.340000, 0.340000
-0.000527, -0.002048, 0.340000, 0.340000, 0.340000
-0.000410, -0.002048, 0.340000, 0.340000, 0.340000
-0.000293, -0.002048, 0.306453, 0.307796, 0.305819
-0.000176, -0.002048, 0.261613, 0.262842, 0.261101
-0.000058, -0.002048, 0.340000, 0.340000, 0.340000
0.000058, -0.002048, 0.340000, 0.340000, 0.340000
0.000175, -0.002048, 0.340000, 0.340000, 0.340000
0.000292, -0.002048, 0.340000, 0.340000, 0.340000
0.000409, -0.002048, 0.340000, 0.340000, 0.340000
0.000526, -0.002048, 0.340000, 0.340000, 0.340000
0.000643, -0.002048, 0.340000, 0.340000, 0.340000
0.000760, -0.002048, 0.340000, 0.340000, 0.340000
0.000877, -0.002048, 0.340000, 0.340000, 0.340000
0.000994, -0.002048, 0.340000, 0.340000, 0.340000
0.001112, -0.002048, 0.340000, 0.340000, 0.340000
0.001228, -0.002048, 0.340000, 0.340000, 0.340000
0.001345, -0.002048, 0.340000, 0.340000, 0.340000
0.001462, -0.002048, 0.340000, 0.340000, 0.340000
0.001579, -0.002048, 0.340000, 0.340000, 0.340000
0.001696, -0.002048, 0.340000, 0.340000, 0.340000
0.001813, -0.002048, 0.340000, 0.340000, 0.340000
0.001930, -0.002048, 0.340000, 0.340000, 0.340000
0.002048, -0.002048, 0.340000, 0.340000, 0.340000
0.002164, -0.002048, 0.340000, 0.340000, 0.340000
0.002282, -0.002048, 0.340000, 0.340000, 0.340000
0.002398, -0.002048, 0.340000, 0.340000, 0.340000
0.002515, -0.002048, 0.340000, 0.340000, 0.340000
0.002632, -0.002048, 0.340000, 0.340000, 0.340000
0.002749, -0.002048, 0.340000, 0.340000, 0.340000
0.002866, -0.002048, 0.340000, 0.340000, 0.340000
0.002983, -0.002048, 0.248533, 0.251030, 0.247515
0.003101, -0.002048, 0.340000, 0.340000, 0.340000
0.003217, -0.002048, 0.340000, 0.340000, 0.340000
0.003335, -0.002048, 0.340000, 0.340000, 0.340000
0.003451, -0.002048, 0.340000, 0.340000, 0.340000
0.003569, -0.002048, 0.340000, 0.340000, 0.340000
0.003685, -0.002048, 0.191510, 0.192764, 0.191099
0.003802, -0.002048, 0.170000, 0.170000, 0.170000
0.003919, -0.002048, 0.170000, 0.170000, 0.170000
0.004037, -0.002048, 0.170000, 0.170000, 0.170000
0.004153, -0.002048, 0.170000, 0.170000, 0.170000
0.004270, -0.002048, 0.238218, 0.239187, 0.238066
0.004388, -0.002048, 0.340000, 0.340000, 0.340000
0.004504, -0.002048, 0.300130, 0.301469, 0.299502
0.004622, -0.002048, 0.222765, 0.224694, 0.222371
0.004738, -0.002048, 0.329340, 0.329419, 0.329388
0.004856, -0.002048, 0.332310, 0.332343, 0.332343
0.004972, -0.002048, 0.201280, 0.201782, 0.202663
0.005090, -0.002048, 0.265842, 0.266804, 0.265818
0.005206, -0.002048, 0.340000, 0.340000, 0.340000
0.005324, -0.002048, 0.246924, 0.247876, 0.246851
0.005440, -0.002048, 0.170000, 0.170000, 0.170000
0.005557, -0.002048, 0.170000, 0.170000, 0.170000
0.005675, -0.002048, 0.170000, 0.170000, 0.170000
0.005791, -0.002048, 0.170000, 0.170000, 0.170000
-0.005791, -0.001931, 0.170000, 0.170000, 0.170000
-0.005674, -0.001931, 0.298115, 0.298798, 0.298529
-0.005557, -0.001931, 0.325889, 0.325920, 0.326276
-0.005441, -0.001931, 0.304773, 0.306064, 0.304131
-0.005324, -0.001931, 0.337705, 0.337711, 0.337746
-0.005207, -0.001931, 0.339855, 0.339848, 0.339860
-0.005089, -0.001931, 0.337705, 0.337712, 0.337739
-0.004972, -0.001931, 0.320987, 0.321951, 0.320385
-0.004855, -0.001931, 0.313768, 0.313693, 0.315153
-0.004738, -0.001931, 0.246502, 0.246566, 0.248771
-0.004621, -0.001931, 0.207563, 0.207308, 0.209449
-0.004504, -0.001931, 0.283224, 0.283407, 0.284098
-0.004387, -0.001931, 0.336073, 0.336002, 0.336273
-0.004270, -0.001931, 0.298146, 0.299711, 0.297423
-0.004154, -0.001931, 0.303031, 0.305307, 0.302053
-0.004036, -0.001931, 0.340000, 0.340000, 0.340000
-0.003920, -0.001931, 0.323734, 0.324115, 0.323576
-0.003803, -0.001931, 0.337477, 0.337662, 0.337301
-0.003686, -0.001931, 0.340000, 0.340000, 0.340000
-0.003569, -0.001931, 0.340000, 0.340000, 0.340000
-0.003452, -0.001931, 0.340000, 0.340000, 0.340000
-0.003335, -0.001931, 0.326630, 0.327627, 0.326084
-0.003218, -0.001931, 0.170000, 0.170000, 0.170000
-0.003101, -0.001931, 0.262758, 0.263660, 0.262993
-0.002984, -0.001931, 0.306813, 0.307727, 0.306757
-0.002867, -0.001931, 0.339944, 0.339944, 0.339938
-0.002750, -0.001931, 0.340000, 0.340000, 0.340000
-0.002633, -0.001931, 0.223212, 0.224540, 0.222716
-0.002516, -0.001931, 0.192694, 0.192968, 0.192669
-0.002399, -0.001931, 0.273702, 0.273547, 0.275362
-0.002282, -0.001931, 0.274059, 0.273893, 0.275729
-0.002165, -0.001931, 0.274059, 0.273893, 0.275729
-0.002048, -0.001931, 0.274059, 0.273893, 0.275729
-0.001931, -0.001931, 0.274059, 0.273893, 0.275729
-0.001814, -0.001931, 0.274059, 0.273893, 0.275729
-0.001697, -0.001931, 0.321715, 0.321802, 0.321890
-0.001580, -0.001931, 0.340000, 0.340000, 0.340000
-0.001463, -0.001931, 0.340000, 0.340000, 0.340000
-0.001345, -0.001931, 0.340000, 0.340000, 0.340000
-0.001228, -0.001931, 0.340000, 0.340000, 0.340000
-0.001112, -0.001931, 0.340000, 0.340000, 0.340000
-0.000995, -0.001931, 0.340000, 0.340000, 0.340000
-0.000878, -0.001931, 0.340000, 0.340000, 0.340000
-0.000761, -0.001931, 0.340000, 0.340000, 0.340000
-0.000644, -0.001931, 0.339249, 0.339231, 0.339282
-0.000527, -0.001931, 0.340000, 0.340000, 0.340000
-0.000410, -0.001931, 0.340000, 0.340000, 0.340000
-0.000293, -0.001931, 0.306453, 0.307796, 0.305819
-0.000176, -0.001931, 0.261613, 0.262842, 0.261101
-0.000058, -0.001931, 0.340000, 0.340000, 0.340000
0.000058, -0.001931, 0.340000, 0.340000, 0.340000
0.000175, -0.001931, 0.339249, 0.339231, 0.339290
0.000292, -0.001931, 0.340000, 0.340000, 0.340000
0.000409, -0.001931, 0.340000, 0.340000, 0.340000
0.000526, -0.001931, 0.340000, 0.340000, 0.340000
0.000643, -0.001931, 0.339249, 0.339231, 0.339282
0.000760, -0.001931, 0.340000, 0.340000, 0.340000
0.000877, -0.001931, 0.340000, 0.340000, 0.340000
0.000994, -0.001931, 0.340000, 0.340000, 0.340000
0.001112, -0.001931, 0.340000, 0.340000, 0.340000
0.001228, -0.001931, 0.340000, 0.340000, 0.340000
0.001345, -0.001931, 0.340000, 0.340000, 0.340000
0.001462, -0.001931, 0.340000, 0.340000, 0.340000
0.001579, -0.001931, 0.340000, 0.340000, 0.340000
0.001696, -0.001931, 0.340000, 0.340000, 0.340000
0.001813, -0.001931, 0.340000, 0.340000, 0.340000
0.001930, -0.001931, 0.340000, 0.340000, 0.340000
0.002048, -0.001931, 0.340000, 0.340000, 0.340000
0.002164, -0.001931, 0.339249, 0.339231, 0.339288
0.002282, -0.001931, 0.340000, 0.340000, 0.340000
0.002398, -0.001931, 0.340000, 0.340000, 0.340000
0.002515, -0.001931, 0.293481, 0.293848, 0.293827
0.002632, -0.001931, 0.299222, 0.299560, 0.299523
0.002749, -0.001931, 0.340000, 0.340000, 0.340000
0.002866, -0.001931, 0.340000, 0.340000, 0.340000
0.002983, -0.001931, 0.248533, 0.251030, 0.247515
0.003101, -0.001931, 0.340000, 0.340000, 0.340000
0.003217, -0.001931, 0.340000, 0.340000, 0.340000
0.003335, -0.001931, 0.293123, 0.293572, 0.293945
0.003451, -0.001931, 0.339450, 0.339440, 0.339440
0.003569, -0.001931, 0.340000, 0.340000, 0.340000
0.003685, -0.001931, 0.191510, 0.192764, 0.191099
0.003802, -0.001931, 0.170000, 0.170000, 0.170000
0.003919, -0.001931, 0.170000, 0.170000, 0.170000
0.004037, -0.001931, 0.170000, 0.170000, 0.170000
0.004153, -0.001931, 0.170000, 0.170000, 0.170000
0.004270, -0.001931, 0.221474, 0.222278, 0.221207
0.004388, -0.001931, 0.336073, 0.336002, 0.336273
0.004504, -0.001931, 0.255214, 0.255954, 0.255477
0.004622, -0.001931, 0.210966, 0.213486, 0.209955
0.004738, -0.001931, 0.313200, 0.313376, 0.313724
0.004856, -0.001931, 0.340000, 0.340000, 0.340000
0.004972, -0.001931, 0.206113, 0.207368, 0.205890
0.005090, -0.001931, 0.246936, 0.247685, 0.247050
0.005206, -0.001931, 0.336504, 0.336431, 0.336675
0.005324, -0.001931, 0.241311, 0.242004, 0.241844
0.005440, -0.001931, 0.171068, 0.171048, 0.171077
0.005557, -0.001931, 0.170000, 0.170000, 0.170000
0.005675, -0.001931, 0.170000, 0.170000, 0.170000
0.005791, -0.001931, 0.170000, 0.170000, 0.170000
-0.005791, -0.001814, 0.170000, 0.170000, 0.170000
-0.005674, -0.001814, 0.170183, 0.170176, 0.170182
-0.005557, -0.001814, 0.172186, 0.172137, 0.172341
-0.005441, -0.001814, 0.304672, 0.306015, 0.304044
-0.005324, -0.001814, 0.340000, 0.340000, 0.340000
-0.005207, -0.001814, 0.329730, 0.329703, 0.330308
-0.005089, -0.001814, 0.340000, 0.340000, 0.340000
-0.004972, -0.001814, 0.340000, 0.340000, 0.340000
-0.004855, -0.001814, 0.293941, 0.295880, 0.293269
-0.004738, -0.001814, 0.338668, 0.338644, 0.338657
-0.004621, -0.001814, 0.260700, 0.260780, 0.263167
-0.004504, -0.001814, 0.257662, 0.257207, 0.261903
-0.004387, -0.001814, 0.260323, 0.259808, 0.264684
-0.004270, -0.001814, 0.262393, 0.261858, 0.266936
-0.004154, -0.001814, 0.281188, 0.281201, 0.283343
-0.004036, -0.001814, 0.305074, 0.304779, 0.307510
-0.003920, -0.001814, 0.337327, 0.337302, 0.337364
-0.003803, -0.001814, 0.340000, 0.340000, 0.340000
-0.003686, -0.001814, 0.340000, 0.340000, 0.340000
-0.003569, -0.001814, 0.340000, 0.340000, 0.340000
-0.003452, -0.001814, 0.340000, 0.340000, 0.340000
-0.003335, -0.001814, 0.326630, 0.327627, 0.326084
-0.003218, -0.001814, 0.208363, 0.208676, 0.208676
-0.003101, -0.001814, 0.305768, 0.305943, 0.306375
-0.002984, -0.001814, 0.309199, 0.309424, 0.310429
-0.002867, -0.001814, 0.340000, 0.340000, 0.340000
-0.002750, -0.001814, 0.340000, 0.340000, 0.340000
-0.002633, -0.001814, 0.223212, 0.224540, 0.222716
-0.002516, -0.001814, 0.170000, 0.170000, 0.170000
-0.002399, -0.001814, 0.170000, 0.170000, 0.170000
-0.002282, -0.001814, 0.170000, 0.170000, 0.170000
-0.002165, -0.001814, 0.170000, 0.170000, 0.170000
-0.002048, -0.001814, 0.170000, 0.170000, 0.170000
-0.001931, -0.001814, 0.170000, 0.170000, 0.170000
-0.001814, -0.001814, 0.170000, 0.170000, 0.170000
-0.001697, -0.001814, 0.178437, 0.178364, 0.179008
-0.001580, -0.001814, 0.187804, 0.187656, 0.189212
-0.001463, -0.001814, 0.187804, 0.187656, 0.189212
-0.001345, -0.001814, 0.187804, 0.187656, 0.189212
-0.001228, -0.001814, 0.187804, 0.187656, 0.189212
-0.001112, -0.001814, 0.187904, 0.187758, 0.189306
-0.000995, -0.001814, 0.277721, 0.278165, 0.278165
-0.000878, -0.001814, 0.340000, 0.340000, 0.340000
-0.000761, -0.001814, 0.340000, 0.340000, 0.340000
-0.000644, -0.001814, 0.247926, 0.248490, 0.248752
-0.000527, -0.001814, 0.291071, 0.291649, 0.291261
-0.000410, -0.001814, 0.340000, 0.340000, 0.340000
-0.000293, -0.001814, 0.306453, 0.307796, 0.305819
-0.000176, -0.001814, 0.261613, 0.262842, 0.261101
-0.000058, -0.001814, 0.340000, 0.340000, 0.340000
0.000058, -0.001814, 0.340000, 0.340000, 0.340000
0.000175, -0.001814, 0.224149, 0.224708, 0.224801
0.000292, -0.001814, 0.314637, 0.315170, 0.314463
0.000409, -0.001814, 0.340000, 0.340000, 0.340000
0.000526, -0.001814, 0.291071, 0.291649, 0.291261
0.000643, -0.001814, 0.247926, 0.248490, 0.248752
0.000760, -0.001814, 0.340000, 0.340000, 0.340000
0.000877, -0.001814, 0.340000, 0.340000, 0.340000
0.000994, -0.001814, 0.339326, 0.339315, 0.339315
0.001112, -0.001814, 0.296592, 0.296513, 0.298315
0.001228, -0.001814, 0.293663, 0.293517, 0.295433
0.001345, -0.001814, 0.293663, 0.293517, 0.295433
0.001462, -0.001814, 0.293663, 0.293517, 0.295433
0.001579, -0.001814, 0.293663, 0.293517, 0.295433
0.001696, -0.001814, 0.315948, 0.315913, 0.316797
0.001813, -0.001814, 0.340000, 0.340000, 0.340000
0.001930, -0.001814, 0.340000, 0.340000, 0.340000
0.002048, -0.001814, 0.340000, 0.340000, 0.340000
0.002164, -0.001814, 0.237384, 0.237975, 0.238171
0.002282, -0.001814, 0.301551, 0.302127, 0.301585
0.002398, -0.001814, 0.340000, 0.340000, 0.340000
0.002515, -0.001814, 0.302953, 0.303246, 0.303261
0.002632, -0.001814, 0.308029, 0.308291, 0.308291
0.002749, -0.001814, 0.340000, 0.340000, 0.340000
0.002866, -0.001814, 0.340000, 0.340000, 0.340000
0.002983, -0.001814, 0.248533, 0.251030, 0.247515
0.003101, -0.001814, 0.340000, 0.340000, 0.340000
0.003217, -0.001814, 0.337093, 0.337142, 0.337014
0.003335, -0.001814, 0.242170, 0.242827, 0.242549
0.003451, -0.001814, 0.331601, 0.331702, 0.331566
0.003569, -0.001814, 0.340000, 0.340000, 0.340000
0.003685, -0.001814, 0.191510, 0.192764, 0.191099
0.003802, -0.001814, 0.170000, 0.170000, 0.170000
0.003919, -0.001814, 0.170000, 0.170000, 0.170000
0.004037, -0.001814, 0.170000, 0.170000, 0.170000
0.004153, -0.001814, 0.170000, 0.170000, 0.170000
0.004270, -0.001814, 0.170000, 0.170000, 0.170000
0.004388, -0.001814, 0.172369, 0.172312, 0.172641
0.004504, -0.001814, 0.174191, 0.174195, 0.174195
0.004622, -0.001814, 0.209639, 0.211281, 0.209300
0.004738, -0.001814, 0.170932, 0.170907, 0.170956
0.004856, -0.001814, 0.181757, 0.181614, 0.182706
0.004972, -0.001814, 0.250501, 0.250905, 0.251572
0.005090, -0.001814, 0.243158, 0.242859, 0.246766
0.005206, -0.001814, 0.248534, 0.248253, 0.252230
0.005324, -0.001814, 0.333790, 0.333788, 0.333843
0.005440, -0.001814, 0.234038, 0.235127, 0.233770
0.005557, -0.001814, 0.170000, 0.170000, 0.170000
0.005675, -0.001814, 0.170000, 0.170000, 0.170000
0.005791, -0.001814, 0.170000, 0.170000, 0.170000
-0.005791, -0.001697, 0.170000, 0.170000, 0.170000
-0.005674, -0.001697, 0.260621, 0.261052, 0.261344
-0.005557, -0.001697, 0.289044, 0.289109, 0.290371
-0.005441, -0.001697, 0.304665, 0.305911, 0.303989
-0.005324, -0.001697, 0.340000, 0.340000, 0.340000
-0.005207, -0.001697, 0.330114, 0.330035, 0.330793
-0.005089, -0.001697, 0.340000, 0.340000, 0.340000
-0.004972, -0.001697, 0.340000, 0.340000, 0.340000
-0.004855, -0.001697, 0.328654, 0.328735, 0.328700
-0.004738, -0.001697, 0.305346, 0.305186, 0.308010
-0.004621, -0.001697, 0.326572, 0.326602, 0.326728
-0.004504, -0.001697, 0.300142, 0.300642, 0.300866
-0.004387, -0.001697, 0.307048, 0.306793, 0.308985
-0.004270, -0.001697, 0.311183, 0.311842, 0.311238
-0.004154, -0.001697, 0.327996, 0.328093, 0.328237
-0.004036, -0.001697, 0.323887, 0.323721, 0.324790
-0.003920, -0.001697, 0.323350, 0.323383, 0.323534
-0.003803, -0.001697, 0.338823, 0.338890, 0.338730
-0.003686, -0.001697, 0.340000, 0.340000, 0.340000
-0.003569, -0.001697, 0.340000, 0.340000, 0.340000
-0.003452, -0.001697, 0.340000, 0.340000, 0.340000
-0.003335, -0.001697, 0.326630, 0.327627, 0.326084
-0.003218, -0.001697, 0.293793, 0.295929, 0.292838
-0.003101, -0.001697, 0.312427, 0.313121, 0.312487
-0.002984, -0.001697, 0.340000, 0.340000, 0.340000
-0.002867, -0.001697, 0.340000, 0.340000, 0.340000
-0.002750, -0.001697, 0.340000, 0.340000, 0.340000
-0.002633, -0.001697, 0.223212, 0.224540, 0.222716
-0.002516, -0.001697, 0.200447, 0.200357, 0.202052
-0.002399, -0.001697, 0.209739, 0.209586, 0.211430
-0.002282, -0.001697, 0.204723, 0.204623, 0.206445
-0.002165, -0.001697, 0.170000, 0.170000, 0.170000
-0.002048, -0.001697, 0.170000, 0.170000, 0.170000
-0.001931, -0.001697, 0.170000, 0.170000, 0.170000
-0.001814, -0.001697, 0.173784, 0.173785, 0.173785
-0.001697, -0.001697, 0.280265, 0.280618, 0.280921
-0.001580, -0.001697, 0.314063, 0.313917, 0.315824
-0.001463, -0.001697, 0.314063, 0.313917, 0.315824
-0.001345, -0.001697, 0.314063, 0.313917, 0.315824
-0.001228, -0.001697, 0.314063, 0.313917, 0.315824
-0.001112, -0.001697, 0.286603, 0.286900, 0.287411
-0.000995, -0.001697, 0.176958, 0.177107, 0.176777
-0.000878, -0.001697, 0.340000, 0.340000, 0.340000
-0.000761, -0.001697, 0.340000, 0.340000, 0.340000
-0.000644, -0.001697, 0.327495, 0.327525, 0.327666
-0.000527, -0.001697, 0.337592, 0.337586, 0.337586
-0.000410, -0.001697, 0.340000, 0.340000, 0.340000
-0.000293, -0.001697, 0.306453, 0.307796, 0.305819
-0.000176, -0.001697, 0.261613, 0.262842, 0.261101
-0.000058, -0.001697, 0.340000, 0.340000, 0.340000
0.000058, -0.001697, 0.340000, 0.340000, 0.340000
0.000175, -0.001697, 0.325151, 0.325225, 0.325678
0.000292, -0.001697, 0.339994, 0.339994, 0.339994
0.000409, -0.001697, 0.340000, 0.340000, 0.340000
0.000526, -0.001697, 0.337592, 0.337586, 0.337586
0.000643, -0.001697, 0.327495, 0.327525, 0.327666
0.000760, -0.001697, 0.340000, 0.340000, 0.340000
0.000877, -0.001697, 0.340000, 0.340000, 0.340000
0.000994, -0.001697, 0.267635, 0.268296, 0.268315
0.001112, -0.001697, 0.320680, 0.320731, 0.321075
0.001228, -0.001697, 0.336535, 0.336396, 0.336970
0.001345, -0.001697, 0.336535, 0.336396, 0.336970
0.001462, -0.001697, 0.336535, 0.336396, 0.336970
0.001579, -0.001697, 0.336535, 0.336396, 0.336970
0.001696, -0.001697, 0.288700, 0.289143, 0.289188
0.001813, -0.001697, 0.309103, 0.309492, 0.309047
0.001930, -0.001697, 0.340000, 0.340000, 0.340000
0.002048, -0.001697, 0.340000, 0.340000, 0.340000
0.002164, -0.001697, 0.325963, 0.326022, 0.326252
0.002282, -0.001697, 0.339144, 0.339133, 0.339133
0.002398, -0.001697, 0.340000, 0.340000, 0.340000
0.002515, -0.001697, 0.340000, 0.340000, 0.340000
0.002632, -0.001697, 0.340000, 0.340000, 0.340000
0.002749, -0.001697, 0.340000, 0.340000, 0.340000
0.002866, -0.001697, 0.340000, 0.340000, 0.340000
0.002983, -0.001697, 0.248533, 0.251030, 0.247515
0.003101, -0.001697, 0.340000, 0.340000, 0.340000
0.003217, -0.001697, 0.340000, 0.340000, 0.340000
0.003335, -0.001697, 0.340000, 0.340000, 0.340000
0.003451, -0.001697, 0.340000, 0.340000, 0.340000
0.003569, -0.001697, 0.340000, 0.340000, 0.340000
0.003685, -0.001697, 0.191510, 0.192764, 0.191099
0.003802, -0.001697, 0.170000, 0.170000, 0.170000
0.003919, -0.001697, 0.170000, 0.170000, 0.170000
0.004037, -0.001697, 0.170000, 0.170000, 0.170000
0.004153, -0.001697, 0.170000, 0.170000, 0.170000
0.004270, -0.001697, 0.201860, 0.202259, 0.201832
0.004388, -0.001697, 0.302829, 0.302695, 0.304519
0.004504, -0.001697, 0.288676, 0.289687, 0.289199
0.004622, -0.001697, 0.171179, 0.171175, 0.171147
0.004738, -0.001697, 0.275198, 0.275453, 0.276111
0.004856, -0.001697, 0.287780, 0.287724, 0.289185
0.004972, -0.001697, 0.278091, 0.278183, 0.279390
0.005090, -0.001697, 0.223692, 0.224239, 0.223672
0.005206, -0.001697, 0.299753, 0.299638, 0.301382
0.005324, -0.001697, 0.248489, 0.248759, 0.250161
0.005440, -0.001697, 0.188358, 0.188551, 0.188322
0.005557, -0.001697, 0.289044, 0.289109, 0.290371
0.005675, -0.001697, 0.260621, 0.261052, 0.261344
0.005791, -0.001697, 0.170000, 0.170000, 0.170000
-0.005791, -0.001580, 0.170208, 0.170212, 0.170191
-0.005674, -0.001580, 0.329758, 0.330169, 0.329493
-0.005557, -0.001580, 0.340000, 0.340000, 0.340000
-0.005441, -0.001580, 0.304807, 0.306864, 0.303817
-0.005324, -0.001580, 0.330158, 0.330679, 0.330059
-0.005207, -0.001580, 0.340000, 0.340000, 0.340000
-0.005089, -0.001580, 0.330134, 0.330629, 0.329991
-0.004972, -0.001580, 0.340000, 0.340000, 0.340000
-0.004855, -0.001580, 0.321004, 0.321816, 0.320562
-0.004738, -0.001580, 0.312636, 0.312475, 0.314210
-0.004621, -0.001580, 0.273781, 0.273789, 0.276639
-0.004504, -0.001580, 0.327904, 0.327964, 0.327972
-0.004387, -0.001580, 0.340000, 0.340000, 0.340000
-0.004270, -0.001580, 0.291168, 0.293182, 0.290391
-0.004154, -0.001580, 0.299075, 0.300756, 0.298460
-0.004036, -0.001580, 0.340000, 0.340000, 0.340000
-0.003920, -0.001580, 0.332436, 0.332703, 0.332133
-0.003803, -0.001580, 0.339970, 0.339970, 0.339969
-0.003686, -0.001580, 0.340000, 0.340000, 0.340000
-0.003569, -0.001580, 0.340000, 0.340000, 0.340000
-0.003452, -0.001580, 0.340000, 0.340000, 0.340000
-0.003335, -0.001580, 0.326630, 0.327627, 0.326084
-0.003218, -0.001580, 0.287682, 0.290406, 0.286465
-0.003101, -0.001580, 0.328061, 0.328988, 0.327543
-0.002984, -0.001580, 0.340000, 0.340000, 0.340000
-0.002867, -0.001580, 0.340000, 0.340000, 0.340000
-0.002750, -0.001580, 0.340000, 0.340000, 0.340000
-0.002633, -0.001580, 0.248076, 0.250764, 0.246923
-0.002516, -0.001580, 0.338821, 0.338811, 0.338811
-0.002399, -0.001580, 0.340000, 0.340000, 0.340000
-0.002282, -0.001580, 0.339986, 0.339986, 0.339986
-0.002165, -0.001580, 0.235707, 0.236533, 0.235632
-0.002048, -0.001580, 0.170000, 0.170000, 0.170000
-0.001931, -0.001580, 0.173784, 0.173785, 0.173785
-0.001814, -0.001580, 0.287629, 0.288033, 0.288033
-0.001697, -0.001580, 0.340000, 0.340000, 0.340000
-0.001580, -0.001580, 0.340000, 0.340000, 0.340000
-0.001463, -0.001580, 0.340000, 0.340000, 0.340000
-0.001345, -0.001580, 0.340000, 0.340000, 0.340000
-0.001228, -0.001580, 0.340000, 0.340000, 0.340000
-0.001112, -0.001580, 0.340000, 0.340000, 0.340000
-0.000995, -0.001580, 0.189496, 0.190670, 0.189063
-0.000878, -0.001580, 0.337294, 0.337290, 0.337290
-0.000761, -0.001580, 0.340000, 0.340000, 0.340000
-0.000644, -0.001580, 0.340000, 0.340000, 0.340000
-0.000527, -0.001580, 0.340000, 0.340000, 0.340000
-0.000410, -0.001580, 0.340000, 0.340000, 0.340000
-0.000293, -0.001580, 0.301764, 0.303007, 0.301368
-0.000176, -0.001580, 0.261613, 0.262842, 0.261101
-0.000058, -0.001580, 0.340000, 0.340000, 0.340000
0.000058, -0.001580, 0.340000, 0.340000, 0.340000
0.000175, -0.001580, 0.340000, 0.340000, 0.340000
0.000292, -0.001580, 0.340000, 0.340000, 0.340000
0.000409, -0.001580, 0.340000, 0.340000, 0.340000
0.000526, -0.001580, 0.340000, 0.340000, 0.340000
0.000643, -0.001580, 0.340000, 0.340000, 0.340000
0.000760, -0.001580, 0.340000, 0.340000, 0.340000
0.000877, -0.001580, 0.340000, 0.340000, 0.340000
0.000994, -0.001580, 0.275859, 0.277625, 0.274934
0.001112, -0.001580, 0.340000, 0.340000, 0.340000
0.001228, -0.001580, 0.340000, 0.340000, 0.340000
0.001345, -0.001580, 0.340000, 0.340000, 0.340000
0.001462, -0.001580, 0.340000, 0.340000, 0.340000
0.001579, -0.001580, 0.340000, 0.340000, 0.340000
0.001696, -0.001580, 0.340000, 0.340000, 0.340000
0.001813, -0.001580, 0.265476, 0.267042, 0.265254
0.001930, -0.001580, 0.339612, 0.339603, 0.339603
0.002048, -0.001580, 0.340000, 0.340000, 0.340000
0.002164, -0.001580, 0.340000, 0.340000, 0.340000
0.002282, -0.001580, 0.340000, 0.340000, 0.340000
0.002398, -0.001580, 0.340000, 0.340000, 0.340000
0.002515, -0.001580, 0.340000, 0.340000, 0.340000
0.002632, -0.001580, 0.340000, 0.340000, 0.340000
0.002749, -0.001580, 0.340000, 0.340000, 0.340000
0.002866, -0.001580, 0.340000, 0.340000, 0.340000
0.002983, -0.001580, 0.248533, 0.251030, 0.247515
0.003101, -0.001580, 0.340000, 0.340000, 0.340000
0.003217, -0.001580, 0.340000, 0.340000, 0.340000
0.003335, -0.001580, 0.338583, 0.338562, 0.338669
0.003451, -0.001580, 0.340000, 0.340000, 0.340000
0.003569, -0.001580, 0.340000, 0.340000, 0.340000
0.003685, -0.001580, 0.191510, 0.192764, 0.191099
0.003802, -0.001580, 0.170000, 0.170000, 0.170000
0.003919, -0.001580, 0.170000, 0.170000, 0.170000
0.004037, -0.001580, 0.170000, 0.170000, 0.170000
0.004153, -0.001580, 0.170000, 0.170000, 0.170000
0.004270, -0.001580, 0.250307, 0.251438, 0.249935
0.004388, -0.001580, 0.340000, 0.340000, 0.340000
0.004504, -0.001580, 0.289100, 0.290323, 0.288628
0.004622, -0.001580, 0.180354, 0.181078, 0.179995
0.004738, -0.001580, 0.338583, 0.338585, 0.338563
0.004856, -0.001580, 0.339567, 0.339557, 0.339557
0.004972, -0.001580, 0.286086, 0.286203, 0.287437
0.005090, -0.001580, 0.292023, 0.293410, 0.291291
0.005206, -0.001580, 0.340000, 0.340000, 0.340000
0.005324, -0.001580, 0.259031, 0.260165, 0.258656
0.005440, -0.001580, 0.216949, 0.218188, 0.216628
0.005557, -0.001580, 0.340000, 0.340000, 0.340000
0.005675, -0.001580, 0.329758, 0.330169, 0.329493
0.005791, -0.001580, 0.170208, 0.170212, 0.170191
-0.005791, -0.001463, 0.177338, 0.177477, 0.177247
-0.005674, -0.001463, 0.260797, 0.260637, 0.263724
-0.005557, -0.001463, 0.302323, 0.302178, 0.304821
-0.005441, -0.001463, 0.331977, 0.332019, 0.331993
-0.005324, -0.001463, 0.340000, 0.340000, 0.340000
-0.005207, -0.001463, 0.330008, 0.330117, 0.330754
-0.005089, -0.001463, 0.340000, 0.340000, 0.340000
-0.004972, -0.001463, 0.340000, 0.340000, 0.340000
-0.004855, -0.001463, 0.326545, 0.327118, 0.326082
-0.004738, -0.001463, 0.308450, 0.308296, 0.310572
-0.004621, -0.001463, 0.261749, 0.262405, 0.262085
-0.004504, -0.001463, 0.289746, 0.289765, 0.291009
-0.004387, -0.001463, 0.277651, 0.277260, 0.281525
-0.004270, -0.001463, 0.255928, 0.255643, 0.259009
-0.004154, -0.001463, 0.300608, 0.300397, 0.303013
-0.004036, -0.001463, 0.316248, 0.316079, 0.318259
-0.003920, -0.001463, 0.325205, 0.325208, 0.325875
-0.003803, -0.001463, 0.340000, 0.340000, 0.340000
-0.003686, -0.001463, 0.340000, 0.340000, 0.340000
-0.003569, -0.001463, 0.310349, 0.310599, 0.310551
-0.003452, -0.001463, 0.280796, 0.281147, 0.281270
-0.003335, -0.001463, 0.326630, 0.327627, 0.326084
-0.003218, -0.001463, 0.287682, 0.290406, 0.286465
-0.003101, -0.001463, 0.328061, 0.328988, 0.327543
-0.002984, -0.001463, 0.325368, 0.325467, 0.325467
-0.002867, -0.001463, 0.287421, 0.287717, 0.288039
-0.002750, -0.001463, 0.340000, 0.340000, 0.340000
-0.002633, -0.001463, 0.254415, 0.257307, 0.253256
-0.002516, -0.001463, 0.340000, 0.340000, 0.340000
-0.002399, -0.001463, 0.340000, 0.340000, 0.340000
-0.002282, -0.001463, 0.340000, 0.340000, 0.340000
-0.002165, -0.001463, 0.314230, 0.314459, 0.314362
-0.002048, -0.001463, 0.186558, 0.186671, 0.186671
-0.001931, -0.001463, 0.216833, 0.218171, 0.216370
-0.001814, -0.001463, 0.340000, 0.340000, 0.340000
-0.001697, -0.001463, 0.340000, 0.340000, 0.340000
-0.001580, -0.001463, 0.340000, 0.340000, 0.340000
-0.001463, -0.001463, 0.340000, 0.340000, 0.340000
-0.001345, -0.001463, 0.340000, 0.340000, 0.340000
-0.001228, -0.001463, 0.340000, 0.340000, 0.340000
-0.001112, -0.001463, 0.340000, 0.340000, 0.340000
-0.000995, -0.001463, 0.287809, 0.288213, 0.288213
-0.000878, -0.001463, 0.223292, 0.223417, 0.224143
-0.000761, -0.001463, 0.255754, 0.255688, 0.257301
-0.000644, -0.001463, 0.278455, 0.278582, 0.280464
-0.000527, -0.001463, 0.259256, 0.259632, 0.260730
-0.000410, -0.001463, 0.256816, 0.256655, 0.258419
-0.000293, -0.001463, 0.220504, 0.220883, 0.220923
-0.000176, -0.001463, 0.320758, 0.320902, 0.320898
-0.000058, -0.001463, 0.340000, 0.340000, 0.340000
0.000058, -0.001463, 0.340000, 0.340000, 0.340000
0.000175, -0.001463, 0.280087, 0.280487, 0.280763
0.000292, -0.001463, 0.329268, 0.329329, 0.329329
0.000409, -0.001463, 0.340000, 0.340000, 0.340000
0.000526, -0.001463, 0.317306, 0.317483, 0.317483
0.000643, -0.001463, 0.292100, 0.292376, 0.292571
0.000760, -0.001463, 0.340000, 0.340000, 0.340000
0.000877, -0.001463, 0.340000, 0.340000, 0.340000
0.000994, -0.001463, 0.273218, 0.274823, 0.272601
0.001112, -0.001463, 0.340000, 0.340000, 0.340000
0.001228, -0.001463, 0.340000, 0.340000, 0.340000
0.001345, -0.001463, 0.340000, 0.340000, 0.340000
0.001462, -0.001463, 0.340000, 0.340000, 0.340000
0.001579, -0.001463, 0.340000, 0.340000, 0.340000
0.001696, -0.001463, 0.340000, 0.340000, 0.340000
0.001813, -0.001463, 0.322675, 0.322799, 0.322799
0.001930, -0.001463, 0.269780, 0.270362, 0.270414
0.002048, -0.001463, 0.313211, 0.313049, 0.315003
0.002164, -0.001463, 0.313211, 0.313049, 0.315003
0.002282, -0.001463, 0.313211, 0.313049, 0.315003
0.002398, -0.001463, 0.319718, 0.319600, 0.321274
0.002515, -0.001463, 0.340000, 0.340000, 0.340000
0.002632, -0.001463, 0.340000, 0.340000, 0.340000
0.002749, -0.001463, 0.340000, 0.340000, 0.340000
0.002866, -0.001463, 0.340000, 0.340000, 0.340000
0.002983, -0.001463, 0.248533, 0.251030, 0.247515
0.003101, -0.001463, 0.340000, 0.340000, 0.340000
0.003217, -0.001463, 0.339988, 0.339988, 0.339987
0.003335, -0.001463, 0.217951, 0.218396, 0.218490
0.003451, -0.001463, 0.319008, 0.319545, 0.318715
0.003569, -0.001463, 0.340000, 0.340000, 0.340000
0.003685, -0.001463, 0.191510, 0.192764, 0.191099
0.003802, -0.001463, 0.170000, 0.170000, 0.170000
0.003919, -0.001463, 0.170000, 0.170000, 0.170000
0.004037, -0.001463, 0.170000, 0.170000, 0.170000
0.004153, -0.001463, 0.170000, 0.170000, 0.170000
0.004270, -0.001463, 0.177502, 0.177532, 0.177532
0.004388, -0.001463, 0.239759, 0.239664, 0.241242
0.004504, -0.001463, 0.190088, 0.190129, 0.190364
0.004622, -0.001463, 0.170000, 0.170000, 0.170000
0.004738, -0.001463, 0.216680, 0.216671, 0.217944
0.004856, -0.001463, 0.220861, 0.220849, 0.222208
0.004972, -0.001463, 0.194542, 0.194732, 0.194732
0.005090, -0.001463, 0.265942, 0.266211, 0.266988
0.005206, -0.001463, 0.244674, 0.244549, 0.246179
0.005324, -0.001463, 0.182810, 0.182855, 0.182859
0.005440, -0.001463, 0.298210, 0.298898, 0.298028
0.005557, -0.001463, 0.316928, 0.317243, 0.316860
0.005675, -0.001463, 0.208488, 0.208509, 0.209433
0.005791, -0.001463, 0.170000, 0.170000, 0.170000
-0.005791, -0.001345, 0.195226, 0.196541, 0.194801
-0.005674, -0.001345, 0.340000, 0.340000, 0.340000
-0.005557, -0.001345, 0.340000, 0.340000, 0.340000
-0.005441, -0.001345, 0.340000, 0.340000, 0.340000
-0.005324, -0.001345, 0.340000, 0.340000, 0.340000
-0.005207, -0.001345, 0.330008, 0.330118, 0.330754
-0.005089, -0.001345, 0.340000, 0.340000, 0.340000
-0.004972, -0.001345, 0.340000, 0.340000, 0.340000
-0.004855, -0.001345, 0.322238, 0.322380, 0.323509
-0.004738, -0.001345, 0.324609, 0.324610, 0.325364
-0.004621, -0.001345, 0.293514, 0.294345, 0.294489
-0.004504, -0.001345, 0.260292, 0.260545, 0.261256
-0.004387, -0.001345, 0.289073, 0.288745, 0.292919
-0.004270, -0.001345, 0.325299, 0.325453, 0.325292
-0.004154, -0.001345, 0.340000, 0.340000, 0.340000
-0.004036, -0.001345, 0.340000, 0.340000, 0.340000
-0.003920, -0.001345, 0.340000, 0.340000, 0.340000
-0.003803, -0.001345, 0.338681, 0.338661, 0.338762
-0.003686, -0.001345, 0.340000, 0.340000, 0.340000
-0.003569, -0.001345, 0.318832, 0.318993, 0.318993
-0.003452, -0.001345, 0.293533, 0.293798, 0.294004
-0.003335, -0.001345, 0.326630, 0.327627, 0.326084
-0.003218, -0.001345, 0.287682, 0.290406, 0.286465
-0.003101, -0.001345, 0.328061, 0.328988, 0.327543
-0.002984, -0.001345, 0.317898, 0.318079, 0.318029
-0.002867, -0.001345, 0.272716, 0.273116, 0.273260
-0.002750, -0.001345, 0.340000, 0.340000, 0.340000
-0.002633, -0.001345, 0.254415, 0.257307, 0.253256
-0.002516, -0.001345, 0.340000, 0.340000, 0.340000
-0.002399, -0.001345, 0.340000, 0.340000, 0.340000
-0.002282, -0.001345, 0.318085, 0.318234, 0.318719
-0.002165, -0.001345, 0.339769, 0.339761, 0.339761
-0.002048, -0.001345, 0.313589, 0.313800, 0.313800
-0.001931, -0.001345, 0.213955, 0.214809, 0.213695
-0.001814, -0.001345, 0.314703, 0.314611, 0.316292
-0.001697, -0.001345, 0.270760, 0.271115, 0.272217
-0.001580, -0.001345, 0.293783, 0.293524, 0.297178
-0.001463, -0.001345, 0.287517, 0.287847, 0.288124
-0.001345, -0.001345, 0.340000, 0.340000, 0.340000
-0.001228, -0.001345, 0.340000, 0.340000, 0.340000
-0.001112, -0.001345, 0.340000, 0.340000, 0.340000
-0.000995, -0.001345, 0.340000, 0.340000, 0.340000
-0.000878, -0.001345, 0.333747, 0.333616, 0.334561
-0.000761, -0.001345, 0.333358, 0.333218, 0.334234
-0.000644, -0.001345, 0.340000, 0.340000, 0.340000
-0.000527, -0.001345, 0.338543, 0.338510, 0.338609
-0.000410, -0.001345, 0.331819, 0.331651, 0.332825
-0.000293, -0.001345, 0.336282, 0.336202, 0.336670
-0.000176, -0.001345, 0.340000, 0.340000, 0.340000
-0.000058, -0.001345, 0.340000, 0.340000, 0.340000
0.000058, -0.001345, 0.340000, 0.340000, 0.340000
0.000175, -0.001345, 0.269105, 0.269589, 0.269634
0.000292, -0.001345, 0.324956, 0.325064, 0.325038
0.000409, -0.001345, 0.340000, 0.340000, 0.340000
0.000526, -0.001345, 0.311134, 0.311373, 0.311345
0.000643, -0.001345, 0.282987, 0.283325, 0.283465
0.000760, -0.001345, 0.340000, 0.340000, 0.340000
0.000877, -0.001345, 0.340000, 0.340000, 0.340000
0.000994, -0.001345, 0.303396, 0.303513, 0.304172
0.001112, -0.001345, 0.285970, 0.285667, 0.289486
0.001228, -0.001345, 0.285970, 0.285667, 0.289486
0.001345, -0.001345, 0.272708, 0.272990, 0.274603
0.001462, -0.001345, 0.339233, 0.339272, 0.339165
0.001579, -0.001345, 0.340000, 0.340000, 0.340000
0.001696, -0.001345, 0.340000, 0.340000, 0.340000
0.001813, -0.001345, 0.340000, 0.340000, 0.340000
0.001930, -0.001345, 0.325222, 0.325223, 0.325484
0.002048, -0.001345, 0.292891, 0.292732, 0.294671
0.002164, -0.001345, 0.292891, 0.292732, 0.294671
0.002282, -0.001345, 0.292891, 0.292732, 0.294671
0.002398, -0.001345, 0.274344, 0.274593, 0.275282
0.002515, -0.001345, 0.285507, 0.285939, 0.285939
0.002632, -0.001345, 0.340000, 0.340000, 0.340000
0.002749, -0.001345, 0.340000, 0.340000, 0.340000
0.002866, -0.001345, 0.340000, 0.340000, 0.340000
0.002983, -0.001345, 0.248533, 0.251030, 0.247515
0.003101, -0.001345, 0.340000, 0.340000, 0.340000
0.003217, -0.001345, 0.340000, 0.340000, 0.340000
0.003335, -0.001345, 0.327531, 0.327576, 0.328136
0.003451, -0.001345, 0.340000, 0.340000, 0.340000
0.003569, -0.001345, 0.340000, 0.340000, 0.340000
0.003685, -0.001345, 0.191510, 0.192764, 0.191099
0.003802, -0.001345, 0.170000, 0.170000, 0.170000
0.003919, -0.001345, 0.170000, 0.170000, 0.170000
0.004037, -0.001345, 0.170000, 0.170000, 0.170000
0.004153, -0.001345, 0.170000, 0.170000, 0.170000
0.004270, -0.001345, 0.170000, 0.170000, 0.170000
0.004388, -0.001345, 0.170000, 0.170000, 0.170000
0.004504, -0.001345, 0.170000, 0.170000, 0.170000
0.004622, -0.001345, 0.170000, 0.170000, 0.170000
0.004738, -0.001345, 0.170000, 0.170000, 0.170000
0.004856, -0.001345, 0.194542, 0.194732, 0.194732
0.004972, -0.001345, 0.249773, 0.250349, 0.250349
0.005090, -0.001345, 0.182349, 0.182351, 0.182473
0.005206, -0.001345, 0.228562, 0.228461, 0.230094
0.005324, -0.001345, 0.206125, 0.207323, 0.205526
0.005440, -0.001345, 0.337854, 0.337833, 0.337833
0.005557, -0.001345, 0.212341, 0.213184, 0.212143
0.005675, -0.001345, 0.170000, 0.170000, 0.170000
0.005791, -0.001345, 0.170000, 0.170000, 0.170000
-0.005791, -0.001228, 0.195226, 0.196541, 0.194801
-0.005674, -0.001228, 0.340000, 0.340000, 0.340000
-0.005557, -0.001228, 0.275706, 0.276168, 0.276324
-0.005441, -0.001228, 0.329840, 0.329896, 0.329896
-0.005324, -0.001228, 0.330181, 0.330630, 0.330076
-0.005207, -0.001228, 0.340000, 0.340000, 0.340000
-0.005089, -0.001228, 0.330161, 0.330594, 0.330017
-0.004972, -0.001228, 0.323825, 0.324520, 0.323509
-0.004855, -0.001228, 0.339570, 0.339559, 0.339563
-0.004738, -0.001228, 0.337441, 0.337448, 0.337417
-0.004621, -0.001228, 0.334840, 0.335044, 0.334580
-0.004504, -0.001228, 0.296850, 0.298472, 0.296139
-0.004387, -0.001228, 0.340000, 0.340000, 0.340000
-0.004270, -0.001228, 0.311454, 0.313222, 0.310678
-0.004154, -0.001228, 0.340000, 0.340000, 0.340000
-0.004036, -0.001228, 0.340000, 0.340000, 0.340000
-0.003920, -0.001228, 0.338557, 0.338601, 0.338487
-0.003803, -0.001228, 0.210354, 0.210625, 0.210620
-0.003686, -0.001228, 0.328058, 0.328451, 0.327784
-0.003569, -0.001228, 0.340000, 0.340000, 0.340000
-0.003452, -0.001228, 0.340000, 0.340000, 0.340000
-0.003335, -0.001228, 0.326630, 0.327627, 0.326084
-0.003218, -0.001228, 0.287682, 0.290406, 0.286465
-0.003101, -0.001228, 0.328061, 0.328988, 0.327543
-0.002984, -0.001228, 0.340000, 0.340000, 0.340000
-0.002867, -0.001228, 0.340000, 0.340000, 0.340000
-0.002750, -0.001228, 0.340000, 0.340000, 0.340000
-0.002633, -0.001228, 0.254415, 0.257307, 0.253256
-0.002516, -0.001228, 0.340000, 0.340000, 0.340000
-0.002399, -0.001228, 0.340000, 0.340000, 0.340000
-0.002282, -0.001228, 0.228045, 0.228604, 0.228610
-0.002165, -0.001228, 0.317321, 0.317749, 0.317244
-0.002048, -0.001228, 0.340000, 0.340000, 0.340000
-0.001931, -0.001228, 0.326510, 0.326443, 0.327210
-0.001814, -0.001228, 0.311698, 0.311544, 0.313495
-0.001697, -0.001228, 0.330595, 0.330550, 0.330917
-0.001580, -0.001228, 0.340000, 0.340000, 0.340000
-0.001463, -0.001228, 0.295773, 0.296456, 0.296030
-0.001345, -0.001228, 0.303095, 0.304058, 0.302541
-0.001228, -0.001228, 0.340000, 0.340000, 0.340000
-0.001112, -0.001228, 0.340000, 0.340000, 0.340000
-0.000995, -0.001228, 0.340000, 0.340000, 0.340000
-0.000878, -0.001228, 0.340000, 0.340000, 0.340000
-0.000761, -0.001228, 0.340000, 0.340000, 0.340000
-0.000644, -0.001228, 0.340000, 0.340000, 0.340000
-0.000527, -0.001228, 0.340000, 0.340000, 0.340000
-0.000410, -0.001228, 0.340000, 0.340000, 0.340000
-0.000293, -0.001228, 0.340000, 0.340000, 0.340000
-0.000176, -0.001228, 0.340000, 0.340000, 0.340000
-0.000058, -0.001228, 0.340000, 0.340000, 0.340000
0.000058, -0.001228, 0.340000, 0.340000, 0.340000
0.000175, -0.001228, 0.340000, 0.340000, 0.340000
0.000292, -0.001228, 0.340000, 0.340000, 0.340000
0.000409, -0.001228, 0.340000, 0.340000, 0.340000
0.000526, -0.001228, 0.340000, 0.340000, 0.340000
0.000643, -0.001228, 0.340000, 0.340000, 0.340000
0.000760, -0.001228, 0.340000, 0.340000, 0.340000
0.000877, -0.001228, 0.340000, 0.340000, 0.340000
0.000994, -0.001228, 0.340000, 0.340000, 0.340000
0.001112, -0.001228, 0.340000, 0.340000, 0.340000
0.001228, -0.001228, 0.340000, 0.340000, 0.340000
0.001345, -0.001228, 0.294066, 0.295388, 0.293474
0.001462, -0.001228, 0.338103, 0.338229, 0.337915
0.001579, -0.001228, 0.340000, 0.340000, 0.340000
0.001696, -0.001228, 0.340000, 0.340000, 0.340000
0.001813, -0.001228, 0.340000, 0.340000, 0.340000
0.001930, -0.001228, 0.340000, 0.340000, 0.340000
0.002048, -0.001228, 0.340000, 0.340000, 0.340000
0.002164, -0.001228, 0.340000, 0.340000, 0.340000
0.002282, -0.001228, 0.340000, 0.340000, 0.340000
0.002398, -0.001228, 0.340000, 0.340000, 0.340000
0.002515, -0.001228, 0.287212, 0.287860, 0.287618
0.002632, -0.001228, 0.319535, 0.320575, 0.318923
0.002749, -0.001228, 0.340000, 0.340000, 0.340000
0.002866, -0.001228, 0.340000, 0.340000, 0.340000
0.002983, -0.001228, 0.248533, 0.251030, 0.247515
0.003101, -0.001228, 0.340000, 0.340000, 0.340000
0.003217, -0.001228, 0.340000, 0.340000, 0.340000
0.003335, -0.001228, 0.340000, 0.340000, 0.340000
0.003451, -0.001228, 0.340000, 0.340000, 0.340000
0.003569, -0.001228, 0.340000, 0.340000, 0.340000
0.003685, -0.001228, 0.191510, 0.192764, 0.191099
0.003802, -0.001228, 0.170000, 0.170000, 0.170000
0.003919, -0.001228, 0.170000, 0.170000, 0.170000
0.004037, -0.001228, 0.170000, 0.170000, 0.170000
0.004153, -0.001228, 0.170000, 0.170000, 0.170000
0.004270, -0.001228, 0.170000, 0.170000, 0.170000
0.004388, -0.001228, 0.170000, 0.170000, 0.170000
0.004504, -0.001228, 0.170000, 0.170000, 0.170000
0.004622, -0.001228, 0.170000, 0.170000, 0.170000
0.004738, -0.001228, 0.170000, 0.170000, 0.170000
0.004856, -0.001228, 0.252545, 0.255134, 0.251594
0.004972, -0.001228, 0.170455, 0.170446, 0.170446
0.005090, -0.001228, 0.275546, 0.276678, 0.275223
0.005206, -0.001228, 0.340000, 0.340000, 0.340000
0.005324, -0.001228, 0.256635, 0.257728, 0.256339
0.005440, -0.001228, 0.178139, 0.178026, 0.179125
0.005557, -0.001228, 0.170000, 0.170000, 0.170000
0.005675, -0.001228, 0.170000, 0.170000, 0.170000
0.005791, -0.001228, 0.170000, 0.170000, 0.170000
-0.005791, -0.001112, 0.195226, 0.196541, 0.194801
-0.005674, -0.001112, 0.340000, 0.340000, 0.340000
-0.005557, -0.001112, 0.270096, 0.270604, 0.270604
-0.005441, -0.001112, 0.327822, 0.327898, 0.327890
-0.005324, -0.001112, 0.339928, 0.339925, 0.339928
-0.005207, -0.001112, 0.331798, 0.331706, 0.332516
-0.005089, -0.001112, 0.339928, 0.339925, 0.339928
-0.004972, -0.001112, 0.308151, 0.309989, 0.307332
-0.004855, -0.001112, 0.337550, 0.337528, 0.337573
-0.004738, -0.001112, 0.328204, 0.328101, 0.328506
-0.004621, -0.001112, 0.314506, 0.315333, 0.313973
-0.004504, -0.001112, 0.321793, 0.322190, 0.321559
-0.004387, -0.001112, 0.324929, 0.324832, 0.325816
-0.004270, -0.001112, 0.312647, 0.313497, 0.312705
-0.004154, -0.001112, 0.340000, 0.340000, 0.340000
-0.004036, -0.001112, 0.340000, 0.340000, 0.340000
-0.003920, -0.001112, 0.340000, 0.340000, 0.340000
-0.003803, -0.001112, 0.327225, 0.327270, 0.327959
-0.003686, -0.001112, 0.340000, 0.340000, 0.340000
-0.003569, -0.001112, 0.314989, 0.315155, 0.316103
-0.003452, -0.001112, 0.340000, 0.340000, 0.340000
-0.003335, -0.001112, 0.326630, 0.327627, 0.326084
-0.003218, -0.001112, 0.287682, 0.290406, 0.286465
-0.003101, -0.001112, 0.328061, 0.328988, 0.327543
-0.002984, -0.001112, 0.338913, 0.338902, 0.338902
-0.002867, -0.001112, 0.334169, 0.334163, 0.334230
-0.002750, -0.001112, 0.340000, 0.340000, 0.340000
-0.002633, -0.001112, 0.254415, 0.257307, 0.253256
-0.002516, -0.001112, 0.340000, 0.340000, 0.340000
-0.002399, -0.001112, 0.340000, 0.340000, 0.340000
-0.002282, -0.001112, 0.339999, 0.339999, 0.339999
-0.002165, -0.001112, 0.340000, 0.340000, 0.340000
-0.002048, -0.001112, 0.340000, 0.340000, 0.340000
-0.001931, -0.001112, 0.340000, 0.340000, 0.340000
-0.001814, -0.001112, 0.340000, 0.340000, 0.340000
-0.001697, -0.001112, 0.340000, 0.340000, 0.340000
-0.001580, -0.001112, 0.340000, 0.340000, 0.340000
-0.001463, -0.001112, 0.338623, 0.338623, 0.338594
-0.001345, -0.001112, 0.269650, 0.270334, 0.270334
-0.001228, -0.001112, 0.329767, 0.329823, 0.329823
-0.001112, -0.001112, 0.340000, 0.340000, 0.340000
-0.000995, -0.001112, 0.340000, 0.340000, 0.340000
-0.000878, -0.001112, 0.340000, 0.340000, 0.340000
-0.000761, -0.001112, 0.340000, 0.340000, 0.340000
-0.000644, -0.001112, 0.332014, 0.332023, 0.332135
-0.000527, -0.001112, 0.339144, 0.339133, 0.339133
-0.000410, -0.001112, 0.340000, 0.340000, 0.340000
-0.000293, -0.001112, 0.340000, 0.340000, 0.340000
-0.000176, -0.001112, 0.331181, 0.331196, 0.331629
-0.000058, -0.001112, 0.340000, 0.340000, 0.340000
0.000058, -0.001112, 0.340000, 0.340000, 0.340000
0.000175, -0.001112, 0.331181, 0.331196, 0.331629
0.000292, -0.001112, 0.340000, 0.340000, 0.340000
0.000409, -0.001112, 0.340000, 0.340000, 0.340000
0.000526, -0.001112, 0.339144, 0.339133, 0.339133
0.000643, -0.001112, 0.332014, 0.332023, 0.332135
0.000760, -0.001112, 0.340000, 0.340000, 0.340000
0.000877, -0.001112, 0.340000, 0.340000, 0.340000
0.000994, -0.001112, 0.331176, 0.331189, 0.331741
0.001112, -0.001112, 0.340000, 0.340000, 0.340000
0.001228, -0.001112, 0.340000, 0.340000, 0.340000
0.001345, -0.001112, 0.294066, 0.295388, 0.293474
0.001462, -0.001112, 0.338706, 0.338776, 0.338564
0.001579, -0.001112, 0.340000, 0.340000, 0.340000
0.001696, -0.001112, 0.340000, 0.340000, 0.340000
0.001813, -0.001112, 0.331178, 0.331191, 0.331716
0.001930, -0.001112, 0.340000, 0.340000, 0.340000
0.002048, -0.001112, 0.340000, 0.340000, 0.340000
0.002164, -0.001112, 0.331276, 0.331300, 0.331505
0.002282, -0.001112, 0.339909, 0.339904, 0.339904
0.002398, -0.001112, 0.340000, 0.340000, 0.340000
0.002515, -0.001112, 0.324801, 0.325868, 0.324238
0.002632, -0.001112, 0.312661, 0.313968, 0.312043
0.002749, -0.001112, 0.340000, 0.340000, 0.340000
0.002866, -0.001112, 0.340000, 0.340000, 0.340000
0.002983, -0.001112, 0.248533, 0.251030, 0.247515
0.003101, -0.001112, 0.340000, 0.340000, 0.340000
0.003217, -0.001112, 0.340000, 0.340000, 0.340000
0.003335, -0.001112, 0.335173, 0.335161, 0.335497
0.003451, -0.001112, 0.340000, 0.340000, 0.340000
0.003569, -0.001112, 0.340000, 0.340000, 0.340000
0.003685, -0.001112, 0.191510, 0.192764, 0.191099
0.003802, -0.001112, 0.170000, 0.170000, 0.170000
0.003919, -0.001112, 0.170000, 0.170000, 0.170000
0.004037, -0.001112, 0.170000, 0.170000, 0.170000
0.004153, -0.001112, 0.170000, 0.170000, 0.170000
0.004270, -0.001112, 0.170000, 0.170000, 0.170000
0.004388, -0.001112, 0.170000, 0.170000, 0.170000
0.004504, -0.001112, 0.170000, 0.170000, 0.170000
0.004622, -0.001112, 0.170000, 0.170000, 0.170000
0.004738, -0.001112, 0.191878, 0.192528, 0.191572
0.004856, -0.001112, 0.320449, 0.320584, 0.320469
0.004972, -0.001112, 0.185873, 0.186405, 0.185613
0.005090, -0.001112, 0.228492, 0.229042, 0.228591
0.005206, -0.001112, 0.311363, 0.311234, 0.312896
0.005324, -0.001112, 0.213918, 0.214478, 0.213852
0.005440, -0.001112, 0.170000, 0.170000, 0.170000
0.005557, -0.001112, 0.170000, 0.170000, 0.170000
0.005675, -0.001112, 0.170000, 0.170000, 0.170000
0.005791, -0.001112, 0.170000, 0.170000, 0.170000
-0.005791, -0.000995, 0.190083, 0.191193, 0.189598
-0.005674, -0.000995, 0.307439, 0.307291, 0.309251
-0.005557, -0.000995, 0.323020, 0.322902, 0.324319
-0.005441, -0.000995, 0.340000, 0.340000, 0.340000
-0.005324, -0.000995, 0.340000, 0.340000, 0.340000
-0.005207, -0.000995, 0.331025, 0.331004, 0.331612
-0.005089, -0.000995, 0.340000, 0.340000, 0.340000
-0.004972, -0.000995, 0.331287, 0.331257, 0.331473
-0.004855, -0.000995, 0.300874, 0.300569, 0.303772
-0.004738, -0.000995, 0.329895, 0.329788, 0.330671
-0.004621, -0.000995, 0.325216, 0.325762, 0.324887
-0.004504, -0.000995, 0.309913, 0.309796, 0.311963
-0.004387, -0.000995, 0.314786, 0.315338, 0.314864
-0.004270, -0.000995, 0.340000, 0.340000, 0.340000
-0.004154, -0.000995, 0.340000, 0.340000, 0.340000
-0.004036, -0.000995, 0.337415, 0.337374, 0.337526
-0.003920, -0.000995, 0.334578, 0.334554, 0.334699
-0.003803, -0.000995, 0.340000, 0.340000, 0.340000
-0.003686, -0.000995, 0.335572, 0.335717, 0.335429
-0.003569, -0.000995, 0.219137, 0.219553, 0.219402
-0.003452, -0.000995, 0.333483, 0.333686, 0.333309
-0.003335, -0.000995, 0.326630, 0.327627, 0.326084
-0.003218, -0.000995, 0.287682, 0.290406, 0.286465
-0.003101, -0.000995, 0.328061, 0.328988, 0.327543
-0.002984, -0.000995, 0.282489, 0.283044, 0.283046
-0.002867, -0.000995, 0.252101, 0.252675, 0.252964
-0.002750, -0.000995, 0.340000, 0.340000, 0.340000
-0.002633, -0.000995, 0.254415, 0.257307, 0.253256
-0.002516, -0.000995, 0.340000, 0.340000, 0.340000
-0.002399, -0.000995, 0.340000, 0.340000, 0.340000
-0.002282, -0.000995, 0.340000, 0.340000, 0.340000
-0.002165, -0.000995, 0.328507, 0.328554, 0.328591
-0.002048, -0.000995, 0.285780, 0.285616, 0.287520
-0.001931, -0.000995, 0.290937, 0.290884, 0.292570
-0.001814, -0.000995, 0.339515, 0.339506, 0.339506
-0.001697, -0.000995, 0.340000, 0.340000, 0.340000
-0.001580, -0.000995, 0.340000, 0.340000, 0.340000
-0.001463, -0.000995, 0.340000, 0.340000, 0.340000
-0.001345, -0.000995, 0.338267, 0.338258, 0.338258
-0.001228, -0.000995, 0.273307, 0.273364, 0.275305
-0.001112, -0.000995, 0.268961, 0.269522, 0.269467
-0.000995, -0.000995, 0.339778, 0.339771, 0.339771
-0.000878, -0.000995, 0.340000, 0.340000, 0.340000
-0.000761, -0.000995, 0.340000, 0.340000, 0.340000
-0.000644, -0.000995, 0.245689, 0.246279, 0.246565
-0.000527, -0.000995, 0.289536, 0.290111, 0.289879
-0.000410, -0.000995, 0.340000, 0.340000, 0.340000
-0.000293, -0.000995, 0.314741, 0.315348, 0.314432
-0.000176, -0.000995, 0.220296, 0.220832, 0.220978
-0.000058, -0.000995, 0.340000, 0.340000, 0.340000
0.000058, -0.000995, 0.340000, 0.340000, 0.340000
0.000175, -0.000995, 0.220296, 0.220832, 0.220978
0.000292, -0.000995, 0.314741, 0.315348, 0.314432
0.000409, -0.000995, 0.340000, 0.340000, 0.340000
0.000526, -0.000995, 0.289536, 0.290111, 0.289879
0.000643, -0.000995, 0.245689, 0.246279, 0.246565
0.000760, -0.000995, 0.340000, 0.340000, 0.340000
0.000877, -0.000995, 0.337027, 0.337136, 0.336912
0.000994, -0.000995, 0.206198, 0.206399, 0.206399
0.001112, -0.000995, 0.331426, 0.331741, 0.331189
0.001228, -0.000995, 0.340000, 0.340000, 0.340000
0.001345, -0.000995, 0.294066, 0.295388, 0.293474
0.001462, -0.000995, 0.338706, 0.338776, 0.338564
0.001579, -0.000995, 0.340000, 0.340000, 0.340000
0.001696, -0.000995, 0.325502, 0.325969, 0.325189
0.001813, -0.000995, 0.209982, 0.210262, 0.210316
0.001930, -0.000995, 0.339275, 0.339291, 0.339231
0.002048, -0.000995, 0.340000, 0.340000, 0.340000
0.002164, -0.000995, 0.234322, 0.234932, 0.235171
0.002282, -0.000995, 0.300894, 0.301508, 0.300902
0.002398, -0.000995, 0.340000, 0.340000, 0.340000
0.002515, -0.000995, 0.324797, 0.325864, 0.324235
0.002632, -0.000995, 0.312661, 0.313968, 0.312043
0.002749, -0.000995, 0.340000, 0.340000, 0.340000
0.002866, -0.000995, 0.340000, 0.340000, 0.340000
0.002983, -0.000995, 0.248533, 0.251030, 0.247515
0.003101, -0.000995, 0.340000, 0.340000, 0.340000
0.003217, -0.000995, 0.337121, 0.337227, 0.337008
0.003335, -0.000995, 0.205556, 0.205749, 0.205760
0.003451, -0.000995, 0.331266, 0.331589, 0.331025
0.003569, -0.000995, 0.340000, 0.340000, 0.340000
0.003685, -0.000995, 0.191510, 0.192764, 0.191099
0.003802, -0.000995, 0.170000, 0.170000, 0.170000
0.003919, -0.000995, 0.170000, 0.170000, 0.170000
0.004037, -0.000995, 0.170000, 0.170000, 0.170000
0.004153, -0.000995, 0.170000, 0.170000, 0.170000
0.004270, -0.000995, 0.170000, 0.170000, 0.170000
0.004388, -0.000995, 0.170000, 0.170000, 0.170000
0.004504, -0.000995, 0.170000, 0.170000, 0.170000
0.004622, -0.000995, 0.170000, 0.170000, 0.170000
0.004738, -0.000995, 0.182836, 0.183082, 0.182712
0.004856, -0.000995, 0.267816, 0.267827, 0.269240
0.004972, -0.000995, 0.178914, 0.179114, 0.178795
0.005090, -0.000995, 0.170000, 0.170000, 0.170000
0.005206, -0.000995, 0.170000, 0.170000, 0.170000
0.005324, -0.000995, 0.170000, 0.170000, 0.170000
0.005440, -0.000995, 0.234683, 0.234850, 0.235700
0.005557, -0.000995, 0.262660, 0.262513, 0.264263
0.005675, -0.000995, 0.202429, 0.202648, 0.202716
0.005791, -0.000995, 0.170000, 0.170000, 0.170000
-0.005791, -0.000878, 0.170000, 0.170000, 0.170000
-0.005674, -0.000878, 0.286962, 0.287596, 0.287654
-0.005557, -0.000878, 0.319520, 0.319499, 0.320528
-0.005441, -0.000878, 0.312502, 0.313501, 0.311957
-0.005324, -0.000878, 0.339030, 0.339020, 0.339041
-0.005207, -0.000878, 0.336735, 0.336647, 0.337082
-0.005089, -0.000878, 0.339030, 0.339020, 0.339040
-0.004972, -0.000878, 0.322682, 0.323191, 0.322423
-0.004855, -0.000878, 0.318823, 0.318892, 0.319819
-0.004738, -0.000878, 0.317732, 0.317845, 0.318653
-0.004621, -0.000878, 0.324434, 0.324834, 0.324165
-0.004504, -0.000878, 0.329289, 0.329210, 0.329975
-0.004387, -0.000878, 0.328799, 0.328630, 0.330019
-0.004270, -0.000878, 0.340000, 0.340000, 0.340000
-0.004154, -0.000878, 0.307793, 0.308367, 0.308077
-0.004036, -0.000878, 0.333959, 0.333850, 0.334175
-0.003920, -0.000878, 0.325360, 0.325404, 0.325485
-0.003803, -0.000878, 0.336896, 0.336904, 0.336877
-0.003686, -0.000878, 0.340000, 0.340000, 0.340000
-0.003569, -0.000878, 0.340000, 0.340000, 0.340000
-0.003452, -0.000878, 0.340000, 0.340000, 0.340000
-0.003335, -0.000878, 0.326630, 0.327627, 0.326084
-0.003218, -0.000878, 0.287682, 0.290406, 0.286465
-0.003101, -0.000878, 0.328061, 0.328988, 0.327543
-0.002984, -0.000878, 0.339555, 0.339545, 0.339545
-0.002867, -0.000878, 0.336046, 0.336034, 0.336089
-0.002750, -0.000878, 0.340000, 0.340000, 0.340000
-0.002633, -0.000878, 0.254415, 0.257307, 0.253256
-0.002516, -0.000878, 0.340000, 0.340000, 0.340000
-0.002399, -0.000878, 0.340000, 0.340000, 0.340000
-0.002282, -0.000878, 0.334198, 0.334383, 0.334043
-0.002165, -0.000878, 0.245587, 0.246205, 0.246205
-0.002048, -0.000878, 0.319853, 0.319760, 0.321233
-0.001931, -0.000878, 0.292332, 0.292619, 0.293080
-0.001814, -0.000878, 0.250889, 0.251390, 0.251390
-0.001697, -0.000878, 0.339515, 0.339506, 0.339506
-0.001580, -0.000878, 0.340000, 0.340000, 0.340000
-0.001463, -0.000878, 0.340000, 0.340000, 0.340000
-0.001345, -0.000878, 0.340000, 0.340000, 0.340000
-0.001228, -0.000878, 0.340000, 0.340000, 0.340000
-0.001112, -0.000878, 0.316753, 0.316934, 0.316934
-0.000995, -0.000878, 0.284852, 0.286111, 0.284505
-0.000878, -0.000878, 0.340000, 0.340000, 0.340000
-0.000761, -0.000878, 0.340000, 0.340000, 0.340000
-0.000644, -0.000878, 0.336942, 0.336927, 0.337016
-0.000527, -0.000878, 0.339994, 0.339994, 0.339994
-0.000410, -0.000878, 0.340000, 0.340000, 0.340000
-0.000293, -0.000878, 0.340000, 0.340000, 0.340000
-0.000176, -0.000878, 0.336932, 0.336913, 0.337121
-0.000058, -0.000878, 0.340000, 0.340000, 0.340000
0.000058, -0.000878, 0.340000, 0.340000, 0.340000
0.000175, -0.000878, 0.336932, 0.336913, 0.337121
0.000292, -0.000878, 0.340000, 0.340000, 0.340000
0.000409, -0.000878, 0.340000, 0.340000, 0.340000
0.000526, -0.000878, 0.339994, 0.339994, 0.339994
0.000643, -0.000878, 0.336942, 0.336927, 0.337016
0.000760, -0.000878, 0.340000, 0.340000, 0.340000
0.000877, -0.000878, 0.340000, 0.340000, 0.340000
0.000994, -0.000878, 0.336932, 0.336912, 0.337136
0.001112, -0.000878, 0.340000, 0.340000, 0.340000
0.001228, -0.000878, 0.340000, 0.340000, 0.340000
0.001345, -0.000878, 0.294066, 0.295388, 0.293474
0.001462, -0.000878, 0.338706, 0.338776, 0.338564
0.001579, -0.000878, 0.340000, 0.340000, 0.340000
0.001696, -0.000878, 0.340000, 0.340000, 0.340000
0.001813, -0.000878, 0.336932, 0.336913, 0.337133
0.001930, -0.000878, 0.340000, 0.340000, 0.340000
0.002048, -0.000878, 0.340000, 0.340000, 0.340000
0.002164, -0.000878, 0.336933, 0.336914, 0.337087
0.002282, -0.000878, 0.340000, 0.340000, 0.340000
0.002398, -0.000878, 0.340000, 0.340000, 0.340000
0.002515, -0.000878, 0.324797, 0.325864, 0.324235
0.002632, -0.000878, 0.312661, 0.313968, 0.312043
0.002749, -0.000878, 0.340000, 0.340000, 0.340000
0.002866, -0.000878, 0.340000, 0.340000, 0.340000
0.002983, -0.000878, 0.248533, 0.251030, 0.247515
0.003101, -0.000878, 0.340000, 0.340000, 0.340000
0.003217, -0.000878, 0.340000, 0.340000, 0.340000
0.003335, -0.000878, 0.333625, 0.333621, 0.334046
0.003451, -0.000878, 0.340000, 0.340000, 0.340000
0.003569, -0.000878, 0.340000, 0.340000, 0.340000
0.003685, -0.000878, 0.191510, 0.192764, 0.191099
0.003802, -0.000878, 0.170000, 0.170000, 0.170000
0.003919, -0.000878, 0.170000, 0.170000, 0.170000
0.004037, -0.000878, 0.170000, 0.170000, 0.170000
0.004153, -0.000878, 0.170000, 0.170000, 0.170000
0.004270, -0.000878, 0.215413, 0.216107, 0.215204
0.004388, -0.000878, 0.326868, 0.326726, 0.327731
0.004504, -0.000878, 0.248442, 0.249057, 0.248706
0.004622, -0.000878, 0.170000, 0.170000, 0.170000
0.004738, -0.000878, 0.170000, 0.170000, 0.170000
0.004856, -0.000878, 0.170000, 0.170000, 0.170000
0.004972, -0.000878, 0.223458, 0.224275, 0.223176
0.005090, -0.000878, 0.312096, 0.312019, 0.313618
0.005206, -0.000878, 0.327298, 0.327154, 0.328137
0.005324, -0.000878, 0.222733, 0.223447, 0.222576
0.005440, -0.000878, 0.324349, 0.325431, 0.323784
0.005557, -0.000878, 0.340000, 0.340000, 0.340000
0.005675, -0.000878, 0.327801, 0.327876, 0.327876
0.005791, -0.000878, 0.175410, 0.175818, 0.175188
-0.005791, -0.000761, 0.170207, 0.170212, 0.170191
-0.005674, -0.000761, 0.322459, 0.322992, 0.322292
-0.005557, -0.000761, 0.340000, 0.340000, 0.340000
-0.005441, -0.000761, 0.304440, 0.306574, 0.303410
-0.005324, -0.000761, 0.330959, 0.331251, 0.330924
-0.005207, -0.000761, 0.340000, 0.340000, 0.340000
-0.005089, -0.000761, 0.330949, 0.331241, 0.330869
-0.004972, -0.000761, 0.310883, 0.312334, 0.310133
-0.004855, -0.000761, 0.335394, 0.335402, 0.335402
-0.004738, -0.000761, 0.333392, 0.333440, 0.333401
-0.004621, -0.000761, 0.318368, 0.319592, 0.317598
-0.004504, -0.000761, 0.318053, 0.319084, 0.317592
-0.004387, -0.000761, 0.315245, 0.315361, 0.315715
-0.004270, -0.000761, 0.265857, 0.265276, 0.271127
-0.004154, -0.000761, 0.290331, 0.290312, 0.292152
-0.004036, -0.000761, 0.339996, 0.339996, 0.339996
-0.003920, -0.000761, 0.333023, 0.333287, 0.332773
-0.003803, -0.000761, 0.335787, 0.335874, 0.335702
-0.003686, -0.000761, 0.340000, 0.340000, 0.340000
-0.003569, -0.000761, 0.340000, 0.340000, 0.340000
-0.003452, -0.000761, 0.340000, 0.340000, 0.340000
-0.003335, -0.000761, 0.326630, 0.327627, 0.326084
-0.003218, -0.000761, 0.287682, 0.290406, 0.286465
-0.003101, -0.000761, 0.328061, 0.328988, 0.327543
-0.002984, -0.000761, 0.340000, 0.340000, 0.340000
-0.002867, -0.000761, 0.340000, 0.340000, 0.340000
-0.002750, -0.000761, 0.340000, 0.340000, 0.340000
-0.002633, -0.000761, 0.254415, 0.257307, 0.253256
-0.002516, -0.000761, 0.340000, 0.340000, 0.340000
-0.002399, -0.000761, 0.340000, 0.340000, 0.340000
-0.002282, -0.000761, 0.321916, 0.323082, 0.321301
-0.002165, -0.000761, 0.297932, 0.299271, 0.297308
-0.002048, -0.000761, 0.340000, 0.340000, 0.340000
-0.001931, -0.000761, 0.340000, 0.340000, 0.340000
-0.001814, -0.000761, 0.246762, 0.247947, 0.246355
-0.001697, -0.000761, 0.322848, 0.323978, 0.322268
-0.001580, -0.000761, 0.340000, 0.340000, 0.340000
-0.001463, -0.000761, 0.340000, 0.340000, 0.340000
-0.001345, -0.000761, 0.340000, 0.340000, 0.340000
-0.001228, -0.000761, 0.340000, 0.340000, 0.340000
-0.001112, -0.000761, 0.340000, 0.340000, 0.340000
-0.000995, -0.000761, 0.283344, 0.285869, 0.282227
-0.000878, -0.000761, 0.340000, 0.340000, 0.340000
-0.000761, -0.000761, 0.340000, 0.340000, 0.340000
-0.000644, -0.000761, 0.340000, 0.340000, 0.340000
-0.000527, -0.000761, 0.340000, 0.340000, 0.340000
-0.000410, -0.000761, 0.340000, 0.340000, 0.340000
-0.000293, -0.000761, 0.340000, 0.340000, 0.340000
-0.000176, -0.000761, 0.340000, 0.340000, 0.340000
-0.000058, -0.000761, 0.340000, 0.340000, 0.340000
0.000058, -0.000761, 0.340000, 0.340000, 0.340000
0.000175, -0.000761, 0.340000, 0.340000, 0.340000
0.000292, -0.000761, 0.340000, 0.340000, 0.340000
0.000409, -0.000761, 0.340000, 0.340000, 0.340000
0.000526, -0.000761, 0.340000, 0.340000, 0.340000
0.000643, -0.000761, 0.340000, 0.340000, 0.340000
0.000760, -0.000761, 0.340000, 0.340000, 0.340000
0.000877, -0.000761, 0.340000, 0.340000, 0.340000
0.000994, -0.000761, 0.340000, 0.340000, 0.340000
0.001112, -0.000761, 0.340000, 0.340000, 0.340000
0.001228, -0.000761, 0.340000, 0.340000, 0.340000
0.001345, -0.000761, 0.294066, 0.295388, 0.293474
0.001462, -0.000761, 0.338706, 0.338776, 0.338564
0.001579, -0.000761, 0.340000, 0.340000, 0.340000
0.001696, -0.000761, 0.340000, 0.340000, 0.340000
0.001813, -0.000761, 0.340000, 0.340000, 0.340000
0.001930, -0.000761, 0.340000, 0.340000, 0.340000
0.002048, -0.000761, 0.340000, 0.340000, 0.340000
0.002164, -0.000761, 0.340000, 0.340000, 0.340000
0.002282, -0.000761, 0.340000, 0.340000, 0.340000
0.002398, -0.000761, 0.340000, 0.340000, 0.340000
0.002515, -0.000761, 0.326145, 0.327085, 0.325636
0.002632, -0.000761, 0.312634, 0.313942, 0.312015
0.002749, -0.000761, 0.340000, 0.340000, 0.340000
0.002866, -0.000761, 0.340000, 0.340000, 0.340000
0.002983, -0.000761, 0.248533, 0.251030, 0.247515
0.003101, -0.000761, 0.340000, 0.340000, 0.340000
0.003217, -0.000761, 0.340000, 0.340000, 0.340000
0.003335, -0.000761, 0.340000, 0.340000, 0.340000
0.003451, -0.000761, 0.340000, 0.340000, 0.340000
0.003569, -0.000761, 0.340000, 0.340000, 0.340000
0.003685, -0.000761, 0.191510, 0.192764, 0.191099
0.003802, -0.000761, 0.170000, 0.170000, 0.170000
0.003919, -0.000761, 0.170000, 0.170000, 0.170000
0.004037, -0.000761, 0.170000, 0.170000, 0.170000
0.004153, -0.000761, 0.170000, 0.170000, 0.170000
0.004270, -0.000761, 0.242986, 0.244010, 0.242795
0.004388, -0.000761, 0.340000, 0.340000, 0.340000
0.004504, -0.000761, 0.338566, 0.338542, 0.338594
0.004622, -0.000761, 0.284822, 0.284855, 0.286110
0.004738, -0.000761, 0.176427, 0.176615, 0.176311
0.004856, -0.000761, 0.170000, 0.170000, 0.170000
0.004972, -0.000761, 0.198704, 0.198974, 0.198753
0.005090, -0.000761, 0.302874, 0.302994, 0.303530
0.005206, -0.000761, 0.340000, 0.340000, 0.340000
0.005324, -0.000761, 0.251702, 0.252717, 0.251543
0.005440, -0.000761, 0.324349, 0.325431, 0.323784
0.005557, -0.000761, 0.340000, 0.340000, 0.340000
0.005675, -0.000761, 0.337230, 0.337226, 0.337226
0.005791, -0.000761, 0.177241, 0.177848, 0.176936
-0.005791, -0.000644, 0.170000, 0.170000, 0.170000
-0.005674, -0.000644, 0.191403, 0.191430, 0.191998
-0.005557, -0.000644, 0.252165, 0.252196, 0.253512
-0.005441, -0.000644, 0.301356, 0.302671, 0.300690
-0.005324, -0.000644, 0.340000, 0.340000, 0.340000
-0.005207, -0.000644, 0.330009, 0.330108, 0.330744
-0.005089, -0.000644, 0.340000, 0.340000, 0.340000
-0.004972, -0.000644, 0.339960, 0.339958, 0.339958
-0.004855, -0.000644, 0.307398, 0.307307, 0.309277
-0.004738, -0.000644, 0.306567, 0.306423, 0.308285
-0.004621, -0.000644, 0.339704, 0.339697, 0.339695
-0.004504, -0.000644, 0.323972, 0.324031, 0.324301
-0.004387, -0.000644, 0.318295, 0.318196, 0.319335
-0.004270, -0.000644, 0.339980, 0.339979, 0.339979
-0.004154, -0.000644, 0.332506, 0.332497, 0.332620
-0.004036, -0.000644, 0.328248, 0.328060, 0.329033
-0.003920, -0.000644, 0.324110, 0.324143, 0.325099
-0.003803, -0.000644, 0.340000, 0.340000, 0.340000
-0.003686, -0.000644, 0.340000, 0.340000, 0.340000
-0.003569, -0.000644, 0.316266, 0.316418, 0.317362
-0.003452, -0.000644, 0.340000, 0.340000, 0.340000
-0.003335, -0.000644, 0.326630, 0.327627, 0.326084
-0.003218, -0.000644, 0.287682, 0.290406, 0.286465
-0.003101, -0.000644, 0.328061, 0.328988, 0.327543
-0.002984, -0.000644, 0.313502, 0.313745, 0.313599
-0.002867, -0.000644, 0.266584, 0.267035, 0.267090
-0.002750, -0.000644, 0.340000, 0.340000, 0.340000
-0.002633, -0.000644, 0.254415, 0.257307, 0.253256
-0.002516, -0.000644, 0.340000, 0.340000, 0.340000
-0.002399, -0.000644, 0.340000, 0.340000, 0.340000
-0.002282, -0.000644, 0.321916, 0.323082, 0.321301
-0.002165, -0.000644, 0.298183, 0.299527, 0.297547
-0.002048, -0.000644, 0.340000, 0.340000, 0.340000
-0.001931, -0.000644, 0.340000, 0.340000, 0.340000
-0.001814, -0.000644, 0.249204, 0.250440, 0.248700
-0.001697, -0.000644, 0.322776, 0.323908, 0.322199
-0.001580, -0.000644, 0.340000, 0.340000, 0.340000
-0.001463, -0.000644, 0.292155, 0.292571, 0.292376
-0.001345, -0.000644, 0.283025, 0.283465, 0.283325
-0.001228, -0.000644, 0.340000, 0.340000, 0.340000
-0.001112, -0.000644, 0.340000, 0.340000, 0.340000
-0.000995, -0.000644, 0.283344, 0.285869, 0.282227
-0.000878, -0.000644, 0.340000, 0.340000, 0.340000
-0.000761, -0.000644, 0.340000, 0.340000, 0.340000
-0.000644, -0.000644, 0.271423, 0.271851, 0.271851
-0.000527, -0.000644, 0.303667, 0.304009, 0.303801
-0.000410, -0.000644, 0.340000, 0.340000, 0.340000
-0.000293, -0.000644, 0.320061, 0.320260, 0.320083
-0.000176, -0.000644, 0.254904, 0.255496, 0.255406
-0.000058, -0.000644, 0.340000, 0.340000, 0.340000
0.000058, -0.000644, 0.340000, 0.340000, 0.340000
0.000175, -0.000644, 0.254904, 0.255496, 0.255406
0.000292, -0.000644, 0.320061, 0.320260, 0.320083
0.000409, -0.000644, 0.340000, 0.340000, 0.340000
0.000526, -0.000644, 0.303667, 0.304009, 0.303801
0.000643, -0.000644, 0.271423, 0.271851, 0.271851
0.000760, -0.000644, 0.340000, 0.340000, 0.340000
0.000877, -0.000644, 0.336980, 0.337016, 0.336927
0.000994, -0.000644, 0.245892, 0.246565, 0.246279
0.001112, -0.000644, 0.332053, 0.332135, 0.332023
0.001228, -0.000644, 0.340000, 0.340000, 0.340000
0.001345, -0.000644, 0.294066, 0.295388, 0.293474
0.001462, -0.000644, 0.338706, 0.338776, 0.338564
0.001579, -0.000644, 0.340000, 0.340000, 0.340000
0.001696, -0.000644, 0.327541, 0.327666, 0.327525
0.001813, -0.000644, 0.248116, 0.248752, 0.248490
0.001930, -0.000644, 0.339273, 0.339282, 0.339231
0.002048, -0.000644, 0.340000, 0.340000, 0.340000
0.002164, -0.000644, 0.263922, 0.264396, 0.264422
0.002282, -0.000644, 0.311106, 0.311387, 0.311187
0.002398, -0.000644, 0.340000, 0.340000, 0.340000
0.002515, -0.000644, 0.324797, 0.325864, 0.324235
0.002632, -0.000644, 0.312661, 0.313968, 0.312043
0.002749, -0.000644, 0.340000, 0.340000, 0.340000
0.002866, -0.000644, 0.340000, 0.340000, 0.340000
0.002983, -0.000644, 0.248533, 0.251030, 0.247515
0.003101, -0.000644, 0.340000, 0.340000, 0.340000
0.003217, -0.000644, 0.340000, 0.340000, 0.340000
0.003335, -0.000644, 0.340000, 0.340000, 0.340000
0.003451, -0.000644, 0.340000, 0.340000, 0.340000
0.003569, -0.000644, 0.340000, 0.340000, 0.340000
0.003685, -0.000644, 0.191510, 0.192764, 0.191099
0.003802, -0.000644, 0.170000, 0.170000, 0.170000
0.003919, -0.000644, 0.170000, 0.170000, 0.170000
0.004037, -0.000644, 0.170000, 0.170000, 0.170000
0.004153, -0.000644, 0.170000, 0.170000, 0.170000
0.004270, -0.000644, 0.171523, 0.171513, 0.171513
0.004388, -0.000644, 0.235869, 0.235727, 0.238352
0.004504, -0.000644, 0.262199, 0.262169, 0.264134
0.004622, -0.000644, 0.295008, 0.295009, 0.296483
0.004738, -0.000644, 0.180340, 0.180730, 0.180144
0.004856, -0.000644, 0.170000, 0.170000, 0.170000
0.004972, -0.000644, 0.170000, 0.170000, 0.170000
0.005090, -0.000644, 0.176370, 0.176349, 0.176450
0.005206, -0.000644, 0.212573, 0.212459, 0.214207
0.005324, -0.000644, 0.172892, 0.172886, 0.172889
0.005440, -0.000644, 0.300468, 0.301236, 0.300677
0.005557, -0.000644, 0.335768, 0.335684, 0.335932
0.005675, -0.000644, 0.227619, 0.228052, 0.228052
0.005791, -0.000644, 0.170000, 0.170000, 0.170000
-0.005791, -0.000527, 0.170000, 0.170000, 0.170000
-0.005674, -0.000527, 0.221115, 0.221185, 0.222140
-0.005557, -0.000527, 0.275881, 0.275795, 0.277413
-0.005441, -0.000527, 0.299065, 0.300205, 0.298579
-0.005324, -0.000527, 0.325188, 0.325387, 0.325668
-0.005207, -0.000527, 0.327542, 0.327391, 0.328269
-0.005089, -0.000527, 0.332859, 0.332956, 0.332704
-0.004972, -0.000527, 0.340000, 0.340000, 0.340000
-0.004855, -0.000527, 0.338476, 0.338466, 0.338466
-0.004738, -0.000527, 0.320783, 0.320880, 0.321172
-0.004621, -0.000527, 0.340000, 0.340000, 0.340000
-0.004504, -0.000527, 0.323091, 0.323072, 0.323810
-0.004387, -0.000527, 0.317563, 0.317391, 0.319659
-0.004270, -0.000527, 0.326328, 0.326279, 0.326920
-0.004154, -0.000527, 0.307123, 0.306999, 0.308919
-0.004036, -0.000527, 0.331576, 0.331452, 0.331887
-0.003920, -0.000527, 0.325955, 0.325967, 0.326231
-0.003803, -0.000527, 0.340000, 0.340000, 0.340000
-0.003686, -0.000527, 0.335573, 0.335721, 0.335429
-0.003569, -0.000527, 0.217821, 0.218213, 0.218067
-0.003452, -0.000527, 0.333486, 0.333694, 0.333308
-0.003335, -0.000527, 0.326630, 0.327627, 0.326084
-0.003218, -0.000527, 0.287682, 0.290406, 0.286465
-0.003101, -0.000527, 0.328061, 0.328988, 0.327543
-0.002984, -0.000527, 0.328109, 0.328181, 0.328181
-0.002867, -0.000527, 0.295180, 0.295423, 0.295766
-0.002750, -0.000527, 0.340000, 0.340000, 0.340000
-0.002633, -0.000527, 0.254415, 0.257307, 0.253256
-0.002516, -0.000527, 0.340000, 0.340000, 0.340000
-0.002399, -0.000527, 0.340000, 0.340000, 0.340000
-0.002282, -0.000527, 0.321916, 0.323082, 0.321301
-0.002165, -0.000527, 0.298183, 0.299527, 0.297547
-0.002048, -0.000527, 0.340000, 0.340000, 0.340000
-0.001931, -0.000527, 0.340000, 0.340000, 0.340000
-0.001814, -0.000527, 0.249204, 0.250440, 0.248700
-0.001697, -0.000527, 0.322776, 0.323908, 0.322199
-0.001580, -0.000527, 0.340000, 0.340000, 0.340000
-0.001463, -0.000527, 0.317306, 0.317483, 0.317483
-0.001345, -0.000527, 0.311130, 0.311345, 0.311373
-0.001228, -0.000527, 0.340000, 0.340000, 0.340000
-0.001112, -0.000527, 0.340000, 0.340000, 0.340000
-0.000995, -0.000527, 0.283344, 0.285869, 0.282227
-0.000878, -0.000527, 0.340000, 0.340000, 0.340000
-0.000761, -0.000527, 0.340000, 0.340000, 0.340000
-0.000644, -0.000527, 0.303605, 0.303801, 0.304009
-0.000527, -0.000527, 0.324770, 0.324874, 0.324874
-0.000410, -0.000527, 0.340000, 0.340000, 0.340000
-0.000293, -0.000527, 0.334174, 0.334191, 0.334191
-0.000176, -0.000527, 0.294179, 0.294483, 0.294916
-0.000058, -0.000527, 0.340000, 0.340000, 0.340000
0.000058, -0.000527, 0.340000, 0.340000, 0.340000
0.000175, -0.000527, 0.294179, 0.294483, 0.294916
0.000292, -0.000527, 0.334174, 0.334191, 0.334191
0.000409, -0.000527, 0.340000, 0.340000, 0.340000
0.000526, -0.000527, 0.324770, 0.324874, 0.324874
0.000643, -0.000527, 0.303605, 0.303801, 0.304009
0.000760, -0.000527, 0.340000, 0.340000, 0.340000
0.000877, -0.000527, 0.339994, 0.339994, 0.339994
0.000994, -0.000527, 0.289382, 0.289879, 0.290111
0.001112, -0.000527, 0.339144, 0.339133, 0.339133
0.001228, -0.000527, 0.340000, 0.340000, 0.340000
0.001345, -0.000527, 0.294066, 0.295388, 0.293474
0.001462, -0.000527, 0.338706, 0.338776, 0.338564
0.001579, -0.000527, 0.340000, 0.340000, 0.340000
0.001696, -0.000527, 0.337592, 0.337586, 0.337586
0.001813, -0.000527, 0.290838, 0.291261, 0.291649
0.001930, -0.000527, 0.340000, 0.340000, 0.340000
0.002048, -0.000527, 0.340000, 0.340000, 0.340000
0.002164, -0.000527, 0.299074, 0.299290, 0.299627
0.002282, -0.000527, 0.329268, 0.329329, 0.329329
0.002398, -0.000527, 0.340000, 0.340000, 0.340000
0.002515, -0.000527, 0.324797, 0.325864, 0.324235
0.002632, -0.000527, 0.312661, 0.313968, 0.312043
0.002749, -0.000527, 0.340000, 0.340000, 0.340000
0.002866, -0.000527, 0.340000, 0.340000, 0.340000
0.002983, -0.000527, 0.248533, 0.251030, 0.247515
0.003101, -0.000527, 0.340000, 0.340000, 0.340000
0.003217, -0.000527, 0.340000, 0.340000, 0.340000
0.003335, -0.000527, 0.340000, 0.340000, 0.340000
0.003451, -0.000527, 0.340000, 0.340000, 0.340000
0.003569, -0.000527, 0.340000, 0.340000, 0.340000
0.003685, -0.000527, 0.191510, 0.192764, 0.191099
0.003802, -0.000527, 0.170000, 0.170000, 0.170000
0.003919, -0.000527, 0.216465, 0.216540, 0.217366
0.004037, -0.000527, 0.248649, 0.248671, 0.249916
0.004153, -0.000527, 0.172923, 0.172919, 0.172919
0.004270, -0.000527, 0.183035, 0.183115, 0.183115
0.004388, -0.000527, 0.311080, 0.311605, 0.310861
0.004504, -0.000527, 0.287972, 0.289156, 0.287607
0.004622, -0.000527, 0.170000, 0.170000, 0.170000
0.004738, -0.000527, 0.231623, 0.231695, 0.232779
0.004856, -0.000527, 0.236595, 0.236677, 0.237705
0.004972, -0.000527, 0.170039, 0.170037, 0.170037
0.005090, -0.000527, 0.195033, 0.195150, 0.195296
0.005206, -0.000527, 0.256171, 0.256078, 0.257654
0.005324, -0.000527, 0.186664, 0.186775, 0.186780
0.005440, -0.000527, 0.171523, 0.171513, 0.171513
0.005557, -0.000527, 0.245474, 0.245528, 0.246666
0.005675, -0.000527, 0.221115, 0.221185, 0.222140
0.005791, -0.000527, 0.170000, 0.170000, 0.170000
-0.005791, -0.000410, 0.170208, 0.170212, 0.170191
-0.005674, -0.000410, 0.331417, 0.331784, 0.331136
-0.005557, -0.000410, 0.340000, 0.340000, 0.340000
-0.005441, -0.000410, 0.303414, 0.305663, 0.302357
-0.005324, -0.000410, 0.332072, 0.332450, 0.331764
-0.005207, -0.000410, 0.340000, 0.340000, 0.340000
-0.005089, -0.000410, 0.313331, 0.314727, 0.312554
-0.004972, -0.000410, 0.340000, 0.340000, 0.340000
-0.004855, -0.000410, 0.305296, 0.305813, 0.305306
-0.004738, -0.000410, 0.238771, 0.239366, 0.239472
-0.004621, -0.000410, 0.340000, 0.340000, 0.340000
-0.004504, -0.000410, 0.323556, 0.324614, 0.322903
-0.004387, -0.000410, 0.340000, 0.340000, 0.340000
-0.004270, -0.000410, 0.277006, 0.279036, 0.276186
-0.004154, -0.000410, 0.331691, 0.331616, 0.332154
-0.004036, -0.000410, 0.340000, 0.340000, 0.340000
-0.003920, -0.000410, 0.329551, 0.330255, 0.328965
-0.003803, -0.000410, 0.332859, 0.333273, 0.332528
-0.003686, -0.000410, 0.340000, 0.340000, 0.340000
-0.003569, -0.000410, 0.340000, 0.340000, 0.340000
-0.003452, -0.000410, 0.340000, 0.340000, 0.340000
-0.003335, -0.000410, 0.326630, 0.327627, 0.326084
-0.003218, -0.000410, 0.287682, 0.290406, 0.286465
-0.003101, -0.000410, 0.328061, 0.328988, 0.327543
-0.002984, -0.000410, 0.340000, 0.340000, 0.340000
-0.002867, -0.000410, 0.340000, 0.340000, 0.340000
-0.002750, -0.000410, 0.340000, 0.340000, 0.340000
-0.002633, -0.000410, 0.254415, 0.257307, 0.253256
-0.002516, -0.000410, 0.340000, 0.340000, 0.340000
-0.002399, -0.000410, 0.340000, 0.340000, 0.340000
-0.002282, -0.000410, 0.321916, 0.323082, 0.321301
-0.002165, -0.000410, 0.298183, 0.299527, 0.297547
-0.002048, -0.000410, 0.340000, 0.340000, 0.340000
-0.001931, -0.000410, 0.340000, 0.340000, 0.340000
-0.001814, -0.000410, 0.249204, 0.250440, 0.248700
-0.001697, -0.000410, 0.322776, 0.323908, 0.322199
-0.001580, -0.000410, 0.340000, 0.340000, 0.340000
-0.001463, -0.000410, 0.340000, 0.340000, 0.340000
-0.001345, -0.000410, 0.340000, 0.340000, 0.340000
-0.001228, -0.000410, 0.340000, 0.340000, 0.340000
-0.001112, -0.000410, 0.340000, 0.340000, 0.340000
-0.000995, -0.000410, 0.274752, 0.276845, 0.274324
-0.000878, -0.000410, 0.340000, 0.340000, 0.340000
-0.000761, -0.000410, 0.340000, 0.340000, 0.340000
-0.000644, -0.000410, 0.340000, 0.340000, 0.340000
-0.000527, -0.000410, 0.340000, 0.340000, 0.340000
-0.000410, -0.000410, 0.340000, 0.340000, 0.340000
-0.000293, -0.000410, 0.340000, 0.340000, 0.340000
-0.000176, -0.000410, 0.340000, 0.340000, 0.340000
-0.000058, -0.000410, 0.340000, 0.340000, 0.340000
0.000058, -0.000410, 0.340000, 0.340000, 0.340000
0.000175, -0.000410, 0.335032, 0.335021, 0.335335
0.000292, -0.000410, 0.340000, 0.340000, 0.340000
0.000409, -0.000410, 0.340000, 0.340000, 0.340000
0.000526, -0.000410, 0.340000, 0.340000, 0.340000
0.000643, -0.000410, 0.340000, 0.340000, 0.340000
0.000760, -0.000410, 0.340000, 0.340000, 0.340000
0.000877, -0.000410, 0.340000, 0.340000, 0.340000
0.000994, -0.000410, 0.340000, 0.340000, 0.340000
0.001112, -0.000410, 0.340000, 0.340000, 0.340000
0.001228, -0.000410, 0.340000, 0.340000, 0.340000
0.001345, -0.000410, 0.294066, 0.295388, 0.293474
0.001462, -0.000410, 0.338706, 0.338776, 0.338564
0.001579, -0.000410, 0.340000, 0.340000, 0.340000
0.001696, -0.000410, 0.340000, 0.340000, 0.340000
0.001813, -0.000410, 0.340000, 0.340000, 0.340000
0.001930, -0.000410, 0.340000, 0.340000, 0.340000
0.002048, -0.000410, 0.340000, 0.340000, 0.340000
0.002164, -0.000410, 0.340000, 0.340000, 0.340000
0.002282, -0.000410, 0.340000, 0.340000, 0.340000
0.002398, -0.000410, 0.340000, 0.340000, 0.340000
0.002515, -0.000410, 0.324466, 0.325544, 0.323897
0.002632, -0.000410, 0.314626, 0.315884, 0.314037
0.002749, -0.000410, 0.340000, 0.340000, 0.340000
0.002866, -0.000410, 0.340000, 0.340000, 0.340000
0.002983, -0.000410, 0.248533, 0.251030, 0.247515
0.003101, -0.000410, 0.340000, 0.340000, 0.340000
0.003217, -0.000410, 0.340000, 0.340000, 0.340000
0.003335, -0.000410, 0.284211, 0.284522, 0.284771
0.003451, -0.000410, 0.319339, 0.319496, 0.319496
0.003569, -0.000410, 0.340000, 0.340000, 0.340000
0.003685, -0.000410, 0.191510, 0.192764, 0.191099
0.003802, -0.000410, 0.170000, 0.170000, 0.170000
0.003919, -0.000410, 0.327056, 0.327781, 0.326624
0.004037, -0.000410, 0.340000, 0.340000, 0.340000
0.004153, -0.000410, 0.217116, 0.218377, 0.216663
0.004270, -0.000410, 0.251972, 0.253128, 0.251558
0.004388, -0.000410, 0.340000, 0.340000, 0.340000
0.004504, -0.000410, 0.288336, 0.289579, 0.287870
0.004622, -0.000410, 0.180896, 0.181747, 0.180462
0.004738, -0.000410, 0.339779, 0.339777, 0.339766
0.004856, -0.000410, 0.340000, 0.340000, 0.340000
0.004972, -0.000410, 0.227556, 0.228161, 0.228471
0.005090, -0.000410, 0.280668, 0.281888, 0.280208
0.005206, -0.000410, 0.340000, 0.340000, 0.340000
0.005324, -0.000410, 0.260697, 0.261859, 0.260276
0.005440, -0.000410, 0.247115, 0.247804, 0.247586
0.005557, -0.000410, 0.340000, 0.340000, 0.340000
0.005675, -0.000410, 0.331417, 0.331784, 0.331136
0.005791, -0.000410, 0.170208, 0.170212, 0.170191
-0.005791, -0.000293, 0.171202, 0.171181, 0.171214
-0.005674, -0.000293, 0.257004, 0.257136, 0.258971
-0.005557, -0.000293, 0.301443, 0.301340, 0.303624
-0.005441, -0.000293, 0.320672, 0.321122, 0.320420
-0.005324, -0.000293, 0.326645, 0.326774, 0.327015
-0.005207, -0.000293, 0.318300, 0.318062, 0.319920
-0.005089, -0.000293, 0.284830, 0.285308, 0.286468
-0.004972, -0.000293, 0.315834, 0.315977, 0.316314
-0.004855, -0.000293, 0.340000, 0.340000, 0.340000
-0.004738, -0.000293, 0.339965, 0.339964, 0.339966
-0.004621, -0.000293, 0.340000, 0.340000, 0.340000
-0.004504, -0.000293, 0.320777, 0.320889, 0.321177
-0.004387, -0.000293, 0.311483, 0.311343, 0.313129
-0.004270, -0.000293, 0.277624, 0.278437, 0.277666
-0.004154, -0.000293, 0.298907, 0.298724, 0.301805
-0.004036, -0.000293, 0.327794, 0.327738, 0.328359
-0.003920, -0.000293, 0.322198, 0.322447, 0.323154
-0.003803, -0.000293, 0.340000, 0.340000, 0.340000
-0.003686, -0.000293, 0.340000, 0.340000, 0.340000
-0.003569, -0.000293, 0.340000, 0.340000, 0.340000
-0.003452, -0.000293, 0.340000, 0.340000, 0.340000
-0.003335, -0.000293, 0.326630, 0.327627, 0.326084
-0.003218, -0.000293, 0.287682, 0.290406, 0.286465
-0.003101, -0.000293, 0.328061, 0.328988, 0.327543
-0.002984, -0.000293, 0.334313, 0.334329, 0.334329
-0.002867, -0.000293, 0.324543, 0.324595, 0.324706
-0.002750, -0.000293, 0.340000, 0.340000, 0.340000
-0.002633, -0.000293, 0.254415, 0.257307, 0.253256
-0.002516, -0.000293, 0.340000, 0.340000, 0.340000
-0.002399, -0.000293, 0.340000, 0.340000, 0.340000
-0.002282, -0.000293, 0.321916, 0.323082, 0.321301
-0.002165, -0.000293, 0.298183, 0.299527, 0.297547
-0.002048, -0.000293, 0.340000, 0.340000, 0.340000
-0.001931, -0.000293, 0.340000, 0.340000, 0.340000
-0.001814, -0.000293, 0.249204, 0.250440, 0.248700
-0.001697, -0.000293, 0.322776, 0.323908, 0.322199
-0.001580, -0.000293, 0.340000, 0.340000, 0.340000
-0.001463, -0.000293, 0.329268, 0.329329, 0.329329
-0.001345, -0.000293, 0.324953, 0.325038, 0.325064
-0.001228, -0.000293, 0.340000, 0.340000, 0.340000
-0.001112, -0.000293, 0.340000, 0.340000, 0.340000
-0.000995, -0.000293, 0.313079, 0.313292, 0.313292
-0.000878, -0.000293, 0.283595, 0.284077, 0.284076
-0.000761, -0.000293, 0.320266, 0.320114, 0.321908
-0.000644, -0.000293, 0.320266, 0.320114, 0.321908
-0.000527, -0.000293, 0.324530, 0.324409, 0.325982
-0.000410, -0.000293, 0.340000, 0.340000, 0.340000
-0.000293, -0.000293, 0.340000, 0.340000, 0.340000
-0.000176, -0.000293, 0.340000, 0.340000, 0.340000
-0.000058, -0.000293, 0.340000, 0.340000, 0.340000
0.000058, -0.000293, 0.340000, 0.340000, 0.340000
0.000175, -0.000293, 0.216929, 0.217403, 0.217547
0.000292, -0.000293, 0.317324, 0.317924, 0.316980
0.000409, -0.000293, 0.340000, 0.340000, 0.340000
0.000526, -0.000293, 0.340000, 0.340000, 0.340000
0.000643, -0.000293, 0.340000, 0.340000, 0.340000
0.000760, -0.000293, 0.340000, 0.340000, 0.340000
0.000877, -0.000293, 0.340000, 0.340000, 0.340000
0.000994, -0.000293, 0.340000, 0.340000, 0.340000
0.001112, -0.000293, 0.340000, 0.340000, 0.340000
0.001228, -0.000293, 0.340000, 0.340000, 0.340000
0.001345, -0.000293, 0.294066, 0.295388, 0.293474
0.001462, -0.000293, 0.338706, 0.338776, 0.338564
0.001579, -0.000293, 0.340000, 0.340000, 0.340000
0.001696, -0.000293, 0.339994, 0.339994, 0.339994
0.001813, -0.000293, 0.314278, 0.314463, 0.315170
0.001930, -0.000293, 0.340000, 0.340000, 0.340000
0.002048, -0.000293, 0.340000, 0.340000, 0.340000
0.002164, -0.000293, 0.317371, 0.317477, 0.317764
0.002282, -0.000293, 0.336807, 0.336805, 0.336805
0.002398, -0.000293, 0.340000, 0.340000, 0.340000
0.002515, -0.000293, 0.324797, 0.325864, 0.324235
0.002632, -0.000293, 0.312661, 0.313968, 0.312043
0.002749, -0.000293, 0.340000, 0.340000, 0.340000
0.002866, -0.000293, 0.340000, 0.340000, 0.340000
0.002983, -0.000293, 0.248533, 0.251030, 0.247515
0.003101, -0.000293, 0.340000, 0.340000, 0.340000
0.003217, -0.000293, 0.340000, 0.340000, 0.340000
0.003335, -0.000293, 0.281923, 0.282249, 0.282480
0.003451, -0.000293, 0.318005, 0.318175, 0.318173
0.003569, -0.000293, 0.340000, 0.340000, 0.340000
0.003685, -0.000293, 0.191510, 0.192764, 0.191099
0.003802, -0.000293, 0.194542, 0.194732, 0.194732
0.003919, -0.000293, 0.302066, 0.302160, 0.303631
0.004037, -0.000293, 0.277063, 0.277090, 0.278400
0.004153, -0.000293, 0.178750, 0.178847, 0.178701
0.004270, -0.000293, 0.194588, 0.194837, 0.194643
0.004388, -0.000293, 0.283348, 0.283249, 0.284928
0.004504, -0.000293, 0.216619, 0.216914, 0.216972
0.004622, -0.000293, 0.170088, 0.170086, 0.170084
0.004738, -0.000293, 0.259222, 0.259462, 0.260081
0.004856, -0.000293, 0.303940, 0.303926, 0.305250
0.004972, -0.000293, 0.309702, 0.310650, 0.309572
0.005090, -0.000293, 0.211294, 0.211593, 0.211558
0.005206, -0.000293, 0.283777, 0.283676, 0.285363
0.005324, -0.000293, 0.199656, 0.199948, 0.199752
0.005440, -0.000293, 0.251779, 0.252375, 0.252273
0.005557, -0.000293, 0.290953, 0.290869, 0.292510
0.005675, -0.000293, 0.245808, 0.246085, 0.246638
0.005791, -0.000293, 0.170000, 0.170000, 0.170000
-0.005791, -0.000176, 0.195198, 0.196513, 0.194771
-0.005674, -0.000176, 0.340000, 0.340000, 0.340000
-0.005557, -0.000176, 0.340000, 0.340000, 0.340000
-0.005441, -0.000176, 0.340000, 0.340000, 0.340000
-0.005324, -0.000176, 0.340000, 0.340000, 0.340000
-0.005207, -0.000176, 0.323585, 0.323435, 0.324732
-0.005089, -0.000176, 0.332039, 0.332021, 0.332080
-0.004972, -0.000176, 0.272624, 0.272931, 0.273804
-0.004855, -0.000176, 0.302328, 0.302505, 0.303127
-0.004738, -0.000176, 0.332509, 0.332445, 0.332906
-0.004621, -0.000176, 0.340000, 0.340000, 0.340000
-0.004504, -0.000176, 0.330716, 0.330727, 0.330838
-0.004387, -0.000176, 0.330938, 0.330841, 0.331582
-0.004270, -0.000176, 0.338258, 0.338229, 0.338302
-0.004154, -0.000176, 0.340000, 0.340000, 0.340000
-0.004036, -0.000176, 0.321421, 0.321217, 0.322960
-0.003920, -0.000176, 0.325458, 0.325363, 0.326393
-0.003803, -0.000176, 0.340000, 0.340000, 0.340000
-0.003686, -0.000176, 0.339852, 0.339846, 0.339846
-0.003569, -0.000176, 0.280697, 0.281270, 0.281285
-0.003452, -0.000176, 0.337482, 0.337476, 0.337476
-0.003335, -0.000176, 0.326630, 0.327627, 0.326084
-0.003218, -0.000176, 0.287682, 0.290406, 0.286465
-0.003101, -0.000176, 0.328061, 0.328988, 0.327543
-0.002984, -0.000176, 0.287734, 0.288288, 0.287914
-0.002867, -0.000176, 0.256854, 0.257383, 0.257551
-0.002750, -0.000176, 0.340000, 0.340000, 0.340000
-0.002633, -0.000176, 0.254415, 0.257307, 0.253256
-0.002516, -0.000176, 0.340000, 0.340000, 0.340000
-0.002399, -0.000176, 0.340000, 0.340000, 0.340000
-0.002282, -0.000176, 0.321916, 0.323082, 0.321301
-0.002165, -0.000176, 0.298183, 0.299527, 0.297547
-0.002048, -0.000176, 0.340000, 0.340000, 0.340000
-0.001931, -0.000176, 0.340000, 0.340000, 0.340000
-0.001814, -0.000176, 0.249204, 0.250440, 0.248700
-0.001697, -0.000176, 0.322776, 0.323908, 0.322199
-0.001580, -0.000176, 0.340000, 0.340000, 0.340000
-0.001463, -0.000176, 0.280224, 0.280763, 0.280487
-0.001345, -0.000176, 0.269112, 0.269634, 0.269589
-0.001228, -0.000176, 0.340000, 0.340000, 0.340000
-0.001112, -0.000176, 0.340000, 0.340000, 0.340000
-0.000995, -0.000176, 0.340000, 0.340000, 0.340000
-0.000878, -0.000176, 0.327476, 0.327397, 0.328229
-0.000761, -0.000176, 0.314924, 0.314763, 0.316694
-0.000644, -0.000176, 0.314924, 0.314763, 0.316694
-0.000527, -0.000176, 0.274529, 0.274920, 0.275025
-0.000410, -0.000176, 0.282091, 0.282517, 0.282517
-0.000293, -0.000176, 0.340000, 0.340000, 0.340000
-0.000176, -0.000176, 0.340000, 0.340000, 0.340000
-0.000058, -0.000176, 0.340000, 0.340000, 0.340000
0.000058, -0.000176, 0.340000, 0.340000, 0.340000
0.000175, -0.000176, 0.333788, 0.333783, 0.334153
0.000292, -0.000176, 0.340000, 0.340000, 0.340000
0.000409, -0.000176, 0.340000, 0.340000, 0.340000
0.000526, -0.000176, 0.340000, 0.340000, 0.340000
0.000643, -0.000176, 0.323225, 0.323133, 0.324275
0.000760, -0.000176, 0.311403, 0.311234, 0.313220
0.000877, -0.000176, 0.311403, 0.311234, 0.313220
0.000994, -0.000176, 0.336415, 0.336405, 0.336424
0.001112, -0.000176, 0.340000, 0.340000, 0.340000
0.001228, -0.000176, 0.340000, 0.340000, 0.340000
0.001345, -0.000176, 0.292392, 0.293678, 0.291881
0.001462, -0.000176, 0.338721, 0.338791, 0.338578
0.001579, -0.000176, 0.340000, 0.340000, 0.340000
0.001696, -0.000176, 0.325360, 0.325678, 0.325225
0.001813, -0.000176, 0.224321, 0.224801, 0.224708
0.001930, -0.000176, 0.339274, 0.339290, 0.339231
0.002048, -0.000176, 0.340000, 0.340000, 0.340000
0.002164, -0.000176, 0.245444, 0.246036, 0.246111
0.002282, -0.000176, 0.303734, 0.304217, 0.303759
0.002398, -0.000176, 0.340000, 0.340000, 0.340000
0.002515, -0.000176, 0.324797, 0.325864, 0.324235
0.002632, -0.000176, 0.312661, 0.313968, 0.312043
0.002749, -0.000176, 0.340000, 0.340000, 0.340000
0.002866, -0.000176, 0.340000, 0.340000, 0.340000
0.002983, -0.000176, 0.248533, 0.251030, 0.247515
0.003101, -0.000176, 0.340000, 0.340000, 0.340000
0.003217, -0.000176, 0.340000, 0.340000, 0.340000
0.003335, -0.000176, 0.340000, 0.340000, 0.340000
0.003451, -0.000176, 0.340000, 0.340000, 0.340000
0.003569, -0.000176, 0.314348, 0.314552, 0.314552
0.003685, -0.000176, 0.202861, 0.203355, 0.202890
0.003802, -0.000176, 0.249773, 0.250349, 0.250349
0.003919, -0.000176, 0.170455, 0.170446, 0.170446
0.004037, -0.000176, 0.170000, 0.170000, 0.170000
0.004153, -0.000176, 0.170000, 0.170000, 0.170000
0.004270, -0.000176, 0.170000, 0.170000, 0.170000
0.004388, -0.000176, 0.184543, 0.184407, 0.185928
0.004504, -0.000176, 0.170783, 0.170761, 0.170801
0.004622, -0.000176, 0.170000, 0.170000, 0.170000
0.004738, -0.000176, 0.176995, 0.176918, 0.177380
0.004856, -0.000176, 0.178480, 0.178389, 0.178954
0.004972, -0.000176, 0.173054, 0.172993, 0.173305
0.005090, -0.000176, 0.170407, 0.170393, 0.170410
0.005206, -0.000176, 0.184915, 0.184771, 0.186375
0.005324, -0.000176, 0.170008, 0.170008, 0.170008
0.005440, -0.000176, 0.170000, 0.170000, 0.170000
0.005557, -0.000176, 0.170000, 0.170000, 0.170000
0.005675, -0.000176, 0.170000, 0.170000, 0.170000
0.005791, -0.000176, 0.170000, 0.170000, 0.170000
-0.005791, -0.000058, 0.195226, 0.196541, 0.194801
-0.005674, -0.000058, 0.340000, 0.340000, 0.340000
-0.005557, -0.000058, 0.340000, 0.340000, 0.340000
-0.005441, -0.000058, 0.340000, 0.340000, 0.340000
-0.005324, -0.000058, 0.321993, 0.322877, 0.321999
-0.005207, -0.000058, 0.340000, 0.340000, 0.340000
-0.005089, -0.000058, 0.320740, 0.321323, 0.320443
-0.004972, -0.000058, 0.338563, 0.338549, 0.338560
-0.004855, -0.000058, 0.292928, 0.294662, 0.292561
-0.004738, -0.000058, 0.322595, 0.322572, 0.323463
-0.004621, -0.000058, 0.328511, 0.329196, 0.327994
-0.004504, -0.000058, 0.248260, 0.248839, 0.249129
-0.004387, -0.000058, 0.287982, 0.288555, 0.288312
-0.004270, -0.000058, 0.340000, 0.340000, 0.340000
-0.004154, -0.000058, 0.320772, 0.321492, 0.320411
-0.004036, -0.000058, 0.335462, 0.335467, 0.335467
-0.003920, -0.000058, 0.323030, 0.323587, 0.322752
-0.003803, -0.000058, 0.333346, 0.333483, 0.333235
-0.003686, -0.000058, 0.337878, 0.337884, 0.337850
-0.003569, -0.000058, 0.255355, 0.256035, 0.255755
-0.003452, -0.000058, 0.332189, 0.332240, 0.332177
-0.003335, -0.000058, 0.326630, 0.327627, 0.326084
-0.003218, -0.000058, 0.288871, 0.291566, 0.287642
-0.003101, -0.000058, 0.321267, 0.322106, 0.321001
-0.002984, -0.000058, 0.340000, 0.340000, 0.340000
-0.002867, -0.000058, 0.339979, 0.339978, 0.339979
-0.002750, -0.000058, 0.340000, 0.340000, 0.340000
-0.002633, -0.000058, 0.254415, 0.257307, 0.253256
-0.002516, -0.000058, 0.340000, 0.340000, 0.340000
-0.002399, -0.000058, 0.340000, 0.340000, 0.340000
-0.002282, -0.000058, 0.321916, 0.323082, 0.321301
-0.002165, -0.000058, 0.298183, 0.299527, 0.297547
-0.002048, -0.000058, 0.340000, 0.340000, 0.340000
-0.001931, -0.000058, 0.340000, 0.340000, 0.340000
-0.001814, -0.000058, 0.249204, 0.250440, 0.248700
-0.001697, -0.000058, 0.322776, 0.323908, 0.322199
-0.001580, -0.000058, 0.340000, 0.340000, 0.340000
-0.001463, -0.000058, 0.340000, 0.340000, 0.340000
-0.001345, -0.000058, 0.340000, 0.340000, 0.340000
-0.001228, -0.000058, 0.340000, 0.340000, 0.340000
-0.001112, -0.000058, 0.339394, 0.339400, 0.339357
-0.000995, -0.000058, 0.249368, 0.250002, 0.249743
-0.000878, -0.000058, 0.327297, 0.327421, 0.327285
-0.000761, -0.000058, 0.340000, 0.340000, 0.340000
-0.000644, -0.000058, 0.340000, 0.340000, 0.340000
-0.000527, -0.000058, 0.340000, 0.340000, 0.340000
-0.000410, -0.000058, 0.284646, 0.284877, 0.285337
-0.000293, -0.000058, 0.293027, 0.292807, 0.296314
-0.000176, -0.000058, 0.296406, 0.296094, 0.299855
-0.000058, -0.000058, 0.296406, 0.296094, 0.299855
0.000058, -0.000058, 0.296406, 0.296094, 0.299855
0.000175, -0.000058, 0.296406, 0.296094, 0.299855
0.000292, -0.000058, 0.296406, 0.296094, 0.299855
0.000409, -0.000058, 0.296406, 0.296094, 0.299855
0.000526, -0.000058, 0.296322, 0.296013, 0.299768
0.000643, -0.000058, 0.305023, 0.305252, 0.305800
0.000760, -0.000058, 0.325546, 0.325399, 0.326971
0.000877, -0.000058, 0.325213, 0.325072, 0.326615
0.000994, -0.000058, 0.289369, 0.289518, 0.291306
0.001112, -0.000058, 0.291435, 0.291110, 0.295015
0.001228, -0.000058, 0.291435, 0.291110, 0.295015
0.001345, -0.000058, 0.292379, 0.292631, 0.293473
0.001462, -0.000058, 0.340000, 0.340000, 0.340000
0.001579, -0.000058, 0.340000, 0.340000, 0.340000
0.001696, -0.000058, 0.340000, 0.340000, 0.340000
0.001813, -0.000058, 0.340000, 0.340000, 0.340000
0.001930, -0.000058, 0.340000, 0.340000, 0.340000
0.002048, -0.000058, 0.340000, 0.340000, 0.340000
0.002164, -0.000058, 0.340000, 0.340000, 0.340000
0.002282, -0.000058, 0.340000, 0.340000, 0.340000
0.002398, -0.000058, 0.340000, 0.340000, 0.340000
0.002515, -0.000058, 0.324797, 0.325864, 0.324235
0.002632, -0.000058, 0.312661, 0.313968, 0.312043
0.002749, -0.000058, 0.340000, 0.340000, 0.340000
0.002866, -0.000058, 0.340000, 0.340000, 0.340000
0.002983, -0.000058, 0.248533, 0.251030, 0.247515
0.003101, -0.000058, 0.340000, 0.340000, 0.340000
0.003217, -0.000058, 0.340000, 0.340000, 0.340000
0.003335, -0.000058, 0.340000, 0.340000, 0.340000
0.003451, -0.000058, 0.314640, 0.314853, 0.314804
0.003569, -0.000058, 0.211779, 0.212098, 0.212098
0.003685, -0.000058, 0.249773, 0.250349, 0.250349
0.003802, -0.000058, 0.170455, 0.170446, 0.170446
0.003919, -0.000058, 0.170000, 0.170000, 0.170000
0.004037, -0.000058, 0.170000, 0.170000, 0.170000
0.004153, -0.000058, 0.170000, 0.170000, 0.170000
0.004270, -0.000058, 0.230095, 0.231002, 0.229836
0.004388, -0.000058, 0.339927, 0.339923, 0.339923
0.004504, -0.000058, 0.266675, 0.267533, 0.266843
0.004622, -0.000058, 0.175391, 0.175614, 0.175269
0.004738, -0.000058, 0.323008, 0.323150, 0.323118
0.004856, -0.000058, 0.326786, 0.326871, 0.326871
0.004972, -0.000058, 0.180366, 0.180833, 0.180156
0.005090, -0.000058, 0.257585, 0.258440, 0.257724
0.005206, -0.000058, 0.340000, 0.340000, 0.340000
0.005324, -0.000058, 0.270287, 0.270840, 0.271101
0.005440, -0.000058, 0.170000, 0.170000, 0.170000
0.005557, -0.000058, 0.170000, 0.170000, 0.170000
0.005675, -0.000058, 0.170000, 0.170000, 0.170000
0.005791, -0.000058, 0.170000, 0.170000, 0.170000
-0.005791, 0.000058, 0.195226, 0.196541, 0.194801
-0.005674, 0.000058, 0.340000, 0.340000, 0.340000
-0.005557, 0.000058, 0.340000, 0.340000, 0.340000
-0.005441, 0.000058, 0.340000, 0.340000, 0.340000
-0.005324, 0.000058, 0.322026, 0.322871, 0.322039
-0.005207, 0.000058, 0.340000, 0.340000, 0.340000
-0.005089, 0.000058, 0.327100, 0.327284, 0.326984
-0.004972, 0.000058, 0.308994, 0.309074, 0.310044
-0.004855, 0.000058, 0.327131, 0.327380, 0.326963
-0.004738, 0.000058, 0.316034, 0.315991, 0.317272
-0.004621, 0.000058, 0.336141, 0.336366, 0.335959
-0.004504, 0.000058, 0.337966, 0.337947, 0.338024
-0.004387, 0.000058, 0.338986, 0.339007, 0.338937
-0.004270, 0.000058, 0.303070, 0.303497, 0.304415
-0.004154, 0.000058, 0.264685, 0.266017, 0.265049
-0.004036, 0.000058, 0.340000, 0.340000, 0.340000
-0.003920, 0.000058, 0.320761, 0.321406, 0.320574
-0.003803, 0.000058, 0.337175, 0.337235, 0.337104
-0.003686, 0.000058, 0.340000, 0.340000, 0.340000
-0.003569, 0.000058, 0.340000, 0.340000, 0.340000
-0.003452, 0.000058, 0.340000, 0.340000, 0.340000
-0.003335, 0.000058, 0.326630, 0.327627, 0.326084
-0.003218, 0.000058, 0.256205, 0.256687, 0.257044
-0.003101, 0.000058, 0.299860, 0.300018, 0.301301
-0.002984, 0.000058, 0.318879, 0.319145, 0.319314
-0.002867, 0.000058, 0.340000, 0.340000, 0.340000
-0.002750, 0.000058, 0.340000, 0.340000, 0.340000
-0.002633, 0.000058, 0.254415, 0.257307, 0.253256
-0.002516, 0.000058, 0.340000, 0.340000, 0.340000
-0.002399, 0.000058, 0.340000, 0.340000, 0.340000
-0.002282, 0.000058, 0.321916, 0.323082, 0.321301
-0.002165, 0.000058, 0.298183, 0.299527, 0.297547
-0.002048, 0.000058, 0.340000, 0.340000, 0.340000
-0.001931, 0.000058, 0.340000, 0.340000, 0.340000
-0.001814, 0.000058, 0.249204, 0.250440, 0.248700
-0.001697, 0.000058, 0.322776, 0.323908, 0.322199
-0.001580, 0.000058, 0.340000, 0.340000, 0.340000
-0.001463, 0.000058, 0.340000, 0.340000, 0.340000
-0.001345, 0.000058, 0.340000, 0.340000, 0.340000
-0.001228, 0.000058, 0.340000, 0.340000, 0.340000
-0.001112, 0.000058, 0.340000, 0.340000, 0.340000
-0.000995, 0.000058, 0.290058, 0.290481, 0.290860
-0.000878, 0.000058, 0.337245, 0.337241, 0.337241
-0.000761, 0.000058, 0.340000, 0.340000, 0.340000
-0.000644, 0.000058, 0.340000, 0.340000, 0.340000
-0.000527, 0.000058, 0.340000, 0.340000, 0.340000
-0.000410, 0.000058, 0.340000, 0.340000, 0.340000
-0.000293, 0.000058, 0.340000, 0.340000, 0.340000
-0.000176, 0.000058, 0.340000, 0.340000, 0.340000
-0.000058, 0.000058, 0.340000, 0.340000, 0.340000
0.000058, 0.000058, 0.340000, 0.340000, 0.340000
0.000175, 0.000058, 0.340000, 0.340000, 0.340000
0.000292, 0.000058, 0.340000, 0.340000, 0.340000
0.000409, 0.000058, 0.340000, 0.340000, 0.340000
0.000526, 0.000058, 0.340000, 0.340000, 0.340000
0.000643, 0.000058, 0.340000, 0.340000, 0.340000
0.000760, 0.000058, 0.340000, 0.340000, 0.340000
0.000877, 0.000058, 0.340000, 0.340000, 0.340000
0.000994, 0.000058, 0.340000, 0.340000, 0.340000
0.001112, 0.000058, 0.340000, 0.340000, 0.340000
0.001228, 0.000058, 0.340000, 0.340000, 0.340000
0.001345, 0.000058, 0.340000, 0.340000, 0.340000
0.001462, 0.000058, 0.340000, 0.340000, 0.340000
0.001579, 0.000058, 0.340000, 0.340000, 0.340000
0.001696, 0.000058, 0.340000, 0.340000, 0.340000
0.001813, 0.000058, 0.340000, 0.340000, 0.340000
0.001930, 0.000058, 0.340000, 0.340000, 0.340000
0.002048, 0.000058, 0.340000, 0.340000, 0.340000
0.002164, 0.000058, 0.340000, 0.340000, 0.340000
0.002282, 0.000058, 0.340000, 0.340000, 0.340000
0.002398, 0.000058, 0.340000, 0.340000, 0.340000
0.002515, 0.000058, 0.324797, 0.325864, 0.324235
0.002632, 0.000058, 0.312661, 0.313968, 0.312043
0.002749, 0.000058, 0.340000, 0.340000, 0.340000
0.002866, 0.000058, 0.340000, 0.340000, 0.340000
0.002983, 0.000058, 0.248533, 0.251030, 0.247515
0.003101, 0.000058, 0.340000, 0.340000, 0.340000
0.003217, 0.000058, 0.340000, 0.340000, 0.340000
0.003335, 0.000058, 0.340000, 0.340000, 0.340000
0.003451, 0.000058, 0.256682, 0.257910, 0.256176
0.003569, 0.000058, 0.248155, 0.250820, 0.247098
0.003685, 0.000058, 0.170455, 0.170446, 0.170446
0.003802, 0.000058, 0.172686, 0.172679, 0.172682
0.003919, 0.000058, 0.208937, 0.208786, 0.210639
0.004037, 0.000058, 0.209604, 0.209446, 0.211300
0.004153, 0.000058, 0.209509, 0.209352, 0.211207
0.004270, 0.000058, 0.236562, 0.237455, 0.236327
0.004388, 0.000058, 0.339927, 0.339923, 0.339923
0.004504, 0.000058, 0.334309, 0.334312, 0.334340
0.004622, 0.000058, 0.237363, 0.237843, 0.238058
0.004738, 0.000058, 0.323008, 0.323150, 0.323118
0.004856, 0.000058, 0.340000, 0.340000, 0.340000
0.004972, 0.000058, 0.192988, 0.193957, 0.192783
0.005090, 0.000058, 0.257585, 0.258440, 0.257724
0.005206, 0.000058, 0.340000, 0.340000, 0.340000
0.005324, 0.000058, 0.276887, 0.277490, 0.277782
0.005440, 0.000058, 0.170000, 0.170000, 0.170000
0.005557, 0.000058, 0.170000, 0.170000, 0.170000
0.005675, 0.000058, 0.170000, 0.170000, 0.170000
0.005791, 0.000058, 0.170000, 0.170000, 0.170000
-0.005791, 0.000175, 0.188315, 0.189289, 0.187881
-0.005674, 0.000175, 0.296070, 0.295909, 0.297894
-0.005557, 0.000175, 0.304957, 0.304761, 0.307226
-0.005441, 0.000175, 0.339105, 0.339098, 0.339089
-0.005324, 0.000175, 0.329893, 0.329822, 0.330518
-0.005207, 0.000175, 0.321805, 0.321561, 0.323006
-0.005089, 0.000175, 0.304507, 0.304785, 0.305045
-0.004972, 0.000175, 0.308535, 0.308829, 0.309291
-0.004855, 0.000175, 0.340000, 0.340000, 0.340000
-0.004738, 0.000175, 0.340000, 0.340000, 0.340000
-0.004621, 0.000175, 0.321477, 0.321933, 0.321633
-0.004504, 0.000175, 0.313123, 0.313170, 0.314848
-0.004387, 0.000175, 0.334782, 0.334799, 0.334768
-0.004270, 0.000175, 0.300064, 0.300686, 0.301040
-0.004154, 0.000175, 0.275146, 0.276256, 0.275163
-0.004036, 0.000175, 0.294242, 0.294282, 0.295642
-0.003920, 0.000175, 0.301371, 0.302601, 0.301190
-0.003803, 0.000175, 0.340000, 0.340000, 0.340000
-0.003686, 0.000175, 0.334566, 0.334495, 0.334995
-0.003569, 0.000175, 0.326808, 0.326645, 0.328184
-0.003452, 0.000175, 0.326808, 0.326645, 0.328184
-0.003335, 0.000175, 0.301971, 0.302525, 0.302527
-0.003218, 0.000175, 0.296857, 0.297115, 0.297294
-0.003101, 0.000175, 0.321261, 0.321277, 0.321723
-0.002984, 0.000175, 0.307164, 0.308685, 0.306564
-0.002867, 0.000175, 0.340000, 0.340000, 0.340000
-0.002750, 0.000175, 0.340000, 0.340000, 0.340000
-0.002633, 0.000175, 0.254415, 0.257307, 0.253256
-0.002516, 0.000175, 0.340000, 0.340000, 0.340000
-0.002399, 0.000175, 0.340000, 0.340000, 0.340000
-0.002282, 0.000175, 0.321916, 0.323082, 0.321301
-0.002165, 0.000175, 0.298183, 0.299527, 0.297547
-0.002048, 0.000175, 0.340000, 0.340000, 0.340000
-0.001931, 0.000175, 0.340000, 0.340000, 0.340000
-0.001814, 0.000175, 0.249204, 0.250440, 0.248700
-0.001697, 0.000175, 0.322776, 0.323908, 0.322199
-0.001580, 0.000175, 0.340000, 0.340000, 0.340000
-0.001463, 0.000175, 0.280224, 0.280763, 0.280487
-0.001345, 0.000175, 0.269112, 0.269634, 0.269589
-0.001228, 0.000175, 0.340000, 0.340000, 0.340000
-0.001112, 0.000175, 0.340000, 0.340000, 0.340000
-0.000995, 0.000175, 0.340000, 0.340000, 0.340000
-0.000878, 0.000175, 0.335882, 0.335800, 0.336321
-0.000761, 0.000175, 0.331661, 0.331502, 0.332678
-0.000644, 0.000175, 0.331599, 0.331440, 0.332615
-0.000527, 0.000175, 0.331596, 0.331436, 0.332611
-0.000410, 0.000175, 0.331596, 0.331436, 0.332611
-0.000293, 0.000175, 0.331596, 0.331436, 0.332611
-0.000176, 0.000175, 0.331596, 0.331436, 0.332611
-0.000058, 0.000175, 0.331596, 0.331436, 0.332611
0.000058, 0.000175, 0.331596, 0.331436, 0.332611
0.000175, 0.000175, 0.331596, 0.331436, 0.332611
0.000292, 0.000175, 0.331596, 0.331436, 0.332611
0.000409, 0.000175, 0.331596, 0.331436, 0.332611
0.000526, 0.000175, 0.331596, 0.331436, 0.332611
0.000643, 0.000175, 0.331596, 0.331436, 0.332611
0.000760, 0.000175, 0.331596, 0.331436, 0.332611
0.000877, 0.000175, 0.331596, 0.331436, 0.332611
0.000994, 0.000175, 0.331596, 0.331436, 0.332611
0.001112, 0.000175, 0.331596, 0.331436, 0.332611
0.001228, 0.000175, 0.331596, 0.331436, 0.332611
0.001345, 0.000175, 0.336062, 0.335983, 0.336472
0.001462, 0.000175, 0.340000, 0.340000, 0.340000
0.001579, 0.000175, 0.340000, 0.340000, 0.340000
0.001696, 0.000175, 0.325360, 0.325678, 0.325225
0.001813, 0.000175, 0.224321, 0.224801, 0.224708
0.001930, 0.000175, 0.339274, 0.339290, 0.339231
0.002048, 0.000175, 0.340000, 0.340000, 0.340000
0.002164, 0.000175, 0.245444, 0.246036, 0.246111
0.002282, 0.000175, 0.303734, 0.304217, 0.303759
0.002398, 0.000175, 0.340000, 0.340000, 0.340000
0.002515, 0.000175, 0.324797, 0.325864, 0.324235
0.002632, 0.000175, 0.312661, 0.313968, 0.312043
0.002749, 0.000175, 0.340000, 0.340000, 0.340000
0.002866, 0.000175, 0.340000, 0.340000, 0.340000
0.002983, 0.000175, 0.248533, 0.251030, 0.247515
0.003101, 0.000175, 0.340000, 0.340000, 0.340000
0.003217, 0.000175, 0.340000, 0.340000, 0.340000
0.003335, 0.000175, 0.340000, 0.340000, 0.340000
0.003451, 0.000175, 0.256682, 0.257910, 0.256176
0.003569, 0.000175, 0.243915, 0.246725, 0.242855
0.003685, 0.000175, 0.172709, 0.172704, 0.172704
0.003802, 0.000175, 0.279684, 0.280109, 0.280109
0.003919, 0.000175, 0.299591, 0.299555, 0.302074
0.004037, 0.000175, 0.304179, 0.303881, 0.307361
0.004153, 0.000175, 0.302690, 0.302456, 0.305684
0.004270, 0.000175, 0.298519, 0.298457, 0.299953
0.004388, 0.000175, 0.238529, 0.238436, 0.241140
0.004504, 0.000175, 0.271884, 0.272165, 0.272572
0.004622, 0.000175, 0.339811, 0.339803, 0.339805
0.004738, 0.000175, 0.259290, 0.260354, 0.259283
0.004856, 0.000175, 0.333917, 0.334147, 0.333760
0.004972, 0.000175, 0.248536, 0.249644, 0.248145
0.005090, 0.000175, 0.263208, 0.263350, 0.264357
0.005206, 0.000175, 0.292695, 0.292399, 0.295496
0.005324, 0.000175, 0.277788, 0.277636, 0.279465
0.005440, 0.000175, 0.236169, 0.236392, 0.236953
0.005557, 0.000175, 0.170000, 0.170000, 0.170000
0.005675, 0.000175, 0.170000, 0.170000, 0.170000
0.005791, 0.000175, 0.170000, 0.170000, 0.170000
-0.005791, 0.000292, 0.170000, 0.170000, 0.170000
-0.005674, 0.000292, 0.259932, 0.260496, 0.260489
-0.005557, 0.000292, 0.337347, 0.337343, 0.337343
-0.005441, 0.000292, 0.298793, 0.300664, 0.297851
-0.005324, 0.000292, 0.305428, 0.306228, 0.306034
-0.005207, 0.000292, 0.317201, 0.317060, 0.318621
-0.005089, 0.000292, 0.326564, 0.326694, 0.326902
-0.004972, 0.000292, 0.339971, 0.339970, 0.339971
-0.004855, 0.000292, 0.334116, 0.334106, 0.334188
-0.004738, 0.000292, 0.335847, 0.335852, 0.335858
-0.004621, 0.000292, 0.313088, 0.314189, 0.312719
-0.004504, 0.000292, 0.335567, 0.335526, 0.335691
-0.004387, 0.000292, 0.313487, 0.313333, 0.315010
-0.004270, 0.000292, 0.330519, 0.330518, 0.330827
-0.004154, 0.000292, 0.318150, 0.318369, 0.318369
-0.004036, 0.000292, 0.258081, 0.258896, 0.258660
-0.003920, 0.000292, 0.334562, 0.334662, 0.334467
-0.003803, 0.000292, 0.326988, 0.327206, 0.326863
-0.003686, 0.000292, 0.290939, 0.291400, 0.291509
-0.003569, 0.000292, 0.310135, 0.309985, 0.311937
-0.003452, 0.000292, 0.310135, 0.309985, 0.311937
-0.003335, 0.000292, 0.305150, 0.305264, 0.305890
-0.003218, 0.000292, 0.190352, 0.190502, 0.190502
-0.003101, 0.000292, 0.289236, 0.289501, 0.290233
-0.002984, 0.000292, 0.335027, 0.334974, 0.335285
-0.002867, 0.000292, 0.340000, 0.340000, 0.340000
-0.002750, 0.000292, 0.340000, 0.340000, 0.340000
-0.002633, 0.000292, 0.254415, 0.257307, 0.253256
-0.002516, 0.000292, 0.340000, 0.340000, 0.340000
-0.002399, 0.000292, 0.340000, 0.340000, 0.340000
-0.002282, 0.000292, 0.321916, 0.323082, 0.321301
-0.002165, 0.000292, 0.298183, 0.299527, 0.297547
-0.002048, 0.000292, 0.340000, 0.340000, 0.340000
-0.001931, 0.000292, 0.340000, 0.340000, 0.340000
-0.001814, 0.000292, 0.249204, 0.250440, 0.248700
-0.001697, 0.000292, 0.322776, 0.323908, 0.322199
-0.001580, 0.000292, 0.340000, 0.340000, 0.340000
-0.001463, 0.000292, 0.329268, 0.329329, 0.329329
-0.001345, 0.000292, 0.324953, 0.325038, 0.325064
-0.001228, 0.000292, 0.340000, 0.340000, 0.340000
-0.001112, 0.000292, 0.340000, 0.340000, 0.340000
-0.000995, 0.000292, 0.319868, 0.320028, 0.320028
-0.000878, 0.000292, 0.291529, 0.291894, 0.292218
-0.000761, 0.000292, 0.305330, 0.305185, 0.307140
-0.000644, 0.000292, 0.305330, 0.305185, 0.307140
-0.000527, 0.000292, 0.305330, 0.305185, 0.307140
-0.000410, 0.000292, 0.305330, 0.305185, 0.307140
-0.000293, 0.000292, 0.305330, 0.305185, 0.307140
-0.000176, 0.000292, 0.305330, 0.305185, 0.307140
-0.000058, 0.000292, 0.305330, 0.305185, 0.307140
0.000058, 0.000292, 0.305330, 0.305185, 0.307140
0.000175, 0.000292, 0.305330, 0.305185, 0.307140
0.000292, 0.000292, 0.305330, 0.305185, 0.307140
0.000409, 0.000292, 0.305330, 0.305185, 0.307140
0.000526, 0.000292, 0.305330, 0.305185, 0.307140
0.000643, 0.000292, 0.305330, 0.305185, 0.307140
0.000760, 0.000292, 0.305330, 0.305185, 0.307140
0.000877, 0.000292, 0.305330, 0.305185, 0.307140
0.000994, 0.000292, 0.305330, 0.305185, 0.307140
0.001112, 0.000292, 0.305330, 0.305185, 0.307140
0.001228, 0.000292, 0.305330, 0.305185, 0.307141
0.001345, 0.000292, 0.282883, 0.283475, 0.283481
0.001462, 0.000292, 0.336001, 0.336278, 0.335789
0.001579, 0.000292, 0.340000, 0.340000, 0.340000
0.001696, 0.000292, 0.339994, 0.339994, 0.339994
0.001813, 0.000292, 0.314278, 0.314463, 0.315170
0.001930, 0.000292, 0.340000, 0.340000, 0.340000
0.002048, 0.000292, 0.340000, 0.340000, 0.340000
0.002164, 0.000292, 0.317371, 0.317477, 0.317764
0.002282, 0.000292, 0.336807, 0.336805, 0.336805
0.002398, 0.000292, 0.340000, 0.340000, 0.340000
0.002515, 0.000292, 0.324797, 0.325864, 0.324235
0.002632, 0.000292, 0.312661, 0.313968, 0.312043
0.002749, 0.000292, 0.340000, 0.340000, 0.340000
0.002866, 0.000292, 0.340000, 0.340000, 0.340000
0.002983, 0.000292, 0.248533, 0.251030, 0.247515
0.003101, 0.000292, 0.340000, 0.340000, 0.340000
0.003217, 0.000292, 0.340000, 0.340000, 0.340000
0.003335, 0.000292, 0.340000, 0.340000, 0.340000
0.003451, 0.000292, 0.256682, 0.257910, 0.256176
0.003569, 0.000292, 0.244337, 0.247138, 0.243290
0.003685, 0.000292, 0.236569, 0.237734, 0.236211
0.003802, 0.000292, 0.297291, 0.298703, 0.297066
0.003919, 0.000292, 0.326427, 0.326870, 0.326875
0.004037, 0.000292, 0.327253, 0.327318, 0.327807
0.004153, 0.000292, 0.338986, 0.339027, 0.338911
0.004270, 0.000292, 0.317737, 0.317688, 0.318668
0.004388, 0.000292, 0.299308, 0.299278, 0.301040
0.004504, 0.000292, 0.283547, 0.283560, 0.284859
0.004622, 0.000292, 0.277067, 0.277035, 0.279894
0.004738, 0.000292, 0.244629, 0.244661, 0.246911
0.004856, 0.000292, 0.240605, 0.240381, 0.243908
0.004972, 0.000292, 0.292169, 0.292541, 0.292619
0.005090, 0.000292, 0.262848, 0.263458, 0.263661
0.005206, 0.000292, 0.292767, 0.292508, 0.295095
0.005324, 0.000292, 0.208646, 0.208780, 0.209741
0.005440, 0.000292, 0.267512, 0.268085, 0.267793
0.005557, 0.000292, 0.298040, 0.297965, 0.299763
0.005675, 0.000292, 0.245808, 0.246085, 0.246638
0.005791, 0.000292, 0.170000, 0.170000, 0.170000
-0.005791, 0.000409, 0.170208, 0.170212, 0.170191
-0.005674, 0.000409, 0.331417, 0.331784, 0.331136
-0.005557, 0.000409, 0.340000, 0.340000, 0.340000
-0.005441, 0.000409, 0.300376, 0.302637, 0.299288
-0.005324, 0.000409, 0.314306, 0.315390, 0.313965
-0.005207, 0.000409, 0.340000, 0.340000, 0.340000
-0.005089, 0.000409, 0.332112, 0.332487, 0.331795
-0.004972, 0.000409, 0.330148, 0.330666, 0.330043
-0.004855, 0.000409, 0.340000, 0.340000, 0.340000
-0.004738, 0.000409, 0.340000, 0.340000, 0.340000
-0.004621, 0.000409, 0.328681, 0.329137, 0.328525
-0.004504, 0.000409, 0.317413, 0.318376, 0.316767
-0.004387, 0.000409, 0.340000, 0.340000, 0.340000
-0.004270, 0.000409, 0.329620, 0.330091, 0.329322
-0.004154, 0.000409, 0.340000, 0.340000, 0.340000
-0.004036, 0.000409, 0.291102, 0.294000, 0.289642
-0.003920, 0.000409, 0.318194, 0.319435, 0.317580
-0.003803, 0.000409, 0.301261, 0.302604, 0.300640
-0.003686, 0.000409, 0.336269, 0.336583, 0.335968
-0.003569, 0.000409, 0.340000, 0.340000, 0.340000
-0.003452, 0.000409, 0.340000, 0.340000, 0.340000
-0.003335, 0.000409, 0.248436, 0.249671, 0.247938
-0.003218, 0.000409, 0.170000, 0.170000, 0.170000
-0.003101, 0.000409, 0.337894, 0.338036, 0.337697
-0.002984, 0.000409, 0.340000, 0.340000, 0.340000
-0.002867, 0.000409, 0.340000, 0.340000, 0.340000
-0.002750, 0.000409, 0.340000, 0.340000, 0.340000
-0.002633, 0.000409, 0.254415, 0.257307, 0.253256
-0.002516, 0.000409, 0.340000, 0.340000, 0.340000
-0.002399, 0.000409, 0.340000, 0.340000, 0.340000
-0.002282, 0.000409, 0.321916, 0.323082, 0.321301
-0.002165, 0.000409, 0.298183, 0.299527, 0.297547
-0.002048, 0.000409, 0.340000, 0.340000, 0.340000
-0.001931, 0.000409, 0.340000, 0.340000, 0.340000
-0.001814, 0.000409, 0.249204, 0.250440, 0.248700
-0.001697, 0.000409, 0.322776, 0.323908, 0.322199
-0.001580, 0.000409, 0.340000, 0.340000, 0.340000
-0.001463, 0.000409, 0.340000, 0.340000, 0.340000
-0.001345, 0.000409, 0.340000, 0.340000, 0.340000
-0.001228, 0.000409, 0.340000, 0.340000, 0.340000
-0.001112, 0.000409, 0.340000, 0.340000, 0.340000
-0.000995, 0.000409, 0.291089, 0.293043, 0.290661
-0.000878, 0.000409, 0.340000, 0.340000, 0.340000
-0.000761, 0.000409, 0.340000, 0.340000, 0.340000
-0.000644, 0.000409, 0.340000, 0.340000, 0.340000
-0.000527, 0.000409, 0.340000, 0.340000, 0.340000
-0.000410, 0.000409, 0.340000, 0.340000, 0.340000
-0.000293, 0.000409, 0.340000, 0.340000, 0.340000
-0.000176, 0.000409, 0.340000, 0.340000, 0.340000
-0.000058, 0.000409, 0.340000, 0.340000, 0.340000
0.000058, 0.000409, 0.340000, 0.340000, 0.340000
0.000175, 0.000409, 0.340000, 0.340000, 0.340000
0.000292, 0.000409, 0.340000, 0.340000, 0.340000
0.000409, 0.000409, 0.340000, 0.340000, 0.340000
0.000526, 0.000409, 0.340000, 0.340000, 0.340000
0.000643, 0.000409, 0.340000, 0.340000, 0.340000
0.000760, 0.000409, 0.340000, 0.340000, 0.340000
0.000877, 0.000409, 0.340000, 0.340000, 0.340000
0.000994, 0.000409, 0.340000, 0.340000, 0.340000
0.001112, 0.000409, 0.340000, 0.340000, 0.340000
0.001228, 0.000409, 0.340000, 0.340000, 0.340000
0.001345, 0.000409, 0.306233, 0.307573, 0.305609
0.001462, 0.000409, 0.331458, 0.332186, 0.331002
0.001579, 0.000409, 0.340000, 0.340000, 0.340000
0.001696, 0.000409, 0.340000, 0.340000, 0.340000
0.001813, 0.000409, 0.340000, 0.340000, 0.340000
0.001930, 0.000409, 0.340000, 0.340000, 0.340000
0.002048, 0.000409, 0.340000, 0.340000, 0.340000
0.002164, 0.000409, 0.340000, 0.340000, 0.340000
0.002282, 0.000409, 0.340000, 0.340000, 0.340000
0.002398, 0.000409, 0.340000, 0.340000, 0.340000
0.002515, 0.000409, 0.324797, 0.325864, 0.324235
0.002632, 0.000409, 0.312661, 0.313968, 0.312043
0.002749, 0.000409, 0.340000, 0.340000, 0.340000
0.002866, 0.000409, 0.340000, 0.340000, 0.340000
0.002983, 0.000409, 0.248533, 0.251030, 0.247515
0.003101, 0.000409, 0.340000, 0.340000, 0.340000
0.003217, 0.000409, 0.340000, 0.340000, 0.340000
0.003335, 0.000409, 0.340000, 0.340000, 0.340000
0.003451, 0.000409, 0.266578, 0.268365, 0.265727
0.003569, 0.000409, 0.328082, 0.328168, 0.328095
0.003685, 0.000409, 0.280404, 0.282702, 0.279355
0.003802, 0.000409, 0.304352, 0.306700, 0.303215
0.003919, 0.000409, 0.335904, 0.336069, 0.335744
0.004037, 0.000409, 0.340000, 0.340000, 0.340000
0.004153, 0.000409, 0.327514, 0.328129, 0.327301
0.004270, 0.000409, 0.340000, 0.340000, 0.340000
0.004388, 0.000409, 0.339655, 0.339644, 0.339652
0.004504, 0.000409, 0.304364, 0.304337, 0.305664
0.004622, 0.000409, 0.303691, 0.303388, 0.306873
0.004738, 0.000409, 0.302877, 0.302543, 0.306133
0.004856, 0.000409, 0.303951, 0.303639, 0.307148
0.004972, 0.000409, 0.268165, 0.268064, 0.270819
0.005090, 0.000409, 0.289687, 0.290951, 0.288974
0.005206, 0.000409, 0.340000, 0.340000, 0.340000
0.005324, 0.000409, 0.261862, 0.262982, 0.261463
0.005440, 0.000409, 0.214745, 0.215966, 0.214423
0.005557, 0.000409, 0.340000, 0.340000, 0.340000
0.005675, 0.000409, 0.331417, 0.331784, 0.331136
0.005791, 0.000409, 0.170208, 0.170212, 0.170191
-0.005791, 0.000526, 0.170000, 0.170000, 0.170000
-0.005674, 0.000526, 0.221115, 0.221185, 0.222140
-0.005557, 0.000526, 0.245474, 0.245528, 0.246666
-0.005441, 0.000526, 0.306915, 0.308158, 0.306349
-0.005324, 0.000526, 0.336271, 0.336300, 0.336149
-0.005207, 0.000526, 0.324453, 0.324324, 0.325523
-0.005089, 0.000526, 0.324847, 0.325038, 0.325421
-0.004972, 0.000526, 0.340000, 0.340000, 0.340000
-0.004855, 0.000526, 0.334152, 0.334192, 0.334178
-0.004738, 0.000526, 0.335861, 0.335894, 0.335854
-0.004621, 0.000526, 0.340000, 0.340000, 0.340000
-0.004504, 0.000526, 0.326801, 0.326996, 0.326806
-0.004387, 0.000526, 0.332010, 0.331853, 0.332514
-0.004270, 0.000526, 0.325452, 0.325768, 0.325541
-0.004154, 0.000526, 0.340000, 0.340000, 0.340000
-0.004036, 0.000526, 0.291689, 0.294599, 0.290194
-0.003920, 0.000526, 0.318194, 0.319435, 0.317580
-0.003803, 0.000526, 0.327826, 0.328012, 0.327722
-0.003686, 0.000526, 0.288197, 0.288413, 0.289996
-0.003569, 0.000526, 0.296512, 0.296217, 0.299475
-0.003452, 0.000526, 0.331090, 0.331132, 0.331132
-0.003335, 0.000526, 0.248368, 0.249604, 0.247869
-0.003218, 0.000526, 0.170000, 0.170000, 0.170000
-0.003101, 0.000526, 0.337894, 0.338036, 0.337697
-0.002984, 0.000526, 0.328495, 0.328564, 0.328564
-0.002867, 0.000526, 0.306586, 0.306753, 0.306995
-0.002750, 0.000526, 0.340000, 0.340000, 0.340000
-0.002633, 0.000526, 0.254415, 0.257307, 0.253256
-0.002516, 0.000526, 0.340000, 0.340000, 0.340000
-0.002399, 0.000526, 0.340000, 0.340000, 0.340000
-0.002282, 0.000526, 0.321916, 0.323082, 0.321301
-0.002165, 0.000526, 0.298183, 0.299527, 0.297547
-0.002048, 0.000526, 0.340000, 0.340000, 0.340000
-0.001931, 0.000526, 0.340000, 0.340000, 0.340000
-0.001814, 0.000526, 0.249204, 0.250440, 0.248700
-0.001697, 0.000526, 0.322776, 0.323908, 0.322199
-0.001580, 0.000526, 0.340000, 0.340000, 0.340000
-0.001463, 0.000526, 0.317306, 0.317483, 0.317483
-0.001345, 0.000526, 0.311130, 0.311345, 0.311373
-0.001228, 0.000526, 0.340000, 0.340000, 0.340000
-0.001112, 0.000526, 0.340000, 0.340000, 0.340000
-0.000995, 0.000526, 0.297313, 0.299722, 0.296189
-0.000878, 0.000526, 0.340000, 0.340000, 0.340000
-0.000761, 0.000526, 0.340000, 0.340000, 0.340000
-0.000644, 0.000526, 0.303605, 0.303801, 0.304009
-0.000527, 0.000526, 0.324770, 0.324874, 0.324874
-0.000410, 0.000526, 0.340000, 0.340000, 0.340000
-0.000293, 0.000526, 0.334174, 0.334191, 0.334191
-0.000176, 0.000526, 0.294179, 0.294483, 0.294916
-0.000058, 0.000526, 0.340000, 0.340000, 0.340000
0.000058, 0.000526, 0.340000, 0.340000, 0.340000
0.000175, 0.000526, 0.294179, 0.294483, 0.294916
0.000292, 0.000526, 0.334174, 0.334191, 0.334191
0.000409, 0.000526, 0.340000, 0.340000, 0.340000
0.000526, 0.000526, 0.324770, 0.324874, 0.324874
0.000643, 0.000526, 0.303605, 0.303801, 0.304009
0.000760, 0.000526, 0.340000, 0.340000, 0.340000
0.000877, 0.000526, 0.339994, 0.339994, 0.339994
0.000994, 0.000526, 0.289382, 0.289879, 0.290111
0.001112, 0.000526, 0.339144, 0.339133, 0.339133
0.001228, 0.000526, 0.340000, 0.340000, 0.340000
0.001345, 0.000526, 0.306233, 0.307573, 0.305609
0.001462, 0.000526, 0.331458, 0.332186, 0.331002
0.001579, 0.000526, 0.340000, 0.340000, 0.340000
0.001696, 0.000526, 0.337592, 0.337586, 0.337586
0.001813, 0.000526, 0.290838, 0.291261, 0.291649
0.001930, 0.000526, 0.340000, 0.340000, 0.340000
0.002048, 0.000526, 0.340000, 0.340000, 0.340000
0.002164, 0.000526, 0.299074, 0.299290, 0.299627
0.002282, 0.000526, 0.329268, 0.329329, 0.329329
0.002398, 0.000526, 0.340000, 0.340000, 0.340000
0.002515, 0.000526, 0.324797, 0.325864, 0.324235
0.002632, 0.000526, 0.312661, 0.313968, 0.312043
0.002749, 0.000526, 0.340000, 0.340000, 0.340000
0.002866, 0.000526, 0.340000, 0.340000, 0.340000
0.002983, 0.000526, 0.248533, 0.251030, 0.247515
0.003101, 0.000526, 0.340000, 0.340000, 0.340000
0.003217, 0.000526, 0.340000, 0.340000, 0.340000
0.003335, 0.000526, 0.340000, 0.340000, 0.340000
0.003451, 0.000526, 0.258638, 0.259909, 0.258022
0.003569, 0.000526, 0.247337, 0.247381, 0.248650
0.003685, 0.000526, 0.256108, 0.257572, 0.255362
0.003802, 0.000526, 0.304352, 0.306700, 0.303215
0.003919, 0.000526, 0.330238, 0.330228, 0.330560
0.004037, 0.000526, 0.319163, 0.319024, 0.320963
0.004153, 0.000526, 0.252253, 0.252038, 0.255691
0.004270, 0.000526, 0.254405, 0.253733, 0.259869
0.004388, 0.000526, 0.253714, 0.252950, 0.259517
0.004504, 0.000526, 0.254652, 0.253981, 0.260112
0.004622, 0.000526, 0.279099, 0.279341, 0.280661
0.004738, 0.000526, 0.305236, 0.305316, 0.306385
0.004856, 0.000526, 0.304898, 0.306043, 0.305102
0.004972, 0.000526, 0.340000, 0.340000, 0.340000
0.005090, 0.000526, 0.312869, 0.313166, 0.313466
0.005206, 0.000526, 0.305750, 0.305499, 0.308529
0.005324, 0.000526, 0.315360, 0.315629, 0.315659
0.005440, 0.000526, 0.326718, 0.326867, 0.326699
0.005557, 0.000526, 0.300828, 0.300695, 0.303351
0.005675, 0.000526, 0.293382, 0.293284, 0.295325
0.005791, 0.000526, 0.184060, 0.184708, 0.183749
-0.005791, 0.000643, 0.170000, 0.170000, 0.170000
-0.005674, 0.000643, 0.194965, 0.195328, 0.195436
-0.005557, 0.000643, 0.315714, 0.315668, 0.316894
-0.005441, 0.000643, 0.300187, 0.301780, 0.299608
-0.005324, 0.000643, 0.340000, 0.340000, 0.340000
-0.005207, 0.000643, 0.330009, 0.330108, 0.330744
-0.005089, 0.000643, 0.340000, 0.340000, 0.340000
-0.004972, 0.000643, 0.340000, 0.340000, 0.340000
-0.004855, 0.000643, 0.334154, 0.334199, 0.334178
-0.004738, 0.000643, 0.335861, 0.335893, 0.335855
-0.004621, 0.000643, 0.340000, 0.340000, 0.340000
-0.004504, 0.000643, 0.327322, 0.327358, 0.327849
-0.004387, 0.000643, 0.334394, 0.334252, 0.334752
-0.004270, 0.000643, 0.330604, 0.330662, 0.330625
-0.004154, 0.000643, 0.334464, 0.334520, 0.334409
-0.004036, 0.000643, 0.296422, 0.297443, 0.296463
-0.003920, 0.000643, 0.300290, 0.300879, 0.300706
-0.003803, 0.000643, 0.340000, 0.340000, 0.340000
-0.003686, 0.000643, 0.340000, 0.340000, 0.340000
-0.003569, 0.000643, 0.340000, 0.340000, 0.340000
-0.003452, 0.000643, 0.299497, 0.300004, 0.300004
-0.003335, 0.000643, 0.291836, 0.292275, 0.292001
-0.003218, 0.000643, 0.177570, 0.177600, 0.177600
-0.003101, 0.000643, 0.337894, 0.338036, 0.337697
-0.002984, 0.000643, 0.303321, 0.303691, 0.303410
-0.002867, 0.000643, 0.265025, 0.265497, 0.265487
-0.002750, 0.000643, 0.340000, 0.340000, 0.340000
-0.002633, 0.000643, 0.254415, 0.257307, 0.253256
-0.002516, 0.000643, 0.340000, 0.340000, 0.340000
-0.002399, 0.000643, 0.340000, 0.340000, 0.340000
-0.002282, 0.000643, 0.321916, 0.323082, 0.321301
-0.002165, 0.000643, 0.298183, 0.299527, 0.297547
-0.002048, 0.000643, 0.340000, 0.340000, 0.340000
-0.001931, 0.000643, 0.340000, 0.340000, 0.340000
-0.001814, 0.000643, 0.249204, 0.250440, 0.248700
-0.001697, 0.000643, 0.322776, 0.323908, 0.322199
-0.001580, 0.000643, 0.340000, 0.340000, 0.340000
-0.001463, 0.000643, 0.292155, 0.292571, 0.292376
-0.001345, 0.000643, 0.283025, 0.283465, 0.283325
-0.001228, 0.000643, 0.340000, 0.340000, 0.340000
-0.001112, 0.000643, 0.340000, 0.340000, 0.340000
-0.000995, 0.000643, 0.297313, 0.299722, 0.296189
-0.000878, 0.000643, 0.340000, 0.340000, 0.340000
-0.000761, 0.000643, 0.340000, 0.340000, 0.340000
-0.000644, 0.000643, 0.271423, 0.271851, 0.271851
-0.000527, 0.000643, 0.303667, 0.304009, 0.303801
-0.000410, 0.000643, 0.340000, 0.340000, 0.340000
-0.000293, 0.000643, 0.320061, 0.320260, 0.320083
-0.000176, 0.000643, 0.254904, 0.255496, 0.255406
-0.000058, 0.000643, 0.340000, 0.340000, 0.340000
0.000058, 0.000643, 0.340000, 0.340000, 0.340000
0.000175, 0.000643, 0.254904, 0.255496, 0.255406
0.000292, 0.000643, 0.320061, 0.320260, 0.320083
0.000409, 0.000643, 0.340000, 0.340000, 0.340000
0.000526, 0.000643, 0.303667, 0.304009, 0.303801
0.000643, 0.000643, 0.271423, 0.271851, 0.271851
0.000760, 0.000643, 0.340000, 0.340000, 0.340000
0.000877, 0.000643, 0.336980, 0.337016, 0.336927
0.000994, 0.000643, 0.245892, 0.246565, 0.246279
0.001112, 0.000643, 0.332053, 0.332135, 0.332023
0.001228, 0.000643, 0.340000, 0.340000, 0.340000
0.001345, 0.000643, 0.306233, 0.307573, 0.305609
0.001462, 0.000643, 0.331458, 0.332186, 0.331002
0.001579, 0.000643, 0.340000, 0.340000, 0.340000
0.001696, 0.000643, 0.327541, 0.327666, 0.327525
0.001813, 0.000643, 0.248116, 0.248752, 0.248490
0.001930, 0.000643, 0.339273, 0.339282, 0.339231
0.002048, 0.000643, 0.340000, 0.340000, 0.340000
0.002164, 0.000643, 0.263922, 0.264396, 0.264422
0.002282, 0.000643, 0.311106, 0.311387, 0.311187
0.002398, 0.000643, 0.340000, 0.340000, 0.340000
0.002515, 0.000643, 0.324797, 0.325864, 0.324235
0.002632, 0.000643, 0.312661, 0.313968, 0.312043
0.002749, 0.000643, 0.340000, 0.340000, 0.340000
0.002866, 0.000643, 0.340000, 0.340000, 0.340000
0.002983, 0.000643, 0.248533, 0.251030, 0.247515
0.003101, 0.000643, 0.340000, 0.340000, 0.340000
0.003217, 0.000643, 0.340000, 0.340000, 0.340000
0.003335, 0.000643, 0.340000, 0.340000, 0.340000
0.003451, 0.000643, 0.256682, 0.257910, 0.256176
0.003569, 0.000643, 0.173890, 0.173892, 0.173892
0.003685, 0.000643, 0.286701, 0.287203, 0.286810
0.003802, 0.000643, 0.286883, 0.288836, 0.285939
0.003919, 0.000643, 0.335721, 0.335661, 0.335831
0.004037, 0.000643, 0.305471, 0.305192, 0.308621
0.004153, 0.000643, 0.274407, 0.274959, 0.275044
0.004270, 0.000643, 0.306176, 0.306131, 0.307852
0.004388, 0.000643, 0.306769, 0.306474, 0.309141
0.004504, 0.000643, 0.304713, 0.304807, 0.305967
0.004622, 0.000643, 0.243590, 0.244171, 0.244204
0.004738, 0.000643, 0.268937, 0.268961, 0.271360
0.004856, 0.000643, 0.295066, 0.295800, 0.295068
0.004972, 0.000643, 0.340000, 0.340000, 0.340000
0.005090, 0.000643, 0.340000, 0.340000, 0.340000
0.005206, 0.000643, 0.328554, 0.328627, 0.329439
0.005324, 0.000643, 0.340000, 0.340000, 0.340000
0.005440, 0.000643, 0.336586, 0.336571, 0.336608
0.005557, 0.000643, 0.304236, 0.304078, 0.306621
0.005675, 0.000643, 0.305844, 0.305707, 0.307376
0.005791, 0.000643, 0.190626, 0.191798, 0.190113
-0.005791, 0.000760, 0.170207, 0.170212, 0.170191
-0.005674, 0.000760, 0.322459, 0.322992, 0.322292
-0.005557, 0.000760, 0.340000, 0.340000, 0.340000
-0.005441, 0.000760, 0.303524, 0.305671, 0.302539
-0.005324, 0.000760, 0.330959, 0.331251, 0.330924
-0.005207, 0.000760, 0.340000, 0.340000, 0.340000
-0.005089, 0.000760, 0.330949, 0.331241, 0.330869
-0.004972, 0.000760, 0.330954, 0.331240, 0.330889
-0.004855, 0.000760, 0.340000, 0.340000, 0.340000
-0.004738, 0.000760, 0.340000, 0.340000, 0.340000
-0.004621, 0.000760, 0.330946, 0.331216, 0.330859
-0.004504, 0.000760, 0.334536, 0.334626, 0.334479
-0.004387, 0.000760, 0.340000, 0.340000, 0.340000
-0.004270, 0.000760, 0.334794, 0.334861, 0.334772
-0.004154, 0.000760, 0.330936, 0.331200, 0.330602
-0.004036, 0.000760, 0.339891, 0.339888, 0.339883
-0.003920, 0.000760, 0.330822, 0.331079, 0.330633
-0.003803, 0.000760, 0.339993, 0.339993, 0.339993
-0.003686, 0.000760, 0.340000, 0.340000, 0.340000
-0.003569, 0.000760, 0.340000, 0.340000, 0.340000
-0.003452, 0.000760, 0.340000, 0.340000, 0.340000
-0.003335, 0.000760, 0.247121, 0.248838, 0.246755
-0.003218, 0.000760, 0.279372, 0.280446, 0.279414
-0.003101, 0.000760, 0.337894, 0.338036, 0.337697
-0.002984, 0.000760, 0.340000, 0.340000, 0.340000
-0.002867, 0.000760, 0.340000, 0.340000, 0.340000
-0.002750, 0.000760, 0.340000, 0.340000, 0.340000
-0.002633, 0.000760, 0.254415, 0.257307, 0.253256
-0.002516, 0.000760, 0.340000, 0.340000, 0.340000
-0.002399, 0.000760, 0.340000, 0.340000, 0.340000
-0.002282, 0.000760, 0.321916, 0.323082, 0.321301
-0.002165, 0.000760, 0.298183, 0.299527, 0.297547
-0.002048, 0.000760, 0.340000, 0.340000, 0.340000
-0.001931, 0.000760, 0.340000, 0.340000, 0.340000
-0.001814, 0.000760, 0.249204, 0.250440, 0.248700
-0.001697, 0.000760, 0.322776, 0.323908, 0.322199
-0.001580, 0.000760, 0.340000, 0.340000, 0.340000
-0.001463, 0.000760, 0.340000, 0.340000, 0.340000
-0.001345, 0.000760, 0.340000, 0.340000, 0.340000
-0.001228, 0.000760, 0.340000, 0.340000, 0.340000
-0.001112, 0.000760, 0.340000, 0.340000, 0.340000
-0.000995, 0.000760, 0.297313, 0.299722, 0.296189
-0.000878, 0.000760, 0.340000, 0.340000, 0.340000
-0.000761, 0.000760, 0.340000, 0.340000, 0.340000
-0.000644, 0.000760, 0.340000, 0.340000, 0.340000
-0.000527, 0.000760, 0.340000, 0.340000, 0.340000
-0.000410, 0.000760, 0.340000, 0.340000, 0.340000
-0.000293, 0.000760, 0.340000, 0.340000, 0.340000
-0.000176, 0.000760, 0.340000, 0.340000, 0.340000
-0.000058, 0.000760, 0.340000, 0.340000, 0.340000
0.000058, 0.000760, 0.340000, 0.340000, 0.340000
0.000175, 0.000760, 0.340000, 0.340000, 0.340000
0.000292, 0.000760, 0.340000, 0.340000, 0.340000
0.000409, 0.000760, 0.340000, 0.340000, 0.340000
0.000526, 0.000760, 0.340000, 0.340000, 0.340000
0.000643, 0.000760, 0.340000, 0.340000, 0.340000
0.000760, 0.000760, 0.340000, 0.340000, 0.340000
0.000877, 0.000760, 0.340000, 0.340000, 0.340000
0.000994, 0.000760, 0.340000, 0.340000, 0.340000
0.001112, 0.000760, 0.340000, 0.340000, 0.340000
0.001228, 0.000760, 0.340000, 0.340000, 0.340000
0.001345, 0.000760, 0.306233, 0.307573, 0.305609
0.001462, 0.000760, 0.331458, 0.332186, 0.331002
0.001579, 0.000760, 0.340000, 0.340000, 0.340000
0.001696, 0.000760, 0.340000, 0.340000, 0.340000
0.001813, 0.000760, 0.340000, 0.340000, 0.340000
0.001930, 0.000760, 0.340000, 0.340000, 0.340000
0.002048, 0.000760, 0.340000, 0.340000, 0.340000
0.002164, 0.000760, 0.340000, 0.340000, 0.340000
0.002282, 0.000760, 0.340000, 0.340000, 0.340000
0.002398, 0.000760, 0.340000, 0.340000, 0.340000
0.002515, 0.000760, 0.324797, 0.325864, 0.324235
0.002632, 0.000760, 0.312661, 0.313968, 0.312043
0.002749, 0.000760, 0.340000, 0.340000, 0.340000
0.002866, 0.000760, 0.340000, 0.340000, 0.340000
0.002983, 0.000760, 0.248533, 0.251030, 0.247515
0.003101, 0.000760, 0.340000, 0.340000, 0.340000
0.003217, 0.000760, 0.340000, 0.340000, 0.340000
0.003335, 0.000760, 0.340000, 0.340000, 0.340000
0.003451, 0.000760, 0.260664, 0.261902, 0.260037
0.003569, 0.000760, 0.283118, 0.283531, 0.283531
0.003685, 0.000760, 0.219318, 0.219708, 0.219708
0.003802, 0.000760, 0.256104, 0.257564, 0.255475
0.003919, 0.000760, 0.324833, 0.325477, 0.324386
0.004037, 0.000760, 0.340000, 0.340000, 0.340000
0.004153, 0.000760, 0.305978, 0.308285, 0.304854
0.004270, 0.000760, 0.326841, 0.327357, 0.326690
0.004388, 0.000760, 0.340000, 0.340000, 0.340000
0.004504, 0.000760, 0.319998, 0.320549, 0.319706
0.004622, 0.000760, 0.301415, 0.303398, 0.300510
0.004738, 0.000760, 0.339999, 0.339999, 0.339999
0.004856, 0.000760, 0.309945, 0.311603, 0.309144
0.004972, 0.000760, 0.340000, 0.340000, 0.340000
0.005090, 0.000760, 0.329415, 0.329841, 0.329264
0.005206, 0.000760, 0.340000, 0.340000, 0.340000
0.005324, 0.000760, 0.320577, 0.321446, 0.320351
0.005440, 0.000760, 0.303008, 0.304770, 0.302232
0.005557, 0.000760, 0.338729, 0.338718, 0.338718
0.005675, 0.000760, 0.322459, 0.322992, 0.322292
0.005791, 0.000760, 0.170207, 0.170212, 0.170191
-0.005791, 0.000877, 0.170000, 0.170000, 0.170000
-0.005674, 0.000877, 0.286962, 0.287596, 0.287654
-0.005557, 0.000877, 0.319660, 0.319630, 0.320674
-0.005441, 0.000877, 0.311892, 0.312879, 0.311345
-0.005324, 0.000877, 0.339030, 0.339020, 0.339041
-0.005207, 0.000877, 0.336735, 0.336647, 0.337082
-0.005089, 0.000877, 0.339030, 0.339020, 0.339040
-0.004972, 0.000877, 0.339030, 0.339020, 0.339034
-0.004855, 0.000877, 0.338320, 0.338274, 0.338450
-0.004738, 0.000877, 0.338416, 0.338374, 0.338507
-0.004621, 0.000877, 0.339030, 0.339020, 0.339028
-0.004504, 0.000877, 0.326228, 0.326562, 0.326125
-0.004387, 0.000877, 0.336301, 0.336238, 0.336534
-0.004270, 0.000877, 0.303857, 0.305803, 0.303100
-0.004154, 0.000877, 0.324006, 0.324606, 0.323873
-0.004036, 0.000877, 0.334030, 0.333896, 0.334495
-0.003920, 0.000877, 0.322645, 0.322883, 0.322585
-0.003803, 0.000877, 0.337440, 0.337610, 0.337272
-0.003686, 0.000877, 0.340000, 0.340000, 0.340000
-0.003569, 0.000877, 0.321635, 0.321731, 0.322611
-0.003452, 0.000877, 0.340000, 0.340000, 0.340000
-0.003335, 0.000877, 0.211785, 0.213154, 0.211314
-0.003218, 0.000877, 0.294727, 0.297127, 0.293528
-0.003101, 0.000877, 0.315120, 0.315404, 0.315234
-0.002984, 0.000877, 0.340000, 0.340000, 0.340000
-0.002867, 0.000877, 0.340000, 0.340000, 0.340000
-0.002750, 0.000877, 0.340000, 0.340000, 0.340000
-0.002633, 0.000877, 0.254415, 0.257307, 0.253256
-0.002516, 0.000877, 0.340000, 0.340000, 0.340000
-0.002399, 0.000877, 0.340000, 0.340000, 0.340000
-0.002282, 0.000877, 0.321916, 0.323082, 0.321301
-0.002165, 0.000877, 0.298183, 0.299527, 0.297547
-0.002048, 0.000877, 0.340000, 0.340000, 0.340000
-0.001931, 0.000877, 0.340000, 0.340000, 0.340000
-0.001814, 0.000877, 0.249204, 0.250440, 0.248700
-0.001697, 0.000877, 0.322776, 0.323908, 0.322199
-0.001580, 0.000877, 0.340000, 0.340000, 0.340000
-0.001463, 0.000877, 0.339144, 0.339133, 0.339133
-0.001345, 0.000877, 0.337781, 0.337766, 0.337781
-0.001228, 0.000877, 0.340000, 0.340000, 0.340000
-0.001112, 0.000877, 0.340000, 0.340000, 0.340000
-0.000995, 0.000877, 0.271809, 0.272837, 0.272370
-0.000878, 0.000877, 0.330437, 0.330487, 0.330487
-0.000761, 0.000877, 0.340000, 0.340000, 0.340000
-0.000644, 0.000877, 0.340000, 0.340000, 0.340000
-0.000527, 0.000877, 0.340000, 0.340000, 0.340000
-0.000410, 0.000877, 0.340000, 0.340000, 0.340000
-0.000293, 0.000877, 0.340000, 0.340000, 0.340000
-0.000176, 0.000877, 0.340000, 0.340000, 0.340000
-0.000058, 0.000877, 0.340000, 0.340000, 0.340000
0.000058, 0.000877, 0.340000, 0.340000, 0.340000
0.000175, 0.000877, 0.340000, 0.340000, 0.340000
0.000292, 0.000877, 0.340000, 0.340000, 0.340000
0.000409, 0.000877, 0.340000, 0.340000, 0.340000
0.000526, 0.000877, 0.340000, 0.340000, 0.340000
0.000643, 0.000877, 0.340000, 0.340000, 0.340000
0.000760, 0.000877, 0.340000, 0.340000, 0.340000
0.000877, 0.000877, 0.340000, 0.340000, 0.340000
0.000994, 0.000877, 0.336932, 0.336912, 0.337136
0.001112, 0.000877, 0.340000, 0.340000, 0.340000
0.001228, 0.000877, 0.340000, 0.340000, 0.340000
0.001345, 0.000877, 0.307960, 0.309260, 0.307341
0.001462, 0.000877, 0.326350, 0.327025, 0.326072
0.001579, 0.000877, 0.340000, 0.340000, 0.340000
0.001696, 0.000877, 0.340000, 0.340000, 0.340000
0.001813, 0.000877, 0.340000, 0.340000, 0.340000
0.001930, 0.000877, 0.340000, 0.340000, 0.340000
0.002048, 0.000877, 0.340000, 0.340000, 0.340000
0.002164, 0.000877, 0.340000, 0.340000, 0.340000
0.002282, 0.000877, 0.340000, 0.340000, 0.340000
0.002398, 0.000877, 0.340000, 0.340000, 0.340000
0.002515, 0.000877, 0.324797, 0.325864, 0.324235
0.002632, 0.000877, 0.312661, 0.313968, 0.312043
0.002749, 0.000877, 0.340000, 0.340000, 0.340000
0.002866, 0.000877, 0.339999, 0.339999, 0.339999
0.002983, 0.000877, 0.254411, 0.256486, 0.253836
0.003101, 0.000877, 0.340000, 0.340000, 0.340000
0.003217, 0.000877, 0.340000, 0.340000, 0.340000
0.003335, 0.000877, 0.321970, 0.322124, 0.322124
0.003451, 0.000877, 0.303661, 0.304050, 0.304050
0.003569, 0.000877, 0.219318, 0.219708, 0.219708
0.003685, 0.000877, 0.170000, 0.170000, 0.170000
0.003802, 0.000877, 0.258694, 0.259926, 0.258174
0.003919, 0.000877, 0.321160, 0.321640, 0.321613
0.004037, 0.000877, 0.326754, 0.326692, 0.327659
0.004153, 0.000877, 0.334914, 0.335025, 0.334816
0.004270, 0.000877, 0.322365, 0.323171, 0.322399
0.004388, 0.000877, 0.334621, 0.334487, 0.335196
0.004504, 0.000877, 0.339989, 0.339989, 0.339989
0.004622, 0.000877, 0.297352, 0.299391, 0.296378
0.004738, 0.000877, 0.309758, 0.309574, 0.312008
0.004856, 0.000877, 0.330810, 0.330871, 0.330848
0.004972, 0.000877, 0.340000, 0.340000, 0.340000
0.005090, 0.000877, 0.339166, 0.339159, 0.339163
0.005206, 0.000877, 0.335465, 0.335373, 0.335858
0.005324, 0.000877, 0.329544, 0.329711, 0.329757
0.005440, 0.000877, 0.311460, 0.312423, 0.310940
0.005557, 0.000877, 0.319390, 0.319361, 0.320405
0.005675, 0.000877, 0.298070, 0.298606, 0.298839
0.005791, 0.000877, 0.173400, 0.173415, 0.173369
-0.005791, 0.000994, 0.183052, 0.184003, 0.182634
-0.005674, 0.000994, 0.312458, 0.312310, 0.314238
-0.005557, 0.000994, 0.323459, 0.323350, 0.324696
-0.005441, 0.000994, 0.340000, 0.340000, 0.340000
-0.005324, 0.000994, 0.340000, 0.340000, 0.340000
-0.005207, 0.000994, 0.331025, 0.331004, 0.331612
-0.005089, 0.000994, 0.340000, 0.340000, 0.340000
-0.004972, 0.000994, 0.340000, 0.340000, 0.340000
-0.004855, 0.000994, 0.335692, 0.335690, 0.335702
-0.004738, 0.000994, 0.337342, 0.337338, 0.337338
-0.004621, 0.000994, 0.336693, 0.336671, 0.336730
-0.004504, 0.000994, 0.310053, 0.309861, 0.312252
-0.004387, 0.000994, 0.300992, 0.300735, 0.303358
-0.004270, 0.000994, 0.329797, 0.329752, 0.330084
-0.004154, 0.000994, 0.340000, 0.340000, 0.340000
-0.004036, 0.000994, 0.328296, 0.328243, 0.328800
-0.003920, 0.000994, 0.339238, 0.339222, 0.339237
-0.003803, 0.000994, 0.340000, 0.340000, 0.340000
-0.003686, 0.000994, 0.335540, 0.335699, 0.335391
-0.003569, 0.000994, 0.212437, 0.212734, 0.212632
-0.003452, 0.000994, 0.333539, 0.333764, 0.333352
-0.003335, 0.000994, 0.211785, 0.213154, 0.211314
-0.003218, 0.000994, 0.233270, 0.233726, 0.233719
-0.003101, 0.000994, 0.300079, 0.300195, 0.301322
-0.002984, 0.000994, 0.312478, 0.312763, 0.313379
-0.002867, 0.000994, 0.340000, 0.340000, 0.340000
-0.002750, 0.000994, 0.340000, 0.340000, 0.340000
-0.002633, 0.000994, 0.254415, 0.257307, 0.253256
-0.002516, 0.000994, 0.340000, 0.340000, 0.340000
-0.002399, 0.000994, 0.340000, 0.340000, 0.340000
-0.002282, 0.000994, 0.321916, 0.323082, 0.321301
-0.002165, 0.000994, 0.298183, 0.299527, 0.297547
-0.002048, 0.000994, 0.340000, 0.340000, 0.340000
-0.001931, 0.000994, 0.340000, 0.340000, 0.340000
-0.001814, 0.000994, 0.249204, 0.250440, 0.248700
-0.001697, 0.000994, 0.322776, 0.323908, 0.322199
-0.001580, 0.000994, 0.340000, 0.340000, 0.340000
-0.001463, 0.000994, 0.273436, 0.273981, 0.274125
-0.001345, 0.000994, 0.261750, 0.262303, 0.262559
-0.001228, 0.000994, 0.340000, 0.340000, 0.340000
-0.001112, 0.000994, 0.340000, 0.340000, 0.340000
-0.000995, 0.000994, 0.337079, 0.337075, 0.337075
-0.000878, 0.000994, 0.264394, 0.265043, 0.265101
-0.000761, 0.000994, 0.271048, 0.270899, 0.272687
-0.000644, 0.000994, 0.271048, 0.270899, 0.272687
-0.000527, 0.000994, 0.271048, 0.270899, 0.272687
-0.000410, 0.000994, 0.271048, 0.270899, 0.272687
-0.000293, 0.000994, 0.271048, 0.270899, 0.272687
-0.000176, 0.000994, 0.271048, 0.270899, 0.272687
-0.000058, 0.000994, 0.271048, 0.270899, 0.272687
0.000058, 0.000994, 0.271048, 0.270899, 0.272687
0.000175, 0.000994, 0.271048, 0.270899, 0.272687
0.000292, 0.000994, 0.271048, 0.270899, 0.272687
0.000409, 0.000994, 0.271099, 0.270951, 0.272737
0.000526, 0.000994, 0.327780, 0.327854, 0.327854
0.000643, 0.000994, 0.340000, 0.340000, 0.340000
0.000760, 0.000994, 0.340000, 0.340000, 0.340000
0.000877, 0.000994, 0.337027, 0.337136, 0.336912
0.000994, 0.000994, 0.206198, 0.206399, 0.206399
0.001112, 0.000994, 0.331426, 0.331741, 0.331189
0.001228, 0.000994, 0.340000, 0.340000, 0.340000
0.001345, 0.000994, 0.339675, 0.339666, 0.339666
0.001462, 0.000994, 0.288115, 0.288739, 0.288739
0.001579, 0.000994, 0.308070, 0.307951, 0.309819
0.001696, 0.000994, 0.309173, 0.309024, 0.310980
0.001813, 0.000994, 0.309173, 0.309024, 0.310980
0.001930, 0.000994, 0.309173, 0.309024, 0.310980
0.002048, 0.000994, 0.312369, 0.312250, 0.314198
0.002164, 0.000994, 0.340000, 0.340000, 0.340000
0.002282, 0.000994, 0.340000, 0.340000, 0.340000
0.002398, 0.000994, 0.340000, 0.340000, 0.340000
0.002515, 0.000994, 0.324797, 0.325864, 0.324235
0.002632, 0.000994, 0.312661, 0.313968, 0.312043
0.002749, 0.000994, 0.339999, 0.339999, 0.339999
0.002866, 0.000994, 0.280580, 0.281156, 0.281156
0.002983, 0.000994, 0.322117, 0.322246, 0.322246
0.003101, 0.000994, 0.340000, 0.340000, 0.340000
0.003217, 0.000994, 0.321970, 0.322124, 0.322124
0.003335, 0.000994, 0.303661, 0.304050, 0.304050
0.003451, 0.000994, 0.219318, 0.219708, 0.219708
0.003569, 0.000994, 0.170000, 0.170000, 0.170000
0.003685, 0.000994, 0.170000, 0.170000, 0.170000
0.003802, 0.000994, 0.258694, 0.259926, 0.258174
0.003919, 0.000994, 0.340000, 0.340000, 0.340000
0.004037, 0.000994, 0.335213, 0.335139, 0.335796
0.004153, 0.000994, 0.340000, 0.340000, 0.340000
0.004270, 0.000994, 0.340000, 0.340000, 0.340000
0.004388, 0.000994, 0.298233, 0.298756, 0.299215
0.004504, 0.000994, 0.271264, 0.271249, 0.274204
0.004622, 0.000994, 0.308912, 0.309661, 0.308909
0.004738, 0.000994, 0.339487, 0.339467, 0.339531
0.004856, 0.000994, 0.340000, 0.340000, 0.340000
0.004972, 0.000994, 0.340000, 0.340000, 0.340000
0.005090, 0.000994, 0.339960, 0.339958, 0.339958
0.005206, 0.000994, 0.332376, 0.332341, 0.332853
0.005324, 0.000994, 0.340000, 0.340000, 0.340000
0.005440, 0.000994, 0.340000, 0.340000, 0.340000
0.005557, 0.000994, 0.323117, 0.323006, 0.324358
0.005675, 0.000994, 0.330616, 0.330551, 0.331034
0.005791, 0.000994, 0.195226, 0.196541, 0.194801
-0.005791, 0.001112, 0.186023, 0.187123, 0.185632
-0.005674, 0.001112, 0.340000, 0.340000, 0.340000
-0.005557, 0.001112, 0.310827, 0.311054, 0.311743
-0.005441, 0.001112, 0.339956, 0.339954, 0.339954
-0.005324, 0.001112, 0.339928, 0.339925, 0.339928
-0.005207, 0.001112, 0.331798, 0.331706, 0.332516
-0.005089, 0.001112, 0.339928, 0.339925, 0.339928
-0.004972, 0.001112, 0.340000, 0.340000, 0.340000
-0.004855, 0.001112, 0.340000, 0.340000, 0.340000
-0.004738, 0.001112, 0.340000, 0.340000, 0.340000
-0.004621, 0.001112, 0.309897, 0.311527, 0.309079
-0.004504, 0.001112, 0.339310, 0.339300, 0.339300
-0.004387, 0.001112, 0.326931, 0.326789, 0.328119
-0.004270, 0.001112, 0.323220, 0.323746, 0.323336
-0.004154, 0.001112, 0.339928, 0.339925, 0.339928
-0.004036, 0.001112, 0.332401, 0.332318, 0.332792
-0.003920, 0.001112, 0.339318, 0.339305, 0.339297
-0.003803, 0.001112, 0.340000, 0.340000, 0.340000
-0.003686, 0.001112, 0.340000, 0.340000, 0.340000
-0.003569, 0.001112, 0.339805, 0.339796, 0.339812
-0.003452, 0.001112, 0.340000, 0.340000, 0.340000
-0.003335, 0.001112, 0.211785, 0.213154, 0.211314
-0.003218, 0.001112, 0.170000, 0.170000, 0.170000
-0.003101, 0.001112, 0.283448, 0.284366, 0.283813
-0.002984, 0.001112, 0.304835, 0.306183, 0.304648
-0.002867, 0.001112, 0.340000, 0.340000, 0.340000
-0.002750, 0.001112, 0.340000, 0.340000, 0.340000
-0.002633, 0.001112, 0.254415, 0.257307, 0.253256
-0.002516, 0.001112, 0.340000, 0.340000, 0.340000
-0.002399, 0.001112, 0.340000, 0.340000, 0.340000
-0.002282, 0.001112, 0.321916, 0.323082, 0.321301
-0.002165, 0.001112, 0.298183, 0.299527, 0.297547
-0.002048, 0.001112, 0.340000, 0.340000, 0.340000
-0.001931, 0.001112, 0.340000, 0.340000, 0.340000
-0.001814, 0.001112, 0.249204, 0.250440, 0.248700
-0.001697, 0.001112, 0.322776, 0.323908, 0.322199
-0.001580, 0.001112, 0.340000, 0.340000, 0.340000
-0.001463, 0.001112, 0.336807, 0.336805, 0.336805
-0.001345, 0.001112, 0.334360, 0.334364, 0.334384
-0.001228, 0.001112, 0.340000, 0.340000, 0.340000
-0.001112, 0.001112, 0.340000, 0.340000, 0.340000
-0.000995, 0.001112, 0.340000, 0.340000, 0.340000
-0.000878, 0.001112, 0.338347, 0.338320, 0.338393
-0.000761, 0.001112, 0.329319, 0.329174, 0.330504
-0.000644, 0.001112, 0.329319, 0.329174, 0.330504
-0.000527, 0.001112, 0.329319, 0.329174, 0.330504
-0.000410, 0.001112, 0.329319, 0.329174, 0.330504
-0.000293, 0.001112, 0.329319, 0.329174, 0.330504
-0.000176, 0.001112, 0.329319, 0.329174, 0.330504
-0.000058, 0.001112, 0.329319, 0.329174, 0.330504
0.000058, 0.001112, 0.329319, 0.329174, 0.330504
0.000175, 0.001112, 0.329319, 0.329174, 0.330504
0.000292, 0.001112, 0.329319, 0.329174, 0.330504
0.000409, 0.001112, 0.328430, 0.328300, 0.329562
0.000526, 0.001112, 0.261000, 0.262173, 0.261114
0.000643, 0.001112, 0.340000, 0.340000, 0.340000
0.000760, 0.001112, 0.340000, 0.340000, 0.340000
0.000877, 0.001112, 0.340000, 0.340000, 0.340000
0.000994, 0.001112, 0.331176, 0.331189, 0.331741
0.001112, 0.001112, 0.340000, 0.340000, 0.340000
0.001228, 0.001112, 0.340000, 0.340000, 0.340000
0.001345, 0.001112, 0.340000, 0.340000, 0.340000
0.001462, 0.001112, 0.339675, 0.339666, 0.339666
0.001579, 0.001112, 0.326818, 0.326656, 0.328197
0.001696, 0.001112, 0.326798, 0.326635, 0.328176
0.001813, 0.001112, 0.326798, 0.326635, 0.328176
0.001930, 0.001112, 0.326798, 0.326635, 0.328176
0.002048, 0.001112, 0.319213, 0.319181, 0.320322
0.002164, 0.001112, 0.293759, 0.294392, 0.294232
0.002282, 0.001112, 0.340000, 0.340000, 0.340000
0.002398, 0.001112, 0.340000, 0.340000, 0.340000
0.002515, 0.001112, 0.324797, 0.325864, 0.324235
0.002632, 0.001112, 0.312661, 0.313968, 0.312043
0.002749, 0.001112, 0.314405, 0.315672, 0.313713
0.002866, 0.001112, 0.313896, 0.314770, 0.313753
0.002983, 0.001112, 0.340000, 0.340000, 0.340000
0.003101, 0.001112, 0.321970, 0.322124, 0.322124
0.003217, 0.001112, 0.303661, 0.304050, 0.304050
0.003335, 0.001112, 0.219318, 0.219708, 0.219708
0.003451, 0.001112, 0.189722, 0.190092, 0.189566
0.003569, 0.001112, 0.306022, 0.305982, 0.307493
0.003685, 0.001112, 0.257997, 0.258525, 0.258570
0.003802, 0.001112, 0.258694, 0.259926, 0.258174
0.003919, 0.001112, 0.340000, 0.340000, 0.340000
0.004037, 0.001112, 0.340000, 0.340000, 0.340000
0.004153, 0.001112, 0.340000, 0.340000, 0.340000
0.004270, 0.001112, 0.326368, 0.326571, 0.326490
0.004388, 0.001112, 0.327843, 0.327742, 0.328920
0.004504, 0.001112, 0.334934, 0.334945, 0.334945
0.004622, 0.001112, 0.301921, 0.303442, 0.301096
0.004738, 0.001112, 0.322737, 0.322659, 0.323572
0.004856, 0.001112, 0.327312, 0.327310, 0.327591
0.004972, 0.001112, 0.333618, 0.334095, 0.333181
0.005090, 0.001112, 0.329443, 0.329504, 0.329380
0.005206, 0.001112, 0.328066, 0.327879, 0.328657
0.005324, 0.001112, 0.322884, 0.323543, 0.323127
0.005440, 0.001112, 0.340000, 0.340000, 0.340000
0.005557, 0.001112, 0.340000, 0.340000, 0.340000
0.005675, 0.001112, 0.293686, 0.294056, 0.294056
0.005791, 0.001112, 0.174619, 0.174660, 0.174578
-0.005791, 0.001228, 0.186023, 0.187123, 0.185632
-0.005674, 0.001228, 0.339028, 0.339052, 0.338976
-0.005557, 0.001228, 0.227072, 0.227587, 0.227461
-0.005441, 0.001228, 0.326385, 0.326657, 0.326287
-0.005324, 0.001228, 0.330181, 0.330630, 0.330076
-0.005207, 0.001228, 0.340000, 0.340000, 0.340000
-0.005089, 0.001228, 0.330161, 0.330594, 0.330017
-0.004972, 0.001228, 0.340000, 0.340000, 0.340000
-0.004855, 0.001228, 0.338812, 0.338802, 0.338802
-0.004738, 0.001228, 0.335662, 0.335651, 0.335690
-0.004621, 0.001228, 0.334367, 0.334465, 0.334285
-0.004504, 0.001228, 0.320056, 0.320721, 0.319624
-0.004387, 0.001228, 0.340000, 0.340000, 0.340000
-0.004270, 0.001228, 0.330522, 0.330926, 0.330266
-0.004154, 0.001228, 0.330186, 0.330635, 0.330088
-0.004036, 0.001228, 0.340000, 0.340000, 0.340000
-0.003920, 0.001228, 0.335324, 0.335588, 0.335070
-0.003803, 0.001228, 0.334823, 0.334973, 0.334678
-0.003686, 0.001228, 0.340000, 0.340000, 0.340000
-0.003569, 0.001228, 0.340000, 0.340000, 0.340000
-0.003452, 0.001228, 0.340000, 0.340000, 0.340000
-0.003335, 0.001228, 0.211785, 0.213154, 0.211314
-0.003218, 0.001228, 0.170000, 0.170000, 0.170000
-0.003101, 0.001228, 0.273502, 0.273905, 0.274077
-0.002984, 0.001228, 0.333203, 0.333123, 0.333698
-0.002867, 0.001228, 0.340000, 0.340000, 0.340000
-0.002750, 0.001228, 0.340000, 0.340000, 0.340000
-0.002633, 0.001228, 0.254415, 0.257307, 0.253256
-0.002516, 0.001228, 0.340000, 0.340000, 0.340000
-0.002399, 0.001228, 0.340000, 0.340000, 0.340000
-0.002282, 0.001228, 0.321916, 0.323082, 0.321301
-0.002165, 0.001228, 0.298183, 0.299527, 0.297547
-0.002048, 0.001228, 0.340000, 0.340000, 0.340000
-0.001931, 0.001228, 0.340000, 0.340000, 0.340000
-0.001814, 0.001228, 0.249204, 0.250440, 0.248700
-0.001697, 0.001228, 0.322776, 0.323908, 0.322199
-0.001580, 0.001228, 0.340000, 0.340000, 0.340000
-0.001463, 0.001228, 0.340000, 0.340000, 0.340000
-0.001345, 0.001228, 0.340000, 0.340000, 0.340000
-0.001228, 0.001228, 0.340000, 0.340000, 0.340000
-0.001112, 0.001228, 0.340000, 0.340000, 0.340000
-0.000995, 0.001228, 0.340000, 0.340000, 0.340000
-0.000878, 0.001228, 0.340000, 0.340000, 0.340000
-0.000761, 0.001228, 0.340000, 0.340000, 0.340000
-0.000644, 0.001228, 0.340000, 0.340000, 0.340000
-0.000527, 0.001228, 0.340000, 0.340000, 0.340000
-0.000410, 0.001228, 0.340000, 0.340000, 0.340000
-0.000293, 0.001228, 0.340000, 0.340000, 0.340000
-0.000176, 0.001228, 0.340000, 0.340000, 0.340000
-0.000058, 0.001228, 0.340000, 0.340000, 0.340000
0.000058, 0.001228, 0.340000, 0.340000, 0.340000
0.000175, 0.001228, 0.340000, 0.340000, 0.340000
0.000292, 0.001228, 0.340000, 0.340000, 0.340000
0.000409, 0.001228, 0.340000, 0.340000, 0.340000
0.000526, 0.001228, 0.278663, 0.280584, 0.277695
0.000643, 0.001228, 0.340000, 0.340000, 0.340000
0.000760, 0.001228, 0.340000, 0.340000, 0.340000
0.000877, 0.001228, 0.340000, 0.340000, 0.340000
0.000994, 0.001228, 0.340000, 0.340000, 0.340000
0.001112, 0.001228, 0.340000, 0.340000, 0.340000
0.001228, 0.001228, 0.340000, 0.340000, 0.340000
0.001345, 0.001228, 0.340000, 0.340000, 0.340000
0.001462, 0.001228, 0.340000, 0.340000, 0.340000
0.001579, 0.001228, 0.340000, 0.340000, 0.340000
0.001696, 0.001228, 0.340000, 0.340000, 0.340000
0.001813, 0.001228, 0.340000, 0.340000, 0.340000
0.001930, 0.001228, 0.340000, 0.340000, 0.340000
0.002048, 0.001228, 0.340000, 0.340000, 0.340000
0.002164, 0.001228, 0.297799, 0.300261, 0.296629
0.002282, 0.001228, 0.340000, 0.340000, 0.340000
0.002398, 0.001228, 0.340000, 0.340000, 0.340000
0.002515, 0.001228, 0.324797, 0.325864, 0.324235
0.002632, 0.001228, 0.312661, 0.313968, 0.312043
0.002749, 0.001228, 0.311972, 0.313295, 0.311321
0.002866, 0.001228, 0.325863, 0.326891, 0.325310
0.002983, 0.001228, 0.321970, 0.322124, 0.322124
0.003101, 0.001228, 0.303661, 0.304050, 0.304050
0.003217, 0.001228, 0.219318, 0.219708, 0.219708
0.003335, 0.001228, 0.170000, 0.170000, 0.170000
0.003451, 0.001228, 0.234490, 0.235746, 0.234018
0.003569, 0.001228, 0.340000, 0.340000, 0.340000
0.003685, 0.001228, 0.311843, 0.312939, 0.311448
0.003802, 0.001228, 0.258694, 0.259926, 0.258174
0.003919, 0.001228, 0.340000, 0.340000, 0.340000
0.004037, 0.001228, 0.340000, 0.340000, 0.340000
0.004153, 0.001228, 0.340000, 0.340000, 0.340000
0.004270, 0.001228, 0.331258, 0.331572, 0.330989
0.004388, 0.001228, 0.340000, 0.340000, 0.340000
0.004504, 0.001228, 0.322354, 0.322989, 0.321894
0.004622, 0.001228, 0.298171, 0.299290, 0.298339
0.004738, 0.001228, 0.340000, 0.340000, 0.340000
0.004856, 0.001228, 0.338351, 0.338341, 0.338341
0.004972, 0.001228, 0.325719, 0.326380, 0.325333
0.005090, 0.001228, 0.325103, 0.325809, 0.324695
0.005206, 0.001228, 0.340000, 0.340000, 0.340000
0.005324, 0.001228, 0.323444, 0.324347, 0.323085
0.005440, 0.001228, 0.340000, 0.340000, 0.340000
0.005557, 0.001228, 0.293686, 0.294056, 0.294056
0.005675, 0.001228, 0.175672, 0.175687, 0.175687
0.005791, 0.001228, 0.170000, 0.170000, 0.170000
-0.005791, 0.001345, 0.186023, 0.187123, 0.185632
-0.005674, 0.001345, 0.340000, 0.340000, 0.340000
-0.005557, 0.001345, 0.340000, 0.340000, 0.340000
-0.005441, 0.001345, 0.340000, 0.340000, 0.340000
-0.005324, 0.001345, 0.340000, 0.340000, 0.340000
-0.005207, 0.001345, 0.330008, 0.330118, 0.330754
-0.005089, 0.001345, 0.340000, 0.340000, 0.340000
-0.004972, 0.001345, 0.340000, 0.340000, 0.340000
-0.004855, 0.001345, 0.277850, 0.278400, 0.278498
-0.004738, 0.001345, 0.256584, 0.257148, 0.257430
-0.004621, 0.001345, 0.340000, 0.340000, 0.340000
-0.004504, 0.001345, 0.331876, 0.331961, 0.331769
-0.004387, 0.001345, 0.327883, 0.327712, 0.328613
-0.004270, 0.001345, 0.329314, 0.329268, 0.329842
-0.004154, 0.001345, 0.340000, 0.340000, 0.340000
-0.004036, 0.001345, 0.330568, 0.330604, 0.330979
-0.003920, 0.001345, 0.339391, 0.339385, 0.339369
-0.003803, 0.001345, 0.340000, 0.340000, 0.340000
-0.003686, 0.001345, 0.340000, 0.340000, 0.340000
-0.003569, 0.001345, 0.340000, 0.340000, 0.340000
-0.003452, 0.001345, 0.340000, 0.340000, 0.340000
-0.003335, 0.001345, 0.211785, 0.213154, 0.211314
-0.003218, 0.001345, 0.170000, 0.170000, 0.170000
-0.003101, 0.001345, 0.337894, 0.338036, 0.337697
-0.002984, 0.001345, 0.306040, 0.306322, 0.306302
-0.002867, 0.001345, 0.289462, 0.289804, 0.289869
-0.002750, 0.001345, 0.340000, 0.340000, 0.340000
-0.002633, 0.001345, 0.254415, 0.257307, 0.253256
-0.002516, 0.001345, 0.340000, 0.340000, 0.340000
-0.002399, 0.001345, 0.340000, 0.340000, 0.340000
-0.002282, 0.001345, 0.321916, 0.323082, 0.321301
-0.002165, 0.001345, 0.298183, 0.299527, 0.297547
-0.002048, 0.001345, 0.340000, 0.340000, 0.340000
-0.001931, 0.001345, 0.340000, 0.340000, 0.340000
-0.001814, 0.001345, 0.249204, 0.250440, 0.248700
-0.001697, 0.001345, 0.322776, 0.323908, 0.322199
-0.001580, 0.001345, 0.340000, 0.340000, 0.340000
-0.001463, 0.001345, 0.301119, 0.301442, 0.301414
-0.001345, 0.001345, 0.293083, 0.293442, 0.293442
-0.001228, 0.001345, 0.340000, 0.340000, 0.340000
-0.001112, 0.001345, 0.334363, 0.334384, 0.334364
-0.000995, 0.001345, 0.261876, 0.262559, 0.262303
-0.000878, 0.001345, 0.337784, 0.337781, 0.337766
-0.000761, 0.001345, 0.340000, 0.340000, 0.340000
-0.000644, 0.001345, 0.282987, 0.283325, 0.283465
-0.000527, 0.001345, 0.311134, 0.311373, 0.311345
-0.000410, 0.001345, 0.340000, 0.340000, 0.340000
-0.000293, 0.001345, 0.324956, 0.325064, 0.325038
-0.000176, 0.001345, 0.269105, 0.269589, 0.269634
-0.000058, 0.001345, 0.340000, 0.340000, 0.340000
0.000058, 0.001345, 0.340000, 0.340000, 0.340000
0.000175, 0.001345, 0.340000, 0.340000, 0.340000
0.000292, 0.001345, 0.329695, 0.329641, 0.330158
0.000409, 0.001345, 0.311358, 0.311273, 0.312995
0.000526, 0.001345, 0.289181, 0.289807, 0.289778
0.000643, 0.001345, 0.340000, 0.340000, 0.340000
0.000760, 0.001345, 0.340000, 0.340000, 0.340000
0.000877, 0.001345, 0.337784, 0.337781, 0.337766
0.000994, 0.001345, 0.261876, 0.262559, 0.262303
0.001112, 0.001345, 0.334363, 0.334384, 0.334364
0.001228, 0.001345, 0.340000, 0.340000, 0.340000
0.001345, 0.001345, 0.293083, 0.293442, 0.293442
0.001462, 0.001345, 0.301119, 0.301442, 0.301414
0.001579, 0.001345, 0.340000, 0.340000, 0.340000
0.001696, 0.001345, 0.330942, 0.330992, 0.330970
0.001813, 0.001345, 0.263773, 0.264400, 0.264195
0.001930, 0.001345, 0.339339, 0.339331, 0.339323
0.002048, 0.001345, 0.340000, 0.340000, 0.340000
0.002164, 0.001345, 0.297799, 0.300261, 0.296629
0.002282, 0.001345, 0.340000, 0.340000, 0.340000
0.002398, 0.001345, 0.340000, 0.340000, 0.340000
0.002515, 0.001345, 0.324797, 0.325864, 0.324235
0.002632, 0.001345, 0.312661, 0.313968, 0.312043
0.002749, 0.001345, 0.311972, 0.313295, 0.311321
0.002866, 0.001345, 0.325863, 0.326891, 0.325310
0.002983, 0.001345, 0.301508, 0.303715, 0.300632
0.003101, 0.001345, 0.288393, 0.289764, 0.288320
0.003217, 0.001345, 0.281722, 0.281889, 0.282778
0.003335, 0.001345, 0.217205, 0.217059, 0.218869
0.003451, 0.001345, 0.260099, 0.260730, 0.260677
0.003569, 0.001345, 0.238828, 0.238673, 0.240427
0.003685, 0.001345, 0.193589, 0.193569, 0.194191
0.003802, 0.001345, 0.258694, 0.259926, 0.258174
0.003919, 0.001345, 0.340000, 0.340000, 0.340000
0.004037, 0.001345, 0.340000, 0.340000, 0.340000
0.004153, 0.001345, 0.340000, 0.340000, 0.340000
0.004270, 0.001345, 0.327610, 0.327715, 0.327747
0.004388, 0.001345, 0.331613, 0.331438, 0.332183
0.004504, 0.001345, 0.326439, 0.326598, 0.326538
0.004622, 0.001345, 0.295293, 0.296524, 0.295370
0.004738, 0.001345, 0.299379, 0.299578, 0.300288
0.004856, 0.001345, 0.330700, 0.330567, 0.331080
0.004972, 0.001345, 0.339984, 0.339983, 0.339983
0.005090, 0.001345, 0.323323, 0.324003, 0.322862
0.005206, 0.001345, 0.321273, 0.322043, 0.320842
0.005324, 0.001345, 0.301363, 0.303451, 0.300495
0.005440, 0.001345, 0.308075, 0.308760, 0.307712
0.005557, 0.001345, 0.194101, 0.194018, 0.195359
0.005675, 0.001345, 0.175154, 0.175132, 0.175211
0.005791, 0.001345, 0.170000, 0.170000, 0.170000
-0.005791, 0.001462, 0.173150, 0.173205, 0.173088
-0.005674, 0.001462, 0.246654, 0.246510, 0.249613
-0.005557, 0.001462, 0.299933, 0.299781, 0.302624
-0.005441, 0.001462, 0.321983, 0.322461, 0.321680
-0.005324, 0.001462, 0.340000, 0.340000, 0.340000
-0.005207, 0.001462, 0.330008, 0.330117, 0.330754
-0.005089, 0.001462, 0.340000, 0.340000, 0.340000
-0.004972, 0.001462, 0.340000, 0.340000, 0.340000
-0.004855, 0.001462, 0.338771, 0.338761, 0.338761
-0.004738, 0.001462, 0.335577, 0.335566, 0.335606
-0.004621, 0.001462, 0.340000, 0.340000, 0.340000
-0.004504, 0.001462, 0.327799, 0.328384, 0.327269
-0.004387, 0.001462, 0.318377, 0.318230, 0.319941
-0.004270, 0.001462, 0.330466, 0.330838, 0.330129
-0.004154, 0.001462, 0.308204, 0.308481, 0.308382
-0.004036, 0.001462, 0.277136, 0.277514, 0.277591
-0.003920, 0.001462, 0.340000, 0.340000, 0.340000
-0.003803, 0.001462, 0.340000, 0.340000, 0.340000
-0.003686, 0.001462, 0.340000, 0.340000, 0.340000
-0.003569, 0.001462, 0.340000, 0.340000, 0.340000
-0.003452, 0.001462, 0.340000, 0.340000, 0.340000
-0.003335, 0.001462, 0.211785, 0.213154, 0.211314
-0.003218, 0.001462, 0.170000, 0.170000, 0.170000
-0.003101, 0.001462, 0.337894, 0.338036, 0.337697
-0.002984, 0.001462, 0.311663, 0.311892, 0.311892
-0.002867, 0.001462, 0.296463, 0.296756, 0.296847
-0.002750, 0.001462, 0.340000, 0.340000, 0.340000
-0.002633, 0.001462, 0.254415, 0.257307, 0.253256
-0.002516, 0.001462, 0.340000, 0.340000, 0.340000
-0.002399, 0.001462, 0.340000, 0.340000, 0.340000
-0.002282, 0.001462, 0.317176, 0.318254, 0.316788
-0.002165, 0.001462, 0.298183, 0.299527, 0.297547
-0.002048, 0.001462, 0.340000, 0.340000, 0.340000
-0.001931, 0.001462, 0.340000, 0.340000, 0.340000
-0.001814, 0.001462, 0.249204, 0.250440, 0.248700
-0.001697, 0.001462, 0.322776, 0.323908, 0.322199
-0.001580, 0.001462, 0.340000, 0.340000, 0.340000
-0.001463, 0.001462, 0.308366, 0.308625, 0.308625
-0.001345, 0.001462, 0.301116, 0.301414, 0.301442
-0.001228, 0.001462, 0.340000, 0.340000, 0.340000
-0.001112, 0.001462, 0.336807, 0.336805, 0.336805
-0.000995, 0.001462, 0.273485, 0.274125, 0.273981
-0.000878, 0.001462, 0.339144, 0.339133, 0.339133
-0.000761, 0.001462, 0.340000, 0.340000, 0.340000
-0.000644, 0.001462, 0.292100, 0.292376, 0.292571
-0.000527, 0.001462, 0.317306, 0.317483, 0.317483
-0.000410, 0.001462, 0.340000, 0.340000, 0.340000
-0.000293, 0.001462, 0.329268, 0.329329, 0.329329
-0.000176, 0.001462, 0.280087, 0.280487, 0.280763
-0.000058, 0.001462, 0.340000, 0.340000, 0.340000
0.000058, 0.001462, 0.340000, 0.340000, 0.340000
0.000175, 0.001462, 0.322459, 0.322585, 0.322585
0.000292, 0.001462, 0.295230, 0.295688, 0.295731
0.000409, 0.001462, 0.323515, 0.323360, 0.325076
0.000526, 0.001462, 0.339906, 0.339902, 0.339902
0.000643, 0.001462, 0.340000, 0.340000, 0.340000
0.000760, 0.001462, 0.340000, 0.340000, 0.340000
0.000877, 0.001462, 0.339144, 0.339133, 0.339133
0.000994, 0.001462, 0.273485, 0.274125, 0.273981
0.001112, 0.001462, 0.336807, 0.336805, 0.336805
0.001228, 0.001462, 0.340000, 0.340000, 0.340000
0.001345, 0.001462, 0.301116, 0.301414, 0.301442
0.001462, 0.001462, 0.308366, 0.308625, 0.308625
0.001579, 0.001462, 0.340000, 0.340000, 0.340000
0.001696, 0.001462, 0.334174, 0.334191, 0.334191
0.001813, 0.001462, 0.275342, 0.275900, 0.275890
0.001930, 0.001462, 0.339909, 0.339904, 0.339904
0.002048, 0.001462, 0.340000, 0.340000, 0.340000
0.002164, 0.001462, 0.297799, 0.300261, 0.296629
0.002282, 0.001462, 0.340000, 0.340000, 0.340000
0.002398, 0.001462, 0.340000, 0.340000, 0.340000
0.002515, 0.001462, 0.324797, 0.325864, 0.324235
0.002632, 0.001462, 0.308616, 0.309840, 0.308203
0.002749, 0.001462, 0.310120, 0.311403, 0.309575
0.002866, 0.001462, 0.326023, 0.327047, 0.325464
0.002983, 0.001462, 0.305054, 0.307404, 0.303894
0.003101, 0.001462, 0.251195, 0.253084, 0.250677
0.003217, 0.001462, 0.260564, 0.260733, 0.261528
0.003335, 0.001462, 0.196045, 0.195888, 0.197666
0.003451, 0.001462, 0.177942, 0.177892, 0.178092
0.003569, 0.001462, 0.234862, 0.234834, 0.236241
0.003685, 0.001462, 0.201067, 0.201083, 0.201757
0.003802, 0.001462, 0.258694, 0.259926, 0.258174
0.003919, 0.001462, 0.340000, 0.340000, 0.340000
0.004037, 0.001462, 0.340000, 0.340000, 0.340000
0.004153, 0.001462, 0.340000, 0.340000, 0.340000
0.004270, 0.001462, 0.333032, 0.332956, 0.333503
0.004388, 0.001462, 0.324153, 0.324046, 0.325294
0.004504, 0.001462, 0.336929, 0.336886, 0.336898
0.004622, 0.001462, 0.302945, 0.303719, 0.302988
0.004738, 0.001462, 0.280211, 0.280162, 0.282242
0.004856, 0.001462, 0.330096, 0.329950, 0.330442
0.004972, 0.001462, 0.336637, 0.336633, 0.336633
0.005090, 0.001462, 0.329046, 0.329201, 0.328926
0.005206, 0.001462, 0.273367, 0.273377, 0.275916
0.005324, 0.001462, 0.278266, 0.279121, 0.278676
0.005440, 0.001462, 0.293469, 0.295232, 0.292574
0.005557, 0.001462, 0.334484, 0.334499, 0.334499
0.005675, 0.001462, 0.294263, 0.294681, 0.294598
0.005791, 0.001462, 0.170000, 0.170000, 0.170000
-0.005791, 0.001579, 0.170208, 0.170212, 0.170191
-0.005674, 0.001579, 0.329758, 0.330169, 0.329493
-0.005557, 0.001579, 0.340000, 0.340000, 0.340000
-0.005441, 0.001579, 0.301207, 0.303462, 0.300149
-0.005324, 0.001579, 0.330158, 0.330679, 0.330059
-0.005207, 0.001579, 0.340000, 0.340000, 0.340000
-0.005089, 0.001579, 0.330134, 0.330629, 0.329991
-0.004972, 0.001579, 0.340000, 0.340000, 0.340000
-0.004855, 0.001579, 0.340000, 0.340000, 0.340000
-0.004738, 0.001579, 0.340000, 0.340000, 0.340000
-0.004621, 0.001579, 0.325513, 0.325436, 0.326627
-0.004504, 0.001579, 0.311989, 0.312495, 0.312613
-0.004387, 0.001579, 0.313914, 0.313757, 0.315558
-0.004270, 0.001579, 0.301099, 0.303098, 0.300288
-0.004154, 0.001579, 0.321210, 0.321349, 0.321349
-0.004036, 0.001579, 0.296938, 0.297179, 0.297394
-0.003920, 0.001579, 0.340000, 0.340000, 0.340000
-0.003803, 0.001579, 0.340000, 0.340000, 0.340000
-0.003686, 0.001579, 0.289045, 0.289518, 0.289209
-0.003569, 0.001579, 0.273881, 0.274366, 0.274219
-0.003452, 0.001579, 0.340000, 0.340000, 0.340000
-0.003335, 0.001579, 0.277979, 0.278683, 0.278656
-0.003218, 0.001579, 0.170000, 0.170000, 0.170000
-0.003101, 0.001579, 0.337894, 0.338036, 0.337697
-0.002984, 0.001579, 0.340000, 0.340000, 0.340000
-0.002867, 0.001579, 0.340000, 0.340000, 0.340000
-0.002750, 0.001579, 0.340000, 0.340000, 0.340000
-0.002633, 0.001579, 0.258932, 0.261783, 0.257794
-0.002516, 0.001579, 0.340000, 0.340000, 0.340000
-0.002399, 0.001579, 0.329992, 0.330046, 0.330046
-0.002282, 0.001579, 0.206863, 0.207164, 0.207164
-0.002165, 0.001579, 0.298183, 0.299527, 0.297547
-0.002048, 0.001579, 0.340000, 0.340000, 0.340000
-0.001931, 0.001579, 0.340000, 0.340000, 0.340000
-0.001814, 0.001579, 0.249204, 0.250440, 0.248700
-0.001697, 0.001579, 0.322776, 0.323908, 0.322199
-0.001580, 0.001579, 0.340000, 0.340000, 0.340000
-0.001463, 0.001579, 0.340000, 0.340000, 0.340000
-0.001345, 0.001579, 0.340000, 0.340000, 0.340000
-0.001228, 0.001579, 0.340000, 0.340000, 0.340000
-0.001112, 0.001579, 0.340000, 0.340000, 0.340000
-0.000995, 0.001579, 0.340000, 0.340000, 0.340000
-0.000878, 0.001579, 0.340000, 0.340000, 0.340000
-0.000761, 0.001579, 0.340000, 0.340000, 0.340000
-0.000644, 0.001579, 0.340000, 0.340000, 0.340000
-0.000527, 0.001579, 0.340000, 0.340000, 0.340000
-0.000410, 0.001579, 0.340000, 0.340000, 0.340000
-0.000293, 0.001579, 0.340000, 0.340000, 0.340000
-0.000176, 0.001579, 0.340000, 0.340000, 0.340000
-0.000058, 0.001579, 0.340000, 0.340000, 0.340000
0.000058, 0.001579, 0.340000, 0.340000, 0.340000
0.000175, 0.001579, 0.295147, 0.297602, 0.294127
0.000292, 0.001579, 0.340000, 0.340000, 0.340000
0.000409, 0.001579, 0.340000, 0.340000, 0.340000
0.000526, 0.001579, 0.340000, 0.340000, 0.340000
0.000643, 0.001579, 0.340000, 0.340000, 0.340000
0.000760, 0.001579, 0.340000, 0.340000, 0.340000
0.000877, 0.001579, 0.340000, 0.340000, 0.340000
0.000994, 0.001579, 0.340000, 0.340000, 0.340000
0.001112, 0.001579, 0.340000, 0.340000, 0.340000
0.001228, 0.001579, 0.340000, 0.340000, 0.340000
0.001345, 0.001579, 0.340000, 0.340000, 0.340000
0.001462, 0.001579, 0.340000, 0.340000, 0.340000
0.001579, 0.001579, 0.340000, 0.340000, 0.340000
0.001696, 0.001579, 0.340000, 0.340000, 0.340000
0.001813, 0.001579, 0.340000, 0.340000, 0.340000
0.001930, 0.001579, 0.340000, 0.340000, 0.340000
0.002048, 0.001579, 0.340000, 0.340000, 0.340000
0.002164, 0.001579, 0.297799, 0.300261, 0.296629
0.002282, 0.001579, 0.340000, 0.340000, 0.340000
0.002398, 0.001579, 0.340000, 0.340000, 0.340000
0.002515, 0.001579, 0.324797, 0.325864, 0.324235
0.002632, 0.001579, 0.184252, 0.184175, 0.185084
0.002749, 0.001579, 0.268655, 0.268995, 0.269824
0.002866, 0.001579, 0.339533, 0.339519, 0.339519
0.002983, 0.001579, 0.300583, 0.302550, 0.299758
0.003101, 0.001579, 0.206689, 0.208063, 0.206227
0.003217, 0.001579, 0.170000, 0.170000, 0.170000
0.003335, 0.001579, 0.170000, 0.170000, 0.170000
0.003451, 0.001579, 0.225091, 0.226302, 0.224675
0.003569, 0.001579, 0.340000, 0.340000, 0.340000
0.003685, 0.001579, 0.314233, 0.315339, 0.313785
0.003802, 0.001579, 0.277177, 0.278082, 0.277037
0.003919, 0.001579, 0.340000, 0.340000, 0.340000
0.004037, 0.001579, 0.302475, 0.302707, 0.302837
0.004153, 0.001579, 0.319167, 0.319326, 0.319326
0.004270, 0.001579, 0.328132, 0.328737, 0.327860
0.004388, 0.001579, 0.340000, 0.340000, 0.340000
0.004504, 0.001579, 0.323009, 0.324009, 0.322460
0.004622, 0.001579, 0.300767, 0.302582, 0.300042
0.004738, 0.001579, 0.340000, 0.340000, 0.340000
0.004856, 0.001579, 0.339567, 0.339557, 0.339557
0.004972, 0.001579, 0.331410, 0.331792, 0.331032
0.005090, 0.001579, 0.319534, 0.320825, 0.318836
0.005206, 0.001579, 0.340000, 0.340000, 0.340000
0.005324, 0.001579, 0.304605, 0.306330, 0.303730
0.005440, 0.001579, 0.300516, 0.302746, 0.299481
0.005557, 0.001579, 0.340000, 0.340000, 0.340000
0.005675, 0.001579, 0.338313, 0.338410, 0.338157
0.005791, 0.001579, 0.170208, 0.170212, 0.170191
-0.005791, 0.001696, 0.170000, 0.170000, 0.170000
-0.005674, 0.001696, 0.260621, 0.261052, 0.261344
-0.005557, 0.001696, 0.289044, 0.289109, 0.290371
-0.005441, 0.001696, 0.299666, 0.300893, 0.299062
-0.005324, 0.001696, 0.340000, 0.340000, 0.340000
-0.005207, 0.001696, 0.330114, 0.330035, 0.330793
-0.005089, 0.001696, 0.340000, 0.340000, 0.340000
-0.004972, 0.001696, 0.340000, 0.340000, 0.340000
-0.004855, 0.001696, 0.330168, 0.330058, 0.331328
-0.004738, 0.001696, 0.339850, 0.339847, 0.339840
-0.004621, 0.001696, 0.319464, 0.320324, 0.318802
-0.004504, 0.001696, 0.317737, 0.318933, 0.317143
-0.004387, 0.001696, 0.334959, 0.334888, 0.335341
-0.004270, 0.001696, 0.271735, 0.272787, 0.271750
-0.004154, 0.001696, 0.319639, 0.319971, 0.319606
-0.004036, 0.001696, 0.340000, 0.340000, 0.340000
-0.003920, 0.001696, 0.340000, 0.340000, 0.340000
-0.003803, 0.001696, 0.340000, 0.340000, 0.340000
-0.003686, 0.001696, 0.324377, 0.324484, 0.324484
-0.003569, 0.001696, 0.316274, 0.316425, 0.316480
-0.003452, 0.001696, 0.340000, 0.340000, 0.340000
-0.003335, 0.001696, 0.268057, 0.268707, 0.268772
-0.003218, 0.001696, 0.170000, 0.170000, 0.170000
-0.003101, 0.001696, 0.337894, 0.338036, 0.337697
-0.002984, 0.001696, 0.340000, 0.340000, 0.340000
-0.002867, 0.001696, 0.340000, 0.340000, 0.340000
-0.002750, 0.001696, 0.340000, 0.340000, 0.340000
-0.002633, 0.001696, 0.247924, 0.250330, 0.246887
-0.002516, 0.001696, 0.308242, 0.308161, 0.309899
-0.002399, 0.001696, 0.206863, 0.207164, 0.207164
-0.002282, 0.001696, 0.170000, 0.170000, 0.170000
-0.002165, 0.001696, 0.298183, 0.299527, 0.297547
-0.002048, 0.001696, 0.340000, 0.340000, 0.340000
-0.001931, 0.001696, 0.340000, 0.340000, 0.340000
-0.001814, 0.001696, 0.249204, 0.250440, 0.248700
-0.001697, 0.001696, 0.322776, 0.323908, 0.322199
-0.001580, 0.001696, 0.340000, 0.340000, 0.340000
-0.001463, 0.001696, 0.334174, 0.334191, 0.334191
-0.001345, 0.001696, 0.330939, 0.330970, 0.330992
-0.001228, 0.001696, 0.340000, 0.340000, 0.340000
-0.001112, 0.001696, 0.340000, 0.340000, 0.340000
-0.000995, 0.001696, 0.325125, 0.325189, 0.325969
-0.000878, 0.001696, 0.340000, 0.340000, 0.340000
-0.000761, 0.001696, 0.340000, 0.340000, 0.340000
-0.000644, 0.001696, 0.327495, 0.327525, 0.327666
-0.000527, 0.001696, 0.337592, 0.337586, 0.337586
-0.000410, 0.001696, 0.340000, 0.340000, 0.340000
-0.000293, 0.001696, 0.339994, 0.339994, 0.339994
-0.000176, 0.001696, 0.325151, 0.325225, 0.325678
-0.000058, 0.001696, 0.340000, 0.340000, 0.340000
0.000058, 0.001696, 0.340000, 0.340000, 0.340000
0.000175, 0.001696, 0.297803, 0.300346, 0.296620
0.000292, 0.001696, 0.340000, 0.340000, 0.340000
0.000409, 0.001696, 0.340000, 0.340000, 0.340000
0.000526, 0.001696, 0.337592, 0.337586, 0.337586
0.000643, 0.001696, 0.327495, 0.327525, 0.327666
0.000760, 0.001696, 0.340000, 0.340000, 0.340000
0.000877, 0.001696, 0.340000, 0.340000, 0.340000
0.000994, 0.001696, 0.325125, 0.325189, 0.325969
0.001112, 0.001696, 0.340000, 0.340000, 0.340000
0.001228, 0.001696, 0.340000, 0.340000, 0.340000
0.001345, 0.001696, 0.330939, 0.330970, 0.330992
0.001462, 0.001696, 0.334174, 0.334191, 0.334191
0.001579, 0.001696, 0.340000, 0.340000, 0.340000
0.001696, 0.001696, 0.340000, 0.340000, 0.340000
0.001813, 0.001696, 0.325130, 0.325195, 0.325905
0.001930, 0.001696, 0.340000, 0.340000, 0.340000
0.002048, 0.001696, 0.340000, 0.340000, 0.340000
0.002164, 0.001696, 0.297799, 0.300261, 0.296629
0.002282, 0.001696, 0.340000, 0.340000, 0.340000
0.002398, 0.001696, 0.340000, 0.340000, 0.340000
0.002515, 0.001696, 0.319452, 0.320431, 0.319120
0.002632, 0.001696, 0.253471, 0.253952, 0.253944
0.002749, 0.001696, 0.339074, 0.339064, 0.339064
0.002866, 0.001696, 0.295100, 0.295649, 0.295706
0.002983, 0.001696, 0.282764, 0.283179, 0.283179
0.003101, 0.001696, 0.306417, 0.307260, 0.306661
0.003217, 0.001696, 0.281301, 0.281343, 0.282542
0.003335, 0.001696, 0.243188, 0.242873, 0.245588
0.003451, 0.001696, 0.274851, 0.275134, 0.276351
0.003569, 0.001696, 0.310013, 0.309860, 0.311785
0.003685, 0.001696, 0.289356, 0.289806, 0.290444
0.003802, 0.001696, 0.338213, 0.338255, 0.338152
0.003919, 0.001696, 0.340000, 0.340000, 0.340000
0.004037, 0.001696, 0.279751, 0.280145, 0.280143
0.004153, 0.001696, 0.302151, 0.302485, 0.302351
0.004270, 0.001696, 0.306888, 0.308732, 0.306002
0.004388, 0.001696, 0.339963, 0.339962, 0.339962
0.004504, 0.001696, 0.317377, 0.318186, 0.317077
0.004622, 0.001696, 0.335169, 0.335182, 0.335172
0.004738, 0.001696, 0.323880, 0.323750, 0.324408
0.004856, 0.001696, 0.330130, 0.330063, 0.330381
0.004972, 0.001696, 0.329876, 0.330284, 0.329531
0.005090, 0.001696, 0.320486, 0.320986, 0.320713
0.005206, 0.001696, 0.323747, 0.323491, 0.325022
0.005324, 0.001696, 0.326362, 0.326659, 0.326072
0.005440, 0.001696, 0.297904, 0.299835, 0.296933
0.005557, 0.001696, 0.340000, 0.340000, 0.340000
0.005675, 0.001696, 0.336988, 0.337116, 0.336812
0.005791, 0.001696, 0.170000, 0.170000, 0.170000
-0.005791, 0.001813, 0.170000, 0.170000, 0.170000
-0.005674, 0.001813, 0.170787, 0.170777, 0.170777
-0.005557, 0.001813, 0.198485, 0.198383, 0.200220
-0.005441, 0.001813, 0.301064, 0.302404, 0.300451
-0.005324, 0.001813, 0.340000, 0.340000, 0.340000
-0.005207, 0.001813, 0.329730, 0.329703, 0.330308
-0.005089, 0.001813, 0.340000, 0.340000, 0.340000
-0.004972, 0.001813, 0.319323, 0.320393, 0.318693
-0.004855, 0.001813, 0.321327, 0.321250, 0.322375
-0.004738, 0.001813, 0.306192, 0.307411, 0.305821
-0.004621, 0.001813, 0.319415, 0.319445, 0.320092
-0.004504, 0.001813, 0.281259, 0.282637, 0.281080
-0.004387, 0.001813, 0.308829, 0.308656, 0.310792
-0.004270, 0.001813, 0.329736, 0.329839, 0.329711
-0.004154, 0.001813, 0.270565, 0.271675, 0.270462
-0.004036, 0.001813, 0.303666, 0.303371, 0.306320
-0.003920, 0.001813, 0.330383, 0.330331, 0.330738
-0.003803, 0.001813, 0.340000, 0.340000, 0.340000
-0.003686, 0.001813, 0.340000, 0.340000, 0.340000
-0.003569, 0.001813, 0.340000, 0.340000, 0.340000
-0.003452, 0.001813, 0.340000, 0.340000, 0.340000
-0.003335, 0.001813, 0.211785, 0.213154, 0.211314
-0.003218, 0.001813, 0.170000, 0.170000, 0.170000
-0.003101, 0.001813, 0.336061, 0.336196, 0.335896
-0.002984, 0.001813, 0.340000, 0.340000, 0.340000
-0.002867, 0.001813, 0.340000, 0.340000, 0.340000
-0.002750, 0.001813, 0.340000, 0.340000, 0.340000
-0.002633, 0.001813, 0.223212, 0.224540, 0.222716
-0.002516, 0.001813, 0.170000, 0.170000, 0.170000
-0.002399, 0.001813, 0.170000, 0.170000, 0.170000
-0.002282, 0.001813, 0.206689, 0.206989, 0.206989
-0.002165, 0.001813, 0.330695, 0.330771, 0.330677
-0.002048, 0.001813, 0.340000, 0.340000, 0.340000
-0.001931, 0.001813, 0.340000, 0.340000, 0.340000
-0.001814, 0.001813, 0.249204, 0.250440, 0.248700
-0.001697, 0.001813, 0.322776, 0.323908, 0.322199
-0.001580, 0.001813, 0.340000, 0.340000, 0.340000
-0.001463, 0.001813, 0.275348, 0.275890, 0.275900
-0.001345, 0.001813, 0.263655, 0.264195, 0.264400
-0.001228, 0.001813, 0.340000, 0.340000, 0.340000
-0.001112, 0.001813, 0.331418, 0.331716, 0.331191
-0.000995, 0.001813, 0.210057, 0.210316, 0.210262
-0.000878, 0.001813, 0.337027, 0.337133, 0.336913
-0.000761, 0.001813, 0.340000, 0.340000, 0.340000
-0.000644, 0.001813, 0.247926, 0.248490, 0.248752
-0.000527, 0.001813, 0.291071, 0.291649, 0.291261
-0.000410, 0.001813, 0.340000, 0.340000, 0.340000
-0.000293, 0.001813, 0.314637, 0.315170, 0.314463
-0.000176, 0.001813, 0.224149, 0.224708, 0.224801
-0.000058, 0.001813, 0.340000, 0.340000, 0.340000
0.000058, 0.001813, 0.340000, 0.340000, 0.340000
0.000175, 0.001813, 0.297803, 0.300346, 0.296620
0.000292, 0.001813, 0.340000, 0.340000, 0.340000
0.000409, 0.001813, 0.340000, 0.340000, 0.340000
0.000526, 0.001813, 0.291071, 0.291649, 0.291261
0.000643, 0.001813, 0.247926, 0.248490, 0.248752
0.000760, 0.001813, 0.340000, 0.340000, 0.340000
0.000877, 0.001813, 0.337027, 0.337133, 0.336913
0.000994, 0.001813, 0.210057, 0.210316, 0.210262
0.001112, 0.001813, 0.331418, 0.331716, 0.331191
0.001228, 0.001813, 0.340000, 0.340000, 0.340000
0.001345, 0.001813, 0.263655, 0.264195, 0.264400
0.001462, 0.001813, 0.275348, 0.275890, 0.275900
0.001579, 0.001813, 0.340000, 0.340000, 0.340000
0.001696, 0.001813, 0.325475, 0.325905, 0.325195
0.001813, 0.001813, 0.213841, 0.214169, 0.214169
0.001930, 0.001813, 0.339275, 0.339291, 0.339231
0.002048, 0.001813, 0.340000, 0.340000, 0.340000
0.002164, 0.001813, 0.297799, 0.300261, 0.296629
0.002282, 0.001813, 0.340000, 0.340000, 0.340000
0.002398, 0.001813, 0.340000, 0.340000, 0.340000
0.002515, 0.001813, 0.288692, 0.290377, 0.288358
0.002632, 0.001813, 0.339044, 0.339031, 0.339031
0.002749, 0.001813, 0.286727, 0.287385, 0.287382
0.002866, 0.001813, 0.301483, 0.302299, 0.301025
0.002983, 0.001813, 0.201099, 0.201028, 0.202419
0.003101, 0.001813, 0.266427, 0.266339, 0.269551
0.003217, 0.001813, 0.240529, 0.240439, 0.242999
0.003335, 0.001813, 0.211452, 0.211300, 0.213141
0.003451, 0.001813, 0.211452, 0.211300, 0.213141
0.003569, 0.001813, 0.259931, 0.260304, 0.260417
0.003685, 0.001813, 0.339853, 0.339846, 0.339851
0.003802, 0.001813, 0.340000, 0.340000, 0.340000
0.003919, 0.001813, 0.337327, 0.337302, 0.337364
0.004037, 0.001813, 0.304531, 0.304279, 0.306891
0.004153, 0.001813, 0.287136, 0.287360, 0.288484
0.004270, 0.001813, 0.272802, 0.272610, 0.275956
0.004388, 0.001813, 0.272480, 0.272403, 0.275499
0.004504, 0.001813, 0.322690, 0.323239, 0.322413
0.004622, 0.001813, 0.340000, 0.340000, 0.340000
0.004738, 0.001813, 0.339910, 0.339905, 0.339913
0.004856, 0.001813, 0.340000, 0.340000, 0.340000
0.004972, 0.001813, 0.340000, 0.340000, 0.340000
0.005090, 0.001813, 0.336347, 0.336308, 0.336506
0.005206, 0.001813, 0.335546, 0.335437, 0.335891
0.005324, 0.001813, 0.339990, 0.339990, 0.339990
0.005440, 0.001813, 0.289299, 0.290782, 0.288489
0.005557, 0.001813, 0.288779, 0.288801, 0.290372
0.005675, 0.001813, 0.235133, 0.235490, 0.235672
0.005791, 0.001813, 0.170000, 0.170000, 0.170000
-0.005791, 0.001930, 0.170000, 0.170000, 0.170000
-0.005674, 0.001930, 0.298116, 0.298800, 0.298531
-0.005557, 0.001930, 0.339797, 0.339790, 0.339790
-0.005441, 0.001930, 0.300894, 0.302966, 0.299896
-0.005324, 0.001930, 0.337705, 0.337711, 0.337746
-0.005207, 0.001930, 0.339855, 0.339848, 0.339860
-0.005089, 0.001930, 0.337705, 0.337712, 0.337739
-0.004972, 0.001930, 0.316165, 0.317407, 0.315236
-0.004855, 0.001930, 0.336829, 0.336941, 0.336711
-0.004738, 0.001930, 0.329778, 0.329861, 0.330189
-0.004621, 0.001930, 0.336698, 0.336788, 0.336566
-0.004504, 0.001930, 0.306008, 0.307925, 0.305037
-0.004387, 0.001930, 0.337127, 0.337072, 0.337298
-0.004270, 0.001930, 0.326598, 0.326882, 0.326541
-0.004154, 0.001930, 0.304621, 0.306926, 0.303506
-0.004036, 0.001930, 0.340000, 0.340000, 0.340000
-0.003920, 0.001930, 0.306919, 0.307709, 0.307322
-0.003803, 0.001930, 0.335177, 0.335312, 0.335062
-0.003686, 0.001930, 0.335539, 0.335546, 0.335546
-0.003569, 0.001930, 0.317669, 0.317763, 0.318009
-0.003452, 0.001930, 0.340000, 0.340000, 0.340000
-0.003335, 0.001930, 0.211785, 0.213154, 0.211314
-0.003218, 0.001930, 0.170000, 0.170000, 0.170000
-0.003101, 0.001930, 0.230681, 0.231126, 0.231126
-0.002984, 0.001930, 0.337846, 0.337838, 0.337838
-0.002867, 0.001930, 0.340000, 0.340000, 0.340000
-0.002750, 0.001930, 0.340000, 0.340000, 0.340000
-0.002633, 0.001930, 0.223212, 0.224540, 0.222716
-0.002516, 0.001930, 0.170000, 0.170000, 0.170000
-0.002399, 0.001930, 0.206689, 0.206989, 0.206989
-0.002282, 0.001930, 0.329902, 0.329957, 0.329957
-0.002165, 0.001930, 0.340000, 0.340000, 0.340000
-0.002048, 0.001930, 0.340000, 0.340000, 0.340000
-0.001931, 0.001930, 0.340000, 0.340000, 0.340000
-0.001814, 0.001930, 0.249204, 0.250440, 0.248700
-0.001697, 0.001930, 0.322776, 0.323908, 0.322199
-0.001580, 0.001930, 0.340000, 0.340000, 0.340000
-0.001463, 0.001930, 0.339909, 0.339904, 0.339904
-0.001345, 0.001930, 0.339336, 0.339323, 0.339331
-0.001228, 0.001930, 0.340000, 0.340000, 0.340000
-0.001112, 0.001930, 0.340000, 0.340000, 0.340000
-0.000995, 0.001930, 0.339249, 0.339231, 0.339291
-0.000878, 0.001930, 0.340000, 0.340000, 0.340000
-0.000761, 0.001930, 0.340000, 0.340000, 0.340000
-0.000644, 0.001930, 0.339249, 0.339231, 0.339282
-0.000527, 0.001930, 0.340000, 0.340000, 0.340000
-0.000410, 0.001930, 0.340000, 0.340000, 0.340000
-0.000293, 0.001930, 0.340000, 0.340000, 0.340000
-0.000176, 0.001930, 0.339249, 0.339231, 0.339290
-0.000058, 0.001930, 0.340000, 0.340000, 0.340000
0.000058, 0.001930, 0.340000, 0.340000, 0.340000
0.000175, 0.001930, 0.297803, 0.300346, 0.296620
0.000292, 0.001930, 0.340000, 0.340000, 0.340000
0.000409, 0.001930, 0.340000, 0.340000, 0.340000
0.000526, 0.001930, 0.340000, 0.340000, 0.340000
0.000643, 0.001930, 0.339249, 0.339231, 0.339282
0.000760, 0.001930, 0.340000, 0.340000, 0.340000
0.000877, 0.001930, 0.340000, 0.340000, 0.340000
0.000994, 0.001930, 0.339249, 0.339231, 0.339291
0.001112, 0.001930, 0.340000, 0.340000, 0.340000
0.001228, 0.001930, 0.340000, 0.340000, 0.340000
0.001345, 0.001930, 0.339336, 0.339323, 0.339331
0.001462, 0.001930, 0.339909, 0.339904, 0.339904
0.001579, 0.001930, 0.340000, 0.340000, 0.340000
0.001696, 0.001930, 0.340000, 0.340000, 0.340000
0.001813, 0.001930, 0.339249, 0.339231, 0.339291
0.001930, 0.001930, 0.340000, 0.340000, 0.340000
0.002048, 0.001930, 0.340000, 0.340000, 0.340000
0.002164, 0.001930, 0.297799, 0.300261, 0.296629
0.002282, 0.001930, 0.340000, 0.340000, 0.340000
0.002398, 0.001930, 0.340000, 0.340000, 0.340000
0.002515, 0.001930, 0.297808, 0.300273, 0.296631
0.002632, 0.001930, 0.308098, 0.309417, 0.307480
0.002749, 0.001930, 0.327112, 0.327877, 0.326740
0.002866, 0.001930, 0.287782, 0.289128, 0.287053
0.002983, 0.001930, 0.335938, 0.335942, 0.335942
0.003101, 0.001930, 0.340000, 0.340000, 0.340000
0.003217, 0.001930, 0.340000, 0.340000, 0.340000
0.003335, 0.001930, 0.340000, 0.340000, 0.340000
0.003451, 0.001930, 0.340000, 0.340000, 0.340000
0.003569, 0.001930, 0.340000, 0.340000, 0.340000
0.003685, 0.001930, 0.340000, 0.340000, 0.340000
0.003802, 0.001930, 0.337477, 0.337662, 0.337301
0.003919, 0.001930, 0.323734, 0.324115, 0.323576
0.004037, 0.001930, 0.340000, 0.340000, 0.340000
0.004153, 0.001930, 0.300078, 0.302020, 0.299436
0.004270, 0.001930, 0.309517, 0.310713, 0.309018
0.004388, 0.001930, 0.320587, 0.320539, 0.321631
0.004504, 0.001930, 0.321135, 0.322051, 0.320581
0.004622, 0.001930, 0.340000, 0.340000, 0.340000
0.004738, 0.001930, 0.271203, 0.271618, 0.271666
0.004856, 0.001930, 0.308142, 0.308434, 0.308275
0.004972, 0.001930, 0.340000, 0.340000, 0.340000
0.005090, 0.001930, 0.326855, 0.327087, 0.326728
0.005206, 0.001930, 0.336504, 0.336431, 0.336675
0.005324, 0.001930, 0.324061, 0.324431, 0.323815
0.005440, 0.001930, 0.293227, 0.294748, 0.292450
0.005557, 0.001930, 0.325889, 0.325920, 0.326276
0.005675, 0.001930, 0.298115, 0.298798, 0.298529
0.005791, 0.001930, 0.170000, 0.170000, 0.170000
-0.005791, 0.002048, 0.170207, 0.170211, 0.170191
-0.005674, 0.002048, 0.317712, 0.318314, 0.317597
-0.005557, 0.002048, 0.336923, 0.336920, 0.336920
-0.005441, 0.002048, 0.302039, 0.303734, 0.301323
-0.005324, 0.002048, 0.332215, 0.332390, 0.332252
-0.005207, 0.002048, 0.340000, 0.340000, 0.340000
-0.005089, 0.002048, 0.332216, 0.332394, 0.332190
-0.004972, 0.002048, 0.331260, 0.331778, 0.330780
-0.004855, 0.002048, 0.332575, 0.332599, 0.332604
-0.004738, 0.002048, 0.338701, 0.338674, 0.338669
-0.004621, 0.002048, 0.325556, 0.326110, 0.325241
-0.004504, 0.002048, 0.330613, 0.330837, 0.330501
-0.004387, 0.002048, 0.340000, 0.340000, 0.340000
-0.004270, 0.002048, 0.329796, 0.330105, 0.329588
-0.004154, 0.002048, 0.299005, 0.300854, 0.298223
-0.004036, 0.002048, 0.338351, 0.338341, 0.338341
-0.003920, 0.002048, 0.315196, 0.316148, 0.314895
-0.003803, 0.002048, 0.330880, 0.331235, 0.330645
-0.003686, 0.002048, 0.300244, 0.300738, 0.300290
-0.003569, 0.002048, 0.249938, 0.250506, 0.250585
-0.003452, 0.002048, 0.340000, 0.340000, 0.340000
-0.003335, 0.002048, 0.210862, 0.212211, 0.210402
-0.003218, 0.002048, 0.170000, 0.170000, 0.170000
-0.003101, 0.002048, 0.170000, 0.170000, 0.170000
-0.002984, 0.002048, 0.230681, 0.231126, 0.231126
-0.002867, 0.002048, 0.337846, 0.337838, 0.337838
-0.002750, 0.002048, 0.338360, 0.338351, 0.338351
-0.002633, 0.002048, 0.207816, 0.208813, 0.207330
-0.002516, 0.002048, 0.206689, 0.206989, 0.206989
-0.002399, 0.002048, 0.329902, 0.329957, 0.329957
-0.002282, 0.002048, 0.340000, 0.340000, 0.340000
-0.002165, 0.002048, 0.340000, 0.340000, 0.340000
-0.002048, 0.002048, 0.340000, 0.340000, 0.340000
-0.001931, 0.002048, 0.340000, 0.340000, 0.340000
-0.001814, 0.002048, 0.249204, 0.250440, 0.248700
-0.001697, 0.002048, 0.322776, 0.323908, 0.322199
-0.001580, 0.002048, 0.340000, 0.340000, 0.340000
-0.001463, 0.002048, 0.335074, 0.335085, 0.335085
-0.001345, 0.002048, 0.331907, 0.331929, 0.331953
-0.001228, 0.002048, 0.340000, 0.340000, 0.340000
-0.001112, 0.002048, 0.340000, 0.340000, 0.340000
-0.000995, 0.002048, 0.340000, 0.340000, 0.340000
-0.000878, 0.002048, 0.340000, 0.340000, 0.340000
-0.000761, 0.002048, 0.340000, 0.340000, 0.340000
-0.000644, 0.002048, 0.340000, 0.340000, 0.340000
-0.000527, 0.002048, 0.340000, 0.340000, 0.340000
-0.000410, 0.002048, 0.340000, 0.340000, 0.340000
-0.000293, 0.002048, 0.340000, 0.340000, 0.340000
-0.000176, 0.002048, 0.340000, 0.340000, 0.340000
-0.000058, 0.002048, 0.340000, 0.340000, 0.340000
0.000058, 0.002048, 0.340000, 0.340000, 0.340000
0.000175, 0.002048, 0.296527, 0.299042, 0.295427
0.000292, 0.002048, 0.340000, 0.340000, 0.340000
0.000409, 0.002048, 0.340000, 0.340000, 0.340000
0.000526, 0.002048, 0.340000, 0.340000, 0.340000
0.000643, 0.002048, 0.340000, 0.340000, 0.340000
0.000760, 0.002048, 0.340000, 0.340000, 0.340000
0.000877, 0.002048, 0.340000, 0.340000, 0.340000
0.000994, 0.002048, 0.340000, 0.340000, 0.340000
0.001112, 0.002048, 0.340000, 0.340000, 0.340000
0.001228, 0.002048, 0.340000, 0.340000, 0.340000
0.001345, 0.002048, 0.340000, 0.340000, 0.340000
0.001462, 0.002048, 0.340000, 0.340000, 0.340000
0.001579, 0.002048, 0.340000, 0.340000, 0.340000
0.001696, 0.002048, 0.340000, 0.340000, 0.340000
0.001813, 0.002048, 0.340000, 0.340000, 0.340000
0.001930, 0.002048, 0.340000, 0.340000, 0.340000
0.002048, 0.002048, 0.340000, 0.340000, 0.340000
0.002164, 0.002048, 0.297799, 0.300261, 0.296629
0.002282, 0.002048, 0.340000, 0.340000, 0.340000
0.002398, 0.002048, 0.340000, 0.340000, 0.340000
0.002515, 0.002048, 0.297808, 0.300273, 0.296631
0.002632, 0.002048, 0.307373, 0.308709, 0.306752
0.002749, 0.002048, 0.330391, 0.331204, 0.329878
0.002866, 0.002048, 0.286550, 0.287863, 0.285905
0.002983, 0.002048, 0.286295, 0.286706, 0.286706
0.003101, 0.002048, 0.340000, 0.340000, 0.340000
0.003217, 0.002048, 0.340000, 0.340000, 0.340000
0.003335, 0.002048, 0.340000, 0.340000, 0.340000
0.003451, 0.002048, 0.340000, 0.340000, 0.340000
0.003569, 0.002048, 0.340000, 0.340000, 0.340000
0.003685, 0.002048, 0.340000, 0.340000, 0.340000
0.003802, 0.002048, 0.340000, 0.340000, 0.340000
0.003919, 0.002048, 0.327877, 0.328205, 0.327800
0.004037, 0.002048, 0.338691, 0.338674, 0.338674
0.004153, 0.002048, 0.326862, 0.327355, 0.326664
0.004270, 0.002048, 0.339601, 0.339583, 0.339619
0.004388, 0.002048, 0.331730, 0.331610, 0.332782
0.004504, 0.002048, 0.340000, 0.340000, 0.340000
0.004622, 0.002048, 0.340000, 0.340000, 0.340000
0.004738, 0.002048, 0.299067, 0.299284, 0.299543
0.004856, 0.002048, 0.325026, 0.325128, 0.325128
0.004972, 0.002048, 0.340000, 0.340000, 0.340000
0.005090, 0.002048, 0.323882, 0.324606, 0.323527
0.005206, 0.002048, 0.340000, 0.340000, 0.340000
0.005324, 0.002048, 0.314204, 0.316135, 0.313265
0.005440, 0.002048, 0.296921, 0.298769, 0.296035
0.005557, 0.002048, 0.336923, 0.336920, 0.336920
0.005675, 0.002048, 0.317712, 0.318314, 0.317597
0.005791, 0.002048, 0.170207, 0.170211, 0.170191
-0.005791, 0.002164, 0.170000, 0.170000, 0.170000
-0.005674, 0.002164, 0.182292, 0.182219, 0.182851
-0.005557, 0.002164, 0.266158, 0.266441, 0.267686
-0.005441, 0.002164, 0.338425, 0.338409, 0.338428
-0.005324, 0.002164, 0.340000, 0.340000, 0.340000
-0.005207, 0.002164, 0.330004, 0.330086, 0.330719
-0.005089, 0.002164, 0.340000, 0.340000, 0.340000
-0.004972, 0.002164, 0.340000, 0.340000, 0.340000
-0.004855, 0.002164, 0.329403, 0.329206, 0.329956
-0.004738, 0.002164, 0.307737, 0.307638, 0.309812
-0.004621, 0.002164, 0.306099, 0.306334, 0.307305
-0.004504, 0.002164, 0.296082, 0.296268, 0.297695
-0.004387, 0.002164, 0.329719, 0.329528, 0.330455
-0.004270, 0.002164, 0.333656, 0.333729, 0.333569
-0.004154, 0.002164, 0.300460, 0.300927, 0.301229
-0.004036, 0.002164, 0.243429, 0.243805, 0.245683
-0.003920, 0.002164, 0.319713, 0.319604, 0.320799
-0.003803, 0.002164, 0.340000, 0.340000, 0.340000
-0.003686, 0.002164, 0.340000, 0.340000, 0.340000
-0.003569, 0.002164, 0.340000, 0.340000, 0.340000
-0.003452, 0.002164, 0.287388, 0.287793, 0.287906
-0.003335, 0.002164, 0.204273, 0.204125, 0.205964
-0.003218, 0.002164, 0.171288, 0.171278, 0.171278
-0.003101, 0.002164, 0.170000, 0.170000, 0.170000
-0.002984, 0.002164, 0.178023, 0.177948, 0.178598
-0.002867, 0.002164, 0.219037, 0.218820, 0.222000
-0.002750, 0.002164, 0.219979, 0.219760, 0.223005
-0.002633, 0.002164, 0.213316, 0.213560, 0.214043
-0.002516, 0.002164, 0.329902, 0.329957, 0.329957
-0.002399, 0.002164, 0.340000, 0.340000, 0.340000
-0.002282, 0.002164, 0.316307, 0.316580, 0.316315
-0.002165, 0.002164, 0.250018, 0.250631, 0.250569
-0.002048, 0.002164, 0.340000, 0.340000, 0.340000
-0.001931, 0.002164, 0.340000, 0.340000, 0.340000
-0.001814, 0.002164, 0.249204, 0.250440, 0.248700
-0.001697, 0.002164, 0.322776, 0.323908, 0.322199
-0.001580, 0.002164, 0.340000, 0.340000, 0.340000
-0.001463, 0.002164, 0.274965, 0.275508, 0.275564
-0.001345, 0.002164, 0.262634, 0.263178, 0.263406
-0.001228, 0.002164, 0.340000, 0.340000, 0.340000
-0.001112, 0.002164, 0.311075, 0.310981, 0.312681
-0.000995, 0.002164, 0.301064, 0.300901, 0.302889
-0.000878, 0.002164, 0.301064, 0.300901, 0.302889
-0.000761, 0.002164, 0.301064, 0.300901, 0.302889
-0.000644, 0.002164, 0.301064, 0.300901, 0.302889
-0.000527, 0.002164, 0.301064, 0.300901, 0.302889
-0.000410, 0.002164, 0.301064, 0.300901, 0.302889
-0.000293, 0.002164, 0.301064, 0.300901, 0.302889
-0.000176, 0.002164, 0.301064, 0.300901, 0.302889
-0.000058, 0.002164, 0.301064, 0.300901, 0.302889
0.000058, 0.002164, 0.292908, 0.293097, 0.294046
0.000175, 0.002164, 0.310982, 0.311279, 0.311279
0.000292, 0.002164, 0.340000, 0.340000, 0.340000
0.000409, 0.002164, 0.340000, 0.340000, 0.340000
0.000526, 0.002164, 0.299205, 0.299627, 0.299290
0.000643, 0.002164, 0.263931, 0.264422, 0.264396
0.000760, 0.002164, 0.340000, 0.340000, 0.340000
0.000877, 0.002164, 0.337013, 0.337087, 0.336914
0.000994, 0.002164, 0.234564, 0.235171, 0.234932
0.001112, 0.002164, 0.331361, 0.331505, 0.331300
0.001228, 0.002164, 0.340000, 0.340000, 0.340000
0.001345, 0.002164, 0.276645, 0.277134, 0.276948
0.001462, 0.002164, 0.286591, 0.287071, 0.286780
0.001579, 0.002164, 0.340000, 0.340000, 0.340000
0.001696, 0.002164, 0.326053, 0.326252, 0.326022
0.001813, 0.002164, 0.237574, 0.238171, 0.237975
0.001930, 0.002164, 0.339274, 0.339288, 0.339231
0.002048, 0.002164, 0.340000, 0.340000, 0.340000
0.002164, 0.002164, 0.297799, 0.300261, 0.296629
0.002282, 0.002164, 0.340000, 0.340000, 0.340000
0.002398, 0.002164, 0.340000, 0.340000, 0.340000
0.002515, 0.002164, 0.297808, 0.300273, 0.296631
0.002632, 0.002164, 0.307373, 0.308709, 0.306752
0.002749, 0.002164, 0.330391, 0.331204, 0.329878
0.002866, 0.002164, 0.286118, 0.287419, 0.285525
0.002983, 0.002164, 0.173432, 0.173431, 0.173431
0.003101, 0.002164, 0.318864, 0.319837, 0.318274
0.003217, 0.002164, 0.340000, 0.340000, 0.340000
0.003335, 0.002164, 0.340000, 0.340000, 0.340000
0.003451, 0.002164, 0.314114, 0.314365, 0.314179
0.003569, 0.002164, 0.261713, 0.262213, 0.262227
0.003685, 0.002164, 0.340000, 0.340000, 0.340000
0.003802, 0.002164, 0.340000, 0.340000, 0.340000
0.003919, 0.002164, 0.332285, 0.332122, 0.333093
0.004037, 0.002164, 0.323387, 0.323380, 0.324628
0.004153, 0.002164, 0.340000, 0.340000, 0.340000
0.004270, 0.002164, 0.340000, 0.340000, 0.340000
0.004388, 0.002164, 0.340000, 0.340000, 0.340000
0.004504, 0.002164, 0.340000, 0.340000, 0.340000
0.004622, 0.002164, 0.340000, 0.340000, 0.340000
0.004738, 0.002164, 0.340000, 0.340000, 0.340000
0.004856, 0.002164, 0.340000, 0.340000, 0.340000
0.004972, 0.002164, 0.340000, 0.340000, 0.340000
0.005090, 0.002164, 0.336554, 0.336549, 0.336507
0.005206, 0.002164, 0.303860, 0.303823, 0.305770
0.005324, 0.002164, 0.308227, 0.308688, 0.308836
0.005440, 0.002164, 0.284381, 0.285675, 0.283794
0.005557, 0.002164, 0.193052, 0.192941, 0.194361
0.005675, 0.002164, 0.182292, 0.182219, 0.182851
0.005791, 0.002164, 0.170000, 0.170000, 0.170000
-0.005791, 0.002282, 0.170000, 0.170000, 0.170000
-0.005674, 0.002282, 0.215488, 0.216531, 0.215013
-0.005557, 0.002282, 0.339558, 0.339549, 0.339549
-0.005441, 0.002282, 0.340000, 0.340000, 0.340000
-0.005324, 0.002282, 0.340000, 0.340000, 0.340000
-0.005207, 0.002282, 0.329999, 0.330070, 0.330721
-0.005089, 0.002282, 0.340000, 0.340000, 0.340000
-0.004972, 0.002282, 0.339425, 0.339418, 0.339393
-0.004855, 0.002282, 0.307101, 0.307736, 0.307434
-0.004738, 0.002282, 0.302081, 0.302871, 0.302492
-0.004621, 0.002282, 0.274767, 0.275709, 0.275056
-0.004504, 0.002282, 0.323740, 0.323969, 0.323648
-0.004387, 0.002282, 0.319338, 0.319135, 0.320968
-0.004270, 0.002282, 0.329881, 0.329851, 0.330345
-0.004154, 0.002282, 0.301693, 0.303480, 0.301129
-0.004036, 0.002282, 0.326446, 0.326680, 0.326308
-0.003920, 0.002282, 0.326693, 0.326701, 0.326804
-0.003803, 0.002282, 0.340000, 0.340000, 0.340000
-0.003686, 0.002282, 0.340000, 0.340000, 0.340000
-0.003569, 0.002282, 0.340000, 0.340000, 0.340000
-0.003452, 0.002282, 0.295008, 0.297390, 0.294021
-0.003335, 0.002282, 0.340000, 0.340000, 0.340000
-0.003218, 0.002282, 0.275382, 0.275833, 0.275833
-0.003101, 0.002282, 0.171288, 0.171278, 0.171278
-0.002984, 0.002282, 0.317586, 0.318171, 0.317526
-0.002867, 0.002282, 0.340000, 0.340000, 0.340000
-0.002750, 0.002282, 0.340000, 0.340000, 0.340000
-0.002633, 0.002282, 0.340000, 0.340000, 0.340000
-0.002516, 0.002282, 0.340000, 0.340000, 0.340000
-0.002399, 0.002282, 0.340000, 0.340000, 0.340000
-0.002282, 0.002282, 0.335403, 0.335410, 0.335410
-0.002165, 0.002282, 0.301568, 0.301811, 0.302248
-0.002048, 0.002282, 0.340000, 0.340000, 0.340000
-0.001931, 0.002282, 0.339785, 0.339778, 0.339778
-0.001814, 0.002282, 0.227535, 0.228413, 0.227266
-0.001697, 0.002282, 0.324775, 0.325849, 0.324151
-0.001580, 0.002282, 0.340000, 0.340000, 0.340000
-0.001463, 0.002282, 0.339788, 0.339781, 0.339781
-0.001345, 0.002282, 0.338960, 0.338945, 0.338956
-0.001228, 0.002282, 0.288734, 0.289202, 0.289202
-0.001112, 0.002282, 0.292848, 0.293035, 0.293931
-0.000995, 0.002282, 0.309484, 0.309325, 0.311302
-0.000878, 0.002282, 0.309484, 0.309325, 0.311302
-0.000761, 0.002282, 0.309484, 0.309325, 0.311302
-0.000644, 0.002282, 0.309484, 0.309325, 0.311302
-0.000527, 0.002282, 0.309484, 0.309325, 0.311302
-0.000410, 0.002282, 0.309484, 0.309325, 0.311302
-0.000293, 0.002282, 0.309484, 0.309325, 0.311302
-0.000176, 0.002282, 0.309484, 0.309325, 0.311302
-0.000058, 0.002282, 0.309484, 0.309325, 0.311302
0.000058, 0.002282, 0.322448, 0.322366, 0.323468
0.000175, 0.002282, 0.340000, 0.340000, 0.340000
0.000292, 0.002282, 0.340000, 0.340000, 0.340000
0.000409, 0.002282, 0.340000, 0.340000, 0.340000
0.000526, 0.002282, 0.329268, 0.329329, 0.329329
0.000643, 0.002282, 0.311046, 0.311187, 0.311387
0.000760, 0.002282, 0.340000, 0.340000, 0.340000
0.000877, 0.002282, 0.340000, 0.340000, 0.340000
0.000994, 0.002282, 0.300547, 0.300902, 0.301508
0.001112, 0.002282, 0.339909, 0.339904, 0.339904
0.001228, 0.002282, 0.340000, 0.340000, 0.340000
0.001345, 0.002282, 0.317488, 0.317644, 0.317671
0.001462, 0.002282, 0.322882, 0.323004, 0.323004
0.001579, 0.002282, 0.340000, 0.340000, 0.340000
0.001696, 0.002282, 0.339144, 0.339133, 0.339133
0.001813, 0.002282, 0.301255, 0.301585, 0.302127
0.001930, 0.002282, 0.340000, 0.340000, 0.340000
0.002048, 0.002282, 0.338145, 0.338136, 0.338136
0.002164, 0.002282, 0.288356, 0.289660, 0.288394
0.002282, 0.002282, 0.340000, 0.340000, 0.340000
0.002398, 0.002282, 0.340000, 0.340000, 0.340000
0.002515, 0.002282, 0.297808, 0.300273, 0.296631
0.002632, 0.002282, 0.307373, 0.308709, 0.306752
0.002749, 0.002282, 0.330391, 0.331204, 0.329878
0.002866, 0.002282, 0.286118, 0.287419, 0.285525
0.002983, 0.002282, 0.170000, 0.170000, 0.170000
0.003101, 0.002282, 0.310001, 0.311335, 0.309355
0.003217, 0.002282, 0.340000, 0.340000, 0.340000
0.003335, 0.002282, 0.340000, 0.340000, 0.340000
0.003451, 0.002282, 0.330610, 0.330659, 0.330659
0.003569, 0.002282, 0.296914, 0.297153, 0.297529
0.003685, 0.002282, 0.340000, 0.340000, 0.340000
0.003802, 0.002282, 0.340000, 0.340000, 0.340000
0.003919, 0.002282, 0.333172, 0.333173, 0.333532
0.004037, 0.002282, 0.340000, 0.340000, 0.340000
0.004153, 0.002282, 0.340000, 0.340000, 0.340000
0.004270, 0.002282, 0.326200, 0.326587, 0.326096
0.004388, 0.002282, 0.332179, 0.332016, 0.332712
0.004504, 0.002282, 0.325312, 0.325572, 0.325499
0.004622, 0.002282, 0.340000, 0.340000, 0.340000
0.004738, 0.002282, 0.309533, 0.309800, 0.309699
0.004856, 0.002282, 0.275514, 0.275897, 0.275984
0.004972, 0.002282, 0.340000, 0.340000, 0.340000
0.005090, 0.002282, 0.323803, 0.324203, 0.324295
0.005206, 0.002282, 0.327598, 0.327458, 0.328368
0.005324, 0.002282, 0.333075, 0.333273, 0.332843
0.005440, 0.002282, 0.284381, 0.285675, 0.283794
0.005557, 0.002282, 0.170000, 0.170000, 0.170000
0.005675, 0.002282, 0.170000, 0.170000, 0.170000
0.005791, 0.002282, 0.170000, 0.170000, 0.170000
-0.005791, 0.002398, 0.170000, 0.170000, 0.170000
-0.005674, 0.002398, 0.230001, 0.231298, 0.229501
-0.005557, 0.002398, 0.340000, 0.340000, 0.340000
-0.005441, 0.002398, 0.340000, 0.340000, 0.340000
-0.005324, 0.002398, 0.330172, 0.330741, 0.330094
-0.005207, 0.002398, 0.340000, 0.340000, 0.340000
-0.005089, 0.002398, 0.330150, 0.330681, 0.330012
-0.004972, 0.002398, 0.319124, 0.320433, 0.318462
-0.004855, 0.002398, 0.340000, 0.340000, 0.340000
-0.004738, 0.002398, 0.339973, 0.339973, 0.339972
-0.004621, 0.002398, 0.289082, 0.290187, 0.289415
-0.004504, 0.002398, 0.310611, 0.311811, 0.309824
-0.004387, 0.002398, 0.340000, 0.340000, 0.340000
-0.004270, 0.002398, 0.329932, 0.330422, 0.329628
-0.004154, 0.002398, 0.320832, 0.321727, 0.320497
-0.004036, 0.002398, 0.340000, 0.340000, 0.340000
-0.003920, 0.002398, 0.329730, 0.330342, 0.329228
-0.003803, 0.002398, 0.333427, 0.333792, 0.333125
-0.003686, 0.002398, 0.340000, 0.340000, 0.340000
-0.003569, 0.002398, 0.340000, 0.340000, 0.340000
-0.003452, 0.002398, 0.297776, 0.300213, 0.296621
-0.003335, 0.002398, 0.340000, 0.340000, 0.340000
-0.003218, 0.002398, 0.340000, 0.340000, 0.340000
-0.003101, 0.002398, 0.199416, 0.200779, 0.198951
-0.002984, 0.002398, 0.332600, 0.333247, 0.332170
-0.002867, 0.002398, 0.340000, 0.340000, 0.340000
-0.002750, 0.002398, 0.339840, 0.339832, 0.339845
-0.002633, 0.002398, 0.340000, 0.340000, 0.340000
-0.002516, 0.002398, 0.340000, 0.340000, 0.340000
-0.002399, 0.002398, 0.340000, 0.340000, 0.340000
-0.002282, 0.002398, 0.340000, 0.340000, 0.340000
-0.002165, 0.002398, 0.340000, 0.340000, 0.340000
-0.002048, 0.002398, 0.339785, 0.339778, 0.339778
-0.001931, 0.002398, 0.247831, 0.248297, 0.248297
-0.001814, 0.002398, 0.265360, 0.265826, 0.265826
-0.001697, 0.002398, 0.340000, 0.340000, 0.340000
-0.001580, 0.002398, 0.340000, 0.340000, 0.340000
-0.001463, 0.002398, 0.340000, 0.340000, 0.340000
-0.001345, 0.002398, 0.302191, 0.303148, 0.301652
-0.001228, 0.002398, 0.306222, 0.306504, 0.306504
-0.001112, 0.002398, 0.340000, 0.340000, 0.340000
-0.000995, 0.002398, 0.340000, 0.340000, 0.340000
-0.000878, 0.002398, 0.340000, 0.340000, 0.340000
-0.000761, 0.002398, 0.340000, 0.340000, 0.340000
-0.000644, 0.002398, 0.340000, 0.340000, 0.340000
-0.000527, 0.002398, 0.340000, 0.340000, 0.340000
-0.000410, 0.002398, 0.340000, 0.340000, 0.340000
-0.000293, 0.002398, 0.340000, 0.340000, 0.340000
-0.000176, 0.002398, 0.340000, 0.340000, 0.340000
-0.000058, 0.002398, 0.340000, 0.340000, 0.340000
0.000058, 0.002398, 0.340000, 0.340000, 0.340000
0.000175, 0.002398, 0.340000, 0.340000, 0.340000
0.000292, 0.002398, 0.340000, 0.340000, 0.340000
0.000409, 0.002398, 0.340000, 0.340000, 0.340000
0.000526, 0.002398, 0.340000, 0.340000, 0.340000
0.000643, 0.002398, 0.340000, 0.340000, 0.340000
0.000760, 0.002398, 0.340000, 0.340000, 0.340000
0.000877, 0.002398, 0.340000, 0.340000, 0.340000
0.000994, 0.002398, 0.340000, 0.340000, 0.340000
0.001112, 0.002398, 0.340000, 0.340000, 0.340000
0.001228, 0.002398, 0.340000, 0.340000, 0.340000
0.001345, 0.002398, 0.340000, 0.340000, 0.340000
0.001462, 0.002398, 0.330395, 0.330344, 0.330802
0.001579, 0.002398, 0.314078, 0.313932, 0.315838
0.001696, 0.002398, 0.314078, 0.313932, 0.315838
0.001813, 0.002398, 0.314078, 0.313932, 0.315838
0.001930, 0.002398, 0.314078, 0.313932, 0.315838
0.002048, 0.002398, 0.285837, 0.286512, 0.286512
0.002164, 0.002398, 0.336251, 0.336253, 0.336253
0.002282, 0.002398, 0.340000, 0.340000, 0.340000
0.002398, 0.002398, 0.340000, 0.340000, 0.340000
0.002515, 0.002398, 0.297808, 0.300273, 0.296631
0.002632, 0.002398, 0.307373, 0.308709, 0.306752
0.002749, 0.002398, 0.330391, 0.331204, 0.329878
0.002866, 0.002398, 0.286118, 0.287419, 0.285525
0.002983, 0.002398, 0.170000, 0.170000, 0.170000
0.003101, 0.002398, 0.310001, 0.311335, 0.309355
0.003217, 0.002398, 0.340000, 0.340000, 0.340000
0.003335, 0.002398, 0.340000, 0.340000, 0.340000
0.003451, 0.002398, 0.340000, 0.340000, 0.340000
0.003569, 0.002398, 0.340000, 0.340000, 0.340000
0.003685, 0.002398, 0.340000, 0.340000, 0.340000
0.003802, 0.002398, 0.312444, 0.313075, 0.312140
0.003919, 0.002398, 0.222028, 0.222594, 0.222762
0.004037, 0.002398, 0.340000, 0.340000, 0.340000
0.004153, 0.002398, 0.340000, 0.340000, 0.340000
0.004270, 0.002398, 0.325383, 0.326151, 0.324969
0.004388, 0.002398, 0.340000, 0.340000, 0.340000
0.004504, 0.002398, 0.322502, 0.323491, 0.321855
0.004622, 0.002398, 0.340000, 0.340000, 0.340000
0.004738, 0.002398, 0.322397, 0.322525, 0.322525
0.004856, 0.002398, 0.296019, 0.296259, 0.296501
0.004972, 0.002398, 0.340000, 0.340000, 0.340000
0.005090, 0.002398, 0.328542, 0.329075, 0.328212
0.005206, 0.002398, 0.340000, 0.340000, 0.340000
0.005324, 0.002398, 0.322288, 0.323516, 0.321678
0.005440, 0.002398, 0.284381, 0.285675, 0.283794
0.005557, 0.002398, 0.170000, 0.170000, 0.170000
0.005675, 0.002398, 0.170000, 0.170000, 0.170000
0.005791, 0.002398, 0.170000, 0.170000, 0.170000
-0.005791, 0.002515, 0.170000, 0.170000, 0.170000
-0.005674, 0.002515, 0.224045, 0.225226, 0.223679
-0.005557, 0.002515, 0.340000, 0.340000, 0.340000
-0.005441, 0.002515, 0.340000, 0.340000, 0.340000
-0.005324, 0.002515, 0.340000, 0.340000, 0.340000
-0.005207, 0.002515, 0.329996, 0.330053, 0.330709
-0.005089, 0.002515, 0.340000, 0.340000, 0.340000
-0.004972, 0.002515, 0.339213, 0.339207, 0.339174
-0.004855, 0.002515, 0.318039, 0.318189, 0.319568
-0.004738, 0.002515, 0.317801, 0.318038, 0.319190
-0.004621, 0.002515, 0.339699, 0.339695, 0.339686
-0.004504, 0.002515, 0.329961, 0.330069, 0.329830
-0.004387, 0.002515, 0.329915, 0.329747, 0.330508
-0.004270, 0.002515, 0.324459, 0.324828, 0.324724
-0.004154, 0.002515, 0.335132, 0.335392, 0.334869
-0.004036, 0.002515, 0.326718, 0.326677, 0.327349
-0.003920, 0.002515, 0.322422, 0.322727, 0.323411
-0.003803, 0.002515, 0.340000, 0.340000, 0.340000
-0.003686, 0.002515, 0.306853, 0.307017, 0.307322
-0.003569, 0.002515, 0.331664, 0.331703, 0.331703
-0.003452, 0.002515, 0.297776, 0.300213, 0.296621
-0.003335, 0.002515, 0.340000, 0.340000, 0.340000
-0.003218, 0.002515, 0.329882, 0.329937, 0.329937
-0.003101, 0.002515, 0.195277, 0.196009, 0.194957
-0.002984, 0.002515, 0.335096, 0.335517, 0.334789
-0.002867, 0.002515, 0.332257, 0.332517, 0.332051
-0.002750, 0.002515, 0.213110, 0.213416, 0.213316
-0.002633, 0.002515, 0.336494, 0.336619, 0.336368
-0.002516, 0.002515, 0.340000, 0.340000, 0.340000
-0.002399, 0.002515, 0.340000, 0.340000, 0.340000
-0.002282, 0.002515, 0.340000, 0.340000, 0.340000
-0.002165, 0.002515, 0.339785, 0.339778, 0.339778
-0.002048, 0.002515, 0.247831, 0.248297, 0.248297
-0.001931, 0.002515, 0.265360, 0.265826, 0.265826
-0.001814, 0.002515, 0.340000, 0.340000, 0.340000
-0.001697, 0.002515, 0.339979, 0.339977, 0.339977
-0.001580, 0.002515, 0.327065, 0.327124, 0.327492
-0.001463, 0.002515, 0.340000, 0.340000, 0.340000
-0.001345, 0.002515, 0.293639, 0.295953, 0.292546
-0.001228, 0.002515, 0.340000, 0.340000, 0.340000
-0.001112, 0.002515, 0.340000, 0.340000, 0.340000
-0.000995, 0.002515, 0.340000, 0.340000, 0.340000
-0.000878, 0.002515, 0.340000, 0.340000, 0.340000
-0.000761, 0.002515, 0.340000, 0.340000, 0.340000
-0.000644, 0.002515, 0.340000, 0.340000, 0.340000
-0.000527, 0.002515, 0.340000, 0.340000, 0.340000
-0.000410, 0.002515, 0.340000, 0.340000, 0.340000
-0.000293, 0.002515, 0.340000, 0.340000, 0.340000
-0.000176, 0.002515, 0.340000, 0.340000, 0.340000
-0.000058, 0.002515, 0.340000, 0.340000, 0.340000
0.000058, 0.002515, 0.340000, 0.340000, 0.340000
0.000175, 0.002515, 0.340000, 0.340000, 0.340000
0.000292, 0.002515, 0.340000, 0.340000, 0.340000
0.000409, 0.002515, 0.340000, 0.340000, 0.340000
0.000526, 0.002515, 0.340000, 0.340000, 0.340000
0.000643, 0.002515, 0.340000, 0.340000, 0.340000
0.000760, 0.002515, 0.340000, 0.340000, 0.340000
0.000877, 0.002515, 0.340000, 0.340000, 0.340000
0.000994, 0.002515, 0.340000, 0.340000, 0.340000
0.001112, 0.002515, 0.340000, 0.340000, 0.340000
0.001228, 0.002515, 0.340000, 0.340000, 0.340000
0.001345, 0.002515, 0.323166, 0.323286, 0.323286
0.001462, 0.002515, 0.227695, 0.228170, 0.228170
0.001579, 0.002515, 0.289233, 0.289112, 0.290946
0.001696, 0.002515, 0.290088, 0.289943, 0.291835
0.001813, 0.002515, 0.290088, 0.289943, 0.291835
0.001930, 0.002515, 0.290683, 0.290554, 0.292420
0.002048, 0.002515, 0.336251, 0.336253, 0.336253
0.002164, 0.002515, 0.340000, 0.340000, 0.340000
0.002282, 0.002515, 0.340000, 0.340000, 0.340000
0.002398, 0.002515, 0.340000, 0.340000, 0.340000
0.002515, 0.002515, 0.297808, 0.300273, 0.296631
0.002632, 0.002515, 0.307373, 0.308709, 0.306752
0.002749, 0.002515, 0.330404, 0.331215, 0.329892
0.002866, 0.002515, 0.286118, 0.287419, 0.285525
0.002983, 0.002515, 0.170000, 0.170000, 0.170000
0.003101, 0.002515, 0.310001, 0.311335, 0.309355
0.003217, 0.002515, 0.340000, 0.340000, 0.340000
0.003335, 0.002515, 0.340000, 0.340000, 0.340000
0.003451, 0.002515, 0.340000, 0.340000, 0.340000
0.003569, 0.002515, 0.335697, 0.335689, 0.335762
0.003685, 0.002515, 0.339768, 0.339761, 0.339761
0.003802, 0.002515, 0.340000, 0.340000, 0.340000
0.003919, 0.002515, 0.335556, 0.335542, 0.335814
0.004037, 0.002515, 0.340000, 0.340000, 0.340000
0.004153, 0.002515, 0.340000, 0.340000, 0.340000
0.004270, 0.002515, 0.302370, 0.304420, 0.301511
0.004388, 0.002515, 0.307330, 0.307164, 0.309250
0.004504, 0.002515, 0.332389, 0.332424, 0.332275
0.004622, 0.002515, 0.340000, 0.340000, 0.340000
0.004738, 0.002515, 0.340000, 0.340000, 0.340000
0.004856, 0.002515, 0.340000, 0.340000, 0.340000
0.004972, 0.002515, 0.337116, 0.337356, 0.336898
0.005090, 0.002515, 0.304130, 0.305303, 0.303643
0.005206, 0.002515, 0.319574, 0.319908, 0.319571
0.005324, 0.002515, 0.335384, 0.335453, 0.335232
0.005440, 0.002515, 0.284381, 0.285675, 0.283794
0.005557, 0.002515, 0.170000, 0.170000, 0.170000
0.005675, 0.002515, 0.170000, 0.170000, 0.170000
0.005791, 0.002515, 0.170000, 0.170000, 0.170000
-0.005791, 0.002632, 0.170000, 0.170000, 0.170000
-0.005674, 0.002632, 0.180591, 0.180508, 0.181071
-0.005557, 0.002632, 0.283050, 0.283103, 0.285537
-0.005441, 0.002632, 0.329274, 0.329312, 0.329330
-0.005324, 0.002632, 0.340000, 0.340000, 0.340000
-0.005207, 0.002632, 0.329215, 0.329313, 0.329950
-0.005089, 0.002632, 0.340000, 0.340000, 0.340000
-0.004972, 0.002632, 0.340000, 0.340000, 0.340000
-0.004855, 0.002632, 0.340000, 0.340000, 0.340000
-0.004738, 0.002632, 0.340000, 0.340000, 0.340000
-0.004621, 0.002632, 0.325258, 0.325441, 0.325325
-0.004504, 0.002632, 0.316615, 0.316510, 0.317849
-0.004387, 0.002632, 0.325819, 0.326018, 0.325731
-0.004270, 0.002632, 0.340000, 0.340000, 0.340000
-0.004154, 0.002632, 0.336609, 0.336587, 0.336656
-0.004036, 0.002632, 0.327580, 0.327395, 0.328372
-0.003920, 0.002632, 0.326808, 0.326715, 0.327857
-0.003803, 0.002632, 0.340000, 0.340000, 0.340000
-0.003686, 0.002632, 0.258631, 0.259151, 0.259151
-0.003569, 0.002632, 0.306225, 0.306591, 0.306277
-0.003452, 0.002632, 0.297776, 0.300213, 0.296621
-0.003335, 0.002632, 0.340000, 0.340000, 0.340000
-0.003218, 0.002632, 0.222118, 0.223117, 0.222297
-0.003101, 0.002632, 0.291485, 0.292330, 0.291705
-0.002984, 0.002632, 0.340000, 0.340000, 0.340000
-0.002867, 0.002632, 0.340000, 0.340000, 0.340000
-0.002750, 0.002632, 0.321272, 0.321373, 0.322250
-0.002633, 0.002632, 0.340000, 0.340000, 0.340000
-0.002516, 0.002632, 0.340000, 0.340000, 0.340000
-0.002399, 0.002632, 0.340000, 0.340000, 0.340000
-0.002282, 0.002632, 0.339785, 0.339778, 0.339778
-0.002165, 0.002632, 0.247831, 0.248297, 0.248297
-0.002048, 0.002632, 0.265360, 0.265826, 0.265826
-0.001931, 0.002632, 0.340000, 0.340000, 0.340000
-0.001814, 0.002632, 0.340000, 0.340000, 0.340000
-0.001697, 0.002632, 0.310904, 0.311475, 0.310759
-0.001580, 0.002632, 0.226539, 0.227127, 0.227264
-0.001463, 0.002632, 0.340000, 0.340000, 0.340000
-0.001345, 0.002632, 0.289997, 0.291677, 0.289314
-0.001228, 0.002632, 0.320555, 0.320510, 0.321677
-0.001112, 0.002632, 0.326958, 0.326802, 0.328316
-0.000995, 0.002632, 0.326983, 0.326828, 0.328337
-0.000878, 0.002632, 0.326958, 0.326802, 0.328316
-0.000761, 0.002632, 0.326958, 0.326803, 0.328316
-0.000644, 0.002632, 0.326958, 0.326803, 0.328316
-0.000527, 0.002632, 0.326958, 0.326802, 0.328316
-0.000410, 0.002632, 0.327100, 0.326946, 0.328436
-0.000293, 0.002632, 0.326958, 0.326802, 0.328316
-0.000176, 0.002632, 0.326958, 0.326802, 0.328316
-0.000058, 0.002632, 0.326958, 0.326802, 0.328316
0.000058, 0.002632, 0.326958, 0.326802, 0.328316
0.000175, 0.002632, 0.326958, 0.326802, 0.328316
0.000292, 0.002632, 0.326958, 0.326802, 0.328316
0.000409, 0.002632, 0.326958, 0.326802, 0.328316
0.000526, 0.002632, 0.326958, 0.326802, 0.328316
0.000643, 0.002632, 0.326958, 0.326802, 0.328316
0.000760, 0.002632, 0.326958, 0.326802, 0.328316
0.000877, 0.002632, 0.326958, 0.326802, 0.328316
0.000994, 0.002632, 0.326958, 0.326802, 0.328316
0.001112, 0.002632, 0.326958, 0.326802, 0.328316
0.001228, 0.002632, 0.315504, 0.315535, 0.316522
0.001345, 0.002632, 0.227695, 0.228170, 0.228170
0.001462, 0.002632, 0.326842, 0.326925, 0.326925
0.001579, 0.002632, 0.340000, 0.340000, 0.340000
0.001696, 0.002632, 0.340000, 0.340000, 0.340000
0.001813, 0.002632, 0.340000, 0.340000, 0.340000
0.001930, 0.002632, 0.340000, 0.340000, 0.340000
0.002048, 0.002632, 0.340000, 0.340000, 0.340000
0.002164, 0.002632, 0.340000, 0.340000, 0.340000
0.002282, 0.002632, 0.340000, 0.340000, 0.340000
0.002398, 0.002632, 0.335370, 0.335380, 0.335373
0.002515, 0.002632, 0.295798, 0.297582, 0.295194
0.002632, 0.002632, 0.307373, 0.308709, 0.306752
0.002749, 0.002632, 0.330391, 0.331204, 0.329878
0.002866, 0.002632, 0.286118, 0.287419, 0.285525
0.002983, 0.002632, 0.170000, 0.170000, 0.170000
0.003101, 0.002632, 0.310001, 0.311335, 0.309355
0.003217, 0.002632, 0.340000, 0.340000, 0.340000
0.003335, 0.002632, 0.340000, 0.340000, 0.340000
0.003451, 0.002632, 0.340000, 0.340000, 0.340000
0.003569, 0.002632, 0.248170, 0.248756, 0.249043
0.003685, 0.002632, 0.286395, 0.286959, 0.286866
0.003802, 0.002632, 0.340000, 0.340000, 0.340000
0.003919, 0.002632, 0.340000, 0.340000, 0.340000
0.004037, 0.002632, 0.340000, 0.340000, 0.340000
0.004153, 0.002632, 0.330071, 0.330290, 0.329935
0.004270, 0.002632, 0.268598, 0.270619, 0.267689
0.004388, 0.002632, 0.292930, 0.293244, 0.294959
0.004504, 0.002632, 0.334651, 0.334537, 0.335080
0.004622, 0.002632, 0.340000, 0.340000, 0.340000
0.004738, 0.002632, 0.328703, 0.328568, 0.329740
0.004856, 0.002632, 0.326541, 0.326448, 0.327671
0.004972, 0.002632, 0.339990, 0.339990, 0.339990
0.005090, 0.002632, 0.272652, 0.273194, 0.273348
0.005206, 0.002632, 0.261707, 0.262469, 0.263542
0.005324, 0.002632, 0.338691, 0.338675, 0.338658
0.005440, 0.002632, 0.284381, 0.285675, 0.283794
0.005557, 0.002632, 0.170000, 0.170000, 0.170000
0.005675, 0.002632, 0.170000, 0.170000, 0.170000
0.005791, 0.002632, 0.170000, 0.170000, 0.170000
-0.005791, 0.002749, 0.170206, 0.170209, 0.170191
-0.005674, 0.002749, 0.315679, 0.316306, 0.315583
-0.005557, 0.002749, 0.340000, 0.340000, 0.340000
-0.005441, 0.002749, 0.302812, 0.305034, 0.301775
-0.005324, 0.002749, 0.336302, 0.336360, 0.336320
-0.005207, 0.002749, 0.340000, 0.340000, 0.340000
-0.005089, 0.002749, 0.322905, 0.323526, 0.322719
-0.004972, 0.002749, 0.340000, 0.340000, 0.340000
-0.004855, 0.002749, 0.340000, 0.340000, 0.340000
-0.004738, 0.002749, 0.339981, 0.339981, 0.339981
-0.004621, 0.002749, 0.317972, 0.318703, 0.317700
-0.004504, 0.002749, 0.316848, 0.316664, 0.318265
-0.004387, 0.002749, 0.272711, 0.272318, 0.276851
-0.004270, 0.002749, 0.267421, 0.266816, 0.272600
-0.004154, 0.002749, 0.288440, 0.288388, 0.290377
-0.004036, 0.002749, 0.339021, 0.339004, 0.339022
-0.003920, 0.002749, 0.331575, 0.331779, 0.331443
-0.003803, 0.002749, 0.338706, 0.338722, 0.338666
-0.003686, 0.002749, 0.340000, 0.340000, 0.340000
-0.003569, 0.002749, 0.340000, 0.340000, 0.340000
-0.003452, 0.002749, 0.297776, 0.300213, 0.296621
-0.003335, 0.002749, 0.340000, 0.340000, 0.340000
-0.003218, 0.002749, 0.204737, 0.206120, 0.204263
-0.003101, 0.002749, 0.317100, 0.318365, 0.316463
-0.002984, 0.002749, 0.340000, 0.340000, 0.340000
-0.002867, 0.002749, 0.340000, 0.340000, 0.340000
-0.002750, 0.002749, 0.340000, 0.340000, 0.340000
-0.002633, 0.002749, 0.326055, 0.326147, 0.326147
-0.002516, 0.002749, 0.315687, 0.315828, 0.315912
-0.002399, 0.002749, 0.340000, 0.340000, 0.340000
-0.002282, 0.002749, 0.249330, 0.249845, 0.249929
-0.002165, 0.002749, 0.232084, 0.233118, 0.231855
-0.002048, 0.002749, 0.340000, 0.340000, 0.340000
-0.001931, 0.002749, 0.340000, 0.340000, 0.340000
-0.001814, 0.002749, 0.340000, 0.340000, 0.340000
-0.001697, 0.002749, 0.340000, 0.340000, 0.340000
-0.001580, 0.002749, 0.338744, 0.338724, 0.338817
-0.001463, 0.002749, 0.340000, 0.340000, 0.340000
-0.001345, 0.002749, 0.337825, 0.337818, 0.337818
-0.001228, 0.002749, 0.294488, 0.294372, 0.296238
-0.001112, 0.002749, 0.293359, 0.293213, 0.295127
-0.000995, 0.002749, 0.293359, 0.293213, 0.295127
-0.000878, 0.002749, 0.293359, 0.293213, 0.295127
-0.000761, 0.002749, 0.293359, 0.293213, 0.295127
-0.000644, 0.002749, 0.293359, 0.293213, 0.295127
-0.000527, 0.002749, 0.293359, 0.293213, 0.295127
-0.000410, 0.002749, 0.293359, 0.293213, 0.295127
-0.000293, 0.002749, 0.293359, 0.293213, 0.295127
-0.000176, 0.002749, 0.293359, 0.293213, 0.295127
-0.000058, 0.002749, 0.293359, 0.293213, 0.295127
0.000058, 0.002749, 0.293359, 0.293213, 0.295127
0.000175, 0.002749, 0.293359, 0.293213, 0.295127
0.000292, 0.002749, 0.293359, 0.293213, 0.295127
0.000409, 0.002749, 0.293359, 0.293213, 0.295127
0.000526, 0.002749, 0.293359, 0.293213, 0.295127
0.000643, 0.002749, 0.293359, 0.293213, 0.295127
0.000760, 0.002749, 0.293359, 0.293213, 0.295127
0.000877, 0.002749, 0.293359, 0.293213, 0.295127
0.000994, 0.002749, 0.293359, 0.293213, 0.295127
0.001112, 0.002749, 0.293359, 0.293213, 0.295127
0.001228, 0.002749, 0.293359, 0.293213, 0.295127
0.001345, 0.002749, 0.328028, 0.328042, 0.328179
0.001462, 0.002749, 0.340000, 0.340000, 0.340000
0.001579, 0.002749, 0.340000, 0.340000, 0.340000
0.001696, 0.002749, 0.340000, 0.340000, 0.340000
0.001813, 0.002749, 0.340000, 0.340000, 0.340000
0.001930, 0.002749, 0.294884, 0.295192, 0.295276
0.002048, 0.002749, 0.309809, 0.310055, 0.310055
0.002164, 0.002749, 0.340000, 0.340000, 0.340000
0.002282, 0.002749, 0.340000, 0.340000, 0.340000
0.002398, 0.002749, 0.304679, 0.306023, 0.304051
0.002515, 0.002749, 0.332422, 0.333027, 0.332036
0.002632, 0.002749, 0.307434, 0.308770, 0.306812
0.002749, 0.002749, 0.327343, 0.328110, 0.326964
0.002866, 0.002749, 0.303773, 0.304885, 0.303288
0.002983, 0.002749, 0.170000, 0.170000, 0.170000
0.003101, 0.002749, 0.310001, 0.311335, 0.309355
0.003217, 0.002749, 0.340000, 0.340000, 0.340000
0.003335, 0.002749, 0.340000, 0.340000, 0.340000
0.003451, 0.002749, 0.340000, 0.340000, 0.340000
0.003569, 0.002749, 0.333914, 0.333912, 0.333997
0.003685, 0.002749, 0.339344, 0.339334, 0.339334
0.003802, 0.002749, 0.340000, 0.340000, 0.340000
0.003919, 0.002749, 0.340000, 0.340000, 0.340000
0.004037, 0.002749, 0.329503, 0.329566, 0.329592
0.004153, 0.002749, 0.302382, 0.302711, 0.303884
0.004270, 0.002749, 0.279170, 0.281230, 0.278541
0.004388, 0.002749, 0.340000, 0.340000, 0.340000
0.004504, 0.002749, 0.318859, 0.319824, 0.318567
0.004622, 0.002749, 0.337658, 0.337734, 0.337504
0.004738, 0.002749, 0.333442, 0.333528, 0.333493
0.004856, 0.002749, 0.335422, 0.335458, 0.335440
0.004972, 0.002749, 0.335804, 0.335971, 0.335616
0.005090, 0.002749, 0.304867, 0.306606, 0.304293
0.005206, 0.002749, 0.340000, 0.340000, 0.340000
0.005324, 0.002749, 0.323486, 0.324180, 0.323176
0.005440, 0.002749, 0.322887, 0.323069, 0.322871
0.005557, 0.002749, 0.193813, 0.193996, 0.193996
0.005675, 0.002749, 0.170000, 0.170000, 0.170000
0.005791, 0.002749, 0.170000, 0.170000, 0.170000
-0.005791, 0.002866, 0.170000, 0.170000, 0.170000
-0.005674, 0.002866, 0.301806, 0.302502, 0.302040
-0.005557, 0.002866, 0.328425, 0.328457, 0.328653
-0.005441, 0.002866, 0.303368, 0.304686, 0.302820
-0.005324, 0.002866, 0.332805, 0.332906, 0.332954
-0.005207, 0.002866, 0.339989, 0.339989, 0.339989
-0.005089, 0.002866, 0.335618, 0.335666, 0.335673
-0.004972, 0.002866, 0.340000, 0.340000, 0.340000
-0.004855, 0.002866, 0.323072, 0.323865, 0.322712
-0.004738, 0.002866, 0.319135, 0.318968, 0.320498
-0.004621, 0.002866, 0.324572, 0.325069, 0.324358
-0.004504, 0.002866, 0.340000, 0.340000, 0.340000
-0.004387, 0.002866, 0.340000, 0.340000, 0.340000
-0.004270, 0.002866, 0.340000, 0.340000, 0.340000
-0.004154, 0.002866, 0.305763, 0.306532, 0.305972
-0.004036, 0.002866, 0.337214, 0.337192, 0.337214
-0.003920, 0.002866, 0.329047, 0.329256, 0.328862
-0.003803, 0.002866, 0.334460, 0.334562, 0.334372
-0.003686, 0.002866, 0.340000, 0.340000, 0.340000
-0.003569, 0.002866, 0.340000, 0.340000, 0.340000
-0.003452, 0.002866, 0.297776, 0.300213, 0.296621
-0.003335, 0.002866, 0.340000, 0.340000, 0.340000
-0.003218, 0.002866, 0.204737, 0.206120, 0.204263
-0.003101, 0.002866, 0.316427, 0.317678, 0.315831
-0.002984, 0.002866, 0.340000, 0.340000, 0.340000
-0.002867, 0.002866, 0.340000, 0.340000, 0.340000
-0.002750, 0.002866, 0.340000, 0.340000, 0.340000
-0.002633, 0.002866, 0.290922, 0.291392, 0.291063
-0.002516, 0.002866, 0.270881, 0.271366, 0.271257
-0.002399, 0.002866, 0.340000, 0.340000, 0.340000
-0.002282, 0.002866, 0.188435, 0.189610, 0.188044
-0.002165, 0.002866, 0.243797, 0.245050, 0.243279
-0.002048, 0.002866, 0.340000, 0.340000, 0.340000
-0.001931, 0.002866, 0.340000, 0.340000, 0.340000
-0.001814, 0.002866, 0.307493, 0.307394, 0.309092
-0.001697, 0.002866, 0.296942, 0.296630, 0.299319
-0.001580, 0.002866, 0.296942, 0.296630, 0.299319
-0.001463, 0.002866, 0.296942, 0.296630, 0.299319
-0.001345, 0.002866, 0.296942, 0.296630, 0.299319
-0.001228, 0.002866, 0.296942, 0.296630, 0.299319
-0.001112, 0.002866, 0.296942, 0.296630, 0.299319
-0.000995, 0.002866, 0.296942, 0.296630, 0.299319
-0.000878, 0.002866, 0.325357, 0.325359, 0.325593
-0.000761, 0.002866, 0.340000, 0.340000, 0.340000
-0.000644, 0.002866, 0.340000, 0.340000, 0.340000
-0.000527, 0.002866, 0.340000, 0.340000, 0.340000
-0.000410, 0.002866, 0.340000, 0.340000, 0.340000
-0.000293, 0.002866, 0.340000, 0.340000, 0.340000
-0.000176, 0.002866, 0.340000, 0.340000, 0.340000
-0.000058, 0.002866, 0.340000, 0.340000, 0.340000
0.000058, 0.002866, 0.340000, 0.340000, 0.340000
0.000175, 0.002866, 0.340000, 0.340000, 0.340000
0.000292, 0.002866, 0.340000, 0.340000, 0.340000
0.000409, 0.002866, 0.340000, 0.340000, 0.340000
0.000526, 0.002866, 0.340000, 0.340000, 0.340000
0.000643, 0.002866, 0.340000, 0.340000, 0.340000
0.000760, 0.002866, 0.340000, 0.340000, 0.340000
0.000877, 0.002866, 0.340000, 0.340000, 0.340000
0.000994, 0.002866, 0.340000, 0.340000, 0.340000
0.001112, 0.002866, 0.340000, 0.340000, 0.340000
0.001228, 0.002866, 0.340000, 0.340000, 0.340000
0.001345, 0.002866, 0.340000, 0.340000, 0.340000
0.001462, 0.002866, 0.340000, 0.340000, 0.340000
0.001579, 0.002866, 0.340000, 0.340000, 0.340000
0.001696, 0.002866, 0.340000, 0.340000, 0.340000
0.001813, 0.002866, 0.340000, 0.340000, 0.340000
0.001930, 0.002866, 0.291718, 0.292047, 0.292123
0.002048, 0.002866, 0.307235, 0.307505, 0.307500
0.002164, 0.002866, 0.340000, 0.340000, 0.340000
0.002282, 0.002866, 0.340000, 0.340000, 0.340000
0.002398, 0.002866, 0.292463, 0.293240, 0.292716
0.002515, 0.002866, 0.336146, 0.336450, 0.335910
0.002632, 0.002866, 0.307826, 0.309160, 0.307204
0.002749, 0.002866, 0.224281, 0.224339, 0.226024
0.002866, 0.002866, 0.243323, 0.243600, 0.244318
0.002983, 0.002866, 0.170000, 0.170000, 0.170000
0.003101, 0.002866, 0.310001, 0.311335, 0.309355
0.003217, 0.002866, 0.340000, 0.340000, 0.340000
0.003335, 0.002866, 0.333786, 0.333782, 0.334197
0.003451, 0.002866, 0.340000, 0.340000, 0.340000
0.003569, 0.002866, 0.340000, 0.340000, 0.340000
0.003685, 0.002866, 0.336511, 0.336497, 0.336543
0.003802, 0.002866, 0.339546, 0.339537, 0.339537
0.003919, 0.002866, 0.340000, 0.340000, 0.340000
0.004037, 0.002866, 0.313415, 0.314765, 0.312820
0.004153, 0.002866, 0.332415, 0.332361, 0.332627
0.004270, 0.002866, 0.270199, 0.271982, 0.270807
0.004388, 0.002866, 0.338077, 0.338032, 0.338163
0.004504, 0.002866, 0.315922, 0.316712, 0.315724
0.004622, 0.002866, 0.326128, 0.326548, 0.325871
0.004738, 0.002866, 0.337100, 0.337046, 0.337117
0.004856, 0.002866, 0.340000, 0.340000, 0.340000
0.004972, 0.002866, 0.299819, 0.301078, 0.299627
0.005090, 0.002866, 0.324259, 0.324597, 0.324176
0.005206, 0.002866, 0.338445, 0.338402, 0.338502
0.005324, 0.002866, 0.327563, 0.327843, 0.327304
0.005440, 0.002866, 0.340000, 0.340000, 0.340000
0.005557, 0.002866, 0.321171, 0.321310, 0.321310
0.005675, 0.002866, 0.193813, 0.193996, 0.193996
0.005791, 0.002866, 0.170000, 0.170000, 0.170000
-0.005791, 0.002983, 0.170000, 0.170000, 0.170000
-0.005674, 0.002983, 0.170794, 0.170771, 0.170812
-0.005557, 0.002983, 0.173992, 0.173929, 0.174261
-0.005441, 0.002983, 0.324605, 0.325677, 0.324044
-0.005324, 0.002983, 0.339951, 0.339948, 0.339948
-0.005207, 0.002983, 0.301578, 0.301420, 0.303959
-0.005089, 0.002983, 0.338007, 0.337988, 0.338017
-0.004972, 0.002983, 0.340000, 0.340000, 0.340000
-0.004855, 0.002983, 0.324654, 0.325117, 0.324619
-0.004738, 0.002983, 0.312877, 0.312611, 0.315199
-0.004621, 0.002983, 0.278430, 0.279273, 0.278936
-0.004504, 0.002983, 0.335367, 0.335358, 0.335409
-0.004387, 0.002983, 0.339894, 0.339889, 0.339900
-0.004270, 0.002983, 0.340000, 0.340000, 0.340000
-0.004154, 0.002983, 0.340000, 0.340000, 0.340000
-0.004036, 0.002983, 0.333483, 0.333351, 0.333855
-0.003920, 0.002983, 0.330366, 0.330361, 0.330477
-0.003803, 0.002983, 0.340000, 0.340000, 0.340000
-0.003686, 0.002983, 0.267434, 0.267888, 0.267883
-0.003569, 0.002983, 0.303904, 0.304258, 0.304009
-0.003452, 0.002983, 0.297776, 0.300213, 0.296621
-0.003335, 0.002983, 0.340000, 0.340000, 0.340000
-0.003218, 0.002983, 0.204737, 0.206120, 0.204263
-0.003101, 0.002983, 0.221453, 0.221856, 0.221856
-0.002984, 0.002983, 0.335845, 0.335855, 0.335835
-0.002867, 0.002983, 0.340000, 0.340000, 0.340000
-0.002750, 0.002983, 0.340000, 0.340000, 0.340000
-0.002633, 0.002983, 0.340000, 0.340000, 0.340000
-0.002516, 0.002983, 0.340000, 0.340000, 0.340000
-0.002399, 0.002983, 0.340000, 0.340000, 0.340000
-0.002282, 0.002983, 0.188435, 0.189610, 0.188044
-0.002165, 0.002983, 0.232687, 0.233731, 0.232458
-0.002048, 0.002983, 0.340000, 0.340000, 0.340000
-0.001931, 0.002983, 0.289886, 0.290338, 0.290338
-0.001814, 0.002983, 0.303823, 0.304129, 0.304129
-0.001697, 0.002983, 0.340000, 0.340000, 0.340000
-0.001580, 0.002983, 0.340000, 0.340000, 0.340000
-0.001463, 0.002983, 0.340000, 0.340000, 0.340000
-0.001345, 0.002983, 0.340000, 0.340000, 0.340000
-0.001228, 0.002983, 0.340000, 0.340000, 0.340000
-0.001112, 0.002983, 0.340000, 0.340000, 0.340000
-0.000995, 0.002983, 0.340000, 0.340000, 0.340000
-0.000878, 0.002983, 0.296750, 0.297250, 0.297250
-0.000761, 0.002983, 0.323617, 0.323729, 0.323729
-0.000644, 0.002983, 0.340000, 0.340000, 0.340000
-0.000527, 0.002983, 0.340000, 0.340000, 0.340000
-0.000410, 0.002983, 0.340000, 0.340000, 0.340000
-0.000293, 0.002983, 0.340000, 0.340000, 0.340000
-0.000176, 0.002983, 0.340000, 0.340000, 0.340000
-0.000058, 0.002983, 0.340000, 0.340000, 0.340000
0.000058, 0.002983, 0.340000, 0.340000, 0.340000
0.000175, 0.002983, 0.340000, 0.340000, 0.340000
0.000292, 0.002983, 0.340000, 0.340000, 0.340000
0.000409, 0.002983, 0.340000, 0.340000, 0.340000
0.000526, 0.002983, 0.340000, 0.340000, 0.340000
0.000643, 0.002983, 0.340000, 0.340000, 0.340000
0.000760, 0.002983, 0.340000, 0.340000, 0.340000
0.000877, 0.002983, 0.340000, 0.340000, 0.340000
0.000994, 0.002983, 0.340000, 0.340000, 0.340000
0.001112, 0.002983, 0.340000, 0.340000, 0.340000
0.001228, 0.002983, 0.340000, 0.340000, 0.340000
0.001345, 0.002983, 0.340000, 0.340000, 0.340000
0.001462, 0.002983, 0.340000, 0.340000, 0.340000
0.001579, 0.002983, 0.340000, 0.340000, 0.340000
0.001696, 0.002983, 0.340000, 0.340000, 0.340000
0.001813, 0.002983, 0.340000, 0.340000, 0.340000
0.001930, 0.002983, 0.340000, 0.340000, 0.340000
0.002048, 0.002983, 0.340000, 0.340000, 0.340000
0.002164, 0.002983, 0.340000, 0.340000, 0.340000
0.002282, 0.002983, 0.303787, 0.304194, 0.304194
0.002398, 0.002983, 0.316560, 0.316769, 0.316769
0.002515, 0.002983, 0.340000, 0.340000, 0.340000
0.002632, 0.002983, 0.300386, 0.302397, 0.299453
0.002749, 0.002983, 0.338159, 0.338138, 0.338138
0.002866, 0.002983, 0.195319, 0.196471, 0.194755
0.002983, 0.002983, 0.170000, 0.170000, 0.170000
0.003101, 0.002983, 0.310001, 0.311335, 0.309355
0.003217, 0.002983, 0.337532, 0.337620, 0.337431
0.003335, 0.002983, 0.205900, 0.206100, 0.206117
0.003451, 0.002983, 0.330505, 0.330851, 0.330251
0.003569, 0.002983, 0.340000, 0.340000, 0.340000
0.003685, 0.002983, 0.253766, 0.254336, 0.254622
0.003802, 0.002983, 0.280968, 0.281521, 0.281549
0.003919, 0.002983, 0.340000, 0.340000, 0.340000
0.004037, 0.002983, 0.340000, 0.340000, 0.340000
0.004153, 0.002983, 0.320314, 0.320189, 0.321872
0.004270, 0.002983, 0.339988, 0.339988, 0.339988
0.004388, 0.002983, 0.321921, 0.321720, 0.323139
0.004504, 0.002983, 0.337146, 0.337137, 0.337153
0.004622, 0.002983, 0.340000, 0.340000, 0.340000
0.004738, 0.002983, 0.326925, 0.326918, 0.327178
0.004856, 0.002983, 0.289176, 0.290077, 0.289582
0.004972, 0.002983, 0.296919, 0.298316, 0.296854
0.005090, 0.002983, 0.337514, 0.337456, 0.337737
0.005206, 0.002983, 0.331840, 0.331681, 0.332384
0.005324, 0.002983, 0.337064, 0.337043, 0.337101
0.005440, 0.002983, 0.319668, 0.319522, 0.320954
0.005557, 0.002983, 0.321416, 0.321265, 0.322589
0.005675, 0.002983, 0.321130, 0.321268, 0.321269
0.005791, 0.002983, 0.181473, 0.181900, 0.181254
-0.005791, 0.003101, 0.170000, 0.170000, 0.170000
-0.005674, 0.003101, 0.256546, 0.256936, 0.257291
-0.005557, 0.003101, 0.290498, 0.290452, 0.292040
-0.005441, 0.003101, 0.308469, 0.309623, 0.307914
-0.005324, 0.003101, 0.320894, 0.321472, 0.320723
-0.005207, 0.003101, 0.330258, 0.330207, 0.330564
-0.005089, 0.003101, 0.315726, 0.316536, 0.315594
-0.004972, 0.003101, 0.340000, 0.340000, 0.340000
-0.004855, 0.003101, 0.329370, 0.329420, 0.329435
-0.004738, 0.003101, 0.332128, 0.332163, 0.332163
-0.004621, 0.003101, 0.311190, 0.311566, 0.311680
-0.004504, 0.003101, 0.288487, 0.288897, 0.290144
-0.004387, 0.003101, 0.321099, 0.320902, 0.322188
-0.004270, 0.003101, 0.324692, 0.325016, 0.324952
-0.004154, 0.003101, 0.340000, 0.340000, 0.340000
-0.004036, 0.003101, 0.340000, 0.340000, 0.340000
-0.003920, 0.003101, 0.340000, 0.340000, 0.340000
-0.003803, 0.003101, 0.340000, 0.340000, 0.340000
-0.003686, 0.003101, 0.304952, 0.305132, 0.305367
-0.003569, 0.003101, 0.327146, 0.327227, 0.327227
-0.003452, 0.003101, 0.297776, 0.300213, 0.296621
-0.003335, 0.003101, 0.340000, 0.340000, 0.340000
-0.003218, 0.003101, 0.204737, 0.206120, 0.204263
-0.003101, 0.003101, 0.170000, 0.170000, 0.170000
-0.002984, 0.003101, 0.309438, 0.310766, 0.308817
-0.002867, 0.003101, 0.340000, 0.340000, 0.340000
-0.002750, 0.003101, 0.340000, 0.340000, 0.340000
-0.002633, 0.003101, 0.322593, 0.322539, 0.323325
-0.002516, 0.003101, 0.303983, 0.303835, 0.305795
-0.002399, 0.003101, 0.283965, 0.284205, 0.284957
-0.002282, 0.003101, 0.174466, 0.174564, 0.174386
-0.002165, 0.003101, 0.224019, 0.224065, 0.225247
-0.002048, 0.003101, 0.261878, 0.261562, 0.265030
-0.001931, 0.003101, 0.304667, 0.304856, 0.305069
-0.001814, 0.003101, 0.340000, 0.340000, 0.340000
-0.001697, 0.003101, 0.340000, 0.340000, 0.340000
-0.001580, 0.003101, 0.340000, 0.340000, 0.340000
-0.001463, 0.003101, 0.340000, 0.340000, 0.340000
-0.001345, 0.003101, 0.337461, 0.337456, 0.337456
-0.001228, 0.003101, 0.287785, 0.288198, 0.289007
-0.001112, 0.003101, 0.294545, 0.294349, 0.297624
-0.000995, 0.003101, 0.306259, 0.306629, 0.306629
-0.000878, 0.003101, 0.340000, 0.340000, 0.340000
-0.000761, 0.003101, 0.302213, 0.302304, 0.303522
-0.000644, 0.003101, 0.296944, 0.296631, 0.300355
-0.000527, 0.003101, 0.296944, 0.296631, 0.300355
-0.000410, 0.003101, 0.296944, 0.296631, 0.300355
-0.000293, 0.003101, 0.296944, 0.296631, 0.300355
-0.000176, 0.003101, 0.296944, 0.296631, 0.300355
-0.000058, 0.003101, 0.296954, 0.296641, 0.300365
0.000058, 0.003101, 0.296944, 0.296631, 0.300355
0.000175, 0.003101, 0.296944, 0.296631, 0.300355
0.000292, 0.003101, 0.296944, 0.296631, 0.300355
0.000409, 0.003101, 0.296944, 0.296631, 0.300355
0.000526, 0.003101, 0.296944, 0.296631, 0.300355
0.000643, 0.003101, 0.296944, 0.296631, 0.300355
0.000760, 0.003101, 0.296944, 0.296631, 0.300355
0.000877, 0.003101, 0.296944, 0.296631, 0.300355
0.000994, 0.003101, 0.296944, 0.296631, 0.300355
0.001112, 0.003101, 0.296944, 0.296631, 0.300355
0.001228, 0.003101, 0.296944, 0.296631, 0.300355
0.001345, 0.003101, 0.296944, 0.296631, 0.300355
0.001462, 0.003101, 0.296944, 0.296631, 0.300355
0.001579, 0.003101, 0.296944, 0.296631, 0.300355
0.001696, 0.003101, 0.296944, 0.296631, 0.300355
0.001813, 0.003101, 0.296944, 0.296631, 0.300355
0.001930, 0.003101, 0.296944, 0.296631, 0.300355
0.002048, 0.003101, 0.296944, 0.296631, 0.300355
0.002164, 0.003101, 0.296715, 0.296407, 0.300115
0.002282, 0.003101, 0.316777, 0.316960, 0.317002
0.002398, 0.003101, 0.340000, 0.340000, 0.340000
0.002515, 0.003101, 0.333124, 0.333150, 0.333150
0.002632, 0.003101, 0.215534, 0.215928, 0.215674
0.002749, 0.003101, 0.283909, 0.285997, 0.282870
0.002866, 0.003101, 0.171567, 0.171559, 0.171558
0.002983, 0.003101, 0.170000, 0.170000, 0.170000
0.003101, 0.003101, 0.310001, 0.311335, 0.309355
0.003217, 0.003101, 0.340000, 0.340000, 0.340000
0.003335, 0.003101, 0.335032, 0.335020, 0.335363
0.003451, 0.003101, 0.340000, 0.340000, 0.340000
0.003569, 0.003101, 0.340000, 0.340000, 0.340000
0.003685, 0.003101, 0.333937, 0.333932, 0.333992
0.003802, 0.003101, 0.338543, 0.338533, 0.338533
0.003919, 0.003101, 0.340000, 0.340000, 0.340000
0.004037, 0.003101, 0.340000, 0.340000, 0.340000
0.004153, 0.003101, 0.340000, 0.340000, 0.340000
0.004270, 0.003101, 0.340000, 0.340000, 0.340000
0.004388, 0.003101, 0.340000, 0.340000, 0.340000
0.004504, 0.003101, 0.340000, 0.340000, 0.340000
0.004622, 0.003101, 0.337581, 0.337567, 0.337584
0.004738, 0.003101, 0.331263, 0.331202, 0.331544
0.004856, 0.003101, 0.275912, 0.276100, 0.276939
0.004972, 0.003101, 0.326844, 0.327375, 0.326678
0.005090, 0.003101, 0.323294, 0.323784, 0.323721
0.005206, 0.003101, 0.329063, 0.328891, 0.329787
0.005324, 0.003101, 0.330669, 0.330899, 0.330394
0.005440, 0.003101, 0.310119, 0.311489, 0.309406
0.005557, 0.003101, 0.322704, 0.322681, 0.323316
0.005675, 0.003101, 0.286770, 0.286968, 0.288150
0.005791, 0.003101, 0.178160, 0.178374, 0.178028
-0.005791, 0.003217, 0.170208, 0.170212, 0.170191
-0.005674, 0.003217, 0.330397, 0.330795, 0.330122
-0.005557, 0.003217, 0.340000, 0.340000, 0.340000
-0.005441, 0.003217, 0.303527, 0.305680, 0.302502
-0.005324, 0.003217, 0.325100, 0.325967, 0.324818
-0.005207, 0.003217, 0.340000, 0.340000, 0.340000
-0.005089, 0.003217, 0.325570, 0.326367, 0.325293
-0.004972, 0.003217, 0.340000, 0.340000, 0.340000
-0.004855, 0.003217, 0.266669, 0.267202, 0.267330
-0.004738, 0.003217, 0.275443, 0.275983, 0.275913
-0.004621, 0.003217, 0.339839, 0.339840, 0.339828
-0.004504, 0.003217, 0.314589, 0.315561, 0.313997
-0.004387, 0.003217, 0.340000, 0.340000, 0.340000
-0.004270, 0.003217, 0.332296, 0.332658, 0.331997
-0.004154, 0.003217, 0.340000, 0.340000, 0.340000
-0.004036, 0.003217, 0.340000, 0.340000, 0.340000
-0.003920, 0.003217, 0.340000, 0.340000, 0.340000
-0.003803, 0.003217, 0.340000, 0.340000, 0.340000
-0.003686, 0.003217, 0.340000, 0.340000, 0.340000
-0.003569, 0.003217, 0.340000, 0.340000, 0.340000
-0.003452, 0.003217, 0.297776, 0.300213, 0.296621
-0.003335, 0.003217, 0.340000, 0.340000, 0.340000
-0.003218, 0.003217, 0.204737, 0.206120, 0.204263
-0.003101, 0.003217, 0.170000, 0.170000, 0.170000
-0.002984, 0.003217, 0.309438, 0.310766, 0.308817
-0.002867, 0.003217, 0.340000, 0.340000, 0.340000
-0.002750, 0.003217, 0.310724, 0.310962, 0.310962
-0.002633, 0.003217, 0.184395, 0.184487, 0.184487
-0.002516, 0.003217, 0.170000, 0.170000, 0.170000
-0.002399, 0.003217, 0.170000, 0.170000, 0.170000
-0.002282, 0.003217, 0.241304, 0.241819, 0.241704
-0.002165, 0.003217, 0.339480, 0.339470, 0.339470
-0.002048, 0.003217, 0.340000, 0.340000, 0.340000
-0.001931, 0.003217, 0.340000, 0.340000, 0.340000
-0.001814, 0.003217, 0.340000, 0.340000, 0.340000
-0.001697, 0.003217, 0.321137, 0.321276, 0.321276
-0.001580, 0.003217, 0.256808, 0.256601, 0.258834
-0.001463, 0.003217, 0.267858, 0.267538, 0.271110
-0.001345, 0.003217, 0.228912, 0.228890, 0.230990
-0.001228, 0.003217, 0.297682, 0.299003, 0.297103
-0.001112, 0.003217, 0.340000, 0.340000, 0.340000
-0.000995, 0.003217, 0.314086, 0.314334, 0.314334
-0.000878, 0.003217, 0.306259, 0.306629, 0.306629
-0.000761, 0.003217, 0.340000, 0.340000, 0.340000
-0.000644, 0.003217, 0.340000, 0.340000, 0.340000
-0.000527, 0.003217, 0.340000, 0.340000, 0.340000
-0.000410, 0.003217, 0.340000, 0.340000, 0.340000
-0.000293, 0.003217, 0.340000, 0.340000, 0.340000
-0.000176, 0.003217, 0.340000, 0.340000, 0.340000
-0.000058, 0.003217, 0.340000, 0.340000, 0.340000
0.000058, 0.003217, 0.340000, 0.340000, 0.340000
0.000175, 0.003217, 0.340000, 0.340000, 0.340000
0.000292, 0.003217, 0.340000, 0.340000, 0.340000
0.000409, 0.003217, 0.340000, 0.340000, 0.340000
0.000526, 0.003217, 0.340000, 0.340000, 0.340000
0.000643, 0.003217, 0.340000, 0.340000, 0.340000
0.000760, 0.003217, 0.340000, 0.340000, 0.340000
0.000877, 0.003217, 0.340000, 0.340000, 0.340000
0.000994, 0.003217, 0.340000, 0.340000, 0.340000
0.001112, 0.003217, 0.340000, 0.340000, 0.340000
0.001228, 0.003217, 0.340000, 0.340000, 0.340000
0.001345, 0.003217, 0.340000, 0.340000, 0.340000
0.001462, 0.003217, 0.338245, 0.338192, 0.338470
0.001579, 0.003217, 0.340000, 0.340000, 0.340000
0.001696, 0.003217, 0.340000, 0.340000, 0.340000
0.001813, 0.003217, 0.339650, 0.339636, 0.339655
0.001930, 0.003217, 0.339360, 0.339336, 0.339391
0.002048, 0.003217, 0.340000, 0.340000, 0.340000
0.002164, 0.003217, 0.340000, 0.340000, 0.340000
0.002282, 0.003217, 0.340000, 0.340000, 0.340000
0.002398, 0.003217, 0.333124, 0.333150, 0.333150
0.002515, 0.003217, 0.213829, 0.214184, 0.214184
0.002632, 0.003217, 0.170000, 0.170000, 0.170000
0.002749, 0.003217, 0.266557, 0.269227, 0.265440
0.002866, 0.003217, 0.170689, 0.170679, 0.170679
0.002983, 0.003217, 0.170000, 0.170000, 0.170000
0.003101, 0.003217, 0.310001, 0.311335, 0.309355
0.003217, 0.003217, 0.340000, 0.340000, 0.340000
0.003335, 0.003217, 0.340000, 0.340000, 0.340000
0.003451, 0.003217, 0.340000, 0.340000, 0.340000
0.003569, 0.003217, 0.340000, 0.340000, 0.340000
0.003685, 0.003217, 0.340000, 0.340000, 0.340000
0.003802, 0.003217, 0.340000, 0.340000, 0.340000
0.003919, 0.003217, 0.340000, 0.340000, 0.340000
0.004037, 0.003217, 0.274125, 0.274539, 0.274716
0.004153, 0.003217, 0.323867, 0.323982, 0.323974
0.004270, 0.003217, 0.340000, 0.340000, 0.340000
0.004388, 0.003217, 0.340000, 0.340000, 0.340000
0.004504, 0.003217, 0.340000, 0.340000, 0.340000
0.004622, 0.003217, 0.328868, 0.329266, 0.328641
0.004738, 0.003217, 0.340000, 0.340000, 0.340000
0.004856, 0.003217, 0.339820, 0.339813, 0.339813
0.004972, 0.003217, 0.336430, 0.336555, 0.336269
0.005090, 0.003217, 0.323740, 0.324677, 0.323309
0.005206, 0.003217, 0.340000, 0.340000, 0.340000
0.005324, 0.003217, 0.312648, 0.313778, 0.312319
0.005440, 0.003217, 0.300516, 0.302282, 0.299924
0.005557, 0.003217, 0.340000, 0.340000, 0.340000
0.005675, 0.003217, 0.330397, 0.330795, 0.330122
0.005791, 0.003217, 0.170208, 0.170212, 0.170191
-0.005791, 0.003335, 0.170000, 0.170000, 0.170000
-0.005674, 0.003335, 0.211407, 0.211426, 0.212404
-0.005557, 0.003335, 0.291391, 0.291306, 0.293748
-0.005441, 0.003335, 0.329291, 0.329370, 0.329304
-0.005324, 0.003335, 0.338811, 0.338777, 0.338832
-0.005207, 0.003335, 0.323238, 0.323191, 0.324834
-0.005089, 0.003335, 0.338248, 0.338204, 0.338299
-0.004972, 0.003335, 0.340000, 0.340000, 0.340000
-0.004855, 0.003335, 0.339822, 0.339814, 0.339818
-0.004738, 0.003335, 0.339994, 0.339994, 0.339994
-0.004621, 0.003335, 0.340000, 0.340000, 0.340000
-0.004504, 0.003335, 0.331849, 0.331939, 0.331719
-0.004387, 0.003335, 0.328483, 0.328336, 0.329136
-0.004270, 0.003335, 0.326818, 0.326860, 0.327315
-0.004154, 0.003335, 0.340000, 0.340000, 0.340000
-0.004036, 0.003335, 0.340000, 0.340000, 0.340000
-0.003920, 0.003335, 0.336447, 0.336448, 0.336448
-0.003803, 0.003335, 0.284756, 0.285233, 0.285486
-0.003686, 0.003335, 0.340000, 0.340000, 0.340000
-0.003569, 0.003335, 0.340000, 0.340000, 0.340000
-0.003452, 0.003335, 0.297776, 0.300213, 0.296621
-0.003335, 0.003335, 0.340000, 0.340000, 0.340000
-0.003218, 0.003335, 0.204737, 0.206120, 0.204263
-0.003101, 0.003335, 0.170000, 0.170000, 0.170000
-0.002984, 0.003335, 0.309438, 0.310766, 0.308817
-0.002867, 0.003335, 0.340000, 0.340000, 0.340000
-0.002750, 0.003335, 0.222850, 0.224156, 0.222411
-0.002633, 0.003335, 0.170000, 0.170000, 0.170000
-0.002516, 0.003335, 0.170000, 0.170000, 0.170000
-0.002399, 0.003335, 0.170000, 0.170000, 0.170000
-0.002282, 0.003335, 0.299227, 0.300484, 0.298803
-0.002165, 0.003335, 0.340000, 0.340000, 0.340000
-0.002048, 0.003335, 0.340000, 0.340000, 0.340000
-0.001931, 0.003335, 0.340000, 0.340000, 0.340000
-0.001814, 0.003335, 0.321137, 0.321276, 0.321276
-0.001697, 0.003335, 0.193774, 0.193957, 0.193957
-0.001580, 0.003335, 0.287148, 0.288259, 0.287012
-0.001463, 0.003335, 0.340000, 0.340000, 0.340000
-0.001345, 0.003335, 0.332305, 0.332338, 0.332338
-0.001228, 0.003335, 0.248629, 0.249269, 0.249269
-0.001112, 0.003335, 0.329887, 0.329942, 0.329942
-0.000995, 0.003335, 0.340000, 0.340000, 0.340000
-0.000878, 0.003335, 0.314086, 0.314334, 0.314334
-0.000761, 0.003335, 0.304908, 0.305241, 0.305417
-0.000644, 0.003335, 0.334836, 0.334687, 0.335495
-0.000527, 0.003335, 0.334836, 0.334687, 0.335495
-0.000410, 0.003335, 0.334836, 0.334687, 0.335495
-0.000293, 0.003335, 0.334836, 0.334687, 0.335495
-0.000176, 0.003335, 0.334836, 0.334687, 0.335495
-0.000058, 0.003335, 0.332476, 0.332333, 0.333126
0.000058, 0.003335, 0.314777, 0.314639, 0.316497
0.000175, 0.003335, 0.334836, 0.334687, 0.335495
0.000292, 0.003335, 0.334836, 0.334687, 0.335495
0.000409, 0.003335, 0.335297, 0.335159, 0.335937
0.000526, 0.003335, 0.340000, 0.340000, 0.340000
0.000643, 0.003335, 0.340000, 0.340000, 0.340000
0.000760, 0.003335, 0.340000, 0.340000, 0.340000
0.000877, 0.003335, 0.340000, 0.340000, 0.340000
0.000994, 0.003335, 0.340000, 0.340000, 0.340000
0.001112, 0.003335, 0.340000, 0.340000, 0.340000
0.001228, 0.003335, 0.340000, 0.340000, 0.340000
0.001345, 0.003335, 0.287892, 0.288815, 0.288196
0.001462, 0.003335, 0.303826, 0.303764, 0.305430
0.001579, 0.003335, 0.239199, 0.239440, 0.240760
0.001696, 0.003335, 0.233539, 0.233386, 0.235151
0.001813, 0.003335, 0.275419, 0.275863, 0.276094
0.001930, 0.003335, 0.298460, 0.298495, 0.299568
0.002048, 0.003335, 0.290183, 0.289874, 0.293766
0.002164, 0.003335, 0.285744, 0.285524, 0.289166
0.002282, 0.003335, 0.234534, 0.234371, 0.236160
0.002398, 0.003335, 0.203649, 0.203667, 0.204466
0.002515, 0.003335, 0.170000, 0.170000, 0.170000
0.002632, 0.003335, 0.170000, 0.170000, 0.170000
0.002749, 0.003335, 0.234186, 0.235296, 0.234084
0.002866, 0.003335, 0.201489, 0.202850, 0.201019
0.002983, 0.003335, 0.170000, 0.170000, 0.170000
0.003101, 0.003335, 0.310001, 0.311335, 0.309355
0.003217, 0.003335, 0.312545, 0.312784, 0.312688
0.003335, 0.003335, 0.272831, 0.273226, 0.273329
0.003451, 0.003335, 0.340000, 0.340000, 0.340000
0.003569, 0.003335, 0.340000, 0.340000, 0.340000
0.003685, 0.003335, 0.340000, 0.340000, 0.340000
0.003802, 0.003335, 0.340000, 0.340000, 0.340000
0.003919, 0.003335, 0.340000, 0.340000, 0.340000
0.004037, 0.003335, 0.279274, 0.279650, 0.279918
0.004153, 0.003335, 0.326155, 0.326246, 0.326246
0.004270, 0.003335, 0.340000, 0.340000, 0.340000
0.004388, 0.003335, 0.340000, 0.340000, 0.340000
0.004504, 0.003335, 0.340000, 0.340000, 0.340000
0.004622, 0.003335, 0.340000, 0.340000, 0.340000
0.004738, 0.003335, 0.326226, 0.326395, 0.327254
0.004856, 0.003335, 0.333447, 0.333407, 0.333606
0.004972, 0.003335, 0.336334, 0.336357, 0.336298
0.005090, 0.003335, 0.337284, 0.337221, 0.337325
0.005206, 0.003335, 0.311164, 0.311400, 0.312435
0.005324, 0.003335, 0.331659, 0.331715, 0.331676
0.005440, 0.003335, 0.307699, 0.308814, 0.307039
0.005557, 0.003335, 0.303582, 0.303461, 0.306079
0.005675, 0.003335, 0.296713, 0.296592, 0.298428
0.005791, 0.003335, 0.183551, 0.184303, 0.183108
-0.005791, 0.003451, 0.170000, 0.170000, 0.170000
-0.005674, 0.003451, 0.252835, 0.253306, 0.253306
-0.005557, 0.003451, 0.339969, 0.339967, 0.339967
-0.005441, 0.003451, 0.340000, 0.340000, 0.340000
-0.005324, 0.003451, 0.328691, 0.328675, 0.329214
-0.005207, 0.003451, 0.330996, 0.330868, 0.331499
-0.005089, 0.003451, 0.330318, 0.330469, 0.330166
-0.004972, 0.003451, 0.340000, 0.340000, 0.340000
-0.004855, 0.003451, 0.323492, 0.323626, 0.324584
-0.004738, 0.003451, 0.325493, 0.325517, 0.326241
-0.004621, 0.003451, 0.340000, 0.340000, 0.340000
-0.004504, 0.003451, 0.322814, 0.323131, 0.322761
-0.004387, 0.003451, 0.305070, 0.305010, 0.307822
-0.004270, 0.003451, 0.339911, 0.339909, 0.339906
-0.004154, 0.003451, 0.340000, 0.340000, 0.340000
-0.004036, 0.003451, 0.340000, 0.340000, 0.340000
-0.003920, 0.003451, 0.328788, 0.328879, 0.328786
-0.003803, 0.003451, 0.254176, 0.254823, 0.254551
-0.003686, 0.003451, 0.339243, 0.339247, 0.339204
-0.003569, 0.003451, 0.340000, 0.340000, 0.340000
-0.003452, 0.003451, 0.297776, 0.300213, 0.296621
-0.003335, 0.003451, 0.340000, 0.340000, 0.340000
-0.003218, 0.003451, 0.204737, 0.206120, 0.204263
-0.003101, 0.003451, 0.170000, 0.170000, 0.170000
-0.002984, 0.003451, 0.309438, 0.310766, 0.308817
-0.002867, 0.003451, 0.340000, 0.340000, 0.340000
-0.002750, 0.003451, 0.221873, 0.223203, 0.221388
-0.002633, 0.003451, 0.170000, 0.170000, 0.170000
-0.002516, 0.003451, 0.170000, 0.170000, 0.170000
-0.002399, 0.003451, 0.170000, 0.170000, 0.170000
-0.002282, 0.003451, 0.192867, 0.192897, 0.193256
-0.002165, 0.003451, 0.229289, 0.229139, 0.230911
-0.002048, 0.003451, 0.229289, 0.229139, 0.230911
-0.001931, 0.003451, 0.229289, 0.229139, 0.230911
-0.001814, 0.003451, 0.190986, 0.191023, 0.191297
-0.001697, 0.003451, 0.170000, 0.170000, 0.170000
-0.001580, 0.003451, 0.226294, 0.226734, 0.226688
-0.001463, 0.003451, 0.337022, 0.337019, 0.337019
-0.001345, 0.003451, 0.340000, 0.340000, 0.340000
-0.001228, 0.003451, 0.332305, 0.332338, 0.332338
-0.001112, 0.003451, 0.248629, 0.249269, 0.249269
-0.000995, 0.003451, 0.329887, 0.329942, 0.329942
-0.000878, 0.003451, 0.340000, 0.340000, 0.340000
-0.000761, 0.003451, 0.308439, 0.308697, 0.308697
-0.000644, 0.003451, 0.182800, 0.182879, 0.182873
-0.000527, 0.003451, 0.174433, 0.174439, 0.174439
-0.000410, 0.003451, 0.224042, 0.223937, 0.225597
-0.000293, 0.003451, 0.181417, 0.181414, 0.181572
-0.000176, 0.003451, 0.170000, 0.170000, 0.170000
-0.000058, 0.003451, 0.232118, 0.232851, 0.232371
0.000058, 0.003451, 0.322651, 0.322657, 0.323182
0.000175, 0.003451, 0.174211, 0.174504, 0.174021
0.000292, 0.003451, 0.226558, 0.226627, 0.227789
0.000409, 0.003451, 0.206231, 0.206335, 0.206732
0.000526, 0.003451, 0.256530, 0.256850, 0.257162
0.000643, 0.003451, 0.289196, 0.289032, 0.290960
0.000760, 0.003451, 0.289196, 0.289032, 0.290960
0.000877, 0.003451, 0.289196, 0.289032, 0.290960
0.000994, 0.003451, 0.289196, 0.289032, 0.290960
0.001112, 0.003451, 0.289196, 0.289032, 0.290960
0.001228, 0.003451, 0.250463, 0.250781, 0.251055
0.001345, 0.003451, 0.189400, 0.189717, 0.189279
0.001462, 0.003451, 0.282748, 0.282721, 0.284273
0.001579, 0.003451, 0.235374, 0.236023, 0.235915
0.001696, 0.003451, 0.170000, 0.170000, 0.170000
0.001813, 0.003451, 0.226116, 0.226475, 0.226527
0.001930, 0.003451, 0.278444, 0.278447, 0.280057
0.002048, 0.003451, 0.242040, 0.241806, 0.245514
0.002164, 0.003451, 0.217771, 0.217940, 0.218811
0.002282, 0.003451, 0.267521, 0.267813, 0.268345
0.002398, 0.003451, 0.230286, 0.230159, 0.231848
0.002515, 0.003451, 0.178334, 0.178340, 0.178399
0.002632, 0.003451, 0.170000, 0.170000, 0.170000
0.002749, 0.003451, 0.257004, 0.257721, 0.257375
0.002866, 0.003451, 0.233695, 0.234467, 0.234143
0.002983, 0.003451, 0.170000, 0.170000, 0.170000
0.003101, 0.003451, 0.310001, 0.311335, 0.309355
0.003217, 0.003451, 0.324420, 0.324527, 0.324527
0.003335, 0.003451, 0.293633, 0.293883, 0.294174
0.003451, 0.003451, 0.340000, 0.340000, 0.340000
0.003569, 0.003451, 0.340000, 0.340000, 0.340000
0.003685, 0.003451, 0.340000, 0.340000, 0.340000
0.003802, 0.003451, 0.340000, 0.340000, 0.340000
0.003919, 0.003451, 0.340000, 0.340000, 0.340000
0.004037, 0.003451, 0.340000, 0.340000, 0.340000
0.004153, 0.003451, 0.340000, 0.340000, 0.340000
0.004270, 0.003451, 0.340000, 0.340000, 0.340000
0.004388, 0.003451, 0.326364, 0.326400, 0.326556
0.004504, 0.003451, 0.337411, 0.337406, 0.337406
0.004622, 0.003451, 0.340000, 0.340000, 0.340000
0.004738, 0.003451, 0.340000, 0.340000, 0.340000
0.004856, 0.003451, 0.340000, 0.340000, 0.340000
0.004972, 0.003451, 0.340000, 0.340000, 0.340000
0.005090, 0.003451, 0.322308, 0.322416, 0.322555
0.005206, 0.003451, 0.306182, 0.305923, 0.308811
0.005324, 0.003451, 0.303492, 0.303321, 0.305540
0.005440, 0.003451, 0.340000, 0.340000, 0.340000
0.005557, 0.003451, 0.339955, 0.339953, 0.339953
0.005675, 0.003451, 0.252167, 0.252637, 0.252637
0.005791, 0.003451, 0.170000, 0.170000, 0.170000
-0.005791, 0.003569, 0.175621, 0.176079, 0.175344
-0.005674, 0.003569, 0.339969, 0.339967, 0.339967
-0.005557, 0.003569, 0.340000, 0.340000, 0.340000
-0.005441, 0.003569, 0.340000, 0.340000, 0.340000
-0.005324, 0.003569, 0.332664, 0.332874, 0.332526
-0.005207, 0.003569, 0.340000, 0.340000, 0.340000
-0.005089, 0.003569, 0.322177, 0.322849, 0.321750
-0.004972, 0.003569, 0.330087, 0.330455, 0.329856
-0.004855, 0.003569, 0.339252, 0.339239, 0.339244
-0.004738, 0.003569, 0.337576, 0.337580, 0.337569
-0.004621, 0.003569, 0.336638, 0.336732, 0.336523
-0.004504, 0.003569, 0.337898, 0.337922, 0.337881
-0.004387, 0.003569, 0.340000, 0.340000, 0.340000
-0.004270, 0.003569, 0.329403, 0.329795, 0.329298
-0.004154, 0.003569, 0.340000, 0.340000, 0.340000
-0.004036, 0.003569, 0.340000, 0.340000, 0.340000
-0.003920, 0.003569, 0.340000, 0.340000, 0.340000
-0.003803, 0.003569, 0.340000, 0.340000, 0.340000
-0.003686, 0.003569, 0.340000, 0.340000, 0.340000
-0.003569, 0.003569, 0.340000, 0.340000, 0.340000
-0.003452, 0.003569, 0.302879, 0.305038, 0.301865
-0.003335, 0.003569, 0.340000, 0.340000, 0.340000
-0.003218, 0.003569, 0.204737, 0.206120, 0.204263
-0.003101, 0.003569, 0.170000, 0.170000, 0.170000
-0.002984, 0.003569, 0.309438, 0.310766, 0.308817
-0.002867, 0.003569, 0.340000, 0.340000, 0.340000
-0.002750, 0.003569, 0.221873, 0.223203, 0.221388
-0.002633, 0.003569, 0.170000, 0.170000, 0.170000
-0.002516, 0.003569, 0.170000, 0.170000, 0.170000
-0.002399, 0.003569, 0.170000, 0.170000, 0.170000
-0.002282, 0.003569, 0.170000, 0.170000, 0.170000
-0.002165, 0.003569, 0.170000, 0.170000, 0.170000
-0.002048, 0.003569, 0.170000, 0.170000, 0.170000
-0.001931, 0.003569, 0.170000, 0.170000, 0.170000
-0.001814, 0.003569, 0.170000, 0.170000, 0.170000
-0.001697, 0.003569, 0.170000, 0.170000, 0.170000
-0.001580, 0.003569, 0.170000, 0.170000, 0.170000
-0.001463, 0.003569, 0.235912, 0.236659, 0.236409
-0.001345, 0.003569, 0.340000, 0.340000, 0.340000
-0.001228, 0.003569, 0.340000, 0.340000, 0.340000
-0.001112, 0.003569, 0.332305, 0.332338, 0.332338
-0.000995, 0.003569, 0.252191, 0.253173, 0.252718
-0.000878, 0.003569, 0.340000, 0.340000, 0.340000
-0.000761, 0.003569, 0.340000, 0.340000, 0.340000
-0.000644, 0.003569, 0.232309, 0.233589, 0.231828
-0.000527, 0.003569, 0.251118, 0.252191, 0.250854
-0.000410, 0.003569, 0.340000, 0.340000, 0.340000
-0.000293, 0.003569, 0.279971, 0.281098, 0.279662
-0.000176, 0.003569, 0.182778, 0.183521, 0.182439
-0.000058, 0.003569, 0.336923, 0.336920, 0.336920
0.000058, 0.003569, 0.339571, 0.339581, 0.339537
0.000175, 0.003569, 0.182819, 0.183561, 0.182480
0.000292, 0.003569, 0.327080, 0.328069, 0.326509
0.000409, 0.003569, 0.275496, 0.276754, 0.274950
0.000526, 0.003569, 0.170000, 0.170000, 0.170000
0.000643, 0.003569, 0.170000, 0.170000, 0.170000
0.000760, 0.003569, 0.170000, 0.170000, 0.170000
0.000877, 0.003569, 0.170000, 0.170000, 0.170000
0.000994, 0.003569, 0.170000, 0.170000, 0.170000
0.001112, 0.003569, 0.170000, 0.170000, 0.170000
0.001228, 0.003569, 0.170000, 0.170000, 0.170000
0.001345, 0.003569, 0.170000, 0.170000, 0.170000
0.001462, 0.003569, 0.170000, 0.170000, 0.170000
0.001579, 0.003569, 0.236634, 0.237106, 0.237071
0.001696, 0.003569, 0.262405, 0.262491, 0.263654
0.001813, 0.003569, 0.260013, 0.260051, 0.261361
0.001930, 0.003569, 0.335562, 0.335568, 0.335568
0.002048, 0.003569, 0.339203, 0.339192, 0.339192
0.002164, 0.003569, 0.196671, 0.197834, 0.196141
0.002282, 0.003569, 0.278455, 0.279722, 0.277899
0.002398, 0.003569, 0.340000, 0.340000, 0.340000
0.002515, 0.003569, 0.267112, 0.268203, 0.266844
0.002632, 0.003569, 0.192741, 0.193836, 0.192251
0.002749, 0.003569, 0.338729, 0.338718, 0.338718
0.002866, 0.003569, 0.333306, 0.333436, 0.333256
0.002983, 0.003569, 0.174709, 0.175015, 0.174520
0.003101, 0.003569, 0.310001, 0.311335, 0.309355
0.003217, 0.003569, 0.340000, 0.340000, 0.340000
0.003335, 0.003569, 0.340000, 0.340000, 0.340000
0.003451, 0.003569, 0.340000, 0.340000, 0.340000
0.003569, 0.003569, 0.340000, 0.340000, 0.340000
0.003685, 0.003569, 0.340000, 0.340000, 0.340000
0.003802, 0.003569, 0.340000, 0.340000, 0.340000
0.003919, 0.003569, 0.340000, 0.340000, 0.340000
0.004037, 0.003569, 0.340000, 0.340000, 0.340000
0.004153, 0.003569, 0.340000, 0.340000, 0.340000
0.004270, 0.003569, 0.340000, 0.340000, 0.340000
0.004388, 0.003569, 0.247583, 0.248144, 0.248387
0.004504, 0.003569, 0.292469, 0.293043, 0.292623
0.004622, 0.003569, 0.340000, 0.340000, 0.340000
0.004738, 0.003569, 0.340000, 0.340000, 0.340000
0.004856, 0.003569, 0.340000, 0.340000, 0.340000
0.004972, 0.003569, 0.340000, 0.340000, 0.340000
0.005090, 0.003569, 0.310461, 0.312180, 0.309749
0.005206, 0.003569, 0.340000, 0.340000, 0.340000
0.005324, 0.003569, 0.268722, 0.269727, 0.268536
0.005440, 0.003569, 0.200666, 0.200507, 0.202340
0.005557, 0.003569, 0.197263, 0.197135, 0.198994
0.005675, 0.003569, 0.170000, 0.170000, 0.170000
0.005791, 0.003569, 0.170000, 0.170000, 0.170000
-0.005791, 0.003685, 0.174824, 0.175224, 0.174578
-0.005674, 0.003685, 0.320365, 0.320220, 0.321986
-0.005557, 0.003685, 0.320937, 0.320790, 0.322572
-0.005441, 0.003685, 0.336666, 0.336603, 0.336913
-0.005324, 0.003685, 0.324144, 0.324652, 0.324203
-0.005207, 0.003685, 0.330412, 0.330283, 0.331434
-0.005089, 0.003685, 0.336059, 0.336043, 0.336090
-0.004972, 0.003685, 0.305469, 0.306689, 0.305069
-0.004855, 0.003685, 0.329760, 0.329673, 0.330402
-0.004738, 0.003685, 0.331718, 0.331796, 0.331725
-0.004621, 0.003685, 0.312252, 0.313514, 0.311409
-0.004504, 0.003685, 0.328802, 0.329080, 0.328817
-0.004387, 0.003685, 0.329794, 0.329672, 0.330781
-0.004270, 0.003685, 0.337159, 0.337178, 0.337205
-0.004154, 0.003685, 0.340000, 0.340000, 0.340000
-0.004036, 0.003685, 0.340000, 0.340000, 0.340000
-0.003920, 0.003685, 0.327035, 0.327096, 0.327415
-0.003803, 0.003685, 0.339909, 0.339904, 0.339904
-0.003686, 0.003685, 0.340000, 0.340000, 0.340000
-0.003569, 0.003685, 0.318559, 0.318509, 0.319680
-0.003452, 0.003685, 0.308724, 0.309646, 0.308325
-0.003335, 0.003685, 0.340000, 0.340000, 0.340000
-0.003218, 0.003685, 0.204737, 0.206120, 0.204263
-0.003101, 0.003685, 0.170000, 0.170000, 0.170000
-0.002984, 0.003685, 0.309438, 0.310766, 0.308817
-0.002867, 0.003685, 0.340000, 0.340000, 0.340000
-0.002750, 0.003685, 0.221873, 0.223203, 0.221388
-0.002633, 0.003685, 0.170000, 0.170000, 0.170000
-0.002516, 0.003685, 0.170000, 0.170000, 0.170000
-0.002399, 0.003685, 0.170000, 0.170000, 0.170000
-0.002282, 0.003685, 0.170000, 0.170000, 0.170000
-0.002165, 0.003685, 0.170000, 0.170000, 0.170000
-0.002048, 0.003685, 0.170000, 0.170000, 0.170000
-0.001931, 0.003685, 0.170000, 0.170000, 0.170000
-0.001814, 0.003685, 0.170000, 0.170000, 0.170000
-0.001697, 0.003685, 0.170000, 0.170000, 0.170000
-0.001580, 0.003685, 0.170000, 0.170000, 0.170000
-0.001463, 0.003685, 0.203099, 0.204477, 0.202632
-0.001345, 0.003685, 0.340000, 0.340000, 0.340000
-0.001228, 0.003685, 0.340000, 0.340000, 0.340000
-0.001112, 0.003685, 0.340000, 0.340000, 0.340000
-0.000995, 0.003685, 0.313559, 0.314378, 0.313054
-0.000878, 0.003685, 0.309076, 0.309282, 0.309796
-0.000761, 0.003685, 0.321465, 0.321440, 0.322400
-0.000644, 0.003685, 0.197762, 0.198177, 0.197654
-0.000527, 0.003685, 0.212879, 0.213469, 0.212765
-0.000410, 0.003685, 0.319521, 0.319378, 0.320953
-0.000293, 0.003685, 0.300970, 0.301954, 0.300808
-0.000176, 0.003685, 0.173942, 0.174027, 0.173858
-0.000058, 0.003685, 0.293758, 0.293934, 0.294861
0.000058, 0.003685, 0.293758, 0.293934, 0.294861
0.000175, 0.003685, 0.172794, 0.172890, 0.172721
0.000292, 0.003685, 0.327080, 0.328069, 0.326509
0.000409, 0.003685, 0.282993, 0.284095, 0.282634
0.000526, 0.003685, 0.170000, 0.170000, 0.170000
0.000643, 0.003685, 0.170000, 0.170000, 0.170000
0.000760, 0.003685, 0.170000, 0.170000, 0.170000
0.000877, 0.003685, 0.170000, 0.170000, 0.170000
0.000994, 0.003685, 0.170000, 0.170000, 0.170000
0.001112, 0.003685, 0.170000, 0.170000, 0.170000
0.001228, 0.003685, 0.170000, 0.170000, 0.170000
0.001345, 0.003685, 0.170000, 0.170000, 0.170000
0.001462, 0.003685, 0.170000, 0.170000, 0.170000
0.001579, 0.003685, 0.170000, 0.170000, 0.170000
0.001696, 0.003685, 0.173879, 0.173759, 0.174284
0.001813, 0.003685, 0.181433, 0.181374, 0.181789
0.001930, 0.003685, 0.286793, 0.286969, 0.287800
0.002048, 0.003685, 0.301890, 0.301966, 0.303170
0.002164, 0.003685, 0.179176, 0.179447, 0.179027
0.002282, 0.003685, 0.222015, 0.222621, 0.221972
0.002398, 0.003685, 0.315847, 0.315712, 0.317276
0.002515, 0.003685, 0.225489, 0.226090, 0.225487
0.002632, 0.003685, 0.177290, 0.177526, 0.177156
0.002749, 0.003685, 0.299858, 0.299961, 0.301100
0.002866, 0.003685, 0.285865, 0.286251, 0.286733
0.002983, 0.003685, 0.170191, 0.170189, 0.170182
0.003101, 0.003685, 0.266827, 0.267451, 0.267376
0.003217, 0.003685, 0.340000, 0.340000, 0.340000
0.003335, 0.003685, 0.340000, 0.340000, 0.340000
0.003451, 0.003685, 0.340000, 0.340000, 0.340000
0.003569, 0.003685, 0.340000, 0.340000, 0.340000
0.003685, 0.003685, 0.340000, 0.340000, 0.340000
0.003802, 0.003685, 0.340000, 0.340000, 0.340000
0.003919, 0.003685, 0.340000, 0.340000, 0.340000
0.004037, 0.003685, 0.340000, 0.340000, 0.340000
0.004153, 0.003685, 0.340000, 0.340000, 0.340000
0.004270, 0.003685, 0.340000, 0.340000, 0.340000
0.004388, 0.003685, 0.339508, 0.339493, 0.339529
0.004504, 0.003685, 0.340000, 0.340000, 0.340000
0.004622, 0.003685, 0.340000, 0.340000, 0.340000
0.004738, 0.003685, 0.340000, 0.340000, 0.340000
0.004856, 0.003685, 0.340000, 0.340000, 0.340000
0.004972, 0.003685, 0.326619, 0.326705, 0.326705
0.005090, 0.003685, 0.247898, 0.249089, 0.247539
0.005206, 0.003685, 0.324820, 0.324674, 0.326050
0.005324, 0.003685, 0.274189, 0.275207, 0.273975
0.005440, 0.003685, 0.172607, 0.172559, 0.172740
0.005557, 0.003685, 0.170000, 0.170000, 0.170000
0.005675, 0.003685, 0.170000, 0.170000, 0.170000
0.005791, 0.003685, 0.170000, 0.170000, 0.170000
-0.005791, 0.003802, 0.170000, 0.170000, 0.170000
-0.005674, 0.003802, 0.170000, 0.170000, 0.170000
-0.005557, 0.003802, 0.266306, 0.267095, 0.266801
-0.005441, 0.003802, 0.298225, 0.299512, 0.298200
-0.005324, 0.003802, 0.340000, 0.340000, 0.340000
-0.005207, 0.003802, 0.317981, 0.318004, 0.318820
-0.005089, 0.003802, 0.312657, 0.312545, 0.314693
-0.004972, 0.003802, 0.321968, 0.322448, 0.321898
-0.004855, 0.003802, 0.327851, 0.327797, 0.328122
-0.004738, 0.003802, 0.307924, 0.307725, 0.309906
-0.004621, 0.003802, 0.340000, 0.340000, 0.340000
-0.004504, 0.003802, 0.340000, 0.340000, 0.340000
-0.004387, 0.003802, 0.316136, 0.315946, 0.317860
-0.004270, 0.003802, 0.324282, 0.324187, 0.324996
-0.004154, 0.003802, 0.340000, 0.340000, 0.340000
-0.004036, 0.003802, 0.340000, 0.340000, 0.340000
-0.003920, 0.003802, 0.228963, 0.229560, 0.229713
-0.003803, 0.003802, 0.308572, 0.309149, 0.308477
-0.003686, 0.003802, 0.306645, 0.307010, 0.307010
-0.003569, 0.003802, 0.312467, 0.312694, 0.312923
-0.003452, 0.003802, 0.340000, 0.340000, 0.340000
-0.003335, 0.003802, 0.323635, 0.323744, 0.323752
-0.003218, 0.003802, 0.188172, 0.188515, 0.188132
-0.003101, 0.003802, 0.170309, 0.170294, 0.170318
-0.002984, 0.003802, 0.244649, 0.245105, 0.245100
-0.002867, 0.003802, 0.298081, 0.298181, 0.299379
-0.002750, 0.003802, 0.185213, 0.185374, 0.185196
-0.002633, 0.003802, 0.170000, 0.170000, 0.170000
-0.002516, 0.003802, 0.170000, 0.170000, 0.170000
-0.002399, 0.003802, 0.170000, 0.170000, 0.170000
-0.002282, 0.003802, 0.170000, 0.170000, 0.170000
-0.002165, 0.003802, 0.170000, 0.170000, 0.170000
-0.002048, 0.003802, 0.170000, 0.170000, 0.170000
-0.001931, 0.003802, 0.170000, 0.170000, 0.170000
-0.001814, 0.003802, 0.170000, 0.170000, 0.170000
-0.001697, 0.003802, 0.170000, 0.170000, 0.170000
-0.001580, 0.003802, 0.170000, 0.170000, 0.170000
-0.001463, 0.003802, 0.203099, 0.204477, 0.202632
-0.001345, 0.003802, 0.340000, 0.340000, 0.340000
-0.001228, 0.003802, 0.340000, 0.340000, 0.340000
-0.001112, 0.003802, 0.340000, 0.340000, 0.340000
-0.000995, 0.003802, 0.340000, 0.340000, 0.340000
-0.000878, 0.003802, 0.319255, 0.319175, 0.320474
-0.000761, 0.003802, 0.307486, 0.307339, 0.309297
-0.000644, 0.003802, 0.274224, 0.274586, 0.274842
-0.000527, 0.003802, 0.172568, 0.172562, 0.172562
-0.000410, 0.003802, 0.170000, 0.170000, 0.170000
-0.000293, 0.003802, 0.190767, 0.190922, 0.190922
-0.000176, 0.003802, 0.257762, 0.258144, 0.258618
-0.000058, 0.003802, 0.248849, 0.249019, 0.249847
0.000058, 0.003802, 0.307480, 0.307470, 0.308828
0.000175, 0.003802, 0.179130, 0.179572, 0.178911
0.000292, 0.003802, 0.327080, 0.328069, 0.326509
0.000409, 0.003802, 0.339347, 0.339337, 0.339337
0.000526, 0.003802, 0.249072, 0.249464, 0.249546
0.000643, 0.003802, 0.207924, 0.207767, 0.209620
0.000760, 0.003802, 0.207924, 0.207767, 0.209620
0.000877, 0.003802, 0.207924, 0.207767, 0.209620
0.000994, 0.003802, 0.207924, 0.207767, 0.209620
0.001112, 0.003802, 0.207924, 0.207767, 0.209620
0.001228, 0.003802, 0.205061, 0.204954, 0.206757
0.001345, 0.003802, 0.170114, 0.170110, 0.170110
0.001462, 0.003802, 0.170000, 0.170000, 0.170000
0.001579, 0.003802, 0.170000, 0.170000, 0.170000
0.001696, 0.003802, 0.170000, 0.170000, 0.170000
0.001813, 0.003802, 0.170000, 0.170000, 0.170000
0.001930, 0.003802, 0.170000, 0.170000, 0.170000
0.002048, 0.003802, 0.170000, 0.170000, 0.170000
0.002164, 0.003802, 0.170000, 0.170000, 0.170000
0.002282, 0.003802, 0.170000, 0.170000, 0.170000
0.002398, 0.003802, 0.170000, 0.170000, 0.170000
0.002515, 0.003802, 0.170000, 0.170000, 0.170000
0.002632, 0.003802, 0.170000, 0.170000, 0.170000
0.002749, 0.003802, 0.170000, 0.170000, 0.170000
0.002866, 0.003802, 0.170000, 0.170000, 0.170000
0.002983, 0.003802, 0.170000, 0.170000, 0.170000
0.003101, 0.003802, 0.170963, 0.170952, 0.170952
0.003217, 0.003802, 0.272913, 0.273370, 0.273370
0.003335, 0.003802, 0.340000, 0.340000, 0.340000
0.003451, 0.003802, 0.340000, 0.340000, 0.340000
0.003569, 0.003802, 0.314174, 0.314112, 0.315377
0.003685, 0.003802, 0.298430, 0.298284, 0.300226
0.003802, 0.003802, 0.298430, 0.298284, 0.300226
0.003919, 0.003802, 0.298430, 0.298284, 0.300226
0.004037, 0.003802, 0.309573, 0.309497, 0.311137
0.004153, 0.003802, 0.340000, 0.340000, 0.340000
0.004270, 0.003802, 0.340000, 0.340000, 0.340000
0.004388, 0.003802, 0.340000, 0.340000, 0.340000
0.004504, 0.003802, 0.340000, 0.340000, 0.340000
0.004622, 0.003802, 0.266800, 0.267174, 0.267325
0.004738, 0.003802, 0.209918, 0.209770, 0.211604
0.004856, 0.003802, 0.209918, 0.209770, 0.211604
0.004972, 0.003802, 0.189348, 0.189301, 0.190053
0.005090, 0.003802, 0.170000, 0.170000, 0.170000
0.005206, 0.003802, 0.170000, 0.170000, 0.170000
0.005324, 0.003802, 0.274824, 0.276002, 0.274390
0.005440, 0.003802, 0.299710, 0.300760, 0.299647
0.005557, 0.003802, 0.170000, 0.170000, 0.170000
0.005675, 0.003802, 0.170000, 0.170000, 0.170000
0.005791, 0.003802, 0.170000, 0.170000, 0.170000
-0.005791, 0.003919, 0.170000, 0.170000, 0.170000
-0.005674, 0.003919, 0.283518, 0.284134, 0.284238
-0.005557, 0.003919, 0.339575, 0.339559, 0.339586
-0.005441, 0.003919, 0.298683, 0.300058, 0.298517
-0.005324, 0.003919, 0.339380, 0.339369, 0.339385
-0.005207, 0.003919, 0.335097, 0.335003, 0.335635
-0.005089, 0.003919, 0.339380, 0.339369, 0.339385
-0.004972, 0.003919, 0.339380, 0.339369, 0.339381
-0.004855, 0.003919, 0.337392, 0.337341, 0.337531
-0.004738, 0.003919, 0.337706, 0.337663, 0.337785
-0.004621, 0.003919, 0.339380, 0.339369, 0.339378
-0.004504, 0.003919, 0.323100, 0.323753, 0.323078
-0.004387, 0.003919, 0.334470, 0.334356, 0.335033
-0.004270, 0.003919, 0.304173, 0.305834, 0.303591
-0.004154, 0.003919, 0.340000, 0.340000, 0.340000
-0.004036, 0.003919, 0.339975, 0.339973, 0.339975
-0.003920, 0.003919, 0.338774, 0.338753, 0.338844
-0.003803, 0.003919, 0.312594, 0.313404, 0.312136
-0.003686, 0.003919, 0.313698, 0.313952, 0.313952
-0.003569, 0.003919, 0.340000, 0.340000, 0.340000
-0.003452, 0.003919, 0.340000, 0.340000, 0.340000
-0.003335, 0.003919, 0.289376, 0.290978, 0.289201
-0.003218, 0.003919, 0.340000, 0.340000, 0.340000
-0.003101, 0.003919, 0.274354, 0.274956, 0.274891
-0.002984, 0.003919, 0.170417, 0.170418, 0.170400
-0.002867, 0.003919, 0.293073, 0.293443, 0.293971
-0.002750, 0.003919, 0.307076, 0.307157, 0.308240
-0.002633, 0.003919, 0.178526, 0.178822, 0.178369
-0.002516, 0.003919, 0.229987, 0.230649, 0.229957
-0.002399, 0.003919, 0.323093, 0.322948, 0.324218
-0.002282, 0.003919, 0.226331, 0.227001, 0.226254
-0.002165, 0.003919, 0.186074, 0.186283, 0.186077
-0.002048, 0.003919, 0.309110, 0.309166, 0.310285
-0.001931, 0.003919, 0.289426, 0.289917, 0.290223
-0.001814, 0.003919, 0.170030, 0.170029, 0.170029
-0.001697, 0.003919, 0.253785, 0.254407, 0.254155
-0.001580, 0.003919, 0.321137, 0.321017, 0.322308
-0.001463, 0.003919, 0.237617, 0.239723, 0.236800
-0.001345, 0.003919, 0.340000, 0.340000, 0.340000
-0.001228, 0.003919, 0.340000, 0.340000, 0.340000
-0.001112, 0.003919, 0.340000, 0.340000, 0.340000
-0.000995, 0.003919, 0.340000, 0.340000, 0.340000
-0.000878, 0.003919, 0.340000, 0.340000, 0.340000
-0.000761, 0.003919, 0.340000, 0.340000, 0.340000
-0.000644, 0.003919, 0.340000, 0.340000, 0.340000
-0.000527, 0.003919, 0.280866, 0.282403, 0.280492
-0.000410, 0.003919, 0.322799, 0.322655, 0.323942
-0.000293, 0.003919, 0.260686, 0.260939, 0.261265
-0.000176, 0.003919, 0.223193, 0.222967, 0.225353
-0.000058, 0.003919, 0.209537, 0.209585, 0.210508
0.000058, 0.003919, 0.275944, 0.275892, 0.278501
0.000175, 0.003919, 0.173749, 0.173814, 0.173671
0.000292, 0.003919, 0.327080, 0.328069, 0.326509
0.000409, 0.003919, 0.340000, 0.340000, 0.340000
0.000526, 0.003919, 0.340000, 0.340000, 0.340000
0.000643, 0.003919, 0.340000, 0.340000, 0.340000
0.000760, 0.003919, 0.340000, 0.340000, 0.340000
0.000877, 0.003919, 0.339259, 0.339241, 0.339291
0.000994, 0.003919, 0.340000, 0.340000, 0.340000
0.001112, 0.003919, 0.340000, 0.340000, 0.340000
0.001228, 0.003919, 0.340000, 0.340000, 0.340000
0.001345, 0.003919, 0.242652, 0.243481, 0.242715
0.001462, 0.003919, 0.170000, 0.170000, 0.170000
0.001579, 0.003919, 0.170000, 0.170000, 0.170000
0.001696, 0.003919, 0.170000, 0.170000, 0.170000
0.001813, 0.003919, 0.170030, 0.170029, 0.170029
0.001930, 0.003919, 0.289426, 0.289917, 0.290223
0.002048, 0.003919, 0.309110, 0.309166, 0.310285
0.002164, 0.003919, 0.180602, 0.180939, 0.180428
0.002282, 0.003919, 0.226331, 0.227001, 0.226254
0.002398, 0.003919, 0.323093, 0.322948, 0.324218
0.002515, 0.003919, 0.229987, 0.230649, 0.229957
0.002632, 0.003919, 0.178526, 0.178822, 0.178369
0.002749, 0.003919, 0.307076, 0.307157, 0.308240
0.002866, 0.003919, 0.293073, 0.293443, 0.293971
0.002983, 0.003919, 0.170417, 0.170418, 0.170400
0.003101, 0.003919, 0.170000, 0.170000, 0.170000
0.003217, 0.003919, 0.170963, 0.170952, 0.170952
0.003335, 0.003919, 0.264996, 0.265374, 0.265520
0.003451, 0.003919, 0.280020, 0.280294, 0.280912
0.003569, 0.003919, 0.175578, 0.175592, 0.175592
0.003685, 0.003919, 0.170000, 0.170000, 0.170000
0.003802, 0.003919, 0.170000, 0.170000, 0.170000
0.003919, 0.003919, 0.170000, 0.170000, 0.170000
0.004037, 0.003919, 0.171783, 0.171774, 0.171774
0.004153, 0.003919, 0.263108, 0.263405, 0.263879
0.004270, 0.003919, 0.288344, 0.288199, 0.290080
0.004388, 0.003919, 0.288344, 0.288199, 0.290080
0.004504, 0.003919, 0.253455, 0.253779, 0.254062
0.004622, 0.003919, 0.172205, 0.172260, 0.172142
0.004738, 0.003919, 0.298310, 0.298514, 0.299349
0.004856, 0.003919, 0.303373, 0.303499, 0.304503
0.004972, 0.003919, 0.175312, 0.175518, 0.175193
0.005090, 0.003919, 0.236143, 0.236788, 0.236206
0.005206, 0.003919, 0.322960, 0.322816, 0.324093
0.005324, 0.003919, 0.245800, 0.246512, 0.245940
0.005440, 0.003919, 0.227765, 0.228138, 0.228798
0.005557, 0.003919, 0.312193, 0.312208, 0.313376
0.005675, 0.003919, 0.282743, 0.283356, 0.283448
0.005791, 0.003919, 0.170000, 0.170000, 0.170000
-0.005791, 0.004037, 0.170207, 0.170212, 0.170191
-0.005674, 0.004037, 0.323985, 0.324494, 0.323799
-0.005557, 0.004037, 0.339203, 0.339192, 0.339192
-0.005441, 0.004037, 0.299969, 0.301975, 0.299052
-0.005324, 0.004037, 0.330641, 0.330979, 0.330582
-0.005207, 0.004037, 0.340000, 0.340000, 0.340000
-0.005089, 0.004037, 0.330628, 0.330962, 0.330528
-0.004972, 0.004037, 0.330636, 0.330966, 0.330548
-0.004855, 0.004037, 0.340000, 0.340000, 0.340000
-0.004738, 0.004037, 0.340000, 0.340000, 0.340000
-0.004621, 0.004037, 0.330624, 0.330936, 0.330519
-0.004504, 0.004037, 0.331097, 0.331365, 0.331006
-0.004387, 0.004037, 0.340000, 0.340000, 0.340000
-0.004270, 0.004037, 0.323745, 0.324426, 0.323456
-0.004154, 0.004037, 0.304881, 0.305398, 0.304895
-0.004036, 0.004037, 0.239439, 0.240033, 0.240139
-0.003920, 0.004037, 0.340000, 0.340000, 0.340000
-0.003803, 0.004037, 0.294338, 0.296301, 0.293399
-0.003686, 0.004037, 0.338674, 0.338664, 0.338664
-0.003569, 0.004037, 0.340000, 0.340000, 0.340000
-0.003452, 0.004037, 0.298526, 0.299056, 0.298918
-0.003335, 0.004037, 0.319704, 0.319978, 0.319636
-0.003218, 0.004037, 0.340000, 0.340000, 0.340000
-0.003101, 0.004037, 0.308821, 0.309792, 0.308699
-0.002984, 0.004037, 0.174463, 0.174723, 0.174302
-0.002867, 0.004037, 0.331290, 0.331445, 0.331257
-0.002750, 0.004037, 0.340000, 0.340000, 0.340000
-0.002633, 0.004037, 0.221069, 0.222224, 0.220999
-0.002516, 0.004037, 0.264868, 0.265918, 0.264673
-0.002399, 0.004037, 0.340000, 0.340000, 0.340000
-0.002282, 0.004037, 0.264256, 0.265401, 0.263835
-0.002165, 0.004037, 0.222423, 0.223443, 0.222016
-0.002048, 0.004037, 0.339100, 0.339079, 0.339119
-0.001931, 0.004037, 0.329011, 0.329278, 0.328936
-0.001814, 0.004037, 0.172402, 0.172547, 0.172284
-0.001697, 0.004037, 0.312117, 0.313394, 0.311503
-0.001580, 0.004037, 0.340000, 0.340000, 0.340000
-0.001463, 0.004037, 0.266162, 0.268776, 0.265256
-0.001345, 0.004037, 0.340000, 0.340000, 0.340000
-0.001228, 0.004037, 0.340000, 0.340000, 0.340000
-0.001112, 0.004037, 0.340000, 0.340000, 0.340000
-0.000995, 0.004037, 0.340000, 0.340000, 0.340000
-0.000878, 0.004037, 0.340000, 0.340000, 0.340000
-0.000761, 0.004037, 0.340000, 0.340000, 0.340000
-0.000644, 0.004037, 0.340000, 0.340000, 0.340000
-0.000527, 0.004037, 0.308554, 0.310280, 0.307828
-0.000410, 0.004037, 0.340000, 0.340000, 0.340000
-0.000293, 0.004037, 0.315340, 0.315355, 0.315882
-0.000176, 0.004037, 0.289061, 0.289037, 0.290624
-0.000058, 0.004037, 0.331250, 0.331148, 0.332012
0.000058, 0.004037, 0.338232, 0.338210, 0.338251
0.000175, 0.004037, 0.221616, 0.222779, 0.221258
0.000292, 0.004037, 0.327080, 0.328069, 0.326509
0.000409, 0.004037, 0.340000, 0.340000, 0.340000
0.000526, 0.004037, 0.340000, 0.340000, 0.340000
0.000643, 0.004037, 0.340000, 0.340000, 0.340000
0.000760, 0.004037, 0.340000, 0.340000, 0.340000
0.000877, 0.004037, 0.248729, 0.249291, 0.249556
0.000994, 0.004037, 0.290307, 0.290883, 0.290509
0.001112, 0.004037, 0.340000, 0.340000, 0.340000
0.001228, 0.004037, 0.340000, 0.340000, 0.340000
0.001345, 0.004037, 0.265700, 0.266942, 0.265155
0.001462, 0.004037, 0.170000, 0.170000, 0.170000
0.001579, 0.004037, 0.170000, 0.170000, 0.170000
0.001696, 0.004037, 0.170000, 0.170000, 0.170000
0.001813, 0.004037, 0.172402, 0.172547, 0.172284
0.001930, 0.004037, 0.329011, 0.329278, 0.328936
0.002048, 0.004037, 0.340000, 0.340000, 0.340000
0.002164, 0.004037, 0.211931, 0.213293, 0.211453
0.002282, 0.004037, 0.260593, 0.261638, 0.260390
0.002398, 0.004037, 0.340000, 0.340000, 0.340000
0.002515, 0.004037, 0.264956, 0.266009, 0.264750
0.002632, 0.004037, 0.207571, 0.208944, 0.207095
0.002749, 0.004037, 0.340000, 0.340000, 0.340000
0.002866, 0.004037, 0.331290, 0.331445, 0.331257
0.002983, 0.004037, 0.174463, 0.174723, 0.174302
0.003101, 0.004037, 0.170000, 0.170000, 0.170000
0.003217, 0.004037, 0.170000, 0.170000, 0.170000
0.003335, 0.004037, 0.170000, 0.170000, 0.170000
0.003451, 0.004037, 0.170000, 0.170000, 0.170000
0.003569, 0.004037, 0.170000, 0.170000, 0.170000
0.003685, 0.004037, 0.170000, 0.170000, 0.170000
0.003802, 0.004037, 0.170000, 0.170000, 0.170000
0.003919, 0.004037, 0.170000, 0.170000, 0.170000
0.004037, 0.004037, 0.170000, 0.170000, 0.170000
0.004153, 0.004037, 0.170000, 0.170000, 0.170000
0.004270, 0.004037, 0.170000, 0.170000, 0.170000
0.004388, 0.004037, 0.170000, 0.170000, 0.170000
0.004504, 0.004037, 0.170000, 0.170000, 0.170000
0.004622, 0.004037, 0.178832, 0.179325, 0.178590
0.004738, 0.004037, 0.334186, 0.334221, 0.334193
0.004856, 0.004037, 0.336348, 0.336349, 0.336349
0.004972, 0.004037, 0.185479, 0.186299, 0.185118
0.005090, 0.004037, 0.272141, 0.273210, 0.271934
0.005206, 0.004037, 0.340000, 0.340000, 0.340000
0.005324, 0.004037, 0.253235, 0.254273, 0.253039
0.005440, 0.004037, 0.201711, 0.202868, 0.201168
0.005557, 0.004037, 0.339203, 0.339192, 0.339192
0.005675, 0.004037, 0.323985, 0.324494, 0.323799
0.005791, 0.004037, 0.170207, 0.170212, 0.170191
-0.005791, 0.004153, 0.170000, 0.170000, 0.170000
-0.005674, 0.004153, 0.191637, 0.191578, 0.192402
-0.005557, 0.004153, 0.206793, 0.206697, 0.208344
-0.005441, 0.004153, 0.320917, 0.322036, 0.320398
-0.005324, 0.004153, 0.340000, 0.340000, 0.340000
-0.005207, 0.004153, 0.330008, 0.330112, 0.330748
-0.005089, 0.004153, 0.340000, 0.340000, 0.340000
-0.004972, 0.004153, 0.340000, 0.340000, 0.340000
-0.004855, 0.004153, 0.334155, 0.334203, 0.334178
-0.004738, 0.004153, 0.335861, 0.335895, 0.335854
-0.004621, 0.004153, 0.340000, 0.340000, 0.340000
-0.004504, 0.004153, 0.330255, 0.330157, 0.331004
-0.004387, 0.004153, 0.325222, 0.325114, 0.326240
-0.004270, 0.004153, 0.336982, 0.337010, 0.336889
-0.004154, 0.004153, 0.338348, 0.338338, 0.338338
-0.004036, 0.004153, 0.320656, 0.320752, 0.321040
-0.003920, 0.004153, 0.324154, 0.324263, 0.324263
-0.003803, 0.004153, 0.197492, 0.197710, 0.197710
-0.003686, 0.004153, 0.227062, 0.227230, 0.227904
-0.003569, 0.004153, 0.254288, 0.254398, 0.255499
-0.003452, 0.004153, 0.193128, 0.193711, 0.192810
-0.003335, 0.004153, 0.328332, 0.328402, 0.328402
-0.003218, 0.004153, 0.319198, 0.319356, 0.319356
-0.003101, 0.004153, 0.191670, 0.191833, 0.191833
-0.002984, 0.004153, 0.170000, 0.170000, 0.170000
-0.002867, 0.004153, 0.195319, 0.195251, 0.196289
-0.002750, 0.004153, 0.223173, 0.223060, 0.224744
-0.002633, 0.004153, 0.291391, 0.291589, 0.292126
-0.002516, 0.004153, 0.271922, 0.271881, 0.273514
-0.002399, 0.004153, 0.252088, 0.252246, 0.253265
-0.002282, 0.004153, 0.195446, 0.195663, 0.195512
-0.002165, 0.004153, 0.170000, 0.170000, 0.170000
-0.002048, 0.004153, 0.204515, 0.204424, 0.205967
-0.001931, 0.004153, 0.201729, 0.201990, 0.202477
-0.001814, 0.004153, 0.299804, 0.299823, 0.301307
-0.001697, 0.004153, 0.276696, 0.277163, 0.277134
-0.001580, 0.004153, 0.217561, 0.217450, 0.219139
-0.001463, 0.004153, 0.203808, 0.205177, 0.203324
-0.001345, 0.004153, 0.340000, 0.340000, 0.340000
-0.001228, 0.004153, 0.340000, 0.340000, 0.340000
-0.001112, 0.004153, 0.340000, 0.340000, 0.340000
-0.000995, 0.004153, 0.340000, 0.340000, 0.340000
-0.000878, 0.004153, 0.334663, 0.334676, 0.334676
-0.000761, 0.004153, 0.305060, 0.305258, 0.305651
-0.000644, 0.004153, 0.340000, 0.340000, 0.340000
-0.000527, 0.004153, 0.326074, 0.326074, 0.326418
-0.000410, 0.004153, 0.309042, 0.308809, 0.311735
-0.000293, 0.004153, 0.300720, 0.300553, 0.302557
-0.000176, 0.004153, 0.297381, 0.297229, 0.299179
-0.000058, 0.004153, 0.301189, 0.300919, 0.303199
0.000058, 0.004153, 0.299601, 0.299399, 0.302398
0.000175, 0.004153, 0.215813, 0.216063, 0.216387
0.000292, 0.004153, 0.325306, 0.326261, 0.324833
0.000409, 0.004153, 0.340000, 0.340000, 0.340000
0.000526, 0.004153, 0.340000, 0.340000, 0.340000
0.000643, 0.004153, 0.340000, 0.340000, 0.340000
0.000760, 0.004153, 0.340000, 0.340000, 0.340000
0.000877, 0.004153, 0.327606, 0.327634, 0.327770
0.000994, 0.004153, 0.337439, 0.337434, 0.337434
0.001112, 0.004153, 0.340000, 0.340000, 0.340000
0.001228, 0.004153, 0.340000, 0.340000, 0.340000
0.001345, 0.004153, 0.265700, 0.266942, 0.265155
0.001462, 0.004153, 0.170000, 0.170000, 0.170000
0.001579, 0.004153, 0.170000, 0.170000, 0.170000
0.001696, 0.004153, 0.170000, 0.170000, 0.170000
0.001813, 0.004153, 0.170000, 0.170000, 0.170000
0.001930, 0.004153, 0.193912, 0.193848, 0.194805
0.002048, 0.004153, 0.228186, 0.228033, 0.229817
0.002164, 0.004153, 0.216351, 0.217405, 0.216376
0.002282, 0.004153, 0.178167, 0.178202, 0.178202
0.002398, 0.004153, 0.276422, 0.277528, 0.276140
0.002515, 0.004153, 0.179671, 0.179715, 0.179715
0.002632, 0.004153, 0.220207, 0.220793, 0.220624
0.002749, 0.004153, 0.228279, 0.228125, 0.229910
0.002866, 0.004153, 0.195319, 0.195251, 0.196289
0.002983, 0.004153, 0.170000, 0.170000, 0.170000
0.003101, 0.004153, 0.170000, 0.170000, 0.170000
0.003217, 0.004153, 0.170000, 0.170000, 0.170000
0.003335, 0.004153, 0.170000, 0.170000, 0.170000
0.003451, 0.004153, 0.170000, 0.170000, 0.170000
0.003569, 0.004153, 0.170000, 0.170000, 0.170000
0.003685, 0.004153, 0.170000, 0.170000, 0.170000
0.003802, 0.004153, 0.170000, 0.170000, 0.170000
0.003919, 0.004153, 0.170000, 0.170000, 0.170000
0.004037, 0.004153, 0.170000, 0.170000, 0.170000
0.004153, 0.004153, 0.170000, 0.170000, 0.170000
0.004270, 0.004153, 0.170000, 0.170000, 0.170000
0.004388, 0.004153, 0.170000, 0.170000, 0.170000
0.004504, 0.004153, 0.170000, 0.170000, 0.170000
0.004622, 0.004153, 0.170000, 0.170000, 0.170000
0.004738, 0.004153, 0.197729, 0.197656, 0.198831
0.004856, 0.004153, 0.200701, 0.200621, 0.201958
0.004972, 0.004153, 0.170000, 0.170000, 0.170000
0.005090, 0.004153, 0.177725, 0.177711, 0.177818
0.005206, 0.004153, 0.216935, 0.216825, 0.218539
0.005324, 0.004153, 0.173761, 0.173759, 0.173763
0.005440, 0.004153, 0.170000, 0.170000, 0.170000
0.005557, 0.004153, 0.206793, 0.206697, 0.208344
0.005675, 0.004153, 0.191637, 0.191578, 0.192402
0.005791, 0.004153, 0.170000, 0.170000, 0.170000
-0.005791, 0.004270, 0.170000, 0.170000, 0.170000
-0.005674, 0.004270, 0.217379, 0.217428, 0.218400
-0.005557, 0.004270, 0.241213, 0.241253, 0.242432
-0.005441, 0.004270, 0.318064, 0.319155, 0.317536
-0.005324, 0.004270, 0.340000, 0.340000, 0.340000
-0.005207, 0.004270, 0.330007, 0.330107, 0.330748
-0.005089, 0.004270, 0.340000, 0.340000, 0.340000
-0.004972, 0.004270, 0.340000, 0.340000, 0.340000
-0.004855, 0.004270, 0.340000, 0.340000, 0.340000
-0.004738, 0.004270, 0.340000, 0.340000, 0.340000
-0.004621, 0.004270, 0.340000, 0.340000, 0.340000
-0.004504, 0.004270, 0.340000, 0.340000, 0.340000
-0.004387, 0.004270, 0.330002, 0.330098, 0.330733
-0.004270, 0.004270, 0.340000, 0.340000, 0.340000
-0.004154, 0.004270, 0.316590, 0.316543, 0.317561
-0.004036, 0.004270, 0.298681, 0.298518, 0.301445
-0.003920, 0.004270, 0.233410, 0.233494, 0.235119
-0.003803, 0.004270, 0.170000, 0.170000, 0.170000
-0.003686, 0.004270, 0.209362, 0.209424, 0.210126
-0.003569, 0.004270, 0.246500, 0.246488, 0.247833
-0.003452, 0.004270, 0.173489, 0.173488, 0.173488
-0.003335, 0.004270, 0.185427, 0.185377, 0.186128
-0.003218, 0.004270, 0.255845, 0.255691, 0.257783
-0.003101, 0.004270, 0.199749, 0.199832, 0.200189
-0.002984, 0.004270, 0.170000, 0.170000, 0.170000
-0.002867, 0.004270, 0.223470, 0.223515, 0.224634
-0.002750, 0.004270, 0.235956, 0.236014, 0.237123
-0.002633, 0.004270, 0.196582, 0.197279, 0.196249
-0.002516, 0.004270, 0.306494, 0.306458, 0.307932
-0.002399, 0.004270, 0.185033, 0.185606, 0.184755
-0.002282, 0.004270, 0.212977, 0.213507, 0.212892
-0.002165, 0.004270, 0.277936, 0.277900, 0.279278
-0.002048, 0.004270, 0.247373, 0.247275, 0.248772
-0.001931, 0.004270, 0.225663, 0.225851, 0.226728
-0.001814, 0.004270, 0.270103, 0.270152, 0.271455
-0.001697, 0.004270, 0.222812, 0.223253, 0.223200
-0.001580, 0.004270, 0.250005, 0.249935, 0.251438
-0.001463, 0.004270, 0.210671, 0.212092, 0.210164
-0.001345, 0.004270, 0.340000, 0.340000, 0.340000
-0.001228, 0.004270, 0.340000, 0.340000, 0.340000
-0.001112, 0.004270, 0.340000, 0.340000, 0.340000
-0.000995, 0.004270, 0.340000, 0.340000, 0.340000
-0.000878, 0.004270, 0.312082, 0.312408, 0.312099
-0.000761, 0.004270, 0.251513, 0.252102, 0.252080
-0.000644, 0.004270, 0.340000, 0.340000, 0.340000
-0.000527, 0.004270, 0.338689, 0.338694, 0.338622
-0.000410, 0.004270, 0.326685, 0.326690, 0.327538
-0.000293, 0.004270, 0.326188, 0.326144, 0.327057
-0.000176, 0.004270, 0.313445, 0.313287, 0.315039
-0.000058, 0.004270, 0.323879, 0.323740, 0.324541
0.000058, 0.004270, 0.321639, 0.321747, 0.322945
0.000175, 0.004270, 0.333054, 0.333081, 0.333081
0.000292, 0.004270, 0.263925, 0.264660, 0.265039
0.000409, 0.004270, 0.307360, 0.307125, 0.310111
0.000526, 0.004270, 0.318259, 0.318507, 0.318566
0.000643, 0.004270, 0.336051, 0.336212, 0.335855
0.000760, 0.004270, 0.325505, 0.325447, 0.326207
0.000877, 0.004270, 0.322020, 0.322277, 0.323039
0.000994, 0.004270, 0.340000, 0.340000, 0.340000
0.001112, 0.004270, 0.340000, 0.340000, 0.340000
0.001228, 0.004270, 0.340000, 0.340000, 0.340000
0.001345, 0.004270, 0.265700, 0.266942, 0.265155
0.001462, 0.004270, 0.170000, 0.170000, 0.170000
0.001579, 0.004270, 0.170000, 0.170000, 0.170000
0.001696, 0.004270, 0.170000, 0.170000, 0.170000
0.001813, 0.004270, 0.170000, 0.170000, 0.170000
0.001930, 0.004270, 0.223038, 0.223061, 0.224244
0.002048, 0.004270, 0.238010, 0.238066, 0.239187
0.002164, 0.004270, 0.207773, 0.210182, 0.206886
0.002282, 0.004270, 0.170000, 0.170000, 0.170000
0.002398, 0.004270, 0.207431, 0.209860, 0.206547
0.002515, 0.004270, 0.214164, 0.214852, 0.214656
0.002632, 0.004270, 0.176491, 0.176507, 0.176507
0.002749, 0.004270, 0.235956, 0.236014, 0.237123
0.002866, 0.004270, 0.223470, 0.223515, 0.224634
0.002983, 0.004270, 0.170000, 0.170000, 0.170000
0.003101, 0.004270, 0.199749, 0.199832, 0.200189
0.003217, 0.004270, 0.250637, 0.250556, 0.252088
0.003335, 0.004270, 0.178860, 0.178901, 0.178901
0.003451, 0.004270, 0.173489, 0.173488, 0.173488
0.003569, 0.004270, 0.246500, 0.246488, 0.247833
0.003685, 0.004270, 0.209362, 0.209424, 0.210126
0.003802, 0.004270, 0.170000, 0.170000, 0.170000
0.003919, 0.004270, 0.212954, 0.213010, 0.213839
0.004037, 0.004270, 0.244284, 0.244300, 0.245562
0.004153, 0.004270, 0.172167, 0.172159, 0.172159
0.004270, 0.004270, 0.181375, 0.181439, 0.181439
0.004388, 0.004270, 0.251384, 0.251292, 0.252855
0.004504, 0.004270, 0.196476, 0.196565, 0.196817
0.004622, 0.004270, 0.170000, 0.170000, 0.170000
0.004738, 0.004270, 0.227393, 0.227439, 0.228603
0.004856, 0.004270, 0.232186, 0.232238, 0.233379
0.004972, 0.004270, 0.170000, 0.170000, 0.170000
0.005090, 0.004270, 0.192656, 0.192752, 0.192895
0.005206, 0.004270, 0.251812, 0.251718, 0.253290
0.005324, 0.004270, 0.184778, 0.184871, 0.184875
0.005440, 0.004270, 0.170993, 0.170982, 0.170982
0.005557, 0.004270, 0.241104, 0.241146, 0.242318
0.005675, 0.004270, 0.217379, 0.217428, 0.218400
0.005791, 0.004270, 0.170000, 0.170000, 0.170000
-0.005791, 0.004388, 0.170208, 0.170212, 0.170191
-0.005674, 0.004388, 0.331151, 0.331528, 0.330868
-0.005557, 0.004388, 0.340000, 0.340000, 0.340000
-0.005441, 0.004388, 0.307801, 0.309825, 0.306827
-0.005324, 0.004388, 0.330168, 0.330723, 0.330084
-0.005207, 0.004388, 0.340000, 0.340000, 0.340000
-0.005089, 0.004388, 0.330145, 0.330665, 0.330007
-0.004972, 0.004388, 0.340000, 0.340000, 0.340000
-0.004855, 0.004388, 0.282190, 0.282708, 0.282407
-0.004738, 0.004388, 0.273491, 0.274005, 0.273839
-0.004621, 0.004388, 0.340000, 0.340000, 0.340000
-0.004504, 0.004388, 0.330129, 0.330601, 0.329926
-0.004387, 0.004388, 0.340000, 0.340000, 0.340000
-0.004270, 0.004388, 0.330174, 0.330733, 0.330098
-0.004154, 0.004388, 0.303741, 0.305635, 0.302968
-0.004036, 0.004388, 0.340000, 0.340000, 0.340000
-0.003920, 0.004388, 0.322818, 0.323682, 0.322388
-0.003803, 0.004388, 0.170000, 0.170000, 0.170000
-0.003686, 0.004388, 0.315624, 0.316730, 0.315152
-0.003569, 0.004388, 0.340000, 0.340000, 0.340000
-0.003452, 0.004388, 0.224102, 0.225326, 0.223669
-0.003335, 0.004388, 0.244434, 0.245594, 0.244025
-0.003218, 0.004388, 0.340000, 0.340000, 0.340000
-0.003101, 0.004388, 0.295336, 0.296593, 0.294860
-0.002984, 0.004388, 0.174952, 0.175359, 0.174700
-0.002867, 0.004388, 0.338048, 0.338099, 0.337972
-0.002750, 0.004388, 0.340000, 0.340000, 0.340000
-0.002633, 0.004388, 0.311175, 0.311881, 0.311367
-0.002516, 0.004388, 0.170000, 0.170000, 0.170000
-0.002399, 0.004388, 0.170000, 0.170000, 0.170000
-0.002282, 0.004388, 0.213628, 0.214173, 0.213535
-0.002165, 0.004388, 0.313067, 0.312961, 0.314481
-0.002048, 0.004388, 0.340000, 0.340000, 0.340000
-0.001931, 0.004388, 0.336143, 0.336273, 0.336002
-0.001814, 0.004388, 0.172455, 0.172641, 0.172312
-0.001697, 0.004388, 0.299693, 0.300951, 0.299211
-0.001580, 0.004388, 0.340000, 0.340000, 0.340000
-0.001463, 0.004388, 0.273332, 0.276006, 0.272296
-0.001345, 0.004388, 0.340000, 0.340000, 0.340000
-0.001228, 0.004388, 0.340000, 0.340000, 0.340000
-0.001112, 0.004388, 0.332389, 0.332393, 0.332877
-0.000995, 0.004388, 0.340000, 0.340000, 0.340000
-0.000878, 0.004388, 0.340000, 0.340000, 0.340000
-0.000761, 0.004388, 0.340000, 0.340000, 0.340000
-0.000644, 0.004388, 0.340000, 0.340000, 0.340000
-0.000527, 0.004388, 0.325267, 0.326183, 0.324874
-0.000410, 0.004388, 0.340000, 0.340000, 0.340000
-0.000293, 0.004388, 0.303454, 0.304596, 0.303135
-0.000176, 0.004388, 0.302388, 0.303464, 0.302174
-0.000058, 0.004388, 0.340000, 0.340000, 0.340000
0.000058, 0.004388, 0.340000, 0.340000, 0.340000
0.000175, 0.004388, 0.322072, 0.323111, 0.321521
0.000292, 0.004388, 0.299380, 0.301191, 0.298474
0.000409, 0.004388, 0.340000, 0.340000, 0.340000
0.000526, 0.004388, 0.308211, 0.310222, 0.307257
0.000643, 0.004388, 0.326885, 0.327496, 0.326566
0.000760, 0.004388, 0.340000, 0.340000, 0.340000
0.000877, 0.004388, 0.335528, 0.335834, 0.335204
0.000994, 0.004388, 0.327245, 0.327664, 0.326988
0.001112, 0.004388, 0.340000, 0.340000, 0.340000
0.001228, 0.004388, 0.340000, 0.340000, 0.340000
0.001345, 0.004388, 0.265700, 0.266942, 0.265155
0.001462, 0.004388, 0.170000, 0.170000, 0.170000
0.001579, 0.004388, 0.170000, 0.170000, 0.170000
0.001696, 0.004388, 0.201472, 0.201545, 0.202483
0.001813, 0.004388, 0.237026, 0.237159, 0.239319
0.001930, 0.004388, 0.339617, 0.339608, 0.339608
0.002048, 0.004388, 0.340000, 0.340000, 0.340000
0.002164, 0.004388, 0.238298, 0.241650, 0.236911
0.002282, 0.004388, 0.170000, 0.170000, 0.170000
0.002398, 0.004388, 0.207431, 0.209860, 0.206547
0.002515, 0.004388, 0.207415, 0.209731, 0.206551
0.002632, 0.004388, 0.199992, 0.201289, 0.199491
0.002749, 0.004388, 0.340000, 0.340000, 0.340000
0.002866, 0.004388, 0.338048, 0.338099, 0.337972
0.002983, 0.004388, 0.174952, 0.175359, 0.174700
0.003101, 0.004388, 0.295336, 0.296593, 0.294860
0.003217, 0.004388, 0.340000, 0.340000, 0.340000
0.003335, 0.004388, 0.247937, 0.249107, 0.247513
0.003451, 0.004388, 0.227590, 0.228819, 0.227152
0.003569, 0.004388, 0.340000, 0.340000, 0.340000
0.003685, 0.004388, 0.315624, 0.316730, 0.315152
0.003802, 0.004388, 0.170000, 0.170000, 0.170000
0.003919, 0.004388, 0.322818, 0.323682, 0.322388
0.004037, 0.004388, 0.340000, 0.340000, 0.340000
0.004153, 0.004388, 0.216847, 0.218106, 0.216394
0.004270, 0.004388, 0.252727, 0.253880, 0.252306
0.004388, 0.004388, 0.340000, 0.340000, 0.340000
0.004504, 0.004388, 0.288068, 0.289306, 0.287604
0.004622, 0.004388, 0.182783, 0.183636, 0.182414
0.004738, 0.004388, 0.339600, 0.339599, 0.339583
0.004856, 0.004388, 0.339998, 0.339998, 0.339998
0.004972, 0.004388, 0.189238, 0.190419, 0.188711
0.005090, 0.004388, 0.279340, 0.280548, 0.278893
0.005206, 0.004388, 0.340000, 0.340000, 0.340000
0.005324, 0.004388, 0.260427, 0.261586, 0.260011
0.005440, 0.004388, 0.208142, 0.209437, 0.207660
0.005557, 0.004388, 0.340000, 0.340000, 0.340000
0.005675, 0.004388, 0.331151, 0.331528, 0.330868
0.005791, 0.004388, 0.170208, 0.170212, 0.170191
-0.005791, 0.004504, 0.170003, 0.170003, 0.170003
-0.005674, 0.004504, 0.258288, 0.258452, 0.260002
-0.005557, 0.004504, 0.305071, 0.304996, 0.307176
-0.005441, 0.004504, 0.322125, 0.322488, 0.321974
-0.005324, 0.004504, 0.340000, 0.340000, 0.340000
-0.005207, 0.004504, 0.329946, 0.329927, 0.330612
-0.005089, 0.004504, 0.340000, 0.340000, 0.340000
-0.004972, 0.004504, 0.340000, 0.340000, 0.340000
-0.004855, 0.004504, 0.325962, 0.326054, 0.326054
-0.004738, 0.004504, 0.321957, 0.322076, 0.322095
-0.004621, 0.004504, 0.340000, 0.340000, 0.340000
-0.004504, 0.004504, 0.340000, 0.340000, 0.340000
-0.004387, 0.004504, 0.329945, 0.329926, 0.330601
-0.004270, 0.004504, 0.340000, 0.340000, 0.340000
-0.004154, 0.004504, 0.257526, 0.258730, 0.257146
-0.004036, 0.004504, 0.280609, 0.280638, 0.281969
-0.003920, 0.004504, 0.243511, 0.243821, 0.244258
-0.003803, 0.004504, 0.170000, 0.170000, 0.170000
-0.003686, 0.004504, 0.238350, 0.238657, 0.239031
-0.003569, 0.004504, 0.282820, 0.282810, 0.284258
-0.003452, 0.004504, 0.182672, 0.182826, 0.182621
-0.003335, 0.004504, 0.192439, 0.192688, 0.192446
-0.003218, 0.004504, 0.286957, 0.286868, 0.288537
-0.003101, 0.004504, 0.224347, 0.224669, 0.224772
-0.002984, 0.004504, 0.170000, 0.170000, 0.170000
-0.002867, 0.004504, 0.258386, 0.258706, 0.259186
-0.002750, 0.004504, 0.274164, 0.274196, 0.275339
-0.002633, 0.004504, 0.226011, 0.226065, 0.227309
-0.002516, 0.004504, 0.170000, 0.170000, 0.170000
-0.002399, 0.004504, 0.170000, 0.170000, 0.170000
-0.002282, 0.004504, 0.170000, 0.170000, 0.170000
-0.002165, 0.004504, 0.175053, 0.175113, 0.175005
-0.002048, 0.004504, 0.274382, 0.274504, 0.275533
-0.001931, 0.004504, 0.255151, 0.255477, 0.255954
-0.001814, 0.004504, 0.170000, 0.170000, 0.170000
-0.001697, 0.004504, 0.262434, 0.263385, 0.262328
-0.001580, 0.004504, 0.335596, 0.335871, 0.335383
-0.001463, 0.004504, 0.223366, 0.225037, 0.222761
-0.001345, 0.004504, 0.340000, 0.340000, 0.340000
-0.001228, 0.004504, 0.328446, 0.328849, 0.328163
-0.001112, 0.004504, 0.207388, 0.207617, 0.207647
-0.000995, 0.004504, 0.338423, 0.338473, 0.338349
-0.000878, 0.004504, 0.340000, 0.340000, 0.340000
-0.000761, 0.004504, 0.340000, 0.340000, 0.340000
-0.000644, 0.004504, 0.340000, 0.340000, 0.340000
-0.000527, 0.004504, 0.339542, 0.339532, 0.339529
-0.000410, 0.004504, 0.325695, 0.325652, 0.326720
-0.000293, 0.004504, 0.318032, 0.318092, 0.318601
-0.000176, 0.004504, 0.298142, 0.298131, 0.300016
-0.000058, 0.004504, 0.321658, 0.321591, 0.322525
0.000058, 0.004504, 0.321355, 0.321488, 0.322633
0.000175, 0.004504, 0.332281, 0.332836, 0.331838
0.000292, 0.004504, 0.316253, 0.317262, 0.315851
0.000409, 0.004504, 0.316595, 0.316589, 0.317424
0.000526, 0.004504, 0.264181, 0.265244, 0.264802
0.000643, 0.004504, 0.330309, 0.330315, 0.330390
0.000760, 0.004504, 0.319858, 0.319815, 0.320663
0.000877, 0.004504, 0.339903, 0.339899, 0.339898
0.000994, 0.004504, 0.296001, 0.297126, 0.295943
0.001112, 0.004504, 0.340000, 0.340000, 0.340000
0.001228, 0.004504, 0.340000, 0.340000, 0.340000
0.001345, 0.004504, 0.266864, 0.268079, 0.266362
0.001462, 0.004504, 0.202059, 0.202053, 0.202879
0.001579, 0.004504, 0.236378, 0.236628, 0.237427
0.001696, 0.004504, 0.186904, 0.187026, 0.187026
0.001813, 0.004504, 0.171832, 0.171823, 0.171823
0.001930, 0.004504, 0.259263, 0.259458, 0.260100
0.002048, 0.004504, 0.285715, 0.285815, 0.286992
0.002164, 0.004504, 0.213025, 0.213784, 0.213141
0.002282, 0.004504, 0.170000, 0.170000, 0.170000
0.002398, 0.004504, 0.207431, 0.209860, 0.206547
0.002515, 0.004504, 0.207415, 0.209731, 0.206551
0.002632, 0.004504, 0.213998, 0.215010, 0.213931
0.002749, 0.004504, 0.299491, 0.299330, 0.301309
0.002866, 0.004504, 0.258386, 0.258706, 0.259186
0.002983, 0.004504, 0.170000, 0.170000, 0.170000
0.003101, 0.004504, 0.224347, 0.224669, 0.224772
0.003217, 0.004504, 0.296823, 0.296677, 0.298578
0.003335, 0.004504, 0.250739, 0.251601, 0.250822
0.003451, 0.004504, 0.235167, 0.236055, 0.235133
0.003569, 0.004504, 0.298394, 0.298241, 0.300184
0.003685, 0.004504, 0.238350, 0.238657, 0.239031
0.003802, 0.004504, 0.170000, 0.170000, 0.170000
0.003919, 0.004504, 0.278256, 0.279169, 0.278106
0.004037, 0.004504, 0.296756, 0.296865, 0.297875
0.004153, 0.004504, 0.179783, 0.179909, 0.179720
0.004270, 0.004504, 0.241056, 0.242177, 0.240761
0.004388, 0.004504, 0.307852, 0.307737, 0.309511
0.004504, 0.004504, 0.219502, 0.219834, 0.219834
0.004622, 0.004504, 0.255708, 0.256460, 0.255969
0.004738, 0.004504, 0.336899, 0.336918, 0.336868
0.004856, 0.004504, 0.269336, 0.269533, 0.270293
0.004972, 0.004504, 0.171668, 0.171705, 0.171621
0.005090, 0.004504, 0.214395, 0.214786, 0.214596
0.005206, 0.004504, 0.305782, 0.305747, 0.307220
0.005324, 0.004504, 0.201824, 0.202155, 0.201900
0.005440, 0.004504, 0.176733, 0.176829, 0.176663
0.005557, 0.004504, 0.277446, 0.277524, 0.278697
0.005675, 0.004504, 0.249814, 0.250133, 0.250607
0.005791, 0.004504, 0.170000, 0.170000, 0.170000
-0.005791, 0.004622, 0.193676, 0.194959, 0.193202
-0.005674, 0.004622, 0.340000, 0.340000, 0.340000
-0.005557, 0.004622, 0.340000, 0.340000, 0.340000
-0.005441, 0.004622, 0.340000, 0.340000, 0.340000
-0.005324, 0.004622, 0.340000, 0.340000, 0.340000
-0.005207, 0.004622, 0.329970, 0.329991, 0.330604
-0.005089, 0.004622, 0.340000, 0.340000, 0.340000
-0.004972, 0.004622, 0.340000, 0.340000, 0.340000
-0.004855, 0.004622, 0.334122, 0.334129, 0.334171
-0.004738, 0.004622, 0.335840, 0.335841, 0.335852
-0.004621, 0.004622, 0.340000, 0.340000, 0.340000
-0.004504, 0.004622, 0.339255, 0.339245, 0.339232
-0.004387, 0.004622, 0.307195, 0.307176, 0.309343
-0.004270, 0.004622, 0.340000, 0.340000, 0.340000
-0.004154, 0.004622, 0.262428, 0.263885, 0.261716
-0.004036, 0.004622, 0.241870, 0.241962, 0.243098
-0.003920, 0.004622, 0.171988, 0.171950, 0.172067
-0.003803, 0.004622, 0.170000, 0.170000, 0.170000
-0.003686, 0.004622, 0.170000, 0.170000, 0.170000
-0.003569, 0.004622, 0.170000, 0.170000, 0.170000
-0.003452, 0.004622, 0.170000, 0.170000, 0.170000
-0.003335, 0.004622, 0.170000, 0.170000, 0.170000
-0.003218, 0.004622, 0.180280, 0.180162, 0.181307
-0.003101, 0.004622, 0.170397, 0.170383, 0.170400
-0.002984, 0.004622, 0.170000, 0.170000, 0.170000
-0.002867, 0.004622, 0.173931, 0.173875, 0.174123
-0.002750, 0.004622, 0.176737, 0.176660, 0.177127
-0.002633, 0.004622, 0.170000, 0.170000, 0.170000
-0.002516, 0.004622, 0.170000, 0.170000, 0.170000
-0.002399, 0.004622, 0.170000, 0.170000, 0.170000
-0.002282, 0.004622, 0.170000, 0.170000, 0.170000
-0.002165, 0.004622, 0.170000, 0.170000, 0.170000
-0.002048, 0.004622, 0.170000, 0.170000, 0.170000
-0.001931, 0.004622, 0.170000, 0.170000, 0.170000
-0.001814, 0.004622, 0.170000, 0.170000, 0.170000
-0.001697, 0.004622, 0.202668, 0.202919, 0.202805
-0.001580, 0.004622, 0.254942, 0.255079, 0.257062
-0.001463, 0.004622, 0.203099, 0.204477, 0.202632
-0.001345, 0.004622, 0.340000, 0.340000, 0.340000
-0.001228, 0.004622, 0.340000, 0.340000, 0.340000
-0.001112, 0.004622, 0.336146, 0.336129, 0.336402
-0.000995, 0.004622, 0.340000, 0.340000, 0.340000
-0.000878, 0.004622, 0.340000, 0.340000, 0.340000
-0.000761, 0.004622, 0.340000, 0.340000, 0.340000
-0.000644, 0.004622, 0.340000, 0.340000, 0.340000
-0.000527, 0.004622, 0.340000, 0.340000, 0.340000
-0.000410, 0.004622, 0.329892, 0.329933, 0.329955
-0.000293, 0.004622, 0.333234, 0.333260, 0.333260
-0.000176, 0.004622, 0.340000, 0.340000, 0.340000
-0.000058, 0.004622, 0.337420, 0.337307, 0.337680
0.000058, 0.004622, 0.309859, 0.309599, 0.311995
0.000175, 0.004622, 0.320999, 0.320893, 0.321906
0.000292, 0.004622, 0.311859, 0.311840, 0.313577
0.000409, 0.004622, 0.307243, 0.307189, 0.308632
0.000526, 0.004622, 0.333054, 0.333081, 0.333081
0.000643, 0.004622, 0.266671, 0.267913, 0.266932
0.000760, 0.004622, 0.333665, 0.333732, 0.333624
0.000877, 0.004622, 0.290771, 0.291751, 0.291133
0.000994, 0.004622, 0.287393, 0.288663, 0.287654
0.001112, 0.004622, 0.336785, 0.336683, 0.337143
0.001228, 0.004622, 0.326467, 0.326353, 0.327431
0.001345, 0.004622, 0.331188, 0.331231, 0.331231
0.001462, 0.004622, 0.296039, 0.297285, 0.295650
0.001579, 0.004622, 0.279366, 0.280446, 0.279163
0.001696, 0.004622, 0.214440, 0.214795, 0.215410
0.001813, 0.004622, 0.206849, 0.206542, 0.209794
0.001930, 0.004622, 0.210310, 0.209949, 0.213473
0.002048, 0.004622, 0.211800, 0.211720, 0.213866
0.002164, 0.004622, 0.170000, 0.170000, 0.170000
0.002282, 0.004622, 0.170000, 0.170000, 0.170000
0.002398, 0.004622, 0.209590, 0.211938, 0.208864
0.002515, 0.004622, 0.207415, 0.209731, 0.206551
0.002632, 0.004622, 0.211867, 0.213803, 0.211477
0.002749, 0.004622, 0.170000, 0.170000, 0.170000
0.002866, 0.004622, 0.170000, 0.170000, 0.170000
0.002983, 0.004622, 0.170000, 0.170000, 0.170000
0.003101, 0.004622, 0.170397, 0.170383, 0.170400
0.003217, 0.004622, 0.180280, 0.180162, 0.181307
0.003335, 0.004622, 0.208505, 0.210369, 0.207816
0.003451, 0.004622, 0.208593, 0.210885, 0.207817
0.003569, 0.004622, 0.179220, 0.179121, 0.179964
0.003685, 0.004622, 0.171453, 0.171420, 0.171503
0.003802, 0.004622, 0.170000, 0.170000, 0.170000
0.003919, 0.004622, 0.246668, 0.248866, 0.245864
0.004037, 0.004622, 0.170240, 0.170233, 0.170235
0.004153, 0.004622, 0.173316, 0.173352, 0.173278
0.004270, 0.004622, 0.254356, 0.255879, 0.254005
0.004388, 0.004622, 0.180499, 0.180375, 0.181612
0.004504, 0.004622, 0.170178, 0.170171, 0.170176
0.004622, 0.004622, 0.230605, 0.230973, 0.231092
0.004738, 0.004622, 0.242523, 0.242795, 0.243414
0.004856, 0.004622, 0.175886, 0.175815, 0.176203
0.004972, 0.004622, 0.170000, 0.170000, 0.170000
0.005090, 0.004622, 0.170028, 0.170027, 0.170027
0.005206, 0.004622, 0.180650, 0.180519, 0.181843
0.005324, 0.004622, 0.170000, 0.170000, 0.170000
0.005440, 0.004622, 0.170000, 0.170000, 0.170000
0.005557, 0.004622, 0.170000, 0.170000, 0.170000
0.005675, 0.004622, 0.170000, 0.170000, 0.170000
0.005791, 0.004622, 0.170000, 0.170000, 0.170000
-0.005791, 0.004738, 0.195226, 0.196541, 0.194801
-0.005674, 0.004738, 0.340000, 0.340000, 0.340000
-0.005557, 0.004738, 0.340000, 0.340000, 0.340000
-0.005441, 0.004738, 0.340000, 0.340000, 0.340000
-0.005324, 0.004738, 0.335812, 0.335854, 0.335891
-0.005207, 0.004738, 0.340000, 0.340000, 0.340000
-0.005089, 0.004738, 0.335813, 0.335856, 0.335863
-0.004972, 0.004738, 0.335812, 0.335855, 0.335863
-0.004855, 0.004738, 0.340000, 0.340000, 0.340000
-0.004738, 0.004738, 0.340000, 0.340000, 0.340000
-0.004621, 0.004738, 0.335811, 0.335852, 0.335841
-0.004504, 0.004738, 0.337111, 0.337150, 0.337090
-0.004387, 0.004738, 0.339788, 0.339778, 0.339796
-0.004270, 0.004738, 0.339710, 0.339705, 0.339702
-0.004154, 0.004738, 0.298873, 0.301205, 0.297823
-0.004036, 0.004738, 0.340000, 0.340000, 0.340000
-0.003920, 0.004738, 0.298483, 0.299349, 0.298514
-0.003803, 0.004738, 0.170000, 0.170000, 0.170000
-0.003686, 0.004738, 0.170000, 0.170000, 0.170000
-0.003569, 0.004738, 0.282916, 0.283427, 0.283883
-0.003452, 0.004738, 0.219323, 0.219993, 0.219146
-0.003335, 0.004738, 0.220961, 0.221857, 0.220609
-0.003218, 0.004738, 0.339052, 0.339036, 0.339057
-0.003101, 0.004738, 0.270884, 0.271734, 0.271103
-0.002984, 0.004738, 0.172046, 0.172109, 0.171989
-0.002867, 0.004738, 0.316464, 0.316776, 0.316596
-0.002750, 0.004738, 0.327755, 0.327823, 0.327854
-0.002633, 0.004738, 0.183999, 0.184570, 0.183744
-0.002516, 0.004738, 0.173136, 0.173136, 0.173128
-0.002399, 0.004738, 0.226295, 0.226283, 0.227768
-0.002282, 0.004738, 0.172451, 0.172448, 0.172440
-0.002165, 0.004738, 0.170000, 0.170000, 0.170000
-0.002048, 0.004738, 0.233233, 0.233456, 0.234136
-0.001931, 0.004738, 0.213856, 0.214101, 0.214242
-0.001814, 0.004738, 0.170000, 0.170000, 0.170000
-0.001697, 0.004738, 0.275248, 0.276111, 0.275453
-0.001580, 0.004738, 0.338579, 0.338563, 0.338585
-0.001463, 0.004738, 0.250292, 0.252732, 0.249303
-0.001345, 0.004738, 0.340000, 0.340000, 0.340000
-0.001228, 0.004738, 0.340000, 0.340000, 0.340000
-0.001112, 0.004738, 0.340000, 0.340000, 0.340000
-0.000995, 0.004738, 0.340000, 0.340000, 0.340000
-0.000878, 0.004738, 0.340000, 0.340000, 0.340000
-0.000761, 0.004738, 0.270933, 0.271430, 0.271458
-0.000644, 0.004738, 0.327869, 0.327944, 0.327939
-0.000527, 0.004738, 0.340000, 0.340000, 0.340000
-0.000410, 0.004738, 0.264684, 0.265220, 0.265395
-0.000293, 0.004738, 0.275971, 0.276513, 0.276464
-0.000176, 0.004738, 0.336439, 0.336691, 0.336122
-0.000058, 0.004738, 0.325496, 0.325577, 0.325668
0.000058, 0.004738, 0.339895, 0.339889, 0.339900
0.000175, 0.004738, 0.287086, 0.288231, 0.286664
0.000292, 0.004738, 0.307391, 0.307793, 0.307725
0.000409, 0.004738, 0.339834, 0.339827, 0.339839
0.000526, 0.004738, 0.329939, 0.330215, 0.329948
0.000643, 0.004738, 0.270555, 0.273230, 0.269406
0.000760, 0.004738, 0.318577, 0.319563, 0.317952
0.000877, 0.004738, 0.307574, 0.307564, 0.309003
0.000994, 0.004738, 0.300736, 0.300567, 0.302592
0.001112, 0.004738, 0.317882, 0.317772, 0.319072
0.001228, 0.004738, 0.336895, 0.336883, 0.336909
0.001345, 0.004738, 0.331631, 0.331880, 0.331400
0.001462, 0.004738, 0.214501, 0.215821, 0.214141
0.001579, 0.004738, 0.225255, 0.226123, 0.225770
0.001696, 0.004738, 0.291904, 0.291926, 0.293408
0.001813, 0.004738, 0.237169, 0.237510, 0.238011
0.001930, 0.004738, 0.318377, 0.318473, 0.318728
0.002048, 0.004738, 0.329335, 0.329388, 0.329419
0.002164, 0.004738, 0.186800, 0.187436, 0.186512
0.002282, 0.004738, 0.203595, 0.203974, 0.203974
0.002398, 0.004738, 0.202018, 0.202252, 0.202252
0.002515, 0.004738, 0.203182, 0.204443, 0.202729
0.002632, 0.004738, 0.207350, 0.209575, 0.206530
0.002749, 0.004738, 0.170000, 0.170000, 0.170000
0.002866, 0.004738, 0.170000, 0.170000, 0.170000
0.002983, 0.004738, 0.170000, 0.170000, 0.170000
0.003101, 0.004738, 0.270884, 0.271734, 0.271103
0.003217, 0.004738, 0.339052, 0.339036, 0.339057
0.003335, 0.004738, 0.258429, 0.261289, 0.257154
0.003451, 0.004738, 0.241149, 0.244270, 0.239784
0.003569, 0.004738, 0.335894, 0.335892, 0.335919
0.003685, 0.004738, 0.291235, 0.292132, 0.291329
0.003802, 0.004738, 0.170000, 0.170000, 0.170000
0.003919, 0.004738, 0.246889, 0.249316, 0.245977
0.004037, 0.004738, 0.170000, 0.170000, 0.170000
0.004153, 0.004738, 0.240612, 0.241559, 0.240664
0.004270, 0.004738, 0.244753, 0.246003, 0.244311
0.004388, 0.004738, 0.339596, 0.339583, 0.339599
0.004504, 0.004738, 0.263615, 0.264448, 0.263836
0.004622, 0.004738, 0.174833, 0.175028, 0.174721
0.004738, 0.004738, 0.320880, 0.321037, 0.321037
0.004856, 0.004738, 0.324878, 0.324974, 0.325006
0.004972, 0.004738, 0.179580, 0.180006, 0.179384
0.005090, 0.004738, 0.254899, 0.255721, 0.255079
0.005206, 0.004738, 0.339876, 0.339870, 0.339874
0.005324, 0.004738, 0.236166, 0.237022, 0.236040
0.005440, 0.004738, 0.170000, 0.170000, 0.170000
0.005557, 0.004738, 0.170000, 0.170000, 0.170000
0.005675, 0.004738, 0.170000, 0.170000, 0.170000
0.005791, 0.004738, 0.170000, 0.170000, 0.170000
-0.005791, 0.004856, 0.195226, 0.196541, 0.194801
-0.005674, 0.004856, 0.340000, 0.340000, 0.340000
-0.005557, 0.004856, 0.266001, 0.266487, 0.266440
-0.005441, 0.004856, 0.296548, 0.296987, 0.296648
-0.005324, 0.004856, 0.334091, 0.334178, 0.334185
-0.005207, 0.004856, 0.340000, 0.340000, 0.340000
-0.005089, 0.004856, 0.334095, 0.334184, 0.334128
-0.004972, 0.004856, 0.334091, 0.334178, 0.334158
-0.004855, 0.004856, 0.340000, 0.340000, 0.340000
-0.004738, 0.004856, 0.340000, 0.340000, 0.340000
-0.004621, 0.004856, 0.334089, 0.334171, 0.334129
-0.004504, 0.004856, 0.331074, 0.331293, 0.330989
-0.004387, 0.004856, 0.340000, 0.340000, 0.340000
-0.004270, 0.004856, 0.328788, 0.329278, 0.328747
-0.004154, 0.004856, 0.276184, 0.278411, 0.275134
-0.004036, 0.004856, 0.336348, 0.336349, 0.336349
-0.003920, 0.004856, 0.303602, 0.304503, 0.303499
-0.003803, 0.004856, 0.170000, 0.170000, 0.170000
-0.003686, 0.004856, 0.170439, 0.170437, 0.170424
-0.003569, 0.004856, 0.313968, 0.315007, 0.313342
-0.003452, 0.004856, 0.207151, 0.207572, 0.207133
-0.003335, 0.004856, 0.225369, 0.226319, 0.225019
-0.003218, 0.004856, 0.339820, 0.339813, 0.339813
-0.003101, 0.004856, 0.276016, 0.276939, 0.276100
-0.002984, 0.004856, 0.172784, 0.172882, 0.172710
-0.002867, 0.004856, 0.320830, 0.321104, 0.320894
-0.002750, 0.004856, 0.330950, 0.330996, 0.330996
-0.002633, 0.004856, 0.185953, 0.186623, 0.185660
-0.002516, 0.004856, 0.198713, 0.199860, 0.198158
-0.002399, 0.004856, 0.338297, 0.338277, 0.338277
-0.002282, 0.004856, 0.195319, 0.196424, 0.194783
-0.002165, 0.004856, 0.170000, 0.170000, 0.170000
-0.002048, 0.004856, 0.286734, 0.287691, 0.286659
-0.001931, 0.004856, 0.253942, 0.254827, 0.253954
-0.001814, 0.004856, 0.170000, 0.170000, 0.170000
-0.001697, 0.004856, 0.280380, 0.281318, 0.280442
-0.001580, 0.004856, 0.339567, 0.339557, 0.339557
-0.001463, 0.004856, 0.267716, 0.269919, 0.266932
-0.001345, 0.004856, 0.340000, 0.340000, 0.340000
-0.001228, 0.004856, 0.340000, 0.340000, 0.340000
-0.001112, 0.004856, 0.340000, 0.340000, 0.340000
-0.000995, 0.004856, 0.340000, 0.340000, 0.340000
-0.000878, 0.004856, 0.340000, 0.340000, 0.340000
-0.000761, 0.004856, 0.275228, 0.275690, 0.275838
-0.000644, 0.004856, 0.329438, 0.329497, 0.329497
-0.000527, 0.004856, 0.340000, 0.340000, 0.340000
-0.000410, 0.004856, 0.339635, 0.339624, 0.339630
-0.000293, 0.004856, 0.339980, 0.339979, 0.339979
-0.000176, 0.004856, 0.325367, 0.326135, 0.324849
-0.000058, 0.004856, 0.336256, 0.336235, 0.336235
0.000058, 0.004856, 0.335700, 0.335686, 0.335691
0.000175, 0.004856, 0.291569, 0.291725, 0.292757
0.000292, 0.004856, 0.302227, 0.302913, 0.302632
0.000409, 0.004856, 0.340000, 0.340000, 0.340000
0.000526, 0.004856, 0.333738, 0.333873, 0.333637
0.000643, 0.004856, 0.282457, 0.283507, 0.282289
0.000760, 0.004856, 0.299979, 0.300552, 0.299960
0.000877, 0.004856, 0.305362, 0.305253, 0.307833
0.000994, 0.004856, 0.304142, 0.303837, 0.307190
0.001112, 0.004856, 0.319573, 0.319513, 0.320403
0.001228, 0.004856, 0.338734, 0.338716, 0.338716
0.001345, 0.004856, 0.326708, 0.327147, 0.326552
0.001462, 0.004856, 0.259131, 0.261373, 0.258293
0.001579, 0.004856, 0.295806, 0.296658, 0.295791
0.001696, 0.004856, 0.276583, 0.276635, 0.277948
0.001813, 0.004856, 0.232896, 0.233224, 0.233768
0.001930, 0.004856, 0.322032, 0.322129, 0.322267
0.002048, 0.004856, 0.332310, 0.332343, 0.332343
0.002164, 0.004856, 0.222609, 0.223732, 0.222744
0.002282, 0.004856, 0.202018, 0.202252, 0.202252
0.002398, 0.004856, 0.210836, 0.211311, 0.211311
0.002515, 0.004856, 0.170000, 0.170000, 0.170000
0.002632, 0.004856, 0.207350, 0.209575, 0.206530
0.002749, 0.004856, 0.170000, 0.170000, 0.170000
0.002866, 0.004856, 0.170000, 0.170000, 0.170000
0.002983, 0.004856, 0.170000, 0.170000, 0.170000
0.003101, 0.004856, 0.276016, 0.276939, 0.276100
0.003217, 0.004856, 0.340000, 0.340000, 0.340000
0.003335, 0.004856, 0.294409, 0.297092, 0.293083
0.003451, 0.004856, 0.252336, 0.254958, 0.251496
0.003569, 0.004856, 0.337692, 0.337685, 0.337685
0.003685, 0.004856, 0.315930, 0.317134, 0.315337
0.003802, 0.004856, 0.257515, 0.258162, 0.257966
0.003919, 0.004856, 0.267338, 0.268336, 0.267076
0.004037, 0.004856, 0.238144, 0.238222, 0.239325
0.004153, 0.004856, 0.240848, 0.241809, 0.240767
0.004270, 0.004856, 0.269908, 0.270887, 0.269827
0.004388, 0.004856, 0.340000, 0.340000, 0.340000
0.004504, 0.004856, 0.268743, 0.269645, 0.268849
0.004622, 0.004856, 0.175949, 0.176203, 0.175815
0.004738, 0.004856, 0.324882, 0.325006, 0.324974
0.004856, 0.004856, 0.328440, 0.328509, 0.328509
0.004972, 0.004856, 0.181152, 0.181662, 0.180927
0.005090, 0.004856, 0.260020, 0.260904, 0.260122
0.005206, 0.004856, 0.340000, 0.340000, 0.340000
0.005324, 0.004856, 0.241148, 0.242040, 0.241098
0.005440, 0.004856, 0.170000, 0.170000, 0.170000
0.005557, 0.004856, 0.170000, 0.170000, 0.170000
0.005675, 0.004856, 0.170000, 0.170000, 0.170000
0.005791, 0.004856, 0.170000, 0.170000, 0.170000
-0.005791, 0.004972, 0.195226, 0.196541, 0.194801
-0.005674, 0.004972, 0.340000, 0.340000, 0.340000
-0.005557, 0.004972, 0.312601, 0.312739, 0.312900
-0.005441, 0.004972, 0.328336, 0.328406, 0.328406
-0.005324, 0.004972, 0.340000, 0.340000, 0.340000
-0.005207, 0.004972, 0.329991, 0.330043, 0.330668
-0.005089, 0.004972, 0.340000, 0.340000, 0.340000
-0.004972, 0.004972, 0.340000, 0.340000, 0.340000
-0.004855, 0.004972, 0.334135, 0.334158, 0.334178
-0.004738, 0.004972, 0.335849, 0.335863, 0.335855
-0.004621, 0.004972, 0.340000, 0.340000, 0.340000
-0.004504, 0.004972, 0.339998, 0.339998, 0.339998
-0.004387, 0.004972, 0.328199, 0.328215, 0.329024
-0.004270, 0.004972, 0.340000, 0.340000, 0.340000
-0.004154, 0.004972, 0.245011, 0.246253, 0.244514
-0.004036, 0.004972, 0.185232, 0.185118, 0.186299
-0.003920, 0.004972, 0.175255, 0.175193, 0.175518
-0.003803, 0.004972, 0.170000, 0.170000, 0.170000
-0.003686, 0.004972, 0.188489, 0.189689, 0.188044
-0.003569, 0.004972, 0.271094, 0.272291, 0.270607
-0.003452, 0.004972, 0.170000, 0.170000, 0.170000
-0.003335, 0.004972, 0.170000, 0.170000, 0.170000
-0.003218, 0.004972, 0.188254, 0.188119, 0.189759
-0.003101, 0.004972, 0.172245, 0.172207, 0.172329
-0.002984, 0.004972, 0.170000, 0.170000, 0.170000
-0.002867, 0.004972, 0.178243, 0.178165, 0.178699
-0.002750, 0.004972, 0.182243, 0.182144, 0.182986
-0.002633, 0.004972, 0.170000, 0.170000, 0.170000
-0.002516, 0.004972, 0.170000, 0.170000, 0.170000
-0.002399, 0.004972, 0.288257, 0.290977, 0.287037
-0.002282, 0.004972, 0.170000, 0.170000, 0.170000
-0.002165, 0.004972, 0.170000, 0.170000, 0.170000
-0.002048, 0.004972, 0.244951, 0.246192, 0.244456
-0.001931, 0.004972, 0.212453, 0.213817, 0.211989
-0.001814, 0.004972, 0.170000, 0.170000, 0.170000
-0.001697, 0.004972, 0.172640, 0.172598, 0.172746
-0.001580, 0.004972, 0.187856, 0.187725, 0.189304
-0.001463, 0.004972, 0.220990, 0.221853, 0.220681
-0.001345, 0.004972, 0.339147, 0.339136, 0.339136
-0.001228, 0.004972, 0.340000, 0.340000, 0.340000
-0.001112, 0.004972, 0.340000, 0.340000, 0.340000
-0.000995, 0.004972, 0.340000, 0.340000, 0.340000
-0.000878, 0.004972, 0.340000, 0.340000, 0.340000
-0.000761, 0.004972, 0.340000, 0.340000, 0.340000
-0.000644, 0.004972, 0.340000, 0.340000, 0.340000
-0.000527, 0.004972, 0.340000, 0.340000, 0.340000
-0.000410, 0.004972, 0.340000, 0.340000, 0.340000
-0.000293, 0.004972, 0.340000, 0.340000, 0.340000
-0.000176, 0.004972, 0.340000, 0.340000, 0.340000
-0.000058, 0.004972, 0.329781, 0.329712, 0.330183
0.000058, 0.004972, 0.331295, 0.331212, 0.331671
0.000175, 0.004972, 0.340000, 0.340000, 0.340000
0.000292, 0.004972, 0.340000, 0.340000, 0.340000
0.000409, 0.004972, 0.327262, 0.327178, 0.328036
0.000526, 0.004972, 0.338903, 0.338902, 0.338874
0.000643, 0.004972, 0.340000, 0.340000, 0.340000
0.000760, 0.004972, 0.286902, 0.287168, 0.288029
0.000877, 0.004972, 0.294866, 0.294634, 0.298167
0.000994, 0.004972, 0.310261, 0.310437, 0.311026
0.001112, 0.004972, 0.327259, 0.327030, 0.328609
0.001228, 0.004972, 0.312641, 0.312418, 0.315061
0.001345, 0.004972, 0.291451, 0.291777, 0.292064
0.001462, 0.004972, 0.220065, 0.220632, 0.219855
0.001579, 0.004972, 0.269282, 0.269763, 0.270223
0.001696, 0.004972, 0.183407, 0.183991, 0.183125
0.001813, 0.004972, 0.311279, 0.311238, 0.312610
0.001930, 0.004972, 0.242083, 0.242171, 0.243715
0.002048, 0.004972, 0.227613, 0.227644, 0.229816
0.002164, 0.004972, 0.201783, 0.202024, 0.201991
0.002282, 0.004972, 0.210836, 0.211311, 0.211311
0.002398, 0.004972, 0.170000, 0.170000, 0.170000
0.002515, 0.004972, 0.170000, 0.170000, 0.170000
0.002632, 0.004972, 0.207350, 0.209575, 0.206530
0.002749, 0.004972, 0.170000, 0.170000, 0.170000
0.002866, 0.004972, 0.170000, 0.170000, 0.170000
0.002983, 0.004972, 0.170000, 0.170000, 0.170000
0.003101, 0.004972, 0.172245, 0.172207, 0.172329
0.003217, 0.004972, 0.198011, 0.197856, 0.199707
0.003335, 0.004972, 0.225414, 0.226574, 0.225627
0.003451, 0.004972, 0.228126, 0.230206, 0.227485
0.003569, 0.004972, 0.232659, 0.232571, 0.235938
0.003685, 0.004972, 0.248423, 0.249053, 0.249555
0.003802, 0.004972, 0.249397, 0.249905, 0.249997
0.003919, 0.004972, 0.237677, 0.238519, 0.237802
0.004037, 0.004972, 0.329099, 0.329103, 0.329291
0.004153, 0.004972, 0.273360, 0.275617, 0.272659
0.004270, 0.004972, 0.339923, 0.339920, 0.339919
0.004388, 0.004972, 0.212432, 0.212972, 0.213693
0.004504, 0.004972, 0.171653, 0.171621, 0.171705
0.004622, 0.004972, 0.170000, 0.170000, 0.170000
0.004738, 0.004972, 0.179469, 0.179384, 0.180006
0.004856, 0.004972, 0.181019, 0.180927, 0.181662
0.004972, 0.004972, 0.170000, 0.170000, 0.170000
0.005090, 0.004972, 0.171052, 0.171029, 0.171075
0.005206, 0.004972, 0.189291, 0.189149, 0.190892
0.005324, 0.004972, 0.170164, 0.170157, 0.170159
0.005440, 0.004972, 0.170000, 0.170000, 0.170000
0.005557, 0.004972, 0.170000, 0.170000, 0.170000
0.005675, 0.004972, 0.170000, 0.170000, 0.170000
0.005791, 0.004972, 0.170000, 0.170000, 0.170000
-0.005791, 0.005090, 0.195226, 0.196541, 0.194801
-0.005674, 0.005090, 0.340000, 0.340000, 0.340000
-0.005557, 0.005090, 0.340000, 0.340000, 0.340000
-0.005441, 0.005090, 0.340000, 0.340000, 0.340000
-0.005324, 0.005090, 0.340000, 0.340000, 0.340000
-0.005207, 0.005090, 0.340000, 0.340000, 0.340000
-0.005089, 0.005090, 0.340000, 0.340000, 0.340000
-0.004972, 0.005090, 0.340000, 0.340000, 0.340000
-0.004855, 0.005090, 0.334126, 0.334128, 0.334184
-0.004738, 0.005090, 0.335851, 0.335863, 0.335856
-0.004621, 0.005090, 0.340000, 0.340000, 0.340000
-0.004504, 0.005090, 0.340000, 0.340000, 0.340000
-0.004387, 0.005090, 0.329978, 0.330007, 0.330665
-0.004270, 0.005090, 0.340000, 0.340000, 0.340000
-0.004154, 0.005090, 0.252911, 0.254253, 0.252224
-0.004036, 0.005090, 0.271900, 0.271934, 0.273210
-0.003920, 0.005090, 0.286683, 0.286594, 0.288192
-0.003803, 0.005090, 0.212620, 0.213195, 0.212482
-0.003686, 0.005090, 0.246164, 0.246762, 0.246627
-0.003569, 0.005090, 0.313696, 0.313975, 0.313733
-0.003452, 0.005090, 0.180596, 0.180726, 0.180569
-0.003335, 0.005090, 0.188968, 0.189147, 0.189010
-0.003218, 0.005090, 0.278242, 0.278158, 0.279777
-0.003101, 0.005090, 0.218234, 0.218484, 0.218702
-0.002984, 0.005090, 0.170000, 0.170000, 0.170000
-0.002867, 0.005090, 0.249827, 0.250076, 0.250696
-0.002750, 0.005090, 0.263642, 0.263787, 0.264693
-0.002633, 0.005090, 0.172383, 0.172410, 0.172339
-0.002516, 0.005090, 0.207805, 0.208245, 0.207863
-0.002399, 0.005090, 0.327729, 0.327900, 0.327570
-0.002282, 0.005090, 0.204794, 0.205212, 0.204835
-0.002165, 0.005090, 0.173326, 0.173360, 0.173279
-0.002048, 0.005090, 0.297952, 0.298436, 0.298053
-0.001931, 0.005090, 0.269381, 0.269979, 0.269763
-0.001814, 0.005090, 0.170000, 0.170000, 0.170000
-0.001697, 0.005090, 0.220955, 0.221200, 0.221484
-0.001580, 0.005090, 0.277610, 0.277538, 0.279124
-0.001463, 0.005090, 0.186894, 0.187053, 0.186919
-0.001345, 0.005090, 0.235031, 0.234921, 0.237892
-0.001228, 0.005090, 0.302727, 0.302529, 0.305223
-0.001112, 0.005090, 0.300289, 0.300745, 0.301417
-0.000995, 0.005090, 0.339818, 0.339813, 0.339810
-0.000878, 0.005090, 0.304130, 0.304402, 0.304904
-0.000761, 0.005090, 0.338277, 0.338267, 0.338267
-0.000644, 0.005090, 0.340000, 0.340000, 0.340000
-0.000527, 0.005090, 0.324223, 0.324662, 0.324082
-0.000410, 0.005090, 0.326763, 0.326525, 0.327854
-0.000293, 0.005090, 0.324400, 0.324613, 0.324334
-0.000176, 0.005090, 0.339504, 0.339495, 0.339490
-0.000058, 0.005090, 0.323261, 0.323268, 0.324367
0.000058, 0.005090, 0.328617, 0.328616, 0.328823
0.000175, 0.005090, 0.334351, 0.334622, 0.334111
0.000292, 0.005090, 0.326529, 0.326614, 0.326899
0.000409, 0.005090, 0.321365, 0.321208, 0.323054
0.000526, 0.005090, 0.331681, 0.331655, 0.331949
0.000643, 0.005090, 0.338917, 0.338932, 0.338851
0.000760, 0.005090, 0.322563, 0.322633, 0.323711
0.000877, 0.005090, 0.321986, 0.322383, 0.322887
0.000994, 0.005090, 0.291129, 0.291511, 0.291515
0.001112, 0.005090, 0.228756, 0.229007, 0.229388
0.001228, 0.005090, 0.275249, 0.275223, 0.276678
0.001345, 0.005090, 0.181917, 0.182027, 0.181905
0.001462, 0.005090, 0.186894, 0.187053, 0.186919
0.001579, 0.005090, 0.277610, 0.277538, 0.279124
0.001696, 0.005090, 0.225427, 0.225765, 0.225899
0.001813, 0.005090, 0.255557, 0.255583, 0.256921
0.001930, 0.005090, 0.264905, 0.265163, 0.265980
0.002048, 0.005090, 0.265672, 0.265794, 0.266780
0.002164, 0.005090, 0.210904, 0.213124, 0.209989
0.002282, 0.005090, 0.201685, 0.201955, 0.201845
0.002398, 0.005090, 0.279550, 0.279452, 0.281118
0.002515, 0.005090, 0.204222, 0.204493, 0.204417
0.002632, 0.005090, 0.209770, 0.212025, 0.208870
0.002749, 0.005090, 0.263642, 0.263787, 0.264693
0.002866, 0.005090, 0.249827, 0.250076, 0.250696
0.002983, 0.005090, 0.170000, 0.170000, 0.170000
0.003101, 0.005090, 0.218234, 0.218484, 0.218702
0.003217, 0.005090, 0.278242, 0.278158, 0.279777
0.003335, 0.005090, 0.226443, 0.228571, 0.225557
0.003451, 0.005090, 0.217783, 0.220217, 0.216783
0.003569, 0.005090, 0.274109, 0.274104, 0.275498
0.003685, 0.005090, 0.262505, 0.262887, 0.263425
0.003802, 0.005090, 0.232671, 0.234332, 0.232178
0.003919, 0.005090, 0.235975, 0.236206, 0.236788
0.004037, 0.005090, 0.273095, 0.273092, 0.274491
0.004153, 0.005090, 0.184650, 0.184741, 0.184640
0.004270, 0.005090, 0.235979, 0.236086, 0.237823
0.004388, 0.005090, 0.278990, 0.278893, 0.280548
0.004504, 0.005090, 0.213766, 0.214025, 0.214138
0.004622, 0.005090, 0.170028, 0.170027, 0.170027
0.004738, 0.005090, 0.254854, 0.255079, 0.255721
0.004856, 0.005090, 0.259943, 0.260122, 0.260904
0.004972, 0.005090, 0.171061, 0.171075, 0.171029
0.005090, 0.005090, 0.208512, 0.208780, 0.208780
0.005206, 0.005090, 0.279418, 0.279319, 0.280983
0.005324, 0.005090, 0.197521, 0.197777, 0.197634
0.005440, 0.005090, 0.175147, 0.175196, 0.175102
0.005557, 0.005090, 0.268737, 0.268819, 0.269940
0.005675, 0.005090, 0.241832, 0.242068, 0.242702
0.005791, 0.005090, 0.170000, 0.170000, 0.170000
-0.005791, 0.005206, 0.195226, 0.196541, 0.194801
-0.005674, 0.005206, 0.340000, 0.340000, 0.340000
-0.005557, 0.005206, 0.340000, 0.340000, 0.340000
-0.005441, 0.005206, 0.340000, 0.340000, 0.340000
-0.005324, 0.005206, 0.340000, 0.340000, 0.340000
-0.005207, 0.005206, 0.340000, 0.340000, 0.340000
-0.005089, 0.005206, 0.340000, 0.340000, 0.340000
-0.004972, 0.005206, 0.330148, 0.330668, 0.330043
-0.004855, 0.005206, 0.340000, 0.340000, 0.340000
-0.004738, 0.005206, 0.340000, 0.340000, 0.340000
-0.004621, 0.005206, 0.330136, 0.330604, 0.329991
-0.004504, 0.005206, 0.330133, 0.330612, 0.329927
-0.004387, 0.005206, 0.340000, 0.340000, 0.340000
-0.004270, 0.005206, 0.330178, 0.330748, 0.330107
-0.004154, 0.005206, 0.292375, 0.294848, 0.291338
-0.004036, 0.005206, 0.340000, 0.340000, 0.340000
-0.003920, 0.005206, 0.332501, 0.332659, 0.332376
-0.003803, 0.005206, 0.209662, 0.210171, 0.209566
-0.003686, 0.005206, 0.316048, 0.317148, 0.315579
-0.003569, 0.005206, 0.340000, 0.340000, 0.340000
-0.003452, 0.005206, 0.224533, 0.225758, 0.224098
-0.003335, 0.005206, 0.244865, 0.246028, 0.244452
-0.003218, 0.005206, 0.340000, 0.340000, 0.340000
-0.003101, 0.005206, 0.295764, 0.297026, 0.295287
-0.002984, 0.005206, 0.174955, 0.175368, 0.174700
-0.002867, 0.005206, 0.338472, 0.338502, 0.338402
-0.002750, 0.005206, 0.340000, 0.340000, 0.340000
-0.002633, 0.005206, 0.196960, 0.198260, 0.196439
-0.002516, 0.005206, 0.272495, 0.273685, 0.272058
-0.002399, 0.005206, 0.340000, 0.340000, 0.340000
-0.002282, 0.005206, 0.268131, 0.269309, 0.267700
-0.002165, 0.005206, 0.201318, 0.202630, 0.200810
-0.002048, 0.005206, 0.340000, 0.340000, 0.340000
-0.001931, 0.005206, 0.336567, 0.336675, 0.336431
-0.001814, 0.005206, 0.172455, 0.172642, 0.172312
-0.001697, 0.005206, 0.300120, 0.301382, 0.299638
-0.001580, 0.005206, 0.340000, 0.340000, 0.340000
-0.001463, 0.005206, 0.240505, 0.241675, 0.240091
-0.001345, 0.005206, 0.295459, 0.296600, 0.295241
-0.001228, 0.005206, 0.340000, 0.340000, 0.340000
-0.001112, 0.005206, 0.311714, 0.312896, 0.311234
-0.000995, 0.005206, 0.330550, 0.331339, 0.330057
-0.000878, 0.005206, 0.239968, 0.240575, 0.240465
-0.000761, 0.005206, 0.320910, 0.321173, 0.320891
-0.000644, 0.005206, 0.340000, 0.340000, 0.340000
-0.000527, 0.005206, 0.320003, 0.321348, 0.319327
-0.000410, 0.005206, 0.340000, 0.340000, 0.340000
-0.000293, 0.005206, 0.299255, 0.300487, 0.298506
-0.000176, 0.005206, 0.287485, 0.288111, 0.288946
-0.000058, 0.005206, 0.340000, 0.340000, 0.340000
0.000058, 0.005206, 0.340000, 0.340000, 0.340000
0.000175, 0.005206, 0.331960, 0.332310, 0.331589
0.000292, 0.005206, 0.331033, 0.331483, 0.330673
0.000409, 0.005206, 0.340000, 0.340000, 0.340000
0.000526, 0.005206, 0.327645, 0.328243, 0.327284
0.000643, 0.005206, 0.322313, 0.323541, 0.321746
0.000760, 0.005206, 0.340000, 0.340000, 0.340000
0.000877, 0.005206, 0.332368, 0.332800, 0.332007
0.000994, 0.005206, 0.310336, 0.311968, 0.309448
0.001112, 0.005206, 0.323027, 0.323935, 0.322514
0.001228, 0.005206, 0.340000, 0.340000, 0.340000
0.001345, 0.005206, 0.228887, 0.230094, 0.228461
0.001462, 0.005206, 0.244424, 0.245618, 0.243972
0.001579, 0.005206, 0.340000, 0.340000, 0.340000
0.001696, 0.005206, 0.300120, 0.301382, 0.299638
0.001813, 0.005206, 0.172455, 0.172642, 0.172312
0.001930, 0.005206, 0.336567, 0.336675, 0.336431
0.002048, 0.005206, 0.340000, 0.340000, 0.340000
0.002164, 0.005206, 0.241015, 0.244510, 0.239675
0.002282, 0.005206, 0.273066, 0.274290, 0.272572
0.002398, 0.005206, 0.340000, 0.340000, 0.340000
0.002515, 0.005206, 0.272495, 0.273685, 0.272058
0.002632, 0.005206, 0.239436, 0.243056, 0.237998
0.002749, 0.005206, 0.340000, 0.340000, 0.340000
0.002866, 0.005206, 0.338472, 0.338502, 0.338402
0.002983, 0.005206, 0.180879, 0.181299, 0.180638
0.003101, 0.005206, 0.312389, 0.313281, 0.311884
0.003217, 0.005206, 0.340000, 0.340000, 0.340000
0.003335, 0.005206, 0.282338, 0.285259, 0.280997
0.003451, 0.005206, 0.262348, 0.265656, 0.260935
0.003569, 0.005206, 0.340000, 0.340000, 0.340000
0.003685, 0.005206, 0.316048, 0.317148, 0.315579
0.003802, 0.005206, 0.244889, 0.249035, 0.243080
0.003919, 0.005206, 0.323241, 0.324093, 0.322816
0.004037, 0.005206, 0.340000, 0.340000, 0.340000
0.004153, 0.005206, 0.217278, 0.218539, 0.216825
0.004270, 0.005206, 0.269939, 0.271069, 0.269643
0.004388, 0.005206, 0.340000, 0.340000, 0.340000
0.004504, 0.005206, 0.288496, 0.289741, 0.288031
0.004622, 0.005206, 0.180969, 0.181843, 0.180519
0.004738, 0.005206, 0.339877, 0.339874, 0.339870
0.004856, 0.005206, 0.340000, 0.340000, 0.340000
0.004972, 0.005206, 0.189677, 0.190892, 0.189149
0.005090, 0.005206, 0.279769, 0.280983, 0.279319
0.005206, 0.005206, 0.340000, 0.340000, 0.340000
0.005324, 0.005206, 0.260858, 0.262021, 0.260436
0.005440, 0.005206, 0.208574, 0.209873, 0.208092
0.005557, 0.005206, 0.340000, 0.340000, 0.340000
0.005675, 0.005206, 0.331574, 0.331932, 0.331297
0.005791, 0.005206, 0.170208, 0.170212, 0.170191
-0.005791, 0.005324, 0.195226, 0.196541, 0.194801
-0.005674, 0.005324, 0.340000, 0.340000, 0.340000
-0.005557, 0.005324, 0.340000, 0.340000, 0.340000
-0.005441, 0.005324, 0.304805, 0.304983, 0.305241
-0.005324, 0.005324, 0.328218, 0.328288, 0.328288
-0.005207, 0.005324, 0.340000, 0.340000, 0.340000
-0.005089, 0.005324, 0.340000, 0.340000, 0.340000
-0.004972, 0.005324, 0.340000, 0.340000, 0.340000
-0.004855, 0.005324, 0.334149, 0.334185, 0.334178
-0.004738, 0.005324, 0.335861, 0.335891, 0.335854
-0.004621, 0.005324, 0.340000, 0.340000, 0.340000
-0.004504, 0.005324, 0.340000, 0.340000, 0.340000
-0.004387, 0.005324, 0.330000, 0.330084, 0.330723
-0.004270, 0.005324, 0.340000, 0.340000, 0.340000
-0.004154, 0.005324, 0.242862, 0.243994, 0.242472
-0.004036, 0.005324, 0.253011, 0.253039, 0.254273
-0.003920, 0.005324, 0.220057, 0.220154, 0.220965
-0.003803, 0.005324, 0.184273, 0.184561, 0.184279
-0.003686, 0.005324, 0.216279, 0.216376, 0.217074
-0.003569, 0.005324, 0.255223, 0.255217, 0.256551
-0.003452, 0.005324, 0.175459, 0.175473, 0.175470
-0.003335, 0.005324, 0.181884, 0.181955, 0.181950
-0.003218, 0.005324, 0.259355, 0.259275, 0.260817
-0.003101, 0.005324, 0.205418, 0.205542, 0.205906
-0.002984, 0.005324, 0.170000, 0.170000, 0.170000
-0.002867, 0.005324, 0.231635, 0.231729, 0.232732
-0.002750, 0.005324, 0.244719, 0.244820, 0.245802
-0.002633, 0.005324, 0.170672, 0.170663, 0.170660
-0.002516, 0.005324, 0.194023, 0.194165, 0.194234
-0.002399, 0.005324, 0.260662, 0.260569, 0.262155
-0.002282, 0.005324, 0.191979, 0.192120, 0.192155
-0.002165, 0.005324, 0.171127, 0.171117, 0.171115
-0.002048, 0.005324, 0.246761, 0.246851, 0.247876
-0.001931, 0.005324, 0.229097, 0.229189, 0.230176
-0.001814, 0.005324, 0.170000, 0.170000, 0.170000
-0.001697, 0.005324, 0.207650, 0.207769, 0.208202
-0.001580, 0.005324, 0.258724, 0.258656, 0.260165
-0.001463, 0.005324, 0.180301, 0.180356, 0.180352
-0.001345, 0.005324, 0.178523, 0.178509, 0.178759
-0.001228, 0.005324, 0.256363, 0.256339, 0.257728
-0.001112, 0.005324, 0.213745, 0.213852, 0.214478
-0.000995, 0.005324, 0.328229, 0.329150, 0.327709
-0.000878, 0.005324, 0.340000, 0.340000, 0.340000
-0.000761, 0.005324, 0.340000, 0.340000, 0.340000
-0.000644, 0.005324, 0.340000, 0.340000, 0.340000
-0.000527, 0.005324, 0.334098, 0.334121, 0.334002
-0.000410, 0.005324, 0.313895, 0.314206, 0.314425
-0.000293, 0.005324, 0.297983, 0.299081, 0.297748
-0.000176, 0.005324, 0.308690, 0.309703, 0.308464
-0.000058, 0.005324, 0.312564, 0.312712, 0.313684
0.000058, 0.005324, 0.330415, 0.330305, 0.330684
0.000175, 0.005324, 0.334728, 0.334746, 0.334717
0.000292, 0.005324, 0.302557, 0.304704, 0.301689
0.000409, 0.005324, 0.337845, 0.337837, 0.337837
0.000526, 0.005324, 0.306902, 0.308268, 0.306261
0.000643, 0.005324, 0.339611, 0.339603, 0.339594
0.000760, 0.005324, 0.309945, 0.310266, 0.310973
0.000877, 0.005324, 0.334467, 0.334501, 0.334449
0.000994, 0.005324, 0.294751, 0.296357, 0.294229
0.001112, 0.005324, 0.295125, 0.295275, 0.297218
0.001228, 0.005324, 0.256813, 0.256783, 0.258178
0.001345, 0.005324, 0.194485, 0.194775, 0.194412
0.001462, 0.005324, 0.304096, 0.304223, 0.304626
0.001579, 0.005324, 0.288028, 0.288070, 0.289434
0.001696, 0.005324, 0.207650, 0.207769, 0.208202
0.001813, 0.005324, 0.170000, 0.170000, 0.170000
0.001930, 0.005324, 0.229097, 0.229189, 0.230176
0.002048, 0.005324, 0.246761, 0.246851, 0.247876
0.002164, 0.005324, 0.259407, 0.261653, 0.258766
0.002282, 0.005324, 0.329032, 0.328989, 0.329373
0.002398, 0.005324, 0.271810, 0.271818, 0.273328
0.002515, 0.005324, 0.241817, 0.242386, 0.242438
0.002632, 0.005324, 0.259469, 0.260073, 0.260799
0.002749, 0.005324, 0.289472, 0.289470, 0.291069
0.002866, 0.005324, 0.231886, 0.231990, 0.232970
0.002983, 0.005324, 0.228744, 0.229872, 0.228430
0.003101, 0.005324, 0.335800, 0.335821, 0.335794
0.003217, 0.005324, 0.262984, 0.262951, 0.264376
0.003335, 0.005324, 0.280759, 0.281737, 0.280728
0.003451, 0.005324, 0.244222, 0.245602, 0.244040
0.003569, 0.005324, 0.255407, 0.255385, 0.256746
0.003685, 0.005324, 0.252310, 0.252747, 0.253115
0.003802, 0.005324, 0.256107, 0.258055, 0.255829
0.003919, 0.005324, 0.220079, 0.220176, 0.220986
0.004037, 0.005324, 0.266425, 0.266422, 0.267840
0.004153, 0.005324, 0.176502, 0.176647, 0.176415
0.004270, 0.005324, 0.185017, 0.185110, 0.185132
0.004388, 0.005324, 0.260103, 0.260011, 0.261586
0.004504, 0.005324, 0.201768, 0.201900, 0.202155
0.004622, 0.005324, 0.170000, 0.170000, 0.170000
0.004738, 0.005324, 0.235940, 0.236040, 0.237022
0.004856, 0.005324, 0.240988, 0.241098, 0.242040
0.004972, 0.005324, 0.170164, 0.170159, 0.170157
0.005090, 0.005324, 0.197495, 0.197634, 0.197777
0.005206, 0.005324, 0.260530, 0.260436, 0.262021
0.005324, 0.005324, 0.188634, 0.188765, 0.188765
0.005440, 0.005324, 0.172136, 0.172130, 0.172126
0.005557, 0.005324, 0.249840, 0.249905, 0.251019
0.005675, 0.005324, 0.224935, 0.225029, 0.225953
0.005791, 0.005324, 0.170000, 0.170000, 0.170000
-0.005791, 0.005440, 0.195226, 0.196541, 0.194801
-0.005674, 0.005440, 0.340000, 0.340000, 0.340000
-0.005557, 0.005440, 0.340000, 0.340000, 0.340000
-0.005441, 0.005440, 0.265505, 0.265970, 0.265970
-0.005324, 0.005440, 0.304891, 0.305241, 0.304983
-0.005207, 0.005440, 0.340000, 0.340000, 0.340000
-0.005089, 0.005440, 0.340000, 0.340000, 0.340000
-0.004972, 0.005440, 0.312413, 0.312572, 0.312948
-0.004855, 0.005440, 0.337206, 0.337202, 0.337202
-0.004738, 0.005440, 0.340000, 0.340000, 0.340000
-0.004621, 0.005440, 0.340000, 0.340000, 0.340000
-0.004504, 0.005440, 0.320931, 0.320880, 0.321704
-0.004387, 0.005440, 0.301999, 0.301727, 0.304896
-0.004270, 0.005440, 0.254542, 0.254678, 0.255719
-0.004154, 0.005440, 0.172489, 0.172483, 0.172483
-0.004036, 0.005440, 0.201280, 0.201168, 0.202868
-0.003920, 0.005440, 0.184178, 0.184116, 0.184708
-0.003803, 0.005440, 0.231937, 0.233226, 0.231435
-0.003686, 0.005440, 0.263800, 0.264268, 0.264268
-0.003569, 0.005440, 0.170191, 0.170184, 0.170184
-0.003452, 0.005440, 0.170000, 0.170000, 0.170000
-0.003335, 0.005440, 0.170359, 0.170351, 0.170351
-0.003218, 0.005440, 0.207020, 0.206907, 0.208676
-0.003101, 0.005440, 0.178097, 0.178057, 0.178293
-0.002984, 0.005440, 0.170000, 0.170000, 0.170000
-0.002867, 0.005440, 0.189432, 0.189354, 0.190281
-0.002750, 0.005440, 0.196023, 0.195925, 0.197279
-0.002633, 0.005440, 0.170000, 0.170000, 0.170000
-0.002516, 0.005440, 0.170000, 0.170000, 0.170000
-0.002399, 0.005440, 0.170000, 0.170000, 0.170000
-0.002282, 0.005440, 0.170000, 0.170000, 0.170000
-0.002165, 0.005440, 0.170000, 0.170000, 0.170000
-0.002048, 0.005440, 0.197204, 0.197101, 0.198537
-0.001931, 0.005440, 0.188251, 0.188176, 0.189028
-0.001814, 0.005440, 0.170000, 0.170000, 0.170000
-0.001697, 0.005440, 0.178977, 0.178933, 0.179217
-0.001580, 0.005440, 0.206376, 0.206265, 0.208032
-0.001463, 0.005440, 0.170129, 0.170125, 0.170125
-0.001345, 0.005440, 0.170000, 0.170000, 0.170000
-0.001228, 0.005440, 0.170000, 0.170000, 0.170000
-0.001112, 0.005440, 0.170000, 0.170000, 0.170000
-0.000995, 0.005440, 0.311354, 0.312118, 0.311326
-0.000878, 0.005440, 0.312167, 0.312084, 0.313628
-0.000761, 0.005440, 0.302822, 0.302630, 0.305280
-0.000644, 0.005440, 0.332472, 0.332525, 0.332406
-0.000527, 0.005440, 0.300533, 0.300352, 0.303264
-0.000410, 0.005440, 0.283717, 0.283361, 0.287379
-0.000293, 0.005440, 0.297094, 0.296948, 0.299216
-0.000176, 0.005440, 0.314317, 0.314149, 0.315963
-0.000058, 0.005440, 0.325801, 0.325734, 0.326315
0.000058, 0.005440, 0.340000, 0.340000, 0.340000
0.000175, 0.005440, 0.340000, 0.340000, 0.340000
0.000292, 0.005440, 0.294369, 0.295181, 0.294312
0.000409, 0.005440, 0.262406, 0.262554, 0.265189
0.000526, 0.005440, 0.321911, 0.321980, 0.322124
0.000643, 0.005440, 0.333728, 0.333808, 0.333663
0.000760, 0.005440, 0.277650, 0.277885, 0.279522
0.000877, 0.005440, 0.281321, 0.281330, 0.283189
0.000994, 0.005440, 0.312805, 0.313484, 0.312644
0.001112, 0.005440, 0.339378, 0.339387, 0.339351
0.001228, 0.005440, 0.170000, 0.170000, 0.170000
0.001345, 0.005440, 0.202717, 0.203486, 0.202354
0.001462, 0.005440, 0.304048, 0.304042, 0.305445
0.001579, 0.005440, 0.215315, 0.215601, 0.216882
0.001696, 0.005440, 0.178977, 0.178933, 0.179217
0.001813, 0.005440, 0.170000, 0.170000, 0.170000
0.001930, 0.005440, 0.188251, 0.188176, 0.189028
0.002048, 0.005440, 0.197204, 0.197101, 0.198537
0.002164, 0.005440, 0.245773, 0.247723, 0.245682
0.002282, 0.005440, 0.264770, 0.264913, 0.266434
0.002398, 0.005440, 0.197223, 0.198154, 0.197130
0.002515, 0.005440, 0.254500, 0.256694, 0.253990
0.002632, 0.005440, 0.336628, 0.336628, 0.336628
0.002749, 0.005440, 0.208366, 0.209095, 0.209256
0.002866, 0.005440, 0.189432, 0.189354, 0.190281
0.002983, 0.005440, 0.171341, 0.171325, 0.171338
0.003101, 0.005440, 0.245120, 0.245273, 0.246945
0.003217, 0.005440, 0.234894, 0.235050, 0.235715
0.003335, 0.005440, 0.314975, 0.315157, 0.315667
0.003451, 0.005440, 0.262990, 0.265949, 0.261743
0.003569, 0.005440, 0.170000, 0.170000, 0.170000
0.003685, 0.005440, 0.244254, 0.247553, 0.242924
0.003802, 0.005440, 0.339983, 0.339982, 0.339982
0.003919, 0.005440, 0.207055, 0.208250, 0.206841
0.004037, 0.005440, 0.201280, 0.201168, 0.202868
0.004153, 0.005440, 0.170000, 0.170000, 0.170000
0.004270, 0.005440, 0.170993, 0.170982, 0.170982
0.004388, 0.005440, 0.207779, 0.207660, 0.209437
0.004504, 0.005440, 0.176697, 0.176663, 0.176829
0.004622, 0.005440, 0.170000, 0.170000, 0.170000
0.004738, 0.005440, 0.170000, 0.170000, 0.170000
0.004856, 0.005440, 0.170000, 0.170000, 0.170000
0.004972, 0.005440, 0.170000, 0.170000, 0.170000
0.005090, 0.005440, 0.175128, 0.175102, 0.175196
0.005206, 0.005440, 0.208211, 0.208092, 0.209873
0.005324, 0.005440, 0.172137, 0.172126, 0.172130
0.005440, 0.005440, 0.170000, 0.170000, 0.170000
0.005557, 0.005440, 0.199105, 0.198997, 0.200564
0.005675, 0.005440, 0.186350, 0.186280, 0.187010
0.005791, 0.005440, 0.170000, 0.170000, 0.170000
-0.005791, 0.005557, 0.195226, 0.196541, 0.194801
-0.005674, 0.005557, 0.340000, 0.340000, 0.340000
-0.005557, 0.005557, 0.340000, 0.340000, 0.340000
-0.005441, 0.005557, 0.340000, 0.340000, 0.340000
-0.005324, 0.005557, 0.340000, 0.340000, 0.340000
-0.005207, 0.005557, 0.340000, 0.340000, 0.340000
-0.005089, 0.005557, 0.340000, 0.340000, 0.340000
-0.004972, 0.005557, 0.243275, 0.243901, 0.243913
-0.004855, 0.005557, 0.310421, 0.310827, 0.310422
-0.004738, 0.005557, 0.340000, 0.340000, 0.340000
-0.004621, 0.005557, 0.340000, 0.340000, 0.340000
-0.004504, 0.005557, 0.303916, 0.305441, 0.303331
-0.004387, 0.005557, 0.340000, 0.340000, 0.340000
-0.004270, 0.005557, 0.241315, 0.242318, 0.241146
-0.004154, 0.005557, 0.207232, 0.208344, 0.206697
-0.004036, 0.005557, 0.339203, 0.339192, 0.339192
-0.003920, 0.005557, 0.312461, 0.313376, 0.312208
-0.003803, 0.005557, 0.231937, 0.233226, 0.231435
-0.003686, 0.005557, 0.340000, 0.340000, 0.340000
-0.003569, 0.005557, 0.263800, 0.264268, 0.264268
-0.003452, 0.005557, 0.170191, 0.170184, 0.170184
-0.003335, 0.005557, 0.234063, 0.235086, 0.233829
-0.003218, 0.005557, 0.340000, 0.340000, 0.340000
-0.003101, 0.005557, 0.284930, 0.285996, 0.284768
-0.002984, 0.005557, 0.174058, 0.174261, 0.173929
-0.002867, 0.005557, 0.328465, 0.328653, 0.328457
-0.002750, 0.005557, 0.336042, 0.336045, 0.336045
-0.002633, 0.005557, 0.189860, 0.190762, 0.189462
-0.002516, 0.005557, 0.170000, 0.170000, 0.170000
-0.002399, 0.005557, 0.170000, 0.170000, 0.170000
-0.002282, 0.005557, 0.170000, 0.170000, 0.170000
-0.002165, 0.005557, 0.193382, 0.194361, 0.192941
-0.002048, 0.005557, 0.336923, 0.336920, 0.336920
-0.001931, 0.005557, 0.325968, 0.326276, 0.325920
-0.001814, 0.005557, 0.172231, 0.172341, 0.172137
-0.001697, 0.005557, 0.289292, 0.290371, 0.289109
-0.001580, 0.005557, 0.340000, 0.340000, 0.340000
-0.001463, 0.005557, 0.229714, 0.230754, 0.229427
-0.001345, 0.005557, 0.170000, 0.170000, 0.170000
-0.001228, 0.005557, 0.170000, 0.170000, 0.170000
-0.001112, 0.005557, 0.170000, 0.170000, 0.170000
-0.000995, 0.005557, 0.184931, 0.184960, 0.185279
-0.000878, 0.005557, 0.321056, 0.321516, 0.320923
-0.000761, 0.005557, 0.338729, 0.338718, 0.338718
-0.000644, 0.005557, 0.229371, 0.230986, 0.229631
-0.000527, 0.005557, 0.336195, 0.336190, 0.336190
-0.000410, 0.005557, 0.340000, 0.340000, 0.340000
-0.000293, 0.005557, 0.296604, 0.298018, 0.296161
-0.000176, 0.005557, 0.297336, 0.297187, 0.299092
-0.000058, 0.005557, 0.295946, 0.295784, 0.297748
0.000058, 0.005557, 0.295947, 0.295785, 0.297749
0.000175, 0.005557, 0.295926, 0.295764, 0.297728
0.000292, 0.005557, 0.294710, 0.296164, 0.294250
0.000409, 0.005557, 0.340000, 0.340000, 0.340000
0.000526, 0.005557, 0.290090, 0.291861, 0.289496
0.000643, 0.005557, 0.281986, 0.283662, 0.281849
0.000760, 0.005557, 0.339751, 0.339750, 0.339737
0.000877, 0.005557, 0.317932, 0.318684, 0.317667
0.000994, 0.005557, 0.291123, 0.291792, 0.292207
0.001112, 0.005557, 0.276539, 0.276874, 0.277277
0.001228, 0.005557, 0.192498, 0.193349, 0.192083
0.001345, 0.005557, 0.325562, 0.325441, 0.326562
0.001462, 0.005557, 0.324517, 0.324372, 0.326126
0.001579, 0.005557, 0.340000, 0.340000, 0.340000
0.001696, 0.005557, 0.289292, 0.290371, 0.289109
0.001813, 0.005557, 0.201572, 0.202291, 0.201239
0.001930, 0.005557, 0.329684, 0.329672, 0.329860
0.002048, 0.005557, 0.336923, 0.336920, 0.336920
0.002164, 0.005557, 0.269312, 0.271588, 0.268322
0.002282, 0.005557, 0.328003, 0.328163, 0.328003
0.002398, 0.005557, 0.284060, 0.285243, 0.283691
0.002515, 0.005557, 0.284364, 0.285518, 0.284050
0.002632, 0.005557, 0.215399, 0.216085, 0.216216
0.002749, 0.005557, 0.336042, 0.336045, 0.336045
0.002866, 0.005557, 0.328465, 0.328653, 0.328457
0.002983, 0.005557, 0.174058, 0.174261, 0.173929
0.003101, 0.005557, 0.296996, 0.298240, 0.296430
0.003217, 0.005557, 0.340000, 0.340000, 0.340000
0.003335, 0.005557, 0.234063, 0.235086, 0.233829
0.003451, 0.005557, 0.252768, 0.253802, 0.252843
0.003569, 0.005557, 0.203308, 0.203944, 0.203060
0.003685, 0.005557, 0.308628, 0.308893, 0.308816
0.003802, 0.005557, 0.218236, 0.218542, 0.219979
0.003919, 0.005557, 0.312461, 0.313376, 0.312208
0.004037, 0.005557, 0.339203, 0.339192, 0.339192
0.004153, 0.005557, 0.207232, 0.208344, 0.206697
0.004270, 0.005557, 0.241315, 0.242318, 0.241146
0.004388, 0.005557, 0.340000, 0.340000, 0.340000
0.004504, 0.005557, 0.277656, 0.278697, 0.277524
0.004622, 0.005557, 0.170000, 0.170000, 0.170000
0.004738, 0.005557, 0.170000, 0.170000, 0.170000
0.004856, 0.005557, 0.170000, 0.170000, 0.170000
0.004972, 0.005557, 0.170000, 0.170000, 0.170000
0.005090, 0.005557, 0.268927, 0.269940, 0.268819
0.005206, 0.005557, 0.340000, 0.340000, 0.340000
0.005324, 0.005557, 0.250027, 0.251019, 0.249905
0.005440, 0.005557, 0.199497, 0.200564, 0.198997
0.005557, 0.005557, 0.338143, 0.338135, 0.338135
0.005675, 0.005557, 0.320795, 0.321353, 0.320647
0.005791, 0.005557, 0.170207, 0.170212, 0.170191
-0.005791, 0.005675, 0.179569, 0.179860, 0.179407
-0.005674, 0.005675, 0.314788, 0.314988, 0.314988
-0.005557, 0.005675, 0.340000, 0.340000, 0.340000
-0.005441, 0.005675, 0.340000, 0.340000, 0.340000
-0.005324, 0.005675, 0.340000, 0.340000, 0.340000
-0.005207, 0.005675, 0.340000, 0.340000, 0.340000
-0.005089, 0.005675, 0.340000, 0.340000, 0.340000
-0.004972, 0.005675, 0.340000, 0.340000, 0.340000
-0.004855, 0.005675, 0.340000, 0.340000, 0.340000
-0.004738, 0.005675, 0.340000, 0.340000, 0.340000
-0.004621, 0.005675, 0.340000, 0.340000, 0.340000
-0.004504, 0.005675, 0.268539, 0.270350, 0.268276
-0.004387, 0.005675, 0.330986, 0.330868, 0.331528
-0.004270, 0.005675, 0.217662, 0.218400, 0.217428
-0.004154, 0.005675, 0.191842, 0.192402, 0.191578
-0.004036, 0.005675, 0.323817, 0.323799, 0.324494
-0.003920, 0.005675, 0.282738, 0.283448, 0.283356
-0.003803, 0.005675, 0.231937, 0.233226, 0.231435
-0.003686, 0.005675, 0.340000, 0.340000, 0.340000
-0.003569, 0.005675, 0.340000, 0.340000, 0.340000
-0.003452, 0.005675, 0.263800, 0.264268, 0.264268
-0.003335, 0.005675, 0.211882, 0.212591, 0.211612
-0.003218, 0.005675, 0.330230, 0.330122, 0.330795
-0.003101, 0.005675, 0.256601, 0.257291, 0.256936
-0.002984, 0.005675, 0.170800, 0.170812, 0.170771
-0.002867, 0.005675, 0.301695, 0.302040, 0.302502
-0.002750, 0.005675, 0.315504, 0.315583, 0.316306
-0.002633, 0.005675, 0.180121, 0.180497, 0.179936
-0.002516, 0.005675, 0.170000, 0.170000, 0.170000
-0.002399, 0.005675, 0.170000, 0.170000, 0.170000
-0.002282, 0.005675, 0.170000, 0.170000, 0.170000
-0.002165, 0.005675, 0.182426, 0.182851, 0.182219
-0.002048, 0.005675, 0.317539, 0.317597, 0.318314
-0.001931, 0.005675, 0.298056, 0.298529, 0.298798
-0.001814, 0.005675, 0.170184, 0.170182, 0.170176
-0.001697, 0.005675, 0.260653, 0.261344, 0.261052
-0.001580, 0.005675, 0.329591, 0.329493, 0.330169
-0.001463, 0.005675, 0.208255, 0.208952, 0.207982
-0.001345, 0.005675, 0.170000, 0.170000, 0.170000
-0.001228, 0.005675, 0.170000, 0.170000, 0.170000
-0.001112, 0.005675, 0.170000, 0.170000, 0.170000
-0.000995, 0.005675, 0.171043, 0.171065, 0.171009
-0.000878, 0.005675, 0.293367, 0.293647, 0.294197
-0.000761, 0.005675, 0.322290, 0.322292, 0.322992
-0.000644, 0.005675, 0.189123, 0.189650, 0.188871
-0.000527, 0.005675, 0.225117, 0.225780, 0.225249
-0.000410, 0.005675, 0.331256, 0.331136, 0.331784
-0.000293, 0.005675, 0.245940, 0.246638, 0.246085
-0.000176, 0.005675, 0.170000, 0.170000, 0.170000
-0.000058, 0.005675, 0.170000, 0.170000, 0.170000
0.000058, 0.005675, 0.170000, 0.170000, 0.170000
0.000175, 0.005675, 0.170000, 0.170000, 0.170000
0.000292, 0.005675, 0.245940, 0.246638, 0.246085
0.000409, 0.005675, 0.331256, 0.331136, 0.331784
0.000526, 0.005675, 0.221393, 0.222140, 0.221185
0.000643, 0.005675, 0.189123, 0.189650, 0.188871
0.000760, 0.005675, 0.322290, 0.322292, 0.322992
0.000877, 0.005675, 0.286961, 0.287654, 0.287596
0.000994, 0.005675, 0.170000, 0.170000, 0.170000
0.001112, 0.005675, 0.170000, 0.170000, 0.170000
0.001228, 0.005675, 0.176778, 0.176879, 0.176710
0.001345, 0.005675, 0.258016, 0.257939, 0.259482
0.001462, 0.005675, 0.274499, 0.274414, 0.276081
0.001579, 0.005675, 0.329591, 0.329493, 0.330169
0.001696, 0.005675, 0.260653, 0.261344, 0.261052
0.001813, 0.005675, 0.189271, 0.189575, 0.189163
0.001930, 0.005675, 0.304079, 0.304086, 0.305202
0.002048, 0.005675, 0.317539, 0.317597, 0.318314
0.002164, 0.005675, 0.195669, 0.196162, 0.195480
0.002282, 0.005675, 0.221357, 0.221352, 0.222807
0.002398, 0.005675, 0.193414, 0.193383, 0.194062
0.002515, 0.005675, 0.193852, 0.193820, 0.194522
0.002632, 0.005675, 0.187532, 0.187808, 0.187434
0.002749, 0.005675, 0.315504, 0.315583, 0.316306
0.002866, 0.005675, 0.301695, 0.302040, 0.302502
0.002983, 0.005675, 0.170800, 0.170812, 0.170771
0.003101, 0.005675, 0.256601, 0.257291, 0.256936
0.003217, 0.005675, 0.330230, 0.330122, 0.330795
0.003335, 0.005675, 0.211689, 0.212404, 0.211426
0.003451, 0.005675, 0.318155, 0.318772, 0.318082
0.003569, 0.005675, 0.250236, 0.251612, 0.249760
0.003685, 0.005675, 0.283557, 0.283560, 0.285039
0.003802, 0.005675, 0.188053, 0.188471, 0.187853
0.003919, 0.005675, 0.282738, 0.283448, 0.283356
0.004037, 0.005675, 0.323817, 0.323799, 0.324494
0.004153, 0.005675, 0.191842, 0.192402, 0.191578
0.004270, 0.005675, 0.217662, 0.218400, 0.217428
0.004388, 0.005675, 0.330986, 0.330868, 0.331528
0.004504, 0.005675, 0.249916, 0.250607, 0.250133
0.004622, 0.005675, 0.170000, 0.170000, 0.170000
0.004738, 0.005675, 0.170000, 0.170000, 0.170000
0.004856, 0.005675, 0.170000, 0.170000, 0.170000
0.004972, 0.005675, 0.170000, 0.170000, 0.170000
0.005090, 0.005675, 0.241996, 0.242702, 0.242068
0.005206, 0.005675, 0.331417, 0.331297, 0.331932
0.005324, 0.005675, 0.225203, 0.225953, 0.225029
0.005440, 0.005675, 0.186518, 0.187010, 0.186280
0.005557, 0.005675, 0.320625, 0.320647, 0.321353
0.005675, 0.005675, 0.291198, 0.291849, 0.291849
0.005791, 0.005675, 0.170000, 0.170000, 0.170000
-0.005791, 0.005791, 0.170000, 0.170000, 0.170000
-0.005674, 0.005791, 0.179321, 0.179265, 0.179724
-0.005557, 0.005791, 0.194493, 0.194343, 0.196086
-0.005441, 0.005791, 0.194493, 0.194343, 0.196086
-0.005324, 0.005791, 0.194493, 0.194343, 0.196086
-0.005207, 0.005791, 0.194493, 0.194343, 0.196086
-0.005089, 0.005791, 0.194493, 0.194343, 0.196086
-0.004972, 0.005791, 0.194493, 0.194343, 0.196086
-0.004855, 0.005791, 0.194493, 0.194343, 0.196086
-0.004738, 0.005791, 0.194493, 0.194343, 0.196086
-0.004621, 0.005791, 0.194493, 0.194343, 0.196086
-0.004504, 0.005791, 0.172304, 0.172302, 0.172281
-0.004387, 0.005791, 0.170200, 0.170191, 0.170212
-0.004270, 0.005791, 0.170000, 0.170000, 0.170000
-0.004154, 0.005791, 0.170000, 0.170000, 0.170000
-0.004036, 0.005791, 0.170200, 0.170191, 0.170212
-0.003920, 0.005791, 0.170000, 0.170000, 0.170000
-0.003803, 0.005791, 0.170817, 0.170779, 0.170869
-0.003686, 0.005791, 0.172268, 0.172163, 0.172434
-0.003569, 0.005791, 0.172268, 0.172163, 0.172434
-0.003452, 0.005791, 0.172268, 0.172163, 0.172434
-0.003335, 0.005791, 0.170117, 0.170112, 0.170116
-0.003218, 0.005791, 0.170200, 0.170191, 0.170212
-0.003101, 0.005791, 0.170000, 0.170000, 0.170000
-0.002984, 0.005791, 0.170000, 0.170000, 0.170000
-0.002867, 0.005791, 0.170000, 0.170000, 0.170000
-0.002750, 0.005791, 0.170200, 0.170191, 0.170209
-0.002633, 0.005791, 0.170000, 0.170000, 0.170000
-0.002516, 0.005791, 0.170000, 0.170000, 0.170000
-0.002399, 0.005791, 0.170000, 0.170000, 0.170000
-0.002282, 0.005791, 0.170000, 0.170000, 0.170000
-0.002165, 0.005791, 0.170000, 0.170000, 0.170000
-0.002048, 0.005791, 0.170200, 0.170191, 0.170211
-0.001931, 0.005791, 0.170000, 0.170000, 0.170000
-0.001814, 0.005791, 0.170000, 0.170000, 0.170000
-0.001697, 0.005791, 0.170000, 0.170000, 0.170000
-0.001580, 0.005791, 0.170200, 0.170191, 0.170212
-0.001463, 0.005791, 0.170000, 0.170000, 0.170000
-0.001345, 0.005791, 0.170000, 0.170000, 0.170000
-0.001228, 0.005791, 0.170000, 0.170000, 0.170000
-0.001112, 0.005791, 0.170000, 0.170000, 0.170000
-0.000995, 0.005791, 0.170000, 0.170000, 0.170000
-0.000878, 0.005791, 0.170000, 0.170000, 0.170000
-0.000761, 0.005791, 0.170200, 0.170191, 0.170212
-0.000644, 0.005791, 0.170000, 0.170000, 0.170000
-0.000527, 0.005791, 0.170000, 0.170000, 0.170000
-0.000410, 0.005791, 0.170200, 0.170191, 0.170212
-0.000293, 0.005791, 0.170000, 0.170000, 0.170000
-0.000176, 0.005791, 0.170000, 0.170000, 0.170000
-0.000058, 0.005791, 0.170000, 0.170000, 0.170000
0.000058, 0.005791, 0.170000, 0.170000, 0.170000
0.000175, 0.005791, 0.170000, 0.170000, 0.170000
0.000292, 0.005791, 0.170000, 0.170000, 0.170000
0.000409, 0.005791, 0.170200, 0.170191, 0.170212
0.000526, 0.005791, 0.170000, 0.170000, 0.170000
0.000643, 0.005791, 0.170000, 0.170000, 0.170000
0.000760, 0.005791, 0.170200, 0.170191, 0.170212
0.000877, 0.005791, 0.170000, 0.170000, 0.170000
0.000994, 0.005791, 0.170000, 0.170000, 0.170000
0.001112, 0.005791, 0.170000, 0.170000, 0.170000
0.001228, 0.005791, 0.170000, 0.170000, 0.170000
0.001345, 0.005791, 0.170000, 0.170000, 0.170000
0.001462, 0.005791, 0.170000, 0.170000, 0.170000
0.001579, 0.005791, 0.170200, 0.170191, 0.170212
0.001696, 0.005791, 0.170000, 0.170000, 0.170000
0.001813, 0.005791, 0.170000, 0.170000, 0.170000
0.001930, 0.005791, 0.170000, 0.170000, 0.170000
0.002048, 0.005791, 0.170200, 0.170191, 0.170211
0.002164, 0.005791, 0.170000, 0.170000, 0.170000
0.002282, 0.005791, 0.170000, 0.170000, 0.170000
0.002398, 0.005791, 0.170000, 0.170000, 0.170000
0.002515, 0.005791, 0.170000, 0.170000, 0.170000
0.002632, 0.005791, 0.170000, 0.170000, 0.170000
0.002749, 0.005791, 0.170200, 0.170191, 0.170209
0.002866, 0.005791, 0.170000, 0.170000, 0.170000
0.002983, 0.005791, 0.170000, 0.170000, 0.170000
0.003101, 0.005791, 0.170000, 0.170000, 0.170000
0.003217, 0.005791, 0.170200, 0.170191, 0.170212
0.003335, 0.005791, 0.170000, 0.170000, 0.170000
0.003451, 0.005791, 0.172417, 0.172359, 0.172665
0.003569, 0.005791, 0.170000, 0.170000, 0.170000
0.003685, 0.005791, 0.170000, 0.170000, 0.170000
0.003802, 0.005791, 0.170000, 0.170000, 0.170000
0.003919, 0.005791, 0.170000, 0.170000, 0.170000
0.004037, 0.005791, 0.170200, 0.170191, 0.170212
0.004153, 0.005791, 0.170000, 0.170000, 0.170000
0.004270, 0.005791, 0.170000, 0.170000, 0.170000
0.004388, 0.005791, 0.170200, 0.170191, 0.170212
0.004504, 0.005791, 0.170000, 0.170000, 0.170000
0.004622, 0.005791, 0.170000, 0.170000, 0.170000
0.004738, 0.005791, 0.170000, 0.170000, 0.170000
0.004856, 0.005791, 0.170000, 0.170000, 0.170000
0.004972, 0.005791, 0.170000, 0.170000, 0.170000
0.005090, 0.005791, 0.170000, 0.170000, 0.170000
0.005206, 0.005791, 0.170200, 0.170191, 0.170212
0.005324, 0.005791, 0.170000, 0.170000, 0.170000
0.005440, 0.005791, 0.170000, 0.170000, 0.170000
0.005557, 0.005791, 0.170200, 0.170191, 0.170212
0.005675, 0.005791, 0.170000, 0.170000, 0.170000
0.005791, 0.005791, 0.170000, 0.170000, 0.170000
