-0.005791, -0.005791, 1.500000, 1.500000, 1.500000
-0.005674, -0.005791, 1.834769, 1.630594, 1.638663
-0.005557, -0.005791, 3.973591, 1.783451, 1.892714
-0.005441, -0.005791, 3.973591, 1.783451, 1.892714
-0.005324, -0.005791, 3.973591, 1.783451, 1.892714
-0.005207, -0.005791, 3.973591, 1.783451, 1.892714
-0.005089, -0.005791, 3.973591, 1.783451, 1.892714
-0.004972, -0.005791, 3.973591, 1.783451, 1.892714
-0.004855, -0.005791, 3.973591, 1.783451, 1.892714
-0.004738, -0.005791, 3.973591, 1.783451, 1.892714
-0.004621, -0.005791, 1.717641, 1.639610, 1.650536
-0.004504, -0.005791, 1.500000, 1.500000, 1.500000
-0.004387, -0.005791, 1.517184, 1.506775, 1.521091
-0.004270, -0.005791, 1.500000, 1.500000, 1.500000
-0.004154, -0.005791, 1.500000, 1.500000, 1.500000
-0.004036, -0.005791, 1.500000, 1.500000, 1.500000
-0.003920, -0.005791, 1.500000, 1.500000, 1.500000
-0.003803, -0.005791, 1.500000, 1.500000, 1.500000
-0.003686, -0.005791, 1.789680, 1.536813, 1.570855
-0.003569, -0.005791, 2.062227, 1.567656, 1.638611
-0.003452, -0.005791, 1.500000, 1.500000, 1.500000
-0.003335, -0.005791, 1.500000, 1.500000, 1.500000
-0.003218, -0.005791, 1.517368, 1.506783, 1.521106
-0.003101, -0.005791, 1.500000, 1.500000, 1.500000
-0.002984, -0.005791, 1.500000, 1.500000, 1.500000
-0.002867, -0.005791, 1.500000, 1.500000, 1.500000
-0.002750, -0.005791, 1.500000, 1.500000, 1.500000
-0.002633, -0.005791, 1.500000, 1.500000, 1.500000
-0.002516, -0.005791, 1.500000, 1.500000, 1.500000
-0.002399, -0.005791, 1.517227, 1.506780, 1.521091
-0.002282, -0.005791, 1.500000, 1.500000, 1.500000
-0.002165, -0.005791, 1.500000, 1.500000, 1.500000
-0.002048, -0.005791, 1.519865, 1.506463, 1.519810
-0.001931, -0.005791, 1.500000, 1.500000, 1.500000
-0.001814, -0.005791, 1.500000, 1.500000, 1.500000
-0.001697, -0.005791, 1.500000, 1.500000, 1.500000
-0.001580, -0.005791, 1.500000, 1.500000, 1.500000
-0.001463, -0.005791, 1.500000, 1.500000, 1.500000
-0.001345, -0.005791, 1.500000, 1.500000, 1.500000
-0.001228, -0.005791, 1.517441, 1.506753, 1.521093
-0.001112, -0.005791, 1.500000, 1.500000, 1.500000
-0.000995, -0.005791, 1.500000, 1.500000, 1.500000
-0.000878, -0.005791, 1.500000, 1.500000, 1.500000
-0.000761, -0.005791, 1.516676, 1.506699, 1.521028
-0.000644, -0.005791, 1.500000, 1.500000, 1.500000
-0.000527, -0.005791, 1.500000, 1.500000, 1.500000
-0.000410, -0.005791, 1.500000, 1.500000, 1.500000
-0.000293, -0.005791, 1.500000, 1.500000, 1.500000
-0.000176, -0.005791, 1.500000, 1.500000, 1.500000
-0.000058, -0.005791, 1.508597, 1.503399, 1.510480
0.000058, -0.005791, 1.505059, 1.503399, 1.510480
0.000175, -0.005791, 1.500000, 1.500000, 1.500000
0.000292, -0.005791, 1.500000, 1.500000, 1.500000
0.000409, -0.005791, 1.517237, 1.506785, 1.521102
0.000526, -0.005791, 1.500000, 1.500000, 1.500000
0.000643, -0.005791, 1.500000, 1.500000, 1.500000
0.000760, -0.005791, 1.500000, 1.500000, 1.500000
0.000877, -0.005791, 1.500000, 1.500000, 1.500000
0.000994, -0.005791, 1.500000, 1.500000, 1.500000
0.001112, -0.005791, 1.500000, 1.500000, 1.500000
0.001228, -0.005791, 1.517050, 1.506753, 1.521093
0.001345, -0.005791, 1.500000, 1.500000, 1.500000
0.001462, -0.005791, 1.500000, 1.500000, 1.500000
0.001579, -0.005791, 1.517382, 1.506766, 1.521107
0.001696, -0.005791, 1.500000, 1.500000, 1.500000
0.001813, -0.005791, 1.500000, 1.500000, 1.500000
0.001930, -0.005791, 1.500000, 1.500000, 1.500000
0.002048, -0.005791, 1.500000, 1.500000, 1.500000
0.002164, -0.005791, 1.500000, 1.500000, 1.500000
0.002282, -0.005791, 1.500000, 1.500000, 1.500000
0.002398, -0.005791, 1.517238, 1.506780, 1.521091
0.002515, -0.005791, 1.500000, 1.500000, 1.500000
0.002632, -0.005791, 1.500000, 1.500000, 1.500000
0.002749, -0.005791, 1.526428, 1.506069, 1.517859
0.002866, -0.005791, 1.500000, 1.500000, 1.500000
0.002983, -0.005791, 1.500000, 1.500000, 1.500000
0.003101, -0.005791, 1.500000, 1.500000, 1.500000
0.003217, -0.005791, 1.500000, 1.500000, 1.500000
0.003335, -0.005791, 1.500000, 1.500000, 1.500000
0.003451, -0.005791, 1.500000, 1.500000, 1.500000
0.003569, -0.005791, 1.517543, 1.506756, 1.521101
0.003685, -0.005791, 1.500000, 1.500000, 1.500000
0.003802, -0.005791, 1.500000, 1.500000, 1.500000
0.003919, -0.005791, 1.500000, 1.500000, 1.500000
0.004037, -0.005791, 1.516840, 1.506727, 1.521073
0.004153, -0.005791, 1.500000, 1.500000, 1.500000
0.004270, -0.005791, 1.500000, 1.500000, 1.500000
0.004388, -0.005791, 1.500000, 1.500000, 1.500000
0.004504, -0.005791, 1.500000, 1.500000, 1.500000
0.004622, -0.005791, 1.500000, 1.500000, 1.500000
0.004738, -0.005791, 1.503975, 1.501835, 1.507111
0.004856, -0.005791, 1.508056, 1.504653, 1.513515
0.004972, -0.005791, 1.500000, 1.500000, 1.500000
0.005090, -0.005791, 1.500000, 1.500000, 1.500000
0.005206, -0.005791, 1.517252, 1.506774, 1.521105
0.005324, -0.005791, 1.500000, 1.500000, 1.500000
0.005440, -0.005791, 1.500000, 1.500000, 1.500000
0.005557, -0.005791, 1.518175, 1.506651, 1.520883
0.005675, -0.005791, 1.500000, 1.500000, 1.500000
0.005791, -0.005791, 1.500000, 1.500000, 1.500000
-0.005791, -0.005674, 1.630594, 1.834769, 1.638663
-0.005674, -0.005674, 14.229565, 14.229565, 12.395674
-0.005557, -0.005674, 401.000000, 401.000000, 401.000000
-0.005441, -0.005674, 401.000000, 401.000000, 401.000000
-0.005324, -0.005674, 401.000000, 401.000000, 401.000000
-0.005207, -0.005674, 401.000000, 401.000000, 401.000000
-0.005089, -0.005674, 401.000000, 401.000000, 401.000000
-0.004972, -0.005674, 394.422988, 392.637608, 334.268231
-0.004855, -0.005674, 401.000000, 401.000000, 401.000000
-0.004738, -0.005674, 401.000000, 401.000000, 401.000000
-0.004621, -0.005674, 290.019195, 15.941166, 14.123430
-0.004504, -0.005674, 4.125203, 4.919701, 3.829722
-0.004387, -0.005674, 229.559872, 34.930588, 76.263345
-0.004270, -0.005674, 2.375627, 3.251918, 2.276467
-0.004154, -0.005674, 1.500000, 1.500000, 1.500000
-0.004036, -0.005674, 1.500000, 1.500000, 1.500000
-0.003920, -0.005674, 1.500000, 1.500000, 1.500000
-0.003803, -0.005674, 1.869746, 1.869746, 1.733054
-0.003686, -0.005674, 14.535826, 14.535826, 12.694425
-0.003569, -0.005674, 390.188574, 144.884169, 213.438395
-0.003452, -0.005674, 3.656288, 3.354768, 2.620110
-0.003335, -0.005674, 2.247206, 2.992870, 2.150020
-0.003218, -0.005674, 88.777897, 32.561272, 64.683290
-0.003101, -0.005674, 4.159713, 5.142271, 3.610831
-0.002984, -0.005674, 1.500000, 1.500000, 1.500000
-0.002867, -0.005674, 1.500000, 1.500000, 1.500000
-0.002750, -0.005674, 1.500000, 1.500000, 1.500000
-0.002633, -0.005674, 1.500000, 1.500000, 1.500000
-0.002516, -0.005674, 2.946052, 4.018834, 2.742192
-0.002399, -0.005674, 173.811885, 37.447635, 89.316938
-0.002282, -0.005674, 2.815193, 3.849159, 2.627577
-0.002165, -0.005674, 1.673820, 2.017976, 1.687313
-0.002048, -0.005674, 21.416374, 15.583322, 17.563931
-0.001931, -0.005674, 174.077385, 9.118625, 8.490425
-0.001814, -0.005674, 1.504217, 1.514243, 1.513567
-0.001697, -0.005674, 1.500000, 1.500000, 1.500000
-0.001580, -0.005674, 1.500000, 1.500000, 1.500000
-0.001463, -0.005674, 1.500000, 1.500000, 1.500000
-0.001345, -0.005674, 1.982605, 2.551686, 1.935683
-0.001228, -0.005674, 48.530882, 25.902669, 39.723028
-0.001112, -0.005674, 5.885163, 6.223919, 4.651215
-0.000995, -0.005674, 1.500000, 1.500000, 1.500000
-0.000878, -0.005674, 7.288361, 7.684835, 6.487198
-0.000761, -0.005674, 328.514247, 19.359921, 24.063875
-0.000644, -0.005674, 1.754947, 2.209648, 1.776284
-0.000527, -0.005674, 1.500000, 1.500000, 1.500000
-0.000410, -0.005674, 1.500000, 1.500000, 1.500000
-0.000293, -0.005674, 1.500000, 1.500000, 1.500000
-0.000176, -0.005674, 1.562752, 1.786879, 1.589764
-0.000058, -0.005674, 14.794983, 11.734708, 11.940003
0.000058, -0.005674, 279.523594, 11.734708, 11.940003
0.000175, -0.005674, 1.558114, 1.786879, 1.589764
0.000292, -0.005674, 3.384082, 4.523824, 3.111322
0.000409, -0.005674, 211.445560, 35.984103, 81.503869
0.000526, -0.005674, 2.485173, 3.416733, 2.361806
0.000643, -0.005674, 1.500000, 1.500000, 1.500000
0.000760, -0.005674, 1.500000, 1.500000, 1.500000
0.000877, -0.005674, 1.500000, 1.500000, 1.500000
0.000994, -0.005674, 1.500000, 1.500000, 1.500000
0.001112, -0.005674, 5.169001, 6.223919, 4.651215
0.001228, -0.005674, 309.364795, 25.902669, 39.723028
0.001345, -0.005674, 1.944961, 2.551686, 1.935683
0.001462, -0.005674, 2.168195, 2.867156, 2.086097
0.001579, -0.005674, 75.387880, 30.892215, 57.430055
0.001696, -0.005674, 4.943430, 5.417592, 3.951758
0.001813, -0.005674, 1.500000, 1.500000, 1.500000
0.001930, -0.005674, 1.500000, 1.500000, 1.500000
0.002048, -0.005674, 1.500000, 1.500000, 1.500000
0.002164, -0.005674, 1.500000, 1.500000, 1.500000
0.002282, -0.005674, 2.810122, 3.849159, 2.627577
0.002398, -0.005674, 162.815093, 37.447635, 89.316938
0.002515, -0.005674, 2.962641, 4.018834, 2.742192
0.002632, -0.005674, 1.639110, 1.952011, 1.658128
0.002749, -0.005674, 19.215608, 14.380231, 15.704315
0.002866, -0.005674, 213.010530, 9.719438, 9.301532
0.002983, -0.005674, 1.525404, 1.560181, 1.539872
0.003101, -0.005674, 1.500000, 1.500000, 1.500000
0.003217, -0.005674, 1.500000, 1.500000, 1.500000
0.003335, -0.005674, 1.500000, 1.500000, 1.500000
0.003451, -0.005674, 1.921610, 2.442487, 1.886172
0.003569, -0.005674, 41.310351, 23.959359, 34.260617
0.003685, -0.005674, 6.700480, 6.569020, 5.043560
0.003802, -0.005674, 1.500000, 1.500000, 1.500000
0.003919, -0.005674, 6.555523, 7.222447, 5.862278
0.004037, -0.005674, 326.361558, 21.034910, 27.467726
0.004153, -0.005674, 1.800403, 2.294272, 1.815396
0.004270, -0.005674, 1.500000, 1.500000, 1.500000
0.004388, -0.005674, 1.500000, 1.500000, 1.500000
0.004504, -0.005674, 1.500000, 1.500000, 1.500000
0.004622, -0.005674, 1.552260, 1.673910, 1.568665
0.004738, -0.005674, 13.570542, 10.949716, 10.916398
0.004856, -0.005674, 288.768511, 12.673984, 13.241111
0.004972, -0.005674, 1.581007, 1.853046, 1.614408
0.005090, -0.005674, 3.209380, 4.334145, 2.965611
0.005206, -0.005674, 197.572816, 36.772759, 85.642602
0.005324, -0.005674, 2.600772, 3.582934, 2.455905
0.005440, -0.005674, 1.739805, 2.135240, 1.741178
0.005557, -0.005674, 25.855141, 17.866551, 21.354063
0.005675, -0.005674, 19.368615, 8.171685, 7.176215
0.005791, -0.005674, 1.500000, 1.500000, 1.500000
-0.005791, -0.005557, 1.783451, 3.973591, 1.892714
-0.005674, -0.005557, 401.000000, 401.000000, 401.000000
-0.005557, -0.005557, 401.000000, 401.000000, 401.000000
-0.005441, -0.005557, 401.000000, 401.000000, 401.000000
-0.005324, -0.005557, 401.000000, 401.000000, 401.000000
-0.005207, -0.005557, 401.000000, 401.000000, 401.000000
-0.005089, -0.005557, 401.000000, 401.000000, 401.000000
-0.004972, -0.005557, 3.825633, 42.531482, 3.342839
-0.004855, -0.005557, 7.095779, 219.615274, 6.393336
-0.004738, -0.005557, 401.000000, 401.000000, 401.000000
-0.004621, -0.005557, 401.000000, 401.000000, 401.000000
-0.004504, -0.005557, 7.915820, 90.377040, 12.554541
-0.004387, -0.005557, 401.000000, 401.000000, 401.000000
-0.004270, -0.005557, 2.824225, 11.909967, 2.909719
-0.004154, -0.005557, 1.500000, 1.500000, 1.500000
-0.004036, -0.005557, 1.500000, 1.500000, 1.500000
-0.003920, -0.005557, 1.500000, 1.500000, 1.500000
-0.003803, -0.005557, 7.134675, 14.412571, 7.947950
-0.003686, -0.005557, 401.000000, 401.000000, 401.000000
-0.003569, -0.005557, 401.000000, 401.000000, 401.000000
-0.003452, -0.005557, 390.188574, 144.884169, 213.438395
-0.003335, -0.005557, 4.566245, 15.639696, 5.235473
-0.003218, -0.005557, 401.000000, 401.000000, 401.000000
-0.003101, -0.005557, 5.571370, 50.613507, 5.763978
-0.002984, -0.005557, 1.500000, 1.500000, 1.500000
-0.002867, -0.005557, 1.500000, 1.500000, 1.500000
-0.002750, -0.005557, 1.500000, 1.500000, 1.500000
-0.002633, -0.005557, 1.728607, 1.728583, 1.651908
-0.002516, -0.005557, 11.775524, 22.868478, 12.194426
-0.002399, -0.005557, 401.000000, 401.000000, 401.000000
-0.002282, -0.005557, 308.675308, 23.697844, 17.844884
-0.002165, -0.005557, 3.072388, 3.314129, 2.663356
-0.002048, -0.005557, 110.227952, 385.372673, 153.553909
-0.001931, -0.005557, 287.547810, 340.699960, 29.913077
-0.001814, -0.005557, 1.530082, 1.590595, 1.559139
-0.001697, -0.005557, 1.500000, 1.500000, 1.500000
-0.001580, -0.005557, 1.500000, 1.500000, 1.500000
-0.001463, -0.005557, 1.500000, 1.500000, 1.500000
-0.001345, -0.005557, 3.947495, 7.855907, 3.746094
-0.001228, -0.005557, 401.000000, 401.000000, 401.000000
-0.001112, -0.005557, 9.003606, 117.071106, 8.988056
-0.000995, -0.005557, 1.500000, 1.500000, 1.500000
-0.000878, -0.005557, 277.835550, 353.739427, 386.306817
-0.000761, -0.005557, 394.506287, 394.506287, 302.885686
-0.000644, -0.005557, 1.958660, 2.764385, 2.013088
-0.000527, -0.005557, 1.500000, 1.500000, 1.500000
-0.000410, -0.005557, 1.500000, 1.500000, 1.500000
-0.000293, -0.005557, 1.500000, 1.500000, 1.500000
-0.000176, -0.005557, 1.641079, 1.954899, 1.687667
-0.000058, -0.005557, 54.890419, 366.914578, 62.866414
0.000058, -0.005557, 366.910982, 366.914578, 62.866414
0.000175, -0.005557, 1.635703, 1.954899, 1.687667
0.000292, -0.005557, 4.301606, 31.352745, 4.571413
0.000409, -0.005557, 401.000000, 401.000000, 401.000000
0.000526, -0.005557, 2.968143, 13.287542, 3.059333
0.000643, -0.005557, 1.500000, 1.500000, 1.500000
0.000760, -0.005557, 1.500000, 1.500000, 1.500000
0.000877, -0.005557, 1.500000, 1.500000, 1.500000
0.000994, -0.005557, 1.500000, 1.500000, 1.500000
0.001112, -0.005557, 7.803953, 117.071106, 8.988056
0.001228, -0.005557, 400.666603, 400.666603, 400.734333
0.001345, -0.005557, 2.242766, 4.139680, 2.299439
0.001462, -0.005557, 2.493817, 9.039645, 2.569098
0.001579, -0.005557, 401.000000, 401.000000, 401.000000
0.001696, -0.005557, 8.823165, 91.903488, 8.029895
0.001813, -0.005557, 1.500000, 1.500000, 1.500000
0.001930, -0.005557, 1.500000, 1.500000, 1.500000
0.002048, -0.005557, 1.500000, 1.500000, 1.500000
0.002164, -0.005557, 1.500000, 1.500000, 1.500000
0.002282, -0.005557, 3.399773, 18.318121, 3.550861
0.002398, -0.005557, 401.000000, 401.000000, 401.000000
0.002515, -0.005557, 3.656038, 21.001892, 3.785276
0.002632, -0.005557, 1.758377, 2.216643, 1.804180
0.002749, -0.005557, 88.541417, 380.985391, 116.226714
0.002866, -0.005557, 401.000000, 401.000000, 401.000000
0.002983, -0.005557, 245.737666, 6.800242, 6.791265
0.003101, -0.005557, 2.029773, 1.981428, 1.870500
0.003217, -0.005557, 1.500000, 1.500000, 1.500000
0.003335, -0.005557, 1.500000, 1.500000, 1.500000
0.003451, -0.005557, 2.159847, 3.555438, 2.213764
0.003569, -0.005557, 361.626699, 399.743893, 397.688190
0.003685, -0.005557, 11.036547, 150.999571, 10.538466
0.003802, -0.005557, 1.500000, 1.500000, 1.500000
0.003919, -0.005557, 11.754406, 234.774724, 14.380825
0.004037, -0.005557, 401.000000, 401.000000, 401.000000
0.004153, -0.005557, 312.645805, 13.002190, 14.843792
0.004270, -0.005557, 1.647604, 2.055154, 1.684814
0.004388, -0.005557, 1.500000, 1.500000, 1.500000
0.004504, -0.005557, 1.617815, 1.698120, 1.609793
0.004622, -0.005557, 8.924025, 5.867844, 5.442387
0.004738, -0.005557, 401.000000, 401.000000, 401.000000
0.004856, -0.005557, 372.587634, 372.587634, 77.914217
0.004972, -0.005557, 1.673813, 2.051121, 1.728867
0.005090, -0.005557, 4.009493, 26.686012, 4.236235
0.005206, -0.005557, 401.000000, 401.000000, 401.000000
0.005324, -0.005557, 3.127317, 14.913219, 3.228612
0.005440, -0.005557, 1.903996, 2.571446, 1.948166
0.005557, -0.005557, 158.888894, 391.523934, 236.436706
0.005675, -0.005557, 228.889295, 324.543180, 21.354063
0.005791, -0.005557, 1.505579, 1.516392, 1.520883
-0.005791, -0.005441, 1.783451, 3.973591, 1.892714
-0.005674, -0.005441, 401.000000, 401.000000, 401.000000
-0.005557, -0.005441, 401.000000, 401.000000, 401.000000
-0.005441, -0.005441, 133.416873, 133.416873, 4.112856
-0.005324, -0.005441, 10.348511, 264.571937, 9.523806
-0.005207, -0.005441, 401.000000, 401.000000, 401.000000
-0.005089, -0.005441, 401.000000, 401.000000, 401.000000
-0.004972, -0.005441, 357.310455, 34.218742, 40.860173
-0.004855, -0.005441, 144.591217, 144.591217, 212.919702
-0.004738, -0.005441, 401.000000, 401.000000, 401.000000
-0.004621, -0.005441, 401.000000, 401.000000, 401.000000
-0.004504, -0.005441, 4.529190, 12.634191, 4.522344
-0.004387, -0.005441, 4.703407, 1.986376, 2.097201
-0.004270, -0.005441, 1.519412, 1.519412, 1.527177
-0.004154, -0.005441, 1.500000, 1.500000, 1.500000
-0.004036, -0.005441, 1.500000, 1.500000, 1.500000
-0.003920, -0.005441, 1.500000, 1.500000, 1.500000
-0.003803, -0.005441, 8.646326, 73.870248, 12.001209
-0.003686, -0.005441, 401.000000, 401.000000, 401.000000
-0.003569, -0.005441, 401.000000, 401.000000, 401.000000
-0.003452, -0.005441, 401.000000, 401.000000, 401.000000
-0.003335, -0.005441, 2.224152, 6.015600, 2.408453
-0.003218, -0.005441, 4.053884, 1.979758, 2.086299
-0.003101, -0.005441, 1.659241, 1.608540, 1.624104
-0.002984, -0.005441, 1.500000, 1.500000, 1.500000
-0.002867, -0.005441, 1.500000, 1.500000, 1.500000
-0.002750, -0.005441, 1.500000, 1.500000, 1.500000
-0.002633, -0.005441, 8.671575, 11.765334, 8.879883
-0.002516, -0.005441, 334.093835, 334.089899, 26.892602
-0.002399, -0.005441, 13.091804, 2.557619, 2.555983
-0.002282, -0.005441, 12.586468, 240.797557, 9.622160
-0.002165, -0.005441, 17.722242, 54.086122, 23.415885
-0.002048, -0.005441, 2.903511, 1.866973, 1.914449
-0.001931, -0.005441, 1.979608, 1.740717, 1.769129
-0.001814, -0.005441, 1.895558, 2.094584, 1.810954
-0.001697, -0.005441, 13.752281, 3.439378, 3.643172
-0.001580, -0.005441, 1.522558, 1.580734, 1.539822
-0.001463, -0.005441, 2.276599, 3.294684, 2.222283
-0.001345, -0.005441, 155.741420, 172.990465, 244.749168
-0.001228, -0.005441, 148.619345, 118.075205, 3.999922
-0.001112, -0.005441, 1.749626, 1.650841, 1.670912
-0.000995, -0.005441, 2.787016, 3.392238, 2.151253
-0.000878, -0.005441, 7.863521, 2.249482, 2.379677
-0.000761, -0.005441, 2.743474, 1.919928, 1.978842
-0.000644, -0.005441, 1.500000, 1.500000, 1.500000
-0.000527, -0.005441, 1.500000, 1.500000, 1.500000
-0.000410, -0.005441, 1.500000, 1.500000, 1.500000
-0.000293, -0.005441, 1.500000, 1.500000, 1.500000
-0.000176, -0.005441, 1.500000, 1.500000, 1.500000
-0.000058, -0.005441, 2.536018, 1.804350, 1.839125
0.000058, -0.005441, 2.182662, 1.804350, 1.839125
0.000175, -0.005441, 1.500000, 1.500000, 1.500000
0.000292, -0.005441, 1.663369, 1.581983, 1.594555
0.000409, -0.005441, 4.647931, 1.989131, 2.101255
0.000526, -0.005441, 1.527975, 1.527975, 1.535058
0.000643, -0.005441, 1.500000, 1.500000, 1.500000
0.000760, -0.005441, 1.500000, 1.500000, 1.500000
0.000877, -0.005441, 1.500000, 1.500000, 1.500000
0.000994, -0.005441, 1.500000, 1.500000, 1.500000
0.001112, -0.005441, 1.887185, 1.650841, 1.670912
0.001228, -0.005441, 3.384446, 1.954530, 2.040537
0.001345, -0.005441, 1.500000, 1.500000, 1.500000
0.001462, -0.005441, 1.504951, 1.503625, 1.509930
0.001579, -0.005441, 3.953094, 1.974420, 2.076830
0.001696, -0.005441, 1.681274, 1.619430, 1.636139
0.001813, -0.005441, 1.500000, 1.500000, 1.500000
0.001930, -0.005441, 1.500000, 1.500000, 1.500000
0.002048, -0.005441, 1.500000, 1.500000, 1.500000
0.002164, -0.005441, 1.708865, 1.549160, 1.588958
0.002282, -0.005441, 1.577982, 1.549678, 1.558060
0.002398, -0.005441, 4.427129, 1.992684, 2.106306
0.002515, -0.005441, 1.568635, 1.558130, 1.567830
0.002632, -0.005441, 1.500000, 1.500000, 1.500000
0.002749, -0.005441, 2.790191, 1.850107, 1.893155
0.002866, -0.005441, 5.307293, 2.517975, 2.518421
0.002983, -0.005441, 21.461774, 276.646316, 15.984051
0.003101, -0.005441, 3.580416, 15.238386, 3.744052
0.003217, -0.005441, 1.500000, 1.500000, 1.500000
0.003335, -0.005441, 1.500000, 1.500000, 1.500000
0.003451, -0.005441, 1.500000, 1.500000, 1.500000
0.003569, -0.005441, 3.546740, 1.943911, 2.023200
0.003685, -0.005441, 1.777522, 1.663120, 1.684469
0.003802, -0.005441, 1.500000, 1.500000, 1.500000
0.003919, -0.005441, 2.019388, 1.685707, 1.709385
0.004037, -0.005441, 5.227933, 2.233879, 2.291085
0.004153, -0.005441, 13.829313, 3.754688, 4.091652
0.004270, -0.005441, 1.579057, 1.639732, 1.602033
0.004388, -0.005441, 1.500000, 1.500000, 1.500000
0.004504, -0.005441, 1.803350, 2.104730, 1.824186
0.004622, -0.005441, 51.957589, 15.373448, 20.434189
0.004738, -0.005441, 25.232758, 2.998679, 2.785001
0.004856, -0.005441, 2.243960, 1.821833, 1.859200
0.004972, -0.005441, 1.500000, 1.500000, 1.500000
0.005090, -0.005441, 1.636237, 1.572570, 1.583879
0.005206, -0.005441, 4.587878, 1.991051, 2.103984
0.005324, -0.005441, 1.538012, 1.536756, 1.543886
0.005440, -0.005441, 1.500000, 1.500000, 1.500000
0.005557, -0.005441, 3.088939, 1.892750, 1.948166
0.005675, -0.005441, 1.909071, 1.715052, 1.741178
0.005791, -0.005441, 1.500000, 1.500000, 1.500000
-0.005791, -0.005324, 1.783451, 3.973591, 1.892714
-0.005674, -0.005324, 401.000000, 401.000000, 401.000000
-0.005557, -0.005324, 401.000000, 401.000000, 401.000000
-0.005441, -0.005324, 264.571937, 10.348511, 9.523806
-0.005324, -0.005324, 32.860812, 32.860812, 33.189636
-0.005207, -0.005324, 401.000000, 401.000000, 401.000000
-0.005089, -0.005324, 401.000000, 401.000000, 401.000000
-0.004972, -0.005324, 401.000000, 401.000000, 401.000000
-0.004855, -0.005324, 371.959454, 341.296293, 138.004142
-0.004738, -0.005324, 161.074466, 358.964199, 205.014011
-0.004621, -0.005324, 401.000000, 401.000000, 401.000000
-0.004504, -0.005324, 7.895844, 14.991440, 6.473753
-0.004387, -0.005324, 12.189509, 4.001545, 4.251473
-0.004270, -0.005324, 89.469478, 20.014924, 33.855803
-0.004154, -0.005324, 1.856230, 2.591277, 1.882293
-0.004036, -0.005324, 6.743882, 3.174059, 3.356148
-0.003920, -0.005324, 3.064364, 2.510755, 2.333830
-0.003803, -0.005324, 8.646326, 73.870248, 12.001209
-0.003686, -0.005324, 400.165053, 399.678206, 400.299784
-0.003569, -0.005324, 332.253704, 261.618860, 105.575643
-0.003452, -0.005324, 401.000000, 401.000000, 401.000000
-0.003335, -0.005324, 2.839000, 6.217272, 2.830556
-0.003218, -0.005324, 9.244469, 3.322674, 3.636952
-0.003101, -0.005324, 2.306161, 2.231188, 2.029797
-0.002984, -0.005324, 1.500000, 1.500000, 1.500000
-0.002867, -0.005324, 4.083501, 2.736002, 2.639131
-0.002750, -0.005324, 15.167438, 2.996578, 3.038247
-0.002633, -0.005324, 4.256367, 2.815514, 2.765063
-0.002516, -0.005324, 3.055794, 2.942931, 2.620079
-0.002399, -0.005324, 11.097166, 3.362087, 3.698841
-0.002282, -0.005324, 2.193541, 2.150215, 1.982580
-0.002165, -0.005324, 2.206859, 1.851958, 1.898627
-0.002048, -0.005324, 5.592840, 3.039914, 3.113582
-0.001931, -0.005324, 4.166517, 2.687959, 2.571400
-0.001814, -0.005324, 2.143231, 2.688173, 2.105323
-0.001697, -0.005324, 161.457429, 394.193180, 267.224217
-0.001580, -0.005324, 206.292654, 5.442142, 4.977851
-0.001463, -0.005324, 2.232584, 2.295643, 2.081799
-0.001345, -0.005324, 13.319404, 3.892782, 4.032008
-0.001228, -0.005324, 8.068164, 3.320121, 3.627318
-0.001112, -0.005324, 2.670249, 2.389660, 2.194192
-0.000995, -0.005324, 1.969016, 8.819337, 2.256821
-0.000878, -0.005324, 3.410027, 2.557958, 2.392198
-0.000761, -0.005324, 14.691863, 3.140900, 3.294674
-0.000644, -0.005324, 1.549430, 1.567683, 1.554578
-0.000527, -0.005324, 1.872994, 1.879651, 1.738023
-0.000410, -0.005324, 10.163459, 3.351112, 3.683118
-0.000293, -0.005324, 2.117490, 2.124880, 1.930727
-0.000176, -0.005324, 1.501151, 1.501571, 1.504410
-0.000058, -0.005324, 4.645235, 2.870926, 2.836994
0.000058, -0.005324, 14.234195, 2.870926, 2.836994
0.000175, -0.005324, 1.500839, 1.501571, 1.504410
0.000292, -0.005324, 2.259745, 2.124880, 1.930727
0.000409, -0.005324, 11.835051, 3.351112, 3.683118
0.000526, -0.005324, 1.808660, 1.879651, 1.738023
0.000643, -0.005324, 1.563808, 1.567683, 1.554578
0.000760, -0.005324, 6.411251, 3.140900, 3.294674
0.000877, -0.005324, 3.261154, 2.557958, 2.392198
0.000994, -0.005324, 1.500000, 1.500000, 1.500000
0.001112, -0.005324, 2.887976, 2.389660, 2.194192
0.001228, -0.005324, 13.729455, 3.250686, 3.502544
0.001345, -0.005324, 1.613364, 1.649021, 1.604315
0.001462, -0.005324, 1.724850, 1.732155, 1.652835
0.001579, -0.005324, 8.859211, 3.307106, 3.609376
0.001696, -0.005324, 2.391403, 2.274619, 2.072985
0.001813, -0.005324, 1.500000, 1.500000, 1.500000
0.001930, -0.005324, 3.887229, 2.687915, 2.568197
0.002048, -0.005324, 15.959642, 4.857654, 4.973560
0.002164, -0.005324, 281.801965, 71.662242, 102.191124
0.002282, -0.005324, 2.446777, 3.065722, 2.204726
0.002398, -0.005324, 10.837844, 3.362087, 3.698841
0.002515, -0.005324, 1.969324, 2.023835, 1.844074
0.002632, -0.005324, 1.516334, 1.518381, 1.521045
0.002749, -0.005324, 5.301943, 2.996578, 3.038247
0.002866, -0.005324, 4.564197, 2.736002, 2.639131
0.002983, -0.005324, 1.690527, 1.533566, 1.562156
0.003101, -0.005324, 2.533219, 2.249380, 2.070015
0.003217, -0.005324, 12.615146, 3.322674, 3.636952
0.003335, -0.005324, 1.710289, 1.765582, 1.672629
0.003451, -0.005324, 1.618062, 1.622122, 1.588419
0.003569, -0.005324, 7.352171, 3.223874, 3.450423
0.003685, -0.005324, 2.798647, 2.432998, 2.241931
0.003802, -0.005324, 1.500000, 1.500000, 1.500000
0.003919, -0.005324, 3.254408, 2.510755, 2.333830
0.004037, -0.005324, 14.463348, 3.174059, 3.356148
0.004153, -0.005324, 1.563737, 1.585704, 1.566112
0.004270, -0.005324, 1.829072, 1.837142, 1.713222
0.004388, -0.005324, 9.879982, 3.342817, 3.670819
0.004504, -0.005324, 2.183881, 2.165234, 1.967434
0.004622, -0.005324, 1.500000, 1.500000, 1.500000
0.004738, -0.005324, 4.442333, 2.821625, 2.766102
0.004856, -0.005324, 14.853993, 2.921460, 2.916529
0.004972, -0.005324, 1.503661, 1.506646, 1.510752
0.005090, -0.005324, 2.186150, 2.086884, 1.897516
0.005206, -0.005324, 11.561599, 3.357124, 3.691767
0.005324, -0.005324, 1.849360, 1.923335, 1.766540
0.005440, -0.005324, 1.547644, 1.551075, 1.543886
0.005557, -0.005324, 6.083969, 3.104849, 3.228612
0.005675, -0.005324, 3.501273, 2.606529, 2.455905
0.005791, -0.005324, 1.500000, 1.500000, 1.500000
-0.005791, -0.005207, 1.783451, 3.973591, 1.892714
-0.005674, -0.005207, 401.000000, 401.000000, 401.000000
-0.005557, -0.005207, 401.000000, 401.000000, 401.000000
-0.005441, -0.005207, 401.000000, 401.000000, 401.000000
-0.005324, -0.005207, 401.000000, 401.000000, 401.000000
-0.005207, -0.005207, 401.000000, 401.000000, 401.000000
-0.005089, -0.005207, 401.000000, 401.000000, 401.000000
-0.004972, -0.005207, 312.170217, 353.241929, 104.634151
-0.004855, -0.005207, 401.000000, 401.000000, 401.000000
-0.004738, -0.005207, 401.000000, 401.000000, 401.000000
-0.004621, -0.005207, 276.231948, 352.595557, 106.080574
-0.004504, -0.005207, 10.194261, 144.632971, 21.377864
-0.004387, -0.005207, 401.000000, 401.000000, 401.000000
-0.004270, -0.005207, 197.078489, 229.558715, 6.477179
-0.004154, -0.005207, 2.257245, 5.519713, 2.438917
-0.004036, -0.005207, 401.000000, 401.000000, 401.000000
-0.003920, -0.005207, 22.541627, 84.607374, 31.864155
-0.003803, -0.005207, 8.638656, 73.132638, 11.666419
-0.003686, -0.005207, 87.273051, 362.875308, 134.447989
-0.003569, -0.005207, 401.000000, 401.000000, 401.000000
-0.003452, -0.005207, 302.486779, 353.927277, 106.759845
-0.003335, -0.005207, 6.737468, 50.746590, 10.972367
-0.003218, -0.005207, 401.000000, 401.000000, 401.000000
-0.003101, -0.005207, 6.222491, 26.132109, 7.429484
-0.002984, -0.005207, 1.570624, 1.853352, 1.619024
-0.002867, -0.005207, 179.081014, 304.673566, 347.691002
-0.002750, -0.005207, 401.000000, 401.000000, 401.000000
-0.002633, -0.005207, 1.826469, 3.730810, 1.920746
-0.002516, -0.005207, 3.961025, 13.561736, 4.436058
-0.002399, -0.005207, 401.000000, 401.000000, 401.000000
-0.002282, -0.005207, 3.712888, 12.229965, 4.123325
-0.002165, -0.005207, 1.884922, 3.940749, 1.985672
-0.002048, -0.005207, 401.000000, 401.000000, 401.000000
-0.001931, -0.005207, 398.728252, 324.841376, 389.775190
-0.001814, -0.005207, 1.727707, 2.678458, 1.802562
-0.001697, -0.005207, 7.954547, 129.580514, 10.245146
-0.001580, -0.005207, 401.000000, 401.000000, 401.000000
-0.001463, -0.005207, 2.650651, 7.036051, 2.854247
-0.001345, -0.005207, 2.365103, 5.804165, 2.526380
-0.001228, -0.005207, 401.000000, 401.000000, 401.000000
-0.001112, -0.005207, 10.355772, 48.023782, 13.794072
-0.000995, -0.005207, 1.969016, 8.819337, 2.256821
-0.000878, -0.005207, 38.166164, 109.776526, 70.910772
-0.000761, -0.005207, 401.000000, 401.000000, 401.000000
-0.000644, -0.005207, 2.061691, 4.591057, 2.182623
-0.000527, -0.005207, 3.176748, 9.502515, 3.473743
-0.000410, -0.005207, 401.000000, 401.000000, 401.000000
-0.000293, -0.005207, 4.841738, 18.354742, 5.555465
-0.000176, -0.005207, 1.686761, 3.233058, 1.766583
-0.000058, -0.005207, 401.000000, 401.000000, 401.000000
0.000058, -0.005207, 401.000000, 401.000000, 401.000000
0.000175, -0.005207, 19.044193, 6.011829, 5.703758
0.000292, -0.005207, 4.827148, 18.354742, 5.555465
0.000409, -0.005207, 401.000000, 401.000000, 401.000000
0.000526, -0.005207, 3.177938, 9.502515, 3.473743
0.000643, -0.005207, 2.061657, 4.591057, 2.182623
0.000760, -0.005207, 401.000000, 401.000000, 401.000000
0.000877, -0.005207, 136.931976, 108.816084, 50.061048
0.000994, -0.005207, 1.500000, 1.500000, 1.500000
0.001112, -0.005207, 9.921030, 48.023782, 13.794072
0.001228, -0.005207, 401.000000, 401.000000, 401.000000
0.001345, -0.005207, 2.365251, 5.804165, 2.526380
0.001462, -0.005207, 2.650304, 7.036051, 2.854247
0.001579, -0.005207, 401.000000, 401.000000, 401.000000
0.001696, -0.005207, 6.964416, 30.424705, 8.500352
0.001813, -0.005207, 1.538811, 1.663753, 1.574030
0.001930, -0.005207, 89.911180, 234.138391, 231.225908
0.002048, -0.005207, 401.000000, 401.000000, 401.000000
0.002164, -0.005207, 132.870905, 107.994697, 3.671410
0.002282, -0.005207, 4.087825, 13.516875, 4.725582
0.002398, -0.005207, 401.000000, 401.000000, 401.000000
0.002515, -0.005207, 3.965723, 13.561736, 4.436058
0.002632, -0.005207, 1.826507, 3.730810, 1.920746
0.002749, -0.005207, 401.000000, 401.000000, 401.000000
0.002866, -0.005207, 382.820552, 304.673566, 347.691002
0.002983, -0.005207, 1.566708, 1.853352, 1.619024
0.003101, -0.005207, 6.170415, 26.132109, 7.429484
0.003217, -0.005207, 401.000000, 401.000000, 401.000000
0.003335, -0.005207, 2.777055, 7.598047, 3.000534
0.003451, -0.005207, 2.274723, 5.426344, 2.422791
0.003569, -0.005207, 401.000000, 401.000000, 401.000000
0.003685, -0.005207, 12.796600, 58.347563, 17.841127
0.003802, -0.005207, 1.500000, 1.500000, 1.500000
0.003919, -0.005207, 17.898579, 84.685057, 33.303827
0.004037, -0.005207, 401.000000, 401.000000, 401.000000
0.004153, -0.005207, 2.136569, 4.878840, 2.266717
0.004270, -0.005207, 3.013406, 8.715862, 3.279709
0.004388, -0.005207, 401.000000, 401.000000, 401.000000
0.004504, -0.005207, 5.274522, 20.832074, 6.132409
0.004622, -0.005207, 1.639202, 2.958714, 1.711019
0.004738, -0.005207, 397.319063, 398.804722, 400.571654
0.004856, -0.005207, 401.000000, 401.000000, 401.000000
0.004972, -0.005207, 1.735963, 3.414340, 1.821231
0.005090, -0.005207, 4.458493, 16.318202, 5.073337
0.005206, -0.005207, 401.000000, 401.000000, 401.000000
0.005324, -0.005207, 3.358809, 10.415456, 3.691767
0.005440, -0.005207, 1.991036, 4.328553, 2.103984
0.005557, -0.005207, 401.000000, 401.000000, 401.000000
0.005675, -0.005207, 277.005002, 143.212088, 85.642602
0.005791, -0.005207, 1.505584, 1.517299, 1.521105
-0.005791, -0.005089, 1.783451, 3.973591, 1.892714
-0.005674, -0.005089, 401.000000, 401.000000, 401.000000
-0.005557, -0.005089, 328.939506, 328.460072, 24.455403
-0.005441, -0.005089, 27.465487, 333.749323, 26.752039
-0.005324, -0.005089, 401.000000, 401.000000, 401.000000
-0.005207, -0.005089, 401.000000, 401.000000, 401.000000
-0.005089, -0.005089, 401.000000, 401.000000, 401.000000
-0.004972, -0.005089, 401.000000, 401.000000, 401.000000
-0.004855, -0.005089, 369.524106, 346.003574, 136.340073
-0.004738, -0.005089, 161.948307, 361.338605, 204.217978
-0.004621, -0.005089, 401.000000, 401.000000, 401.000000
-0.004504, -0.005089, 139.555710, 17.522155, 20.151639
-0.004387, -0.005089, 92.554460, 9.486162, 18.535463
-0.004270, -0.005089, 3.059790, 2.513300, 2.377672
-0.004154, -0.005089, 1.638941, 1.635830, 1.617037
-0.004036, -0.005089, 9.336891, 4.194264, 4.458677
-0.003920, -0.005089, 3.936766, 3.069839, 2.761823
-0.003803, -0.005089, 8.339000, 73.203372, 11.052304
-0.003686, -0.005089, 400.165730, 399.682461, 400.300526
-0.003569, -0.005089, 323.241818, 278.871795, 105.993042
-0.003452, -0.005089, 401.000000, 401.000000, 401.000000
-0.003335, -0.005089, 193.755542, 19.429640, 16.323701
-0.003218, -0.005089, 26.345653, 6.065154, 7.417544
-0.003101, -0.005089, 2.672494, 2.550407, 2.281464
-0.002984, -0.005089, 1.500000, 1.500000, 1.500000
-0.002867, -0.005089, 5.106665, 3.489711, 3.276615
-0.002750, -0.005089, 27.923797, 3.914311, 3.913703
-0.002633, -0.005089, 1.532683, 1.547751, 1.547729
-0.002516, -0.005089, 2.282736, 2.205545, 2.007913
-0.002399, -0.005089, 17.701141, 4.474745, 5.086660
-0.002282, -0.005089, 2.110079, 2.148254, 1.963337
-0.002165, -0.005089, 1.556469, 1.563115, 1.560559
-0.002048, -0.005089, 7.450495, 3.984041, 4.041535
-0.001931, -0.005089, 7.461059, 3.411486, 3.160228
-0.001814, -0.005089, 1.500000, 1.500000, 1.500000
-0.001697, -0.005089, 2.948145, 2.623870, 2.345745
-0.001580, -0.005089, 21.598737, 4.395113, 4.918612
-0.001463, -0.005089, 1.777207, 1.811886, 1.739809
-0.001345, -0.005089, 1.738462, 1.720536, 1.691015
-0.001228, -0.005089, 14.324993, 4.575021, 5.503146
-0.001112, -0.005089, 4.055861, 3.696539, 3.303089
-0.000995, -0.005089, 3.018306, 3.485549, 2.687807
-0.000878, -0.005089, 100.679500, 6.013668, 6.901936
-0.000761, -0.005089, 29.984874, 4.186150, 4.386941
-0.000644, -0.005089, 1.592046, 1.613772, 1.600327
-0.000527, -0.005089, 2.022234, 1.999167, 1.857790
-0.000410, -0.005089, 15.816670, 4.459247, 5.057137
-0.000293, -0.005089, 3.936141, 3.285809, 3.061252
-0.000176, -0.005089, 2.502028, 2.177269, 2.109890
-0.000058, -0.005089, 5.996009, 3.711363, 3.590155
0.000058, -0.005089, 28.857485, 4.067830, 4.467259
0.000175, -0.005089, 7.807229, 3.938002, 3.844588
0.000292, -0.005089, 2.522656, 2.369820, 2.135548
0.000409, -0.005089, 24.776035, 4.702250, 5.687754
0.000526, -0.005089, 1.952819, 1.999167, 1.857790
0.000643, -0.005089, 1.613323, 1.613772, 1.600327
0.000760, -0.005089, 8.797115, 4.143618, 4.353703
0.000877, -0.005089, 4.311342, 3.160105, 2.856273
0.000994, -0.005089, 1.500000, 1.500000, 1.500000
0.001112, -0.005089, 3.354767, 2.836853, 2.534670
0.001228, -0.005089, 23.498466, 4.310969, 4.721677
0.001345, -0.005089, 1.683608, 1.711724, 1.671766
0.001462, -0.005089, 1.830692, 1.811886, 1.739809
0.001579, -0.005089, 13.204841, 4.395113, 4.918612
0.001696, -0.005089, 2.803099, 2.623870, 2.345745
0.001813, -0.005089, 1.500000, 1.500000, 1.500000
0.001930, -0.005089, 4.787651, 3.402319, 3.155122
0.002048, -0.005089, 27.537587, 3.984041, 4.041535
0.002164, -0.005089, 1.659637, 1.678647, 1.647790
0.002282, -0.005089, 8.994603, 21.270332, 5.818460
0.002398, -0.005089, 31.259325, 4.910229, 5.704804
0.002515, -0.005089, 2.615846, 2.568112, 2.328013
0.002632, -0.005089, 3.200582, 2.263221, 2.304534
0.002749, -0.005089, 6.983301, 3.914311, 3.913703
0.002866, -0.005089, 8.099305, 3.489711, 3.276615
0.002983, -0.005089, 1.500000, 1.500000, 1.500000
0.003101, -0.005089, 2.817145, 2.550407, 2.281464
0.003217, -0.005089, 20.911259, 4.418204, 4.970916
0.003335, -0.005089, 1.819089, 1.856681, 1.768543
0.003451, -0.005089, 1.691584, 1.721356, 1.660360
0.003569, -0.005089, 41.466233, 381.074818, 101.113486
0.003685, -0.005089, 4.223273, 54.866477, 3.932824
0.003802, -0.005089, 1.500000, 1.500000, 1.500000
0.003919, -0.005089, 4.631650, 3.435002, 3.173402
0.004037, -0.005089, 25.406139, 4.194264, 4.458677
0.004153, -0.005089, 1.612953, 1.635830, 1.617037
0.004270, -0.005089, 1.965806, 1.943785, 1.823856
0.004388, -0.005089, 15.248966, 4.447315, 5.033813
0.004504, -0.005089, 2.487752, 2.433911, 2.186646
0.004622, -0.005089, 1.501682, 1.501988, 1.506590
0.004738, -0.005089, 5.680191, 3.629992, 3.475197
0.004856, -0.005089, 27.799787, 3.792159, 3.714559
0.004972, -0.005089, 1.515201, 1.527275, 1.529791
0.005090, -0.005089, 2.425006, 2.303023, 2.084210
0.005206, -0.005089, 18.650263, 4.467737, 5.073337
0.005324, -0.005089, 2.009409, 2.056771, 1.897516
0.005440, -0.005089, 1.589474, 1.592213, 1.583879
0.005557, -0.005089, 8.235820, 4.086616, 4.236235
0.005675, -0.005089, 4.817649, 3.252712, 2.965611
0.005791, -0.005089, 1.500000, 1.500000, 1.500000
-0.005791, -0.004972, 1.783451, 3.973591, 1.892714
-0.005674, -0.004972, 401.000000, 401.000000, 401.000000
-0.005557, -0.004972, 105.221918, 13.238055, 4.827747
-0.005441, -0.004972, 5.687328, 14.182915, 5.049478
-0.005324, -0.004972, 401.000000, 401.000000, 401.000000
-0.005207, -0.004972, 353.241929, 312.170217, 104.634151
-0.005089, -0.004972, 401.000000, 401.000000, 401.000000
-0.004972, -0.004972, 401.000000, 401.000000, 401.000000
-0.004855, -0.004972, 396.791088, 383.791037, 396.125086
-0.004738, -0.004972, 151.559744, 11.291170, 18.778376
-0.004621, -0.004972, 117.428999, 382.037320, 148.426617
-0.004504, -0.004972, 401.000000, 401.000000, 401.000000
-0.004387, -0.004972, 352.348095, 310.968198, 105.072119
-0.004270, -0.004972, 390.393480, 146.644016, 216.208102
-0.004154, -0.004972, 3.671820, 3.363303, 2.625475
-0.004036, -0.004972, 1.500000, 1.500000, 1.500000
-0.003920, -0.004972, 1.500000, 1.500000, 1.500000
-0.003803, -0.004972, 2.422178, 2.352573, 2.049185
-0.003686, -0.004972, 32.695353, 7.182678, 10.028465
-0.003569, -0.004972, 67.864214, 9.043990, 16.792030
-0.003452, -0.004972, 151.172022, 392.257111, 233.844154
-0.003335, -0.004972, 401.000000, 401.000000, 401.000000
-0.003218, -0.004972, 284.950325, 15.257239, 13.423325
-0.003101, -0.004972, 1.827893, 1.895068, 1.747604
-0.002984, -0.004972, 1.500000, 1.500000, 1.500000
-0.002867, -0.004972, 1.500000, 1.500000, 1.500000
-0.002750, -0.004972, 1.500000, 1.500000, 1.500000
-0.002633, -0.004972, 1.500000, 1.500000, 1.500000
-0.002516, -0.004972, 1.527059, 1.512347, 1.521933
-0.002399, -0.004972, 3.508302, 1.737296, 1.822954
-0.002282, -0.004972, 1.510976, 1.509394, 1.517434
-0.002165, -0.004972, 1.500000, 1.500000, 1.500000
-0.002048, -0.004972, 2.353768, 1.668808, 1.711067
-0.001931, -0.004972, 1.747963, 1.602680, 1.630312
-0.001814, -0.004972, 1.500000, 1.500000, 1.500000
-0.001697, -0.004972, 1.500000, 1.500000, 1.500000
-0.001580, -0.004972, 1.500000, 1.500000, 1.500000
-0.001463, -0.004972, 1.500000, 1.500000, 1.500000
-0.001345, -0.004972, 3.208310, 6.605416, 3.354590
-0.001228, -0.004972, 293.212448, 18.386782, 16.505183
-0.001112, -0.004972, 3.137386, 3.120117, 2.261847
-0.000995, -0.004972, 2.789082, 12.120128, 2.640448
-0.000878, -0.004972, 6.599567, 4.708973, 2.848765
-0.000761, -0.004972, 24.588470, 3.085630, 4.151780
-0.000644, -0.004972, 7.522918, 1.969167, 2.257000
-0.000527, -0.004972, 7.524264, 1.972792, 2.271450
-0.000410, -0.004972, 14.886527, 2.395043, 3.066122
-0.000293, -0.004972, 10.563879, 35.146168, 7.942171
-0.000176, -0.004972, 6.594156, 42.635824, 7.119454
-0.000058, -0.004972, 1.500000, 1.500000, 1.500000
0.000058, -0.004972, 1.500000, 1.500000, 1.500000
0.000175, -0.004972, 1.500000, 1.500000, 1.500000
0.000292, -0.004972, 3.149335, 5.982787, 3.259710
0.000409, -0.004972, 11.565306, 17.421763, 11.601184
0.000526, -0.004972, 2.462984, 1.710895, 1.750374
0.000643, -0.004972, 1.554941, 1.549272, 1.554454
0.000760, -0.004972, 2.565363, 1.690390, 1.741496
0.000877, -0.004972, 4.792010, 3.598003, 3.092865
0.000994, -0.004972, 61.088317, 7.295549, 7.691092
0.001112, -0.004972, 1.694896, 1.554947, 1.575404
0.001228, -0.004972, 2.283933, 1.710661, 1.775844
0.001345, -0.004972, 1.500000, 1.500000, 1.500000
0.001462, -0.004972, 1.500000, 1.500000, 1.500000
0.001579, -0.004972, 1.500000, 1.500000, 1.500000
0.001696, -0.004972, 1.500000, 1.500000, 1.500000
0.001813, -0.004972, 1.500000, 1.500000, 1.500000
0.001930, -0.004972, 1.500000, 1.500000, 1.500000
0.002048, -0.004972, 1.500000, 1.500000, 1.500000
0.002164, -0.004972, 2.419044, 6.232806, 2.611021
0.002282, -0.004972, 1.836279, 5.513635, 1.843203
0.002398, -0.004972, 3.514062, 1.784814, 1.881118
0.002515, -0.004972, 5.488739, 8.453288, 4.751115
0.002632, -0.004972, 264.667337, 223.985248, 37.559314
0.002749, -0.004972, 2.289548, 1.675786, 1.723920
0.002866, -0.004972, 3.908630, 1.916354, 1.946304
0.002983, -0.004972, 3.011705, 2.234940, 2.227195
0.003101, -0.004972, 1.500000, 1.500000, 1.500000
0.003217, -0.004972, 1.500000, 1.500000, 1.500000
0.003335, -0.004972, 1.500000, 1.500000, 1.500000
0.003451, -0.004972, 1.500000, 1.500000, 1.500000
0.003569, -0.004972, 29.566445, 247.484123, 83.589618
0.003685, -0.004972, 2.835963, 9.154793, 3.109556
0.003802, -0.004972, 1.500000, 1.500000, 1.500000
0.003919, -0.004972, 1.778145, 1.573100, 1.596584
0.004037, -0.004972, 2.137159, 1.694879, 1.749525
0.004153, -0.004972, 1.500000, 1.500000, 1.500000
0.004270, -0.004972, 1.500000, 1.500000, 1.500000
0.004388, -0.004972, 3.332594, 1.732435, 1.816076
0.004504, -0.004972, 1.544777, 1.526501, 1.540501
0.004622, -0.004972, 1.500000, 1.500000, 1.500000
0.004738, -0.004972, 2.056468, 1.627275, 1.658520
0.004856, -0.004972, 1.894986, 1.646257, 1.681135
0.004972, -0.004972, 1.500000, 1.500000, 1.500000
0.005090, -0.004972, 1.545952, 1.518070, 1.529791
0.005206, -0.004972, 3.560189, 1.736047, 1.821231
0.005324, -0.004972, 1.504367, 1.504825, 1.510752
0.005440, -0.004972, 1.500000, 1.500000, 1.500000
0.005557, -0.004972, 1.500000, 1.500000, 1.500000
0.005675, -0.004972, 1.500000, 1.500000, 1.500000
0.005791, -0.004972, 1.500000, 1.500000, 1.500000
-0.005791, -0.004855, 1.783451, 3.973591, 1.892714
-0.005674, -0.004855, 401.000000, 401.000000, 401.000000
-0.005557, -0.004855, 401.000000, 401.000000, 401.000000
-0.005441, -0.004855, 401.000000, 401.000000, 401.000000
-0.005324, -0.004855, 341.296293, 371.959454, 138.004142
-0.005207, -0.004855, 401.000000, 401.000000, 401.000000
-0.005089, -0.004855, 346.003574, 369.524106, 136.340073
-0.004972, -0.004855, 296.574711, 349.599883, 83.113055
-0.004855, -0.004855, 121.574598, 271.556422, 132.065429
-0.004738, -0.004855, 397.709757, 278.999053, 369.592617
-0.004621, -0.004855, 8.603560, 65.733329, 15.433998
-0.004504, -0.004855, 335.393187, 365.473544, 135.790910
-0.004387, -0.004855, 401.000000, 401.000000, 401.000000
-0.004270, -0.004855, 343.068688, 372.392337, 139.419604
-0.004154, -0.004855, 390.393480, 146.644016, 216.208102
-0.004036, -0.004855, 3.671820, 3.363303, 2.625475
-0.003920, -0.004855, 1.500000, 1.500000, 1.500000
-0.003803, -0.004855, 1.500000, 1.500000, 1.500000
-0.003686, -0.004855, 7.429087, 11.672272, 7.805462
-0.003569, -0.004855, 389.237452, 137.517303, 200.463269
-0.003452, -0.004855, 9.626896, 92.022031, 15.712733
-0.003335, -0.004855, 401.000000, 401.000000, 401.000000
-0.003218, -0.004855, 401.000000, 401.000000, 401.000000
-0.003101, -0.004855, 11.209428, 15.218963, 10.615914
-0.002984, -0.004855, 1.500000, 1.500000, 1.500000
-0.002867, -0.004855, 1.500000, 1.500000, 1.500000
-0.002750, -0.004855, 1.500000, 1.500000, 1.500000
-0.002633, -0.004855, 1.500000, 1.500000, 1.500000
-0.002516, -0.004855, 3.360798, 5.732478, 3.362864
-0.002399, -0.004855, 401.000000, 401.000000, 401.000000
-0.002282, -0.004855, 3.221482, 5.378668, 3.176469
-0.002165, -0.004855, 1.758421, 2.440568, 1.783896
-0.002048, -0.004855, 49.362491, 49.362491, 55.008867
-0.001931, -0.004855, 246.816414, 19.256184, 16.958374
-0.001814, -0.004855, 1.520430, 1.593814, 1.540899
-0.001697, -0.004855, 1.500000, 1.500000, 1.500000
-0.001580, -0.004855, 1.500000, 1.500000, 1.500000
-0.001463, -0.004855, 1.500000, 1.500000, 1.500000
-0.001345, -0.004855, 2.075846, 1.856322, 1.818401
-0.001228, -0.004855, 3.459469, 3.884478, 2.882982
-0.001112, -0.004855, 36.583232, 11.869574, 17.579957
-0.000995, -0.004855, 6.896166, 30.835106, 5.160042
-0.000878, -0.004855, 11.857488, 16.859158, 13.584367
-0.000761, -0.004855, 400.999702, 400.999702, 400.999702
-0.000644, -0.004855, 1.919710, 3.502240, 1.990101
-0.000527, -0.004855, 2.784263, 4.610695, 2.775218
-0.000410, -0.004855, 401.000000, 401.000000, 401.000000
-0.000293, -0.004855, 4.366752, 7.106260, 4.228237
-0.000176, -0.004855, 1.612513, 1.540373, 1.569884
-0.000058, -0.004855, 1.500000, 1.500000, 1.500000
0.000058, -0.004855, 1.500000, 1.500000, 1.500000
0.000175, -0.004855, 1.513595, 1.607962, 1.536083
0.000292, -0.004855, 9.043713, 14.618786, 3.188798
0.000409, -0.004855, 3.132925, 2.331938, 2.311120
0.000526, -0.004855, 35.469521, 52.592656, 51.161849
0.000643, -0.004855, 4.599066, 8.778316, 4.999839
0.000760, -0.004855, 78.766316, 78.766316, 99.906502
0.000877, -0.004855, 400.984139, 400.984660, 400.985258
0.000994, -0.004855, 11.408519, 7.504829, 4.110461
0.001112, -0.004855, 6.652492, 10.814810, 6.928920
0.001228, -0.004855, 392.579553, 173.350524, 258.829724
0.001345, -0.004855, 2.130820, 3.293823, 2.139828
0.001462, -0.004855, 1.500000, 1.500000, 1.500000
0.001579, -0.004855, 1.500000, 1.500000, 1.500000
0.001696, -0.004855, 1.500000, 1.500000, 1.500000
0.001813, -0.004855, 1.500000, 1.500000, 1.500000
0.001930, -0.004855, 1.500000, 1.500000, 1.500000
0.002048, -0.004855, 1.500000, 1.500000, 1.500000
0.002164, -0.004855, 2.442591, 7.197720, 2.650458
0.002282, -0.004855, 3.802671, 10.122222, 4.231670
0.002398, -0.004855, 401.000000, 401.000000, 401.000000
0.002515, -0.004855, 185.890098, 291.594997, 9.394814
0.002632, -0.004855, 2.232547, 2.619226, 1.991519
0.002749, -0.004855, 41.813524, 41.813524, 44.719707
0.002866, -0.004855, 401.000000, 401.000000, 401.000000
0.002983, -0.004855, 17.925864, 127.874646, 17.592085
0.003101, -0.004855, 1.500000, 1.500000, 1.500000
0.003217, -0.004855, 1.500000, 1.500000, 1.500000
0.003335, -0.004855, 1.500000, 1.500000, 1.500000
0.003451, -0.004855, 1.500000, 1.500000, 1.500000
0.003569, -0.004855, 6.205945, 3.653172, 3.642708
0.003685, -0.004855, 2.103793, 2.226399, 2.015411
0.003802, -0.004855, 1.757361, 2.129431, 1.751021
0.003919, -0.004855, 22.829696, 14.700661, 15.393725
0.004037, -0.004855, 382.503680, 94.571349, 126.608830
0.004153, -0.004855, 1.938090, 2.880227, 1.965145
0.004270, -0.004855, 2.660691, 4.383559, 2.653573
0.004388, -0.004855, 400.994644, 400.994644, 400.994951
0.004504, -0.004855, 4.381896, 7.247729, 4.249641
0.004622, -0.004855, 1.580426, 1.886602, 1.611079
0.004738, -0.004855, 25.833619, 25.983501, 25.011424
0.004856, -0.004855, 344.879970, 33.354752, 33.831792
0.004972, -0.004855, 1.637476, 2.171898, 1.681135
0.005090, -0.004855, 3.703105, 6.356433, 3.714559
0.005206, -0.004855, 401.000000, 401.000000, 401.000000
0.005324, -0.004855, 2.948101, 4.893478, 2.916529
0.005440, -0.004855, 1.500000, 1.500000, 1.500000
0.005557, -0.004855, 1.500000, 1.500000, 1.500000
0.005675, -0.004855, 1.500000, 1.500000, 1.500000
0.005791, -0.004855, 1.500000, 1.500000, 1.500000
-0.005791, -0.004738, 1.783451, 3.973591, 1.892714
-0.005674, -0.004738, 401.000000, 401.000000, 401.000000
-0.005557, -0.004738, 401.000000, 401.000000, 401.000000
-0.005441, -0.004738, 401.000000, 401.000000, 401.000000
-0.005324, -0.004738, 358.964199, 161.074466, 205.014011
-0.005207, -0.004738, 401.000000, 401.000000, 401.000000
-0.005089, -0.004738, 361.338605, 161.948307, 204.217978
-0.004972, -0.004738, 299.400299, 355.975284, 94.076786
-0.004855, -0.004738, 108.263967, 340.580538, 110.089805
-0.004738, -0.004738, 381.676852, 387.645999, 393.039673
-0.004621, -0.004738, 138.394144, 94.879696, 77.299791
-0.004504, -0.004738, 356.143036, 160.900576, 202.372088
-0.004387, -0.004738, 401.000000, 401.000000, 401.000000
-0.004270, -0.004738, 359.766433, 158.844397, 204.833011
-0.004154, -0.004738, 401.000000, 401.000000, 401.000000
-0.004036, -0.004738, 390.393480, 146.644016, 216.208102
-0.003920, -0.004738, 3.671820, 3.363303, 2.625475
-0.003803, -0.004738, 1.500000, 1.500000, 1.500000
-0.003686, -0.004738, 6.781600, 155.567666, 6.818623
-0.003569, -0.004738, 380.889429, 375.894176, 116.060081
-0.003452, -0.004738, 4.821829, 22.289009, 5.537601
-0.003335, -0.004738, 401.000000, 401.000000, 401.000000
-0.003218, -0.004738, 401.000000, 401.000000, 401.000000
-0.003101, -0.004738, 14.480302, 155.442101, 26.531120
-0.002984, -0.004738, 1.500000, 1.500000, 1.500000
-0.002867, -0.004738, 1.500000, 1.500000, 1.500000
-0.002750, -0.004738, 1.500000, 1.500000, 1.500000
-0.002633, -0.004738, 1.720652, 1.746688, 1.652337
-0.002516, -0.004738, 13.040167, 24.805005, 13.643271
-0.002399, -0.004738, 400.925168, 400.906259, 400.932892
-0.002282, -0.004738, 3.102922, 15.452732, 3.000016
-0.002165, -0.004738, 1.730508, 1.993823, 1.750994
-0.002048, -0.004738, 36.682353, 343.154612, 37.965111
-0.001931, -0.004738, 401.000000, 401.000000, 401.000000
-0.001814, -0.004738, 16.276607, 3.307953, 1.903354
-0.001697, -0.004738, 3.144344, 1.593825, 1.680032
-0.001580, -0.004738, 3.144344, 1.593825, 1.680032
-0.001463, -0.004738, 3.144344, 1.593825, 1.680032
-0.001345, -0.004738, 3.144344, 1.593825, 1.680032
-0.001228, -0.004738, 3.269874, 1.769240, 1.832738
-0.001112, -0.004738, 19.797661, 4.284764, 5.323786
-0.000995, -0.004738, 3.027887, 12.143697, 2.821838
-0.000878, -0.004738, 9.437065, 250.731699, 9.534067
-0.000761, -0.004738, 366.837036, 361.040177, 62.814619
-0.000644, -0.004738, 1.836611, 2.209901, 1.864735
-0.000527, -0.004738, 2.902849, 5.867774, 2.918990
-0.000410, -0.004738, 393.578746, 398.994408, 399.861278
-0.000293, -0.004738, 3.876966, 29.895459, 3.688752
-0.000176, -0.004738, 2.758673, 2.159038, 2.063771
-0.000058, -0.004738, 2.228160, 2.087335, 1.974857
0.000058, -0.004738, 1.500000, 1.500000, 1.500000
0.000175, -0.004738, 1.545352, 2.763529, 1.625421
0.000292, -0.004738, 1.896243, 4.462106, 2.020540
0.000409, -0.004738, 3.961488, 4.505386, 3.033583
0.000526, -0.004738, 14.839089, 2.583116, 2.570562
0.000643, -0.004738, 2.131640, 2.437013, 2.071124
0.000760, -0.004738, 54.886792, 361.040177, 62.814619
0.000877, -0.004738, 136.458519, 251.399565, 9.552010
0.000994, -0.004738, 1.500000, 1.500000, 1.500000
0.001112, -0.004738, 6.133185, 117.938008, 6.135157
0.001228, -0.004738, 385.267450, 380.623846, 153.266062
0.001345, -0.004738, 2.070442, 2.662860, 2.069660
0.001462, -0.004738, 1.500000, 1.500000, 1.500000
0.001579, -0.004738, 1.500000, 1.500000, 1.500000
0.001696, -0.004738, 1.981922, 2.758519, 1.964188
0.001813, -0.004738, 66.011878, 12.129686, 17.239865
0.001930, -0.004738, 1.693998, 2.302438, 1.738904
0.002048, -0.004738, 1.500000, 1.500000, 1.500000
0.002164, -0.004738, 2.442591, 7.197720, 2.650458
0.002282, -0.004738, 3.639459, 36.828660, 3.924542
0.002398, -0.004738, 400.890927, 400.902072, 400.928813
0.002515, -0.004738, 3.290759, 19.686632, 3.165988
0.002632, -0.004738, 1.688723, 1.925605, 1.713805
0.002749, -0.004738, 31.790373, 335.728107, 31.906176
0.002866, -0.004738, 259.859867, 290.113455, 15.451829
0.002983, -0.004738, 1.817103, 1.649767, 1.648279
0.003101, -0.004738, 1.500000, 1.500000, 1.500000
0.003217, -0.004738, 1.500000, 1.500000, 1.500000
0.003335, -0.004738, 1.500000, 1.500000, 1.500000
0.003451, -0.004738, 1.500000, 1.500000, 1.500000
0.003569, -0.004738, 1.500000, 1.500000, 1.500000
0.003685, -0.004738, 1.500000, 1.500000, 1.500000
0.003802, -0.004738, 1.711726, 1.798204, 1.700980
0.003919, -0.004738, 16.125084, 246.833076, 11.342768
0.004037, -0.004738, 372.503946, 366.980885, 77.841539
0.004153, -0.004738, 1.892305, 2.310461, 1.914009
0.004270, -0.004738, 2.576580, 4.321448, 2.526253
0.004388, -0.004738, 360.764121, 397.436654, 396.328802
0.004504, -0.004738, 4.167944, 36.118139, 3.939877
0.004622, -0.004738, 1.566764, 1.675914, 1.594480
0.004738, -0.004738, 20.654686, 305.597858, 19.160629
0.004856, -0.004738, 329.522866, 322.591970, 25.011424
0.004972, -0.004738, 1.618558, 1.828409, 1.658520
0.005090, -0.004738, 3.544574, 25.366639, 3.475197
0.005206, -0.004738, 400.604730, 400.093431, 400.571654
0.005324, -0.004738, 2.847017, 6.923137, 2.766102
0.005440, -0.004738, 1.500000, 1.500000, 1.500000
0.005557, -0.004738, 1.500000, 1.500000, 1.500000
0.005675, -0.004738, 1.500000, 1.500000, 1.500000
0.005791, -0.004738, 1.500000, 1.500000, 1.500000
-0.005791, -0.004621, 1.782980, 3.973049, 1.892099
-0.005674, -0.004621, 401.000000, 401.000000, 401.000000
-0.005557, -0.004621, 401.000000, 401.000000, 401.000000
-0.005441, -0.004621, 401.000000, 401.000000, 401.000000
-0.005324, -0.004621, 401.000000, 401.000000, 401.000000
-0.005207, -0.004621, 352.595557, 276.231948, 106.080574
-0.005089, -0.004621, 401.000000, 401.000000, 401.000000
-0.004972, -0.004621, 401.000000, 401.000000, 401.000000
-0.004855, -0.004621, 398.427545, 393.177754, 398.286870
-0.004738, -0.004621, 202.381867, 35.263599, 53.998100
-0.004621, -0.004621, 380.632313, 343.204446, 117.637585
-0.004504, -0.004621, 401.000000, 401.000000, 401.000000
-0.004387, -0.004621, 351.389130, 275.229483, 105.567703
-0.004270, -0.004621, 401.000000, 401.000000, 401.000000
-0.004154, -0.004621, 401.000000, 401.000000, 401.000000
-0.004036, -0.004621, 401.000000, 401.000000, 401.000000
-0.003920, -0.004621, 390.393480, 146.644016, 216.208102
-0.003803, -0.004621, 3.671820, 3.363303, 2.625475
-0.003686, -0.004621, 1.593140, 1.521078, 1.541173
-0.003569, -0.004621, 1.908692, 1.614840, 1.669418
-0.003452, -0.004621, 2.622387, 8.249171, 2.865855
-0.003335, -0.004621, 401.000000, 401.000000, 401.000000
-0.003218, -0.004621, 401.000000, 401.000000, 401.000000
-0.003101, -0.004621, 14.480302, 155.442101, 26.531120
-0.002984, -0.004621, 1.500000, 1.500000, 1.500000
-0.002867, -0.004621, 1.500000, 1.500000, 1.500000
-0.002750, -0.004621, 1.500000, 1.500000, 1.500000
-0.002633, -0.004621, 4.526404, 10.530883, 4.900155
-0.002516, -0.004621, 330.778714, 346.161607, 28.765452
-0.002399, -0.004621, 4.158744, 2.199471, 2.012448
-0.002282, -0.004621, 1.500000, 1.500000, 1.500000
-0.002165, -0.004621, 1.500000, 1.500000, 1.500000
-0.002048, -0.004621, 2.009303, 1.592096, 1.633593
-0.001931, -0.004621, 3.806917, 1.752139, 1.855212
-0.001814, -0.004621, 7.701097, 4.803652, 3.257575
-0.001697, -0.004621, 14.913542, 2.610413, 3.457418
-0.001580, -0.004621, 14.913542, 2.610413, 3.457418
-0.001463, -0.004621, 15.141032, 3.232459, 4.442385
-0.001345, -0.004621, 59.145067, 3.992951, 7.885593
-0.001228, -0.004621, 59.145067, 3.992951, 7.885593
-0.001112, -0.004621, 58.812640, 3.962368, 7.722999
-0.000995, -0.004621, 16.952375, 2.693973, 3.658468
-0.000878, -0.004621, 16.192667, 2.769922, 3.900184
-0.000761, -0.004621, 26.375416, 3.018877, 4.551873
-0.000644, -0.004621, 16.129967, 2.665820, 3.564457
-0.000527, -0.004621, 16.129967, 2.665820, 3.564457
-0.000410, -0.004621, 23.181974, 3.132416, 4.999340
-0.000293, -0.004621, 14.036748, 2.619036, 3.369607
-0.000176, -0.004621, 13.079004, 49.759178, 10.901415
-0.000058, -0.004621, 4.404399, 22.531158, 4.616350
0.000058, -0.004621, 1.500000, 1.500000, 1.500000
0.000175, -0.004621, 2.692768, 3.359345, 2.106256
0.000292, -0.004621, 1.712278, 1.890140, 1.743469
0.000409, -0.004621, 2.768335, 15.935368, 3.369147
0.000526, -0.004621, 1.500000, 1.500000, 1.500000
0.000643, -0.004621, 1.500000, 1.500000, 1.500000
0.000760, -0.004621, 2.154901, 1.603552, 1.651690
0.000877, -0.004621, 1.585175, 1.532259, 1.556587
0.000994, -0.004621, 3.860994, 2.997528, 2.233339
0.001112, -0.004621, 8.831598, 1.999452, 2.339324
0.001228, -0.004621, 11.656209, 2.391338, 3.128971
0.001345, -0.004621, 9.568044, 2.002678, 2.333271
0.001462, -0.004621, 8.835896, 2.006375, 2.343991
0.001579, -0.004621, 10.115163, 2.029574, 2.385207
0.001696, -0.004621, 8.977184, 2.527427, 2.619983
0.001813, -0.004621, 11.326557, 3.166935, 3.425908
0.001930, -0.004621, 1.709166, 1.697213, 1.675415
0.002048, -0.004621, 2.193856, 1.814315, 1.847319
0.002164, -0.004621, 2.442591, 7.197720, 2.650458
0.002282, -0.004621, 1.611811, 3.245340, 1.700499
0.002398, -0.004621, 2.807234, 1.639777, 1.715423
0.002515, -0.004621, 1.500000, 1.500000, 1.500000
0.002632, -0.004621, 1.500000, 1.500000, 1.500000
0.002749, -0.004621, 1.961367, 1.585013, 1.624524
0.002866, -0.004621, 1.642354, 1.551348, 1.581441
0.002983, -0.004621, 1.500000, 1.500000, 1.500000
0.003101, -0.004621, 1.500000, 1.500000, 1.500000
0.003217, -0.004621, 1.500000, 1.500000, 1.500000
0.003335, -0.004621, 1.500000, 1.500000, 1.500000
0.003451, -0.004621, 1.500000, 1.500000, 1.500000
0.003569, -0.004621, 1.500000, 1.500000, 1.500000
0.003685, -0.004621, 1.500000, 1.500000, 1.500000
0.003802, -0.004621, 1.525845, 1.508024, 1.518804
0.003919, -0.004621, 1.913439, 1.609274, 1.681084
0.004037, -0.004621, 1.863873, 1.608056, 1.658652
0.004153, -0.004621, 1.500000, 1.500000, 1.500000
0.004270, -0.004621, 1.500000, 1.500000, 1.500000
0.004388, -0.004621, 2.818482, 1.634052, 1.703117
0.004504, -0.004621, 1.508207, 1.504134, 1.513390
0.004622, -0.004621, 1.500000, 1.500000, 1.500000
0.004738, -0.004621, 1.807650, 1.561938, 1.594480
0.004856, -0.004621, 1.719405, 1.575156, 1.611079
0.004972, -0.004621, 1.500000, 1.500000, 1.500000
0.005090, -0.004621, 1.503375, 1.501307, 1.506590
0.005206, -0.004621, 2.259692, 1.637786, 1.711019
0.005324, -0.004621, 1.500000, 1.500000, 1.500000
0.005440, -0.004621, 1.500000, 1.500000, 1.500000
0.005557, -0.004621, 1.500000, 1.500000, 1.500000
0.005675, -0.004621, 1.500000, 1.500000, 1.500000
0.005791, -0.004621, 1.500000, 1.500000, 1.500000
-0.005791, -0.004504, 1.533523, 1.513458, 1.526019
-0.005674, -0.004504, 8.256062, 4.520932, 4.389159
-0.005557, -0.004504, 100.965975, 9.085219, 15.575144
-0.005441, -0.004504, 19.052382, 308.428231, 27.852923
-0.005324, -0.004504, 401.000000, 401.000000, 401.000000
-0.005207, -0.004504, 344.569251, 298.821503, 103.839941
-0.005089, -0.004504, 401.000000, 401.000000, 401.000000
-0.004972, -0.004504, 401.000000, 401.000000, 401.000000
-0.004855, -0.004504, 401.000000, 401.000000, 401.000000
-0.004738, -0.004504, 58.785658, 176.798796, 23.798345
-0.004621, -0.004504, 110.574935, 15.000059, 29.419880
-0.004504, -0.004504, 71.628683, 8.920553, 13.206256
-0.004387, -0.004504, 205.245608, 49.326708, 76.536400
-0.004270, -0.004504, 61.102791, 275.258273, 69.724746
-0.004154, -0.004504, 376.520866, 380.852016, 143.243967
-0.004036, -0.004504, 15.042837, 2.912723, 2.713595
-0.003920, -0.004504, 56.262993, 370.284754, 80.156795
-0.003803, -0.004504, 15.244563, 130.633527, 28.593510
-0.003686, -0.004504, 3.795900, 3.258263, 2.833617
-0.003569, -0.004504, 32.868103, 4.915098, 5.499321
-0.003452, -0.004504, 3.263785, 8.637853, 3.614610
-0.003335, -0.004504, 401.000000, 401.000000, 401.000000
-0.003218, -0.004504, 401.000000, 401.000000, 401.000000
-0.003101, -0.004504, 13.222839, 150.485573, 18.975278
-0.002984, -0.004504, 1.500000, 1.500000, 1.500000
-0.002867, -0.004504, 5.722690, 3.844054, 3.689744
-0.002750, -0.004504, 39.371177, 4.382350, 4.516635
-0.002633, -0.004504, 2.485193, 2.104757, 2.015975
-0.002516, -0.004504, 3.734177, 3.657236, 3.128732
-0.002399, -0.004504, 22.864555, 5.265057, 6.152195
-0.002282, -0.004504, 2.207099, 2.446006, 2.043769
-0.002165, -0.004504, 1.572438, 1.641230, 1.577411
-0.002048, -0.004504, 8.615384, 4.502537, 4.703486
-0.001931, -0.004504, 47.115748, 6.912165, 8.727752
-0.001814, -0.004504, 1.928095, 6.674059, 1.881079
-0.001697, -0.004504, 1.500000, 1.500000, 1.500000
-0.001580, -0.004504, 1.870293, 1.870293, 1.730672
-0.001463, -0.004504, 10.111030, 3.236933, 2.305792
-0.001345, -0.004504, 3.219804, 1.978111, 1.895913
-0.001228, -0.004504, 24.429336, 5.861457, 8.310238
-0.001112, -0.004504, 8.298258, 3.611952, 3.354935
-0.000995, -0.004504, 2.957310, 1.582024, 1.663112
-0.000878, -0.004504, 9.714801, 4.065136, 4.318194
-0.000761, -0.004504, 72.545248, 5.576571, 7.243291
-0.000644, -0.004504, 3.305342, 1.809744, 1.794501
-0.000527, -0.004504, 3.589534, 2.452958, 2.165920
-0.000410, -0.004504, 40.092590, 6.116928, 9.408716
-0.000293, -0.004504, 5.718756, 3.487962, 2.990266
-0.000176, -0.004504, 69.237661, 6.522625, 8.217464
-0.000058, -0.004504, 2.336125, 2.773803, 2.227189
0.000058, -0.004504, 2.688281, 2.688281, 2.053031
0.000175, -0.004504, 2.079501, 2.079501, 1.891183
0.000292, -0.004504, 2.689408, 3.195428, 2.379197
0.000409, -0.004504, 116.691503, 32.012806, 36.364033
0.000526, -0.004504, 2.057113, 2.427877, 1.963191
0.000643, -0.004504, 1.637570, 1.725455, 1.624151
0.000760, -0.004504, 10.350078, 4.775267, 5.174289
0.000877, -0.004504, 47.010278, 7.426962, 9.256313
0.000994, -0.004504, 1.727027, 1.727027, 1.683088
0.001112, -0.004504, 3.594131, 3.176842, 2.735343
0.001228, -0.004504, 35.072019, 27.106422, 28.451718
0.001345, -0.004504, 2.985294, 6.490447, 3.144225
0.001462, -0.004504, 4.386595, 9.260666, 4.694908
0.001579, -0.004504, 5.624595, 12.090629, 6.001675
0.001696, -0.004504, 2.785208, 2.020272, 1.991959
0.001813, -0.004504, 1.860380, 1.814565, 1.757951
0.001930, -0.004504, 5.493138, 7.554588, 4.914641
0.002048, -0.004504, 304.232114, 76.701586, 76.232681
0.002164, -0.004504, 2.606535, 7.348063, 2.902094
0.002282, -0.004504, 2.602567, 4.417823, 2.434886
0.002398, -0.004504, 22.043287, 5.265057, 6.152195
0.002515, -0.004504, 2.285326, 2.514264, 2.096602
0.002632, -0.004504, 1.552766, 1.613740, 1.562232
0.002749, -0.004504, 8.045424, 4.382350, 4.516635
0.002866, -0.004504, 37.445063, 5.903974, 7.011394
0.002983, -0.004504, 2.919134, 3.583583, 2.664430
0.003101, -0.004504, 1.500000, 1.500000, 1.500000
0.003217, -0.004504, 1.500000, 1.500000, 1.500000
0.003335, -0.004504, 1.500000, 1.500000, 1.500000
0.003451, -0.004504, 1.723645, 1.831044, 1.682340
0.003569, -0.004504, 12.529082, 4.915098, 5.499321
0.003685, -0.004504, 3.844461, 3.258263, 2.833617
0.003802, -0.004504, 2.731573, 5.621560, 2.856518
0.003919, -0.004504, 348.483430, 30.993326, 32.135644
0.004037, -0.004504, 34.839756, 4.791574, 5.256177
0.004153, -0.004504, 1.638188, 1.759337, 1.643712
0.004270, -0.004504, 2.030873, 2.195968, 1.882180
0.004388, -0.004504, 19.296727, 5.214760, 6.075172
0.004504, -0.004504, 2.648320, 2.763121, 2.308380
0.004622, -0.004504, 1.504906, 1.513894, 1.513390
0.004738, -0.004504, 6.423338, 4.012918, 3.939877
0.004856, -0.004504, 39.483711, 4.218228, 4.249641
0.004972, -0.004504, 1.522751, 1.575314, 1.540501
0.005090, -0.004504, 2.541067, 2.624582, 2.186646
0.005206, -0.004504, 24.241116, 5.251939, 6.132409
0.005324, -0.004504, 2.092399, 2.340419, 1.967434
0.005440, -0.004504, 1.610522, 1.689250, 1.604814
0.005557, -0.004504, 9.605190, 4.626878, 4.947202
0.005675, -0.004504, 5.675427, 3.586999, 3.286008
0.005791, -0.004504, 1.500000, 1.500000, 1.500000
-0.005791, -0.004387, 1.506775, 1.517184, 1.521091
-0.005674, -0.004387, 34.930588, 229.559872, 76.263345
-0.005557, -0.004387, 401.000000, 401.000000, 401.000000
-0.005441, -0.004387, 7.656408, 89.168251, 13.314330
-0.005324, -0.004387, 301.147201, 351.588727, 105.534446
-0.005207, -0.004387, 401.000000, 401.000000, 401.000000
-0.005089, -0.004387, 304.083784, 347.592916, 105.080312
-0.004972, -0.004387, 401.000000, 401.000000, 401.000000
-0.004855, -0.004387, 401.000000, 401.000000, 401.000000
-0.004738, -0.004387, 13.779261, 30.412449, 21.719613
-0.004621, -0.004387, 15.534851, 3.789103, 4.511750
-0.004504, -0.004387, 12.970981, 314.481849, 14.421451
-0.004387, -0.004387, 401.000000, 401.000000, 401.000000
-0.004270, -0.004387, 39.193202, 259.298625, 44.888245
-0.004154, -0.004387, 401.000000, 401.000000, 401.000000
-0.004036, -0.004387, 260.550534, 10.949295, 10.147464
-0.003920, -0.004387, 401.000000, 401.000000, 401.000000
-0.003803, -0.004387, 138.469784, 165.020560, 33.341134
-0.003686, -0.004387, 11.791417, 84.094271, 18.413085
-0.003569, -0.004387, 401.000000, 401.000000, 401.000000
-0.003452, -0.004387, 6.379568, 61.336275, 10.030256
-0.003335, -0.004387, 401.000000, 401.000000, 401.000000
-0.003218, -0.004387, 358.125496, 392.655904, 254.093679
-0.003101, -0.004387, 2.358378, 2.358378, 2.052507
-0.002984, -0.004387, 1.570234, 1.808902, 1.618797
-0.002867, -0.004387, 142.551296, 393.427458, 293.753021
-0.002750, -0.004387, 401.000000, 401.000000, 401.000000
-0.002633, -0.004387, 1.925815, 4.084782, 2.043203
-0.002516, -0.004387, 3.940595, 16.210516, 4.405836
-0.002399, -0.004387, 401.000000, 401.000000, 401.000000
-0.002282, -0.004387, 3.698068, 14.458481, 4.097412
-0.002165, -0.004387, 1.880652, 4.249126, 1.979589
-0.002048, -0.004387, 401.000000, 401.000000, 401.000000
-0.001931, -0.004387, 360.064830, 390.658198, 189.938612
-0.001814, -0.004387, 1.561538, 1.778713, 1.612877
-0.001697, -0.004387, 1.870293, 1.870293, 1.730672
-0.001580, -0.004387, 3.186799, 3.186799, 2.277409
-0.001463, -0.004387, 1.500000, 1.500000, 1.500000
-0.001345, -0.004387, 2.358309, 6.443456, 2.516588
-0.001228, -0.004387, 401.000000, 401.000000, 401.000000
-0.001112, -0.004387, 202.581650, 200.708387, 32.283086
-0.000995, -0.004387, 1.574635, 1.752002, 1.617049
-0.000878, -0.004387, 41.187925, 376.663581, 63.889146
-0.000761, -0.004387, 401.000000, 401.000000, 401.000000
-0.000644, -0.004387, 2.056665, 5.014310, 2.175297
-0.000527, -0.004387, 3.164107, 10.986715, 3.455363
-0.000410, -0.004387, 401.000000, 401.000000, 401.000000
-0.000293, -0.004387, 5.677317, 22.870655, 6.794686
-0.000176, -0.004387, 7.434012, 5.116284, 4.845143
-0.000058, -0.004387, 5.108409, 5.333419, 3.877504
0.000058, -0.004387, 2.079501, 2.079501, 1.891183
0.000175, -0.004387, 1.500000, 1.500000, 1.500000
0.000292, -0.004387, 4.796091, 22.675876, 5.508522
0.000409, -0.004387, 401.000000, 401.000000, 401.000000
0.000526, -0.004387, 3.166716, 10.986715, 3.455363
0.000643, -0.004387, 2.056516, 5.014310, 2.175297
0.000760, -0.004387, 401.000000, 401.000000, 401.000000
0.000877, -0.004387, 278.010281, 372.636986, 57.072795
0.000994, -0.004387, 1.500000, 1.500000, 1.500000
0.001112, -0.004387, 9.782964, 67.008538, 13.505750
0.001228, -0.004387, 401.000000, 401.000000, 401.000000
0.001345, -0.004387, 3.334505, 8.859316, 3.266512
0.001462, -0.004387, 13.407685, 4.112173, 3.119123
0.001579, -0.004387, 2.404354, 2.079573, 2.040303
0.001696, -0.004387, 12.138422, 55.092947, 18.366419
0.001813, -0.004387, 3.758167, 14.947817, 4.263261
0.001930, -0.004387, 79.628708, 347.454429, 187.245599
0.002048, -0.004387, 401.000000, 401.000000, 401.000000
0.002164, -0.004387, 3.683651, 25.158327, 4.695457
0.002282, -0.004387, 4.452287, 34.045075, 6.003165
0.002398, -0.004387, 401.000000, 401.000000, 401.000000
0.002515, -0.004387, 3.949027, 16.210516, 4.405836
0.002632, -0.004387, 1.822528, 4.001460, 1.915103
0.002749, -0.004387, 401.000000, 401.000000, 401.000000
0.002866, -0.004387, 378.524232, 394.957532, 293.959195
0.002983, -0.004387, 2.619126, 2.726387, 2.348795
0.003101, -0.004387, 1.500000, 1.500000, 1.500000
0.003217, -0.004387, 1.500000, 1.500000, 1.500000
0.003335, -0.004387, 1.500000, 1.500000, 1.500000
0.003451, -0.004387, 2.268473, 6.001722, 2.413835
0.003569, -0.004387, 401.000000, 401.000000, 401.000000
0.003685, -0.004387, 17.275111, 85.184897, 29.662117
0.003802, -0.004387, 1.852845, 1.735286, 1.710217
0.003919, -0.004387, 24.306082, 365.391481, 39.928390
0.004037, -0.004387, 401.000000, 401.000000, 401.000000
0.004153, -0.004387, 2.131231, 5.351045, 2.258869
0.004270, -0.004387, 3.002052, 9.999101, 3.263148
0.004388, -0.004387, 401.000000, 401.000000, 401.000000
0.004504, -0.004387, 109.341460, 26.293470, 9.303013
0.004622, -0.004387, 1.639492, 2.144915, 1.714188
0.004738, -0.004387, 337.107478, 399.502486, 396.328802
0.004856, -0.004387, 400.994787, 400.994787, 400.994951
0.004972, -0.004387, 1.732349, 3.540656, 1.816076
0.005090, -0.004387, 4.432175, 19.837309, 5.033813
0.005206, -0.004387, 401.000000, 401.000000, 401.000000
0.005324, -0.004387, 3.346328, 12.126832, 3.670819
0.005440, -0.004387, 1.986276, 4.703407, 2.097201
0.005557, -0.004387, 401.000000, 401.000000, 401.000000
0.005675, -0.004387, 274.283033, 229.559872, 76.263345
0.005791, -0.004387, 1.505585, 1.517184, 1.521091
-0.005791, -0.004270, 1.500000, 1.500000, 1.500000
-0.005674, -0.004270, 3.251918, 2.375627, 2.276467
-0.005557, -0.004270, 11.909967, 2.824225, 2.909719
-0.005441, -0.004270, 3.574390, 15.458899, 4.097916
-0.005324, -0.004270, 401.000000, 401.000000, 401.000000
-0.005207, -0.004270, 353.301121, 303.407986, 106.909249
-0.005089, -0.004270, 401.000000, 401.000000, 401.000000
-0.004972, -0.004270, 401.000000, 401.000000, 401.000000
-0.004855, -0.004270, 401.000000, 401.000000, 401.000000
-0.004738, -0.004270, 8.814298, 84.096258, 15.655591
-0.004621, -0.004270, 150.765589, 150.048362, 222.627219
-0.004504, -0.004270, 6.075707, 9.180254, 6.428484
-0.004387, -0.004270, 229.496766, 62.227926, 68.444249
-0.004270, -0.004270, 49.663632, 91.686178, 79.350547
-0.004154, -0.004270, 401.000000, 401.000000, 401.000000
-0.004036, -0.004270, 401.000000, 401.000000, 401.000000
-0.003920, -0.004270, 401.000000, 401.000000, 401.000000
-0.003803, -0.004270, 401.000000, 401.000000, 401.000000
-0.003686, -0.004270, 8.705408, 67.200501, 11.304435
-0.003569, -0.004270, 230.648056, 349.862601, 24.376650
-0.003452, -0.004270, 2.847401, 10.143584, 3.166032
-0.003335, -0.004270, 401.000000, 401.000000, 401.000000
-0.003218, -0.004270, 34.102518, 309.705798, 134.408031
-0.003101, -0.004270, 1.500000, 1.500000, 1.500000
-0.002984, -0.004270, 1.500000, 1.500000, 1.500000
-0.002867, -0.004270, 3.675145, 2.504271, 2.420680
-0.002750, -0.004270, 13.251340, 3.576776, 3.937893
-0.002633, -0.004270, 34.431372, 5.734731, 3.783575
-0.002516, -0.004270, 2.120613, 8.278361, 2.147470
-0.002399, -0.004270, 401.000000, 401.000000, 401.000000
-0.002282, -0.004270, 2.132908, 7.821303, 2.190084
-0.002165, -0.004270, 1.510938, 1.508159, 1.515616
-0.002048, -0.004270, 4.957594, 2.772320, 2.814773
-0.001931, -0.004270, 3.360477, 2.457850, 2.366818
-0.001814, -0.004270, 1.870293, 1.870293, 1.730672
-0.001697, -0.004270, 3.186799, 3.186799, 2.277409
-0.001580, -0.004270, 1.500000, 1.500000, 1.500000
-0.001463, -0.004270, 1.501679, 1.501679, 1.505428
-0.001345, -0.004270, 4.097263, 2.078587, 2.198430
-0.001228, -0.004270, 24.792188, 5.564586, 7.764507
-0.001112, -0.004270, 9.766128, 3.347412, 3.420839
-0.000995, -0.004270, 4.785498, 1.969477, 2.104320
-0.000878, -0.004270, 7.889673, 3.761871, 3.882247
-0.000761, -0.004270, 69.578300, 5.304974, 6.806679
-0.000644, -0.004270, 5.021824, 2.017993, 2.173971
-0.000527, -0.004270, 5.139068, 2.405536, 2.497063
-0.000410, -0.004270, 40.316158, 6.215128, 9.676305
-0.000293, -0.004270, 80.438159, 6.201867, 9.088196
-0.000176, -0.004270, 20.636967, 2.878500, 3.964671
-0.000058, -0.004270, 7.484537, 3.071068, 2.945503
0.000058, -0.004270, 5.907123, 4.371799, 3.900201
0.000175, -0.004270, 6.237333, 5.861319, 4.783352
0.000292, -0.004270, 2.121713, 1.930426, 1.850282
0.000409, -0.004270, 9.778905, 3.009982, 3.272881
0.000526, -0.004270, 1.738265, 1.738265, 1.689424
0.000643, -0.004270, 1.536707, 1.527975, 1.535058
0.000760, -0.004270, 5.615381, 2.851791, 2.961268
0.000877, -0.004270, 2.857238, 2.329590, 2.227830
0.000994, -0.004270, 1.500000, 1.500000, 1.500000
0.001112, -0.004270, 2.662173, 2.166904, 2.067469
0.001228, -0.004270, 11.447839, 4.271565, 4.236522
0.001345, -0.004270, 4.668040, 5.483801, 3.944910
0.001462, -0.004270, 67.802222, 12.924007, 18.876216
0.001579, -0.004270, 3.536187, 5.145972, 3.278025
0.001696, -0.004270, 9.016397, 2.161972, 2.122328
0.001813, -0.004270, 2.536083, 1.851670, 1.950720
0.001930, -0.004270, 3.518590, 2.457850, 2.366818
0.002048, -0.004270, 12.133862, 3.778324, 3.475103
0.002164, -0.004270, 13.661449, 11.591103, 10.126332
0.002282, -0.004270, 2.158991, 2.545305, 2.065726
0.002398, -0.004270, 20.073695, 271.339306, 11.830520
0.002515, -0.004270, 1.929602, 1.987868, 1.834504
0.002632, -0.004270, 1.504951, 1.503625, 1.509930
0.002749, -0.004270, 4.878518, 2.863019, 2.977872
0.002866, -0.004270, 3.605399, 2.504271, 2.420680
0.002983, -0.004270, 1.500000, 1.500000, 1.500000
0.003101, -0.004270, 1.500000, 1.500000, 1.500000
0.003217, -0.004270, 1.500000, 1.500000, 1.500000
0.003335, -0.004270, 1.500000, 1.500000, 1.500000
0.003451, -0.004270, 1.578548, 1.560745, 1.562495
0.003569, -0.004270, 6.372180, 2.948479, 3.118427
0.003685, -0.004270, 4.771193, 3.146445, 3.044115
0.003802, -0.004270, 1.500000, 1.500000, 1.500000
0.003919, -0.004270, 2.968248, 2.281725, 2.178995
0.004037, -0.004270, 11.630028, 2.878022, 3.012922
0.004153, -0.004270, 1.539228, 1.539228, 1.544820
0.004270, -0.004270, 1.755093, 1.705592, 1.667269
0.004388, -0.004270, 8.383363, 4.879457, 4.000400
0.004504, -0.004270, 271.817380, 397.804617, 368.157987
0.004622, -0.004270, 2.716083, 4.772342, 2.745167
0.004738, -0.004270, 3.993147, 2.586842, 2.526253
0.004856, -0.004270, 10.495174, 2.676304, 2.653573
0.004972, -0.004270, 1.500000, 1.500000, 1.500000
0.005090, -0.004270, 2.064196, 1.911413, 1.826610
0.005206, -0.004270, 12.493915, 3.590826, 3.913310
0.005324, -0.004270, 1.772638, 1.770072, 1.713222
0.005440, -0.004270, 1.525603, 1.519412, 1.527177
0.005557, -0.004270, 5.365249, 2.824225, 2.909719
0.005675, -0.004270, 3.012147, 2.375627, 2.276467
0.005791, -0.004270, 1.500000, 1.500000, 1.500000
-0.005791, -0.004154, 1.500000, 1.500000, 1.500000
-0.005674, -0.004154, 2.294272, 1.832375, 1.815396
-0.005557, -0.004154, 6.756013, 2.559167, 2.729836
-0.005441, -0.004154, 3.798195, 14.188429, 4.399577
-0.005324, -0.004154, 400.995675, 400.995702, 400.995764
-0.005207, -0.004154, 337.329466, 181.766389, 65.761272
-0.005089, -0.004154, 400.823107, 400.833032, 400.880157
-0.004972, -0.004154, 401.000000, 401.000000, 401.000000
-0.004855, -0.004154, 372.893930, 345.412440, 137.416551
-0.004738, -0.004154, 149.943727, 48.461777, 47.767939
-0.004621, -0.004154, 67.801591, 8.412933, 15.358365
-0.004504, -0.004154, 16.541910, 16.479631, 9.947089
-0.004387, -0.004154, 105.369453, 102.037594, 23.985413
-0.004270, -0.004154, 398.205860, 398.668119, 399.457531
-0.004154, -0.004154, 401.000000, 401.000000, 401.000000
-0.004036, -0.004154, 196.679397, 202.660219, 6.255900
-0.003920, -0.004154, 9.163796, 231.409158, 7.678366
-0.003803, -0.004154, 401.000000, 401.000000, 401.000000
-0.003686, -0.004154, 5.790564, 78.410454, 9.098076
-0.003569, -0.004154, 15.917167, 113.337492, 28.397931
-0.003452, -0.004154, 2.622834, 8.256884, 2.866628
-0.003335, -0.004154, 401.000000, 401.000000, 401.000000
-0.003218, -0.004154, 34.102518, 309.705798, 134.408031
-0.003101, -0.004154, 1.500000, 1.500000, 1.500000
-0.002984, -0.004154, 1.500000, 1.500000, 1.500000
-0.002867, -0.004154, 1.500000, 1.500000, 1.500000
-0.002750, -0.004154, 1.500000, 1.500000, 1.500000
-0.002633, -0.004154, 2.578786, 2.531113, 2.140721
-0.002516, -0.004154, 36.986692, 5.037336, 3.749367
-0.002399, -0.004154, 10.307028, 2.842481, 3.114690
-0.002282, -0.004154, 11.389113, 3.675358, 4.084056
-0.002165, -0.004154, 1.646864, 1.827257, 1.660345
-0.002048, -0.004154, 3.210837, 2.013520, 2.040286
-0.001931, -0.004154, 6.602991, 2.368371, 2.549113
-0.001814, -0.004154, 3.238706, 11.073986, 2.321624
-0.001697, -0.004154, 1.865705, 1.706695, 1.682990
-0.001580, -0.004154, 5.650564, 2.292663, 2.465756
-0.001463, -0.004154, 6.889814, 4.804415, 3.510436
-0.001345, -0.004154, 20.938995, 8.269359, 10.528162
-0.001228, -0.004154, 53.209265, 7.581995, 8.875304
-0.001112, -0.004154, 56.482462, 7.665308, 9.085554
-0.000995, -0.004154, 61.792450, 7.759615, 10.365871
-0.000878, -0.004154, 55.770735, 7.632057, 9.005320
-0.000761, -0.004154, 57.784339, 7.667719, 9.270120
-0.000644, -0.004154, 39.029438, 6.201106, 6.397646
-0.000527, -0.004154, 1.671907, 1.794792, 1.677504
-0.000410, -0.004154, 4.806131, 2.134296, 2.263596
-0.000293, -0.004154, 1.657245, 1.652960, 1.630827
-0.000176, -0.004154, 1.500000, 1.500000, 1.500000
-0.000058, -0.004154, 2.778499, 1.939529, 1.940205
0.000058, -0.004154, 5.540944, 3.829969, 3.744113
0.000175, -0.004154, 3.827396, 3.074072, 2.840213
0.000292, -0.004154, 1.727671, 1.652960, 1.630827
0.000409, -0.004154, 5.279273, 2.134296, 2.263596
0.000526, -0.004154, 1.552232, 1.567736, 1.555510
0.000643, -0.004154, 1.500000, 1.500000, 1.500000
0.000760, -0.004154, 1.500000, 1.500000, 1.500000
0.000877, -0.004154, 1.500000, 1.500000, 1.500000
0.000994, -0.004154, 1.500000, 1.500000, 1.500000
0.001112, -0.004154, 2.002016, 1.864343, 1.764200
0.001228, -0.004154, 12.207223, 12.373923, 4.145813
0.001345, -0.004154, 2.336857, 5.777647, 2.370727
0.001462, -0.004154, 13.986206, 3.402183, 3.726896
0.001579, -0.004154, 7.779784, 13.972777, 6.628584
0.001696, -0.004154, 3.289023, 5.411006, 3.183489
0.001813, -0.004154, 391.272057, 181.709465, 267.413577
0.001930, -0.004154, 2.852390, 2.559029, 2.153521
0.002048, -0.004154, 3.266147, 2.830548, 2.636736
0.002164, -0.004154, 32.662493, 7.814818, 9.439111
0.002282, -0.004154, 1.721859, 1.934629, 1.754537
0.002398, -0.004154, 2.754627, 17.083473, 3.349961
0.002515, -0.004154, 1.500000, 1.500000, 1.500000
0.002632, -0.004154, 1.557905, 1.875814, 1.600739
0.002749, -0.004154, 38.767916, 36.326131, 40.680407
0.002866, -0.004154, 2.867821, 4.266314, 2.628566
0.002983, -0.004154, 1.500000, 1.500000, 1.500000
0.003101, -0.004154, 1.500000, 1.500000, 1.500000
0.003217, -0.004154, 1.500000, 1.500000, 1.500000
0.003335, -0.004154, 1.500000, 1.500000, 1.500000
0.003451, -0.004154, 1.500000, 1.500000, 1.500000
0.003569, -0.004154, 1.500000, 1.500000, 1.500000
0.003685, -0.004154, 1.500000, 1.500000, 1.500000
0.003802, -0.004154, 2.135805, 1.938758, 1.836064
0.003919, -0.004154, 1.543077, 1.518353, 1.529033
0.004037, -0.004154, 4.041862, 2.320717, 2.235263
0.004153, -0.004154, 1.539690, 1.571227, 1.562713
0.004270, -0.004154, 1.551138, 1.551138, 1.544820
0.004388, -0.004154, 4.721625, 2.131026, 2.258869
0.004504, -0.004154, 5.260965, 2.999140, 3.040715
0.004622, -0.004154, 1.895647, 1.885573, 1.820586
0.004738, -0.004154, 1.500000, 1.500000, 1.500000
0.004856, -0.004154, 1.500000, 1.500000, 1.500000
0.004972, -0.004154, 1.500000, 1.500000, 1.500000
0.005090, -0.004154, 1.693328, 1.638941, 1.617037
0.005206, -0.004154, 5.201536, 2.136511, 2.266717
0.005324, -0.004154, 1.565141, 1.581950, 1.566112
0.005440, -0.004154, 1.500000, 1.500000, 1.500000
0.005557, -0.004154, 3.429594, 2.034931, 2.081192
0.005675, -0.004154, 2.034508, 1.832375, 1.815396
0.005791, -0.004154, 1.500000, 1.500000, 1.500000
-0.005791, -0.004036, 1.506727, 1.517681, 1.521073
-0.005674, -0.004036, 21.034910, 33.091794, 27.467726
-0.005557, -0.004036, 401.000000, 401.000000, 401.000000
-0.005441, -0.004036, 7.813184, 70.753192, 14.384538
-0.005324, -0.004036, 235.090509, 308.031299, 58.785291
-0.005207, -0.004036, 401.000000, 401.000000, 401.000000
-0.005089, -0.004036, 249.690545, 321.846188, 57.431538
-0.004972, -0.004036, 300.976757, 360.568385, 105.711237
-0.004855, -0.004036, 401.000000, 401.000000, 401.000000
-0.004738, -0.004036, 401.000000, 401.000000, 401.000000
-0.004621, -0.004036, 229.477677, 360.059789, 105.332866
-0.004504, -0.004036, 10.754935, 103.359813, 19.551483
-0.004387, -0.004036, 401.000000, 401.000000, 401.000000
-0.004270, -0.004036, 141.883299, 260.821419, 52.211405
-0.004154, -0.004036, 401.000000, 401.000000, 401.000000
-0.004036, -0.004036, 250.963964, 10.967688, 9.271897
-0.003920, -0.004036, 13.711776, 13.711776, 11.881062
-0.003803, -0.004036, 401.000000, 401.000000, 401.000000
-0.003686, -0.004036, 4.577679, 49.128805, 6.452597
-0.003569, -0.004036, 195.003730, 255.175989, 168.302555
-0.003452, -0.004036, 2.657125, 8.269767, 2.936609
-0.003335, -0.004036, 401.000000, 401.000000, 401.000000
-0.003218, -0.004036, 26.583959, 275.300355, 25.662720
-0.003101, -0.004036, 1.500000, 1.500000, 1.500000
-0.002984, -0.004036, 1.500000, 1.500000, 1.500000
-0.002867, -0.004036, 1.500000, 1.500000, 1.500000
-0.002750, -0.004036, 1.500000, 1.500000, 1.500000
-0.002633, -0.004036, 1.500000, 1.500000, 1.500000
-0.002516, -0.004036, 2.545338, 2.014290, 1.973954
-0.002399, -0.004036, 7.266908, 2.852136, 2.901121
-0.002282, -0.004036, 30.755729, 8.275517, 10.104073
-0.002165, -0.004036, 2.231507, 4.328476, 2.391736
-0.002048, -0.004036, 173.350524, 173.350524, 258.829724
-0.001931, -0.004036, 401.000000, 401.000000, 401.000000
-0.001814, -0.004036, 1.606920, 3.207273, 1.694045
-0.001697, -0.004036, 6.087031, 14.144180, 6.906619
-0.001580, -0.004036, 401.000000, 401.000000, 401.000000
-0.001463, -0.004036, 7.625071, 102.526579, 14.435547
-0.001345, -0.004036, 190.777631, 317.924836, 59.426068
-0.001228, -0.004036, 401.000000, 401.000000, 401.000000
-0.001112, -0.004036, 244.869982, 125.819148, 144.433531
-0.000995, -0.004036, 347.341186, 376.090002, 65.546199
-0.000878, -0.004036, 136.717940, 321.523937, 312.069434
-0.000761, -0.004036, 398.811054, 322.468306, 389.013797
-0.000644, -0.004036, 216.804379, 175.668140, 193.149479
-0.000527, -0.004036, 4.484278, 16.616132, 5.645995
-0.000410, -0.004036, 401.000000, 401.000000, 401.000000
-0.000293, -0.004036, 4.617168, 10.195409, 4.901287
-0.000176, -0.004036, 1.652263, 2.487489, 1.704902
-0.000058, -0.004036, 78.766254, 78.766314, 99.906461
0.000058, -0.004036, 377.787539, 78.766314, 99.906461
0.000175, -0.004036, 1.657259, 2.489708, 1.713715
0.000292, -0.004036, 4.441513, 10.192695, 4.832754
0.000409, -0.004036, 401.000000, 401.000000, 401.000000
0.000526, -0.004036, 3.066177, 6.307041, 3.207824
0.000643, -0.004036, 1.500000, 1.500000, 1.500000
0.000760, -0.004036, 1.500000, 1.500000, 1.500000
0.000877, -0.004036, 1.500000, 1.500000, 1.500000
0.000994, -0.004036, 1.500000, 1.500000, 1.500000
0.001112, -0.004036, 8.318643, 18.675321, 10.049780
0.001228, -0.004036, 401.000000, 401.000000, 401.000000
0.001345, -0.004036, 3.617477, 17.281388, 4.991062
0.001462, -0.004036, 2.537502, 5.020014, 2.650408
0.001579, -0.004036, 401.000000, 401.000000, 401.000000
0.001696, -0.004036, 7.104253, 18.989576, 8.570032
0.001813, -0.004036, 4.031954, 100.761264, 3.675593
0.001930, -0.004036, 31.813692, 41.695166, 40.911573
0.002048, -0.004036, 392.579553, 173.350524, 258.829724
0.002164, -0.004036, 87.976317, 5.340831, 5.992753
0.002282, -0.004036, 1.658927, 1.925146, 1.680852
0.002398, -0.004036, 2.870733, 17.102686, 3.455848
0.002515, -0.004036, 1.500000, 1.500000, 1.500000
0.002632, -0.004036, 1.776119, 2.898527, 1.831951
0.002749, -0.004036, 300.944525, 397.674652, 390.413996
0.002866, -0.004036, 331.685156, 49.303517, 52.973907
0.002983, -0.004036, 1.556758, 1.887234, 1.596237
0.003101, -0.004036, 1.500000, 1.500000, 1.500000
0.003217, -0.004036, 1.500000, 1.500000, 1.500000
0.003335, -0.004036, 1.500000, 1.500000, 1.500000
0.003451, -0.004036, 1.500000, 1.500000, 1.500000
0.003569, -0.004036, 1.500000, 1.500000, 1.500000
0.003685, -0.004036, 1.500000, 1.500000, 1.500000
0.003802, -0.004036, 3.530423, 2.475401, 2.418894
0.003919, -0.004036, 41.476507, 15.213951, 8.093340
0.004037, -0.004036, 6.464465, 2.209680, 2.423204
0.004153, -0.004036, 1.534712, 1.600796, 1.553625
0.004270, -0.004036, 2.867094, 5.898327, 3.012922
0.004388, -0.004036, 401.000000, 401.000000, 401.000000
0.004504, -0.004036, 4.914688, 11.051063, 5.256177
0.004622, -0.004036, 1.500000, 1.500000, 1.500000
0.004738, -0.004036, 1.500000, 1.500000, 1.500000
0.004856, -0.004036, 1.500000, 1.500000, 1.500000
0.004972, -0.004036, 1.500000, 1.500000, 1.500000
0.005090, -0.004036, 4.129397, 9.336891, 4.458677
0.005206, -0.004036, 401.000000, 401.000000, 401.000000
0.005324, -0.004036, 3.192710, 6.743882, 3.356148
0.005440, -0.004036, 1.927986, 3.332579, 1.989176
0.005557, -0.004036, 256.281144, 256.281144, 353.895426
0.005675, -0.004036, 243.396815, 33.091794, 27.467726
0.005791, -0.004036, 1.505592, 1.517681, 1.521073
-0.005791, -0.003920, 1.500000, 1.500000, 1.500000
-0.005674, -0.003920, 7.222447, 8.893317, 5.862278
-0.005557, -0.003920, 235.009153, 20.594895, 23.114085
-0.005441, -0.003920, 12.959313, 32.540595, 19.109982
-0.005324, -0.003920, 252.009918, 284.346038, 38.028340
-0.005207, -0.003920, 180.057884, 391.785424, 267.148095
-0.005089, -0.003920, 202.841201, 257.617242, 40.662805
-0.004972, -0.003920, 396.030108, 361.175104, 396.327641
-0.004855, -0.003920, 388.662904, 361.777278, 300.088196
-0.004738, -0.003920, 343.334133, 372.107220, 303.598861
-0.004621, -0.003920, 395.044757, 362.359669, 396.443725
-0.004504, -0.003920, 228.058624, 208.899008, 49.182533
-0.004387, -0.003920, 219.681474, 279.854684, 220.131998
-0.004270, -0.003920, 190.753808, 271.471300, 53.571372
-0.004154, -0.003920, 401.000000, 401.000000, 401.000000
-0.004036, -0.003920, 401.000000, 401.000000, 401.000000
-0.003920, -0.003920, 401.000000, 401.000000, 401.000000
-0.003803, -0.003920, 401.000000, 401.000000, 401.000000
-0.003686, -0.003920, 7.533671, 38.864986, 12.402844
-0.003569, -0.003920, 395.531306, 400.552281, 400.621370
-0.003452, -0.003920, 3.656078, 8.950933, 3.814003
-0.003335, -0.003920, 128.102680, 11.563743, 14.955411
-0.003218, -0.003920, 2.180598, 2.180598, 1.956536
-0.003101, -0.003920, 1.500000, 1.500000, 1.500000
-0.002984, -0.003920, 1.500000, 1.500000, 1.500000
-0.002867, -0.003920, 1.500000, 1.500000, 1.500000
-0.002750, -0.003920, 1.500000, 1.500000, 1.500000
-0.002633, -0.003920, 1.500000, 1.500000, 1.500000
-0.002516, -0.003920, 1.500000, 1.500000, 1.500000
-0.002399, -0.003920, 1.500000, 1.500000, 1.500000
-0.002282, -0.003920, 1.500000, 1.500000, 1.500000
-0.002165, -0.003920, 1.650269, 1.758467, 1.661323
-0.002048, -0.003920, 17.271751, 18.403182, 12.351507
-0.001931, -0.003920, 128.044387, 10.042817, 6.774708
-0.001814, -0.003920, 1.501349, 1.502095, 1.506760
-0.001697, -0.003920, 3.988746, 5.306241, 3.467279
-0.001580, -0.003920, 155.057715, 22.013107, 26.649737
-0.001463, -0.003920, 3.725444, 12.661673, 3.967149
-0.001345, -0.003920, 327.339289, 216.453894, 256.932650
-0.001228, -0.003920, 63.525654, 309.770011, 57.397519
-0.001112, -0.003920, 12.671910, 140.096710, 18.622955
-0.000995, -0.003920, 5.695554, 7.946082, 5.756074
-0.000878, -0.003920, 222.988920, 301.014681, 345.645020
-0.000761, -0.003920, 364.448755, 303.590432, 159.799618
-0.000644, -0.003920, 60.417426, 113.060411, 55.378784
-0.000527, -0.003920, 3.297610, 8.863602, 3.272917
-0.000410, -0.003920, 80.356631, 38.798673, 43.210170
-0.000293, -0.003920, 7.263057, 36.020393, 8.128350
-0.000176, -0.003920, 1.550277, 1.627080, 1.574798
-0.000058, -0.003920, 12.419784, 14.295461, 9.059469
0.000058, -0.003920, 365.816783, 62.269878, 298.769690
0.000175, -0.003920, 1.889075, 4.070660, 1.969205
0.000292, -0.003920, 3.223788, 4.186397, 2.883165
0.000409, -0.003920, 122.335163, 47.163053, 81.905925
0.000526, -0.003920, 4.005918, 15.089700, 4.357601
0.000643, -0.003920, 1.500000, 1.500000, 1.500000
0.000760, -0.003920, 1.500000, 1.500000, 1.500000
0.000877, -0.003920, 1.500000, 1.500000, 1.500000
0.000994, -0.003920, 1.500000, 1.500000, 1.500000
0.001112, -0.003920, 4.788750, 6.383698, 4.073336
0.001228, -0.003920, 183.024495, 21.376975, 21.820807
0.001345, -0.003920, 3.740267, 13.963812, 3.832629
0.001462, -0.003920, 2.105565, 2.366556, 2.013817
0.001579, -0.003920, 50.938000, 22.013107, 26.649737
0.001696, -0.003920, 6.427042, 7.272901, 5.874949
0.001813, -0.003920, 2.143218, 2.541225, 2.049930
0.001930, -0.003920, 8.708998, 10.042817, 6.774708
0.002048, -0.003920, 260.814030, 18.434231, 13.225734
0.002164, -0.003920, 24.035580, 5.494437, 6.328935
0.002282, -0.003920, 4.219703, 4.573444, 3.302878
0.002398, -0.003920, 2.808118, 2.860074, 2.308151
0.002515, -0.003920, 1.500000, 1.500000, 1.500000
0.002632, -0.003920, 1.618781, 1.720374, 1.635643
0.002749, -0.003920, 15.746996, 17.603185, 11.339876
0.002866, -0.003920, 169.402255, 10.897972, 7.325709
0.002983, -0.003920, 1.507584, 1.516596, 1.519973
0.003101, -0.003920, 1.500000, 1.500000, 1.500000
0.003217, -0.003920, 1.500000, 1.500000, 1.500000
0.003335, -0.003920, 1.500000, 1.500000, 1.500000
0.003451, -0.003920, 1.500000, 1.500000, 1.500000
0.003569, -0.003920, 1.500000, 1.500000, 1.500000
0.003685, -0.003920, 1.500000, 1.500000, 1.500000
0.003802, -0.003920, 3.054172, 2.100265, 2.044613
0.003919, -0.003920, 2.995390, 1.598697, 1.698577
0.004037, -0.003920, 7.702634, 2.626721, 2.653787
0.004153, -0.003920, 1.542008, 1.573055, 1.569976
0.004270, -0.003920, 2.317366, 2.711831, 2.178995
0.004388, -0.003920, 72.607618, 22.393302, 30.387073
0.004504, -0.003920, 3.454248, 4.451467, 3.023153
0.004622, -0.003920, 1.500000, 1.500000, 1.500000
0.004738, -0.003920, 1.500000, 1.500000, 1.500000
0.004856, -0.003920, 1.500000, 1.500000, 1.500000
0.004972, -0.003920, 1.500000, 1.500000, 1.500000
0.005090, -0.003920, 3.062882, 3.936766, 2.761823
0.005206, -0.003920, 112.146591, 22.541627, 31.864155
0.005324, -0.003920, 2.486471, 3.064364, 2.333830
0.005440, -0.003920, 1.710235, 1.832600, 1.709385
0.005557, -0.003920, 20.523450, 19.469895, 14.380825
0.005675, -0.003920, 13.337113, 8.893317, 5.862278
0.005791, -0.003920, 1.500000, 1.500000, 1.500000
-0.005791, -0.003803, 1.754737, 3.125419, 1.824137
-0.005674, -0.003803, 81.088225, 9.166752, 13.017120
-0.005557, -0.003803, 85.165678, 19.623055, 32.854230
-0.005441, -0.003803, 401.000000, 401.000000, 401.000000
-0.005324, -0.003803, 390.775277, 144.753491, 217.777814
-0.005207, -0.003803, 89.077010, 8.390208, 14.456688
-0.005089, -0.003803, 84.822214, 74.128144, 100.788075
-0.004972, -0.003803, 401.000000, 401.000000, 401.000000
-0.004855, -0.003803, 384.982115, 100.385462, 139.494554
-0.004738, -0.003803, 156.239922, 156.239922, 231.878343
-0.004621, -0.003803, 401.000000, 401.000000, 401.000000
-0.004504, -0.003803, 399.463970, 385.570068, 399.292144
-0.004387, -0.003803, 401.000000, 401.000000, 401.000000
-0.004270, -0.003803, 401.000000, 401.000000, 401.000000
-0.004154, -0.003803, 401.000000, 401.000000, 401.000000
-0.004036, -0.003803, 401.000000, 401.000000, 401.000000
-0.003920, -0.003803, 336.245767, 327.575054, 33.827597
-0.003803, -0.003803, 401.000000, 401.000000, 401.000000
-0.003686, -0.003803, 370.310941, 55.823275, 63.534863
-0.003569, -0.003803, 4.434792, 3.796974, 2.225238
-0.003452, -0.003803, 1.500000, 1.500000, 1.500000
-0.003335, -0.003803, 1.500000, 1.500000, 1.500000
-0.003218, -0.003803, 1.500000, 1.500000, 1.500000
-0.003101, -0.003803, 1.500000, 1.500000, 1.500000
-0.002984, -0.003803, 1.500000, 1.500000, 1.500000
-0.002867, -0.003803, 1.500000, 1.500000, 1.500000
-0.002750, -0.003803, 1.500000, 1.500000, 1.500000
-0.002633, -0.003803, 1.500000, 1.500000, 1.500000
-0.002516, -0.003803, 1.500000, 1.500000, 1.500000
-0.002399, -0.003803, 1.500000, 1.500000, 1.500000
-0.002282, -0.003803, 1.500000, 1.500000, 1.500000
-0.002165, -0.003803, 1.500000, 1.500000, 1.500000
-0.002048, -0.003803, 1.500000, 1.500000, 1.500000
-0.001931, -0.003803, 2.209134, 1.529311, 1.602332
-0.001814, -0.003803, 2.209969, 1.529341, 1.602441
-0.001697, -0.003803, 2.209969, 1.529341, 1.602441
-0.001580, -0.003803, 2.209969, 1.529341, 1.602441
-0.001463, -0.003803, 1.859234, 1.852510, 1.789376
-0.001345, -0.003803, 18.580635, 304.324498, 16.861381
-0.001228, -0.003803, 162.914358, 15.125333, 16.326745
-0.001112, -0.003803, 20.392453, 8.552831, 11.929482
-0.000995, -0.003803, 17.369099, 7.394722, 7.771735
-0.000878, -0.003803, 82.171236, 10.166692, 13.571486
-0.000761, -0.003803, 34.477395, 28.148148, 35.322739
-0.000644, -0.003803, 257.397196, 270.596746, 10.340172
-0.000527, -0.003803, 1.708763, 1.767029, 1.707588
-0.000410, -0.003803, 6.494134, 2.540505, 2.740689
-0.000293, -0.003803, 2.079618, 2.077022, 1.920172
-0.000176, -0.003803, 3.602756, 3.873906, 2.359959
-0.000058, -0.003803, 1.500000, 1.500000, 1.500000
0.000058, -0.003803, 1.500000, 1.500000, 1.500000
0.000175, -0.003803, 4.228868, 3.217926, 2.388711
0.000292, -0.003803, 7.013147, 1.986163, 2.276838
0.000409, -0.003803, 7.013147, 1.986163, 2.276838
0.000526, -0.003803, 7.753050, 2.727287, 3.074898
0.000643, -0.003803, 32.382697, 2.938582, 4.653426
0.000760, -0.003803, 32.382697, 2.938582, 4.653426
0.000877, -0.003803, 32.382697, 2.938582, 4.653426
0.000994, -0.003803, 32.382697, 2.938582, 4.653426
0.001112, -0.003803, 32.382697, 2.938582, 4.653426
0.001228, -0.003803, 32.413181, 3.003658, 4.761367
0.001345, -0.003803, 9.822071, 2.402106, 2.712309
0.001462, -0.003803, 7.013147, 1.986163, 2.276838
0.001579, -0.003803, 7.019735, 2.036679, 2.314210
0.001696, -0.003803, 2.691151, 2.691151, 2.137481
0.001813, -0.003803, 4.187436, 4.835225, 3.541481
0.001930, -0.003803, 7.501867, 7.796245, 6.183302
0.002048, -0.003803, 1.527330, 1.619962, 1.557164
0.002164, -0.003803, 23.771569, 19.857583, 22.009099
0.002282, -0.003803, 3.430519, 34.334247, 3.375027
0.002398, -0.003803, 1.500000, 1.500000, 1.500000
0.002515, -0.003803, 1.500000, 1.500000, 1.500000
0.002632, -0.003803, 1.500000, 1.500000, 1.500000
0.002749, -0.003803, 1.500000, 1.500000, 1.500000
0.002866, -0.003803, 1.500000, 1.500000, 1.500000
0.002983, -0.003803, 1.500000, 1.500000, 1.500000
0.003101, -0.003803, 1.500000, 1.500000, 1.500000
0.003217, -0.003803, 1.500000, 1.500000, 1.500000
0.003335, -0.003803, 1.500000, 1.500000, 1.500000
0.003451, -0.003803, 1.500000, 1.500000, 1.500000
0.003569, -0.003803, 1.500000, 1.500000, 1.500000
0.003685, -0.003803, 1.500000, 1.500000, 1.500000
0.003802, -0.003803, 3.518935, 2.484595, 2.423299
0.003919, -0.003803, 43.176674, 19.771832, 9.053561
0.004037, -0.003803, 6.629223, 2.241417, 2.464696
0.004153, -0.003803, 1.537818, 1.593744, 1.558866
0.004270, -0.003803, 1.500000, 1.500000, 1.500000
0.004388, -0.003803, 1.500000, 1.500000, 1.500000
0.004504, -0.003803, 1.500000, 1.500000, 1.500000
0.004622, -0.003803, 1.500000, 1.500000, 1.500000
0.004738, -0.003803, 1.500000, 1.500000, 1.500000
0.004856, -0.003803, 1.500000, 1.500000, 1.500000
0.004972, -0.003803, 1.500000, 1.500000, 1.500000
0.005090, -0.003803, 1.500000, 1.500000, 1.500000
0.005206, -0.003803, 1.500000, 1.500000, 1.500000
0.005324, -0.003803, 1.500000, 1.500000, 1.500000
0.005440, -0.003803, 1.500000, 1.500000, 1.500000
0.005557, -0.003803, 1.500000, 1.500000, 1.500000
0.005675, -0.003803, 1.500000, 1.500000, 1.500000
0.005791, -0.003803, 1.500000, 1.500000, 1.500000
-0.005791, -0.003686, 1.783451, 3.973591, 1.892714
-0.005674, -0.003686, 401.000000, 401.000000, 401.000000
-0.005557, -0.003686, 401.000000, 401.000000, 401.000000
-0.005441, -0.003686, 401.000000, 401.000000, 401.000000
-0.005324, -0.003686, 399.678206, 400.165053, 400.299784
-0.005207, -0.003686, 362.875308, 87.273051, 134.447989
-0.005089, -0.003686, 399.682461, 400.165730, 400.300526
-0.004972, -0.003686, 375.344036, 392.135289, 364.686917
-0.004855, -0.003686, 201.208940, 143.798094, 55.193383
-0.004738, -0.003686, 294.316681, 155.362725, 51.600560
-0.004621, -0.003686, 372.177406, 397.133399, 396.683859
-0.004504, -0.003686, 225.312677, 77.120499, 61.711657
-0.004387, -0.003686, 170.496543, 232.766390, 170.112033
-0.004270, -0.003686, 188.732029, 246.964084, 51.823597
-0.004154, -0.003686, 401.000000, 401.000000, 401.000000
-0.004036, -0.003686, 341.985537, 347.533030, 44.845368
-0.003920, -0.003686, 2.748955, 2.596290, 2.327740
-0.003803, -0.003686, 168.800690, 391.138488, 291.563820
-0.003686, -0.003686, 401.000000, 401.000000, 401.000000
-0.003569, -0.003686, 1.870267, 3.842125, 1.947069
-0.003452, -0.003686, 6.111712, 2.329236, 2.513549
-0.003335, -0.003686, 6.627371, 2.337971, 2.529902
-0.003218, -0.003686, 6.627371, 2.337971, 2.529902
-0.003101, -0.003686, 6.627371, 2.337971, 2.529902
-0.002984, -0.003686, 6.627371, 2.337971, 2.529902
-0.002867, -0.003686, 6.627371, 2.337971, 2.529902
-0.002750, -0.003686, 6.627371, 2.337971, 2.529902
-0.002633, -0.003686, 6.627371, 2.337971, 2.529902
-0.002516, -0.003686, 6.627371, 2.337971, 2.529902
-0.002399, -0.003686, 6.627371, 2.337971, 2.529902
-0.002282, -0.003686, 1.745508, 1.786989, 1.697507
-0.002165, -0.003686, 1.500000, 1.500000, 1.500000
-0.002048, -0.003686, 2.755207, 4.452606, 2.716007
-0.001931, -0.003686, 400.987133, 400.987133, 400.988817
-0.001814, -0.003686, 401.000000, 401.000000, 401.000000
-0.001697, -0.003686, 401.000000, 401.000000, 401.000000
-0.001580, -0.003686, 401.000000, 401.000000, 401.000000
-0.001463, -0.003686, 191.437763, 7.079453, 5.725797
-0.001345, -0.003686, 6.103111, 2.817741, 2.961400
-0.001228, -0.003686, 40.144908, 4.363387, 6.073756
-0.001112, -0.003686, 13.890804, 4.934148, 5.300195
-0.000995, -0.003686, 87.695380, 380.840869, 114.918681
-0.000878, -0.003686, 401.000000, 401.000000, 401.000000
-0.000761, -0.003686, 401.000000, 401.000000, 401.000000
-0.000644, -0.003686, 2.928505, 10.204875, 3.235468
-0.000527, -0.003686, 3.536893, 7.469903, 3.720476
-0.000410, -0.003686, 401.000000, 401.000000, 401.000000
-0.000293, -0.003686, 261.130474, 12.299995, 10.500697
-0.000176, -0.003686, 2.057123, 1.995940, 1.884815
-0.000058, -0.003686, 5.016396, 1.969485, 2.161612
0.000058, -0.003686, 8.552319, 2.472448, 2.934967
0.000175, -0.003686, 15.876420, 2.569606, 3.206874
0.000292, -0.003686, 15.876420, 2.569606, 3.206874
0.000409, -0.003686, 15.885234, 2.591771, 3.232870
0.000526, -0.003686, 20.157484, 2.956581, 3.744764
0.000643, -0.003686, 15.876420, 2.569606, 3.206874
0.000760, -0.003686, 15.876420, 2.569606, 3.206874
0.000877, -0.003686, 15.876420, 2.569606, 3.206874
0.000994, -0.003686, 15.876420, 2.569606, 3.206874
0.001112, -0.003686, 15.876420, 2.569606, 3.206874
0.001228, -0.003686, 15.876420, 2.569606, 3.206874
0.001345, -0.003686, 15.876420, 2.569606, 3.206874
0.001462, -0.003686, 15.876420, 2.569606, 3.206874
0.001579, -0.003686, 15.876420, 2.569606, 3.206874
0.001696, -0.003686, 15.876978, 2.570887, 3.207058
0.001813, -0.003686, 15.655586, 3.594825, 4.090922
0.001930, -0.003686, 11.713992, 4.152061, 4.340690
0.002048, -0.003686, 4.145654, 1.824536, 1.938444
0.002164, -0.003686, 12.827076, 3.950888, 4.726688
0.002282, -0.003686, 7.474353, 6.296484, 5.219274
0.002398, -0.003686, 278.725013, 27.799988, 91.077640
0.002515, -0.003686, 278.725013, 27.799988, 91.077640
0.002632, -0.003686, 278.725013, 27.799988, 91.077640
0.002749, -0.003686, 278.725013, 27.799988, 91.077640
0.002866, -0.003686, 278.725013, 27.799988, 91.077640
0.002983, -0.003686, 278.725013, 27.799988, 91.077640
0.003101, -0.003686, 278.725013, 27.799988, 91.077640
0.003217, -0.003686, 274.927822, 25.956229, 71.291137
0.003335, -0.003686, 3.339324, 3.169502, 2.500288
0.003451, -0.003686, 1.500000, 1.500000, 1.500000
0.003569, -0.003686, 1.500000, 1.500000, 1.500000
0.003685, -0.003686, 1.500000, 1.500000, 1.500000
0.003802, -0.003686, 3.908018, 1.966714, 2.112527
0.003919, -0.003686, 9.925873, 2.181837, 2.555223
0.004037, -0.003686, 14.501397, 3.679245, 3.463355
0.004153, -0.003686, 1.540050, 1.571152, 1.562897
0.004270, -0.003686, 2.254186, 2.768518, 2.107362
0.004388, -0.003686, 51.341402, 11.676028, 17.368041
0.004504, -0.003686, 3.266903, 3.795900, 2.833617
0.004622, -0.003686, 1.523441, 1.593140, 1.541173
0.004738, -0.003686, 9.975202, 6.781600, 6.818623
0.004856, -0.003686, 177.165657, 7.429087, 7.805462
0.004972, -0.003686, 1.555071, 1.721852, 1.582825
0.005090, -0.003686, 2.943821, 3.525293, 2.611068
0.005206, -0.003686, 74.514835, 11.872560, 17.841127
0.005324, -0.003686, 2.395105, 3.011874, 2.241931
0.005440, -0.003686, 1.500000, 1.500000, 1.500000
0.005557, -0.003686, 1.500000, 1.500000, 1.500000
0.005675, -0.003686, 1.500000, 1.500000, 1.500000
0.005791, -0.003686, 1.500000, 1.500000, 1.500000
-0.005791, -0.003569, 1.783451, 3.973591, 1.892714
-0.005674, -0.003569, 401.000000, 401.000000, 401.000000
-0.005557, -0.003569, 401.000000, 401.000000, 401.000000
-0.005441, -0.003569, 401.000000, 401.000000, 401.000000
-0.005324, -0.003569, 261.618860, 332.253704, 105.575643
-0.005207, -0.003569, 401.000000, 401.000000, 401.000000
-0.005089, -0.003569, 278.871795, 323.241818, 105.993042
-0.004972, -0.003569, 208.273291, 258.285217, 57.377569
-0.004855, -0.003569, 398.316725, 399.254785, 399.717930
-0.004738, -0.003569, 401.000000, 401.000000, 401.000000
-0.004621, -0.003569, 81.098744, 28.477153, 11.105575
-0.004504, -0.003569, 16.251423, 80.679213, 23.312815
-0.004387, -0.003569, 401.000000, 401.000000, 401.000000
-0.004270, -0.003569, 170.113073, 322.655962, 53.567190
-0.004154, -0.003569, 401.000000, 401.000000, 401.000000
-0.004036, -0.003569, 401.000000, 401.000000, 401.000000
-0.003920, -0.003569, 395.853136, 250.593271, 368.245190
-0.003803, -0.003569, 401.000000, 401.000000, 401.000000
-0.003686, -0.003569, 401.000000, 401.000000, 401.000000
-0.003569, -0.003569, 2.759622, 15.764149, 3.356416
-0.003452, -0.003569, 401.000000, 401.000000, 401.000000
-0.003335, -0.003569, 401.000000, 401.000000, 401.000000
-0.003218, -0.003569, 401.000000, 401.000000, 401.000000
-0.003101, -0.003569, 401.000000, 401.000000, 401.000000
-0.002984, -0.003569, 401.000000, 401.000000, 401.000000
-0.002867, -0.003569, 401.000000, 401.000000, 401.000000
-0.002750, -0.003569, 401.000000, 401.000000, 401.000000
-0.002633, -0.003569, 401.000000, 401.000000, 401.000000
-0.002516, -0.003569, 401.000000, 401.000000, 401.000000
-0.002399, -0.003569, 401.000000, 401.000000, 401.000000
-0.002282, -0.003569, 268.744448, 13.116712, 11.293481
-0.002165, -0.003569, 1.759599, 1.817857, 1.703363
-0.002048, -0.003569, 2.330855, 2.424059, 2.099148
-0.001931, -0.003569, 50.591063, 357.153500, 56.730101
-0.001814, -0.003569, 398.204751, 395.048839, 397.903370
-0.001697, -0.003569, 399.443656, 397.899492, 399.334730
-0.001580, -0.003569, 401.000000, 401.000000, 401.000000
-0.001463, -0.003569, 401.000000, 401.000000, 401.000000
-0.001345, -0.003569, 401.000000, 401.000000, 401.000000
-0.001228, -0.003569, 401.000000, 401.000000, 401.000000
-0.001112, -0.003569, 358.285075, 43.979242, 47.604691
-0.000995, -0.003569, 5.455619, 5.377090, 4.487730
-0.000878, -0.003569, 87.695380, 380.840869, 114.918681
-0.000761, -0.003569, 401.000000, 401.000000, 401.000000
-0.000644, -0.003569, 2.782335, 9.998140, 2.908535
-0.000527, -0.003569, 3.679141, 16.845274, 4.035150
-0.000410, -0.003569, 401.000000, 401.000000, 401.000000
-0.000293, -0.003569, 401.000000, 401.000000, 401.000000
-0.000176, -0.003569, 2.311290, 6.556102, 2.481707
-0.000058, -0.003569, 3.343951, 3.343951, 2.612357
0.000058, -0.003569, 142.560968, 142.560968, 209.269636
0.000175, -0.003569, 401.000000, 401.000000, 401.000000
0.000292, -0.003569, 401.000000, 401.000000, 401.000000
0.000409, -0.003569, 401.000000, 401.000000, 401.000000
0.000526, -0.003569, 401.000000, 401.000000, 401.000000
0.000643, -0.003569, 401.000000, 401.000000, 401.000000
0.000760, -0.003569, 401.000000, 401.000000, 401.000000
0.000877, -0.003569, 401.000000, 401.000000, 401.000000
0.000994, -0.003569, 401.000000, 401.000000, 401.000000
0.001112, -0.003569, 401.000000, 401.000000, 401.000000
0.001228, -0.003569, 401.000000, 401.000000, 401.000000
0.001345, -0.003569, 401.000000, 401.000000, 401.000000
0.001462, -0.003569, 401.000000, 401.000000, 401.000000
0.001579, -0.003569, 401.000000, 401.000000, 401.000000
0.001696, -0.003569, 401.000000, 401.000000, 401.000000
0.001813, -0.003569, 401.000000, 401.000000, 401.000000
0.001930, -0.003569, 401.000000, 401.000000, 401.000000
0.002048, -0.003569, 401.000000, 401.000000, 401.000000
0.002164, -0.003569, 401.000000, 401.000000, 401.000000
0.002282, -0.003569, 401.000000, 401.000000, 401.000000
0.002398, -0.003569, 401.000000, 401.000000, 401.000000
0.002515, -0.003569, 401.000000, 401.000000, 401.000000
0.002632, -0.003569, 401.000000, 401.000000, 401.000000
0.002749, -0.003569, 401.000000, 401.000000, 401.000000
0.002866, -0.003569, 401.000000, 401.000000, 401.000000
0.002983, -0.003569, 401.000000, 401.000000, 401.000000
0.003101, -0.003569, 401.000000, 401.000000, 401.000000
0.003217, -0.003569, 401.000000, 401.000000, 401.000000
0.003335, -0.003569, 385.708177, 111.198178, 155.350325
0.003451, -0.003569, 3.339324, 3.169502, 2.500288
0.003569, -0.003569, 1.500000, 1.500000, 1.500000
0.003685, -0.003569, 1.500000, 1.500000, 1.500000
0.003802, -0.003569, 3.289044, 2.574136, 2.370282
0.003919, -0.003569, 21.397307, 6.103951, 5.335262
0.004037, -0.003569, 6.555226, 2.251855, 2.473482
0.004153, -0.003569, 1.538224, 1.591735, 1.559480
0.004270, -0.003569, 2.906916, 11.325679, 3.087551
0.004388, -0.003569, 401.000000, 401.000000, 401.000000
0.004504, -0.003569, 247.671156, 34.245540, 15.410568
0.004622, -0.003569, 1.807702, 2.167370, 1.844798
0.004738, -0.003569, 86.904298, 380.889429, 116.060081
0.004856, -0.003569, 390.257184, 394.689393, 295.293345
0.004972, -0.003569, 1.699978, 2.225046, 1.766273
0.005090, -0.003569, 4.218176, 24.186592, 4.630381
0.005206, -0.003569, 401.000000, 401.000000, 401.000000
0.005324, -0.003569, 3.238946, 14.004475, 3.450423
0.005440, -0.003569, 1.500000, 1.500000, 1.500000
0.005557, -0.003569, 1.500000, 1.500000, 1.500000
0.005675, -0.003569, 1.500000, 1.500000, 1.500000
0.005791, -0.003569, 1.500000, 1.500000, 1.500000
-0.005791, -0.003452, 1.686243, 1.898657, 1.715900
-0.005674, -0.003452, 33.011654, 344.092206, 33.382644
-0.005557, -0.003452, 401.000000, 401.000000, 401.000000
-0.005441, -0.003452, 401.000000, 401.000000, 401.000000
-0.005324, -0.003452, 401.000000, 401.000000, 401.000000
-0.005207, -0.003452, 353.927277, 302.486779, 106.759845
-0.005089, -0.003452, 401.000000, 401.000000, 401.000000
-0.004972, -0.003452, 401.000000, 401.000000, 401.000000
-0.004855, -0.003452, 38.271498, 50.097165, 16.692904
-0.004738, -0.003452, 45.603909, 7.466542, 8.512197
-0.004621, -0.003452, 2.979479, 10.764336, 3.340576
-0.004504, -0.003452, 321.964390, 365.665088, 57.877109
-0.004387, -0.003452, 25.239891, 109.155163, 16.147771
-0.004270, -0.003452, 390.918165, 365.165103, 396.205271
-0.004154, -0.003452, 401.000000, 401.000000, 401.000000
-0.004036, -0.003452, 401.000000, 401.000000, 401.000000
-0.003920, -0.003452, 401.000000, 401.000000, 401.000000
-0.003803, -0.003452, 401.000000, 401.000000, 401.000000
-0.003686, -0.003452, 401.000000, 401.000000, 401.000000
-0.003569, -0.003452, 2.765730, 17.167739, 3.369943
-0.003452, -0.003452, 401.000000, 401.000000, 401.000000
-0.003335, -0.003452, 401.000000, 401.000000, 401.000000
-0.003218, -0.003452, 401.000000, 401.000000, 401.000000
-0.003101, -0.003452, 401.000000, 401.000000, 401.000000
-0.002984, -0.003452, 401.000000, 401.000000, 401.000000
-0.002867, -0.003452, 401.000000, 401.000000, 401.000000
-0.002750, -0.003452, 401.000000, 401.000000, 401.000000
-0.002633, -0.003452, 401.000000, 401.000000, 401.000000
-0.002516, -0.003452, 401.000000, 401.000000, 401.000000
-0.002399, -0.003452, 401.000000, 401.000000, 401.000000
-0.002282, -0.003452, 401.000000, 401.000000, 401.000000
-0.002165, -0.003452, 269.403851, 13.116718, 11.293701
-0.002048, -0.003452, 8.253461, 2.622484, 2.865992
-0.001931, -0.003452, 8.253461, 2.622484, 2.865992
-0.001814, -0.003452, 8.253461, 2.622484, 2.865992
-0.001697, -0.003452, 3.351279, 2.928409, 2.741384
-0.001580, -0.003452, 15.794950, 8.313555, 8.953915
-0.001463, -0.003452, 88.891265, 9.731167, 14.158179
-0.001345, -0.003452, 88.891265, 9.731167, 14.158179
-0.001228, -0.003452, 89.962410, 225.789671, 22.860329
-0.001112, -0.003452, 401.000000, 401.000000, 401.000000
-0.000995, -0.003452, 358.285075, 43.979242, 47.604691
-0.000878, -0.003452, 25.106917, 4.921956, 5.229088
-0.000761, -0.003452, 48.081721, 4.639088, 6.125321
-0.000644, -0.003452, 5.285179, 2.071745, 2.236002
-0.000527, -0.003452, 5.291483, 2.354651, 2.481510
-0.000410, -0.003452, 38.053141, 4.486074, 6.306671
-0.000293, -0.003452, 41.807275, 4.375197, 5.914011
-0.000176, -0.003452, 5.869184, 3.668320, 3.214552
-0.000058, -0.003452, 142.560968, 142.560968, 209.269636
0.000058, -0.003452, 401.000000, 401.000000, 401.000000
0.000175, -0.003452, 401.000000, 401.000000, 401.000000
0.000292, -0.003452, 401.000000, 401.000000, 401.000000
0.000409, -0.003452, 401.000000, 401.000000, 401.000000
0.000526, -0.003452, 313.802889, 291.414999, 23.513938
0.000643, -0.003452, 401.000000, 401.000000, 401.000000
0.000760, -0.003452, 401.000000, 401.000000, 401.000000
0.000877, -0.003452, 401.000000, 401.000000, 401.000000
0.000994, -0.003452, 321.863795, 304.553181, 19.242480
0.001112, -0.003452, 56.744515, 368.344933, 65.701433
0.001228, -0.003452, 401.000000, 401.000000, 401.000000
0.001345, -0.003452, 401.000000, 401.000000, 401.000000
0.001462, -0.003452, 360.700354, 360.700354, 51.219976
0.001579, -0.003452, 24.591849, 226.904898, 9.658724
0.001696, -0.003452, 401.000000, 401.000000, 401.000000
0.001813, -0.003452, 401.000000, 401.000000, 401.000000
0.001930, -0.003452, 400.986949, 400.986949, 400.987954
0.002048, -0.003452, 262.200309, 170.808550, 11.138347
0.002164, -0.003452, 401.000000, 401.000000, 401.000000
0.002282, -0.003452, 401.000000, 401.000000, 401.000000
0.002398, -0.003452, 401.000000, 401.000000, 401.000000
0.002515, -0.003452, 355.710515, 355.710515, 44.267323
0.002632, -0.003452, 21.835413, 210.811797, 8.523079
0.002749, -0.003452, 401.000000, 401.000000, 401.000000
0.002866, -0.003452, 401.000000, 401.000000, 401.000000
0.002983, -0.003452, 252.133664, 154.454696, 8.442934
0.003101, -0.003452, 174.452298, 392.764976, 260.585663
0.003217, -0.003452, 401.000000, 401.000000, 401.000000
0.003335, -0.003452, 401.000000, 401.000000, 401.000000
0.003451, -0.003452, 385.708177, 111.198178, 155.350325
0.003569, -0.003452, 3.339324, 3.169502, 2.500288
0.003685, -0.003452, 1.500000, 1.500000, 1.500000
0.003802, -0.003452, 2.072603, 2.270174, 1.929559
0.003919, -0.003452, 2.210306, 2.157783, 1.901143
0.004037, -0.003452, 9.590054, 3.007729, 2.516178
0.004153, -0.003452, 1.514790, 1.532857, 1.526197
0.004270, -0.003452, 1.578548, 1.560745, 1.562495
0.004388, -0.003452, 5.264151, 2.584574, 2.617460
0.004504, -0.003452, 29.754962, 339.016404, 29.639365
0.004622, -0.003452, 250.021798, 10.255979, 8.765631
0.004738, -0.003452, 3.246364, 2.395263, 2.254925
0.004856, -0.003452, 3.019600, 2.078649, 2.111988
0.004972, -0.003452, 1.500000, 1.500000, 1.500000
0.005090, -0.003452, 1.752396, 1.655099, 1.650108
0.005206, -0.003452, 5.815104, 2.274831, 2.422791
0.005324, -0.003452, 1.593950, 1.592560, 1.588419
0.005440, -0.003452, 1.500000, 1.500000, 1.500000
0.005557, -0.003452, 1.500000, 1.500000, 1.500000
0.005675, -0.003452, 1.500000, 1.500000, 1.500000
0.005791, -0.003452, 1.500000, 1.500000, 1.500000
-0.005791, -0.003335, 1.500000, 1.500000, 1.500000
-0.005674, -0.003335, 3.527650, 2.441751, 2.374850
-0.005557, -0.003335, 40.425294, 7.457705, 11.864672
-0.005441, -0.003335, 13.464013, 274.803315, 20.215374
-0.005324, -0.003335, 299.407035, 320.010227, 76.496566
-0.005207, -0.003335, 165.891810, 250.320542, 138.250534
-0.005089, -0.003335, 63.120047, 258.748937, 54.585505
-0.004972, -0.003335, 401.000000, 401.000000, 401.000000
-0.004855, -0.003335, 11.466839, 178.636926, 20.542508
-0.004738, -0.003335, 29.294332, 11.181716, 15.069922
-0.004621, -0.003335, 2.398213, 3.068740, 2.254503
-0.004504, -0.003335, 3.938685, 2.338659, 2.428893
-0.004387, -0.003335, 30.258054, 61.541468, 21.434230
-0.004270, -0.003335, 94.344794, 283.879704, 63.671811
-0.004154, -0.003335, 401.000000, 401.000000, 401.000000
-0.004036, -0.003335, 381.687522, 386.828331, 157.061374
-0.003920, -0.003335, 40.464603, 4.123010, 3.675180
-0.003803, -0.003335, 62.003975, 376.156156, 81.673052
-0.003686, -0.003335, 401.000000, 401.000000, 401.000000
-0.003569, -0.003335, 2.765730, 17.167739, 3.369943
-0.003452, -0.003335, 401.000000, 401.000000, 401.000000
-0.003335, -0.003335, 186.090545, 189.472256, 9.670312
-0.003218, -0.003335, 23.721219, 3.800711, 4.712785
-0.003101, -0.003335, 23.002558, 3.528968, 4.554350
-0.002984, -0.003335, 23.002558, 3.528968, 4.554350
-0.002867, -0.003335, 23.002558, 3.528968, 4.554350
-0.002750, -0.003335, 23.145245, 3.595156, 4.250365
-0.002633, -0.003335, 8.540565, 185.436504, 7.046573
-0.002516, -0.003335, 401.000000, 401.000000, 401.000000
-0.002399, -0.003335, 401.000000, 401.000000, 401.000000
-0.002282, -0.003335, 401.000000, 401.000000, 401.000000
-0.002165, -0.003335, 401.000000, 401.000000, 401.000000
-0.002048, -0.003335, 401.000000, 401.000000, 401.000000
-0.001931, -0.003335, 401.000000, 401.000000, 401.000000
-0.001814, -0.003335, 401.000000, 401.000000, 401.000000
-0.001697, -0.003335, 382.868500, 96.817210, 130.192092
-0.001580, -0.003335, 51.428455, 6.016392, 7.431908
-0.001463, -0.003335, 38.569092, 5.927214, 7.337857
-0.001345, -0.003335, 38.569092, 5.927214, 7.337857
-0.001228, -0.003335, 32.062572, 4.612684, 4.221433
-0.001112, -0.003335, 8.708110, 210.904683, 7.276554
-0.000995, -0.003335, 401.000000, 401.000000, 401.000000
-0.000878, -0.003335, 401.000000, 401.000000, 401.000000
-0.000761, -0.003335, 401.000000, 401.000000, 401.000000
-0.000644, -0.003335, 401.000000, 401.000000, 401.000000
-0.000527, -0.003335, 401.000000, 401.000000, 401.000000
-0.000410, -0.003335, 401.000000, 401.000000, 401.000000
-0.000293, -0.003335, 401.000000, 401.000000, 401.000000
-0.000176, -0.003335, 401.000000, 401.000000, 401.000000
-0.000058, -0.003335, 335.752154, 335.752154, 28.051311
0.000058, -0.003335, 17.665481, 264.683610, 11.596496
0.000175, -0.003335, 401.000000, 401.000000, 401.000000
0.000292, -0.003335, 401.000000, 401.000000, 401.000000
0.000409, -0.003335, 289.359762, 312.429906, 23.043782
0.000526, -0.003335, 3.284739, 3.334615, 2.526575
0.000643, -0.003335, 391.377497, 400.230723, 400.369826
0.000760, -0.003335, 401.000000, 401.000000, 401.000000
0.000877, -0.003335, 401.000000, 401.000000, 401.000000
0.000994, -0.003335, 63.429984, 9.682794, 3.709503
0.001112, -0.003335, 7.335613, 28.098042, 6.782469
0.001228, -0.003335, 401.000000, 401.000000, 401.000000
0.001345, -0.003335, 401.000000, 401.000000, 401.000000
0.001462, -0.003335, 243.506177, 25.023915, 10.809945
0.001579, -0.003335, 6.383619, 5.917172, 3.739456
0.001696, -0.003335, 401.000000, 401.000000, 401.000000
0.001813, -0.003335, 401.000000, 401.000000, 401.000000
0.001930, -0.003335, 326.589645, 347.984743, 53.130651
0.002048, -0.003335, 9.915293, 2.879493, 2.672733
0.002164, -0.003335, 133.629624, 387.474849, 235.493054
0.002282, -0.003335, 401.000000, 401.000000, 401.000000
0.002398, -0.003335, 401.000000, 401.000000, 401.000000
0.002515, -0.003335, 258.435930, 23.133595, 11.827061
0.002632, -0.003335, 7.002810, 5.631866, 3.866023
0.002749, -0.003335, 401.000000, 401.000000, 401.000000
0.002866, -0.003335, 399.053426, 399.054900, 397.316113
0.002983, -0.003335, 41.763021, 3.512305, 3.080366
0.003101, -0.003335, 23.669447, 97.543980, 26.678115
0.003217, -0.003335, 401.000000, 401.000000, 401.000000
0.003335, -0.003335, 401.000000, 401.000000, 401.000000
0.003451, -0.003335, 401.000000, 401.000000, 401.000000
0.003569, -0.003335, 385.708177, 111.198178, 155.350325
0.003685, -0.003335, 1.692619, 2.823618, 1.763847
0.003802, -0.003335, 3.985559, 3.131324, 2.446768
0.003919, -0.003335, 2.844511, 3.185644, 2.401085
0.004037, -0.003335, 2.492710, 3.096623, 2.219775
0.004153, -0.003335, 1.569773, 1.685353, 1.607203
0.004270, -0.003335, 1.696131, 1.696131, 1.633208
0.004388, -0.003335, 7.273833, 2.767086, 2.986835
0.004504, -0.003335, 3.104700, 3.090199, 2.633369
0.004622, -0.003335, 39.913191, 10.985895, 14.083764
0.004738, -0.003335, 5.292603, 3.554601, 3.262080
0.004856, -0.003335, 4.325046, 2.475329, 2.465391
0.004972, -0.003335, 1.500000, 1.500000, 1.500000
0.005090, -0.003335, 1.963956, 1.877671, 1.768543
0.005206, -0.003335, 8.284139, 2.776571, 3.000534
0.005324, -0.003335, 1.712134, 1.760135, 1.672629
0.005440, -0.003335, 1.510938, 1.510938, 1.515616
0.005557, -0.003335, 4.855589, 2.604958, 2.687642
0.005675, -0.003335, 2.699598, 2.247206, 2.150020
0.005791, -0.003335, 1.500000, 1.500000, 1.500000
-0.005791, -0.003218, 1.506783, 1.517368, 1.521106
-0.005674, -0.003218, 32.561272, 88.777897, 64.683290
-0.005557, -0.003218, 401.000000, 401.000000, 401.000000
-0.005441, -0.003218, 7.364089, 120.290442, 12.984152
-0.005324, -0.003218, 172.389816, 343.183675, 56.613056
-0.005207, -0.003218, 401.000000, 401.000000, 401.000000
-0.005089, -0.003218, 243.285481, 355.623633, 79.437100
-0.004972, -0.003218, 401.000000, 401.000000, 401.000000
-0.004855, -0.003218, 292.687893, 58.847750, 39.849855
-0.004738, -0.003218, 86.783607, 9.854146, 19.016827
-0.004621, -0.003218, 85.536761, 7.888655, 11.550173
-0.004504, -0.003218, 27.987169, 168.572333, 42.272168
-0.004387, -0.003218, 401.000000, 401.000000, 401.000000
-0.004270, -0.003218, 96.874525, 135.674591, 94.751930
-0.004154, -0.003218, 401.000000, 401.000000, 401.000000
-0.004036, -0.003218, 397.333075, 272.242813, 365.101011
-0.003920, -0.003218, 124.144467, 5.902238, 5.219679
-0.003803, -0.003218, 158.052274, 158.052274, 235.013625
-0.003686, -0.003218, 401.000000, 401.000000, 401.000000
-0.003569, -0.003218, 2.765730, 17.167739, 3.369943
-0.003452, -0.003218, 401.000000, 401.000000, 401.000000
-0.003335, -0.003218, 6.308037, 45.609975, 10.323874
-0.003218, -0.003218, 401.000000, 401.000000, 401.000000
-0.003101, -0.003218, 401.000000, 401.000000, 401.000000
-0.002984, -0.003218, 401.000000, 401.000000, 401.000000
-0.002867, -0.003218, 401.000000, 401.000000, 401.000000
-0.002750, -0.003218, 401.000000, 401.000000, 401.000000
-0.002633, -0.003218, 3.429167, 12.975220, 4.153746
-0.002516, -0.003218, 301.998034, 398.374869, 381.510229
-0.002399, -0.003218, 401.000000, 401.000000, 401.000000
-0.002282, -0.003218, 401.000000, 401.000000, 401.000000
-0.002165, -0.003218, 401.000000, 401.000000, 401.000000
-0.002048, -0.003218, 401.000000, 401.000000, 401.000000
-0.001931, -0.003218, 401.000000, 401.000000, 401.000000
-0.001814, -0.003218, 401.000000, 401.000000, 401.000000
-0.001697, -0.003218, 401.000000, 401.000000, 401.000000
-0.001580, -0.003218, 401.000000, 401.000000, 401.000000
-0.001463, -0.003218, 401.000000, 401.000000, 401.000000
-0.001345, -0.003218, 401.000000, 401.000000, 401.000000
-0.001228, -0.003218, 401.000000, 401.000000, 401.000000
-0.001112, -0.003218, 115.377493, 6.245258, 4.916151
-0.000995, -0.003218, 8.708110, 210.904683, 7.276554
-0.000878, -0.003218, 401.000000, 401.000000, 401.000000
-0.000761, -0.003218, 401.000000, 401.000000, 401.000000
-0.000644, -0.003218, 401.000000, 401.000000, 401.000000
-0.000527, -0.003218, 401.000000, 401.000000, 401.000000
-0.000410, -0.003218, 401.000000, 401.000000, 401.000000
-0.000293, -0.003218, 401.000000, 401.000000, 401.000000
-0.000176, -0.003218, 401.000000, 401.000000, 401.000000
-0.000058, -0.003218, 203.126979, 15.777455, 7.574206
0.000058, -0.003218, 5.810879, 7.530521, 4.343499
0.000175, -0.003218, 401.000000, 401.000000, 401.000000
0.000292, -0.003218, 401.000000, 401.000000, 401.000000
0.000409, -0.003218, 401.000000, 401.000000, 401.000000
0.000526, -0.003218, 400.052019, 386.421206, 400.133500
0.000643, -0.003218, 401.000000, 401.000000, 401.000000
0.000760, -0.003218, 401.000000, 401.000000, 401.000000
0.000877, -0.003218, 401.000000, 401.000000, 401.000000
0.000994, -0.003218, 401.000000, 401.000000, 401.000000
0.001112, -0.003218, 401.000000, 401.000000, 401.000000
0.001228, -0.003218, 401.000000, 401.000000, 401.000000
0.001345, -0.003218, 401.000000, 401.000000, 401.000000
0.001462, -0.003218, 401.000000, 401.000000, 401.000000
0.001579, -0.003218, 401.000000, 401.000000, 401.000000
0.001696, -0.003218, 401.000000, 401.000000, 401.000000
0.001813, -0.003218, 401.000000, 401.000000, 401.000000
0.001930, -0.003218, 401.000000, 401.000000, 401.000000
0.002048, -0.003218, 401.000000, 401.000000, 401.000000
0.002164, -0.003218, 401.000000, 401.000000, 401.000000
0.002282, -0.003218, 401.000000, 401.000000, 401.000000
0.002398, -0.003218, 401.000000, 401.000000, 401.000000
0.002515, -0.003218, 401.000000, 401.000000, 401.000000
0.002632, -0.003218, 401.000000, 401.000000, 401.000000
0.002749, -0.003218, 401.000000, 401.000000, 401.000000
0.002866, -0.003218, 401.000000, 401.000000, 401.000000
0.002983, -0.003218, 401.000000, 401.000000, 401.000000
0.003101, -0.003218, 401.000000, 401.000000, 401.000000
0.003217, -0.003218, 377.361927, 377.361927, 96.727631
0.003335, -0.003218, 48.601962, 348.086486, 39.045343
0.003451, -0.003218, 401.000000, 401.000000, 401.000000
0.003569, -0.003218, 401.000000, 401.000000, 401.000000
0.003685, -0.003218, 1.741678, 3.796865, 1.845541
0.003802, -0.003218, 3.889833, 2.053303, 2.136473
0.003919, -0.003218, 9.438575, 2.628544, 2.448478
0.004037, -0.003218, 3.121230, 1.796221, 1.862491
0.004153, -0.003218, 1.500000, 1.500000, 1.500000
0.004270, -0.003218, 2.986108, 7.835781, 3.236500
0.004388, -0.003218, 401.000000, 401.000000, 401.000000
0.004504, -0.003218, 117.614644, 17.546224, 7.671448
0.004622, -0.003218, 1.643134, 2.693540, 1.715333
0.004738, -0.003218, 243.754798, 256.100824, 352.557440
0.004856, -0.003218, 400.115102, 376.135792, 399.423342
0.004972, -0.003218, 1.726358, 3.226047, 1.807312
0.005090, -0.003218, 4.406440, 14.014699, 4.985139
0.005206, -0.003218, 401.000000, 401.000000, 401.000000
0.005324, -0.003218, 3.328503, 9.244469, 3.636952
0.005440, -0.003218, 1.979556, 4.053884, 2.086299
0.005557, -0.003218, 401.000000, 401.000000, 401.000000
0.005675, -0.003218, 270.632621, 88.777897, 64.683290
0.005791, -0.003218, 1.505601, 1.517368, 1.521106
-0.005791, -0.003101, 1.500000, 1.500000, 1.500000
-0.005674, -0.003101, 5.142271, 4.159713, 3.610831
-0.005557, -0.003101, 50.613507, 5.571370, 5.763978
-0.005441, -0.003101, 5.312766, 26.422351, 6.656796
-0.005324, -0.003101, 345.667951, 213.909189, 289.606931
-0.005207, -0.003101, 51.583311, 290.862860, 39.337818
-0.005089, -0.003101, 10.135095, 83.578537, 19.905477
-0.004972, -0.003101, 401.000000, 401.000000, 401.000000
-0.004855, -0.003101, 293.351281, 361.076472, 45.907620
-0.004738, -0.003101, 50.810114, 10.053999, 17.781489
-0.004621, -0.003101, 16.573684, 195.725377, 21.601056
-0.004504, -0.003101, 176.777731, 62.503717, 34.527051
-0.004387, -0.003101, 88.644515, 69.783329, 46.943872
-0.004270, -0.003101, 63.004923, 75.945797, 50.298881
-0.004154, -0.003101, 401.000000, 401.000000, 401.000000
-0.004036, -0.003101, 401.000000, 401.000000, 401.000000
-0.003920, -0.003101, 401.000000, 401.000000, 401.000000
-0.003803, -0.003101, 401.000000, 401.000000, 401.000000
-0.003686, -0.003101, 401.000000, 401.000000, 401.000000
-0.003569, -0.003101, 3.642386, 17.228079, 3.926133
-0.003452, -0.003101, 401.000000, 401.000000, 401.000000
-0.003335, -0.003101, 10.008571, 14.403729, 9.908544
-0.003218, -0.003101, 47.033635, 365.949364, 52.850118
-0.003101, -0.003101, 401.000000, 401.000000, 401.000000
-0.002984, -0.003101, 198.813676, 99.806352, 5.347952
-0.002867, -0.003101, 46.628729, 360.700354, 51.219976
-0.002750, -0.003101, 401.000000, 401.000000, 401.000000
-0.002633, -0.003101, 304.471387, 18.596549, 16.878155
-0.002516, -0.003101, 19.357394, 3.685275, 4.050358
-0.002399, -0.003101, 25.206149, 3.382895, 4.330474
-0.002282, -0.003101, 25.206149, 3.382895, 4.330474
-0.002165, -0.003101, 25.179608, 3.377977, 4.319395
-0.002048, -0.003101, 9.845705, 213.832370, 8.012716
-0.001931, -0.003101, 401.000000, 401.000000, 401.000000
-0.001814, -0.003101, 401.000000, 401.000000, 401.000000
-0.001697, -0.003101, 401.000000, 401.000000, 401.000000
-0.001580, -0.003101, 401.000000, 401.000000, 401.000000
-0.001463, -0.003101, 401.000000, 401.000000, 401.000000
-0.001345, -0.003101, 401.000000, 401.000000, 401.000000
-0.001228, -0.003101, 401.000000, 401.000000, 401.000000
-0.001112, -0.003101, 401.000000, 401.000000, 401.000000
-0.000995, -0.003101, 115.377493, 6.245258, 4.916151
-0.000878, -0.003101, 8.700150, 8.584163, 6.531002
-0.000761, -0.003101, 137.992222, 13.197997, 22.685692
-0.000644, -0.003101, 137.992222, 13.197997, 22.685692
-0.000527, -0.003101, 137.992222, 13.197997, 22.685692
-0.000410, -0.003101, 137.992222, 13.197997, 22.685692
-0.000293, -0.003101, 137.992222, 13.197997, 22.685692
-0.000176, -0.003101, 137.992222, 13.197997, 22.685692
-0.000058, -0.003101, 137.992222, 13.197997, 22.685692
0.000058, -0.003101, 137.992222, 13.197997, 22.685692
0.000175, -0.003101, 137.992222, 13.197997, 22.685692
0.000292, -0.003101, 137.992222, 13.197997, 22.685692
0.000409, -0.003101, 137.992222, 13.197997, 22.685692
0.000526, -0.003101, 137.992222, 13.197997, 22.685692
0.000643, -0.003101, 137.992222, 13.197997, 22.685692
0.000760, -0.003101, 137.992222, 13.197997, 22.685692
0.000877, -0.003101, 137.992222, 13.197997, 22.685692
0.000994, -0.003101, 137.992222, 13.197997, 22.685692
0.001112, -0.003101, 137.992222, 13.197997, 22.685692
0.001228, -0.003101, 137.992222, 13.197997, 22.685692
0.001345, -0.003101, 137.992222, 13.197997, 22.685692
0.001462, -0.003101, 137.992222, 13.197997, 22.685692
0.001579, -0.003101, 137.992222, 13.197997, 22.685692
0.001696, -0.003101, 137.992222, 13.197997, 22.685692
0.001813, -0.003101, 137.992222, 13.197997, 22.685692
0.001930, -0.003101, 137.992222, 13.197997, 22.685692
0.002048, -0.003101, 137.992222, 13.197997, 22.685692
0.002164, -0.003101, 137.992222, 13.197997, 22.685692
0.002282, -0.003101, 137.992222, 13.197997, 22.685692
0.002398, -0.003101, 137.992222, 13.197997, 22.685692
0.002515, -0.003101, 137.992222, 13.197997, 22.685692
0.002632, -0.003101, 137.992222, 13.197997, 22.685692
0.002749, -0.003101, 182.156147, 393.074040, 269.210291
0.002866, -0.003101, 401.000000, 401.000000, 401.000000
0.002983, -0.003101, 401.000000, 401.000000, 401.000000
0.003101, -0.003101, 401.000000, 401.000000, 401.000000
0.003217, -0.003101, 41.345996, 36.507963, 5.416982
0.003335, -0.003101, 4.224115, 16.993788, 3.767948
0.003451, -0.003101, 401.000000, 401.000000, 401.000000
0.003569, -0.003101, 401.000000, 401.000000, 401.000000
0.003685, -0.003101, 1.741678, 3.796865, 1.845541
0.003802, -0.003101, 3.252579, 2.100927, 2.114466
0.003919, -0.003101, 9.248945, 2.271644, 2.483766
0.004037, -0.003101, 10.220677, 2.592000, 2.650176
0.004153, -0.003101, 1.536853, 1.557086, 1.557304
0.004270, -0.003101, 2.086145, 2.142339, 1.933915
0.004388, -0.003101, 24.041487, 7.127715, 8.252908
0.004504, -0.003101, 213.860759, 393.968058, 303.558311
0.004622, -0.003101, 176.724424, 6.057778, 5.210626
0.004738, -0.003101, 9.072706, 5.237707, 5.342564
0.004856, -0.003101, 55.940717, 5.057115, 4.831901
0.004972, -0.003101, 1.529855, 1.562205, 1.550272
0.005090, -0.003101, 2.640669, 2.672494, 2.281464
0.005206, -0.003101, 30.956655, 6.222491, 7.429484
0.005324, -0.003101, 2.736752, 2.615357, 2.361688
0.005440, -0.003101, 2.339306, 2.095495, 2.062677
0.005557, -0.003101, 11.064807, 5.571370, 5.763978
0.005675, -0.003101, 6.564834, 4.159713, 3.610831
0.005791, -0.003101, 1.500000, 1.500000, 1.500000
-0.005791, -0.002984, 1.500000, 1.500000, 1.500000
-0.005674, -0.002984, 1.552164, 1.514188, 1.528428
-0.005557, -0.002984, 1.654903, 1.555467, 1.586984
-0.005441, -0.002984, 4.494059, 23.101191, 5.255238
-0.005324, -0.002984, 401.000000, 401.000000, 401.000000
-0.005207, -0.002984, 242.561082, 17.553756, 24.297680
-0.005089, -0.002984, 58.950231, 17.633046, 30.949718
-0.004972, -0.002984, 223.525986, 260.202867, 23.916324
-0.004855, -0.002984, 30.352210, 6.310657, 7.389436
-0.004738, -0.002984, 13.674442, 6.184232, 6.942089
-0.004621, -0.002984, 36.407383, 25.293804, 9.098238
-0.004504, -0.002984, 34.668992, 8.536196, 13.050914
-0.004387, -0.002984, 100.120240, 220.283409, 45.303020
-0.004270, -0.002984, 401.000000, 401.000000, 401.000000
-0.004154, -0.002984, 401.000000, 401.000000, 401.000000
-0.004036, -0.002984, 401.000000, 401.000000, 401.000000
-0.003920, -0.002984, 342.010919, 329.080310, 35.445794
-0.003803, -0.002984, 401.000000, 401.000000, 401.000000
-0.003686, -0.002984, 401.000000, 401.000000, 401.000000
-0.003569, -0.002984, 297.010988, 20.586108, 20.630710
-0.003452, -0.002984, 11.541241, 159.390342, 10.656384
-0.003335, -0.002984, 354.784742, 332.378901, 48.387221
-0.003218, -0.002984, 7.367399, 41.518903, 8.923894
-0.003101, -0.002984, 400.961128, 400.959486, 400.965715
-0.002984, -0.002984, 156.298826, 4.789386, 4.144315
-0.002867, -0.002984, 28.640246, 32.833072, 28.804746
-0.002750, -0.002984, 401.000000, 401.000000, 401.000000
-0.002633, -0.002984, 401.000000, 401.000000, 401.000000
-0.002516, -0.002984, 401.000000, 401.000000, 401.000000
-0.002399, -0.002984, 401.000000, 401.000000, 401.000000
-0.002282, -0.002984, 401.000000, 401.000000, 401.000000
-0.002165, -0.002984, 401.000000, 401.000000, 401.000000
-0.002048, -0.002984, 193.988728, 7.550112, 6.517334
-0.001931, -0.002984, 34.687550, 4.019431, 5.432180
-0.001814, -0.002984, 34.687550, 4.019431, 5.432180
-0.001697, -0.002984, 34.687550, 4.019431, 5.432180
-0.001580, -0.002984, 34.687550, 4.019431, 5.432180
-0.001463, -0.002984, 34.687723, 4.019443, 5.432216
-0.001345, -0.002984, 13.520439, 143.683674, 10.710830
-0.001228, -0.002984, 401.000000, 401.000000, 401.000000
-0.001112, -0.002984, 401.000000, 401.000000, 401.000000
-0.000995, -0.002984, 401.000000, 401.000000, 401.000000
-0.000878, -0.002984, 230.243164, 5.789742, 5.590314
-0.000761, -0.002984, 12.426734, 3.244065, 3.625092
-0.000644, -0.002984, 12.426734, 3.244065, 3.625092
-0.000527, -0.002984, 12.426734, 3.244065, 3.625092
-0.000410, -0.002984, 12.426734, 3.244065, 3.625092
-0.000293, -0.002984, 12.426734, 3.244065, 3.625092
-0.000176, -0.002984, 12.426734, 3.244065, 3.625092
-0.000058, -0.002984, 12.426734, 3.244065, 3.625092
0.000058, -0.002984, 12.426734, 3.244065, 3.625092
0.000175, -0.002984, 12.426734, 3.244065, 3.625092
0.000292, -0.002984, 12.426734, 3.244065, 3.625092
0.000409, -0.002984, 12.426734, 3.244065, 3.625092
0.000526, -0.002984, 12.426734, 3.244065, 3.625092
0.000643, -0.002984, 12.426734, 3.244065, 3.625092
0.000760, -0.002984, 12.426734, 3.244065, 3.625092
0.000877, -0.002984, 12.426734, 3.244065, 3.625092
0.000994, -0.002984, 12.426734, 3.244065, 3.625092
0.001112, -0.002984, 12.426734, 3.244065, 3.625092
0.001228, -0.002984, 12.426734, 3.244065, 3.625092
0.001345, -0.002984, 12.426734, 3.244065, 3.625092
0.001462, -0.002984, 12.426734, 3.244065, 3.625092
0.001579, -0.002984, 12.426734, 3.244065, 3.625092
0.001696, -0.002984, 12.426734, 3.244065, 3.625092
0.001813, -0.002984, 12.426734, 3.244065, 3.625092
0.001930, -0.002984, 12.426734, 3.244065, 3.625092
0.002048, -0.002984, 12.426734, 3.244065, 3.625092
0.002164, -0.002984, 12.426734, 3.244065, 3.625092
0.002282, -0.002984, 12.426734, 3.244065, 3.625092
0.002398, -0.002984, 12.426734, 3.244065, 3.625092
0.002515, -0.002984, 12.426734, 3.244065, 3.625092
0.002632, -0.002984, 12.093336, 3.013956, 3.119663
0.002749, -0.002984, 3.653182, 4.049873, 2.846975
0.002866, -0.002984, 180.645612, 393.068171, 269.058713
0.002983, -0.002984, 401.000000, 401.000000, 401.000000
0.003101, -0.002984, 401.000000, 401.000000, 401.000000
0.003217, -0.002984, 400.992393, 400.992080, 400.992741
0.003335, -0.002984, 396.359711, 285.977653, 383.833261
0.003451, -0.002984, 401.000000, 401.000000, 401.000000
0.003569, -0.002984, 401.000000, 401.000000, 401.000000
0.003685, -0.002984, 1.741678, 3.796865, 1.845541
0.003802, -0.002984, 1.500000, 1.500000, 1.500000
0.003919, -0.002984, 1.528633, 1.508753, 1.519973
0.004037, -0.002984, 1.683750, 1.560484, 1.596237
0.004153, -0.002984, 1.500000, 1.500000, 1.500000
0.004270, -0.002984, 1.500000, 1.500000, 1.500000
0.004388, -0.002984, 1.500000, 1.500000, 1.500000
0.004504, -0.002984, 3.377408, 3.009136, 2.474094
0.004622, -0.002984, 61.936777, 372.127073, 72.252428
0.004738, -0.002984, 3.222048, 8.410876, 3.473082
0.004856, -0.002984, 1.671458, 1.671458, 1.618650
0.004972, -0.002984, 9.221274, 5.094607, 3.698669
0.005090, -0.002984, 16.728957, 2.747284, 3.338520
0.005206, -0.002984, 18.794137, 2.997470, 3.982241
0.005324, -0.002984, 17.498019, 17.314613, 8.394101
0.005440, -0.002984, 10.033422, 46.888043, 12.565037
0.005557, -0.002984, 1.810834, 1.555467, 1.586984
0.005675, -0.002984, 1.529625, 1.514188, 1.528428
0.005791, -0.002984, 1.500000, 1.500000, 1.500000
-0.005791, -0.002867, 1.500000, 1.500000, 1.500000
-0.005674, -0.002867, 9.719438, 11.262007, 9.301532
-0.005557, -0.002867, 348.843690, 32.284062, 36.998417
-0.005441, -0.002867, 6.620926, 24.172910, 9.263243
-0.005324, -0.002867, 311.269372, 358.516613, 82.783197
-0.005207, -0.002867, 400.934302, 400.927942, 400.939620
-0.005089, -0.002867, 318.515672, 355.318680, 82.814789
-0.004972, -0.002867, 8.665693, 106.758919, 15.542265
-0.004855, -0.002867, 401.000000, 401.000000, 401.000000
-0.004738, -0.002867, 290.113455, 16.347939, 15.451829
-0.004621, -0.002867, 20.321473, 22.097716, 20.358091
-0.004504, -0.002867, 12.919050, 112.423651, 18.659635
-0.004387, -0.002867, 399.923394, 396.795449, 399.991979
-0.004270, -0.002867, 166.271367, 266.013072, 56.678477
-0.004154, -0.002867, 401.000000, 401.000000, 401.000000
-0.004036, -0.002867, 397.574047, 397.590400, 387.750973
-0.003920, -0.002867, 2.895367, 2.870705, 2.379267
-0.003803, -0.002867, 26.475634, 329.630560, 29.800249
-0.003686, -0.002867, 401.000000, 401.000000, 401.000000
-0.003569, -0.002867, 401.000000, 401.000000, 401.000000
-0.003452, -0.002867, 297.004435, 19.460802, 19.544038
-0.003335, -0.002867, 4.315259, 5.638606, 3.932661
-0.003218, -0.002867, 383.842231, 383.842231, 400.033954
-0.003101, -0.002867, 401.000000, 401.000000, 401.000000
-0.002984, -0.002867, 401.000000, 401.000000, 401.000000
-0.002867, -0.002867, 401.000000, 401.000000, 401.000000
-0.002750, -0.002867, 401.000000, 401.000000, 401.000000
-0.002633, -0.002867, 401.000000, 401.000000, 401.000000
-0.002516, -0.002867, 401.000000, 401.000000, 401.000000
-0.002399, -0.002867, 401.000000, 401.000000, 401.000000
-0.002282, -0.002867, 401.000000, 401.000000, 401.000000
-0.002165, -0.002867, 401.000000, 401.000000, 401.000000
-0.002048, -0.002867, 302.578625, 251.044140, 14.514106
-0.001931, -0.002867, 138.632763, 389.315040, 202.341693
-0.001814, -0.002867, 401.000000, 401.000000, 401.000000
-0.001697, -0.002867, 401.000000, 401.000000, 401.000000
-0.001580, -0.002867, 401.000000, 401.000000, 401.000000
-0.001463, -0.002867, 401.000000, 401.000000, 401.000000
-0.001345, -0.002867, 301.569238, 25.270658, 21.949421
-0.001228, -0.002867, 10.751426, 146.143818, 9.701183
-0.001112, -0.002867, 401.000000, 401.000000, 401.000000
-0.000995, -0.002867, 401.000000, 401.000000, 401.000000
-0.000878, -0.002867, 401.000000, 401.000000, 401.000000
-0.000761, -0.002867, 401.000000, 401.000000, 401.000000
-0.000644, -0.002867, 401.000000, 401.000000, 401.000000
-0.000527, -0.002867, 401.000000, 401.000000, 401.000000
-0.000410, -0.002867, 401.000000, 401.000000, 401.000000
-0.000293, -0.002867, 401.000000, 401.000000, 401.000000
-0.000176, -0.002867, 401.000000, 401.000000, 401.000000
-0.000058, -0.002867, 401.000000, 401.000000, 401.000000
0.000058, -0.002867, 401.000000, 401.000000, 401.000000
0.000175, -0.002867, 401.000000, 401.000000, 401.000000
0.000292, -0.002867, 401.000000, 401.000000, 401.000000
0.000409, -0.002867, 401.000000, 401.000000, 401.000000
0.000526, -0.002867, 401.000000, 401.000000, 401.000000
0.000643, -0.002867, 401.000000, 401.000000, 401.000000
0.000760, -0.002867, 401.000000, 401.000000, 401.000000
0.000877, -0.002867, 401.000000, 401.000000, 401.000000
0.000994, -0.002867, 401.000000, 401.000000, 401.000000
0.001112, -0.002867, 401.000000, 401.000000, 401.000000
0.001228, -0.002867, 401.000000, 401.000000, 401.000000
0.001345, -0.002867, 401.000000, 401.000000, 401.000000
0.001462, -0.002867, 401.000000, 401.000000, 401.000000
0.001579, -0.002867, 401.000000, 401.000000, 401.000000
0.001696, -0.002867, 401.000000, 401.000000, 401.000000
0.001813, -0.002867, 401.000000, 401.000000, 401.000000
0.001930, -0.002867, 401.000000, 401.000000, 401.000000
0.002048, -0.002867, 401.000000, 401.000000, 401.000000
0.002164, -0.002867, 401.000000, 401.000000, 401.000000
0.002282, -0.002867, 401.000000, 401.000000, 401.000000
0.002398, -0.002867, 401.000000, 401.000000, 401.000000
0.002515, -0.002867, 401.000000, 401.000000, 401.000000
0.002632, -0.002867, 401.000000, 401.000000, 401.000000
0.002749, -0.002867, 153.328848, 6.202058, 4.916805
0.002866, -0.002867, 3.653182, 4.049873, 2.846975
0.002983, -0.002867, 180.645612, 393.068171, 269.058713
0.003101, -0.002867, 401.000000, 401.000000, 401.000000
0.003217, -0.002867, 401.000000, 401.000000, 401.000000
0.003335, -0.002867, 401.000000, 401.000000, 401.000000
0.003451, -0.002867, 401.000000, 401.000000, 401.000000
0.003569, -0.002867, 401.000000, 401.000000, 401.000000
0.003685, -0.002867, 1.741678, 3.796865, 1.845541
0.003802, -0.002867, 1.500000, 1.500000, 1.500000
0.003919, -0.002867, 7.518570, 9.667920, 7.325709
0.004037, -0.002867, 363.894498, 41.808949, 53.428401
0.004153, -0.002867, 27.191115, 2.897280, 2.522137
0.004270, -0.002867, 3.973591, 1.783451, 1.892714
0.004388, -0.002867, 3.973591, 1.783451, 1.892714
0.004504, -0.002867, 3.973591, 1.783451, 1.892714
0.004622, -0.002867, 5.920928, 2.359990, 2.602286
0.004738, -0.002867, 5.046137, 2.093197, 2.220636
0.004856, -0.002867, 9.250617, 9.250617, 4.013655
0.004972, -0.002867, 1.644644, 1.644644, 1.624988
0.005090, -0.002867, 3.410998, 5.106665, 3.276615
0.005206, -0.002867, 377.852237, 179.081014, 347.691002
0.005324, -0.002867, 3.246862, 4.616623, 2.983665
0.005440, -0.002867, 2.326681, 2.750365, 2.147127
0.005557, -0.002867, 36.656555, 32.284062, 36.998417
0.005675, -0.002867, 118.079156, 11.262007, 9.301532
0.005791, -0.002867, 1.500000, 1.500000, 1.500000
-0.005791, -0.002750, 1.506069, 1.513304, 1.517859
-0.005674, -0.002750, 14.380231, 303.556784, 15.704315
-0.005557, -0.002750, 380.985391, 380.985391, 116.226714
-0.005441, -0.002750, 9.678276, 40.589739, 16.012681
-0.005324, -0.002750, 364.181142, 217.341974, 298.213191
-0.005207, -0.002750, 401.000000, 401.000000, 401.000000
-0.005089, -0.002750, 366.442960, 217.780330, 298.495231
-0.004972, -0.002750, 152.091399, 121.219397, 118.536086
-0.004855, -0.002750, 43.012113, 356.488870, 51.584867
-0.004738, -0.002750, 337.056321, 343.331861, 175.213833
-0.004621, -0.002750, 24.150981, 191.007640, 39.783305
-0.004504, -0.002750, 166.719358, 103.440447, 39.012848
-0.004387, -0.002750, 401.000000, 401.000000, 401.000000
-0.004270, -0.002750, 176.379180, 295.847789, 53.687211
-0.004154, -0.002750, 401.000000, 401.000000, 401.000000
-0.004036, -0.002750, 401.000000, 401.000000, 401.000000
-0.003920, -0.002750, 395.142974, 232.893795, 357.071217
-0.003803, -0.002750, 401.000000, 401.000000, 401.000000
-0.003686, -0.002750, 401.000000, 401.000000, 401.000000
-0.003569, -0.002750, 303.230519, 273.718637, 17.492726
-0.003452, -0.002750, 401.000000, 401.000000, 401.000000
-0.003335, -0.002750, 5.559406, 42.257231, 6.602608
-0.003218, -0.002750, 401.000000, 401.000000, 401.000000
-0.003101, -0.002750, 401.000000, 401.000000, 401.000000
-0.002984, -0.002750, 401.000000, 401.000000, 401.000000
-0.002867, -0.002750, 401.000000, 401.000000, 401.000000
-0.002750, -0.002750, 401.000000, 401.000000, 401.000000
-0.002633, -0.002750, 401.000000, 401.000000, 401.000000
-0.002516, -0.002750, 401.000000, 401.000000, 401.000000
-0.002399, -0.002750, 401.000000, 401.000000, 401.000000
-0.002282, -0.002750, 388.515571, 388.180356, 258.740497
-0.002165, -0.002750, 401.000000, 401.000000, 401.000000
-0.002048, -0.002750, 65.729279, 6.204737, 3.067899
-0.001931, -0.002750, 11.942019, 71.156204, 11.758463
-0.001814, -0.002750, 401.000000, 401.000000, 401.000000
-0.001697, -0.002750, 401.000000, 401.000000, 401.000000
-0.001580, -0.002750, 401.000000, 401.000000, 401.000000
-0.001463, -0.002750, 401.000000, 401.000000, 401.000000
-0.001345, -0.002750, 401.000000, 401.000000, 401.000000
-0.001228, -0.002750, 301.096536, 20.509534, 20.369574
-0.001112, -0.002750, 10.751426, 146.143818, 9.701183
-0.000995, -0.002750, 401.000000, 401.000000, 401.000000
-0.000878, -0.002750, 401.000000, 401.000000, 401.000000
-0.000761, -0.002750, 401.000000, 401.000000, 401.000000
-0.000644, -0.002750, 401.000000, 401.000000, 401.000000
-0.000527, -0.002750, 401.000000, 401.000000, 401.000000
-0.000410, -0.002750, 401.000000, 401.000000, 401.000000
-0.000293, -0.002750, 401.000000, 401.000000, 401.000000
-0.000176, -0.002750, 401.000000, 401.000000, 401.000000
-0.000058, -0.002750, 401.000000, 401.000000, 401.000000
0.000058, -0.002750, 401.000000, 401.000000, 401.000000
0.000175, -0.002750, 401.000000, 401.000000, 401.000000
0.000292, -0.002750, 401.000000, 401.000000, 401.000000
0.000409, -0.002750, 401.000000, 401.000000, 401.000000
0.000526, -0.002750, 401.000000, 401.000000, 401.000000
0.000643, -0.002750, 401.000000, 401.000000, 401.000000
0.000760, -0.002750, 401.000000, 401.000000, 401.000000
0.000877, -0.002750, 401.000000, 401.000000, 401.000000
0.000994, -0.002750, 401.000000, 401.000000, 401.000000
0.001112, -0.002750, 401.000000, 401.000000, 401.000000
0.001228, -0.002750, 401.000000, 401.000000, 401.000000
0.001345, -0.002750, 401.000000, 401.000000, 401.000000
0.001462, -0.002750, 401.000000, 401.000000, 401.000000
0.001579, -0.002750, 401.000000, 401.000000, 401.000000
0.001696, -0.002750, 401.000000, 401.000000, 401.000000
0.001813, -0.002750, 401.000000, 401.000000, 401.000000
0.001930, -0.002750, 401.000000, 401.000000, 401.000000
0.002048, -0.002750, 401.000000, 401.000000, 401.000000
0.002164, -0.002750, 401.000000, 401.000000, 401.000000
0.002282, -0.002750, 401.000000, 401.000000, 401.000000
0.002398, -0.002750, 401.000000, 401.000000, 401.000000
0.002515, -0.002750, 401.000000, 401.000000, 401.000000
0.002632, -0.002750, 401.000000, 401.000000, 401.000000
0.002749, -0.002750, 401.000000, 401.000000, 401.000000
0.002866, -0.002750, 153.328848, 6.202058, 4.916805
0.002983, -0.002750, 3.662650, 49.959225, 2.962073
0.003101, -0.002750, 401.000000, 401.000000, 401.000000
0.003217, -0.002750, 401.000000, 401.000000, 401.000000
0.003335, -0.002750, 55.129696, 81.674715, 3.040564
0.003451, -0.002750, 11.621581, 281.556813, 11.349350
0.003569, -0.002750, 401.000000, 401.000000, 401.000000
0.003685, -0.002750, 1.741678, 3.796865, 1.845541
0.003802, -0.002750, 1.500000, 1.500000, 1.500000
0.003919, -0.002750, 10.157110, 249.159731, 11.339876
0.004037, -0.002750, 390.612775, 389.263819, 206.078313
0.004153, -0.002750, 85.595515, 4.512036, 3.280824
0.004270, -0.002750, 6.904639, 3.521868, 3.458472
0.004388, -0.002750, 52.660435, 5.098351, 7.584367
0.004504, -0.002750, 52.660435, 5.098351, 7.584367
0.004622, -0.002750, 52.660435, 5.098351, 7.584367
0.004738, -0.002750, 52.656190, 5.093629, 7.573042
0.004856, -0.002750, 10.145874, 2.936552, 3.200419
0.004972, -0.002750, 7.716834, 2.518434, 2.734607
0.005090, -0.002750, 4.525867, 28.008927, 4.773699
0.005206, -0.002750, 401.000000, 401.000000, 401.000000
0.005324, -0.002750, 3.022590, 15.167438, 3.038247
0.005440, -0.002750, 1.867403, 2.354885, 1.893155
0.005557, -0.002750, 88.541417, 380.985391, 116.226714
0.005675, -0.002750, 201.868974, 303.556784, 15.704315
0.005791, -0.002750, 1.505307, 1.513304, 1.517859
-0.005791, -0.002633, 1.500000, 1.500000, 1.500000
-0.005674, -0.002633, 2.908770, 2.952051, 2.440953
-0.005557, -0.002633, 48.378392, 10.040350, 17.764854
-0.005441, -0.002633, 336.573625, 324.470213, 391.167850
-0.005324, -0.002633, 401.000000, 401.000000, 401.000000
-0.005207, -0.002633, 286.293576, 49.775936, 17.789754
-0.005089, -0.002633, 286.327583, 392.017604, 375.578046
-0.004972, -0.002633, 401.000000, 401.000000, 401.000000
-0.004855, -0.002633, 316.564919, 23.095903, 80.006570
-0.004738, -0.002633, 97.882412, 25.302458, 41.043991
-0.004621, -0.002633, 401.000000, 401.000000, 401.000000
-0.004504, -0.002633, 359.343663, 166.201592, 174.195062
-0.004387, -0.002633, 101.598212, 185.232213, 60.164456
-0.004270, -0.002633, 390.642289, 318.176249, 393.976744
-0.004154, -0.002633, 401.000000, 401.000000, 401.000000
-0.004036, -0.002633, 401.000000, 401.000000, 401.000000
-0.003920, -0.002633, 401.000000, 401.000000, 401.000000
-0.003803, -0.002633, 401.000000, 401.000000, 401.000000
-0.003686, -0.002633, 383.565391, 384.030924, 190.507618
-0.003569, -0.002633, 10.967160, 2.620723, 2.458575
-0.003452, -0.002633, 47.680956, 358.412033, 64.146649
-0.003335, -0.002633, 15.917844, 21.624160, 17.528631
-0.003218, -0.002633, 4.409933, 1.980340, 2.105718
-0.003101, -0.002633, 4.892033, 1.992528, 2.128970
-0.002984, -0.002633, 4.892033, 1.992528, 2.128970
-0.002867, -0.002633, 4.892033, 1.992528, 2.128970
-0.002750, -0.002633, 4.901177, 2.098608, 2.195895
-0.002633, -0.002633, 13.834454, 275.354886, 12.008941
-0.002516, -0.002633, 401.000000, 401.000000, 401.000000
-0.002399, -0.002633, 121.947088, 249.063749, 8.666863
-0.002282, -0.002633, 3.139565, 22.968063, 2.899884
-0.002165, -0.002633, 401.000000, 401.000000, 401.000000
-0.002048, -0.002633, 401.000000, 401.000000, 401.000000
-0.001931, -0.002633, 401.000000, 401.000000, 401.000000
-0.001814, -0.002633, 401.000000, 401.000000, 401.000000
-0.001697, -0.002633, 401.000000, 401.000000, 401.000000
-0.001580, -0.002633, 401.000000, 401.000000, 401.000000
-0.001463, -0.002633, 151.684821, 205.989785, 5.739577
-0.001345, -0.002633, 5.549579, 176.708799, 4.736309
-0.001228, -0.002633, 401.000000, 401.000000, 401.000000
-0.001112, -0.002633, 301.096536, 20.509534, 20.369574
-0.000995, -0.002633, 9.889615, 5.492147, 5.317071
-0.000878, -0.002633, 17.018066, 3.821450, 4.362363
-0.000761, -0.002633, 17.018066, 3.821450, 4.362363
-0.000644, -0.002633, 17.018066, 3.821450, 4.362363
-0.000527, -0.002633, 17.018066, 3.821450, 4.362363
-0.000410, -0.002633, 17.018066, 3.821450, 4.362363
-0.000293, -0.002633, 19.905240, 290.206374, 14.996180
-0.000176, -0.002633, 401.000000, 401.000000, 401.000000
-0.000058, -0.002633, 401.000000, 401.000000, 401.000000
0.000058, -0.002633, 401.000000, 401.000000, 401.000000
0.000175, -0.002633, 87.366822, 58.188952, 3.103344
0.000292, -0.002633, 15.446942, 309.464243, 15.955264
0.000409, -0.002633, 401.000000, 401.000000, 401.000000
0.000526, -0.002633, 195.531561, 245.436837, 7.796942
0.000643, -0.002633, 5.375648, 136.009209, 3.891045
0.000760, -0.002633, 401.000000, 401.000000, 401.000000
0.000877, -0.002633, 384.333624, 386.330037, 204.683486
0.000994, -0.002633, 16.910487, 2.954146, 2.704261
0.001112, -0.002633, 45.085623, 363.129111, 59.615820
0.001228, -0.002633, 401.000000, 401.000000, 401.000000
0.001345, -0.002633, 122.294591, 176.708799, 4.736309
0.001462, -0.002633, 6.464275, 205.989785, 5.739577
0.001579, -0.002633, 401.000000, 401.000000, 401.000000
0.001696, -0.002633, 299.601028, 342.264324, 30.319964
0.001813, -0.002633, 8.576806, 3.487610, 2.829561
0.001930, -0.002633, 284.871282, 397.278190, 383.602524
0.002048, -0.002633, 401.000000, 401.000000, 401.000000
0.002164, -0.002633, 401.000000, 401.000000, 401.000000
0.002282, -0.002633, 373.672842, 378.775271, 126.677575
0.002398, -0.002633, 14.077671, 2.878888, 2.692376
0.002515, -0.002633, 61.426795, 372.406149, 90.060243
0.002632, -0.002633, 401.000000, 401.000000, 401.000000
0.002749, -0.002633, 401.000000, 401.000000, 401.000000
0.002866, -0.002633, 401.000000, 401.000000, 401.000000
0.002983, -0.002633, 2.854005, 12.243695, 3.420182
0.003101, -0.002633, 401.000000, 401.000000, 401.000000
0.003217, -0.002633, 401.000000, 401.000000, 401.000000
0.003335, -0.002633, 309.873080, 15.657295, 16.190358
0.003451, -0.002633, 154.505587, 154.505587, 228.879642
0.003569, -0.002633, 401.000000, 401.000000, 401.000000
0.003685, -0.002633, 1.741678, 3.796865, 1.845541
0.003802, -0.002633, 1.500000, 1.500000, 1.500000
0.003919, -0.002633, 1.863258, 1.605511, 1.635643
0.004037, -0.002633, 2.341337, 1.767956, 1.831951
0.004153, -0.002633, 2.357509, 2.357509, 2.012004
0.004270, -0.002633, 23.541964, 7.288066, 3.136181
0.004388, -0.002633, 3.026159, 1.574587, 1.658018
0.004504, -0.002633, 3.115931, 1.661930, 1.738057
0.004622, -0.002633, 9.079445, 2.058819, 2.371271
0.004738, -0.002633, 9.243672, 2.060549, 2.373647
0.004856, -0.002633, 9.486887, 3.451393, 3.401543
0.004972, -0.002633, 16.272558, 6.190476, 7.254989
0.005090, -0.002633, 9.822654, 10.011343, 4.448541
0.005206, -0.002633, 26.284327, 4.050427, 5.225890
0.005324, -0.002633, 24.817829, 13.117662, 18.200891
0.005440, -0.002633, 2.405940, 3.815917, 2.400624
0.005557, -0.002633, 2.696648, 1.747660, 1.804180
0.005675, -0.002633, 1.774478, 1.625072, 1.658128
0.005791, -0.002633, 1.500000, 1.500000, 1.500000
-0.005791, -0.002516, 1.703281, 2.428018, 1.741709
-0.005674, -0.002516, 46.798107, 46.797756, 51.468160
-0.005557, -0.002516, 401.000000, 401.000000, 401.000000
-0.005441, -0.002516, 401.000000, 401.000000, 401.000000
-0.005324, -0.002516, 401.000000, 401.000000, 401.000000
-0.005207, -0.002516, 351.453231, 302.030144, 107.034644
-0.005089, -0.002516, 401.000000, 401.000000, 401.000000
-0.004972, -0.002516, 364.110077, 352.512481, 66.965737
-0.004855, -0.002516, 222.886044, 324.174373, 280.477941
-0.004738, -0.002516, 258.680845, 245.032603, 60.265337
-0.004621, -0.002516, 399.220157, 400.746806, 400.810282
-0.004504, -0.002516, 401.000000, 401.000000, 401.000000
-0.004387, -0.002516, 339.489404, 326.770389, 26.756946
-0.004270, -0.002516, 69.338306, 374.471261, 84.904705
-0.004154, -0.002516, 401.000000, 401.000000, 401.000000
-0.004036, -0.002516, 401.000000, 401.000000, 401.000000
-0.003920, -0.002516, 401.000000, 401.000000, 401.000000
-0.003803, -0.002516, 401.000000, 401.000000, 401.000000
-0.003686, -0.002516, 401.000000, 401.000000, 401.000000
-0.003569, -0.002516, 401.000000, 401.000000, 401.000000
-0.003452, -0.002516, 401.000000, 401.000000, 401.000000
-0.003335, -0.002516, 20.326681, 221.736293, 49.262451
-0.003218, -0.002516, 1.538841, 1.820461, 1.574764
-0.003101, -0.002516, 15.601731, 8.523377, 9.602213
-0.002984, -0.002516, 109.909802, 11.205349, 17.474410
-0.002867, -0.002516, 109.909802, 11.205349, 17.474410
-0.002750, -0.002516, 86.164500, 5.926385, 5.339779
-0.002633, -0.002516, 1.934214, 1.885828, 1.804236
-0.002516, -0.002516, 13.834454, 275.354886, 12.008941
-0.002399, -0.002516, 399.329902, 344.168931, 394.665708
-0.002282, -0.002516, 248.030994, 38.330282, 49.124735
-0.002165, -0.002516, 401.000000, 401.000000, 401.000000
-0.002048, -0.002516, 251.198379, 265.583504, 10.022299
-0.001931, -0.002516, 7.331233, 154.746740, 4.816591
-0.001814, -0.002516, 401.000000, 401.000000, 401.000000
-0.001697, -0.002516, 401.000000, 401.000000, 401.000000
-0.001580, -0.002516, 401.000000, 401.000000, 401.000000
-0.001463, -0.002516, 328.458608, 25.505263, 24.454442
-0.001345, -0.002516, 20.063504, 19.072532, 17.491968
-0.001228, -0.002516, 401.000000, 401.000000, 401.000000
-0.001112, -0.002516, 401.000000, 401.000000, 401.000000
-0.000995, -0.002516, 347.078284, 20.463579, 24.270212
-0.000878, -0.002516, 47.965709, 6.706361, 8.560737
-0.000761, -0.002516, 47.965709, 6.706361, 8.560737
-0.000644, -0.002516, 47.965709, 6.706361, 8.560737
-0.000527, -0.002516, 47.965709, 6.706361, 8.560737
-0.000410, -0.002516, 47.965709, 6.706361, 8.560737
-0.000293, -0.002516, 4.080129, 4.113654, 3.260633
-0.000176, -0.002516, 15.963027, 302.084033, 14.583325
-0.000058, -0.002516, 401.000000, 401.000000, 401.000000
0.000058, -0.002516, 401.000000, 401.000000, 401.000000
0.000175, -0.002516, 277.063294, 10.994617, 10.686181
0.000292, -0.002516, 132.228856, 132.228856, 191.894506
0.000409, -0.002516, 401.000000, 401.000000, 401.000000
0.000526, -0.002516, 355.555167, 41.406152, 44.150243
0.000643, -0.002516, 23.634024, 13.780590, 13.133791
0.000760, -0.002516, 401.000000, 401.000000, 401.000000
0.000877, -0.002516, 401.000000, 401.000000, 401.000000
0.000994, -0.002516, 265.094630, 11.247689, 10.473860
0.001112, -0.002516, 400.981864, 400.981864, 400.985088
0.001228, -0.002516, 401.000000, 401.000000, 401.000000
0.001345, -0.002516, 309.604695, 19.072532, 17.491968
0.001462, -0.002516, 25.505263, 25.505263, 24.454442
0.001579, -0.002516, 401.000000, 401.000000, 401.000000
0.001696, -0.002516, 398.583534, 313.676271, 385.782885
0.001813, -0.002516, 174.454670, 11.121783, 10.470195
0.001930, -0.002516, 401.000000, 401.000000, 401.000000
0.002048, -0.002516, 401.000000, 401.000000, 401.000000
0.002164, -0.002516, 401.000000, 401.000000, 401.000000
0.002282, -0.002516, 401.000000, 401.000000, 401.000000
0.002398, -0.002516, 262.651930, 11.244577, 10.470336
0.002515, -0.002516, 401.000000, 401.000000, 401.000000
0.002632, -0.002516, 401.000000, 401.000000, 401.000000
0.002749, -0.002516, 401.000000, 401.000000, 401.000000
0.002866, -0.002516, 401.000000, 401.000000, 401.000000
0.002983, -0.002516, 2.918693, 18.858246, 3.595651
0.003101, -0.002516, 401.000000, 401.000000, 401.000000
0.003217, -0.002516, 401.000000, 401.000000, 401.000000
0.003335, -0.002516, 401.000000, 401.000000, 401.000000
0.003451, -0.002516, 401.000000, 401.000000, 401.000000
0.003569, -0.002516, 401.000000, 401.000000, 401.000000
0.003685, -0.002516, 1.741678, 3.796865, 1.845541
0.003802, -0.002516, 1.500000, 1.500000, 1.500000
0.003919, -0.002516, 3.610101, 2.823117, 2.575381
0.004037, -0.002516, 20.859553, 4.596886, 5.388606
0.004153, -0.002516, 7.385653, 29.563181, 3.564766
0.004270, -0.002516, 1.912100, 1.965467, 1.777869
0.004388, -0.002516, 12.787756, 4.135745, 4.669103
0.004504, -0.002516, 23.915803, 8.825177, 6.456532
0.004622, -0.002516, 6.580600, 2.042255, 2.136949
0.004738, -0.002516, 4.678551, 1.945013, 2.075858
0.004856, -0.002516, 5.013681, 3.142854, 2.828885
0.004972, -0.002516, 8.859282, 4.633055, 4.389694
0.005090, -0.002516, 2.394711, 2.304931, 2.064547
0.005206, -0.002516, 24.567930, 4.382457, 5.772002
0.005324, -0.002516, 9.926854, 5.142043, 4.719468
0.005440, -0.002516, 1.857469, 1.891147, 1.807001
0.005557, -0.002516, 1.500000, 1.500000, 1.500000
0.005675, -0.002516, 1.500000, 1.500000, 1.500000
0.005791, -0.002516, 1.500000, 1.500000, 1.500000
-0.005791, -0.002399, 1.783451, 3.973591, 1.892714
-0.005674, -0.002399, 401.000000, 401.000000, 401.000000
-0.005557, -0.002399, 401.000000, 401.000000, 401.000000
-0.005441, -0.002399, 401.000000, 401.000000, 401.000000
-0.005324, -0.002399, 303.167213, 352.356720, 105.415420
-0.005207, -0.002399, 401.000000, 401.000000, 401.000000
-0.005089, -0.002399, 305.410530, 348.977841, 105.290989
-0.004972, -0.002399, 8.467868, 78.472071, 15.011666
-0.004855, -0.002399, 401.000000, 401.000000, 401.000000
-0.004738, -0.002399, 400.995813, 400.995722, 400.995920
-0.004621, -0.002399, 125.055756, 317.301999, 62.843974
-0.004504, -0.002399, 401.000000, 401.000000, 401.000000
-0.004387, -0.002399, 5.862513, 12.394510, 3.694310
-0.004270, -0.002399, 6.707498, 33.595298, 6.128389
-0.004154, -0.002399, 401.000000, 401.000000, 401.000000
-0.004036, -0.002399, 401.000000, 401.000000, 401.000000
-0.003920, -0.002399, 401.000000, 401.000000, 401.000000
-0.003803, -0.002399, 401.000000, 401.000000, 401.000000
-0.003686, -0.002399, 401.000000, 401.000000, 401.000000
-0.003569, -0.002399, 401.000000, 401.000000, 401.000000
-0.003452, -0.002399, 401.000000, 401.000000, 401.000000
-0.003335, -0.002399, 20.326681, 221.736293, 49.262451
-0.003218, -0.002399, 1.578126, 3.075632, 1.662945
-0.003101, -0.002399, 401.000000, 401.000000, 401.000000
-0.002984, -0.002399, 401.000000, 401.000000, 401.000000
-0.002867, -0.002399, 401.000000, 401.000000, 401.000000
-0.002750, -0.002399, 401.000000, 401.000000, 401.000000
-0.002633, -0.002399, 2.194354, 5.525613, 2.357937
-0.002516, -0.002399, 2.418028, 7.592530, 2.616416
-0.002399, -0.002399, 401.000000, 401.000000, 401.000000
-0.002282, -0.002399, 401.000000, 401.000000, 401.000000
-0.002165, -0.002399, 401.000000, 401.000000, 401.000000
-0.002048, -0.002399, 316.760034, 21.755742, 20.269631
-0.001931, -0.002399, 13.119338, 9.017805, 7.925025
-0.001814, -0.002399, 401.000000, 401.000000, 401.000000
-0.001697, -0.002399, 401.000000, 401.000000, 401.000000
-0.001580, -0.002399, 401.000000, 401.000000, 401.000000
-0.001463, -0.002399, 401.000000, 401.000000, 401.000000
-0.001345, -0.002399, 401.000000, 401.000000, 401.000000
-0.001228, -0.002399, 401.000000, 401.000000, 401.000000
-0.001112, -0.002399, 401.000000, 401.000000, 401.000000
-0.000995, -0.002399, 401.000000, 401.000000, 401.000000
-0.000878, -0.002399, 401.000000, 401.000000, 401.000000
-0.000761, -0.002399, 401.000000, 401.000000, 401.000000
-0.000644, -0.002399, 401.000000, 401.000000, 401.000000
-0.000527, -0.002399, 401.000000, 401.000000, 401.000000
-0.000410, -0.002399, 401.000000, 401.000000, 401.000000
-0.000293, -0.002399, 7.759510, 61.789519, 10.365572
-0.000176, -0.002399, 3.355409, 14.777291, 3.756747
-0.000058, -0.002399, 401.000000, 401.000000, 401.000000
0.000058, -0.002399, 401.000000, 401.000000, 401.000000
0.000175, -0.002399, 401.000000, 401.000000, 401.000000
0.000292, -0.002399, 401.000000, 401.000000, 401.000000
0.000409, -0.002399, 401.000000, 401.000000, 401.000000
0.000526, -0.002399, 401.000000, 401.000000, 401.000000
0.000643, -0.002399, 401.000000, 401.000000, 401.000000
0.000760, -0.002399, 401.000000, 401.000000, 401.000000
0.000877, -0.002399, 401.000000, 401.000000, 401.000000
0.000994, -0.002399, 401.000000, 401.000000, 401.000000
0.001112, -0.002399, 401.000000, 401.000000, 401.000000
0.001228, -0.002399, 401.000000, 401.000000, 401.000000
0.001345, -0.002399, 401.000000, 401.000000, 401.000000
0.001462, -0.002399, 401.000000, 401.000000, 401.000000
0.001579, -0.002399, 401.000000, 401.000000, 401.000000
0.001696, -0.002399, 401.000000, 401.000000, 401.000000
0.001813, -0.002399, 401.000000, 401.000000, 401.000000
0.001930, -0.002399, 401.000000, 401.000000, 401.000000
0.002048, -0.002399, 401.000000, 401.000000, 401.000000
0.002164, -0.002399, 401.000000, 401.000000, 401.000000
0.002282, -0.002399, 401.000000, 401.000000, 401.000000
0.002398, -0.002399, 401.000000, 401.000000, 401.000000
0.002515, -0.002399, 401.000000, 401.000000, 401.000000
0.002632, -0.002399, 392.983405, 392.800518, 331.009747
0.002749, -0.002399, 401.000000, 401.000000, 401.000000
0.002866, -0.002399, 401.000000, 401.000000, 401.000000
0.002983, -0.002399, 2.918693, 18.858246, 3.595651
0.003101, -0.002399, 401.000000, 401.000000, 401.000000
0.003217, -0.002399, 401.000000, 401.000000, 401.000000
0.003335, -0.002399, 401.000000, 401.000000, 401.000000
0.003451, -0.002399, 401.000000, 401.000000, 401.000000
0.003569, -0.002399, 401.000000, 401.000000, 401.000000
0.003685, -0.002399, 1.741678, 3.796865, 1.845541
0.003802, -0.002399, 1.500000, 1.500000, 1.500000
0.003919, -0.002399, 17.694311, 100.166000, 32.396626
0.004037, -0.002399, 401.000000, 401.000000, 401.000000
0.004153, -0.002399, 2.234140, 6.548564, 2.383590
0.004270, -0.002399, 3.017352, 9.230307, 3.285268
0.004388, -0.002399, 401.000000, 401.000000, 401.000000
0.004504, -0.002399, 5.938206, 46.633026, 7.062225
0.004622, -0.002399, 1.500000, 1.500000, 1.500000
0.004738, -0.002399, 3.019117, 2.337510, 2.197745
0.004856, -0.002399, 10.261313, 6.178257, 5.868028
0.004972, -0.002399, 8.467140, 11.363982, 7.948176
0.005090, -0.002399, 4.467648, 17.701141, 5.086660
0.005206, -0.002399, 401.000000, 401.000000, 401.000000
0.005324, -0.002399, 3.363105, 11.097166, 3.698841
0.005440, -0.002399, 1.500000, 1.500000, 1.500000
0.005557, -0.002399, 1.500000, 1.500000, 1.500000
0.005675, -0.002399, 1.500000, 1.500000, 1.500000
0.005791, -0.002399, 1.500000, 1.500000, 1.500000
-0.005791, -0.002282, 1.783451, 3.973591, 1.892714
-0.005674, -0.002282, 401.000000, 401.000000, 401.000000
-0.005557, -0.002282, 401.000000, 401.000000, 401.000000
-0.005441, -0.002282, 401.000000, 401.000000, 401.000000
-0.005324, -0.002282, 401.000000, 401.000000, 401.000000
-0.005207, -0.002282, 352.023666, 303.929405, 104.030883
-0.005089, -0.002282, 401.000000, 401.000000, 401.000000
-0.004972, -0.002282, 327.536582, 30.788713, 34.982635
-0.004855, -0.002282, 105.967371, 309.703633, 79.132665
-0.004738, -0.002282, 307.874476, 227.457082, 63.791808
-0.004621, -0.002282, 401.000000, 401.000000, 401.000000
-0.004504, -0.002282, 401.000000, 401.000000, 401.000000
-0.004387, -0.002282, 400.603434, 399.453440, 400.716140
-0.004270, -0.002282, 401.000000, 401.000000, 401.000000
-0.004154, -0.002282, 401.000000, 401.000000, 401.000000
-0.004036, -0.002282, 401.000000, 401.000000, 401.000000
-0.003920, -0.002282, 401.000000, 401.000000, 401.000000
-0.003803, -0.002282, 401.000000, 401.000000, 401.000000
-0.003686, -0.002282, 393.290557, 395.678463, 324.743213
-0.003569, -0.002282, 76.234205, 4.692486, 3.914334
-0.003452, -0.002282, 45.899859, 364.018170, 51.946180
-0.003335, -0.002282, 20.326681, 221.736293, 49.262451
-0.003218, -0.002282, 1.578126, 3.075632, 1.662945
-0.003101, -0.002282, 401.000000, 401.000000, 401.000000
-0.002984, -0.002282, 401.000000, 401.000000, 401.000000
-0.002867, -0.002282, 401.000000, 401.000000, 401.000000
-0.002750, -0.002282, 401.000000, 401.000000, 401.000000
-0.002633, -0.002282, 2.201228, 5.909839, 2.370538
-0.002516, -0.002282, 2.403597, 6.979797, 2.604608
-0.002399, -0.002282, 401.000000, 401.000000, 401.000000
-0.002282, -0.002282, 366.092204, 366.092204, 60.533983
-0.002165, -0.002282, 27.881250, 235.433899, 10.497156
-0.002048, -0.002282, 401.000000, 401.000000, 401.000000
-0.001931, -0.002282, 401.000000, 401.000000, 401.000000
-0.001814, -0.002282, 258.796979, 155.342077, 9.193758
-0.001697, -0.002282, 251.180110, 396.634176, 349.799510
-0.001580, -0.002282, 401.000000, 401.000000, 401.000000
-0.001463, -0.002282, 320.248424, 320.248424, 21.371288
-0.001345, -0.002282, 18.005978, 296.873195, 15.478383
-0.001228, -0.002282, 401.000000, 401.000000, 401.000000
-0.001112, -0.002282, 400.573389, 400.573389, 400.635078
-0.000995, -0.002282, 233.619751, 121.081243, 9.199608
-0.000878, -0.002282, 401.000000, 401.000000, 401.000000
-0.000761, -0.002282, 401.000000, 401.000000, 401.000000
-0.000644, -0.002282, 284.778811, 262.118143, 11.835586
-0.000527, -0.002282, 35.581136, 348.665423, 36.612559
-0.000410, -0.002282, 401.000000, 401.000000, 401.000000
-0.000293, -0.002282, 7.759510, 61.789519, 10.365572
-0.000176, -0.002282, 3.314736, 12.949974, 3.713148
-0.000058, -0.002282, 401.000000, 401.000000, 401.000000
0.000058, -0.002282, 401.000000, 401.000000, 401.000000
0.000175, -0.002282, 266.556718, 196.938233, 9.530302
0.000292, -0.002282, 107.231702, 384.793230, 148.089562
0.000409, -0.002282, 401.000000, 401.000000, 401.000000
0.000526, -0.002282, 348.665423, 348.665423, 36.612559
0.000643, -0.002282, 20.588347, 262.118143, 11.835586
0.000760, -0.002282, 401.000000, 401.000000, 401.000000
0.000877, -0.002282, 401.000000, 401.000000, 401.000000
0.000994, -0.002282, 253.539730, 121.081243, 9.199608
0.001112, -0.002282, 395.320165, 400.573389, 400.635078
0.001228, -0.002282, 401.000000, 401.000000, 401.000000
0.001345, -0.002282, 300.669286, 296.873195, 15.478383
0.001462, -0.002282, 22.752138, 320.248424, 21.371288
0.001579, -0.002282, 401.000000, 401.000000, 401.000000
0.001696, -0.002282, 396.634176, 396.634176, 349.799510
0.001813, -0.002282, 130.804707, 155.342077, 9.193758
0.001930, -0.002282, 401.000000, 401.000000, 401.000000
0.002048, -0.002282, 401.000000, 401.000000, 401.000000
0.002164, -0.002282, 276.069016, 235.433899, 10.497156
0.002282, -0.002282, 53.203280, 366.092204, 60.533983
0.002398, -0.002282, 401.000000, 401.000000, 401.000000
0.002515, -0.002282, 106.499917, 230.905563, 7.094484
0.002632, -0.002282, 3.484502, 35.593038, 3.178808
0.002749, -0.002282, 401.000000, 401.000000, 401.000000
0.002866, -0.002282, 401.000000, 401.000000, 401.000000
0.002983, -0.002282, 2.918693, 18.858246, 3.595651
0.003101, -0.002282, 401.000000, 401.000000, 401.000000
0.003217, -0.002282, 393.442009, 393.745407, 333.653509
0.003335, -0.002282, 17.682529, 3.051881, 2.603428
0.003451, -0.002282, 32.575046, 348.614840, 38.900097
0.003569, -0.002282, 401.000000, 401.000000, 401.000000
0.003685, -0.002282, 1.741678, 3.796865, 1.845541
0.003802, -0.002282, 1.500000, 1.500000, 1.500000
0.003919, -0.002282, 3.478281, 2.679119, 2.480970
0.004037, -0.002282, 17.675284, 3.514155, 3.708128
0.004153, -0.002282, 1.581960, 1.589049, 1.584589
0.004270, -0.002282, 1.881003, 1.830869, 1.753134
0.004388, -0.002282, 11.547285, 3.698068, 4.097412
0.004504, -0.002282, 2.292989, 2.207099, 2.043769
0.004622, -0.002282, 3.054099, 3.054099, 2.408880
0.004738, -0.002282, 3.321430, 3.321430, 2.494264
0.004856, -0.002282, 2.514689, 2.116522, 2.026830
0.004972, -0.002282, 10.410732, 4.395728, 4.656032
0.005090, -0.002282, 2.351313, 2.179374, 2.035683
0.005206, -0.002282, 13.712062, 3.712888, 4.123325
0.005324, -0.002282, 1.909230, 1.920810, 1.813302
0.005440, -0.002282, 1.500000, 1.500000, 1.500000
0.005557, -0.002282, 1.500000, 1.500000, 1.500000
0.005675, -0.002282, 1.500000, 1.500000, 1.500000
0.005791, -0.002282, 1.500000, 1.500000, 1.500000
-0.005791, -0.002165, 1.685887, 1.860543, 1.708261
-0.005674, -0.002165, 14.772825, 4.670634, 5.494140
-0.005557, -0.002165, 48.039614, 10.431384, 18.527239
-0.005441, -0.002165, 311.300021, 398.331930, 383.217377
-0.005324, -0.002165, 401.000000, 401.000000, 401.000000
-0.005207, -0.002165, 353.672568, 307.353534, 106.390596
-0.005089, -0.002165, 401.000000, 401.000000, 401.000000
-0.004972, -0.002165, 401.000000, 401.000000, 401.000000
-0.004855, -0.002165, 401.000000, 401.000000, 401.000000
-0.004738, -0.002165, 401.000000, 401.000000, 401.000000
-0.004621, -0.002165, 401.000000, 401.000000, 401.000000
-0.004504, -0.002165, 345.459592, 298.802061, 77.697583
-0.004387, -0.002165, 128.752403, 11.108448, 24.798428
-0.004270, -0.002165, 60.307961, 351.695512, 55.859723
-0.004154, -0.002165, 401.000000, 401.000000, 401.000000
-0.004036, -0.002165, 280.432429, 243.916021, 54.564003
-0.003920, -0.002165, 350.757008, 287.195624, 130.146451
-0.003803, -0.002165, 401.000000, 401.000000, 401.000000
-0.003686, -0.002165, 399.983948, 369.472848, 398.834475
-0.003569, -0.002165, 167.504965, 5.612477, 5.008721
-0.003452, -0.002165, 80.763945, 80.763945, 103.376193
-0.003335, -0.002165, 20.326681, 221.736293, 49.262451
-0.003218, -0.002165, 1.578126, 3.075632, 1.662945
-0.003101, -0.002165, 401.000000, 401.000000, 401.000000
-0.002984, -0.002165, 401.000000, 401.000000, 401.000000
-0.002867, -0.002165, 401.000000, 401.000000, 401.000000
-0.002750, -0.002165, 401.000000, 401.000000, 401.000000
-0.002633, -0.002165, 2.201228, 5.909839, 2.370538
-0.002516, -0.002165, 2.403597, 6.979797, 2.604608
-0.002399, -0.002165, 401.000000, 401.000000, 401.000000
-0.002282, -0.002165, 235.433899, 27.881250, 10.497156
-0.002165, -0.002165, 6.066949, 6.066949, 3.615379
-0.002048, -0.002165, 401.000000, 401.000000, 401.000000
-0.001931, -0.002165, 397.151441, 397.166061, 384.064349
-0.001814, -0.002165, 31.685816, 3.294157, 2.945803
-0.001697, -0.002165, 26.396477, 152.227819, 30.546815
-0.001580, -0.002165, 401.000000, 401.000000, 401.000000
-0.001463, -0.002165, 163.879120, 12.563446, 5.956064
-0.001345, -0.002165, 5.815750, 9.714914, 4.916360
-0.001228, -0.002165, 401.000000, 401.000000, 401.000000
-0.001112, -0.002165, 331.349709, 328.084128, 59.894669
-0.000995, -0.002165, 12.068901, 3.031008, 2.815090
-0.000878, -0.002165, 117.301151, 384.551712, 204.459962
-0.000761, -0.002165, 401.000000, 401.000000, 401.000000
-0.000644, -0.002165, 117.016189, 7.251453, 4.023021
-0.000527, -0.002165, 8.753867, 19.002646, 8.062698
-0.000410, -0.002165, 401.000000, 401.000000, 401.000000
-0.000293, -0.002165, 7.759510, 61.789519, 10.365572
-0.000176, -0.002165, 3.314736, 12.949974, 3.713148
-0.000058, -0.002165, 401.000000, 401.000000, 401.000000
0.000058, -0.002165, 401.000000, 401.000000, 401.000000
0.000175, -0.002165, 98.400139, 4.965297, 3.208969
0.000292, -0.002165, 15.773974, 56.415592, 16.307155
0.000409, -0.002165, 401.000000, 401.000000, 401.000000
0.000526, -0.002165, 206.439751, 19.002646, 8.062698
0.000643, -0.002165, 5.652662, 7.251453, 4.023021
0.000760, -0.002165, 401.000000, 401.000000, 401.000000
0.000877, -0.002165, 383.945143, 384.551712, 204.459962
0.000994, -0.002165, 19.190555, 3.031008, 2.815090
0.001112, -0.002165, 44.909047, 328.084128, 59.894669
0.001228, -0.002165, 401.000000, 401.000000, 401.000000
0.001345, -0.002165, 135.766769, 9.714914, 4.916360
0.001462, -0.002165, 6.764734, 12.563446, 5.956064
0.001579, -0.002165, 401.000000, 401.000000, 401.000000
0.001696, -0.002165, 307.870102, 152.227819, 30.546815
0.001813, -0.002165, 9.467470, 3.294157, 2.945803
0.001930, -0.002165, 286.188523, 397.166061, 384.064349
0.002048, -0.002165, 401.000000, 401.000000, 401.000000
0.002164, -0.002165, 108.520118, 6.066949, 3.615379
0.002282, -0.002165, 10.931898, 27.881250, 10.497156
0.002398, -0.002165, 401.000000, 401.000000, 401.000000
0.002515, -0.002165, 393.500303, 188.286887, 280.190443
0.002632, -0.002165, 109.912086, 32.682658, 39.641322
0.002749, -0.002165, 401.000000, 401.000000, 401.000000
0.002866, -0.002165, 401.000000, 401.000000, 401.000000
0.002983, -0.002165, 2.918693, 18.858246, 3.595651
0.003101, -0.002165, 401.000000, 401.000000, 401.000000
0.003217, -0.002165, 401.000000, 401.000000, 401.000000
0.003335, -0.002165, 288.748992, 14.102268, 13.698651
0.003451, -0.002165, 400.998819, 400.998819, 400.998833
0.003569, -0.002165, 401.000000, 401.000000, 401.000000
0.003685, -0.002165, 1.741678, 3.796865, 1.845541
0.003802, -0.002165, 1.500000, 1.500000, 1.500000
0.003919, -0.002165, 1.500000, 1.500000, 1.500000
0.004037, -0.002165, 1.500000, 1.500000, 1.500000
0.004153, -0.002165, 1.500000, 1.500000, 1.500000
0.004270, -0.002165, 1.510938, 1.510938, 1.515616
0.004388, -0.002165, 3.847656, 1.924464, 2.029912
0.004504, -0.002165, 5.243570, 3.151400, 2.792197
0.004622, -0.002165, 3.666909, 3.666909, 2.856656
0.004738, -0.002165, 8.938557, 4.034677, 3.208195
0.004856, -0.002165, 14.506584, 3.769354, 4.323635
0.004972, -0.002165, 319.910000, 396.359332, 376.063891
0.005090, -0.002165, 2.208267, 4.753928, 2.253626
0.005206, -0.002165, 4.156426, 1.884922, 1.985672
0.005324, -0.002165, 1.521170, 1.526159, 1.528884
0.005440, -0.002165, 1.500000, 1.500000, 1.500000
0.005557, -0.002165, 1.500000, 1.500000, 1.500000
0.005675, -0.002165, 1.500000, 1.500000, 1.500000
0.005791, -0.002165, 1.500000, 1.500000, 1.500000
-0.005791, -0.002048, 1.506463, 1.519865, 1.519810
-0.005674, -0.002048, 15.583322, 21.416374, 17.563931
-0.005557, -0.002048, 385.372673, 110.227952, 153.553909
-0.005441, -0.002048, 10.063276, 156.261144, 17.469704
-0.005324, -0.002048, 315.043881, 365.835689, 110.958811
-0.005207, -0.002048, 401.000000, 401.000000, 401.000000
-0.005089, -0.002048, 324.015302, 363.047479, 109.833925
-0.004972, -0.002048, 307.328891, 343.104574, 48.991506
-0.004855, -0.002048, 120.554000, 13.461718, 30.204320
-0.004738, -0.002048, 21.984805, 10.363397, 13.621301
-0.004621, -0.002048, 84.332623, 9.302865, 12.087444
-0.004504, -0.002048, 15.066004, 18.248945, 17.893291
-0.004387, -0.002048, 401.000000, 401.000000, 401.000000
-0.004270, -0.002048, 12.269876, 84.984731, 23.175742
-0.004154, -0.002048, 244.573925, 344.450055, 64.515514
-0.004036, -0.002048, 249.367518, 254.779987, 379.332521
-0.003920, -0.002048, 253.160140, 73.080727, 67.864777
-0.003803, -0.002048, 401.000000, 401.000000, 401.000000
-0.003686, -0.002048, 401.000000, 401.000000, 401.000000
-0.003569, -0.002048, 401.000000, 401.000000, 401.000000
-0.003452, -0.002048, 401.000000, 401.000000, 401.000000
-0.003335, -0.002048, 20.326681, 221.736293, 49.262451
-0.003218, -0.002048, 1.521956, 1.547903, 1.540700
-0.003101, -0.002048, 8.036464, 7.848418, 5.863148
-0.002984, -0.002048, 141.173175, 281.243743, 50.789204
-0.002867, -0.002048, 401.000000, 401.000000, 401.000000
-0.002750, -0.002048, 401.000000, 401.000000, 401.000000
-0.002633, -0.002048, 2.201228, 5.909839, 2.370538
-0.002516, -0.002048, 2.403597, 6.979797, 2.604608
-0.002399, -0.002048, 401.000000, 401.000000, 401.000000
-0.002282, -0.002048, 401.000000, 401.000000, 401.000000
-0.002165, -0.002048, 401.000000, 401.000000, 401.000000
-0.002048, -0.002048, 401.000000, 401.000000, 401.000000
-0.001931, -0.002048, 401.000000, 401.000000, 401.000000
-0.001814, -0.002048, 401.000000, 401.000000, 401.000000
-0.001697, -0.002048, 401.000000, 401.000000, 401.000000
-0.001580, -0.002048, 401.000000, 401.000000, 401.000000
-0.001463, -0.002048, 401.000000, 401.000000, 401.000000
-0.001345, -0.002048, 401.000000, 401.000000, 401.000000
-0.001228, -0.002048, 401.000000, 401.000000, 401.000000
-0.001112, -0.002048, 401.000000, 401.000000, 401.000000
-0.000995, -0.002048, 401.000000, 401.000000, 401.000000
-0.000878, -0.002048, 401.000000, 401.000000, 401.000000
-0.000761, -0.002048, 401.000000, 401.000000, 401.000000
-0.000644, -0.002048, 401.000000, 401.000000, 401.000000
-0.000527, -0.002048, 401.000000, 401.000000, 401.000000
-0.000410, -0.002048, 401.000000, 401.000000, 401.000000
-0.000293, -0.002048, 7.759510, 61.789519, 10.365572
-0.000176, -0.002048, 3.314736, 12.949974, 3.713148
-0.000058, -0.002048, 401.000000, 401.000000, 401.000000
0.000058, -0.002048, 401.000000, 401.000000, 401.000000
0.000175, -0.002048, 401.000000, 401.000000, 401.000000
0.000292, -0.002048, 401.000000, 401.000000, 401.000000
0.000409, -0.002048, 401.000000, 401.000000, 401.000000
0.000526, -0.002048, 401.000000, 401.000000, 401.000000
0.000643, -0.002048, 401.000000, 401.000000, 401.000000
0.000760, -0.002048, 401.000000, 401.000000, 401.000000
0.000877, -0.002048, 401.000000, 401.000000, 401.000000
0.000994, -0.002048, 401.000000, 401.000000, 401.000000
0.001112, -0.002048, 401.000000, 401.000000, 401.000000
0.001228, -0.002048, 401.000000, 401.000000, 401.000000
0.001345, -0.002048, 401.000000, 401.000000, 401.000000
0.001462, -0.002048, 401.000000, 401.000000, 401.000000
0.001579, -0.002048, 401.000000, 401.000000, 401.000000
0.001696, -0.002048, 401.000000, 401.000000, 401.000000
0.001813, -0.002048, 401.000000, 401.000000, 401.000000
0.001930, -0.002048, 401.000000, 401.000000, 401.000000
0.002048, -0.002048, 401.000000, 401.000000, 401.000000
0.002164, -0.002048, 401.000000, 401.000000, 401.000000
0.002282, -0.002048, 401.000000, 401.000000, 401.000000
0.002398, -0.002048, 401.000000, 401.000000, 401.000000
0.002515, -0.002048, 401.000000, 401.000000, 401.000000
0.002632, -0.002048, 401.000000, 401.000000, 401.000000
0.002749, -0.002048, 401.000000, 401.000000, 401.000000
0.002866, -0.002048, 401.000000, 401.000000, 401.000000
0.002983, -0.002048, 2.918693, 18.858246, 3.595651
0.003101, -0.002048, 401.000000, 401.000000, 401.000000
0.003217, -0.002048, 401.000000, 401.000000, 401.000000
0.003335, -0.002048, 401.000000, 401.000000, 401.000000
0.003451, -0.002048, 401.000000, 401.000000, 401.000000
0.003569, -0.002048, 401.000000, 401.000000, 401.000000
0.003685, -0.002048, 1.741678, 3.796865, 1.845541
0.003802, -0.002048, 1.500000, 1.500000, 1.500000
0.003919, -0.002048, 1.500000, 1.500000, 1.500000
0.004037, -0.002048, 1.500000, 1.500000, 1.500000
0.004153, -0.002048, 1.500000, 1.500000, 1.500000
0.004270, -0.002048, 2.757663, 4.957594, 2.814773
0.004388, -0.002048, 401.000000, 401.000000, 401.000000
0.004504, -0.002048, 6.717644, 63.943712, 8.500837
0.004622, -0.002048, 4.897496, 9.061538, 2.921336
0.004738, -0.002048, 36.379638, 36.682353, 37.965111
0.004856, -0.002048, 362.886551, 49.362491, 55.008867
0.004972, -0.002048, 3.830220, 2.993458, 2.115446
0.005090, -0.002048, 3.908195, 7.481292, 4.083969
0.005206, -0.002048, 401.000000, 401.000000, 401.000000
0.005324, -0.002048, 3.064800, 5.592840, 3.113582
0.005440, -0.002048, 1.500000, 1.500000, 1.500000
0.005557, -0.002048, 1.500000, 1.500000, 1.500000
0.005675, -0.002048, 1.500000, 1.500000, 1.500000
0.005791, -0.002048, 1.500000, 1.500000, 1.500000
-0.005791, -0.001931, 1.500000, 1.500000, 1.500000
-0.005674, -0.001931, 9.118625, 174.077385, 8.490425
-0.005557, -0.001931, 340.699960, 287.547810, 29.913077
-0.005441, -0.001931, 8.595296, 35.212935, 13.650760
-0.005324, -0.001931, 378.305536, 235.975553, 316.054459
-0.005207, -0.001931, 400.520033, 400.403836, 400.596614
-0.005089, -0.001931, 378.990607, 234.308769, 314.781588
-0.004972, -0.001931, 203.240736, 107.176870, 39.041394
-0.004855, -0.001931, 48.245187, 13.070228, 20.507562
-0.004738, -0.001931, 43.434781, 3.868286, 3.685033
-0.004621, -0.001931, 5.133435, 1.986281, 2.168103
-0.004504, -0.001931, 8.193708, 10.170487, 5.612031
-0.004387, -0.001931, 347.454429, 352.086161, 187.245599
-0.004270, -0.001931, 9.266846, 27.771581, 11.409352
-0.004154, -0.001931, 8.108418, 107.537888, 15.150877
-0.004036, -0.001931, 401.000000, 401.000000, 401.000000
-0.003920, -0.001931, 156.263597, 230.986282, 48.014939
-0.003803, -0.001931, 120.832716, 391.928138, 285.194977
-0.003686, -0.001931, 401.000000, 401.000000, 401.000000
-0.003569, -0.001931, 401.000000, 401.000000, 401.000000
-0.003452, -0.001931, 401.000000, 401.000000, 401.000000
-0.003335, -0.001931, 20.326681, 221.736293, 49.262451
-0.003218, -0.001931, 1.500000, 1.500000, 1.500000
-0.003101, -0.001931, 3.875219, 6.690656, 3.936533
-0.002984, -0.001931, 12.377787, 23.163842, 22.482971
-0.002867, -0.001931, 400.603328, 400.808067, 400.836568
-0.002750, -0.001931, 401.000000, 401.000000, 401.000000
-0.002633, -0.001931, 2.201228, 5.909839, 2.370538
-0.002516, -0.001931, 1.929473, 1.944564, 1.824675
-0.002399, -0.001931, 16.980312, 3.976600, 4.552887
-0.002282, -0.001931, 18.411489, 3.986372, 4.570532
-0.002165, -0.001931, 18.411489, 3.986372, 4.570532
-0.002048, -0.001931, 18.411489, 3.986372, 4.570532
-0.001931, -0.001931, 18.411489, 3.986372, 4.570532
-0.001814, -0.001931, 18.411489, 3.986372, 4.570532
-0.001697, -0.001931, 23.148374, 312.903117, 19.613864
-0.001580, -0.001931, 401.000000, 401.000000, 401.000000
-0.001463, -0.001931, 401.000000, 401.000000, 401.000000
-0.001345, -0.001931, 401.000000, 401.000000, 401.000000
-0.001228, -0.001931, 401.000000, 401.000000, 401.000000
-0.001112, -0.001931, 401.000000, 401.000000, 401.000000
-0.000995, -0.001931, 401.000000, 401.000000, 401.000000
-0.000878, -0.001931, 401.000000, 401.000000, 401.000000
-0.000761, -0.001931, 401.000000, 401.000000, 401.000000
-0.000644, -0.001931, 397.381990, 397.037180, 383.358653
-0.000527, -0.001931, 401.000000, 401.000000, 401.000000
-0.000410, -0.001931, 401.000000, 401.000000, 401.000000
-0.000293, -0.001931, 7.759510, 61.789519, 10.365572
-0.000176, -0.001931, 3.314736, 12.949974, 3.713148
-0.000058, -0.001931, 401.000000, 401.000000, 401.000000
0.000058, -0.001931, 401.000000, 401.000000, 401.000000
0.000175, -0.001931, 397.257179, 397.188934, 382.839225
0.000292, -0.001931, 401.000000, 401.000000, 401.000000
0.000409, -0.001931, 401.000000, 401.000000, 401.000000
0.000526, -0.001931, 401.000000, 401.000000, 401.000000
0.000643, -0.001931, 397.068338, 397.037180, 383.358653
0.000760, -0.001931, 401.000000, 401.000000, 401.000000
0.000877, -0.001931, 401.000000, 401.000000, 401.000000
0.000994, -0.001931, 401.000000, 401.000000, 401.000000
0.001112, -0.001931, 401.000000, 401.000000, 401.000000
0.001228, -0.001931, 401.000000, 401.000000, 401.000000
0.001345, -0.001931, 401.000000, 401.000000, 401.000000
0.001462, -0.001931, 401.000000, 401.000000, 401.000000
0.001579, -0.001931, 401.000000, 401.000000, 401.000000
0.001696, -0.001931, 401.000000, 401.000000, 401.000000
0.001813, -0.001931, 401.000000, 401.000000, 401.000000
0.001930, -0.001931, 401.000000, 401.000000, 401.000000
0.002048, -0.001931, 401.000000, 401.000000, 401.000000
0.002164, -0.001931, 397.291219, 397.151441, 384.064349
0.002282, -0.001931, 401.000000, 401.000000, 401.000000
0.002398, -0.001931, 401.000000, 401.000000, 401.000000
0.002515, -0.001931, 209.672363, 212.537028, 6.802615
0.002632, -0.001931, 9.480831, 232.643810, 7.891647
0.002749, -0.001931, 401.000000, 401.000000, 401.000000
0.002866, -0.001931, 401.000000, 401.000000, 401.000000
0.002983, -0.001931, 2.918693, 18.858246, 3.595651
0.003101, -0.001931, 401.000000, 401.000000, 401.000000
0.003217, -0.001931, 401.000000, 401.000000, 401.000000
0.003335, -0.001931, 232.660311, 85.255608, 7.438578
0.003451, -0.001931, 299.273106, 398.210148, 380.148538
0.003569, -0.001931, 401.000000, 401.000000, 401.000000
0.003685, -0.001931, 1.741678, 3.796865, 1.845541
0.003802, -0.001931, 1.500000, 1.500000, 1.500000
0.003919, -0.001931, 1.500000, 1.500000, 1.500000
0.004037, -0.001931, 1.500000, 1.500000, 1.500000
0.004153, -0.001931, 1.500000, 1.500000, 1.500000
0.004270, -0.001931, 2.465846, 3.360477, 2.366818
0.004388, -0.001931, 188.032945, 352.086161, 187.245599
0.004504, -0.001931, 3.877370, 7.906510, 3.530571
0.004622, -0.001931, 2.078533, 9.688478, 2.457056
0.004738, -0.001931, 15.786510, 226.101213, 13.617462
0.004856, -0.001931, 401.000000, 401.000000, 401.000000
0.004972, -0.001931, 2.012906, 4.277031, 2.065355
0.005090, -0.001931, 3.333859, 6.194913, 3.155122
0.005206, -0.001931, 317.132498, 356.558893, 231.225908
0.005324, -0.001931, 4.816489, 4.486657, 3.213437
0.005440, -0.001931, 1.522782, 1.519785, 1.528344
0.005557, -0.001931, 1.500000, 1.500000, 1.500000
0.005675, -0.001931, 1.500000, 1.500000, 1.500000
0.005791, -0.001931, 1.500000, 1.500000, 1.500000
-0.005791, -0.001814, 1.500000, 1.500000, 1.500000
-0.005674, -0.001814, 1.514243, 1.504217, 1.513567
-0.005557, -0.001814, 1.590595, 1.530082, 1.559139
-0.005441, -0.001814, 7.378544, 56.710379, 9.696989
-0.005324, -0.001814, 401.000000, 401.000000, 401.000000
-0.005207, -0.001814, 344.776750, 72.977349, 103.565814
-0.005089, -0.001814, 401.000000, 401.000000, 401.000000
-0.004972, -0.001814, 401.000000, 401.000000, 401.000000
-0.004855, -0.001814, 7.574661, 15.760217, 9.887351
-0.004738, -0.001814, 252.982355, 209.694807, 343.121073
-0.004621, -0.001814, 101.075272, 5.969490, 4.981179
-0.004504, -0.001814, 26.066113, 3.310374, 4.812159
-0.004387, -0.001814, 29.550163, 3.489514, 5.652336
-0.004270, -0.001814, 27.846237, 3.571261, 5.868712
-0.004154, -0.001814, 35.179980, 6.267205, 9.254292
-0.004036, -0.001814, 98.147222, 8.562938, 16.361801
-0.003920, -0.001814, 158.096582, 116.037124, 233.347563
-0.003803, -0.001814, 401.000000, 401.000000, 401.000000
-0.003686, -0.001814, 401.000000, 401.000000, 401.000000
-0.003569, -0.001814, 401.000000, 401.000000, 401.000000
-0.003452, -0.001814, 401.000000, 401.000000, 401.000000
-0.003335, -0.001814, 20.326681, 221.736293, 49.262451
-0.003218, -0.001814, 2.498524, 2.498524, 2.093668
-0.003101, -0.001814, 39.153840, 38.357810, 14.796558
-0.002984, -0.001814, 25.701168, 16.506300, 23.254361
-0.002867, -0.001814, 401.000000, 401.000000, 401.000000
-0.002750, -0.001814, 401.000000, 401.000000, 401.000000
-0.002633, -0.001814, 2.201228, 5.909839, 2.370538
-0.002516, -0.001814, 1.500000, 1.500000, 1.500000
-0.002399, -0.001814, 1.500000, 1.500000, 1.500000
-0.002282, -0.001814, 1.500000, 1.500000, 1.500000
-0.002165, -0.001814, 1.500000, 1.500000, 1.500000
-0.002048, -0.001814, 1.500000, 1.500000, 1.500000
-0.001931, -0.001814, 1.500000, 1.500000, 1.500000
-0.001814, -0.001814, 1.500000, 1.500000, 1.500000
-0.001697, -0.001814, 1.991120, 1.602868, 1.644440
-0.001580, -0.001814, 3.631683, 1.702188, 1.801215
-0.001463, -0.001814, 3.631683, 1.702188, 1.801215
-0.001345, -0.001814, 3.631683, 1.702188, 1.801215
-0.001228, -0.001814, 3.631683, 1.702188, 1.801215
-0.001112, -0.001814, 3.632220, 1.704767, 1.803402
-0.000995, -0.001814, 6.251484, 155.123837, 4.961386
-0.000878, -0.001814, 401.000000, 401.000000, 401.000000
-0.000761, -0.001814, 401.000000, 401.000000, 401.000000
-0.000644, -0.001814, 3.959735, 48.151075, 3.302732
-0.000527, -0.001814, 7.495551, 228.938087, 6.834676
-0.000410, -0.001814, 401.000000, 401.000000, 401.000000
-0.000293, -0.001814, 7.759510, 61.789519, 10.365572
-0.000176, -0.001814, 3.314736, 12.949974, 3.713148
-0.000058, -0.001814, 401.000000, 401.000000, 401.000000
0.000058, -0.001814, 401.000000, 401.000000, 401.000000
0.000175, -0.001814, 3.278687, 18.442911, 2.585523
0.000292, -0.001814, 15.539787, 298.608273, 15.389652
0.000409, -0.001814, 401.000000, 401.000000, 401.000000
0.000526, -0.001814, 116.972560, 228.938087, 6.834676
0.000643, -0.001814, 3.665992, 48.151075, 3.302732
0.000760, -0.001814, 401.000000, 401.000000, 401.000000
0.000877, -0.001814, 401.000000, 401.000000, 401.000000
0.000994, -0.001814, 397.569456, 397.569456, 368.009327
0.001112, -0.001814, 157.732440, 6.888829, 7.742270
0.001228, -0.001814, 35.901923, 5.699571, 6.989706
0.001345, -0.001814, 35.901923, 5.699571, 6.989706
0.001462, -0.001814, 35.901923, 5.699571, 6.989706
0.001579, -0.001814, 35.901923, 5.699571, 6.989706
0.001696, -0.001814, 36.555058, 249.917204, 14.680853
0.001813, -0.001814, 401.000000, 401.000000, 401.000000
0.001930, -0.001814, 401.000000, 401.000000, 401.000000
0.002048, -0.001814, 401.000000, 401.000000, 401.000000
0.002164, -0.001814, 3.598300, 31.685816, 2.945803
0.002282, -0.001814, 9.877523, 258.796979, 9.193758
0.002398, -0.001814, 401.000000, 401.000000, 401.000000
0.002515, -0.001814, 243.852046, 10.524254, 8.823087
0.002632, -0.001814, 12.169956, 12.169956, 10.379615
0.002749, -0.001814, 401.000000, 401.000000, 401.000000
0.002866, -0.001814, 401.000000, 401.000000, 401.000000
0.002983, -0.001814, 2.918693, 18.858246, 3.595651
0.003101, -0.001814, 401.000000, 401.000000, 401.000000
0.003217, -0.001814, 382.867528, 384.206094, 213.372397
0.003335, -0.001814, 24.856213, 3.312036, 3.049006
0.003451, -0.001814, 43.197775, 202.317478, 57.560587
0.003569, -0.001814, 401.000000, 401.000000, 401.000000
0.003685, -0.001814, 1.741678, 3.796865, 1.845541
0.003802, -0.001814, 1.500000, 1.500000, 1.500000
0.003919, -0.001814, 1.500000, 1.500000, 1.500000
0.004037, -0.001814, 1.500000, 1.500000, 1.500000
0.004153, -0.001814, 1.500000, 1.500000, 1.500000
0.004270, -0.001814, 1.500000, 1.500000, 1.500000
0.004388, -0.001814, 1.666573, 1.535403, 1.574003
0.004504, -0.001814, 1.593975, 1.593975, 1.572096
0.004622, -0.001814, 2.160618, 7.717216, 2.306688
0.004738, -0.001814, 1.560986, 1.514495, 1.531356
0.004856, -0.001814, 3.264166, 1.644530, 1.722168
0.004972, -0.001814, 6.885800, 4.219312, 3.603871
0.005090, -0.001814, 15.294299, 2.760351, 3.358747
0.005206, -0.001814, 16.297264, 3.157523, 3.972633
0.005324, -0.001814, 65.878994, 59.379727, 77.209750
0.005440, -0.001814, 2.545746, 5.499189, 2.681772
0.005557, -0.001814, 1.500000, 1.500000, 1.500000
0.005675, -0.001814, 1.500000, 1.500000, 1.500000
0.005791, -0.001814, 1.500000, 1.500000, 1.500000
-0.005791, -0.001697, 1.500000, 1.500000, 1.500000
-0.005674, -0.001697, 5.415515, 4.244776, 3.849042
-0.005557, -0.001697, 62.156127, 5.816591, 6.387222
-0.005441, -0.001697, 8.191643, 55.685539, 12.004064
-0.005324, -0.001697, 401.000000, 401.000000, 401.000000
-0.005207, -0.001697, 326.150698, 236.869839, 103.073210
-0.005089, -0.001697, 401.000000, 401.000000, 401.000000
-0.004972, -0.001697, 401.000000, 401.000000, 401.000000
-0.004855, -0.001697, 336.202381, 40.473151, 52.452991
-0.004738, -0.001697, 92.063980, 9.599443, 18.382936
-0.004621, -0.001697, 37.781664, 32.162100, 40.297127
-0.004504, -0.001697, 67.586211, 13.174726, 15.234138
-0.004387, -0.001697, 79.452710, 9.488698, 18.918169
-0.004270, -0.001697, 15.908787, 199.421544, 22.491252
-0.004154, -0.001697, 301.345817, 292.824792, 65.885680
-0.004036, -0.001697, 299.844717, 49.632635, 55.380415
-0.003920, -0.001697, 181.635531, 226.969931, 46.087190
-0.003803, -0.001697, 222.343679, 397.091769, 380.184054
-0.003686, -0.001697, 401.000000, 401.000000, 401.000000
-0.003569, -0.001697, 401.000000, 401.000000, 401.000000
-0.003452, -0.001697, 401.000000, 401.000000, 401.000000
-0.003335, -0.001697, 20.326681, 221.736293, 49.262451
-0.003218, -0.001697, 8.539793, 36.984708, 8.648911
-0.003101, -0.001697, 14.968805, 21.131862, 20.425675
-0.002984, -0.001697, 401.000000, 401.000000, 401.000000
-0.002867, -0.001697, 401.000000, 401.000000, 401.000000
-0.002750, -0.001697, 401.000000, 401.000000, 401.000000
-0.002633, -0.001697, 2.201228, 5.909839, 2.370538
-0.002516, -0.001697, 3.326603, 1.922118, 1.978526
-0.002399, -0.001697, 4.902094, 1.994586, 2.131718
-0.002282, -0.001697, 4.199315, 1.959394, 2.058872
-0.002165, -0.001697, 1.500000, 1.500000, 1.500000
-0.002048, -0.001697, 1.500000, 1.500000, 1.500000
-0.001931, -0.001697, 1.500000, 1.500000, 1.500000
-0.001814, -0.001697, 1.585693, 1.585693, 1.566934
-0.001697, -0.001697, 7.420006, 5.851447, 5.326228
-0.001580, -0.001697, 99.237400, 10.443750, 15.728131
-0.001463, -0.001697, 99.237400, 10.443750, 15.728131
-0.001345, -0.001697, 99.237400, 10.443750, 15.728131
-0.001228, -0.001697, 99.237400, 10.443750, 15.728131
-0.001112, -0.001697, 84.403525, 6.402791, 6.098048
-0.000995, -0.001697, 1.613228, 3.007007, 1.709050
-0.000878, -0.001697, 401.000000, 401.000000, 401.000000
-0.000761, -0.001697, 401.000000, 401.000000, 401.000000
-0.000644, -0.001697, 348.859424, 28.369129, 32.577645
-0.000527, -0.001697, 132.228856, 132.228856, 191.894506
-0.000410, -0.001697, 401.000000, 401.000000, 401.000000
-0.000293, -0.001697, 7.759510, 61.789519, 10.365572
-0.000176, -0.001697, 3.314736, 12.949974, 3.713148
-0.000058, -0.001697, 401.000000, 401.000000, 401.000000
0.000058, -0.001697, 401.000000, 401.000000, 401.000000
0.000175, -0.001697, 338.914335, 26.839619, 30.330393
0.000292, -0.001697, 400.981864, 400.981864, 400.985088
0.000409, -0.001697, 401.000000, 401.000000, 401.000000
0.000526, -0.001697, 388.733802, 132.228856, 191.894506
0.000643, -0.001697, 74.187612, 28.369129, 32.577645
0.000760, -0.001697, 401.000000, 401.000000, 401.000000
0.000877, -0.001697, 401.000000, 401.000000, 401.000000
0.000994, -0.001697, 6.557717, 49.319650, 4.963408
0.001112, -0.001697, 22.369319, 20.555095, 20.900047
0.001228, -0.001697, 386.920829, 107.234574, 376.290981
0.001345, -0.001697, 386.920829, 107.234574, 376.290981
0.001462, -0.001697, 386.920829, 107.234574, 376.290981
0.001579, -0.001697, 386.920829, 107.234574, 376.290981
0.001696, -0.001697, 158.956382, 8.735535, 7.316408
0.001813, -0.001697, 12.016192, 280.585204, 11.926563
0.001930, -0.001697, 401.000000, 401.000000, 401.000000
0.002048, -0.001697, 401.000000, 401.000000, 401.000000
0.002164, -0.001697, 343.809446, 26.396477, 30.546815
0.002282, -0.001697, 251.180110, 251.180110, 349.799510
0.002398, -0.001697, 401.000000, 401.000000, 401.000000
0.002515, -0.001697, 401.000000, 401.000000, 401.000000
0.002632, -0.001697, 401.000000, 401.000000, 401.000000
0.002749, -0.001697, 401.000000, 401.000000, 401.000000
0.002866, -0.001697, 401.000000, 401.000000, 401.000000
0.002983, -0.001697, 2.918693, 18.858246, 3.595651
0.003101, -0.001697, 401.000000, 401.000000, 401.000000
0.003217, -0.001697, 401.000000, 401.000000, 401.000000
0.003335, -0.001697, 401.000000, 401.000000, 401.000000
0.003451, -0.001697, 401.000000, 401.000000, 401.000000
0.003569, -0.001697, 401.000000, 401.000000, 401.000000
0.003685, -0.001697, 1.741678, 3.796865, 1.845541
0.003802, -0.001697, 1.500000, 1.500000, 1.500000
0.003919, -0.001697, 1.500000, 1.500000, 1.500000
0.004037, -0.001697, 1.500000, 1.500000, 1.500000
0.004153, -0.001697, 1.500000, 1.500000, 1.500000
0.004270, -0.001697, 2.121366, 2.407302, 1.969196
0.004388, -0.001697, 27.772761, 7.364771, 9.348169
0.004504, -0.001697, 55.518922, 14.120213, 7.342851
0.004622, -0.001697, 1.523653, 1.551536, 1.544596
0.004738, -0.001697, 7.675620, 4.861490, 4.801508
0.004856, -0.001697, 74.139869, 5.441524, 6.149168
0.004972, -0.001697, 23.874625, 4.637065, 5.021286
0.005090, -0.001697, 2.856515, 3.028521, 2.495586
0.005206, -0.001697, 36.511800, 6.878223, 8.500352
0.005324, -0.001697, 6.632588, 4.523384, 3.582269
0.005440, -0.001697, 1.827612, 1.969846, 1.802168
0.005557, -0.001697, 12.063017, 5.816591, 6.387222
0.005675, -0.001697, 7.198000, 4.244776, 3.849042
0.005791, -0.001697, 1.500000, 1.500000, 1.500000
-0.005791, -0.001580, 1.506766, 1.517182, 1.521107
-0.005674, -0.001580, 30.892215, 274.330932, 57.430055
-0.005557, -0.001580, 401.000000, 401.000000, 401.000000
-0.005441, -0.001580, 8.602510, 100.595066, 16.376406
-0.005324, -0.001580, 295.728369, 350.230446, 106.071166
-0.005207, -0.001580, 401.000000, 401.000000, 401.000000
-0.005089, -0.001580, 300.377940, 345.460695, 104.728014
-0.004972, -0.001580, 401.000000, 401.000000, 401.000000
-0.004855, -0.001580, 203.943731, 292.409018, 42.251491
-0.004738, -0.001580, 55.224811, 13.387190, 30.639066
-0.004621, -0.001580, 62.233523, 8.718116, 7.215126
-0.004504, -0.001580, 33.856114, 73.315307, 41.132400
-0.004387, -0.001580, 401.000000, 401.000000, 401.000000
-0.004270, -0.001580, 7.802203, 37.275764, 8.818477
-0.004154, -0.001580, 9.013554, 22.634086, 12.956291
-0.004036, -0.001580, 401.000000, 401.000000, 401.000000
-0.003920, -0.001580, 279.455886, 184.615952, 207.051180
-0.003803, -0.001580, 400.878471, 400.897968, 400.921335
-0.003686, -0.001580, 401.000000, 401.000000, 401.000000
-0.003569, -0.001580, 401.000000, 401.000000, 401.000000
-0.003452, -0.001580, 401.000000, 401.000000, 401.000000
-0.003335, -0.001580, 20.326681, 221.736293, 49.262451
-0.003218, -0.001580, 5.179715, 53.440136, 7.744845
-0.003101, -0.001580, 23.468748, 248.884934, 65.172320
-0.002984, -0.001580, 401.000000, 401.000000, 401.000000
-0.002867, -0.001580, 401.000000, 401.000000, 401.000000
-0.002750, -0.001580, 401.000000, 401.000000, 401.000000
-0.002633, -0.001580, 2.932841, 10.962906, 3.472752
-0.002516, -0.001580, 210.698061, 210.698061, 309.395471
-0.002399, -0.001580, 401.000000, 401.000000, 401.000000
-0.002282, -0.001580, 400.954532, 400.938577, 400.963944
-0.002165, -0.001580, 2.840156, 4.425005, 2.753003
-0.002048, -0.001580, 1.500000, 1.500000, 1.500000
-0.001931, -0.001580, 1.585693, 1.585693, 1.566934
-0.001814, -0.001580, 7.428682, 7.428682, 5.992858
-0.001697, -0.001580, 401.000000, 401.000000, 401.000000
-0.001580, -0.001580, 401.000000, 401.000000, 401.000000
-0.001463, -0.001580, 401.000000, 401.000000, 401.000000
-0.001345, -0.001580, 401.000000, 401.000000, 401.000000
-0.001228, -0.001580, 401.000000, 401.000000, 401.000000
-0.001112, -0.001580, 401.000000, 401.000000, 401.000000
-0.000995, -0.001580, 1.745489, 4.641479, 1.933890
-0.000878, -0.001580, 121.057515, 387.236496, 172.530507
-0.000761, -0.001580, 401.000000, 401.000000, 401.000000
-0.000644, -0.001580, 401.000000, 401.000000, 401.000000
-0.000527, -0.001580, 401.000000, 401.000000, 401.000000
-0.000410, -0.001580, 401.000000, 401.000000, 401.000000
-0.000293, -0.001580, 7.342108, 60.838881, 9.008794
-0.000176, -0.001580, 3.314736, 12.949974, 3.713148
-0.000058, -0.001580, 401.000000, 401.000000, 401.000000
0.000058, -0.001580, 401.000000, 401.000000, 401.000000
0.000175, -0.001580, 401.000000, 401.000000, 401.000000
0.000292, -0.001580, 401.000000, 401.000000, 401.000000
0.000409, -0.001580, 401.000000, 401.000000, 401.000000
0.000526, -0.001580, 401.000000, 401.000000, 401.000000
0.000643, -0.001580, 401.000000, 401.000000, 401.000000
0.000760, -0.001580, 401.000000, 401.000000, 401.000000
0.000877, -0.001580, 401.000000, 401.000000, 401.000000
0.000994, -0.001580, 4.130605, 33.504879, 5.635007
0.001112, -0.001580, 401.000000, 401.000000, 401.000000
0.001228, -0.001580, 401.000000, 401.000000, 401.000000
0.001345, -0.001580, 401.000000, 401.000000, 401.000000
0.001462, -0.001580, 401.000000, 401.000000, 401.000000
0.001579, -0.001580, 401.000000, 401.000000, 401.000000
0.001696, -0.001580, 401.000000, 401.000000, 401.000000
0.001813, -0.001580, 4.899930, 10.882151, 4.993567
0.001930, -0.001580, 327.452488, 399.044770, 390.690880
0.002048, -0.001580, 401.000000, 401.000000, 401.000000
0.002164, -0.001580, 401.000000, 401.000000, 401.000000
0.002282, -0.001580, 401.000000, 401.000000, 401.000000
0.002398, -0.001580, 401.000000, 401.000000, 401.000000
0.002515, -0.001580, 401.000000, 401.000000, 401.000000
0.002632, -0.001580, 401.000000, 401.000000, 401.000000
0.002749, -0.001580, 401.000000, 401.000000, 401.000000
0.002866, -0.001580, 401.000000, 401.000000, 401.000000
0.002983, -0.001580, 2.918693, 18.858246, 3.595651
0.003101, -0.001580, 401.000000, 401.000000, 401.000000
0.003217, -0.001580, 401.000000, 401.000000, 401.000000
0.003335, -0.001580, 393.884485, 393.707342, 333.246326
0.003451, -0.001580, 401.000000, 401.000000, 401.000000
0.003569, -0.001580, 401.000000, 401.000000, 401.000000
0.003685, -0.001580, 1.741678, 3.796865, 1.845541
0.003802, -0.001580, 1.500000, 1.500000, 1.500000
0.003919, -0.001580, 1.500000, 1.500000, 1.500000
0.004037, -0.001580, 1.500000, 1.500000, 1.500000
0.004153, -0.001580, 1.500000, 1.500000, 1.500000
0.004270, -0.001580, 2.973629, 10.578356, 3.214557
0.004388, -0.001580, 401.000000, 401.000000, 401.000000
0.004504, -0.001580, 5.499014, 46.084847, 6.251328
0.004622, -0.001580, 1.630713, 2.027630, 1.690442
0.004738, -0.001580, 196.868400, 394.363621, 301.798218
0.004856, -0.001580, 398.811054, 398.811054, 389.013797
0.004972, -0.001580, 165.613977, 6.623780, 6.062600
0.005090, -0.001580, 5.579034, 33.176500, 7.339773
0.005206, -0.001580, 401.000000, 401.000000, 401.000000
0.005324, -0.001580, 3.314618, 12.927181, 3.609376
0.005440, -0.001580, 2.157084, 4.923296, 2.269993
0.005557, -0.001580, 401.000000, 401.000000, 401.000000
0.005675, -0.001580, 267.811803, 274.330932, 57.430055
0.005791, -0.001580, 1.505584, 1.517182, 1.521107
-0.005791, -0.001463, 1.616200, 1.725457, 1.613659
-0.005674, -0.001463, 8.726673, 3.973519, 4.258869
-0.005557, -0.001463, 77.063471, 9.085407, 15.604750
-0.005441, -0.001463, 48.215071, 50.657879, 63.322336
-0.005324, -0.001463, 401.000000, 401.000000, 401.000000
-0.005207, -0.001463, 353.663584, 302.994634, 105.664689
-0.005089, -0.001463, 401.000000, 401.000000, 401.000000
-0.004972, -0.001463, 401.000000, 401.000000, 401.000000
-0.004855, -0.001463, 259.903024, 84.950892, 56.954014
-0.004738, -0.001463, 95.574568, 11.842684, 20.430697
-0.004621, -0.001463, 5.036044, 5.374605, 4.366187
-0.004504, -0.001463, 46.925014, 6.825262, 8.319109
-0.004387, -0.001463, 41.892503, 5.062133, 7.926933
-0.004270, -0.001463, 14.220861, 4.069842, 5.458329
-0.004154, -0.001463, 80.932444, 8.264651, 14.497689
-0.004036, -0.001463, 102.029976, 133.602671, 27.973993
-0.003920, -0.001463, 280.949472, 144.834636, 53.589370
-0.003803, -0.001463, 401.000000, 401.000000, 401.000000
-0.003686, -0.001463, 401.000000, 401.000000, 401.000000
-0.003569, -0.001463, 267.879845, 274.091717, 11.273034
-0.003452, -0.001463, 8.233341, 163.147405, 5.261391
-0.003335, -0.001463, 20.326681, 221.736293, 49.262451
-0.003218, -0.001463, 5.179715, 53.440136, 7.744845
-0.003101, -0.001463, 23.468748, 248.884934, 65.172320
-0.002984, -0.001463, 331.093347, 331.093347, 25.462350
-0.002867, -0.001463, 14.148625, 163.030274, 6.070230
-0.002750, -0.001463, 401.000000, 401.000000, 401.000000
-0.002633, -0.001463, 3.046281, 20.751685, 3.796671
-0.002516, -0.001463, 401.000000, 401.000000, 401.000000
-0.002399, -0.001463, 401.000000, 401.000000, 401.000000
-0.002282, -0.001463, 401.000000, 401.000000, 401.000000
-0.002165, -0.001463, 282.029617, 16.072508, 13.179517
-0.002048, -0.001463, 1.812854, 1.878279, 1.738119
-0.001931, -0.001463, 2.105116, 5.275968, 2.257611
-0.001814, -0.001463, 401.000000, 401.000000, 401.000000
-0.001697, -0.001463, 401.000000, 401.000000, 401.000000
-0.001580, -0.001463, 401.000000, 401.000000, 401.000000
-0.001463, -0.001463, 401.000000, 401.000000, 401.000000
-0.001345, -0.001463, 401.000000, 401.000000, 401.000000
-0.001228, -0.001463, 401.000000, 401.000000, 401.000000
-0.001112, -0.001463, 401.000000, 401.000000, 401.000000
-0.000995, -0.001463, 188.843877, 7.439456, 6.002883
-0.000878, -0.001463, 3.450239, 2.648573, 2.479760
-0.000761, -0.001463, 11.443568, 3.275916, 3.581648
-0.000644, -0.001463, 23.149398, 5.457982, 6.525119
-0.000527, -0.001463, 8.383630, 4.799080, 4.375651
-0.000410, -0.001463, 11.466265, 3.110760, 3.459928
-0.000293, -0.001463, 2.864915, 2.846138, 2.459600
-0.000176, -0.001463, 20.137509, 20.178129, 18.521862
-0.000058, -0.001463, 401.000000, 401.000000, 401.000000
0.000058, -0.001463, 401.000000, 401.000000, 401.000000
0.000175, -0.001463, 197.877509, 115.247160, 5.302030
0.000292, -0.001463, 35.581136, 348.665423, 36.612559
0.000409, -0.001463, 401.000000, 401.000000, 401.000000
0.000526, -0.001463, 296.853303, 296.853303, 15.369495
0.000643, -0.001463, 10.646175, 194.602505, 6.655806
0.000760, -0.001463, 401.000000, 401.000000, 401.000000
0.000877, -0.001463, 401.000000, 401.000000, 401.000000
0.000994, -0.001463, 4.380766, 34.480064, 5.534173
0.001112, -0.001463, 401.000000, 401.000000, 401.000000
0.001228, -0.001463, 401.000000, 401.000000, 401.000000
0.001345, -0.001463, 401.000000, 401.000000, 401.000000
0.001462, -0.001463, 401.000000, 401.000000, 401.000000
0.001579, -0.001463, 401.000000, 401.000000, 401.000000
0.001696, -0.001463, 401.000000, 401.000000, 401.000000
0.001813, -0.001463, 319.359022, 22.537420, 21.120223
0.001930, -0.001463, 6.573213, 6.313630, 5.138285
0.002048, -0.001463, 96.489777, 10.283825, 15.307604
0.002164, -0.001463, 96.489777, 10.283825, 15.307604
0.002282, -0.001463, 96.489777, 10.283825, 15.307604
0.002398, -0.001463, 97.241300, 185.052732, 21.285592
0.002515, -0.001463, 401.000000, 401.000000, 401.000000
0.002632, -0.001463, 401.000000, 401.000000, 401.000000
0.002749, -0.001463, 401.000000, 401.000000, 401.000000
0.002866, -0.001463, 401.000000, 401.000000, 401.000000
0.002983, -0.001463, 2.918693, 18.858246, 3.595651
0.003101, -0.001463, 401.000000, 401.000000, 401.000000
0.003217, -0.001463, 400.964708, 400.964688, 400.968332
0.003335, -0.001463, 2.922972, 9.302856, 2.467080
0.003451, -0.001463, 18.662565, 311.662504, 19.240037
0.003569, -0.001463, 401.000000, 401.000000, 401.000000
0.003685, -0.001463, 1.741678, 3.796865, 1.845541
0.003802, -0.001463, 1.500000, 1.500000, 1.500000
0.003919, -0.001463, 1.500000, 1.500000, 1.500000
0.004037, -0.001463, 1.500000, 1.500000, 1.500000
0.004153, -0.001463, 1.500000, 1.500000, 1.500000
0.004270, -0.001463, 1.668379, 1.633180, 1.616708
0.004388, -0.001463, 6.747765, 2.642542, 2.841703
0.004504, -0.001463, 1.888481, 1.826120, 1.785237
0.004622, -0.001463, 1.500000, 1.500000, 1.500000
0.004738, -0.001463, 3.466563, 2.299020, 2.268502
0.004856, -0.001463, 3.760135, 2.376022, 2.365812
0.004972, -0.001463, 2.085120, 2.085120, 1.855748
0.005090, -0.001463, 20.974605, 28.315084, 4.344418
0.005206, -0.001463, 10.130579, 2.761711, 2.990517
0.005324, -0.001463, 1.750329, 1.748668, 1.712639
0.005440, -0.001463, 7.958457, 11.560150, 7.735914
0.005557, -0.001463, 283.784206, 311.092331, 14.945644
0.005675, -0.001463, 2.608404, 2.165890, 2.098616
0.005791, -0.001463, 1.500000, 1.500000, 1.500000
-0.005791, -0.001345, 1.783451, 3.973591, 1.892714
-0.005674, -0.001345, 401.000000, 401.000000, 401.000000
-0.005557, -0.001345, 401.000000, 401.000000, 401.000000
-0.005441, -0.001345, 401.000000, 401.000000, 401.000000
-0.005324, -0.001345, 401.000000, 401.000000, 401.000000
-0.005207, -0.001345, 353.821044, 303.646203, 103.878179
-0.005089, -0.001345, 401.000000, 401.000000, 401.000000
-0.004972, -0.001345, 401.000000, 401.000000, 401.000000
-0.004855, -0.001345, 235.501987, 215.761928, 56.324193
-0.004738, -0.001345, 271.478795, 230.172168, 53.878242
-0.004621, -0.001345, 69.252499, 12.705949, 11.649930
-0.004504, -0.001345, 6.412944, 4.553985, 4.263086
-0.004387, -0.001345, 31.813791, 6.254181, 11.775201
-0.004270, -0.001345, 33.472033, 317.998185, 40.753745
-0.004154, -0.001345, 401.000000, 401.000000, 401.000000
-0.004036, -0.001345, 401.000000, 401.000000, 401.000000
-0.003920, -0.001345, 401.000000, 401.000000, 401.000000
-0.003803, -0.001345, 394.363353, 394.253583, 342.989983
-0.003686, -0.001345, 401.000000, 401.000000, 401.000000
-0.003569, -0.001345, 303.133111, 18.457057, 16.723638
-0.003452, -0.001345, 11.280740, 7.985680, 6.891127
-0.003335, -0.001345, 20.326681, 221.736293, 49.262451
-0.003218, -0.001345, 5.179715, 53.440136, 7.744845
-0.003101, -0.001345, 23.468748, 248.884934, 65.172320
-0.002984, -0.001345, 297.656861, 19.168653, 15.750419
-0.002867, -0.001345, 9.578296, 5.512746, 4.594944
-0.002750, -0.001345, 401.000000, 401.000000, 401.000000
-0.002633, -0.001345, 3.046281, 20.751685, 3.796671
-0.002516, -0.001345, 401.000000, 401.000000, 401.000000
-0.002399, -0.001345, 401.000000, 401.000000, 401.000000
-0.002282, -0.001345, 313.924108, 242.696214, 18.609912
-0.002165, -0.001345, 366.238391, 399.852945, 398.362101
-0.002048, -0.001345, 281.907166, 14.778570, 12.945909
-0.001931, -0.001345, 2.385244, 2.745212, 2.302304
-0.001814, -0.001345, 51.920172, 11.559005, 17.354158
-0.001697, -0.001345, 43.267851, 5.306860, 5.120663
-0.001580, -0.001345, 71.824852, 6.083672, 9.825778
-0.001463, -0.001345, 9.651931, 153.758772, 6.786138
-0.001345, -0.001345, 401.000000, 401.000000, 401.000000
-0.001228, -0.001345, 401.000000, 401.000000, 401.000000
-0.001112, -0.001345, 401.000000, 401.000000, 401.000000
-0.000995, -0.001345, 401.000000, 401.000000, 401.000000
-0.000878, -0.001345, 384.545097, 49.155660, 185.697008
-0.000761, -0.001345, 321.700186, 46.586885, 179.524013
-0.000644, -0.001345, 401.000000, 401.000000, 401.000000
-0.000527, -0.001345, 396.374549, 161.350694, 325.854394
-0.000410, -0.001345, 319.710967, 37.661362, 155.402208
-0.000293, -0.001345, 326.636102, 77.592367, 240.163774
-0.000176, -0.001345, 401.000000, 401.000000, 401.000000
-0.000058, -0.001345, 401.000000, 401.000000, 401.000000
0.000058, -0.001345, 401.000000, 401.000000, 401.000000
0.000175, -0.001345, 168.318416, 5.048229, 4.384081
0.000292, -0.001345, 25.516402, 27.224656, 24.707411
0.000409, -0.001345, 401.000000, 401.000000, 401.000000
0.000526, -0.001345, 271.595385, 13.889948, 11.614620
0.000643, -0.001345, 8.536977, 6.673884, 5.484437
0.000760, -0.001345, 401.000000, 401.000000, 401.000000
0.000877, -0.001345, 401.000000, 401.000000, 401.000000
0.000994, -0.001345, 248.317359, 10.662502, 10.836086
0.001112, -0.001345, 52.507574, 5.098970, 7.586382
0.001228, -0.001345, 52.507574, 5.098970, 7.586382
0.001345, -0.001345, 11.221139, 5.615369, 5.650166
0.001462, -0.001345, 376.794890, 398.816691, 397.946329
0.001579, -0.001345, 401.000000, 401.000000, 401.000000
0.001696, -0.001345, 401.000000, 401.000000, 401.000000
0.001813, -0.001345, 401.000000, 401.000000, 401.000000
0.001930, -0.001345, 344.231935, 23.378077, 25.301033
0.002048, -0.001345, 35.501737, 5.670170, 6.935331
0.002164, -0.001345, 35.501737, 5.670170, 6.935331
0.002282, -0.001345, 35.501737, 5.670170, 6.935331
0.002398, -0.001345, 33.275304, 4.887055, 4.976959
0.002515, -0.001345, 7.732804, 167.122869, 6.283109
0.002632, -0.001345, 401.000000, 401.000000, 401.000000
0.002749, -0.001345, 401.000000, 401.000000, 401.000000
0.002866, -0.001345, 401.000000, 401.000000, 401.000000
0.002983, -0.001345, 2.918693, 18.858246, 3.595651
0.003101, -0.001345, 401.000000, 401.000000, 401.000000
0.003217, -0.001345, 401.000000, 401.000000, 401.000000
0.003335, -0.001345, 346.359085, 31.913697, 37.878128
0.003451, -0.001345, 401.000000, 401.000000, 401.000000
0.003569, -0.001345, 401.000000, 401.000000, 401.000000
0.003685, -0.001345, 1.741678, 3.796865, 1.845541
0.003802, -0.001345, 1.500000, 1.500000, 1.500000
0.003919, -0.001345, 1.500000, 1.500000, 1.500000
0.004037, -0.001345, 1.500000, 1.500000, 1.500000
0.004153, -0.001345, 1.500000, 1.500000, 1.500000
0.004270, -0.001345, 1.500000, 1.500000, 1.500000
0.004388, -0.001345, 1.500000, 1.500000, 1.500000
0.004504, -0.001345, 1.500000, 1.500000, 1.500000
0.004622, -0.001345, 1.500000, 1.500000, 1.500000
0.004738, -0.001345, 1.500000, 1.500000, 1.500000
0.004856, -0.001345, 2.085120, 2.085120, 1.855748
0.004972, -0.001345, 18.936435, 18.936435, 3.506833
0.005090, -0.001345, 1.803898, 1.735466, 1.693150
0.005206, -0.001345, 6.240754, 2.365103, 2.526380
0.005324, -0.001345, 2.071863, 2.813216, 2.136369
0.005440, -0.001345, 249.789498, 389.967258, 269.480533
0.005557, -0.001345, 2.305433, 3.312045, 2.181103
0.005675, -0.001345, 1.500000, 1.500000, 1.500000
0.005791, -0.001345, 1.500000, 1.500000, 1.500000
-0.005791, -0.001228, 1.783451, 3.973591, 1.892714
-0.005674, -0.001228, 401.000000, 401.000000, 401.000000
-0.005557, -0.001228, 187.316840, 81.989469, 4.931760
-0.005441, -0.001228, 37.462057, 351.304750, 39.018407
-0.005324, -0.001228, 264.075085, 356.034598, 105.705287
-0.005207, -0.001228, 401.000000, 401.000000, 401.000000
-0.005089, -0.001228, 278.804100, 353.653595, 104.871356
-0.004972, -0.001228, 225.351435, 337.824538, 45.750222
-0.004855, -0.001228, 397.299836, 393.189861, 399.445118
-0.004738, -0.001228, 381.557629, 215.708513, 306.258904
-0.004621, -0.001228, 317.586846, 384.476472, 238.682998
-0.004504, -0.001228, 6.942853, 34.930617, 11.159296
-0.004387, -0.001228, 401.000000, 401.000000, 401.000000
-0.004270, -0.001228, 12.518510, 138.528123, 26.050570
-0.004154, -0.001228, 401.000000, 401.000000, 401.000000
-0.004036, -0.001228, 401.000000, 401.000000, 401.000000
-0.003920, -0.001228, 393.351242, 393.486188, 327.343676
-0.003803, -0.001228, 2.786480, 2.751241, 2.322453
-0.003686, -0.001228, 32.827090, 345.465767, 39.240379
-0.003569, -0.001228, 401.000000, 401.000000, 401.000000
-0.003452, -0.001228, 401.000000, 401.000000, 401.000000
-0.003335, -0.001228, 20.326681, 221.736293, 49.262451
-0.003218, -0.001228, 5.179715, 53.440136, 7.744845
-0.003101, -0.001228, 23.468748, 248.884934, 65.172320
-0.002984, -0.001228, 401.000000, 401.000000, 401.000000
-0.002867, -0.001228, 401.000000, 401.000000, 401.000000
-0.002750, -0.001228, 401.000000, 401.000000, 401.000000
-0.002633, -0.001228, 3.046281, 20.751685, 3.796671
-0.002516, -0.001228, 401.000000, 401.000000, 401.000000
-0.002399, -0.001228, 401.000000, 401.000000, 401.000000
-0.002282, -0.001228, 28.201937, 5.572964, 2.702919
-0.002165, -0.001228, 17.182176, 240.671351, 17.570126
-0.002048, -0.001228, 401.000000, 401.000000, 401.000000
-0.001931, -0.001228, 359.121824, 22.287006, 31.597043
-0.001814, -0.001228, 88.602302, 9.714480, 14.115751
-0.001697, -0.001228, 91.336783, 32.848578, 45.805915
-0.001580, -0.001228, 401.000000, 401.000000, 401.000000
-0.001463, -0.001228, 12.242927, 10.363686, 8.348146
-0.001345, -0.001228, 8.057286, 288.963762, 8.928035
-0.001228, -0.001228, 401.000000, 401.000000, 401.000000
-0.001112, -0.001228, 401.000000, 401.000000, 401.000000
-0.000995, -0.001228, 401.000000, 401.000000, 401.000000
-0.000878, -0.001228, 401.000000, 401.000000, 401.000000
-0.000761, -0.001228, 401.000000, 401.000000, 401.000000
-0.000644, -0.001228, 401.000000, 401.000000, 401.000000
-0.000527, -0.001228, 401.000000, 401.000000, 401.000000
-0.000410, -0.001228, 401.000000, 401.000000, 401.000000
-0.000293, -0.001228, 401.000000, 401.000000, 401.000000
-0.000176, -0.001228, 401.000000, 401.000000, 401.000000
-0.000058, -0.001228, 401.000000, 401.000000, 401.000000
0.000058, -0.001228, 401.000000, 401.000000, 401.000000
0.000175, -0.001228, 401.000000, 401.000000, 401.000000
0.000292, -0.001228, 401.000000, 401.000000, 401.000000
0.000409, -0.001228, 401.000000, 401.000000, 401.000000
0.000526, -0.001228, 401.000000, 401.000000, 401.000000
0.000643, -0.001228, 401.000000, 401.000000, 401.000000
0.000760, -0.001228, 401.000000, 401.000000, 401.000000
0.000877, -0.001228, 401.000000, 401.000000, 401.000000
0.000994, -0.001228, 401.000000, 401.000000, 401.000000
0.001112, -0.001228, 401.000000, 401.000000, 401.000000
0.001228, -0.001228, 401.000000, 401.000000, 401.000000
0.001345, -0.001228, 5.699135, 35.894275, 6.988767
0.001462, -0.001228, 357.310186, 394.918826, 393.884092
0.001579, -0.001228, 401.000000, 401.000000, 401.000000
0.001696, -0.001228, 401.000000, 401.000000, 401.000000
0.001813, -0.001228, 401.000000, 401.000000, 401.000000
0.001930, -0.001228, 401.000000, 401.000000, 401.000000
0.002048, -0.001228, 401.000000, 401.000000, 401.000000
0.002164, -0.001228, 401.000000, 401.000000, 401.000000
0.002282, -0.001228, 401.000000, 401.000000, 401.000000
0.002398, -0.001228, 401.000000, 401.000000, 401.000000
0.002515, -0.001228, 10.053629, 8.485199, 6.676167
0.002632, -0.001228, 13.815031, 342.079371, 19.929795
0.002749, -0.001228, 401.000000, 401.000000, 401.000000
0.002866, -0.001228, 401.000000, 401.000000, 401.000000
0.002983, -0.001228, 2.918693, 18.858246, 3.595651
0.003101, -0.001228, 401.000000, 401.000000, 401.000000
0.003217, -0.001228, 401.000000, 401.000000, 401.000000
0.003335, -0.001228, 401.000000, 401.000000, 401.000000
0.003451, -0.001228, 401.000000, 401.000000, 401.000000
0.003569, -0.001228, 401.000000, 401.000000, 401.000000
0.003685, -0.001228, 1.741678, 3.796865, 1.845541
0.003802, -0.001228, 1.500000, 1.500000, 1.500000
0.003919, -0.001228, 1.500000, 1.500000, 1.500000
0.004037, -0.001228, 1.500000, 1.500000, 1.500000
0.004153, -0.001228, 1.500000, 1.500000, 1.500000
0.004270, -0.001228, 1.500000, 1.500000, 1.500000
0.004388, -0.001228, 1.500000, 1.500000, 1.500000
0.004504, -0.001228, 1.500000, 1.500000, 1.500000
0.004622, -0.001228, 1.500000, 1.500000, 1.500000
0.004738, -0.001228, 1.500000, 1.500000, 1.500000
0.004856, -0.001228, 5.616509, 19.242333, 3.778940
0.004972, -0.001228, 1.509520, 1.509520, 1.517193
0.005090, -0.001228, 4.265109, 11.128921, 4.721677
0.005206, -0.001228, 401.000000, 401.000000, 401.000000
0.005324, -0.001228, 3.263549, 7.759471, 3.502544
0.005440, -0.001228, 2.050048, 1.607615, 1.671885
0.005557, -0.001228, 1.500000, 1.500000, 1.500000
0.005675, -0.001228, 1.500000, 1.500000, 1.500000
0.005791, -0.001228, 1.500000, 1.500000, 1.500000
-0.005791, -0.001112, 1.783451, 3.973591, 1.892714
-0.005674, -0.001112, 400.999226, 400.999225, 400.999228
-0.005557, -0.001112, 172.471777, 5.067525, 4.477948
-0.005441, -0.001112, 31.638588, 32.072156, 31.758784
-0.005324, -0.001112, 400.692656, 400.577363, 400.798766
-0.005207, -0.001112, 353.142988, 317.301577, 111.389898
-0.005089, -0.001112, 400.689661, 400.550412, 400.798474
-0.004972, -0.001112, 10.391831, 126.235830, 20.958050
-0.004855, -0.001112, 391.150153, 386.031151, 190.989772
-0.004738, -0.001112, 147.164473, 241.498829, 83.737142
-0.004621, -0.001112, 32.927050, 84.518773, 30.640610
-0.004504, -0.001112, 19.258930, 43.373188, 26.829590
-0.004387, -0.001112, 344.519222, 273.106664, 38.190263
-0.004270, -0.001112, 17.652349, 31.163969, 26.442522
-0.004154, -0.001112, 401.000000, 401.000000, 401.000000
-0.004036, -0.001112, 401.000000, 401.000000, 401.000000
-0.003920, -0.001112, 401.000000, 401.000000, 401.000000
-0.003803, -0.001112, 343.327857, 31.409346, 37.086872
-0.003686, -0.001112, 401.000000, 401.000000, 401.000000
-0.003569, -0.001112, 296.433478, 264.553634, 15.989909
-0.003452, -0.001112, 401.000000, 401.000000, 401.000000
-0.003335, -0.001112, 20.326681, 221.736293, 49.262451
-0.003218, -0.001112, 5.179715, 53.440136, 7.744845
-0.003101, -0.001112, 23.468748, 248.884934, 65.172320
-0.002984, -0.001112, 395.448377, 395.448377, 324.380148
-0.002867, -0.001112, 142.549166, 365.902840, 82.775671
-0.002750, -0.001112, 401.000000, 401.000000, 401.000000
-0.002633, -0.001112, 3.046281, 20.751685, 3.796671
-0.002516, -0.001112, 401.000000, 401.000000, 401.000000
-0.002399, -0.001112, 401.000000, 401.000000, 401.000000
-0.002282, -0.001112, 400.996924, 400.996903, 400.996959
-0.002165, -0.001112, 401.000000, 401.000000, 401.000000
-0.002048, -0.001112, 401.000000, 401.000000, 401.000000
-0.001931, -0.001112, 401.000000, 401.000000, 401.000000
-0.001814, -0.001112, 401.000000, 401.000000, 401.000000
-0.001697, -0.001112, 401.000000, 401.000000, 401.000000
-0.001580, -0.001112, 401.000000, 401.000000, 401.000000
-0.001463, -0.001112, 392.353971, 236.588006, 282.453699
-0.001345, -0.001112, 6.275797, 6.357055, 5.224089
-0.001228, -0.001112, 37.294209, 350.966927, 38.809080
-0.001112, -0.001112, 401.000000, 401.000000, 401.000000
-0.000995, -0.001112, 401.000000, 401.000000, 401.000000
-0.000878, -0.001112, 401.000000, 401.000000, 401.000000
-0.000761, -0.001112, 401.000000, 401.000000, 401.000000
-0.000644, -0.001112, 367.458961, 349.558727, 58.817884
-0.000527, -0.001112, 251.180110, 396.634176, 349.799510
-0.000410, -0.001112, 401.000000, 401.000000, 401.000000
-0.000293, -0.001112, 401.000000, 401.000000, 401.000000
-0.000176, -0.001112, 355.871366, 351.341866, 59.329353
-0.000058, -0.001112, 401.000000, 401.000000, 401.000000
0.000058, -0.001112, 401.000000, 401.000000, 401.000000
0.000175, -0.001112, 361.300905, 351.341866, 59.329353
0.000292, -0.001112, 401.000000, 401.000000, 401.000000
0.000409, -0.001112, 401.000000, 401.000000, 401.000000
0.000526, -0.001112, 396.634176, 396.634176, 349.799510
0.000643, -0.001112, 159.616498, 349.558727, 58.817884
0.000760, -0.001112, 401.000000, 401.000000, 401.000000
0.000877, -0.001112, 401.000000, 401.000000, 401.000000
0.000994, -0.001112, 359.202131, 354.855789, 59.927226
0.001112, -0.001112, 401.000000, 401.000000, 401.000000
0.001228, -0.001112, 401.000000, 401.000000, 401.000000
0.001345, -0.001112, 5.699135, 35.894275, 6.988767
0.001462, -0.001112, 388.285911, 397.309488, 396.758415
0.001579, -0.001112, 401.000000, 401.000000, 401.000000
0.001696, -0.001112, 401.000000, 401.000000, 401.000000
0.001813, -0.001112, 357.672378, 354.226688, 60.309276
0.001930, -0.001112, 401.000000, 401.000000, 401.000000
0.002048, -0.001112, 401.000000, 401.000000, 401.000000
0.002164, -0.001112, 364.077261, 331.349709, 59.894669
0.002282, -0.001112, 395.320165, 400.573389, 400.635078
0.002398, -0.001112, 401.000000, 401.000000, 401.000000
0.002515, -0.001112, 17.899047, 196.540563, 38.683213
0.002632, -0.001112, 9.760463, 89.466048, 14.237710
0.002749, -0.001112, 401.000000, 401.000000, 401.000000
0.002866, -0.001112, 401.000000, 401.000000, 401.000000
0.002983, -0.001112, 2.918693, 18.858246, 3.595651
0.003101, -0.001112, 401.000000, 401.000000, 401.000000
0.003217, -0.001112, 401.000000, 401.000000, 401.000000
0.003335, -0.001112, 377.284437, 375.946442, 125.951331
0.003451, -0.001112, 401.000000, 401.000000, 401.000000
0.003569, -0.001112, 401.000000, 401.000000, 401.000000
0.003685, -0.001112, 1.741678, 3.796865, 1.845541
0.003802, -0.001112, 1.500000, 1.500000, 1.500000
0.003919, -0.001112, 1.500000, 1.500000, 1.500000
0.004037, -0.001112, 1.500000, 1.500000, 1.500000
0.004153, -0.001112, 1.500000, 1.500000, 1.500000
0.004270, -0.001112, 1.500000, 1.500000, 1.500000
0.004388, -0.001112, 1.500000, 1.500000, 1.500000
0.004504, -0.001112, 1.500000, 1.500000, 1.500000
0.004622, -0.001112, 1.500000, 1.500000, 1.500000
0.004738, -0.001112, 1.819857, 2.411551, 1.821720
0.004856, -0.001112, 43.645045, 22.022486, 21.300927
0.004972, -0.001112, 1.701583, 2.168133, 1.734574
0.005090, -0.001112, 2.878621, 3.246705, 2.534670
0.005206, -0.001112, 60.109472, 10.355772, 13.794072
0.005324, -0.001112, 2.342437, 2.670249, 2.194192
0.005440, -0.001112, 1.500000, 1.500000, 1.500000
0.005557, -0.001112, 1.500000, 1.500000, 1.500000
0.005675, -0.001112, 1.500000, 1.500000, 1.500000
0.005791, -0.001112, 1.500000, 1.500000, 1.500000
-0.005791, -0.000995, 1.750659, 2.327458, 1.815655
-0.005674, -0.000995, 67.432694, 8.183717, 11.130325
-0.005557, -0.000995, 76.836738, 213.189996, 26.325120
-0.005441, -0.000995, 401.000000, 401.000000, 401.000000
-0.005324, -0.000995, 401.000000, 401.000000, 401.000000
-0.005207, -0.000995, 357.570769, 158.098138, 73.982491
-0.005089, -0.000995, 401.000000, 401.000000, 401.000000
-0.004972, -0.000995, 366.165054, 41.660447, 61.044559
-0.004855, -0.000995, 104.356998, 10.338413, 17.510025
-0.004738, -0.000995, 127.684652, 119.034619, 71.650628
-0.004621, -0.000995, 258.266950, 61.820791, 52.487476
-0.004504, -0.000995, 90.336112, 11.909915, 24.448181
-0.004387, -0.000995, 19.069117, 24.642230, 27.688607
-0.004270, -0.000995, 401.000000, 401.000000, 401.000000
-0.004154, -0.000995, 401.000000, 401.000000, 401.000000
-0.004036, -0.000995, 392.674256, 373.908093, 217.625524
-0.003920, -0.000995, 171.538108, 363.169240, 90.401119
-0.003803, -0.000995, 401.000000, 401.000000, 401.000000
-0.003686, -0.000995, 376.679789, 377.603764, 134.779519
-0.003569, -0.000995, 10.578654, 2.618592, 2.476578
-0.003452, -0.000995, 59.144248, 366.744512, 85.522167
-0.003335, -0.000995, 20.326681, 221.736293, 49.262451
-0.003218, -0.000995, 5.179715, 53.440136, 7.744845
-0.003101, -0.000995, 23.468748, 248.884934, 65.172320
-0.002984, -0.000995, 7.396030, 105.216797, 5.780546
-0.002867, -0.000995, 3.777283, 24.160964, 3.433245
-0.002750, -0.000995, 401.000000, 401.000000, 401.000000
-0.002633, -0.000995, 3.046281, 20.751685, 3.796671
-0.002516, -0.000995, 401.000000, 401.000000, 401.000000
-0.002399, -0.000995, 401.000000, 401.000000, 401.000000
-0.002282, -0.000995, 401.000000, 401.000000, 401.000000
-0.002165, -0.000995, 348.710003, 344.170852, 33.719196
-0.002048, -0.000995, 26.131252, 4.795063, 5.678544
-0.001931, -0.000995, 26.188726, 6.573377, 6.577844
-0.001814, -0.000995, 311.322550, 398.545519, 384.929502
-0.001697, -0.000995, 401.000000, 401.000000, 401.000000
-0.001580, -0.000995, 401.000000, 401.000000, 401.000000
-0.001463, -0.000995, 401.000000, 401.000000, 401.000000
-0.001345, -0.000995, 392.151031, 169.524729, 252.604867
-0.001228, -0.000995, 77.858667, 4.911563, 5.355977
-0.001112, -0.000995, 7.026834, 7.440837, 4.970660
-0.000995, -0.000995, 367.572506, 399.899914, 398.558839
-0.000878, -0.000995, 401.000000, 401.000000, 401.000000
-0.000761, -0.000995, 401.000000, 401.000000, 401.000000
-0.000644, -0.000995, 3.496995, 16.649214, 3.160751
-0.000527, -0.000995, 7.572693, 122.587790, 6.745611
-0.000410, -0.000995, 401.000000, 401.000000, 401.000000
-0.000293, -0.000995, 258.141950, 290.679952, 15.427896
-0.000176, -0.000995, 2.674257, 8.335924, 2.505464
-0.000058, -0.000995, 401.000000, 401.000000, 401.000000
0.000058, -0.000995, 401.000000, 401.000000, 401.000000
0.000175, -0.000995, 2.751697, 8.335924, 2.505464
0.000292, -0.000995, 15.569717, 290.679952, 15.427896
0.000409, -0.000995, 401.000000, 401.000000, 401.000000
0.000526, -0.000995, 32.744678, 122.587790, 6.745611
0.000643, -0.000995, 3.463624, 16.649214, 3.160751
0.000760, -0.000995, 401.000000, 401.000000, 401.000000
0.000877, -0.000995, 385.146590, 385.562258, 204.341149
0.000994, -0.000995, 2.513220, 2.477557, 2.241399
0.001112, -0.000995, 45.295213, 358.404807, 59.927226
0.001228, -0.000995, 401.000000, 401.000000, 401.000000
0.001345, -0.000995, 5.699135, 35.894275, 6.988767
0.001462, -0.000995, 388.285911, 397.309488, 396.758415
0.001579, -0.000995, 401.000000, 401.000000, 401.000000
0.001696, -0.000995, 322.146682, 332.338424, 30.705351
0.001813, -0.000995, 2.515686, 2.840006, 2.317902
0.001930, -0.000995, 285.817049, 397.227009, 383.932081
0.002048, -0.000995, 401.000000, 401.000000, 401.000000
0.002164, -0.000995, 3.071584, 12.068901, 2.815090
0.002282, -0.000995, 10.042170, 233.619751, 9.199608
0.002398, -0.000995, 401.000000, 401.000000, 401.000000
0.002515, -0.000995, 17.898833, 196.384148, 38.681869
0.002632, -0.000995, 9.760463, 89.466048, 14.237710
0.002749, -0.000995, 401.000000, 401.000000, 401.000000
0.002866, -0.000995, 401.000000, 401.000000, 401.000000
0.002983, -0.000995, 2.918693, 18.858246, 3.595651
0.003101, -0.000995, 401.000000, 401.000000, 401.000000
0.003217, -0.000995, 385.659171, 386.103184, 211.279772
0.003335, -0.000995, 2.457733, 2.497049, 2.229676
0.003451, -0.000995, 44.361863, 358.183331, 58.331390
0.003569, -0.000995, 401.000000, 401.000000, 401.000000
0.003685, -0.000995, 1.741678, 3.796865, 1.845541
0.003802, -0.000995, 1.500000, 1.500000, 1.500000
0.003919, -0.000995, 1.500000, 1.500000, 1.500000
0.004037, -0.000995, 1.500000, 1.500000, 1.500000
0.004153, -0.000995, 1.500000, 1.500000, 1.500000
0.004270, -0.000995, 1.500000, 1.500000, 1.500000
0.004388, -0.000995, 1.500000, 1.500000, 1.500000
0.004504, -0.000995, 1.500000, 1.500000, 1.500000
0.004622, -0.000995, 1.500000, 1.500000, 1.500000
0.004738, -0.000995, 1.703793, 1.758284, 1.685767
0.004856, -0.000995, 12.883804, 3.799469, 4.167699
0.004972, -0.000995, 1.615495, 1.685883, 1.635293
0.005090, -0.000995, 1.500000, 1.500000, 1.500000
0.005206, -0.000995, 1.500000, 1.500000, 1.500000
0.005324, -0.000995, 1.500000, 1.500000, 1.500000
0.005440, -0.000995, 4.194947, 2.868040, 2.734704
0.005557, -0.000995, 13.498651, 3.387591, 3.804061
0.005675, -0.000995, 2.209072, 2.254754, 1.981826
0.005791, -0.000995, 1.500000, 1.500000, 1.500000
-0.005791, -0.000878, 1.500000, 1.500000, 1.500000
-0.005674, -0.000878, 7.684835, 7.288361, 6.487198
-0.005557, -0.000878, 287.301208, 17.918570, 28.559348
-0.005441, -0.000878, 13.077696, 267.329219, 20.026145
-0.005324, -0.000878, 392.144542, 396.471888, 387.330589
-0.005207, -0.000878, 386.507744, 153.154645, 333.315206
-0.005089, -0.000878, 392.268030, 396.457812, 387.568064
-0.004972, -0.000878, 270.740434, 319.338171, 35.948802
-0.004855, -0.000878, 32.683595, 19.624639, 34.467845
-0.004738, -0.000878, 252.803204, 19.229192, 34.965984
-0.004621, -0.000878, 22.442161, 337.975739, 36.971070
-0.004504, -0.000878, 360.610406, 300.119804, 67.082311
-0.004387, -0.000878, 257.786823, 222.881187, 81.999814
-0.004270, -0.000878, 401.000000, 401.000000, 401.000000
-0.004154, -0.000878, 172.875526, 179.356242, 17.677477
-0.004036, -0.000878, 202.011712, 175.777349, 253.832700
-0.003920, -0.000878, 202.615361, 64.109731, 67.053158
-0.003803, -0.000878, 103.687157, 386.819260, 150.622441
-0.003686, -0.000878, 401.000000, 401.000000, 401.000000
-0.003569, -0.000878, 401.000000, 401.000000, 401.000000
-0.003452, -0.000878, 401.000000, 401.000000, 401.000000
-0.003335, -0.000878, 20.326681, 221.736293, 49.262451
-0.003218, -0.000878, 5.179715, 53.440136, 7.744845
-0.003101, -0.000878, 23.468748, 248.884934, 65.172320
-0.002984, -0.000878, 398.748925, 320.760760, 388.388146
-0.002867, -0.000878, 236.326773, 84.989374, 137.368717
-0.002750, -0.000878, 401.000000, 401.000000, 401.000000
-0.002633, -0.000878, 3.046281, 20.751685, 3.796671
-0.002516, -0.000878, 401.000000, 401.000000, 401.000000
-0.002399, -0.000878, 401.000000, 401.000000, 401.000000
-0.002282, -0.000878, 348.481349, 382.110689, 83.720417
-0.002165, -0.000878, 4.173902, 4.173902, 3.400282
-0.002048, -0.000878, 48.444049, 15.234112, 25.494002
-0.001931, -0.000878, 139.904603, 7.606836, 7.065020
-0.001814, -0.000878, 4.646817, 5.590617, 3.555261
-0.001697, -0.000878, 311.322550, 398.545519, 384.929502
-0.001580, -0.000878, 401.000000, 401.000000, 401.000000
-0.001463, -0.000878, 401.000000, 401.000000, 401.000000
-0.001345, -0.000878, 401.000000, 401.000000, 401.000000
-0.001228, -0.000878, 401.000000, 401.000000, 401.000000
-0.001112, -0.000878, 294.593844, 16.774308, 14.963915
-0.000995, -0.000878, 6.027811, 185.015618, 6.665215
-0.000878, -0.000878, 401.000000, 401.000000, 401.000000
-0.000761, -0.000878, 401.000000, 401.000000, 401.000000
-0.000644, -0.000878, 387.561193, 117.711329, 204.886890
-0.000527, -0.000878, 400.981864, 400.981864, 400.985088
-0.000410, -0.000878, 401.000000, 401.000000, 401.000000
-0.000293, -0.000878, 401.000000, 401.000000, 401.000000
-0.000176, -0.000878, 385.235213, 118.460504, 206.108648
-0.000058, -0.000878, 401.000000, 401.000000, 401.000000
0.000058, -0.000878, 401.000000, 401.000000, 401.000000
0.000175, -0.000878, 386.004612, 118.460504, 206.108648
0.000292, -0.000878, 401.000000, 401.000000, 401.000000
0.000409, -0.000878, 401.000000, 401.000000, 401.000000
0.000526, -0.000878, 400.983500, 400.981864, 400.985088
0.000643, -0.000878, 382.228706, 117.711329, 204.886889
0.000760, -0.000878, 401.000000, 401.000000, 401.000000
0.000877, -0.000878, 401.000000, 401.000000, 401.000000
0.000994, -0.000878, 385.674087, 117.257862, 204.341149
0.001112, -0.000878, 401.000000, 401.000000, 401.000000
0.001228, -0.000878, 401.000000, 401.000000, 401.000000
0.001345, -0.000878, 5.699135, 35.894275, 6.988767
0.001462, -0.000878, 388.285911, 397.309488, 396.758415
0.001579, -0.000878, 401.000000, 401.000000, 401.000000
0.001696, -0.000878, 401.000000, 401.000000, 401.000000
0.001813, -0.000878, 385.461220, 117.424172, 204.728500
0.001930, -0.000878, 401.000000, 401.000000, 401.000000
0.002048, -0.000878, 401.000000, 401.000000, 401.000000
0.002164, -0.000878, 386.533076, 117.301151, 204.459962
0.002282, -0.000878, 401.000000, 401.000000, 401.000000
0.002398, -0.000878, 401.000000, 401.000000, 401.000000
0.002515, -0.000878, 17.898833, 196.384148, 38.681869
0.002632, -0.000878, 9.760463, 89.466048, 14.237710
0.002749, -0.000878, 401.000000, 401.000000, 401.000000
0.002866, -0.000878, 401.000000, 401.000000, 401.000000
0.002983, -0.000878, 2.918693, 18.858246, 3.595651
0.003101, -0.000878, 401.000000, 401.000000, 401.000000
0.003217, -0.000878, 401.000000, 401.000000, 401.000000
0.003335, -0.000878, 370.123520, 61.952512, 90.958717
0.003451, -0.000878, 401.000000, 401.000000, 401.000000
0.003569, -0.000878, 401.000000, 401.000000, 401.000000
0.003685, -0.000878, 1.741678, 3.796865, 1.845541
0.003802, -0.000878, 1.500000, 1.500000, 1.500000
0.003919, -0.000878, 1.500000, 1.500000, 1.500000
0.004037, -0.000878, 1.500000, 1.500000, 1.500000
0.004153, -0.000878, 1.500000, 1.500000, 1.500000
0.004270, -0.000878, 2.357931, 3.109205, 2.227830
0.004388, -0.000878, 91.810285, 23.592725, 46.574900
0.004504, -0.000878, 3.932772, 4.448387, 3.230897
0.004622, -0.000878, 1.500000, 1.500000, 1.500000
0.004738, -0.000878, 1.500000, 1.500000, 1.500000
0.004856, -0.000878, 1.500000, 1.500000, 1.500000
0.004972, -0.000878, 2.494546, 3.603339, 2.409595
0.005090, -0.000878, 94.077052, 10.568603, 14.717654
0.005206, -0.000878, 147.796039, 24.413264, 50.061048
0.005324, -0.000878, 2.543663, 3.410027, 2.392198
0.005440, -0.000878, 17.843371, 195.181250, 38.366799
0.005557, -0.000878, 401.000000, 401.000000, 401.000000
0.005675, -0.000878, 341.976862, 31.670395, 31.762249
0.005791, -0.000878, 1.566752, 2.131409, 1.619717
-0.005791, -0.000761, 1.506699, 1.516676, 1.521028
-0.005674, -0.000761, 19.359921, 328.514247, 24.063875
-0.005557, -0.000761, 401.000000, 401.000000, 401.000000
-0.005441, -0.000761, 8.189980, 89.651260, 15.611199
-0.005324, -0.000761, 287.368237, 267.806402, 105.493040
-0.005207, -0.000761, 401.000000, 401.000000, 401.000000
-0.005089, -0.000761, 301.054627, 265.784463, 105.681556
-0.004972, -0.000761, 14.827868, 69.025958, 21.466887
-0.004855, -0.000761, 78.766316, 377.790569, 99.906502
-0.004738, -0.000761, 361.660063, 368.896024, 67.380337
-0.004621, -0.000761, 14.439119, 115.457384, 34.201799
-0.004504, -0.000761, 22.420261, 120.126663, 46.946442
-0.004387, -0.000761, 263.621131, 21.990052, 20.973335
-0.004270, -0.000761, 38.571654, 4.026613, 7.664678
-0.004154, -0.000761, 20.927113, 17.419401, 11.149945
-0.004036, -0.000761, 400.988908, 400.989521, 400.990175
-0.003920, -0.000761, 252.926580, 250.970777, 224.700894
-0.003803, -0.000761, 70.083166, 119.128935, 118.830162
-0.003686, -0.000761, 401.000000, 401.000000, 401.000000
-0.003569, -0.000761, 401.000000, 401.000000, 401.000000
-0.003452, -0.000761, 401.000000, 401.000000, 401.000000
-0.003335, -0.000761, 20.326681, 221.736293, 49.262451
-0.003218, -0.000761, 5.179715, 53.440136, 7.744845
-0.003101, -0.000761, 23.468748, 248.884934, 65.172320
-0.002984, -0.000761, 401.000000, 401.000000, 401.000000
-0.002867, -0.000761, 401.000000, 401.000000, 401.000000
-0.002750, -0.000761, 401.000000, 401.000000, 401.000000
-0.002633, -0.000761, 3.046281, 20.751685, 3.796671
-0.002516, -0.000761, 401.000000, 401.000000, 401.000000
-0.002399, -0.000761, 401.000000, 401.000000, 401.000000
-0.002282, -0.000761, 14.477354, 155.325020, 26.515177
-0.002165, -0.000761, 6.159334, 37.919055, 7.691100
-0.002048, -0.000761, 401.000000, 401.000000, 401.000000
-0.001931, -0.000761, 401.000000, 401.000000, 401.000000
-0.001814, -0.000761, 2.832914, 7.798744, 3.085802
-0.001697, -0.000761, 16.130176, 217.915052, 31.814333
-0.001580, -0.000761, 401.000000, 401.000000, 401.000000
-0.001463, -0.000761, 401.000000, 401.000000, 401.000000
-0.001345, -0.000761, 401.000000, 401.000000, 401.000000
-0.001228, -0.000761, 401.000000, 401.000000, 401.000000
-0.001112, -0.000761, 401.000000, 401.000000, 401.000000
-0.000995, -0.000761, 4.781604, 46.761502, 6.912064
-0.000878, -0.000761, 401.000000, 401.000000, 401.000000
-0.000761, -0.000761, 401.000000, 401.000000, 401.000000
-0.000644, -0.000761, 401.000000, 401.000000, 401.000000
-0.000527, -0.000761, 401.000000, 401.000000, 401.000000
-0.000410, -0.000761, 401.000000, 401.000000, 401.000000
-0.000293, -0.000761, 401.000000, 401.000000, 401.000000
-0.000176, -0.000761, 401.000000, 401.000000, 401.000000
-0.000058, -0.000761, 401.000000, 401.000000, 401.000000
0.000058, -0.000761, 401.000000, 401.000000, 401.000000
0.000175, -0.000761, 401.000000, 401.000000, 401.000000
0.000292, -0.000761, 401.000000, 401.000000, 401.000000
0.000409, -0.000761, 401.000000, 401.000000, 401.000000
0.000526, -0.000761, 401.000000, 401.000000, 401.000000
0.000643, -0.000761, 401.000000, 401.000000, 401.000000
0.000760, -0.000761, 401.000000, 401.000000, 401.000000
0.000877, -0.000761, 401.000000, 401.000000, 401.000000
0.000994, -0.000761, 401.000000, 401.000000, 401.000000
0.001112, -0.000761, 401.000000, 401.000000, 401.000000
0.001228, -0.000761, 401.000000, 401.000000, 401.000000
0.001345, -0.000761, 5.699135, 35.894275, 6.988767
0.001462, -0.000761, 388.285911, 397.309488, 396.758415
0.001579, -0.000761, 401.000000, 401.000000, 401.000000
0.001696, -0.000761, 401.000000, 401.000000, 401.000000
0.001813, -0.000761, 401.000000, 401.000000, 401.000000
0.001930, -0.000761, 401.000000, 401.000000, 401.000000
0.002048, -0.000761, 401.000000, 401.000000, 401.000000
0.002164, -0.000761, 401.000000, 401.000000, 401.000000
0.002282, -0.000761, 401.000000, 401.000000, 401.000000
0.002398, -0.000761, 401.000000, 401.000000, 401.000000
0.002515, -0.000761, 21.504423, 197.233633, 47.011995
0.002632, -0.000761, 9.758870, 89.460203, 14.233266
0.002749, -0.000761, 401.000000, 401.000000, 401.000000
0.002866, -0.000761, 401.000000, 401.000000, 401.000000
0.002983, -0.000761, 2.918693, 18.858246, 3.595651
0.003101, -0.000761, 401.000000, 401.000000, 401.000000
0.003217, -0.000761, 401.000000, 401.000000, 401.000000
0.003335, -0.000761, 401.000000, 401.000000, 401.000000
0.003451, -0.000761, 401.000000, 401.000000, 401.000000
0.003569, -0.000761, 401.000000, 401.000000, 401.000000
0.003685, -0.000761, 1.741678, 3.796865, 1.845541
0.003802, -0.000761, 1.500000, 1.500000, 1.500000
0.003919, -0.000761, 1.500000, 1.500000, 1.500000
0.004037, -0.000761, 1.500000, 1.500000, 1.500000
0.004153, -0.000761, 1.500000, 1.500000, 1.500000
0.004270, -0.000761, 2.839641, 11.779852, 2.961268
0.004388, -0.000761, 401.000000, 401.000000, 401.000000
0.004504, -0.000761, 395.743538, 170.459315, 299.369874
0.004622, -0.000761, 144.726518, 5.459157, 5.788426
0.004738, -0.000761, 1.580609, 1.748348, 1.605732
0.004856, -0.000761, 1.500000, 1.500000, 1.500000
0.004972, -0.000761, 2.082913, 2.047554, 1.912416
0.005090, -0.000761, 14.611872, 223.148419, 8.856665
0.005206, -0.000761, 401.000000, 401.000000, 401.000000
0.005324, -0.000761, 3.161526, 14.691863, 3.294674
0.005440, -0.000761, 17.843371, 195.181250, 38.366799
0.005557, -0.000761, 401.000000, 401.000000, 401.000000
0.005675, -0.000761, 386.912471, 386.912471, 170.431462
0.005791, -0.000761, 1.588976, 2.066934, 1.661028
-0.005791, -0.000644, 1.500000, 1.500000, 1.500000
-0.005674, -0.000644, 2.213801, 1.857159, 1.815580
-0.005557, -0.000644, 10.303780, 3.105211, 3.322282
-0.005441, -0.000644, 7.222138, 37.544734, 9.964994
-0.005324, -0.000644, 401.000000, 401.000000, 401.000000
-0.005207, -0.000644, 353.880162, 301.303390, 107.117078
-0.005089, -0.000644, 401.000000, 401.000000, 401.000000
-0.004972, -0.000644, 400.824698, 400.523098, 400.881887
-0.004855, -0.000644, 225.141115, 11.167964, 19.026004
-0.004738, -0.000644, 35.233810, 10.332022, 17.160057
-0.004621, -0.000644, 346.758631, 354.724085, 395.892045
-0.004504, -0.000644, 245.306790, 40.094154, 59.733623
-0.004387, -0.000644, 68.619746, 22.475773, 39.108664
-0.004270, -0.000644, 400.881902, 400.884407, 400.945453
-0.004154, -0.000644, 369.468450, 45.441842, 57.006176
-0.004036, -0.000644, 100.878010, 199.974932, 82.645112
-0.003920, -0.000644, 110.141663, 34.262828, 57.372874
-0.003803, -0.000644, 401.000000, 401.000000, 401.000000
-0.003686, -0.000644, 401.000000, 401.000000, 401.000000
-0.003569, -0.000644, 300.827613, 272.240689, 17.052572
-0.003452, -0.000644, 401.000000, 401.000000, 401.000000
-0.003335, -0.000644, 20.326681, 221.736293, 49.262451
-0.003218, -0.000644, 5.179715, 53.440136, 7.744845
-0.003101, -0.000644, 23.468748, 248.884934, 65.172320
-0.002984, -0.000644, 275.088409, 291.557429, 12.951339
-0.002867, -0.000644, 7.922999, 117.322390, 4.175840
-0.002750, -0.000644, 401.000000, 401.000000, 401.000000
-0.002633, -0.000644, 3.046281, 20.751685, 3.796671
-0.002516, -0.000644, 401.000000, 401.000000, 401.000000
-0.002399, -0.000644, 401.000000, 401.000000, 401.000000
-0.002282, -0.000644, 14.477354, 155.325020, 26.515177
-0.002165, -0.000644, 6.170855, 41.474898, 7.715645
-0.002048, -0.000644, 401.000000, 401.000000, 401.000000
-0.001931, -0.000644, 401.000000, 401.000000, 401.000000
-0.001814, -0.000644, 2.868844, 9.802920, 3.161403
-0.001697, -0.000644, 15.968584, 173.522557, 31.383925
-0.001580, -0.000644, 401.000000, 401.000000, 401.000000
-0.001463, -0.000644, 194.602505, 219.608171, 6.655806
-0.001345, -0.000644, 6.673884, 190.470938, 5.484437
-0.001228, -0.000644, 401.000000, 401.000000, 401.000000
-0.001112, -0.000644, 401.000000, 401.000000, 401.000000
-0.000995, -0.000644, 4.781604, 46.761502, 6.912064
-0.000878, -0.000644, 401.000000, 401.000000, 401.000000
-0.000761, -0.000644, 401.000000, 401.000000, 401.000000
-0.000644, -0.000644, 148.975869, 148.975869, 4.480733
-0.000527, -0.000644, 10.165966, 258.137566, 9.103258
-0.000410, -0.000644, 401.000000, 401.000000, 401.000000
-0.000293, -0.000644, 297.403186, 318.827361, 18.283712
-0.000176, -0.000644, 9.018277, 63.796648, 3.594621
-0.000058, -0.000644, 401.000000, 401.000000, 401.000000
0.000058, -0.000644, 401.000000, 401.000000, 401.000000
0.000175, -0.000644, 127.609659, 63.796649, 3.594621
0.000292, -0.000644, 18.024596, 318.827361, 18.283712
0.000409, -0.000644, 401.000000, 401.000000, 401.000000
0.000526, -0.000644, 234.661212, 258.137566, 9.103258
0.000643, -0.000644, 6.607827, 148.975869, 4.480733
0.000760, -0.000644, 401.000000, 401.000000, 401.000000
0.000877, -0.000644, 376.403562, 387.561193, 204.886890
0.000994, -0.000644, 28.041186, 3.496995, 3.160751
0.001112, -0.000644, 44.223157, 367.458961, 58.817884
0.001228, -0.000644, 401.000000, 401.000000, 401.000000
0.001345, -0.000644, 5.699135, 35.894275, 6.988767
0.001462, -0.000644, 388.285911, 397.309488, 396.758415
0.001579, -0.000644, 401.000000, 401.000000, 401.000000
0.001696, -0.000644, 329.169143, 348.859424, 32.577645
0.001813, -0.000644, 12.458625, 3.959735, 3.302732
0.001930, -0.000644, 284.173831, 397.381990, 383.358654
0.002048, -0.000644, 401.000000, 401.000000, 401.000000
0.002164, -0.000644, 139.165803, 117.016189, 4.023021
0.002282, -0.000644, 12.675170, 284.778811, 11.835586
0.002398, -0.000644, 401.000000, 401.000000, 401.000000
0.002515, -0.000644, 17.898833, 196.384148, 38.681869
0.002632, -0.000644, 9.760463, 89.466048, 14.237710
0.002749, -0.000644, 401.000000, 401.000000, 401.000000
0.002866, -0.000644, 401.000000, 401.000000, 401.000000
0.002983, -0.000644, 2.918693, 18.858246, 3.595651
0.003101, -0.000644, 401.000000, 401.000000, 401.000000
0.003217, -0.000644, 401.000000, 401.000000, 401.000000
0.003335, -0.000644, 401.000000, 401.000000, 401.000000
0.003451, -0.000644, 401.000000, 401.000000, 401.000000
0.003569, -0.000644, 401.000000, 401.000000, 401.000000
0.003685, -0.000644, 1.741678, 3.796865, 1.845541
0.003802, -0.000644, 1.500000, 1.500000, 1.500000
0.003919, -0.000644, 1.500000, 1.500000, 1.500000
0.004037, -0.000644, 1.500000, 1.500000, 1.500000
0.004153, -0.000644, 1.500000, 1.500000, 1.500000
0.004270, -0.000644, 1.536707, 1.527975, 1.535058
0.004388, -0.000644, 5.427767, 2.940310, 2.980752
0.004504, -0.000644, 9.578943, 4.103632, 4.365547
0.004622, -0.000644, 33.105683, 6.498205, 7.486854
0.004738, -0.000644, 1.626671, 1.773504, 1.661424
0.004856, -0.000644, 1.500000, 1.500000, 1.500000
0.004972, -0.000644, 1.500000, 1.500000, 1.500000
0.005090, -0.000644, 1.665310, 1.592046, 1.600327
0.005206, -0.000644, 4.880235, 2.061691, 2.182623
0.005324, -0.000644, 1.550744, 1.549430, 1.554578
0.005440, -0.000644, 9.161776, 148.408437, 9.235439
0.005557, -0.000644, 383.651744, 356.272587, 169.495342
0.005675, -0.000644, 3.426223, 3.426223, 2.533705
0.005791, -0.000644, 1.500000, 1.500000, 1.500000
-0.005791, -0.000527, 1.500000, 1.500000, 1.500000
-0.005674, -0.000527, 3.416733, 2.496956, 2.361806
-0.005557, -0.000527, 14.619085, 4.216762, 4.752762
-0.005441, -0.000527, 7.633626, 49.676060, 10.557943
-0.005324, -0.000527, 284.481821, 290.584710, 52.748361
-0.005207, -0.000527, 363.082024, 247.140875, 64.160363
-0.005089, -0.000527, 112.541234, 309.925183, 154.761288
-0.004972, -0.000527, 401.000000, 401.000000, 401.000000
-0.004855, -0.000527, 393.215476, 393.215476, 273.929105
-0.004738, -0.000527, 101.654300, 281.539823, 20.373853
-0.004621, -0.000527, 401.000000, 401.000000, 401.000000
-0.004504, -0.000527, 255.548288, 191.691241, 52.245071
-0.004387, -0.000527, 260.705974, 24.513136, 42.738478
-0.004270, -0.000527, 72.322466, 251.667851, 67.646371
-0.004154, -0.000527, 225.992893, 10.158431, 13.293978
-0.004036, -0.000527, 202.391486, 263.003913, 186.172467
-0.003920, -0.000527, 145.258667, 229.139772, 56.605414
-0.003803, -0.000527, 401.000000, 401.000000, 401.000000
-0.003686, -0.000527, 376.772356, 377.677687, 134.779586
-0.003569, -0.000527, 10.053947, 2.595080, 2.452914
-0.003452, -0.000527, 59.144642, 366.899828, 85.522299
-0.003335, -0.000527, 20.326681, 221.736293, 49.262451
-0.003218, -0.000527, 5.179715, 53.440136, 7.744845
-0.003101, -0.000527, 23.468748, 248.884934, 65.172320
-0.002984, -0.000527, 343.370704, 32.408030, 32.635310
-0.002867, -0.000527, 17.305937, 8.011805, 7.294162
-0.002750, -0.000527, 401.000000, 401.000000, 401.000000
-0.002633, -0.000527, 3.046281, 20.751685, 3.796671
-0.002516, -0.000527, 401.000000, 401.000000, 401.000000
-0.002399, -0.000527, 401.000000, 401.000000, 401.000000
-0.002282, -0.000527, 14.477354, 155.325020, 26.515177
-0.002165, -0.000527, 6.170855, 41.474898, 7.715645
-0.002048, -0.000527, 401.000000, 401.000000, 401.000000
-0.001931, -0.000527, 401.000000, 401.000000, 401.000000
-0.001814, -0.000527, 2.868844, 9.802920, 3.161403
-0.001697, -0.000527, 15.968584, 173.522557, 31.383925
-0.001580, -0.000527, 401.000000, 401.000000, 401.000000
-0.001463, -0.000527, 296.853303, 17.155460, 15.369495
-0.001345, -0.000527, 13.889948, 13.373745, 11.614620
-0.001228, -0.000527, 401.000000, 401.000000, 401.000000
-0.001112, -0.000527, 401.000000, 401.000000, 401.000000
-0.000995, -0.000527, 4.781604, 46.761502, 6.912064
-0.000878, -0.000527, 401.000000, 401.000000, 401.000000
-0.000761, -0.000527, 401.000000, 401.000000, 401.000000
-0.000644, -0.000527, 258.137566, 10.165966, 9.103258
-0.000527, -0.000527, 25.505263, 25.505263, 24.454442
-0.000410, -0.000527, 401.000000, 401.000000, 401.000000
-0.000293, -0.000527, 371.830253, 63.848579, 76.294434
-0.000176, -0.000527, 31.647232, 7.812469, 7.277724
-0.000058, -0.000527, 401.000000, 401.000000, 401.000000
0.000058, -0.000527, 401.000000, 401.000000, 401.000000
0.000175, -0.000527, 237.990395, 7.812469, 7.277724
0.000292, -0.000527, 63.848579, 63.848579, 76.294434
0.000409, -0.000527, 401.000000, 401.000000, 401.000000
0.000526, -0.000527, 328.458608, 25.505263, 24.454442
0.000643, -0.000527, 15.202977, 10.165966, 9.103258
0.000760, -0.000527, 401.000000, 401.000000, 401.000000
0.000877, -0.000527, 400.983500, 400.981864, 400.985088
0.000994, -0.000527, 221.939744, 7.572693, 6.745611
0.001112, -0.000527, 251.180110, 251.180110, 349.799510
0.001228, -0.000527, 401.000000, 401.000000, 401.000000
0.001345, -0.000527, 5.699135, 35.894275, 6.988767
0.001462, -0.000527, 388.285911, 397.309488, 396.758415
0.001579, -0.000527, 401.000000, 401.000000, 401.000000
0.001696, -0.000527, 388.733802, 132.228856, 191.894506
0.001813, -0.000527, 63.670333, 7.495551, 6.834676
0.001930, -0.000527, 401.000000, 401.000000, 401.000000
0.002048, -0.000527, 401.000000, 401.000000, 401.000000
0.002164, -0.000527, 248.555842, 8.753867, 8.062698
0.002282, -0.000527, 35.581136, 35.581136, 36.612559
0.002398, -0.000527, 401.000000, 401.000000, 401.000000
0.002515, -0.000527, 17.898833, 196.384148, 38.681869
0.002632, -0.000527, 9.760463, 89.466048, 14.237710
0.002749, -0.000527, 401.000000, 401.000000, 401.000000
0.002866, -0.000527, 401.000000, 401.000000, 401.000000
0.002983, -0.000527, 2.918693, 18.858246, 3.595651
0.003101, -0.000527, 401.000000, 401.000000, 401.000000
0.003217, -0.000527, 401.000000, 401.000000, 401.000000
0.003335, -0.000527, 401.000000, 401.000000, 401.000000
0.003451, -0.000527, 401.000000, 401.000000, 401.000000
0.003569, -0.000527, 401.000000, 401.000000, 401.000000
0.003685, -0.000527, 1.741678, 3.796865, 1.845541
0.003802, -0.000527, 1.500000, 1.500000, 1.500000
0.003919, -0.000527, 3.118944, 2.410838, 2.254921
0.004037, -0.000527, 12.938825, 3.013596, 3.175917
0.004153, -0.000527, 1.552232, 1.567736, 1.555510
0.004270, -0.000527, 1.793239, 1.793239, 1.689424
0.004388, -0.000527, 11.853617, 21.749769, 11.635766
0.004504, -0.000527, 5.378898, 27.207825, 6.113916
0.004622, -0.000527, 1.500000, 1.500000, 1.500000
0.004738, -0.000527, 4.201201, 2.692941, 2.638448
0.004856, -0.000527, 12.996413, 2.784263, 2.775218
0.004972, -0.000527, 1.501490, 1.502101, 1.506369
0.005090, -0.000527, 2.123027, 2.022234, 1.857790
0.005206, -0.000527, 10.491994, 3.176748, 3.473743
0.005324, -0.000527, 1.811064, 1.872994, 1.738023
0.005440, -0.000527, 1.536707, 1.536707, 1.535058
0.005557, -0.000527, 5.696900, 2.950823, 3.059333
0.005675, -0.000527, 3.249291, 2.496956, 2.361806
0.005791, -0.000527, 1.500000, 1.500000, 1.500000
-0.005791, -0.000410, 1.506785, 1.517309, 1.521102
-0.005674, -0.000410, 35.984103, 133.233075, 81.503869
-0.005557, -0.000410, 401.000000, 401.000000, 401.000000
-0.005441, -0.000410, 7.892164, 104.323971, 14.664448
-0.005324, -0.000410, 257.531018, 334.578084, 188.899119
-0.005207, -0.000410, 401.000000, 401.000000, 401.000000
-0.005089, -0.000410, 95.912792, 274.151413, 23.950504
-0.004972, -0.000410, 401.000000, 401.000000, 401.000000
-0.004855, -0.000410, 188.765662, 94.548971, 10.207617
-0.004738, -0.000410, 4.020743, 7.509138, 2.993644
-0.004621, -0.000410, 401.000000, 401.000000, 401.000000
-0.004504, -0.000410, 28.957960, 172.796022, 75.726927
-0.004387, -0.000410, 401.000000, 401.000000, 401.000000
-0.004270, -0.000410, 5.040064, 12.325293, 6.246483
-0.004154, -0.000410, 79.310122, 42.925939, 80.233499
-0.004036, -0.000410, 401.000000, 401.000000, 401.000000
-0.003920, -0.000410, 146.737734, 335.267570, 107.152427
-0.003803, -0.000410, 46.417067, 372.024804, 78.860023
-0.003686, -0.000410, 401.000000, 401.000000, 401.000000
-0.003569, -0.000410, 401.000000, 401.000000, 401.000000
-0.003452, -0.000410, 401.000000, 401.000000, 401.000000
-0.003335, -0.000410, 20.326681, 221.736293, 49.262451
-0.003218, -0.000410, 5.179715, 53.440136, 7.744845
-0.003101, -0.000410, 23.468748, 248.884934, 65.172320
-0.002984, -0.000410, 401.000000, 401.000000, 401.000000
-0.002867, -0.000410, 401.000000, 401.000000, 401.000000
-0.002750, -0.000410, 401.000000, 401.000000, 401.000000
-0.002633, -0.000410, 3.046281, 20.751685, 3.796671
-0.002516, -0.000410, 401.000000, 401.000000, 401.000000
-0.002399, -0.000410, 401.000000, 401.000000, 401.000000
-0.002282, -0.000410, 14.477354, 155.325020, 26.515177
-0.002165, -0.000410, 6.170855, 41.474898, 7.715645
-0.002048, -0.000410, 401.000000, 401.000000, 401.000000
-0.001931, -0.000410, 401.000000, 401.000000, 401.000000
-0.001814, -0.000410, 2.868844, 9.802920, 3.161403
-0.001697, -0.000410, 15.968584, 173.522557, 31.383925
-0.001580, -0.000410, 401.000000, 401.000000, 401.000000
-0.001463, -0.000410, 401.000000, 401.000000, 401.000000
-0.001345, -0.000410, 401.000000, 401.000000, 401.000000
-0.001228, -0.000410, 401.000000, 401.000000, 401.000000
-0.001112, -0.000410, 401.000000, 401.000000, 401.000000
-0.000995, -0.000410, 4.998995, 43.919785, 5.946583
-0.000878, -0.000410, 401.000000, 401.000000, 401.000000
-0.000761, -0.000410, 401.000000, 401.000000, 401.000000
-0.000644, -0.000410, 401.000000, 401.000000, 401.000000
-0.000527, -0.000410, 401.000000, 401.000000, 401.000000
-0.000410, -0.000410, 401.000000, 401.000000, 401.000000
-0.000293, -0.000410, 401.000000, 401.000000, 401.000000
-0.000176, -0.000410, 401.000000, 401.000000, 401.000000
-0.000058, -0.000410, 401.000000, 401.000000, 401.000000
0.000058, -0.000410, 401.000000, 401.000000, 401.000000
0.000175, -0.000410, 377.238642, 374.546129, 123.509655
0.000292, -0.000410, 401.000000, 401.000000, 401.000000
0.000409, -0.000410, 401.000000, 401.000000, 401.000000
0.000526, -0.000410, 401.000000, 401.000000, 401.000000
0.000643, -0.000410, 401.000000, 401.000000, 401.000000
0.000760, -0.000410, 401.000000, 401.000000, 401.000000
0.000877, -0.000410, 401.000000, 401.000000, 401.000000
0.000994, -0.000410, 401.000000, 401.000000, 401.000000
0.001112, -0.000410, 401.000000, 401.000000, 401.000000
0.001228, -0.000410, 401.000000, 401.000000, 401.000000
0.001345, -0.000410, 5.699135, 35.894275, 6.988767
0.001462, -0.000410, 388.285911, 397.309488, 396.758415
0.001579, -0.000410, 401.000000, 401.000000, 401.000000
0.001696, -0.000410, 401.000000, 401.000000, 401.000000
0.001813, -0.000410, 401.000000, 401.000000, 401.000000
0.001930, -0.000410, 401.000000, 401.000000, 401.000000
0.002048, -0.000410, 401.000000, 401.000000, 401.000000
0.002164, -0.000410, 401.000000, 401.000000, 401.000000
0.002282, -0.000410, 401.000000, 401.000000, 401.000000
0.002398, -0.000410, 401.000000, 401.000000, 401.000000
0.002515, -0.000410, 17.577440, 196.125831, 37.234133
0.002632, -0.000410, 10.718665, 89.746930, 16.071297
0.002749, -0.000410, 401.000000, 401.000000, 401.000000
0.002866, -0.000410, 401.000000, 401.000000, 401.000000
0.002983, -0.000410, 2.918693, 18.858246, 3.595651
0.003101, -0.000410, 401.000000, 401.000000, 401.000000
0.003217, -0.000410, 401.000000, 401.000000, 401.000000
0.003335, -0.000410, 200.745838, 159.925240, 5.665863
0.003451, -0.000410, 18.867969, 305.238975, 17.148118
0.003569, -0.000410, 401.000000, 401.000000, 401.000000
0.003685, -0.000410, 1.741678, 3.796865, 1.845541
0.003802, -0.000410, 1.500000, 1.500000, 1.500000
0.003919, -0.000410, 22.973357, 80.356631, 43.210170
0.004037, -0.000410, 401.000000, 401.000000, 401.000000
0.004153, -0.000410, 2.134417, 4.806131, 2.263596
0.004270, -0.000410, 3.008676, 8.530291, 3.272881
0.004388, -0.000410, 401.000000, 401.000000, 401.000000
0.004504, -0.000410, 5.263643, 20.116666, 6.109306
0.004622, -0.000410, 1.637981, 2.896203, 1.707357
0.004738, -0.000410, 373.774947, 393.578746, 399.861278
0.004856, -0.000410, 401.000000, 401.000000, 401.000000
0.004972, -0.000410, 3.998616, 3.694852, 2.583469
0.005090, -0.000410, 4.524048, 15.828801, 5.163799
0.005206, -0.000410, 401.000000, 401.000000, 401.000000
0.005324, -0.000410, 3.353578, 10.163459, 3.683118
0.005440, -0.000410, 3.565358, 4.827678, 3.157989
0.005557, -0.000410, 401.000000, 401.000000, 401.000000
0.005675, -0.000410, 275.862144, 133.233075, 81.503869
0.005791, -0.000410, 1.505598, 1.517309, 1.521102
-0.005791, -0.000293, 1.539572, 1.522031, 1.530448
-0.005674, -0.000293, 8.139206, 4.281334, 4.225121
-0.005557, -0.000293, 92.613684, 8.747149, 14.716985
-0.005441, -0.000293, 19.355324, 34.137214, 27.548597
-0.005324, -0.000293, 266.022838, 141.194469, 65.684699
-0.005207, -0.000293, 309.207943, 129.931998, 32.991679
-0.005089, -0.000293, 55.090088, 10.952735, 10.054162
-0.004972, -0.000293, 22.311794, 242.364732, 22.012447
-0.004855, -0.000293, 401.000000, 401.000000, 401.000000
-0.004738, -0.000293, 400.876043, 400.825948, 400.906733
-0.004621, -0.000293, 401.000000, 401.000000, 401.000000
-0.004504, -0.000293, 189.370957, 41.026897, 52.040527
-0.004387, -0.000293, 49.091330, 11.580060, 18.558519
-0.004270, -0.000293, 7.740102, 7.093826, 6.777464
-0.004154, -0.000293, 74.566869, 7.556533, 12.791361
-0.004036, -0.000293, 75.365573, 229.093612, 71.435163
-0.003920, -0.000293, 258.772313, 151.532002, 57.106328
-0.003803, -0.000293, 401.000000, 401.000000, 401.000000
-0.003686, -0.000293, 401.000000, 401.000000, 401.000000
-0.003569, -0.000293, 401.000000, 401.000000, 401.000000
-0.003452, -0.000293, 401.000000, 401.000000, 401.000000
-0.003335, -0.000293, 20.326681, 221.736293, 49.262451
-0.003218, -0.000293, 5.179715, 53.440136, 7.744845
-0.003101, -0.000293, 23.468748, 248.884934, 65.172320
-0.002984, -0.000293, 372.504915, 372.504915, 77.781727
-0.002867, -0.000293, 38.073309, 321.451590, 24.314221
-0.002750, -0.000293, 401.000000, 401.000000, 401.000000
-0.002633, -0.000293, 3.046281, 20.751685, 3.796671
-0.002516, -0.000293, 401.000000, 401.000000, 401.000000
-0.002399, -0.000293, 401.000000, 401.000000, 401.000000
-0.002282, -0.000293, 14.477354, 155.325020, 26.515177
-0.002165, -0.000293, 6.170855, 41.474898, 7.715645
-0.002048, -0.000293, 401.000000, 401.000000, 401.000000
-0.001931, -0.000293, 401.000000, 401.000000, 401.000000
-0.001814, -0.000293, 2.868844, 9.802920, 3.161403
-0.001697, -0.000293, 15.968584, 173.522557, 31.383925
-0.001580, -0.000293, 401.000000, 401.000000, 401.000000
-0.001463, -0.000293, 348.665423, 348.665423, 36.612559
-0.001345, -0.000293, 27.224656, 328.483065, 24.707411
-0.001228, -0.000293, 401.000000, 401.000000, 401.000000
-0.001112, -0.000293, 401.000000, 401.000000, 401.000000
-0.000995, -0.000293, 277.015551, 15.208940, 13.953822
-0.000878, -0.000293, 8.576315, 8.423973, 6.772016
-0.000761, -0.000293, 152.878320, 14.368541, 26.054171
-0.000644, -0.000293, 152.878320, 14.368541, 26.054171
-0.000527, -0.000293, 154.068299, 188.198174, 34.560141
-0.000410, -0.000293, 401.000000, 401.000000, 401.000000
-0.000293, -0.000293, 401.000000, 401.000000, 401.000000
-0.000176, -0.000293, 401.000000, 401.000000, 401.000000
-0.000058, -0.000293, 401.000000, 401.000000, 401.000000
0.000058, -0.000293, 401.000000, 401.000000, 401.000000
0.000175, -0.000293, 2.639504, 9.521104, 2.444843
0.000292, -0.000293, 17.373517, 302.532513, 17.627878
0.000409, -0.000293, 401.000000, 401.000000, 401.000000
0.000526, -0.000293, 401.000000, 401.000000, 401.000000
0.000643, -0.000293, 401.000000, 401.000000, 401.000000
0.000760, -0.000293, 401.000000, 401.000000, 401.000000
0.000877, -0.000293, 401.000000, 401.000000, 401.000000
0.000994, -0.000293, 401.000000, 401.000000, 401.000000
0.001112, -0.000293, 401.000000, 401.000000, 401.000000
0.001228, -0.000293, 401.000000, 401.000000, 401.000000
0.001345, -0.000293, 5.699135, 35.894275, 6.988767
0.001462, -0.000293, 388.285911, 397.309488, 396.758415
0.001579, -0.000293, 401.000000, 401.000000, 401.000000
0.001696, -0.000293, 400.983500, 400.983500, 400.985088
0.001813, -0.000293, 285.372514, 218.728905, 15.389652
0.001930, -0.000293, 401.000000, 401.000000, 401.000000
0.002048, -0.000293, 401.000000, 401.000000, 401.000000
0.002164, -0.000293, 311.716538, 273.065556, 16.307155
0.002282, -0.000293, 107.231702, 384.793230, 148.089562
0.002398, -0.000293, 401.000000, 401.000000, 401.000000
0.002515, -0.000293, 17.898833, 196.384148, 38.681869
0.002632, -0.000293, 9.760463, 89.466048, 14.237710
0.002749, -0.000293, 401.000000, 401.000000, 401.000000
0.002866, -0.000293, 401.000000, 401.000000, 401.000000
0.002983, -0.000293, 2.918693, 18.858246, 3.595651
0.003101, -0.000293, 401.000000, 401.000000, 401.000000
0.003217, -0.000293, 401.000000, 401.000000, 401.000000
0.003335, -0.000293, 193.945792, 6.274962, 5.395785
0.003451, -0.000293, 17.755468, 17.768308, 15.989231
0.003569, -0.000293, 401.000000, 401.000000, 401.000000
0.003685, -0.000293, 1.741678, 3.796865, 1.845541
0.003802, -0.000293, 2.085120, 2.085120, 1.855748
0.003919, -0.000293, 108.868302, 126.217936, 9.778277
0.004037, -0.000293, 36.763956, 4.617168, 4.901287
0.004153, -0.000293, 1.625723, 1.657245, 1.630827
0.004270, -0.000293, 1.996374, 1.988763, 1.850282
0.004388, -0.000293, 17.082342, 4.818611, 5.508522
0.004504, -0.000293, 2.565608, 2.535482, 2.247510
0.004622, -0.000293, 1.503171, 1.504570, 1.509944
0.004738, -0.000293, 6.022477, 3.876966, 3.688752
0.004856, -0.000293, 36.340216, 159.881721, 9.488631
0.004972, -0.000293, 12.632241, 100.361652, 13.111489
0.005090, -0.000293, 2.501578, 2.406614, 2.138555
0.005206, -0.000293, 21.150598, 4.841738, 5.555465
0.005324, -0.000293, 2.050107, 2.117490, 1.930727
0.005440, -0.000293, 4.056536, 4.340947, 3.369688
0.005557, -0.000293, 58.412799, 5.677555, 6.617452
0.005675, -0.000293, 5.204935, 3.453423, 3.111322
0.005791, -0.000293, 1.500000, 1.500000, 1.500000
-0.005791, -0.000176, 1.783229, 3.960391, 1.892421
-0.005674, -0.000176, 401.000000, 401.000000, 401.000000
-0.005557, -0.000176, 401.000000, 401.000000, 401.000000
-0.005441, -0.000176, 401.000000, 401.000000, 401.000000
-0.005324, -0.000176, 401.000000, 401.000000, 401.000000
-0.005207, -0.000176, 343.193674, 185.511702, 53.470661
-0.005089, -0.000176, 252.155059, 55.490849, 67.658372
-0.004972, -0.000176, 12.254054, 6.709719, 8.096357
-0.004855, -0.000176, 16.540327, 11.800404, 14.392023
-0.004738, -0.000176, 148.246327, 330.119094, 66.309081
-0.004621, -0.000176, 401.000000, 401.000000, 401.000000
-0.004504, -0.000176, 361.836005, 345.672043, 46.940552
-0.004387, -0.000176, 170.830467, 38.606723, 76.480703
-0.004270, -0.000176, 235.296957, 146.300201, 271.001862
-0.004154, -0.000176, 401.000000, 401.000000, 401.000000
-0.004036, -0.000176, 315.984490, 94.227799, 48.988554
-0.003920, -0.000176, 133.159601, 271.103452, 49.743165
-0.003803, -0.000176, 401.000000, 401.000000, 401.000000
-0.003686, -0.000176, 400.282496, 400.282496, 400.061381
-0.003569, -0.000176, 185.061826, 8.015821, 5.545069
-0.003452, -0.000176, 129.581778, 388.177354, 187.025611
-0.003335, -0.000176, 20.326681, 221.736293, 49.262451
-0.003218, -0.000176, 5.179715, 53.440136, 7.744845
-0.003101, -0.000176, 23.468748, 248.884934, 65.172320
-0.002984, -0.000176, 129.256317, 31.550615, 6.249870
-0.002867, -0.000176, 4.484365, 11.542952, 3.703117
-0.002750, -0.000176, 401.000000, 401.000000, 401.000000
-0.002633, -0.000176, 3.046281, 20.751685, 3.796671
-0.002516, -0.000176, 401.000000, 401.000000, 401.000000
-0.002399, -0.000176, 401.000000, 401.000000, 401.000000
-0.002282, -0.000176, 14.477354, 155.325020, 26.515177
-0.002165, -0.000176, 6.170855, 41.474898, 7.715645
-0.002048, -0.000176, 401.000000, 401.000000, 401.000000
-0.001931, -0.000176, 401.000000, 401.000000, 401.000000
-0.001814, -0.000176, 2.868844, 9.802920, 3.161403
-0.001697, -0.000176, 15.968584, 173.522557, 31.383925
-0.001580, -0.000176, 401.000000, 401.000000, 401.000000
-0.001463, -0.000176, 115.247160, 17.873377, 5.302030
-0.001345, -0.000176, 5.048229, 13.036224, 4.384081
-0.001228, -0.000176, 401.000000, 401.000000, 401.000000
-0.001112, -0.000176, 401.000000, 401.000000, 401.000000
-0.000995, -0.000176, 401.000000, 401.000000, 401.000000
-0.000878, -0.000176, 363.116626, 23.804475, 36.062285
-0.000761, -0.000176, 107.356730, 11.053930, 17.053245
-0.000644, -0.000176, 107.356730, 11.053930, 17.053245
-0.000527, -0.000176, 77.734013, 5.731324, 5.057575
-0.000410, -0.000176, 7.027079, 164.238309, 5.689486
-0.000293, -0.000176, 401.000000, 401.000000, 401.000000
-0.000176, -0.000176, 401.000000, 401.000000, 401.000000
-0.000058, -0.000176, 401.000000, 401.000000, 401.000000
0.000058, -0.000176, 401.000000, 401.000000, 401.000000
0.000175, -0.000176, 371.783596, 63.502384, 94.131618
0.000292, -0.000176, 401.000000, 401.000000, 401.000000
0.000409, -0.000176, 401.000000, 401.000000, 401.000000
0.000526, -0.000176, 401.000000, 401.000000, 401.000000
0.000643, -0.000176, 351.271985, 250.818391, 24.154527
0.000760, -0.000176, 82.844919, 9.294834, 13.252736
0.000877, -0.000176, 82.844919, 9.294834, 13.252736
0.000994, -0.000176, 102.289320, 382.175054, 127.435750
0.001112, -0.000176, 401.000000, 401.000000, 401.000000
0.001228, -0.000176, 401.000000, 401.000000, 401.000000
0.001345, -0.000176, 5.621421, 35.757448, 6.821480
0.001462, -0.000176, 388.477915, 397.335773, 396.806635
0.001579, -0.000176, 401.000000, 401.000000, 401.000000
0.001696, -0.000176, 289.045072, 324.997524, 30.330393
0.001813, -0.000176, 6.779935, 2.963202, 2.585523
0.001930, -0.000176, 282.770209, 397.209451, 382.839225
0.002048, -0.000176, 401.000000, 401.000000, 401.000000
0.002164, -0.000176, 59.440796, 7.210676, 3.208969
0.002282, -0.000176, 9.936806, 53.676798, 9.530302
0.002398, -0.000176, 401.000000, 401.000000, 401.000000
0.002515, -0.000176, 17.898833, 196.384148, 38.681869
0.002632, -0.000176, 9.760463, 89.466048, 14.237710
0.002749, -0.000176, 401.000000, 401.000000, 401.000000
0.002866, -0.000176, 401.000000, 401.000000, 401.000000
0.002983, -0.000176, 2.918693, 18.858246, 3.595651
0.003101, -0.000176, 401.000000, 401.000000, 401.000000
0.003217, -0.000176, 401.000000, 401.000000, 401.000000
0.003335, -0.000176, 401.000000, 401.000000, 401.000000
0.003451, -0.000176, 401.000000, 401.000000, 401.000000
0.003569, -0.000176, 284.918746, 284.918746, 13.419543
0.003685, -0.000176, 2.268391, 2.400913, 2.064762
0.003802, -0.000176, 18.936435, 18.936435, 3.506833
0.003919, -0.000176, 1.509520, 1.509520, 1.517193
0.004037, -0.000176, 1.500000, 1.500000, 1.500000
0.004153, -0.000176, 1.500000, 1.500000, 1.500000
0.004270, -0.000176, 1.500000, 1.500000, 1.500000
0.004388, -0.000176, 3.153296, 1.683349, 1.761290
0.004504, -0.000176, 1.529251, 1.514057, 1.528210
0.004622, -0.000176, 1.500000, 1.500000, 1.500000
0.004738, -0.000176, 1.964286, 1.595081, 1.627503
0.004856, -0.000176, 1.841110, 1.616122, 1.662457
0.004972, -0.000176, 1.632938, 1.540941, 1.575883
0.005090, -0.000176, 1.528269, 1.508645, 1.519810
0.005206, -0.000176, 3.307585, 1.686761, 1.766583
0.005324, -0.000176, 1.501022, 1.501151, 1.504410
0.005440, -0.000176, 1.500000, 1.500000, 1.500000
0.005557, -0.000176, 1.500000, 1.500000, 1.500000
0.005675, -0.000176, 1.500000, 1.500000, 1.500000
0.005791, -0.000176, 1.500000, 1.500000, 1.500000
-0.005791, -0.000058, 1.783451, 3.973591, 1.892714
-0.005674, -0.000058, 401.000000, 401.000000, 401.000000
-0.005557, -0.000058, 401.000000, 401.000000, 401.000000
-0.005441, -0.000058, 401.000000, 401.000000, 401.000000
-0.005324, -0.000058, 188.202855, 257.957812, 56.786408
-0.005207, -0.000058, 401.000000, 401.000000, 401.000000
-0.005089, -0.000058, 198.143538, 286.788115, 37.442609
-0.004972, -0.000058, 394.227651, 183.156077, 282.939259
-0.004855, -0.000058, 9.003808, 26.110715, 11.840920
-0.004738, -0.000058, 167.929018, 24.550833, 60.261507
-0.004621, -0.000058, 31.675452, 360.941568, 62.612463
-0.004504, -0.000058, 3.682009, 15.839634, 3.272530
-0.004387, -0.000058, 7.203735, 83.401241, 6.456522
-0.004270, -0.000058, 401.000000, 401.000000, 401.000000
-0.004154, -0.000058, 127.389831, 254.998027, 46.614131
-0.004036, -0.000058, 83.570143, 84.651651, 130.979772
-0.003920, -0.000058, 29.802037, 59.870333, 65.763259
-0.003803, -0.000058, 45.832486, 377.209133, 70.402610
-0.003686, -0.000058, 385.830171, 335.614967, 257.331293
-0.003569, -0.000058, 47.254956, 3.973331, 3.583202
-0.003452, -0.000058, 45.402089, 78.389863, 55.472909
-0.003335, -0.000058, 20.326681, 221.736293, 49.262451
-0.003218, -0.000058, 5.801261, 53.487095, 8.063365
-0.003101, -0.000058, 17.543942, 233.268439, 27.671543
-0.002984, -0.000058, 401.000000, 401.000000, 401.000000
-0.002867, -0.000058, 400.930998, 400.918231, 400.944924
-0.002750, -0.000058, 401.000000, 401.000000, 401.000000
-0.002633, -0.000058, 3.046281, 20.751685, 3.796671
-0.002516, -0.000058, 401.000000, 401.000000, 401.000000
-0.002399, -0.000058, 401.000000, 401.000000, 401.000000
-0.002282, -0.000058, 14.477354, 155.325020, 26.515177
-0.002165, -0.000058, 6.170855, 41.474898, 7.715645
-0.002048, -0.000058, 401.000000, 401.000000, 401.000000
-0.001931, -0.000058, 401.000000, 401.000000, 401.000000
-0.001814, -0.000058, 2.868844, 9.802920, 3.161403
-0.001697, -0.000058, 15.968584, 173.522557, 31.383925
-0.001580, -0.000058, 401.000000, 401.000000, 401.000000
-0.001463, -0.000058, 401.000000, 401.000000, 401.000000
-0.001345, -0.000058, 401.000000, 401.000000, 401.000000
-0.001228, -0.000058, 401.000000, 401.000000, 401.000000
-0.001112, -0.000058, 397.724435, 397.980555, 389.611635
-0.000995, -0.000058, 53.177051, 4.092828, 3.357345
-0.000878, -0.000058, 27.927598, 347.660047, 31.693545
-0.000761, -0.000058, 401.000000, 401.000000, 401.000000
-0.000644, -0.000058, 401.000000, 401.000000, 401.000000
-0.000527, -0.000058, 401.000000, 401.000000, 401.000000
-0.000410, -0.000058, 203.915811, 6.887229, 6.011898
-0.000293, -0.000058, 35.709250, 6.180947, 9.717086
-0.000176, -0.000058, 76.680497, 6.398499, 10.777419
-0.000058, -0.000058, 76.680497, 6.398499, 10.777419
0.000058, -0.000058, 76.680497, 6.398499, 10.777419
0.000175, -0.000058, 76.680497, 6.398499, 10.777419
0.000292, -0.000058, 76.680497, 6.398499, 10.777419
0.000409, -0.000058, 76.680497, 6.398499, 10.777419
0.000526, -0.000058, 76.656212, 6.395218, 10.765954
0.000643, -0.000058, 16.281328, 11.838691, 13.600601
0.000760, -0.000058, 219.587743, 20.217440, 48.534871
0.000877, -0.000058, 218.986189, 19.979595, 46.935092
0.000994, -0.000058, 71.797185, 7.194307, 8.618435
0.001112, -0.000058, 62.958613, 5.665245, 8.887487
0.001228, -0.000058, 62.958613, 5.665245, 8.887487
0.001345, -0.000058, 16.314502, 8.476126, 8.952141
0.001462, -0.000058, 401.000000, 401.000000, 401.000000
0.001579, -0.000058, 401.000000, 401.000000, 401.000000
0.001696, -0.000058, 401.000000, 401.000000, 401.000000
0.001813, -0.000058, 401.000000, 401.000000, 401.000000
0.001930, -0.000058, 401.000000, 401.000000, 401.000000
0.002048, -0.000058, 401.000000, 401.000000, 401.000000
0.002164, -0.000058, 401.000000, 401.000000, 401.000000
0.002282, -0.000058, 401.000000, 401.000000, 401.000000
0.002398, -0.000058, 401.000000, 401.000000, 401.000000
0.002515, -0.000058, 17.898833, 196.384148, 38.681869
0.002632, -0.000058, 9.760463, 89.466048, 14.237710
0.002749, -0.000058, 401.000000, 401.000000, 401.000000
0.002866, -0.000058, 401.000000, 401.000000, 401.000000
0.002983, -0.000058, 2.918693, 18.858246, 3.595651
0.003101, -0.000058, 401.000000, 401.000000, 401.000000
0.003217, -0.000058, 401.000000, 401.000000, 401.000000
0.003335, -0.000058, 401.000000, 401.000000, 401.000000
0.003451, -0.000058, 284.964836, 291.086096, 13.502496
0.003569, -0.000058, 2.599002, 2.599002, 2.250045
0.003685, -0.000058, 18.936435, 18.936435, 3.506833
0.003802, -0.000058, 1.509520, 1.509520, 1.517193
0.003919, -0.000058, 1.500000, 1.500000, 1.500000
0.004037, -0.000058, 1.500000, 1.500000, 1.500000
0.004153, -0.000058, 1.500000, 1.500000, 1.500000
0.004270, -0.000058, 2.618824, 4.173261, 2.587778
0.004388, -0.000058, 397.120757, 397.120381, 400.733967
0.004504, -0.000058, 4.363868, 6.832485, 4.126191
0.004622, -0.000058, 1.573799, 1.845920, 1.602803
0.004738, -0.000058, 22.824805, 22.933292, 21.573664
0.004856, -0.000058, 337.401179, 29.205868, 28.776281
0.004972, -0.000058, 1.628027, 2.110285, 1.669601
0.005090, -0.000058, 3.623293, 5.996009, 3.590155
0.005206, -0.000058, 401.000000, 401.000000, 401.000000
0.005324, -0.000058, 8.770327, 5.333233, 4.538394
0.005440, -0.000058, 1.500000, 1.500000, 1.500000
0.005557, -0.000058, 1.500000, 1.500000, 1.500000
0.005675, -0.000058, 1.500000, 1.500000, 1.500000
0.005791, -0.000058, 1.500000, 1.500000, 1.500000
-0.005791, 0.000058, 1.783451, 3.973591, 1.892714
-0.005674, 0.000058, 401.000000, 401.000000, 401.000000
-0.005557, 0.000058, 401.000000, 401.000000, 401.000000
-0.005441, 0.000058, 401.000000, 401.000000, 401.000000
-0.005324, 0.000058, 187.592099, 270.679546, 55.113622
-0.005207, 0.000058, 401.000000, 401.000000, 401.000000
-0.005089, 0.000058, 325.210185, 49.825374, 36.064782
-0.004972, 0.000058, 27.165795, 22.487263, 29.354197
-0.004855, 0.000058, 228.712634, 59.329897, 96.501738
-0.004738, 0.000058, 86.334304, 20.441752, 36.023179
-0.004621, 0.000058, 72.862686, 243.338989, 199.667568
-0.004504, 0.000058, 391.852540, 162.346080, 281.920492
-0.004387, 0.000058, 388.962233, 397.559706, 371.177953
-0.004270, 0.000058, 48.731500, 13.964225, 18.604447
-0.004154, 0.000058, 4.915802, 11.476645, 5.225372
-0.004036, 0.000058, 401.000000, 401.000000, 401.000000
-0.003920, 0.000058, 27.328918, 255.092879, 48.327407
-0.003803, 0.000058, 98.787932, 168.760429, 185.643731
-0.003686, 0.000058, 401.000000, 401.000000, 401.000000
-0.003569, 0.000058, 401.000000, 401.000000, 401.000000
-0.003452, 0.000058, 401.000000, 401.000000, 401.000000
-0.003335, 0.000058, 20.326681, 221.736293, 49.262451
-0.003218, 0.000058, 4.221376, 51.093115, 3.713026
-0.003101, 0.000058, 196.763305, 9.950525, 12.323730
-0.002984, 0.000058, 29.598251, 234.545573, 33.663716
-0.002867, 0.000058, 401.000000, 401.000000, 401.000000
-0.002750, 0.000058, 401.000000, 401.000000, 401.000000
-0.002633, 0.000058, 3.046281, 20.751685, 3.796671
-0.002516, 0.000058, 401.000000, 401.000000, 401.000000
-0.002399, 0.000058, 401.000000, 401.000000, 401.000000
-0.002282, 0.000058, 14.477354, 155.325020, 26.515177
-0.002165, 0.000058, 6.170855, 41.474898, 7.715645
-0.002048, 0.000058, 401.000000, 401.000000, 401.000000
-0.001931, 0.000058, 401.000000, 401.000000, 401.000000
-0.001814, 0.000058, 2.868844, 9.802920, 3.161403
-0.001697, 0.000058, 15.968584, 173.522557, 31.383925
-0.001580, 0.000058, 401.000000, 401.000000, 401.000000
-0.001463, 0.000058, 401.000000, 401.000000, 401.000000
-0.001345, 0.000058, 401.000000, 401.000000, 401.000000
-0.001228, 0.000058, 401.000000, 401.000000, 401.000000
-0.001112, 0.000058, 401.000000, 401.000000, 401.000000
-0.000995, 0.000058, 226.887756, 7.353514, 6.707026
-0.000878, 0.000058, 120.221353, 120.221353, 170.981969
-0.000761, 0.000058, 401.000000, 401.000000, 401.000000
-0.000644, 0.000058, 401.000000, 401.000000, 401.000000
-0.000527, 0.000058, 401.000000, 401.000000, 401.000000
-0.000410, 0.000058, 401.000000, 401.000000, 401.000000
-0.000293, 0.000058, 401.000000, 401.000000, 401.000000
-0.000176, 0.000058, 401.000000, 401.000000, 401.000000
-0.000058, 0.000058, 401.000000, 401.000000, 401.000000
0.000058, 0.000058, 401.000000, 401.000000, 401.000000
0.000175, 0.000058, 401.000000, 401.000000, 401.000000
0.000292, 0.000058, 401.000000, 401.000000, 401.000000
0.000409, 0.000058, 401.000000, 401.000000, 401.000000
0.000526, 0.000058, 401.000000, 401.000000, 401.000000
0.000643, 0.000058, 401.000000, 401.000000, 401.000000
0.000760, 0.000058, 401.000000, 401.000000, 401.000000
0.000877, 0.000058, 401.000000, 401.000000, 401.000000
0.000994, 0.000058, 401.000000, 401.000000, 401.000000
0.001112, 0.000058, 401.000000, 401.000000, 401.000000
0.001228, 0.000058, 401.000000, 401.000000, 401.000000
0.001345, 0.000058, 401.000000, 401.000000, 401.000000
0.001462, 0.000058, 401.000000, 401.000000, 401.000000
0.001579, 0.000058, 401.000000, 401.000000, 401.000000
0.001696, 0.000058, 401.000000, 401.000000, 401.000000
0.001813, 0.000058, 401.000000, 401.000000, 401.000000
0.001930, 0.000058, 401.000000, 401.000000, 401.000000
0.002048, 0.000058, 401.000000, 401.000000, 401.000000
0.002164, 0.000058, 401.000000, 401.000000, 401.000000
0.002282, 0.000058, 401.000000, 401.000000, 401.000000
0.002398, 0.000058, 401.000000, 401.000000, 401.000000
0.002515, 0.000058, 17.898833, 196.384148, 38.681869
0.002632, 0.000058, 9.760463, 89.466048, 14.237710
0.002749, 0.000058, 401.000000, 401.000000, 401.000000
0.002866, 0.000058, 401.000000, 401.000000, 401.000000
0.002983, 0.000058, 2.918693, 18.858246, 3.595651
0.003101, 0.000058, 401.000000, 401.000000, 401.000000
0.003217, 0.000058, 401.000000, 401.000000, 401.000000
0.003335, 0.000058, 401.000000, 401.000000, 401.000000
0.003451, 0.000058, 3.109902, 11.456300, 3.458290
0.003569, 0.000058, 3.816782, 15.409039, 3.523794
0.003685, 0.000058, 1.509520, 1.509520, 1.517193
0.003802, 0.000058, 1.563171, 1.560352, 1.551950
0.003919, 0.000058, 4.632458, 1.984568, 2.118033
0.004037, 0.000058, 4.894496, 1.993046, 2.129646
0.004153, 0.000058, 4.893951, 1.991181, 2.127356
0.004270, 0.000058, 2.976780, 5.300545, 2.909965
0.004388, 0.000058, 397.120757, 400.665950, 400.733967
0.004504, 0.000058, 374.546035, 64.003873, 75.977270
0.004622, 0.000058, 5.290570, 3.676639, 3.000732
0.004738, 0.000058, 22.824805, 321.342165, 21.573664
0.004856, 0.000058, 401.000000, 401.000000, 401.000000
0.004972, 0.000058, 1.797594, 4.016349, 1.874248
0.005090, 0.000058, 3.623293, 27.039402, 3.590155
0.005206, 0.000058, 401.000000, 401.000000, 401.000000
0.005324, 0.000058, 10.465783, 83.686900, 5.163498
0.005440, 0.000058, 1.500000, 1.500000, 1.500000
0.005557, 0.000058, 1.500000, 1.500000, 1.500000
0.005675, 0.000058, 1.500000, 1.500000, 1.500000
0.005791, 0.000058, 1.500000, 1.500000, 1.500000
-0.005791, 0.000175, 1.734041, 2.155457, 1.784600
-0.005674, 0.000175, 38.533309, 6.194582, 7.809879
-0.005557, 0.000175, 73.180125, 9.189819, 16.254066
-0.005441, 0.000175, 237.048073, 396.888212, 345.784200
-0.005324, 0.000175, 369.717818, 296.104402, 49.482537
-0.005207, 0.000175, 216.137459, 117.822399, 45.237724
-0.005089, 0.000175, 66.006208, 17.386184, 19.199028
-0.004972, 0.000175, 25.020177, 24.000495, 31.537818
-0.004855, 0.000175, 401.000000, 401.000000, 401.000000
-0.004738, 0.000175, 401.000000, 401.000000, 401.000000
-0.004621, 0.000175, 228.403264, 248.617914, 45.311172
-0.004504, 0.000175, 61.022954, 17.042810, 36.455673
-0.004387, 0.000175, 69.770266, 372.288842, 88.264702
-0.004270, 0.000175, 22.360352, 14.955057, 17.836553
-0.004154, 0.000175, 42.517394, 31.126926, 6.716372
-0.004036, 0.000175, 15.172178, 6.803164, 7.821647
-0.003920, 0.000175, 10.614492, 20.890196, 13.621597
-0.003803, 0.000175, 401.000000, 401.000000, 401.000000
-0.003686, 0.000175, 385.178729, 330.774093, 128.542194
-0.003569, 0.000175, 239.828749, 22.653693, 59.886273
-0.003452, 0.000175, 239.828749, 22.653693, 59.886273
-0.003335, 0.000175, 13.669434, 14.306256, 14.694060
-0.003218, 0.000175, 17.130372, 17.062177, 8.267552
-0.003101, 0.000175, 25.447292, 258.616009, 21.321502
-0.002984, 0.000175, 11.389912, 45.919916, 21.103492
-0.002867, 0.000175, 401.000000, 401.000000, 401.000000
-0.002750, 0.000175, 401.000000, 401.000000, 401.000000
-0.002633, 0.000175, 3.046281, 20.751685, 3.796671
-0.002516, 0.000175, 401.000000, 401.000000, 401.000000
-0.002399, 0.000175, 401.000000, 401.000000, 401.000000
-0.002282, 0.000175, 14.477354, 155.325020, 26.515177
-0.002165, 0.000175, 6.170855, 41.474898, 7.715645
-0.002048, 0.000175, 401.000000, 401.000000, 401.000000
-0.001931, 0.000175, 401.000000, 401.000000, 401.000000
-0.001814, 0.000175, 2.868844, 9.802920, 3.161403
-0.001697, 0.000175, 15.968584, 173.522557, 31.383925
-0.001580, 0.000175, 401.000000, 401.000000, 401.000000
-0.001463, 0.000175, 115.247160, 197.877509, 5.302030
-0.001345, 0.000175, 5.048229, 168.318416, 4.384081
-0.001228, 0.000175, 401.000000, 401.000000, 401.000000
-0.001112, 0.000175, 401.000000, 401.000000, 401.000000
-0.000995, 0.000175, 401.000000, 401.000000, 401.000000
-0.000878, 0.000175, 389.708516, 317.186242, 212.269478
-0.000761, 0.000175, 311.340043, 34.871082, 139.027089
-0.000644, 0.000175, 326.982562, 34.330340, 136.448113
-0.000527, 0.000175, 311.249659, 34.209893, 135.841825
-0.000410, 0.000175, 311.249659, 34.209893, 135.841825
-0.000293, 0.000175, 311.249659, 34.209893, 135.841825
-0.000176, 0.000175, 311.249659, 34.209893, 135.841825
-0.000058, 0.000175, 311.249659, 34.209893, 135.841825
0.000058, 0.000175, 311.249659, 34.209893, 135.841825
0.000175, 0.000175, 311.249659, 34.209893, 135.841825
0.000292, 0.000175, 311.249659, 34.209893, 135.841825
0.000409, 0.000175, 311.249659, 34.209893, 135.841825
0.000526, 0.000175, 311.249659, 34.209893, 135.841825
0.000643, 0.000175, 311.249659, 34.209893, 135.841825
0.000760, 0.000175, 311.249659, 34.209893, 135.841825
0.000877, 0.000175, 311.249659, 34.209893, 135.841825
0.000994, 0.000175, 311.249659, 34.209893, 135.841825
0.001112, 0.000175, 311.249659, 34.209893, 135.841825
0.001228, 0.000175, 311.249659, 34.209893, 135.841825
0.001345, 0.000175, 317.776056, 323.108410, 217.133183
0.001462, 0.000175, 401.000000, 401.000000, 401.000000
0.001579, 0.000175, 401.000000, 401.000000, 401.000000
0.001696, 0.000175, 289.045072, 338.914335, 30.330393
0.001813, 0.000175, 6.779935, 3.278687, 2.585523
0.001930, 0.000175, 282.770209, 397.257179, 382.839225
0.002048, 0.000175, 401.000000, 401.000000, 401.000000
0.002164, 0.000175, 59.440796, 98.400140, 3.208969
0.002282, 0.000175, 9.936806, 266.556718, 9.530302
0.002398, 0.000175, 401.000000, 401.000000, 401.000000
0.002515, 0.000175, 17.898833, 196.384148, 38.681869
0.002632, 0.000175, 9.760463, 89.466048, 14.237710
0.002749, 0.000175, 401.000000, 401.000000, 401.000000
0.002866, 0.000175, 401.000000, 401.000000, 401.000000
0.002983, 0.000175, 2.918693, 18.858246, 3.595651
0.003101, 0.000175, 401.000000, 401.000000, 401.000000
0.003217, 0.000175, 401.000000, 401.000000, 401.000000
0.003335, 0.000175, 401.000000, 401.000000, 401.000000
0.003451, 0.000175, 3.109902, 11.456300, 3.458290
0.003569, 0.000175, 2.761720, 14.973450, 3.360752
0.003685, 0.000175, 1.563240, 1.563240, 1.552678
0.003802, 0.000175, 6.862354, 6.862354, 5.343001
0.003919, 0.000175, 65.564274, 8.816139, 13.667253
0.004037, 0.000175, 109.292624, 8.119690, 16.204492
0.004153, 0.000175, 106.959598, 8.248761, 15.349439
0.004270, 0.000175, 35.026392, 14.157651, 10.371637
0.004388, 0.000175, 20.116302, 3.090787, 3.221303
0.004504, 0.000175, 6.427168, 49.467389, 4.510846
0.004622, 0.000175, 400.162208, 372.090638, 399.358643
0.004738, 0.000175, 4.767169, 7.324689, 4.256320
0.004856, 0.000175, 48.826959, 380.265478, 91.926644
0.004972, 0.000175, 3.155977, 7.011006, 3.300811
0.005090, 0.000175, 7.278991, 3.784930, 4.009796
0.005206, 0.000175, 50.988266, 6.205522, 9.627403
0.005324, 0.000175, 20.924958, 4.250885, 4.965174
0.005440, 0.000175, 4.466728, 3.076421, 2.776314
0.005557, 0.000175, 1.500000, 1.500000, 1.500000
0.005675, 0.000175, 1.500000, 1.500000, 1.500000
0.005791, 0.000175, 1.500000, 1.500000, 1.500000
-0.005791, 0.000292, 1.500000, 1.500000, 1.500000
-0.005674, 0.000292, 4.583699, 5.248289, 3.781785
-0.005557, 0.000292, 387.500663, 122.146902, 174.401322
-0.005441, 0.000292, 8.991926, 149.208002, 14.083886
-0.005324, 0.000292, 13.997411, 17.668364, 18.392954
-0.005207, 0.000292, 179.604217, 38.773577, 30.167219
-0.005089, 0.000292, 243.797353, 298.406854, 65.910423
-0.004972, 0.000292, 400.905891, 400.869848, 400.922662
-0.004855, 0.000292, 368.154730, 337.251823, 139.877582
-0.004738, 0.000292, 159.921838, 357.016876, 204.686520
-0.004621, 0.000292, 16.323587, 53.548101, 31.580049
-0.004504, 0.000292, 143.771794, 361.618387, 120.839305
-0.004387, 0.000292, 115.248785, 45.350795, 21.918344
-0.004270, 0.000292, 260.891699, 316.142369, 99.268263
-0.004154, 0.000292, 271.549374, 21.577721, 23.936485
-0.004036, 0.000292, 6.358080, 8.545991, 5.715105
-0.003920, 0.000292, 54.576718, 381.673087, 84.151120
-0.003803, 0.000292, 322.254992, 353.507804, 29.040358
-0.003686, 0.000292, 11.076340, 8.520434, 8.931145
-0.003569, 0.000292, 80.662297, 9.145019, 12.960485
-0.003452, 0.000292, 80.662297, 9.145019, 12.960485
-0.003335, 0.000292, 76.652547, 23.262095, 10.982848
-0.003218, 0.000292, 1.901060, 1.901060, 1.793331
-0.003101, 0.000292, 9.970577, 6.624739, 6.945819
-0.002984, 0.000292, 158.037092, 57.238494, 111.109077
-0.002867, 0.000292, 401.000000, 401.000000, 401.000000
-0.002750, 0.000292, 401.000000, 401.000000, 401.000000
-0.002633, 0.000292, 3.046281, 20.751685, 3.796671
-0.002516, 0.000292, 401.000000, 401.000000, 401.000000
-0.002399, 0.000292, 401.000000, 401.000000, 401.000000
-0.002282, 0.000292, 14.477354, 155.325020, 26.515177
-0.002165, 0.000292, 6.170855, 41.474898, 7.715645
-0.002048, 0.000292, 401.000000, 401.000000, 401.000000
-0.001931, 0.000292, 401.000000, 401.000000, 401.000000
-0.001814, 0.000292, 2.868844, 9.802920, 3.161403
-0.001697, 0.000292, 15.968584, 173.522557, 31.383925
-0.001580, 0.000292, 401.000000, 401.000000, 401.000000
-0.001463, 0.000292, 348.665423, 35.581136, 36.612559
-0.001345, 0.000292, 27.224656, 25.516402, 24.707411
-0.001228, 0.000292, 401.000000, 401.000000, 401.000000
-0.001112, 0.000292, 401.000000, 401.000000, 401.000000
-0.000995, 0.000292, 298.780150, 298.780150, 22.244477
-0.000878, 0.000292, 12.161742, 7.965444, 8.690119
-0.000761, 0.000292, 61.553504, 7.749110, 10.338735
-0.000644, 0.000292, 61.553504, 7.749110, 10.338735
-0.000527, 0.000292, 61.553504, 7.749110, 10.338735
-0.000410, 0.000292, 61.553504, 7.749110, 10.338735
-0.000293, 0.000292, 61.553504, 7.749110, 10.338735
-0.000176, 0.000292, 61.553504, 7.749110, 10.338735
-0.000058, 0.000292, 61.553504, 7.749110, 10.338735
0.000058, 0.000292, 61.553504, 7.749110, 10.338735
0.000175, 0.000292, 61.553504, 7.749110, 10.338735
0.000292, 0.000292, 61.553504, 7.749110, 10.338735
0.000409, 0.000292, 61.553504, 7.749110, 10.338735
0.000526, 0.000292, 61.553504, 7.749110, 10.338735
0.000643, 0.000292, 61.553504, 7.749110, 10.338735
0.000760, 0.000292, 61.553504, 7.749110, 10.338735
0.000877, 0.000292, 61.553504, 7.749110, 10.338735
0.000994, 0.000292, 61.553504, 7.749110, 10.338735
0.001112, 0.000292, 61.553504, 7.749110, 10.338735
0.001228, 0.000292, 61.553538, 7.749121, 10.338760
0.001345, 0.000292, 7.328359, 7.909447, 6.972191
0.001462, 0.000292, 69.715872, 389.600622, 215.770519
0.001579, 0.000292, 401.000000, 401.000000, 401.000000
0.001696, 0.000292, 400.983500, 400.981864, 400.985088
0.001813, 0.000292, 285.372514, 15.539787, 15.389652
0.001930, 0.000292, 401.000000, 401.000000, 401.000000
0.002048, 0.000292, 401.000000, 401.000000, 401.000000
0.002164, 0.000292, 311.716538, 15.773974, 16.307155
0.002282, 0.000292, 107.231702, 107.231702, 148.089562
0.002398, 0.000292, 401.000000, 401.000000, 401.000000
0.002515, 0.000292, 17.898833, 196.384148, 38.681869
0.002632, 0.000292, 9.760463, 89.466048, 14.237710
0.002749, 0.000292, 401.000000, 401.000000, 401.000000
0.002866, 0.000292, 401.000000, 401.000000, 401.000000
0.002983, 0.000292, 2.918693, 18.858246, 3.595651
0.003101, 0.000292, 401.000000, 401.000000, 401.000000
0.003217, 0.000292, 401.000000, 401.000000, 401.000000
0.003335, 0.000292, 401.000000, 401.000000, 401.000000
0.003451, 0.000292, 3.109902, 11.456300, 3.458290
0.003569, 0.000292, 2.791297, 14.977089, 3.390629
0.003685, 0.000292, 2.551510, 5.938276, 2.731651
0.003802, 0.000292, 9.207729, 58.541634, 12.403457
0.003919, 0.000292, 230.066812, 231.105283, 61.959290
0.004037, 0.000292, 346.605016, 244.864413, 73.410213
0.004153, 0.000292, 296.082702, 395.480371, 388.438736
0.004270, 0.000292, 303.436005, 16.155421, 23.731980
0.004388, 0.000292, 19.698224, 9.045526, 13.411685
0.004504, 0.000292, 75.565273, 6.301608, 5.955092
0.004622, 0.000292, 18.162246, 5.519669, 6.231414
0.004738, 0.000292, 9.350131, 3.319710, 3.320593
0.004856, 0.000292, 8.001542, 2.822450, 3.206651
0.004972, 0.000292, 10.560293, 10.155167, 8.323268
0.005090, 0.000292, 23.869420, 5.394002, 4.630986
0.005206, 0.000292, 51.105828, 6.216909, 9.642690
0.005324, 0.000292, 4.826264, 2.565726, 2.270002
0.005440, 0.000292, 5.059538, 148.903522, 4.194526
0.005557, 0.000292, 195.771151, 6.811723, 8.143967
0.005675, 0.000292, 5.204935, 3.384082, 3.111322
0.005791, 0.000292, 1.500000, 1.500000, 1.500000
-0.005791, 0.000409, 1.506785, 1.517237, 1.521102
-0.005674, 0.000409, 35.984103, 211.445560, 81.503869
-0.005557, 0.000409, 401.000000, 401.000000, 401.000000
-0.005441, 0.000409, 7.462975, 81.965384, 13.068148
-0.005324, 0.000409, 66.253368, 105.608802, 26.624570
-0.005207, 0.000409, 401.000000, 401.000000, 401.000000
-0.005089, 0.000409, 260.143350, 187.718930, 189.383187
-0.004972, 0.000409, 311.817209, 352.588597, 105.947327
-0.004855, 0.000409, 401.000000, 401.000000, 401.000000
-0.004738, 0.000409, 401.000000, 401.000000, 401.000000
-0.004621, 0.000409, 272.643202, 176.360928, 94.112567
-0.004504, 0.000409, 67.699171, 52.614977, 26.657017
-0.004387, 0.000409, 401.000000, 401.000000, 401.000000
-0.004270, 0.000409, 270.734286, 108.364621, 88.415147
-0.004154, 0.000409, 401.000000, 401.000000, 401.000000
-0.004036, 0.000409, 5.843339, 66.416132, 12.311733
-0.003920, 0.000409, 12.135072, 123.297943, 19.811879
-0.003803, 0.000409, 6.719878, 48.217611, 8.591158
-0.003686, 0.000409, 106.134576, 385.391897, 373.144561
-0.003569, 0.000409, 401.000000, 401.000000, 401.000000
-0.003452, 0.000409, 401.000000, 401.000000, 401.000000
-0.003335, 0.000409, 2.825582, 9.914081, 3.108538
-0.003218, 0.000409, 1.500000, 1.500000, 1.500000
-0.003101, 0.000409, 361.423560, 394.884491, 393.388813
-0.002984, 0.000409, 401.000000, 401.000000, 401.000000
-0.002867, 0.000409, 401.000000, 401.000000, 401.000000
-0.002750, 0.000409, 401.000000, 401.000000, 401.000000
-0.002633, 0.000409, 3.046281, 20.751685, 3.796671
-0.002516, 0.000409, 401.000000, 401.000000, 401.000000
-0.002399, 0.000409, 401.000000, 401.000000, 401.000000
-0.002282, 0.000409, 14.477354, 155.325020, 26.515177
-0.002165, 0.000409, 6.170855, 41.474898, 7.715645
-0.002048, 0.000409, 401.000000, 401.000000, 401.000000
-0.001931, 0.000409, 401.000000, 401.000000, 401.000000
-0.001814, 0.000409, 2.868844, 9.802920, 3.161403
-0.001697, 0.000409, 15.968584, 173.522557, 31.383925
-0.001580, 0.000409, 401.000000, 401.000000, 401.000000
-0.001463, 0.000409, 401.000000, 401.000000, 401.000000
-0.001345, 0.000409, 401.000000, 401.000000, 401.000000
-0.001228, 0.000409, 401.000000, 401.000000, 401.000000
-0.001112, 0.000409, 401.000000, 401.000000, 401.000000
-0.000995, 0.000409, 6.968622, 47.205288, 9.486042
-0.000878, 0.000409, 401.000000, 401.000000, 401.000000
-0.000761, 0.000409, 401.000000, 401.000000, 401.000000
-0.000644, 0.000409, 401.000000, 401.000000, 401.000000
-0.000527, 0.000409, 401.000000, 401.000000, 401.000000
-0.000410, 0.000409, 401.000000, 401.000000, 401.000000
-0.000293, 0.000409, 401.000000, 401.000000, 401.000000
-0.000176, 0.000409, 401.000000, 401.000000, 401.000000
-0.000058, 0.000409, 401.000000, 401.000000, 401.000000
0.000058, 0.000409, 401.000000, 401.000000, 401.000000
0.000175, 0.000409, 401.000000, 401.000000, 401.000000
0.000292, 0.000409, 401.000000, 401.000000, 401.000000
0.000409, 0.000409, 401.000000, 401.000000, 401.000000
0.000526, 0.000409, 401.000000, 401.000000, 401.000000
0.000643, 0.000409, 401.000000, 401.000000, 401.000000
0.000760, 0.000409, 401.000000, 401.000000, 401.000000
0.000877, 0.000409, 401.000000, 401.000000, 401.000000
0.000994, 0.000409, 401.000000, 401.000000, 401.000000
0.001112, 0.000409, 401.000000, 401.000000, 401.000000
0.001228, 0.000409, 401.000000, 401.000000, 401.000000
0.001345, 0.000409, 7.757230, 61.729736, 10.359266
0.001462, 0.000409, 34.117143, 309.884458, 134.589592
0.001579, 0.000409, 401.000000, 401.000000, 401.000000
0.001696, 0.000409, 401.000000, 401.000000, 401.000000
0.001813, 0.000409, 401.000000, 401.000000, 401.000000
0.001930, 0.000409, 401.000000, 401.000000, 401.000000
0.002048, 0.000409, 401.000000, 401.000000, 401.000000
0.002164, 0.000409, 401.000000, 401.000000, 401.000000
0.002282, 0.000409, 401.000000, 401.000000, 401.000000
0.002398, 0.000409, 401.000000, 401.000000, 401.000000
0.002515, 0.000409, 17.898833, 196.384148, 38.681869
0.002632, 0.000409, 9.760463, 89.466048, 14.237710
0.002749, 0.000409, 401.000000, 401.000000, 401.000000
0.002866, 0.000409, 401.000000, 401.000000, 401.000000
0.002983, 0.000409, 2.918693, 18.858246, 3.595651
0.003101, 0.000409, 401.000000, 401.000000, 401.000000
0.003217, 0.000409, 401.000000, 401.000000, 401.000000
0.003335, 0.000409, 401.000000, 401.000000, 401.000000
0.003451, 0.000409, 3.719342, 12.641362, 4.484490
0.003569, 0.000409, 34.879298, 34.662733, 37.150932
0.003685, 0.000409, 5.192601, 14.653256, 6.304049
0.003802, 0.000409, 7.736121, 102.312966, 14.898294
0.003919, 0.000409, 310.449608, 388.092820, 240.240670
0.004037, 0.000409, 401.000000, 401.000000, 401.000000
0.004153, 0.000409, 255.402040, 363.414256, 53.801632
0.004270, 0.000409, 401.000000, 401.000000, 401.000000
0.004388, 0.000409, 399.627484, 333.273528, 394.933704
0.004504, 0.000409, 191.783411, 10.291416, 15.118531
0.004622, 0.000409, 88.232897, 7.696738, 14.730280
0.004738, 0.000409, 102.412308, 7.740628, 14.882331
0.004856, 0.000409, 102.418675, 7.746019, 14.948036
0.004972, 0.000409, 16.488474, 4.768559, 4.846275
0.005090, 0.000409, 5.741907, 19.288567, 7.125354
0.005206, 0.000409, 401.000000, 401.000000, 401.000000
0.005324, 0.000409, 4.034413, 11.840890, 3.958329
0.005440, 0.000409, 2.486070, 5.649945, 2.358651
0.005557, 0.000409, 401.000000, 401.000000, 401.000000
0.005675, 0.000409, 275.862144, 211.445560, 81.503869
0.005791, 0.000409, 1.505598, 1.517237, 1.521102
-0.005791, 0.000526, 1.500000, 1.500000, 1.500000
-0.005674, 0.000526, 3.416733, 2.485173, 2.361806
-0.005557, 0.000526, 13.287542, 2.968143, 3.059333
-0.005441, 0.000526, 8.547807, 35.144316, 11.849499
-0.005324, 0.000526, 361.680869, 335.838094, 338.737552
-0.005207, 0.000526, 191.136379, 215.148644, 52.880703
-0.005089, 0.000526, 228.910171, 204.385537, 52.567557
-0.004972, 0.000526, 401.000000, 401.000000, 401.000000
-0.004855, 0.000526, 372.224970, 343.468606, 138.358414
-0.004738, 0.000526, 160.259735, 359.925335, 202.853359
-0.004621, 0.000526, 401.000000, 401.000000, 401.000000
-0.004504, 0.000526, 299.475536, 220.604937, 65.408608
-0.004387, 0.000526, 184.263956, 260.555215, 186.201212
-0.004270, 0.000526, 76.646078, 86.856823, 52.250067
-0.004154, 0.000526, 401.000000, 401.000000, 401.000000
-0.004036, 0.000526, 5.877832, 87.419562, 12.531765
-0.003920, 0.000526, 12.135072, 123.297943, 19.811879
-0.003803, 0.000526, 328.848258, 50.589924, 31.198916
-0.003686, 0.000526, 39.938885, 7.333187, 9.012582
-0.003569, 0.000526, 75.469490, 6.427116, 10.798100
-0.003452, 0.000526, 43.890812, 356.826609, 52.743375
-0.003335, 0.000526, 2.819135, 9.485063, 3.102661
-0.003218, 0.000526, 1.500000, 1.500000, 1.500000
-0.003101, 0.000526, 361.423560, 394.884491, 393.388813
-0.002984, 0.000526, 345.131008, 345.131008, 33.931780
-0.002867, 0.000526, 18.932074, 242.580657, 10.088140
-0.002750, 0.000526, 401.000000, 401.000000, 401.000000
-0.002633, 0.000526, 3.046281, 20.751685, 3.796671
-0.002516, 0.000526, 401.000000, 401.000000, 401.000000
-0.002399, 0.000526, 401.000000, 401.000000, 401.000000
-0.002282, 0.000526, 14.477354, 155.325020, 26.515177
-0.002165, 0.000526, 6.170855, 41.474898, 7.715645
-0.002048, 0.000526, 401.000000, 401.000000, 401.000000
-0.001931, 0.000526, 401.000000, 401.000000, 401.000000
-0.001814, 0.000526, 2.868844, 9.802920, 3.161403
-0.001697, 0.000526, 15.968584, 173.522557, 31.383925
-0.001580, 0.000526, 401.000000, 401.000000, 401.000000
-0.001463, 0.000526, 296.853303, 296.853303, 15.369495
-0.001345, 0.000526, 13.889948, 271.595385, 11.614620
-0.001228, 0.000526, 401.000000, 401.000000, 401.000000
-0.001112, 0.000526, 401.000000, 401.000000, 401.000000
-0.000995, 0.000526, 6.416579, 76.614489, 10.837352
-0.000878, 0.000526, 401.000000, 401.000000, 401.000000
-0.000761, 0.000526, 401.000000, 401.000000, 401.000000
-0.000644, 0.000526, 258.137566, 234.661212, 9.103258
-0.000527, 0.000526, 25.505263, 328.458608, 24.454442
-0.000410, 0.000526, 401.000000, 401.000000, 401.000000
-0.000293, 0.000526, 371.830253, 371.830253, 76.294434
-0.000176, 0.000526, 31.647232, 165.219809, 7.277724
-0.000058, 0.000526, 401.000000, 401.000000, 401.000000
0.000058, 0.000526, 401.000000, 401.000000, 401.000000
0.000175, 0.000526, 237.990395, 165.219809, 7.277724
0.000292, 0.000526, 63.848579, 371.830253, 76.294434
0.000409, 0.000526, 401.000000, 401.000000, 401.000000
0.000526, 0.000526, 328.458608, 328.458608, 24.454442
0.000643, 0.000526, 15.202977, 234.661212, 9.103258
0.000760, 0.000526, 401.000000, 401.000000, 401.000000
0.000877, 0.000526, 400.983500, 400.983500, 400.985088
0.000994, 0.000526, 221.939744, 32.744678, 6.745611
0.001112, 0.000526, 251.180110, 396.634176, 349.799510
0.001228, 0.000526, 401.000000, 401.000000, 401.000000
0.001345, 0.000526, 7.757230, 61.729736, 10.359266
0.001462, 0.000526, 34.117143, 309.884458, 134.589592
0.001579, 0.000526, 401.000000, 401.000000, 401.000000
0.001696, 0.000526, 388.733802, 388.733802, 191.894506
0.001813, 0.000526, 63.670333, 116.972560, 6.834676
0.001930, 0.000526, 401.000000, 401.000000, 401.000000
0.002048, 0.000526, 401.000000, 401.000000, 401.000000
0.002164, 0.000526, 248.555842, 206.439751, 8.062698
0.002282, 0.000526, 35.581136, 348.665423, 36.612559
0.002398, 0.000526, 401.000000, 401.000000, 401.000000
0.002515, 0.000526, 17.898833, 196.384148, 38.681869
0.002632, 0.000526, 9.760463, 89.466048, 14.237710
0.002749, 0.000526, 401.000000, 401.000000, 401.000000
0.002866, 0.000526, 401.000000, 401.000000, 401.000000
0.002983, 0.000526, 2.918693, 18.858246, 3.595651
0.003101, 0.000526, 401.000000, 401.000000, 401.000000
0.003217, 0.000526, 401.000000, 401.000000, 401.000000
0.003335, 0.000526, 401.000000, 401.000000, 401.000000
0.003451, 0.000526, 3.244737, 13.332939, 3.695059
0.003569, 0.000526, 6.690137, 2.951376, 3.127955
0.003685, 0.000526, 3.369204, 13.021584, 3.695349
0.003802, 0.000526, 7.736121, 102.312966, 14.898294
0.003919, 0.000526, 307.349309, 166.219653, 85.143066
0.004037, 0.000526, 343.728418, 177.016530, 31.027073
0.004153, 0.000526, 24.797625, 4.108653, 4.911202
0.004270, 0.000526, 34.815581, 3.871452, 6.757926
0.004388, 0.000526, 51.369546, 3.364303, 6.906210
0.004504, 0.000526, 51.097934, 3.894863, 6.827578
0.004622, 0.000526, 20.184765, 9.105475, 8.749137
0.004738, 0.000526, 24.777652, 10.881129, 16.926569
0.004856, 0.000526, 14.627208, 102.210547, 20.644744
0.004972, 0.000526, 401.000000, 401.000000, 401.000000
0.005090, 0.000526, 216.330484, 18.758554, 22.464591
0.005206, 0.000526, 119.346828, 8.977700, 17.795139
0.005324, 0.000526, 21.143880, 20.097727, 24.289303
0.005440, 0.000526, 322.457426, 36.367236, 39.326335
0.005557, 0.000526, 58.555756, 8.540130, 14.201725
0.005675, 0.000526, 18.949733, 7.673332, 10.015822
0.005791, 0.000526, 1.666451, 2.247559, 1.715419
-0.005791, 0.000643, 1.500000, 1.500000, 1.500000
-0.005674, 0.000643, 2.228636, 2.262683, 1.888384
-0.005557, 0.000643, 32.926517, 12.922498, 18.359685
-0.005441, 0.000643, 8.232706, 65.696598, 12.473688
-0.005324, 0.000643, 401.000000, 401.000000, 401.000000
-0.005207, 0.000643, 353.880162, 305.133271, 107.117078
-0.005089, 0.000643, 401.000000, 401.000000, 401.000000
-0.004972, 0.000643, 401.000000, 401.000000, 401.000000
-0.004855, 0.000643, 372.887554, 346.047071, 139.869388
-0.004738, 0.000643, 159.243743, 361.670244, 204.950941
-0.004621, 0.000643, 401.000000, 401.000000, 401.000000
-0.004504, 0.000643, 324.025331, 289.615414, 64.230595
-0.004387, 0.000643, 343.373637, 304.646458, 274.540095
-0.004270, 0.000643, 60.711609, 351.307869, 66.813007
-0.004154, 0.000643, 368.216315, 379.208428, 79.059684
-0.004036, 0.000643, 11.261752, 18.992869, 13.135661
-0.003920, 0.000643, 10.896900, 86.533341, 13.108091
-0.003803, 0.000643, 401.000000, 401.000000, 401.000000
-0.003686, 0.000643, 401.000000, 401.000000, 401.000000
-0.003569, 0.000643, 401.000000, 401.000000, 401.000000
-0.003452, 0.000643, 94.817236, 12.594542, 13.420252
-0.003335, 0.000643, 40.388247, 11.254955, 7.204270
-0.003218, 0.000643, 1.634383, 1.669837, 1.617610
-0.003101, 0.000643, 361.423560, 394.884491, 393.388813
-0.002984, 0.000643, 227.125826, 18.491468, 9.062892
-0.002867, 0.000643, 6.144484, 6.582206, 4.092394
-0.002750, 0.000643, 401.000000, 401.000000, 401.000000
-0.002633, 0.000643, 3.046281, 20.751685, 3.796671
-0.002516, 0.000643, 401.000000, 401.000000, 401.000000
-0.002399, 0.000643, 401.000000, 401.000000, 401.000000
-0.002282, 0.000643, 14.477354, 155.325020, 26.515177
-0.002165, 0.000643, 6.170855, 41.474898, 7.715645
-0.002048, 0.000643, 401.000000, 401.000000, 401.000000
-0.001931, 0.000643, 401.000000, 401.000000, 401.000000
-0.001814, 0.000643, 2.868844, 9.802920, 3.161403
-0.001697, 0.000643, 15.968584, 173.522557, 31.383925
-0.001580, 0.000643, 401.000000, 401.000000, 401.000000
-0.001463, 0.000643, 194.602505, 10.646175, 6.655806
-0.001345, 0.000643, 6.673884, 8.536977, 5.484437
-0.001228, 0.000643, 401.000000, 401.000000, 401.000000
-0.001112, 0.000643, 401.000000, 401.000000, 401.000000
-0.000995, 0.000643, 6.416579, 76.614489, 10.837352
-0.000878, 0.000643, 401.000000, 401.000000, 401.000000
-0.000761, 0.000643, 401.000000, 401.000000, 401.000000
-0.000644, 0.000643, 148.975869, 6.607827, 4.480733
-0.000527, 0.000643, 10.165966, 15.202977, 9.103258
-0.000410, 0.000643, 401.000000, 401.000000, 401.000000
-0.000293, 0.000643, 297.403186, 35.566835, 18.283712
-0.000176, 0.000643, 9.018277, 4.796347, 3.594621
-0.000058, 0.000643, 401.000000, 401.000000, 401.000000
0.000058, 0.000643, 401.000000, 401.000000, 401.000000
0.000175, 0.000643, 127.609659, 4.796347, 3.594621
0.000292, 0.000643, 18.024596, 35.566835, 18.283712
0.000409, 0.000643, 401.000000, 401.000000, 401.000000
0.000526, 0.000643, 234.661212, 15.202977, 9.103258
0.000643, 0.000643, 6.607827, 6.607827, 4.480733
0.000760, 0.000643, 401.000000, 401.000000, 401.000000
0.000877, 0.000643, 376.403562, 382.228706, 204.886890
0.000994, 0.000643, 28.041186, 3.463624, 3.160751
0.001112, 0.000643, 44.223157, 159.616498, 58.817884
0.001228, 0.000643, 401.000000, 401.000000, 401.000000
0.001345, 0.000643, 7.757230, 61.729736, 10.359266
0.001462, 0.000643, 34.117143, 309.884458, 134.589592
0.001579, 0.000643, 401.000000, 401.000000, 401.000000
0.001696, 0.000643, 329.169143, 74.187612, 32.577645
0.001813, 0.000643, 12.458625, 3.665992, 3.302732
0.001930, 0.000643, 284.173831, 397.068338, 383.358654
0.002048, 0.000643, 401.000000, 401.000000, 401.000000
0.002164, 0.000643, 139.165803, 5.652662, 4.023021
0.002282, 0.000643, 12.675170, 20.588347, 11.835586
0.002398, 0.000643, 401.000000, 401.000000, 401.000000
0.002515, 0.000643, 17.898833, 196.384148, 38.681869
0.002632, 0.000643, 9.760463, 89.466048, 14.237710
0.002749, 0.000643, 401.000000, 401.000000, 401.000000
0.002866, 0.000643, 401.000000, 401.000000, 401.000000
0.002983, 0.000643, 2.918693, 18.858246, 3.595651
0.003101, 0.000643, 401.000000, 401.000000, 401.000000
0.003217, 0.000643, 401.000000, 401.000000, 401.000000
0.003335, 0.000643, 401.000000, 401.000000, 401.000000
0.003451, 0.000643, 3.109902, 11.456300, 3.458290
0.003569, 0.000643, 1.587571, 1.587571, 1.568067
0.003685, 0.000643, 7.514398, 9.493946, 6.119671
0.003802, 0.000643, 5.729918, 32.026474, 7.237544
0.003919, 0.000643, 381.537361, 347.578797, 266.788475
0.004037, 0.000643, 183.829946, 8.649098, 16.616105
0.004153, 0.000643, 16.545366, 12.910734, 8.425225
0.004270, 0.000643, 27.047350, 11.761012, 16.182603
0.004388, 0.000643, 131.037049, 12.884065, 17.561943
0.004504, 0.000643, 63.978411, 11.781200, 15.860101
0.004622, 0.000643, 13.796482, 6.473501, 4.179249
0.004738, 0.000643, 11.876452, 4.702014, 5.230028
0.004856, 0.000643, 8.438152, 16.563425, 10.152456
0.004972, 0.000643, 401.000000, 401.000000, 401.000000
0.005090, 0.000643, 401.000000, 401.000000, 401.000000
0.005206, 0.000643, 347.790358, 281.675852, 89.203695
0.005324, 0.000643, 401.000000, 401.000000, 401.000000
0.005440, 0.000643, 386.018749, 382.758622, 134.430289
0.005557, 0.000643, 78.925565, 9.345164, 16.160807
0.005675, 0.000643, 32.751760, 9.877018, 15.190387
0.005791, 0.000643, 1.742709, 2.440925, 1.826181
-0.005791, 0.000760, 1.506699, 1.517843, 1.521028
-0.005674, 0.000760, 19.359921, 29.026024, 24.063875
-0.005557, 0.000760, 401.000000, 401.000000, 401.000000
-0.005441, 0.000760, 8.216633, 88.971819, 15.040048
-0.005324, 0.000760, 287.368238, 361.170197, 105.493040
-0.005207, 0.000760, 401.000000, 401.000000, 401.000000
-0.005089, 0.000760, 301.054627, 358.633663, 105.681556
-0.004972, 0.000760, 309.350237, 362.137382, 105.690214
-0.004855, 0.000760, 401.000000, 401.000000, 401.000000
-0.004738, 0.000760, 401.000000, 401.000000, 401.000000
-0.004621, 0.000760, 241.778725, 361.649443, 105.481473
-0.004504, 0.000760, 333.566741, 233.728916, 253.712178
-0.004387, 0.000760, 401.000000, 401.000000, 401.000000
-0.004270, 0.000760, 345.032536, 204.197190, 247.926131
-0.004154, 0.000760, 264.340849, 111.593634, 119.666834
-0.004036, 0.000760, 399.580638, 400.461954, 400.660671
-0.003920, 0.000760, 272.736715, 138.178676, 124.750149
-0.003803, 0.000760, 400.980988, 400.982730, 400.983723
-0.003686, 0.000760, 401.000000, 401.000000, 401.000000
-0.003569, 0.000760, 401.000000, 401.000000, 401.000000
-0.003452, 0.000760, 401.000000, 401.000000, 401.000000
-0.003335, 0.000760, 4.469173, 8.048898, 3.512940
-0.003218, 0.000760, 5.544107, 9.329457, 5.510639
-0.003101, 0.000760, 361.423560, 394.884491, 393.388813
-0.002984, 0.000760, 401.000000, 401.000000, 401.000000
-0.002867, 0.000760, 401.000000, 401.000000, 401.000000
-0.002750, 0.000760, 401.000000, 401.000000, 401.000000
-0.002633, 0.000760, 3.046281, 20.751685, 3.796671
-0.002516, 0.000760, 401.000000, 401.000000, 401.000000
-0.002399, 0.000760, 401.000000, 401.000000, 401.000000
-0.002282, 0.000760, 14.477354, 155.325020, 26.515177
-0.002165, 0.000760, 6.170855, 41.474898, 7.715645
-0.002048, 0.000760, 401.000000, 401.000000, 401.000000
-0.001931, 0.000760, 401.000000, 401.000000, 401.000000
-0.001814, 0.000760, 2.868844, 9.802920, 3.161403
-0.001697, 0.000760, 15.968584, 173.522557, 31.383925
-0.001580, 0.000760, 401.000000, 401.000000, 401.000000
-0.001463, 0.000760, 401.000000, 401.000000, 401.000000
-0.001345, 0.000760, 401.000000, 401.000000, 401.000000
-0.001228, 0.000760, 401.000000, 401.000000, 401.000000
-0.001112, 0.000760, 401.000000, 401.000000, 401.000000
-0.000995, 0.000760, 6.416579, 76.614489, 10.837352
-0.000878, 0.000760, 401.000000, 401.000000, 401.000000
-0.000761, 0.000760, 401.000000, 401.000000, 401.000000
-0.000644, 0.000760, 401.000000, 401.000000, 401.000000
-0.000527, 0.000760, 401.000000, 401.000000, 401.000000
-0.000410, 0.000760, 401.000000, 401.000000, 401.000000
-0.000293, 0.000760, 401.000000, 401.000000, 401.000000
-0.000176, 0.000760, 401.000000, 401.000000, 401.000000
-0.000058, 0.000760, 401.000000, 401.000000, 401.000000
0.000058, 0.000760, 401.000000, 401.000000, 401.000000
0.000175, 0.000760, 401.000000, 401.000000, 401.000000
0.000292, 0.000760, 401.000000, 401.000000, 401.000000
0.000409, 0.000760, 401.000000, 401.000000, 401.000000
0.000526, 0.000760, 401.000000, 401.000000, 401.000000
0.000643, 0.000760, 401.000000, 401.000000, 401.000000
0.000760, 0.000760, 401.000000, 401.000000, 401.000000
0.000877, 0.000760, 401.000000, 401.000000, 401.000000
0.000994, 0.000760, 401.000000, 401.000000, 401.000000
0.001112, 0.000760, 401.000000, 401.000000, 401.000000
0.001228, 0.000760, 401.000000, 401.000000, 401.000000
0.001345, 0.000760, 7.757230, 61.729736, 10.359266
0.001462, 0.000760, 34.117143, 309.884458, 134.589592
0.001579, 0.000760, 401.000000, 401.000000, 401.000000
0.001696, 0.000760, 401.000000, 401.000000, 401.000000
0.001813, 0.000760, 401.000000, 401.000000, 401.000000
0.001930, 0.000760, 401.000000, 401.000000, 401.000000
0.002048, 0.000760, 401.000000, 401.000000, 401.000000
0.002164, 0.000760, 401.000000, 401.000000, 401.000000
0.002282, 0.000760, 401.000000, 401.000000, 401.000000
0.002398, 0.000760, 401.000000, 401.000000, 401.000000
0.002515, 0.000760, 17.898833, 196.384148, 38.681869
0.002632, 0.000760, 9.760463, 89.466048, 14.237710
0.002749, 0.000760, 401.000000, 401.000000, 401.000000
0.002866, 0.000760, 401.000000, 401.000000, 401.000000
0.002983, 0.000760, 2.918693, 18.858246, 3.595651
0.003101, 0.000760, 401.000000, 401.000000, 401.000000
0.003217, 0.000760, 401.000000, 401.000000, 401.000000
0.003335, 0.000760, 401.000000, 401.000000, 401.000000
0.003451, 0.000760, 3.531584, 11.516453, 3.841625
0.003569, 0.000760, 7.461823, 7.461823, 5.742131
0.003685, 0.000760, 2.923695, 2.923695, 2.325159
0.003802, 0.000760, 3.174171, 11.911951, 3.528170
0.003919, 0.000760, 31.799707, 84.642571, 48.264857
0.004037, 0.000760, 401.000000, 401.000000, 401.000000
0.004153, 0.000760, 8.680587, 109.131579, 17.238458
0.004270, 0.000760, 217.396504, 66.239920, 59.626957
0.004388, 0.000760, 401.000000, 401.000000, 401.000000
0.004504, 0.000760, 193.864408, 271.663023, 31.343040
0.004622, 0.000760, 8.684865, 70.864926, 15.017950
0.004738, 0.000760, 400.997711, 400.997684, 400.997743
0.004856, 0.000760, 11.517858, 61.981572, 23.059108
0.004972, 0.000760, 401.000000, 401.000000, 401.000000
0.005090, 0.000760, 245.710561, 351.653453, 91.029102
0.005206, 0.000760, 401.000000, 401.000000, 401.000000
0.005324, 0.000760, 215.519866, 325.113051, 30.541582
0.005440, 0.000760, 8.672671, 68.926498, 14.541386
0.005557, 0.000760, 205.710600, 205.710600, 302.885686
0.005675, 0.000760, 236.620983, 29.026024, 24.063875
0.005791, 0.000760, 1.505588, 1.517843, 1.521028
-0.005791, 0.000877, 1.500000, 1.500000, 1.500000
-0.005674, 0.000877, 7.684835, 11.610795, 6.487198
-0.005557, 0.000877, 287.367922, 123.707240, 29.330726
-0.005441, 0.000877, 12.699488, 33.944686, 19.275863
-0.005324, 0.000877, 392.144542, 329.222655, 387.330589
-0.005207, 0.000877, 386.507744, 352.840552, 333.315206
-0.005089, 0.000877, 392.268030, 329.064788, 387.568064
-0.004972, 0.000877, 392.806203, 328.919537, 387.584329
-0.004855, 0.000877, 393.404801, 378.180205, 364.129169
-0.004738, 0.000877, 392.021270, 376.478396, 363.946441
-0.004621, 0.000877, 390.362354, 328.880349, 387.286428
-0.004504, 0.000877, 234.655788, 183.569299, 57.647973
-0.004387, 0.000877, 225.554300, 354.188101, 227.330052
-0.004270, 0.000877, 9.364422, 184.384717, 16.229504
-0.004154, 0.000877, 231.917283, 97.832451, 54.641422
-0.004036, 0.000877, 354.616035, 289.521119, 238.709581
-0.003920, 0.000877, 153.011985, 168.840690, 45.725506
-0.003803, 0.000877, 119.482439, 391.631740, 281.982791
-0.003686, 0.000877, 401.000000, 401.000000, 401.000000
-0.003569, 0.000877, 320.175352, 303.199527, 23.439471
-0.003452, 0.000877, 401.000000, 401.000000, 401.000000
-0.003335, 0.000877, 2.021561, 5.027710, 2.162607
-0.003218, 0.000877, 13.510710, 49.458378, 9.255799
-0.003101, 0.000877, 17.352701, 286.392509, 16.489162
-0.002984, 0.000877, 401.000000, 401.000000, 401.000000
-0.002867, 0.000877, 401.000000, 401.000000, 401.000000
-0.002750, 0.000877, 401.000000, 401.000000, 401.000000
-0.002633, 0.000877, 3.046281, 20.751685, 3.796671
-0.002516, 0.000877, 401.000000, 401.000000, 401.000000
-0.002399, 0.000877, 401.000000, 401.000000, 401.000000
-0.002282, 0.000877, 14.477354, 155.325020, 26.515177
-0.002165, 0.000877, 6.170855, 41.474898, 7.715645
-0.002048, 0.000877, 401.000000, 401.000000, 401.000000
-0.001931, 0.000877, 401.000000, 401.000000, 401.000000
-0.001814, 0.000877, 2.868844, 9.802920, 3.161403
-0.001697, 0.000877, 15.968584, 173.522557, 31.383925
-0.001580, 0.000877, 401.000000, 401.000000, 401.000000
-0.001463, 0.000877, 396.634176, 396.634176, 349.799510
-0.001345, 0.000877, 181.185350, 388.791949, 209.085028
-0.001228, 0.000877, 401.000000, 401.000000, 401.000000
-0.001112, 0.000877, 401.000000, 401.000000, 401.000000
-0.000995, 0.000877, 5.976664, 9.400560, 5.433304
-0.000878, 0.000877, 39.726475, 354.073646, 41.941686
-0.000761, 0.000877, 401.000000, 401.000000, 401.000000
-0.000644, 0.000877, 401.000000, 401.000000, 401.000000
-0.000527, 0.000877, 401.000000, 401.000000, 401.000000
-0.000410, 0.000877, 401.000000, 401.000000, 401.000000
-0.000293, 0.000877, 401.000000, 401.000000, 401.000000
-0.000176, 0.000877, 401.000000, 401.000000, 401.000000
-0.000058, 0.000877, 401.000000, 401.000000, 401.000000
0.000058, 0.000877, 401.000000, 401.000000, 401.000000
0.000175, 0.000877, 401.000000, 401.000000, 401.000000
0.000292, 0.000877, 401.000000, 401.000000, 401.000000
0.000409, 0.000877, 401.000000, 401.000000, 401.000000
0.000526, 0.000877, 401.000000, 401.000000, 401.000000
0.000643, 0.000877, 401.000000, 401.000000, 401.000000
0.000760, 0.000877, 401.000000, 401.000000, 401.000000
0.000877, 0.000877, 401.000000, 401.000000, 401.000000
0.000994, 0.000877, 385.674087, 385.146590, 204.341149
0.001112, 0.000877, 401.000000, 401.000000, 401.000000
0.001228, 0.000877, 401.000000, 401.000000, 401.000000
0.001345, 0.000877, 9.183077, 61.800124, 11.363060
0.001462, 0.000877, 24.723303, 292.712781, 46.401319
0.001579, 0.000877, 401.000000, 401.000000, 401.000000
0.001696, 0.000877, 401.000000, 401.000000, 401.000000
0.001813, 0.000877, 401.000000, 401.000000, 401.000000
0.001930, 0.000877, 401.000000, 401.000000, 401.000000
0.002048, 0.000877, 401.000000, 401.000000, 401.000000
0.002164, 0.000877, 401.000000, 401.000000, 401.000000
0.002282, 0.000877, 401.000000, 401.000000, 401.000000
0.002398, 0.000877, 401.000000, 401.000000, 401.000000
0.002515, 0.000877, 17.898833, 196.384148, 38.681869
0.002632, 0.000877, 9.760463, 89.466048, 14.237710
0.002749, 0.000877, 401.000000, 401.000000, 401.000000
0.002866, 0.000877, 400.996404, 400.996404, 400.996482
0.002983, 0.000877, 3.983318, 17.160192, 4.084677
0.003101, 0.000877, 401.000000, 401.000000, 401.000000
0.003217, 0.000877, 401.000000, 401.000000, 401.000000
0.003335, 0.000877, 300.046951, 300.046951, 28.769750
0.003451, 0.000877, 15.719027, 15.719027, 14.914171
0.003569, 0.000877, 2.923695, 2.923695, 2.325159
0.003685, 0.000877, 1.500000, 1.500000, 1.500000
0.003802, 0.000877, 3.176118, 11.932959, 3.540768
0.003919, 0.000877, 187.095017, 205.721134, 51.771931
0.004037, 0.000877, 330.829463, 212.147111, 63.202424
0.004153, 0.000877, 311.773264, 204.537519, 236.065630
0.004270, 0.000877, 166.680256, 225.200809, 57.363237
0.004388, 0.000877, 377.720322, 302.771085, 248.441389
0.004504, 0.000877, 400.970853, 400.965393, 400.973325
0.004622, 0.000877, 8.780718, 49.562277, 14.031773
0.004738, 0.000877, 72.126161, 11.636428, 23.991881
0.004856, 0.000877, 52.002073, 53.532519, 93.814750
0.004972, 0.000877, 401.000000, 401.000000, 401.000000
0.005090, 0.000877, 392.604684, 356.098692, 393.511855
0.005206, 0.000877, 366.179224, 331.905457, 223.330138
0.005324, 0.000877, 315.325433, 91.040744, 60.905366
0.005440, 0.000877, 159.279306, 31.096628, 18.951828
0.005557, 0.000877, 33.460847, 123.617740, 28.288660
0.005675, 0.000877, 18.827093, 13.126403, 11.291945
0.005791, 0.000877, 1.548741, 1.584524, 1.560330
-0.005791, 0.000994, 1.659159, 2.908804, 1.730902
-0.005674, 0.000994, 89.574122, 9.768306, 14.261404
-0.005557, 0.000994, 94.378101, 17.354735, 26.694259
-0.005441, 0.000994, 401.000000, 401.000000, 401.000000
-0.005324, 0.000994, 401.000000, 401.000000, 401.000000
-0.005207, 0.000994, 357.570769, 55.943992, 73.982491
-0.005089, 0.000994, 401.000000, 401.000000, 401.000000
-0.004972, 0.000994, 401.000000, 401.000000, 401.000000
-0.004855, 0.000994, 380.528883, 80.877647, 105.352933
-0.004738, 0.000994, 121.929539, 121.929539, 174.055099
-0.004621, 0.000994, 387.465341, 382.212830, 139.677726
-0.004504, 0.000994, 105.903939, 11.381091, 24.124768
-0.004387, 0.000994, 63.019724, 10.993649, 14.412262
-0.004270, 0.000994, 65.028158, 32.353607, 49.184144
-0.004154, 0.000994, 401.000000, 401.000000, 401.000000
-0.004036, 0.000994, 356.623242, 33.785405, 47.391516
-0.003920, 0.000994, 286.484813, 251.394650, 363.014583
-0.003803, 0.000994, 401.000000, 401.000000, 401.000000
-0.003686, 0.000994, 376.867658, 377.762865, 134.239260
-0.003569, 0.000994, 3.440885, 2.508671, 2.357574
-0.003452, 0.000994, 58.892976, 367.684228, 85.186897
-0.003335, 0.000994, 2.021561, 5.027710, 2.162607
-0.003218, 0.000994, 3.444964, 3.870900, 2.696268
-0.003101, 0.000994, 130.638387, 10.256665, 11.282748
-0.002984, 0.000994, 25.991761, 153.450566, 26.166525
-0.002867, 0.000994, 401.000000, 401.000000, 401.000000
-0.002750, 0.000994, 401.000000, 401.000000, 401.000000
-0.002633, 0.000994, 3.046281, 20.751685, 3.796671
-0.002516, 0.000994, 401.000000, 401.000000, 401.000000
-0.002399, 0.000994, 401.000000, 401.000000, 401.000000
-0.002282, 0.000994, 14.477354, 155.325020, 26.515177
-0.002165, 0.000994, 6.170855, 41.474898, 7.715645
-0.002048, 0.000994, 401.000000, 401.000000, 401.000000
-0.001931, 0.000994, 401.000000, 401.000000, 401.000000
-0.001814, 0.000994, 2.868844, 9.802920, 3.161403
-0.001697, 0.000994, 15.968584, 173.522557, 31.383925
-0.001580, 0.000994, 401.000000, 401.000000, 401.000000
-0.001463, 0.000994, 5.839728, 111.102511, 4.800872
-0.001345, 0.000994, 4.387885, 57.279058, 3.939074
-0.001228, 0.000994, 401.000000, 401.000000, 401.000000
-0.001112, 0.000994, 401.000000, 401.000000, 401.000000
-0.000995, 0.000994, 386.152100, 114.139138, 160.176982
-0.000878, 0.000994, 5.630566, 5.623935, 4.644468
-0.000761, 0.000994, 16.948094, 3.815448, 4.351550
-0.000644, 0.000994, 16.948094, 3.815448, 4.351550
-0.000527, 0.000994, 16.948094, 3.815448, 4.351550
-0.000410, 0.000994, 16.948094, 3.815448, 4.351550
-0.000293, 0.000994, 16.948094, 3.815448, 4.351550
-0.000176, 0.000994, 16.948094, 3.815448, 4.351550
-0.000058, 0.000994, 16.948094, 3.815448, 4.351550
0.000058, 0.000994, 16.948094, 3.815448, 4.351550
0.000175, 0.000994, 16.948094, 3.815448, 4.351550
0.000292, 0.000994, 16.948094, 3.815448, 4.351550
0.000409, 0.000994, 16.948458, 3.821923, 4.358307
0.000526, 0.000994, 31.639784, 341.878038, 31.722602
0.000643, 0.000994, 401.000000, 401.000000, 401.000000
0.000760, 0.000994, 401.000000, 401.000000, 401.000000
0.000877, 0.000994, 385.146590, 385.674087, 204.341149
0.000994, 0.000994, 2.513220, 2.513220, 2.241399
0.001112, 0.000994, 45.295213, 359.202131, 59.927226
0.001228, 0.000994, 401.000000, 401.000000, 401.000000
0.001345, 0.000994, 399.368181, 345.369143, 394.954843
0.001462, 0.000994, 9.765256, 9.432329, 8.788963
0.001579, 0.000994, 46.332345, 8.517369, 11.593450
0.001696, 0.000994, 73.929024, 8.648616, 12.007773
0.001813, 0.000994, 73.929024, 8.648616, 12.007773
0.001930, 0.000994, 73.929024, 8.648616, 12.007773
0.002048, 0.000994, 74.110756, 84.435924, 14.126969
0.002164, 0.000994, 401.000000, 401.000000, 401.000000
0.002282, 0.000994, 401.000000, 401.000000, 401.000000
0.002398, 0.000994, 401.000000, 401.000000, 401.000000
0.002515, 0.000994, 17.898833, 196.384148, 38.681869
0.002632, 0.000994, 9.760463, 89.466048, 14.237710
0.002749, 0.000994, 400.996404, 400.996404, 400.996482
0.002866, 0.000994, 48.735072, 48.735072, 6.612930
0.002983, 0.000994, 21.790959, 21.790959, 20.310727
0.003101, 0.000994, 401.000000, 401.000000, 401.000000
0.003217, 0.000994, 300.046951, 300.046951, 28.769750
0.003335, 0.000994, 15.719027, 15.719027, 14.914171
0.003451, 0.000994, 2.923695, 2.923695, 2.325159
0.003569, 0.000994, 1.500000, 1.500000, 1.500000
0.003685, 0.000994, 1.500000, 1.500000, 1.500000
0.003802, 0.000994, 3.176118, 11.932959, 3.540768
0.003919, 0.000994, 401.000000, 401.000000, 401.000000
0.004037, 0.000994, 385.185786, 69.554455, 169.674466
0.004153, 0.000994, 401.000000, 401.000000, 401.000000
0.004270, 0.000994, 401.000000, 401.000000, 401.000000
0.004388, 0.000994, 12.691721, 19.969881, 11.523510
0.004504, 0.000994, 16.759062, 4.658951, 5.523166
0.004622, 0.000994, 12.355318, 24.592562, 17.022162
0.004738, 0.000994, 399.122782, 397.036010, 396.664677
0.004856, 0.000994, 401.000000, 401.000000, 401.000000
0.004972, 0.000994, 401.000000, 401.000000, 401.000000
0.005090, 0.000994, 400.825927, 400.844971, 400.883291
0.005206, 0.000994, 354.289869, 53.287347, 80.092348
0.005324, 0.000994, 401.000000, 401.000000, 401.000000
0.005440, 0.000994, 401.000000, 401.000000, 401.000000
0.005557, 0.000994, 353.682093, 16.924305, 25.640291
0.005675, 0.000994, 92.339639, 31.729501, 47.931162
0.005791, 0.000994, 1.783451, 3.973564, 1.892714
-0.005791, 0.001112, 1.681264, 3.542256, 1.777377
-0.005674, 0.001112, 401.000000, 401.000000, 401.000000
-0.005557, 0.001112, 287.315782, 186.697526, 13.281901
-0.005441, 0.001112, 400.359000, 400.814472, 400.868776
-0.005324, 0.001112, 400.692656, 400.757010, 400.798766
-0.005207, 0.001112, 353.142988, 100.001576, 111.389898
-0.005089, 0.001112, 400.689661, 400.755812, 400.798474
-0.004972, 0.001112, 401.000000, 401.000000, 401.000000
-0.004855, 0.001112, 401.000000, 401.000000, 401.000000
-0.004738, 0.001112, 401.000000, 401.000000, 401.000000
-0.004621, 0.001112, 10.935830, 82.180596, 22.617693
-0.004504, 0.001112, 275.177604, 275.177604, 367.176625
-0.004387, 0.001112, 336.882252, 39.374725, 57.246367
-0.004270, 0.001112, 145.544094, 279.802483, 55.929614
-0.004154, 0.001112, 400.693482, 400.758279, 400.798669
-0.004036, 0.001112, 365.105777, 64.163367, 110.126494
-0.003920, 0.001112, 362.797802, 395.340485, 396.293198
-0.003803, 0.001112, 401.000000, 401.000000, 401.000000
-0.003686, 0.001112, 401.000000, 401.000000, 401.000000
-0.003569, 0.001112, 400.076505, 385.572684, 400.166994
-0.003452, 0.001112, 401.000000, 401.000000, 401.000000
-0.003335, 0.001112, 2.021561, 5.027710, 2.162607
-0.003218, 0.001112, 1.500000, 1.500000, 1.500000
-0.003101, 0.001112, 5.737168, 66.672710, 5.848127
-0.002984, 0.001112, 11.324931, 39.700337, 19.537367
-0.002867, 0.001112, 401.000000, 401.000000, 401.000000
-0.002750, 0.001112, 401.000000, 401.000000, 401.000000
-0.002633, 0.001112, 3.046281, 20.751685, 3.796671
-0.002516, 0.001112, 401.000000, 401.000000, 401.000000
-0.002399, 0.001112, 401.000000, 401.000000, 401.000000
-0.002282, 0.001112, 14.477354, 155.325020, 26.515177
-0.002165, 0.001112, 6.170855, 41.474898, 7.715645
-0.002048, 0.001112, 401.000000, 401.000000, 401.000000
-0.001931, 0.001112, 401.000000, 401.000000, 401.000000
-0.001814, 0.001112, 2.868844, 9.802920, 3.161403
-0.001697, 0.001112, 15.968584, 173.522557, 31.383925
-0.001580, 0.001112, 401.000000, 401.000000, 401.000000
-0.001463, 0.001112, 384.793230, 107.231702, 148.089562
-0.001345, 0.001112, 75.089848, 64.054068, 78.929620
-0.001228, 0.001112, 401.000000, 401.000000, 401.000000
-0.001112, 0.001112, 401.000000, 401.000000, 401.000000
-0.000995, 0.001112, 401.000000, 401.000000, 401.000000
-0.000878, 0.001112, 395.394089, 147.452253, 285.482678
-0.000761, 0.001112, 278.513826, 27.786333, 90.938619
-0.000644, 0.001112, 278.513826, 27.786333, 90.938619
-0.000527, 0.001112, 278.513826, 27.786333, 90.938619
-0.000410, 0.001112, 278.513826, 27.786333, 90.938619
-0.000293, 0.001112, 278.513826, 27.786333, 90.938619
-0.000176, 0.001112, 278.513826, 27.786333, 90.938619
-0.000058, 0.001112, 278.513826, 27.786333, 90.938619
0.000058, 0.001112, 278.513826, 27.786333, 90.938619
0.000175, 0.001112, 278.513826, 27.786333, 90.938619
0.000292, 0.001112, 278.513826, 27.786333, 90.938619
0.000409, 0.001112, 275.989158, 26.564271, 77.718995
0.000526, 0.001112, 4.771148, 17.739251, 4.536830
0.000643, 0.001112, 401.000000, 401.000000, 401.000000
0.000760, 0.001112, 401.000000, 401.000000, 401.000000
0.000877, 0.001112, 401.000000, 401.000000, 401.000000
0.000994, 0.001112, 359.202131, 45.295213, 59.927226
0.001112, 0.001112, 401.000000, 401.000000, 401.000000
0.001228, 0.001112, 401.000000, 401.000000, 401.000000
0.001345, 0.001112, 401.000000, 401.000000, 401.000000
0.001462, 0.001112, 399.368181, 345.369143, 394.954843
0.001579, 0.001112, 265.020812, 22.684813, 59.946833
0.001696, 0.001112, 239.289621, 22.592405, 59.542873
0.001813, 0.001112, 239.289621, 22.592405, 59.542873
0.001930, 0.001112, 239.289621, 22.592405, 59.542873
0.002048, 0.001112, 222.588365, 16.394191, 25.085552
0.002164, 0.001112, 9.972979, 136.167228, 9.901256
0.002282, 0.001112, 401.000000, 401.000000, 401.000000
0.002398, 0.001112, 401.000000, 401.000000, 401.000000
0.002515, 0.001112, 17.898833, 196.384148, 38.681869
0.002632, 0.001112, 9.760463, 89.466048, 14.237710
0.002749, 0.001112, 53.819852, 326.973332, 15.882304
0.002866, 0.001112, 13.147707, 21.728550, 16.444780
0.002983, 0.001112, 401.000000, 401.000000, 401.000000
0.003101, 0.001112, 300.046951, 300.046951, 28.769750
0.003217, 0.001112, 15.719027, 15.719027, 14.914171
0.003335, 0.001112, 2.923695, 2.923695, 2.325159
0.003451, 0.001112, 1.823000, 2.100090, 1.780112
0.003569, 0.001112, 21.946231, 8.716547, 10.932567
0.003685, 0.001112, 5.174483, 4.501673, 3.689041
0.003802, 0.001112, 3.176118, 11.932959, 3.540768
0.003919, 0.001112, 401.000000, 401.000000, 401.000000
0.004037, 0.001112, 401.000000, 401.000000, 401.000000
0.004153, 0.001112, 401.000000, 401.000000, 401.000000
0.004270, 0.001112, 236.975441, 298.653760, 59.783594
0.004388, 0.001112, 318.914169, 50.279759, 58.300664
0.004504, 0.001112, 375.530150, 375.530150, 89.133753
0.004622, 0.001112, 8.920685, 76.692336, 14.960968
0.004738, 0.001112, 241.855882, 49.311413, 47.922775
0.004856, 0.001112, 339.190610, 263.882168, 62.657864
0.004972, 0.001112, 73.016351, 373.271276, 169.258057
0.005090, 0.001112, 240.541196, 282.524639, 130.219320
0.005206, 0.001112, 65.237973, 75.010995, 54.269700
0.005324, 0.001112, 141.733386, 261.389517, 53.395585
0.005440, 0.001112, 401.000000, 401.000000, 401.000000
0.005557, 0.001112, 401.000000, 401.000000, 401.000000
0.005675, 0.001112, 208.835992, 208.835992, 6.889344
0.005791, 0.001112, 1.565493, 1.581435, 1.577656
-0.005791, 0.001228, 1.681264, 3.542256, 1.777377
-0.005674, 0.001228, 395.848969, 395.876770, 369.046441
-0.005557, 0.001228, 20.162920, 2.977899, 2.654317
-0.005441, 0.001228, 29.080673, 322.069826, 33.708696
-0.005324, 0.001228, 264.075085, 340.595289, 105.705287
-0.005207, 0.001228, 401.000000, 401.000000, 401.000000
-0.005089, 0.001228, 278.804100, 331.918543, 104.871356
-0.004972, 0.001228, 401.000000, 401.000000, 401.000000
-0.004855, 0.001228, 394.934699, 394.934699, 308.944409
-0.004738, 0.001228, 136.477560, 376.165139, 111.392815
-0.004621, 0.001228, 360.704271, 88.656958, 95.748957
-0.004504, 0.001228, 59.269190, 274.246788, 31.436644
-0.004387, 0.001228, 401.000000, 401.000000, 401.000000
-0.004270, 0.001228, 227.391350, 286.663275, 146.371464
-0.004154, 0.001228, 274.946622, 344.022598, 104.956639
-0.004036, 0.001228, 401.000000, 401.000000, 401.000000
-0.003920, 0.001228, 307.014938, 343.546544, 242.271617
-0.003803, 0.001228, 73.381940, 373.223329, 113.986582
-0.003686, 0.001228, 401.000000, 401.000000, 401.000000
-0.003569, 0.001228, 401.000000, 401.000000, 401.000000
-0.003452, 0.001228, 401.000000, 401.000000, 401.000000
-0.003335, 0.001228, 2.021561, 5.027710, 2.162607
-0.003218, 0.001228, 1.500000, 1.500000, 1.500000
-0.003101, 0.001228, 6.510312, 5.311663, 4.719815
-0.002984, 0.001228, 143.655783, 42.424126, 88.948058
-0.002867, 0.001228, 401.000000, 401.000000, 401.000000
-0.002750, 0.001228, 401.000000, 401.000000, 401.000000
-0.002633, 0.001228, 3.046281, 20.751685, 3.796671
-0.002516, 0.001228, 401.000000, 401.000000, 401.000000
-0.002399, 0.001228, 401.000000, 401.000000, 401.000000
-0.002282, 0.001228, 14.477354, 155.325020, 26.515177
-0.002165, 0.001228, 6.170855, 41.474898, 7.715645
-0.002048, 0.001228, 401.000000, 401.000000, 401.000000
-0.001931, 0.001228, 401.000000, 401.000000, 401.000000
-0.001814, 0.001228, 2.868844, 9.802920, 3.161403
-0.001697, 0.001228, 15.968584, 173.522557, 31.383925
-0.001580, 0.001228, 401.000000, 401.000000, 401.000000
-0.001463, 0.001228, 401.000000, 401.000000, 401.000000
-0.001345, 0.001228, 401.000000, 401.000000, 401.000000
-0.001228, 0.001228, 401.000000, 401.000000, 401.000000
-0.001112, 0.001228, 401.000000, 401.000000, 401.000000
-0.000995, 0.001228, 401.000000, 401.000000, 401.000000
-0.000878, 0.001228, 401.000000, 401.000000, 401.000000
-0.000761, 0.001228, 401.000000, 401.000000, 401.000000
-0.000644, 0.001228, 401.000000, 401.000000, 401.000000
-0.000527, 0.001228, 401.000000, 401.000000, 401.000000
-0.000410, 0.001228, 401.000000, 401.000000, 401.000000
-0.000293, 0.001228, 401.000000, 401.000000, 401.000000
-0.000176, 0.001228, 401.000000, 401.000000, 401.000000
-0.000058, 0.001228, 401.000000, 401.000000, 401.000000
0.000058, 0.001228, 401.000000, 401.000000, 401.000000
0.000175, 0.001228, 401.000000, 401.000000, 401.000000
0.000292, 0.001228, 401.000000, 401.000000, 401.000000
0.000409, 0.001228, 401.000000, 401.000000, 401.000000
0.000526, 0.001228, 4.367097, 38.715986, 6.081968
0.000643, 0.001228, 401.000000, 401.000000, 401.000000
0.000760, 0.001228, 401.000000, 401.000000, 401.000000
0.000877, 0.001228, 401.000000, 401.000000, 401.000000
0.000994, 0.001228, 401.000000, 401.000000, 401.000000
0.001112, 0.001228, 401.000000, 401.000000, 401.000000
0.001228, 0.001228, 401.000000, 401.000000, 401.000000
0.001345, 0.001228, 401.000000, 401.000000, 401.000000
0.001462, 0.001228, 401.000000, 401.000000, 401.000000
0.001579, 0.001228, 401.000000, 401.000000, 401.000000
0.001696, 0.001228, 401.000000, 401.000000, 401.000000
0.001813, 0.001228, 401.000000, 401.000000, 401.000000
0.001930, 0.001228, 401.000000, 401.000000, 401.000000
0.002048, 0.001228, 401.000000, 401.000000, 401.000000
0.002164, 0.001228, 6.648573, 80.722803, 11.447958
0.002282, 0.001228, 401.000000, 401.000000, 401.000000
0.002398, 0.001228, 401.000000, 401.000000, 401.000000
0.002515, 0.001228, 17.898833, 196.384148, 38.681869
0.002632, 0.001228, 9.760463, 89.466048, 14.237710
0.002749, 0.001228, 9.594603, 86.767575, 13.837077
0.002866, 0.001228, 20.183539, 219.068946, 48.331054
0.002983, 0.001228, 300.046951, 300.046951, 28.769750
0.003101, 0.001228, 15.719027, 15.719027, 14.914171
0.003217, 0.001228, 2.923695, 2.923695, 2.325159
0.003335, 0.001228, 1.500000, 1.500000, 1.500000
0.003451, 0.001228, 2.463430, 6.632247, 2.669978
0.003569, 0.001228, 401.000000, 401.000000, 401.000000
0.003685, 0.001228, 12.096388, 115.943291, 14.134969
0.003802, 0.001228, 3.176118, 11.932959, 3.540768
0.003919, 0.001228, 401.000000, 401.000000, 401.000000
0.004037, 0.001228, 401.000000, 401.000000, 401.000000
0.004153, 0.001228, 401.000000, 401.000000, 401.000000
0.004270, 0.001228, 257.169930, 165.521874, 169.516828
0.004388, 0.001228, 401.000000, 401.000000, 401.000000
0.004504, 0.001228, 195.276384, 57.938540, 37.247214
0.004622, 0.001228, 10.442690, 92.416761, 14.153382
0.004738, 0.001228, 401.000000, 401.000000, 401.000000
0.004856, 0.001228, 392.579553, 392.579553, 258.829724
0.004972, 0.001228, 125.151120, 329.306119, 60.210934
0.005090, 0.001228, 177.837188, 174.634641, 60.620471
0.005206, 0.001228, 401.000000, 401.000000, 401.000000
0.005324, 0.001228, 206.413836, 350.991574, 41.299279
0.005440, 0.001228, 401.000000, 401.000000, 401.000000
0.005557, 0.001228, 208.835992, 208.835992, 6.889344
0.005675, 0.001228, 1.600208, 1.600208, 1.592640
0.005791, 0.001228, 1.500000, 1.500000, 1.500000
-0.005791, 0.001345, 1.681264, 3.542256, 1.777377
-0.005674, 0.001345, 401.000000, 401.000000, 401.000000
-0.005557, 0.001345, 401.000000, 401.000000, 401.000000
-0.005441, 0.001345, 401.000000, 401.000000, 401.000000
-0.005324, 0.001345, 401.000000, 401.000000, 401.000000
-0.005207, 0.001345, 353.821044, 302.476998, 103.878179
-0.005089, 0.001345, 401.000000, 401.000000, 401.000000
-0.004972, 0.001345, 401.000000, 401.000000, 401.000000
-0.004855, 0.001345, 6.286908, 95.958035, 5.219363
-0.004738, 0.001345, 4.042303, 33.102525, 3.655026
-0.004621, 0.001345, 401.000000, 401.000000, 401.000000
-0.004504, 0.001345, 312.497338, 190.432662, 120.461195
-0.004387, 0.001345, 91.961699, 211.438111, 71.897893
-0.004270, 0.001345, 114.984906, 50.682136, 64.286179
-0.004154, 0.001345, 401.000000, 401.000000, 401.000000
-0.004036, 0.001345, 360.864038, 278.752763, 105.771699
-0.003920, 0.001345, 360.081280, 395.744059, 396.192094
-0.003803, 0.001345, 401.000000, 401.000000, 401.000000
-0.003686, 0.001345, 401.000000, 401.000000, 401.000000
-0.003569, 0.001345, 401.000000, 401.000000, 401.000000
-0.003452, 0.001345, 401.000000, 401.000000, 401.000000
-0.003335, 0.001345, 2.021561, 5.027710, 2.162607
-0.003218, 0.001345, 1.500000, 1.500000, 1.500000
-0.003101, 0.001345, 361.423560, 394.884491, 393.388813
-0.002984, 0.001345, 252.504894, 255.657442, 9.680208
-0.002867, 0.001345, 8.384243, 194.748511, 6.242170
-0.002750, 0.001345, 401.000000, 401.000000, 401.000000
-0.002633, 0.001345, 3.046281, 20.751685, 3.796671
-0.002516, 0.001345, 401.000000, 401.000000, 401.000000
-0.002399, 0.001345, 401.000000, 401.000000, 401.000000
-0.002282, 0.001345, 14.477354, 155.325020, 26.515177
-0.002165, 0.001345, 6.170855, 41.474898, 7.715645
-0.002048, 0.001345, 401.000000, 401.000000, 401.000000
-0.001931, 0.001345, 401.000000, 401.000000, 401.000000
-0.001814, 0.001345, 2.868844, 9.802920, 3.161403
-0.001697, 0.001345, 15.968584, 173.522557, 31.383925
-0.001580, 0.001345, 401.000000, 401.000000, 401.000000
-0.001463, 0.001345, 234.317664, 238.484692, 8.359935
-0.001345, 0.001345, 8.438715, 209.943908, 6.758787
-0.001228, 0.001345, 401.000000, 401.000000, 401.000000
-0.001112, 0.001345, 371.869848, 374.654219, 78.929620
-0.000995, 0.001345, 29.484836, 4.514307, 3.939074
-0.000878, 0.001345, 134.588090, 390.908334, 209.085028
-0.000761, 0.001345, 401.000000, 401.000000, 401.000000
-0.000644, 0.001345, 190.470938, 168.500775, 5.484437
-0.000527, 0.001345, 13.373745, 275.537116, 11.614620
-0.000410, 0.001345, 401.000000, 401.000000, 401.000000
-0.000293, 0.001345, 328.483065, 331.998392, 24.707411
-0.000176, 0.001345, 13.036224, 76.832760, 4.384081
-0.000058, 0.001345, 401.000000, 401.000000, 401.000000
0.000058, 0.001345, 401.000000, 401.000000, 401.000000
0.000175, 0.001345, 401.000000, 401.000000, 401.000000
0.000292, 0.001345, 367.870679, 319.142406, 42.587480
0.000409, 0.001345, 97.845148, 10.019328, 14.034027
0.000526, 0.001345, 9.479382, 10.051096, 8.927358
0.000643, 0.001345, 401.000000, 401.000000, 401.000000
0.000760, 0.001345, 401.000000, 401.000000, 401.000000
0.000877, 0.001345, 388.791949, 390.908334, 209.085028
0.000994, 0.001345, 57.279058, 4.514307, 3.939074
0.001112, 0.001345, 64.054068, 374.654219, 78.929620
0.001228, 0.001345, 401.000000, 401.000000, 401.000000
0.001345, 0.001345, 209.943908, 209.943908, 6.758787
0.001462, 0.001345, 10.003265, 238.484692, 8.359935
0.001579, 0.001345, 401.000000, 401.000000, 401.000000
0.001696, 0.001345, 355.587603, 358.745894, 45.047494
0.001813, 0.001345, 19.864892, 5.167228, 4.059178
0.001930, 0.001345, 278.079616, 398.172607, 381.493171
0.002048, 0.001345, 401.000000, 401.000000, 401.000000
0.002164, 0.001345, 6.648573, 80.722803, 11.447958
0.002282, 0.001345, 401.000000, 401.000000, 401.000000
0.002398, 0.001345, 401.000000, 401.000000, 401.000000
0.002515, 0.001345, 17.898833, 196.384148, 38.681869
0.002632, 0.001345, 9.760463, 89.466048, 14.237710
0.002749, 0.001345, 9.594603, 86.767575, 13.837077
0.002866, 0.001345, 20.183539, 219.068946, 48.331054
0.002983, 0.001345, 7.872840, 70.464555, 13.531788
0.003101, 0.001345, 7.838673, 36.373266, 8.691970
0.003217, 0.001345, 48.554945, 5.289040, 5.435049
0.003335, 0.001345, 5.539985, 2.110190, 2.264527
0.003451, 0.001345, 8.770101, 9.455228, 4.063948
0.003569, 0.001345, 8.107773, 2.575774, 2.802333
0.003685, 0.001345, 2.024645, 1.851373, 1.839708
0.003802, 0.001345, 3.176118, 11.932959, 3.540768
0.003919, 0.001345, 401.000000, 401.000000, 401.000000
0.004037, 0.001345, 401.000000, 401.000000, 401.000000
0.004153, 0.001345, 401.000000, 401.000000, 401.000000
0.004270, 0.001345, 327.838760, 46.657425, 54.210952
0.004388, 0.001345, 293.010693, 244.046075, 200.180422
0.004504, 0.001345, 63.271622, 54.348545, 62.298495
0.004622, 0.001345, 10.348479, 16.982701, 12.351660
0.004738, 0.001345, 105.394851, 9.420116, 11.433650
0.004856, 0.001345, 170.660297, 183.331283, 162.984127
0.004972, 0.001345, 400.926532, 400.923292, 400.956938
0.005090, 0.001345, 165.156854, 75.241365, 42.756552
0.005206, 0.001345, 15.962237, 341.163610, 23.674625
0.005324, 0.001345, 7.955805, 78.847712, 13.847999
0.005440, 0.001345, 213.824431, 297.611020, 10.381197
0.005557, 0.001345, 2.876596, 1.880246, 1.922360
0.005675, 0.001345, 1.590295, 1.593835, 1.585137
0.005791, 0.001345, 1.500000, 1.500000, 1.500000
-0.005791, 0.001462, 1.550808, 1.561389, 1.559416
-0.005674, 0.001462, 7.300593, 3.368287, 3.475464
-0.005557, 0.001462, 63.177469, 7.908768, 13.357029
-0.005441, 0.001462, 19.503224, 324.179275, 29.329584
-0.005324, 0.001462, 401.000000, 401.000000, 401.000000
-0.005207, 0.001462, 353.663584, 303.305347, 105.664689
-0.005089, 0.001462, 401.000000, 401.000000, 401.000000
-0.004972, 0.001462, 401.000000, 401.000000, 401.000000
-0.004855, 0.001462, 394.725037, 208.450103, 306.504646
-0.004738, 0.001462, 135.133142, 76.023187, 108.929880
-0.004621, 0.001462, 401.000000, 401.000000, 401.000000
-0.004504, 0.001462, 229.058649, 326.697636, 75.544151
-0.004387, 0.001462, 121.978777, 20.809878, 45.691874
-0.004270, 0.001462, 46.254711, 330.317831, 142.987776
-0.004154, 0.001462, 257.645454, 269.101995, 10.514089
-0.004036, 0.001462, 7.647998, 156.235621, 4.929653
-0.003920, 0.001462, 401.000000, 401.000000, 401.000000
-0.003803, 0.001462, 401.000000, 401.000000, 401.000000
-0.003686, 0.001462, 401.000000, 401.000000, 401.000000
-0.003569, 0.001462, 401.000000, 401.000000, 401.000000
-0.003452, 0.001462, 401.000000, 401.000000, 401.000000
-0.003335, 0.001462, 2.021561, 5.027710, 2.162607
-0.003218, 0.001462, 1.500000, 1.500000, 1.500000
-0.003101, 0.001462, 361.423560, 394.884491, 393.388813
-0.002984, 0.001462, 274.352302, 13.777879, 11.950322
-0.002867, 0.001462, 9.888113, 8.767004, 7.343180
-0.002750, 0.001462, 401.000000, 401.000000, 401.000000
-0.002633, 0.001462, 3.046281, 20.751685, 3.796671
-0.002516, 0.001462, 401.000000, 401.000000, 401.000000
-0.002399, 0.001462, 401.000000, 401.000000, 401.000000
-0.002282, 0.001462, 13.271950, 150.630905, 19.267684
-0.002165, 0.001462, 6.170855, 41.474898, 7.715645
-0.002048, 0.001462, 401.000000, 401.000000, 401.000000
-0.001931, 0.001462, 401.000000, 401.000000, 401.000000
-0.001814, 0.001462, 2.868844, 9.802920, 3.161403
-0.001697, 0.001462, 15.968584, 173.522557, 31.383925
-0.001580, 0.001462, 401.000000, 401.000000, 401.000000
-0.001463, 0.001462, 261.692805, 12.372999, 10.572933
-0.001345, 0.001462, 10.290077, 10.003265, 8.359935
-0.001228, 0.001462, 401.000000, 401.000000, 401.000000
-0.001112, 0.001462, 384.793230, 107.231702, 148.089562
-0.000995, 0.001462, 49.407735, 5.407421, 4.800872
-0.000878, 0.001462, 251.180110, 251.180110, 349.799510
-0.000761, 0.001462, 401.000000, 401.000000, 401.000000
-0.000644, 0.001462, 219.608171, 7.774054, 6.655806
-0.000527, 0.001462, 17.155460, 17.155460, 15.369495
-0.000410, 0.001462, 401.000000, 401.000000, 401.000000
-0.000293, 0.001462, 348.665423, 35.581136, 36.612559
-0.000176, 0.001462, 17.873377, 5.897559, 5.302030
-0.000058, 0.001462, 401.000000, 401.000000, 401.000000
0.000058, 0.001462, 401.000000, 401.000000, 401.000000
0.000175, 0.001462, 313.800474, 313.800474, 25.068164
0.000292, 0.001462, 11.515209, 9.945931, 10.166610
0.000409, 0.001462, 174.927230, 16.903571, 33.624759
0.000526, 0.001462, 394.929732, 394.929732, 400.616781
0.000643, 0.001462, 401.000000, 401.000000, 401.000000
0.000760, 0.001462, 401.000000, 401.000000, 401.000000
0.000877, 0.001462, 396.634176, 251.180110, 349.799510
0.000994, 0.001462, 111.102511, 5.407421, 4.800872
0.001112, 0.001462, 107.231702, 107.231702, 148.089562
0.001228, 0.001462, 401.000000, 401.000000, 401.000000
0.001345, 0.001462, 238.484692, 10.003265, 8.359935
0.001462, 0.001462, 12.372999, 12.372999, 10.572933
0.001579, 0.001462, 401.000000, 401.000000, 401.000000
0.001696, 0.001462, 371.830253, 63.848579, 76.294434
0.001813, 0.001462, 30.385940, 5.549833, 4.964136
0.001930, 0.001462, 395.320165, 395.320165, 400.635078
0.002048, 0.001462, 401.000000, 401.000000, 401.000000
0.002164, 0.001462, 6.648573, 80.722803, 11.447958
0.002282, 0.001462, 401.000000, 401.000000, 401.000000
0.002398, 0.001462, 401.000000, 401.000000, 401.000000
0.002515, 0.001462, 17.898833, 196.384148, 38.681869
0.002632, 0.001462, 9.100693, 87.924283, 12.073630
0.002749, 0.001462, 9.322864, 86.112844, 12.875240
0.002866, 0.001462, 20.699720, 219.134328, 49.935582
0.002983, 0.001462, 7.746861, 102.879291, 14.952463
0.003101, 0.001462, 4.156470, 10.263972, 3.672173
0.003217, 0.001462, 21.916973, 3.791728, 3.752688
0.003335, 0.001462, 4.095661, 1.803317, 1.914185
0.003451, 0.001462, 1.664866, 1.625384, 1.642749
0.003569, 0.001462, 5.350506, 2.568648, 2.707998
0.003685, 0.001462, 2.231377, 2.054838, 1.957693
0.003802, 0.001462, 3.176118, 11.932959, 3.540768
0.003919, 0.001462, 401.000000, 401.000000, 401.000000
0.004037, 0.001462, 401.000000, 401.000000, 401.000000
0.004153, 0.001462, 401.000000, 401.000000, 401.000000
0.004270, 0.001462, 355.742752, 331.432941, 144.564122
0.004388, 0.001462, 344.582790, 171.326573, 55.685962
0.004504, 0.001462, 262.242867, 373.788777, 341.473384
0.004622, 0.001462, 10.251972, 45.565275, 13.103537
0.004738, 0.001462, 10.672454, 5.766160, 6.098019
0.004856, 0.001462, 294.677642, 266.991338, 108.221434
0.004972, 0.001462, 108.713509, 385.122599, 134.507807
0.005090, 0.001462, 269.794527, 292.537114, 97.098701
0.005206, 0.001462, 12.028415, 4.899708, 5.915147
0.005324, 0.001462, 7.159937, 12.015676, 7.078852
0.005440, 0.001462, 5.973556, 27.402122, 8.726304
0.005557, 0.001462, 66.574436, 66.574436, 80.470112
0.005675, 0.001462, 179.095640, 8.649352, 7.084244
0.005791, 0.001462, 1.500000, 1.500000, 1.500000
-0.005791, 0.001579, 1.506766, 1.517382, 1.521107
-0.005674, 0.001579, 30.892215, 75.387880, 57.430055
-0.005557, 0.001579, 401.000000, 401.000000, 401.000000
-0.005441, 0.001579, 7.495533, 97.817875, 13.231785
-0.005324, 0.001579, 295.728369, 353.955685, 106.071166
-0.005207, 0.001579, 401.000000, 401.000000, 401.000000
-0.005089, 0.001579, 300.377940, 351.422845, 104.728014
-0.004972, 0.001579, 401.000000, 401.000000, 401.000000
-0.004855, 0.001579, 401.000000, 401.000000, 401.000000
-0.004738, 0.001579, 401.000000, 401.000000, 401.000000
-0.004621, 0.001579, 322.967429, 232.944576, 61.207729
-0.004504, 0.001579, 113.214702, 90.659849, 33.530632
-0.004387, 0.001579, 73.771791, 16.388635, 19.544938
-0.004270, 0.001579, 8.549467, 169.874415, 14.861937
-0.004154, 0.001579, 313.103740, 20.794558, 19.217603
-0.004036, 0.001579, 12.526696, 8.591347, 7.513904
-0.003920, 0.001579, 401.000000, 401.000000, 401.000000
-0.003803, 0.001579, 401.000000, 401.000000, 401.000000
-0.003686, 0.001579, 171.693904, 216.876000, 6.253210
-0.003569, 0.001579, 5.672300, 171.922999, 4.689120
-0.003452, 0.001579, 401.000000, 401.000000, 401.000000
-0.003335, 0.001579, 7.994991, 6.949037, 5.198252
-0.003218, 0.001579, 1.500000, 1.500000, 1.500000
-0.003101, 0.001579, 361.423560, 394.884491, 393.388813
-0.002984, 0.001579, 401.000000, 401.000000, 401.000000
-0.002867, 0.001579, 401.000000, 401.000000, 401.000000
-0.002750, 0.001579, 401.000000, 401.000000, 401.000000
-0.002633, 0.001579, 3.281224, 20.861618, 4.095438
-0.002516, 0.001579, 401.000000, 401.000000, 401.000000
-0.002399, 0.001579, 352.006446, 352.006446, 40.182115
-0.002282, 0.001579, 2.383244, 2.383244, 2.065093
-0.002165, 0.001579, 6.170855, 41.474898, 7.715645
-0.002048, 0.001579, 401.000000, 401.000000, 401.000000
-0.001931, 0.001579, 401.000000, 401.000000, 401.000000
-0.001814, 0.001579, 2.868844, 9.802920, 3.161403
-0.001697, 0.001579, 15.968584, 173.522557, 31.383925
-0.001580, 0.001579, 401.000000, 401.000000, 401.000000
-0.001463, 0.001579, 401.000000, 401.000000, 401.000000
-0.001345, 0.001579, 401.000000, 401.000000, 401.000000
-0.001228, 0.001579, 401.000000, 401.000000, 401.000000
-0.001112, 0.001579, 401.000000, 401.000000, 401.000000
-0.000995, 0.001579, 401.000000, 401.000000, 401.000000
-0.000878, 0.001579, 401.000000, 401.000000, 401.000000
-0.000761, 0.001579, 401.000000, 401.000000, 401.000000
-0.000644, 0.001579, 401.000000, 401.000000, 401.000000
-0.000527, 0.001579, 401.000000, 401.000000, 401.000000
-0.000410, 0.001579, 401.000000, 401.000000, 401.000000
-0.000293, 0.001579, 401.000000, 401.000000, 401.000000
-0.000176, 0.001579, 401.000000, 401.000000, 401.000000
-0.000058, 0.001579, 401.000000, 401.000000, 401.000000
0.000058, 0.001579, 401.000000, 401.000000, 401.000000
0.000175, 0.001579, 6.420170, 51.754647, 10.170624
0.000292, 0.001579, 401.000000, 401.000000, 401.000000
0.000409, 0.001579, 401.000000, 401.000000, 401.000000
0.000526, 0.001579, 401.000000, 401.000000, 401.000000
0.000643, 0.001579, 401.000000, 401.000000, 401.000000
0.000760, 0.001579, 401.000000, 401.000000, 401.000000
0.000877, 0.001579, 401.000000, 401.000000, 401.000000
0.000994, 0.001579, 401.000000, 401.000000, 401.000000
0.001112, 0.001579, 401.000000, 401.000000, 401.000000
0.001228, 0.001579, 401.000000, 401.000000, 401.000000
0.001345, 0.001579, 401.000000, 401.000000, 401.000000
0.001462, 0.001579, 401.000000, 401.000000, 401.000000
0.001579, 0.001579, 401.000000, 401.000000, 401.000000
0.001696, 0.001579, 401.000000, 401.000000, 401.000000
0.001813, 0.001579, 401.000000, 401.000000, 401.000000
0.001930, 0.001579, 401.000000, 401.000000, 401.000000
0.002048, 0.001579, 401.000000, 401.000000, 401.000000
0.002164, 0.001579, 6.648573, 80.722803, 11.447958
0.002282, 0.001579, 401.000000, 401.000000, 401.000000
0.002398, 0.001579, 401.000000, 401.000000, 401.000000
0.002515, 0.001579, 17.898833, 196.384148, 38.681869
0.002632, 0.001579, 2.231290, 1.678071, 1.721701
0.002749, 0.001579, 7.099996, 6.319032, 5.073105
0.002866, 0.001579, 380.111449, 380.111449, 394.467831
0.002983, 0.001579, 8.371563, 37.730042, 13.272797
0.003101, 0.001579, 1.944419, 4.673542, 2.082279
0.003217, 0.001579, 1.500000, 1.500000, 1.500000
0.003335, 0.001579, 1.500000, 1.500000, 1.500000
0.003451, 0.001579, 2.300260, 4.883857, 2.439045
0.003569, 0.001579, 401.000000, 401.000000, 401.000000
0.003685, 0.001579, 12.475163, 37.995003, 16.051022
0.003802, 0.001579, 4.922815, 12.120283, 4.891090
0.003919, 0.001579, 401.000000, 401.000000, 401.000000
0.004037, 0.001579, 250.265256, 235.185080, 8.710224
0.004153, 0.001579, 18.606416, 304.523024, 16.887954
0.004270, 0.001579, 236.334202, 91.364132, 74.417720
0.004388, 0.001579, 401.000000, 401.000000, 401.000000
0.004504, 0.001579, 140.330659, 283.908846, 52.683315
0.004622, 0.001579, 8.661122, 87.113908, 13.944051
0.004738, 0.001579, 401.000000, 401.000000, 401.000000
0.004856, 0.001579, 398.811054, 322.468306, 389.013797
0.004972, 0.001579, 162.582091, 137.818094, 143.072350
0.005090, 0.001579, 36.162928, 247.450535, 45.792565
0.005206, 0.001579, 401.000000, 401.000000, 401.000000
0.005324, 0.001579, 9.078885, 90.574378, 16.135421
0.005440, 0.001579, 7.468193, 80.912564, 12.920971
0.005557, 0.001579, 401.000000, 401.000000, 401.000000
0.005675, 0.001579, 374.687165, 395.917458, 395.017909
0.005791, 0.001579, 1.505584, 1.517382, 1.521107
-0.005791, 0.001696, 1.500000, 1.500000, 1.500000
-0.005674, 0.001696, 5.415515, 4.512639, 3.849042
-0.005557, 0.001696, 62.156127, 6.189147, 6.387222
-0.005441, 0.001696, 7.214453, 29.662818, 9.895146
-0.005324, 0.001696, 401.000000, 401.000000, 401.000000
-0.005207, 0.001696, 326.150698, 310.479684, 103.073210
-0.005089, 0.001696, 401.000000, 401.000000, 401.000000
-0.004972, 0.001696, 401.000000, 401.000000, 401.000000
-0.004855, 0.001696, 370.795837, 238.168244, 69.336108
-0.004738, 0.001696, 400.180094, 400.329190, 400.545944
-0.004621, 0.001696, 24.003548, 83.766336, 52.386302
-0.004504, 0.001696, 20.502048, 130.457952, 38.957708
-0.004387, 0.001696, 384.152149, 66.636338, 168.143683
-0.004270, 0.001696, 9.608842, 17.052741, 7.979804
-0.004154, 0.001696, 20.220626, 295.130360, 25.614410
-0.004036, 0.001696, 401.000000, 401.000000, 401.000000
-0.003920, 0.001696, 401.000000, 401.000000, 401.000000
-0.003803, 0.001696, 401.000000, 401.000000, 401.000000
-0.003686, 0.001696, 326.738432, 24.884754, 23.767402
-0.003569, 0.001696, 18.021257, 16.145619, 14.590313
-0.003452, 0.001696, 401.000000, 401.000000, 401.000000
-0.003335, 0.001696, 6.645262, 98.975650, 4.331083
-0.003218, 0.001696, 1.500000, 1.500000, 1.500000
-0.003101, 0.001696, 361.423560, 394.884491, 393.388813
-0.002984, 0.001696, 401.000000, 401.000000, 401.000000
-0.002867, 0.001696, 401.000000, 401.000000, 401.000000
-0.002750, 0.001696, 401.000000, 401.000000, 401.000000
-0.002633, 0.001696, 3.024573, 11.494904, 3.437276
-0.002516, 0.001696, 68.137346, 8.826016, 11.829433
-0.002399, 0.001696, 2.383244, 2.383244, 2.065093
-0.002282, 0.001696, 1.500000, 1.500000, 1.500000
-0.002165, 0.001696, 6.170855, 41.474898, 7.715645
-0.002048, 0.001696, 401.000000, 401.000000, 401.000000
-0.001931, 0.001696, 401.000000, 401.000000, 401.000000
-0.001814, 0.001696, 2.868844, 9.802920, 3.161403
-0.001697, 0.001696, 15.968584, 173.522557, 31.383925
-0.001580, 0.001696, 401.000000, 401.000000, 401.000000
-0.001463, 0.001696, 371.830253, 371.830253, 76.294434
-0.001345, 0.001696, 46.261725, 355.587603, 45.047494
-0.001228, 0.001696, 401.000000, 401.000000, 401.000000
-0.001112, 0.001696, 401.000000, 401.000000, 401.000000
-0.000995, 0.001696, 332.338424, 322.146682, 30.705351
-0.000878, 0.001696, 401.000000, 401.000000, 401.000000
-0.000761, 0.001696, 401.000000, 401.000000, 401.000000
-0.000644, 0.001696, 348.859424, 329.169143, 32.577645
-0.000527, 0.001696, 132.228856, 388.733802, 191.894506
-0.000410, 0.001696, 401.000000, 401.000000, 401.000000
-0.000293, 0.001696, 400.983500, 400.983500, 400.985088
-0.000176, 0.001696, 324.997524, 289.045072, 30.330393
-0.000058, 0.001696, 401.000000, 401.000000, 401.000000
0.000058, 0.001696, 401.000000, 401.000000, 401.000000
0.000175, 0.001696, 6.419316, 77.211420, 10.849629
0.000292, 0.001696, 401.000000, 401.000000, 401.000000
0.000409, 0.001696, 401.000000, 401.000000, 401.000000
0.000526, 0.001696, 388.733802, 388.733802, 191.894506
0.000643, 0.001696, 74.187612, 329.169143, 32.577645
0.000760, 0.001696, 401.000000, 401.000000, 401.000000
0.000877, 0.001696, 401.000000, 401.000000, 401.000000
0.000994, 0.001696, 334.288294, 322.146682, 30.705351
0.001112, 0.001696, 401.000000, 401.000000, 401.000000
0.001228, 0.001696, 401.000000, 401.000000, 401.000000
0.001345, 0.001696, 358.745894, 355.587603, 45.047494
0.001462, 0.001696, 63.848579, 371.830253, 76.294434
0.001579, 0.001696, 401.000000, 401.000000, 401.000000
0.001696, 0.001696, 401.000000, 401.000000, 401.000000
0.001813, 0.001696, 330.494455, 319.805027, 30.803192
0.001930, 0.001696, 401.000000, 401.000000, 401.000000
0.002048, 0.001696, 401.000000, 401.000000, 401.000000
0.002164, 0.001696, 6.648573, 80.722803, 11.447958
0.002282, 0.001696, 401.000000, 401.000000, 401.000000
0.002398, 0.001696, 401.000000, 401.000000, 401.000000
0.002515, 0.001696, 16.010525, 188.301229, 23.722578
0.002632, 0.001696, 4.446808, 4.536897, 3.466051
0.002749, 0.001696, 396.287514, 396.287514, 343.170398
0.002866, 0.001696, 11.281523, 10.684073, 11.648171
0.002983, 0.001696, 61.778227, 61.777768, 5.706792
0.003101, 0.001696, 11.384561, 17.661993, 14.568456
0.003217, 0.001696, 200.408726, 5.886358, 5.604130
0.003335, 0.001696, 9.775782, 2.716325, 3.145336
0.003451, 0.001696, 10.280136, 7.033583, 5.363334
0.003569, 0.001696, 81.219992, 8.929693, 12.430308
0.003685, 0.001696, 11.211754, 8.839393, 9.650476
0.003802, 0.001696, 142.260370, 243.111846, 281.060951
0.003919, 0.001696, 401.000000, 401.000000, 401.000000
0.004037, 0.001696, 171.446744, 7.098056, 5.144485
0.004153, 0.001696, 9.999552, 12.322902, 8.642265
0.004270, 0.001696, 16.345135, 164.746995, 16.438327
0.004388, 0.001696, 400.854488, 400.854571, 400.895294
0.004504, 0.001696, 170.429008, 209.241768, 27.515230
0.004622, 0.001696, 374.016569, 99.562285, 163.342816
0.004738, 0.001696, 289.107516, 236.179303, 53.163271
0.004856, 0.001696, 281.948959, 256.783348, 139.553472
0.004972, 0.001696, 37.374664, 179.961635, 73.482522
0.005090, 0.001696, 168.353958, 97.762264, 47.550811
0.005206, 0.001696, 262.850213, 81.931420, 64.142026
0.005324, 0.001696, 70.755305, 137.646726, 96.003222
0.005440, 0.001696, 6.819196, 72.625542, 11.351346
0.005557, 0.001696, 401.000000, 401.000000, 401.000000
0.005675, 0.001696, 354.671061, 390.281312, 304.726017
0.005791, 0.001696, 1.500000, 1.500000, 1.500000
-0.005791, 0.001813, 1.500000, 1.500000, 1.500000
-0.005674, 0.001813, 1.521046, 1.521046, 1.523758
-0.005557, 0.001813, 2.827532, 1.876534, 1.955583
-0.005441, 0.001813, 6.717008, 48.182744, 8.584698
-0.005324, 0.001813, 401.000000, 401.000000, 401.000000
-0.005207, 0.001813, 344.776750, 312.760614, 103.565814
-0.005089, 0.001813, 401.000000, 401.000000, 401.000000
-0.004972, 0.001813, 179.699295, 305.527970, 36.465981
-0.004855, 0.001813, 55.395922, 18.693303, 38.273710
-0.004738, 0.001813, 12.106530, 151.047188, 18.050585
-0.004621, 0.001813, 240.453120, 29.445714, 35.954347
-0.004504, 0.001813, 16.998454, 36.873223, 9.511839
-0.004387, 0.001813, 45.161443, 118.872438, 18.263855
-0.004270, 0.001813, 343.147189, 43.821397, 47.197827
-0.004154, 0.001813, 11.548963, 15.822721, 7.954874
-0.004036, 0.001813, 90.875354, 8.026423, 15.525667
-0.003920, 0.001813, 62.450771, 325.736407, 51.271285
-0.003803, 0.001813, 401.000000, 401.000000, 401.000000
-0.003686, 0.001813, 401.000000, 401.000000, 401.000000
-0.003569, 0.001813, 401.000000, 401.000000, 401.000000
-0.003452, 0.001813, 401.000000, 401.000000, 401.000000
-0.003335, 0.001813, 2.021561, 5.027710, 2.162607
-0.003218, 0.001813, 1.500000, 1.500000, 1.500000
-0.003101, 0.001813, 139.304476, 385.712430, 210.218070
-0.002984, 0.001813, 401.000000, 401.000000, 401.000000
-0.002867, 0.001813, 401.000000, 401.000000, 401.000000
-0.002750, 0.001813, 401.000000, 401.000000, 401.000000
-0.002633, 0.001813, 2.201228, 5.909839, 2.370538
-0.002516, 0.001813, 1.500000, 1.500000, 1.500000
-0.002399, 0.001813, 1.500000, 1.500000, 1.500000
-0.002282, 0.001813, 2.439815, 2.439815, 2.059490
-0.002165, 0.001813, 38.119020, 47.942815, 42.241639
-0.002048, 0.001813, 401.000000, 401.000000, 401.000000
-0.001931, 0.001813, 401.000000, 401.000000, 401.000000
-0.001814, 0.001813, 2.868844, 9.802920, 3.161403
-0.001697, 0.001813, 15.968584, 173.522557, 31.383925
-0.001580, 0.001813, 401.000000, 401.000000, 401.000000
-0.001463, 0.001813, 8.207211, 30.385940, 4.964136
-0.001345, 0.001813, 4.557110, 19.864892, 4.059178
-0.001228, 0.001813, 401.000000, 401.000000, 401.000000
-0.001112, 0.001813, 354.226688, 357.672378, 60.309276
-0.000995, 0.001813, 2.840006, 2.515686, 2.317902
-0.000878, 0.001813, 117.424172, 385.461220, 204.728500
-0.000761, 0.001813, 401.000000, 401.000000, 401.000000
-0.000644, 0.001813, 3.959735, 12.458625, 3.302732
-0.000527, 0.001813, 7.495551, 63.670333, 6.834676
-0.000410, 0.001813, 401.000000, 401.000000, 401.000000
-0.000293, 0.001813, 218.728905, 285.372514, 15.389652
-0.000176, 0.001813, 2.963202, 6.779935, 2.585523
-0.000058, 0.001813, 401.000000, 401.000000, 401.000000
0.000058, 0.001813, 401.000000, 401.000000, 401.000000
0.000175, 0.001813, 6.419316, 77.211420, 10.849629
0.000292, 0.001813, 401.000000, 401.000000, 401.000000
0.000409, 0.001813, 401.000000, 401.000000, 401.000000
0.000526, 0.001813, 116.972560, 63.670333, 6.834676
0.000643, 0.001813, 3.665992, 12.458625, 3.302732
0.000760, 0.001813, 401.000000, 401.000000, 401.000000
0.000877, 0.001813, 385.084238, 385.461220, 204.728500
0.000994, 0.001813, 2.934364, 2.515686, 2.317902
0.001112, 0.001813, 45.529077, 357.672378, 60.309276
0.001228, 0.001813, 401.000000, 401.000000, 401.000000
0.001345, 0.001813, 5.167228, 19.864892, 4.059178
0.001462, 0.001813, 5.549833, 30.385940, 4.964136
0.001579, 0.001813, 401.000000, 401.000000, 401.000000
0.001696, 0.001813, 319.805027, 330.494455, 30.803192
0.001813, 0.001813, 2.846211, 2.846211, 2.399660
0.001930, 0.001813, 286.732525, 397.218877, 384.262013
0.002048, 0.001813, 401.000000, 401.000000, 401.000000
0.002164, 0.001813, 6.648573, 80.722803, 11.447958
0.002282, 0.001813, 401.000000, 401.000000, 401.000000
0.002398, 0.001813, 401.000000, 401.000000, 401.000000
0.002515, 0.001813, 7.392965, 43.937722, 9.089484
0.002632, 0.001813, 395.937259, 395.937259, 343.104449
0.002749, 0.001813, 8.945866, 8.976092, 8.496021
0.002866, 0.001813, 62.376752, 70.221073, 9.062519
0.002983, 0.001813, 3.050017, 2.000400, 2.027881
0.003101, 0.001813, 10.252994, 4.445868, 4.934881
0.003217, 0.001813, 9.067837, 3.086964, 3.174356
0.003335, 0.001813, 5.027210, 2.021466, 2.162474
0.003451, 0.001813, 5.027210, 2.021466, 2.162474
0.003569, 0.001813, 5.722178, 4.571024, 3.744488
0.003685, 0.001813, 395.418534, 387.233625, 400.359028
0.003802, 0.001813, 401.000000, 401.000000, 401.000000
0.003919, 0.001813, 389.915669, 383.292031, 233.347563
0.004037, 0.001813, 182.436011, 8.500557, 15.830860
0.004153, 0.001813, 44.433877, 9.242614, 9.939943
0.004270, 0.001813, 32.639688, 6.298005, 5.885414
0.004388, 0.001813, 26.470115, 4.623871, 5.617133
0.004504, 0.001813, 20.616673, 48.244544, 35.072077
0.004622, 0.001813, 401.000000, 401.000000, 401.000000
0.004738, 0.001813, 400.667021, 399.898117, 400.733507
0.004856, 0.001813, 401.000000, 401.000000, 401.000000
0.004972, 0.001813, 401.000000, 401.000000, 401.000000
0.005090, 0.001813, 388.647711, 367.296413, 159.548918
0.005206, 0.001813, 256.014873, 335.563034, 216.720569
0.005324, 0.001813, 400.972740, 400.972606, 400.975005
0.005440, 0.001813, 5.397303, 40.639731, 6.937079
0.005557, 0.001813, 13.290616, 5.972725, 7.022208
0.005675, 0.001813, 4.012463, 3.559386, 2.778460
0.005791, 0.001813, 1.500000, 1.500000, 1.500000
-0.005791, 0.001930, 1.500000, 1.500000, 1.500000
-0.005674, 0.001930, 9.118626, 10.037380, 8.490428
-0.005557, 0.001930, 399.998174, 369.754982, 398.874491
-0.005441, 0.001930, 7.606593, 72.042361, 13.216250
-0.005324, 0.001930, 378.305536, 389.747291, 316.054459
-0.005207, 0.001930, 400.520033, 400.030699, 400.596614
-0.005089, 0.001930, 378.990607, 389.554469, 314.781588
-0.004972, 0.001930, 67.409537, 73.833910, 25.289399
-0.004855, 0.001930, 110.906308, 384.392199, 191.788640
-0.004738, 0.001930, 310.476932, 68.823250, 96.481315
-0.004621, 0.001930, 283.450516, 386.302459, 326.573982
-0.004504, 0.001930, 9.117732, 94.774549, 17.235242
-0.004387, 0.001930, 390.815670, 117.027204, 279.753945
-0.004270, 0.001930, 245.652097, 324.877273, 63.765754
-0.004154, 0.001930, 7.984607, 91.290311, 15.524977
-0.004036, 0.001930, 401.000000, 401.000000, 401.000000
-0.003920, 0.001930, 14.818808, 20.960585, 20.067952
-0.003803, 0.001930, 60.504163, 384.651422, 106.983670
-0.003686, 0.001930, 378.504021, 378.504021, 102.763567
-0.003569, 0.001930, 42.788134, 280.513607, 16.292737
-0.003452, 0.001930, 401.000000, 401.000000, 401.000000
-0.003335, 0.001930, 2.021561, 5.027710, 2.162607
-0.003218, 0.001930, 1.500000, 1.500000, 1.500000
-0.003101, 0.001930, 3.351440, 3.650481, 2.617703
-0.002984, 0.001930, 144.149345, 390.016412, 212.132023
-0.002867, 0.001930, 401.000000, 401.000000, 401.000000
-0.002750, 0.001930, 401.000000, 401.000000, 401.000000
-0.002633, 0.001930, 2.201228, 5.909839, 2.370538
-0.002516, 0.001930, 1.500000, 1.500000, 1.500000
-0.002399, 0.001930, 2.439815, 2.439815, 2.059490
-0.002282, 0.001930, 37.834176, 37.834176, 39.462427
-0.002165, 0.001930, 401.000000, 401.000000, 401.000000
-0.002048, 0.001930, 401.000000, 401.000000, 401.000000
-0.001931, 0.001930, 401.000000, 401.000000, 401.000000
-0.001814, 0.001930, 2.868844, 9.802920, 3.161403
-0.001697, 0.001930, 15.968584, 173.522557, 31.383925
-0.001580, 0.001930, 401.000000, 401.000000, 401.000000
-0.001463, 0.001930, 400.573389, 395.320165, 400.635078
-0.001345, 0.001930, 368.839211, 278.079616, 381.493171
-0.001228, 0.001930, 401.000000, 401.000000, 401.000000
-0.001112, 0.001930, 401.000000, 401.000000, 401.000000
-0.000995, 0.001930, 397.227009, 285.817049, 383.932081
-0.000878, 0.001930, 401.000000, 401.000000, 401.000000
-0.000761, 0.001930, 401.000000, 401.000000, 401.000000
-0.000644, 0.001930, 397.381990, 284.173831, 383.358654
-0.000527, 0.001930, 401.000000, 401.000000, 401.000000
-0.000410, 0.001930, 401.000000, 401.000000, 401.000000
-0.000293, 0.001930, 401.000000, 401.000000, 401.000000
-0.000176, 0.001930, 397.209451, 282.770209, 382.839225
-0.000058, 0.001930, 401.000000, 401.000000, 401.000000
0.000058, 0.001930, 401.000000, 401.000000, 401.000000
0.000175, 0.001930, 6.419316, 77.211420, 10.849629
0.000292, 0.001930, 401.000000, 401.000000, 401.000000
0.000409, 0.001930, 401.000000, 401.000000, 401.000000
0.000526, 0.001930, 401.000000, 401.000000, 401.000000
0.000643, 0.001930, 397.068338, 284.173831, 383.358654
0.000760, 0.001930, 401.000000, 401.000000, 401.000000
0.000877, 0.001930, 401.000000, 401.000000, 401.000000
0.000994, 0.001930, 397.233878, 285.817049, 383.932081
0.001112, 0.001930, 401.000000, 401.000000, 401.000000
0.001228, 0.001930, 401.000000, 401.000000, 401.000000
0.001345, 0.001930, 398.172607, 278.079616, 381.493171
0.001462, 0.001930, 395.320165, 395.320165, 400.635078
0.001579, 0.001930, 401.000000, 401.000000, 401.000000
0.001696, 0.001930, 401.000000, 401.000000, 401.000000
0.001813, 0.001930, 397.218877, 286.732525, 384.262013
0.001930, 0.001930, 401.000000, 401.000000, 401.000000
0.002048, 0.001930, 401.000000, 401.000000, 401.000000
0.002164, 0.001930, 6.648573, 80.722803, 11.447958
0.002282, 0.001930, 401.000000, 401.000000, 401.000000
0.002398, 0.001930, 401.000000, 401.000000, 401.000000
0.002515, 0.001930, 6.585988, 79.552138, 11.261231
0.002632, 0.001930, 8.656172, 144.110404, 11.581738
0.002749, 0.001930, 23.707847, 67.159388, 52.331820
0.002866, 0.001930, 5.172328, 28.975222, 7.370334
0.002983, 0.001930, 86.988120, 86.988120, 113.716267
0.003101, 0.001930, 401.000000, 401.000000, 401.000000
0.003217, 0.001930, 401.000000, 401.000000, 401.000000
0.003335, 0.001930, 401.000000, 401.000000, 401.000000
0.003451, 0.001930, 401.000000, 401.000000, 401.000000
0.003569, 0.001930, 401.000000, 401.000000, 401.000000
0.003685, 0.001930, 401.000000, 401.000000, 401.000000
0.003802, 0.001930, 370.845908, 392.134377, 285.194977
0.003919, 0.001930, 35.600330, 202.177806, 48.014939
0.004037, 0.001930, 401.000000, 401.000000, 401.000000
0.004153, 0.001930, 8.729319, 67.726594, 13.971291
0.004270, 0.001930, 12.571743, 33.457628, 21.799130
0.004388, 0.001930, 120.416854, 20.924946, 36.275460
0.004504, 0.001930, 19.522932, 145.506062, 41.352328
0.004622, 0.001930, 401.000000, 401.000000, 401.000000
0.004738, 0.001930, 154.958934, 140.806379, 4.481317
0.004856, 0.001930, 11.726995, 271.953815, 10.543129
0.004972, 0.001930, 401.000000, 401.000000, 401.000000
0.005090, 0.001930, 242.314121, 71.099840, 79.910741
0.005206, 0.001930, 317.132498, 89.911180, 231.225908
0.005324, 0.001930, 173.583517, 167.553511, 54.157187
0.005440, 0.001930, 6.440093, 25.270136, 8.468495
0.005557, 0.001930, 31.735024, 25.569983, 29.913077
0.005675, 0.001930, 79.183315, 10.037376, 8.490425
0.005791, 0.001930, 1.500000, 1.500000, 1.500000
-0.005791, 0.002048, 1.506463, 1.515352, 1.519810
-0.005674, 0.002048, 15.583322, 311.994344, 17.563931
-0.005557, 0.002048, 385.372673, 385.372673, 153.553909
-0.005441, 0.002048, 8.330532, 35.339746, 13.427679
-0.005324, 0.002048, 315.043881, 188.316302, 110.958811
-0.005207, 0.002048, 401.000000, 401.000000, 401.000000
-0.005089, 0.002048, 324.015302, 185.818160, 109.833925
-0.004972, 0.002048, 271.646784, 359.169774, 107.932396
-0.004855, 0.002048, 57.379698, 362.917572, 78.102312
-0.004738, 0.002048, 388.222987, 393.291281, 396.349729
-0.004621, 0.002048, 36.052237, 171.439838, 57.417471
-0.004504, 0.002048, 263.022718, 275.350990, 137.721983
-0.004387, 0.002048, 401.000000, 401.000000, 401.000000
-0.004270, 0.002048, 236.550539, 157.429614, 153.160155
-0.004154, 0.002048, 7.894230, 30.878203, 12.063470
-0.004036, 0.002048, 173.350524, 392.579553, 258.829724
-0.003920, 0.002048, 20.070882, 248.205393, 24.463680
-0.003803, 0.002048, 31.899800, 97.976050, 52.205679
-0.003686, 0.002048, 187.253834, 40.009205, 8.492934
-0.003569, 0.002048, 4.919430, 7.729650, 3.382671
-0.003452, 0.002048, 401.000000, 401.000000, 401.000000
-0.003335, 0.002048, 2.014897, 5.017231, 2.150532
-0.003218, 0.002048, 1.500000, 1.500000, 1.500000
-0.003101, 0.002048, 1.500000, 1.500000, 1.500000
-0.002984, 0.002048, 3.351440, 3.650481, 2.617703
-0.002867, 0.002048, 144.149345, 390.016412, 212.132023
-0.002750, 0.002048, 392.626800, 392.626800, 259.308151
-0.002633, 0.002048, 2.047495, 2.725816, 2.081561
-0.002516, 0.002048, 2.439815, 2.439815, 2.059490
-0.002399, 0.002048, 37.834176, 37.834176, 39.462427
-0.002282, 0.002048, 401.000000, 401.000000, 401.000000
-0.002165, 0.002048, 401.000000, 401.000000, 401.000000
-0.002048, 0.002048, 401.000000, 401.000000, 401.000000
-0.001931, 0.002048, 401.000000, 401.000000, 401.000000
-0.001814, 0.002048, 2.868844, 9.802920, 3.161403
-0.001697, 0.002048, 15.968584, 173.522557, 31.383925
-0.001580, 0.002048, 401.000000, 401.000000, 401.000000
-0.001463, 0.002048, 376.220337, 376.220337, 92.441677
-0.001345, 0.002048, 52.584940, 360.036837, 51.595746
-0.001228, 0.002048, 401.000000, 401.000000, 401.000000
-0.001112, 0.002048, 401.000000, 401.000000, 401.000000
-0.000995, 0.002048, 401.000000, 401.000000, 401.000000
-0.000878, 0.002048, 401.000000, 401.000000, 401.000000
-0.000761, 0.002048, 401.000000, 401.000000, 401.000000
-0.000644, 0.002048, 401.000000, 401.000000, 401.000000
-0.000527, 0.002048, 401.000000, 401.000000, 401.000000
-0.000410, 0.002048, 401.000000, 401.000000, 401.000000
-0.000293, 0.002048, 401.000000, 401.000000, 401.000000
-0.000176, 0.002048, 401.000000, 401.000000, 401.000000
-0.000058, 0.002048, 401.000000, 401.000000, 401.000000
0.000058, 0.002048, 401.000000, 401.000000, 401.000000
0.000175, 0.002048, 6.349218, 76.795825, 10.509986
0.000292, 0.002048, 401.000000, 401.000000, 401.000000
0.000409, 0.002048, 401.000000, 401.000000, 401.000000
0.000526, 0.002048, 401.000000, 401.000000, 401.000000
0.000643, 0.002048, 401.000000, 401.000000, 401.000000
0.000760, 0.002048, 401.000000, 401.000000, 401.000000
0.000877, 0.002048, 401.000000, 401.000000, 401.000000
0.000994, 0.002048, 401.000000, 401.000000, 401.000000
0.001112, 0.002048, 401.000000, 401.000000, 401.000000
0.001228, 0.002048, 401.000000, 401.000000, 401.000000
0.001345, 0.002048, 401.000000, 401.000000, 401.000000
0.001462, 0.002048, 401.000000, 401.000000, 401.000000
0.001579, 0.002048, 401.000000, 401.000000, 401.000000
0.001696, 0.002048, 401.000000, 401.000000, 401.000000
0.001813, 0.002048, 401.000000, 401.000000, 401.000000
0.001930, 0.002048, 401.000000, 401.000000, 401.000000
0.002048, 0.002048, 401.000000, 401.000000, 401.000000
0.002164, 0.002048, 6.648573, 80.722803, 11.447958
0.002282, 0.002048, 401.000000, 401.000000, 401.000000
0.002398, 0.002048, 401.000000, 401.000000, 401.000000
0.002515, 0.002048, 6.585988, 79.552138, 11.261231
0.002632, 0.002048, 8.164494, 67.141872, 11.086841
0.002749, 0.002048, 27.889536, 280.503972, 92.090458
0.002866, 0.002048, 4.900128, 31.138107, 6.080354
0.002983, 0.002048, 7.243130, 183.761046, 5.828701
0.003101, 0.002048, 401.000000, 401.000000, 401.000000
0.003217, 0.002048, 401.000000, 401.000000, 401.000000
0.003335, 0.002048, 401.000000, 401.000000, 401.000000
0.003451, 0.002048, 401.000000, 401.000000, 401.000000
0.003569, 0.002048, 401.000000, 401.000000, 401.000000
0.003685, 0.002048, 401.000000, 401.000000, 401.000000
0.003802, 0.002048, 401.000000, 401.000000, 401.000000
0.003919, 0.002048, 197.730496, 336.667044, 67.864777
0.004037, 0.002048, 392.670321, 392.733632, 379.332521
0.004153, 0.002048, 213.492384, 111.159980, 64.515514
0.004270, 0.002048, 399.866862, 357.744856, 399.048492
0.004388, 0.002048, 371.504878, 38.678670, 106.234871
0.004504, 0.002048, 401.000000, 401.000000, 401.000000
0.004622, 0.002048, 401.000000, 401.000000, 401.000000
0.004738, 0.002048, 245.130595, 8.927631, 7.997977
0.004856, 0.002048, 25.986993, 25.986993, 25.022723
0.004972, 0.002048, 401.000000, 401.000000, 401.000000
0.005090, 0.002048, 181.790538, 265.752089, 55.549918
0.005206, 0.002048, 401.000000, 401.000000, 401.000000
0.005324, 0.002048, 36.595414, 320.367733, 26.290638
0.005440, 0.002048, 7.054921, 33.574721, 10.402468
0.005557, 0.002048, 110.227952, 385.372673, 153.553909
0.005675, 0.002048, 213.011197, 311.994344, 17.563931
0.005791, 0.002048, 1.505550, 1.515352, 1.519810
-0.005791, 0.002164, 1.500000, 1.500000, 1.500000
-0.005674, 0.002164, 2.017976, 1.655780, 1.687313
-0.005557, 0.002164, 6.931541, 6.050349, 4.901420
-0.005441, 0.002164, 191.331922, 169.822642, 269.077631
-0.005324, 0.002164, 401.000000, 401.000000, 401.000000
-0.005207, 0.002164, 353.672568, 298.528090, 106.390596
-0.005089, 0.002164, 401.000000, 401.000000, 401.000000
-0.004972, 0.002164, 401.000000, 401.000000, 401.000000
-0.004855, 0.002164, 361.888661, 198.140411, 69.831843
-0.004738, 0.002164, 65.430260, 48.738487, 18.063620
-0.004621, 0.002164, 177.064610, 96.622695, 18.101353
-0.004504, 0.002164, 22.663473, 32.838197, 15.152538
-0.004387, 0.002164, 345.078686, 227.892739, 110.468813
-0.004270, 0.002164, 58.546730, 86.121264, 95.540447
-0.004154, 0.002164, 12.912055, 68.099660, 13.137385
-0.004036, 0.002164, 5.996286, 3.806647, 3.631191
-0.003920, 0.002164, 42.847042, 18.278788, 33.712608
-0.003803, 0.002164, 401.000000, 401.000000, 401.000000
-0.003686, 0.002164, 401.000000, 401.000000, 401.000000
-0.003569, 0.002164, 401.000000, 401.000000, 401.000000
-0.003452, 0.002164, 155.227069, 160.134807, 6.958138
-0.003335, 0.002164, 4.667222, 1.940375, 2.081079
-0.003218, 0.002164, 1.523747, 1.531248, 1.531276
-0.003101, 0.002164, 1.500000, 1.500000, 1.500000
-0.002984, 0.002164, 1.996308, 1.605545, 1.638388
-0.002867, 0.002164, 6.350496, 2.274066, 2.527958
-0.002750, 0.002164, 6.794840, 2.291065, 2.556421
-0.002633, 0.002164, 3.755011, 2.474456, 2.224297
-0.002516, 0.002164, 37.834176, 37.834176, 39.462427
-0.002399, 0.002164, 401.000000, 401.000000, 401.000000
-0.002282, 0.002164, 273.069910, 306.779317, 15.182550
-0.002165, 0.002164, 7.328910, 72.509798, 3.378590
-0.002048, 0.002164, 401.000000, 401.000000, 401.000000
-0.001931, 0.002164, 401.000000, 401.000000, 401.000000
-0.001814, 0.002164, 2.868844, 9.802920, 3.161403
-0.001697, 0.002164, 15.968584, 173.522557, 31.383925
-0.001580, 0.002164, 401.000000, 401.000000, 401.000000
-0.001463, 0.002164, 7.029806, 34.937841, 4.928256
-0.001345, 0.002164, 4.479364, 21.823200, 3.999389
-0.001228, 0.002164, 401.000000, 401.000000, 401.000000
-0.001112, 0.002164, 317.289934, 168.208443, 12.351016
-0.000995, 0.002164, 48.261745, 6.721598, 8.595698
-0.000878, 0.002164, 48.261745, 6.721598, 8.595698
-0.000761, 0.002164, 48.261745, 6.721598, 8.595698
-0.000644, 0.002164, 48.261745, 6.721598, 8.595698
-0.000527, 0.002164, 48.261745, 6.721598, 8.595698
-0.000410, 0.002164, 48.261745, 6.721598, 8.595698
-0.000293, 0.002164, 48.261745, 6.721598, 8.595698
-0.000176, 0.002164, 48.261745, 6.721598, 8.595698
-0.000058, 0.002164, 48.261745, 6.721598, 8.595698
0.000058, 0.002164, 45.496041, 7.238888, 8.224157
0.000175, 0.002164, 16.038420, 16.038420, 15.687887
0.000292, 0.002164, 401.000000, 401.000000, 401.000000
0.000409, 0.002164, 401.000000, 401.000000, 401.000000
0.000526, 0.002164, 206.439751, 248.555842, 8.062698
0.000643, 0.002164, 5.652662, 139.165803, 4.023021
0.000760, 0.002164, 401.000000, 401.000000, 401.000000
0.000877, 0.002164, 383.945143, 386.533076, 204.459962
0.000994, 0.002164, 19.190555, 3.071584, 2.815090
0.001112, 0.002164, 44.909047, 364.077261, 59.894669
0.001228, 0.002164, 401.000000, 401.000000, 401.000000
0.001345, 0.002164, 135.766769, 180.097870, 4.916360
0.001462, 0.002164, 6.764734, 209.345920, 5.956064
0.001579, 0.002164, 401.000000, 401.000000, 401.000000
0.001696, 0.002164, 307.870102, 343.809446, 30.546815
0.001813, 0.002164, 9.467470, 3.598300, 2.945803
0.001930, 0.002164, 286.188523, 397.291219, 384.064349
0.002048, 0.002164, 401.000000, 401.000000, 401.000000
0.002164, 0.002164, 6.648573, 80.722803, 11.447958
0.002282, 0.002164, 401.000000, 401.000000, 401.000000
0.002398, 0.002164, 401.000000, 401.000000, 401.000000
0.002515, 0.002164, 6.585988, 79.552138, 11.261231
0.002632, 0.002164, 8.164494, 67.141872, 11.086841
0.002749, 0.002164, 27.889536, 280.503972, 92.090458
0.002866, 0.002164, 4.794794, 26.125863, 5.677920
0.002983, 0.002164, 1.578100, 1.560409, 1.562180
0.003101, 0.002164, 13.230087, 339.086870, 18.039801
0.003217, 0.002164, 401.000000, 401.000000, 401.000000
0.003335, 0.002164, 401.000000, 401.000000, 401.000000
0.003451, 0.002164, 274.355919, 295.644812, 13.449657
0.003569, 0.002164, 7.752276, 103.867672, 3.912121
0.003685, 0.002164, 401.000000, 401.000000, 401.000000
0.003802, 0.002164, 401.000000, 401.000000, 401.000000
0.003919, 0.002164, 358.599198, 73.351403, 130.146451
0.004037, 0.002164, 286.076696, 156.643057, 54.564003
0.004153, 0.002164, 401.000000, 401.000000, 401.000000
0.004270, 0.002164, 401.000000, 401.000000, 401.000000
0.004388, 0.002164, 401.000000, 401.000000, 401.000000
0.004504, 0.002164, 401.000000, 401.000000, 401.000000
0.004622, 0.002164, 401.000000, 401.000000, 401.000000
0.004738, 0.002164, 401.000000, 401.000000, 401.000000
0.004856, 0.002164, 401.000000, 401.000000, 401.000000
0.004972, 0.002164, 401.000000, 401.000000, 401.000000
0.005090, 0.002164, 370.086834, 253.650822, 268.968248
0.005206, 0.002164, 108.701308, 10.498396, 17.555531
0.005324, 0.002164, 20.060145, 17.849173, 19.665011
0.005440, 0.002164, 4.646723, 24.636552, 5.471378
0.005557, 0.002164, 2.841894, 1.798122, 1.854916
0.005675, 0.002164, 1.820930, 1.655780, 1.687313
0.005791, 0.002164, 1.500000, 1.500000, 1.500000
-0.005791, 0.002282, 1.500000, 1.500000, 1.500000
-0.005674, 0.002282, 2.200454, 3.774727, 2.236295
-0.005557, 0.002282, 321.278758, 321.278758, 388.578686
-0.005441, 0.002282, 401.000000, 401.000000, 401.000000
-0.005324, 0.002282, 401.000000, 401.000000, 401.000000
-0.005207, 0.002282, 352.023666, 302.218523, 104.030883
-0.005089, 0.002282, 401.000000, 401.000000, 401.000000
-0.004972, 0.002282, 395.912104, 398.260815, 398.628436
-0.004855, 0.002282, 24.811017, 21.219982, 19.192720
-0.004738, 0.002282, 65.522309, 13.000434, 11.878209
-0.004621, 0.002282, 4.708031, 28.228385, 4.924918
-0.004504, 0.002282, 307.562091, 39.600213, 29.180726
-0.004387, 0.002282, 104.434326, 129.956751, 34.687039
-0.004270, 0.002282, 266.280354, 312.329149, 93.384671
-0.004154, 0.002282, 8.754504, 101.791916, 14.685267
-0.004036, 0.002282, 320.463119, 48.163578, 31.365491
-0.003920, 0.002282, 71.986965, 273.788670, 57.322881
-0.003803, 0.002282, 401.000000, 401.000000, 401.000000
-0.003686, 0.002282, 401.000000, 401.000000, 401.000000
-0.003569, 0.002282, 401.000000, 401.000000, 401.000000
-0.003452, 0.002282, 6.236640, 38.487114, 9.963684
-0.003335, 0.002282, 401.000000, 401.000000, 401.000000
-0.003218, 0.002282, 147.236759, 6.003247, 4.747294
-0.003101, 0.002282, 1.523747, 1.531248, 1.531276
-0.002984, 0.002282, 16.885850, 21.195679, 19.101772
-0.002867, 0.002282, 401.000000, 401.000000, 401.000000
-0.002750, 0.002282, 401.000000, 401.000000, 401.000000
-0.002633, 0.002282, 401.000000, 401.000000, 401.000000
-0.002516, 0.002282, 401.000000, 401.000000, 401.000000
-0.002399, 0.002282, 401.000000, 401.000000, 401.000000
-0.002282, 0.002282, 377.830612, 78.901503, 100.136579
-0.002165, 0.002282, 39.487729, 9.312194, 8.876280
-0.002048, 0.002282, 401.000000, 401.000000, 401.000000
-0.001931, 0.002282, 399.937379, 399.937379, 398.691348
-0.001814, 0.002282, 2.585208, 4.107830, 2.560199
-0.001697, 0.002282, 18.629319, 174.094030, 36.666227
-0.001580, 0.002282, 401.000000, 401.000000, 401.000000
-0.001463, 0.002282, 399.954888, 368.866844, 398.747586
-0.001345, 0.002282, 315.217339, 220.759750, 341.752003
-0.001228, 0.002282, 157.088896, 157.088896, 7.222536
-0.001112, 0.002282, 12.264279, 6.994831, 7.577414
-0.000995, 0.002282, 74.037674, 8.652367, 12.019128
-0.000878, 0.002282, 74.037674, 8.652367, 12.019128
-0.000761, 0.002282, 74.037674, 8.652367, 12.019128
-0.000644, 0.002282, 74.037674, 8.652367, 12.019128
-0.000527, 0.002282, 74.037674, 8.652367, 12.019128
-0.000410, 0.002282, 74.037674, 8.652367, 12.019128
-0.000293, 0.002282, 74.037674, 8.652367, 12.019128
-0.000176, 0.002282, 74.037674, 8.652367, 12.019128
-0.000058, 0.002282, 74.037674, 8.652367, 12.019128
0.000058, 0.002282, 75.107351, 16.561223, 22.421465
0.000175, 0.002282, 401.000000, 401.000000, 401.000000
0.000292, 0.002282, 401.000000, 401.000000, 401.000000
0.000409, 0.002282, 401.000000, 401.000000, 401.000000
0.000526, 0.002282, 348.665423, 35.581136, 36.612559
0.000643, 0.002282, 20.588347, 12.675170, 11.835586
0.000760, 0.002282, 401.000000, 401.000000, 401.000000
0.000877, 0.002282, 401.000000, 401.000000, 401.000000
0.000994, 0.002282, 253.539730, 10.042170, 9.199608
0.001112, 0.002282, 395.320165, 395.320165, 400.635078
0.001228, 0.002282, 401.000000, 401.000000, 401.000000
0.001345, 0.002282, 300.669286, 17.159414, 15.478383
0.001462, 0.002282, 22.752138, 22.752138, 21.371288
0.001579, 0.002282, 401.000000, 401.000000, 401.000000
0.001696, 0.002282, 396.634176, 251.180110, 349.799510
0.001813, 0.002282, 130.804707, 9.877523, 9.193758
0.001930, 0.002282, 401.000000, 401.000000, 401.000000
0.002048, 0.002282, 391.530950, 391.530950, 236.491929
0.002164, 0.002282, 7.709166, 14.902774, 8.852357
0.002282, 0.002282, 401.000000, 401.000000, 401.000000
0.002398, 0.002282, 401.000000, 401.000000, 401.000000
0.002515, 0.002282, 6.585988, 79.552138, 11.261231
0.002632, 0.002282, 8.164494, 67.141872, 11.086841
0.002749, 0.002282, 27.889536, 280.503972, 92.090458
0.002866, 0.002282, 4.794794, 26.125863, 5.677920
0.002983, 0.002282, 1.500000, 1.500000, 1.500000
0.003101, 0.002282, 8.652668, 74.047321, 12.020084
0.003217, 0.002282, 401.000000, 401.000000, 401.000000
0.003335, 0.002282, 401.000000, 401.000000, 401.000000
0.003451, 0.002282, 354.883555, 40.888363, 43.428800
0.003569, 0.002282, 21.243475, 8.293041, 7.679556
0.003685, 0.002282, 401.000000, 401.000000, 401.000000
0.003802, 0.002282, 401.000000, 401.000000, 401.000000
0.003919, 0.002282, 365.595222, 362.981198, 82.557592
0.004037, 0.002282, 401.000000, 401.000000, 401.000000
0.004153, 0.002282, 401.000000, 401.000000, 401.000000
0.004270, 0.002282, 305.608199, 294.992915, 55.477334
0.004388, 0.002282, 274.760115, 254.270991, 231.176830
0.004504, 0.002282, 173.166425, 243.161014, 60.343272
0.004622, 0.002282, 401.000000, 401.000000, 401.000000
0.004738, 0.002282, 262.539910, 274.192426, 11.019440
0.004856, 0.002282, 7.744020, 149.518637, 4.791777
0.004972, 0.002282, 401.000000, 401.000000, 401.000000
0.005090, 0.002282, 244.960203, 227.823158, 51.828583
0.005206, 0.002282, 361.946304, 241.733860, 66.192935
0.005324, 0.002282, 124.289428, 328.149292, 168.756189
0.005440, 0.002282, 4.646723, 24.636552, 5.471378
0.005557, 0.002282, 1.500000, 1.500000, 1.500000
0.005675, 0.002282, 1.500000, 1.500000, 1.500000
0.005791, 0.002282, 1.500000, 1.500000, 1.500000
-0.005791, 0.002398, 1.500000, 1.500000, 1.500000
-0.005674, 0.002398, 2.337941, 6.627035, 2.529843
-0.005557, 0.002398, 401.000000, 401.000000, 401.000000
-0.005441, 0.002398, 401.000000, 401.000000, 401.000000
-0.005324, 0.002398, 303.167213, 352.503750, 105.415420
-0.005207, 0.002398, 401.000000, 401.000000, 401.000000
-0.005089, 0.002398, 305.410530, 349.263906, 105.290989
-0.004972, 0.002398, 24.522947, 309.674034, 46.978423
-0.004855, 0.002398, 401.000000, 401.000000, 401.000000
-0.004738, 0.002398, 400.902072, 400.890927, 400.928813
-0.004621, 0.002398, 18.979025, 9.160986, 8.852841
-0.004504, 0.002398, 21.719932, 111.773572, 19.938741
-0.004387, 0.002398, 401.000000, 401.000000, 401.000000
-0.004270, 0.002398, 251.308267, 129.880931, 102.919101
-0.004154, 0.002398, 181.124298, 48.730337, 30.607175
-0.004036, 0.002398, 401.000000, 401.000000, 401.000000
-0.003920, 0.002398, 168.248057, 149.765418, 94.590409
-0.003803, 0.002398, 50.465305, 373.825449, 89.575410
-0.003686, 0.002398, 401.000000, 401.000000, 401.000000
-0.003569, 0.002398, 401.000000, 401.000000, 401.000000
-0.003452, 0.002398, 6.419119, 76.862178, 10.848929
-0.003335, 0.002398, 401.000000, 401.000000, 401.000000
-0.003218, 0.002398, 401.000000, 401.000000, 401.000000
-0.003101, 0.002398, 1.842960, 4.159921, 1.958418
-0.002984, 0.002398, 43.631335, 337.034054, 199.715192
-0.002867, 0.002398, 401.000000, 401.000000, 401.000000
-0.002750, 0.002398, 400.250169, 400.260527, 400.405906
-0.002633, 0.002398, 401.000000, 401.000000, 401.000000
-0.002516, 0.002398, 401.000000, 401.000000, 401.000000
-0.002399, 0.002398, 401.000000, 401.000000, 401.000000
-0.002282, 0.002398, 401.000000, 401.000000, 401.000000
-0.002165, 0.002398, 401.000000, 401.000000, 401.000000
-0.002048, 0.002398, 399.937379, 399.937379, 398.691348
-0.001931, 0.002398, 6.169106, 6.169106, 3.278312
-0.001814, 0.002398, 5.216779, 5.216779, 4.076303
-0.001697, 0.002398, 401.000000, 401.000000, 401.000000
-0.001580, 0.002398, 401.000000, 401.000000, 401.000000
-0.001463, 0.002398, 401.000000, 401.000000, 401.000000
-0.001345, 0.002398, 161.331942, 264.381673, 10.402769
-0.001228, 0.002398, 12.337367, 12.337367, 10.882570
-0.001112, 0.002398, 401.000000, 401.000000, 401.000000
-0.000995, 0.002398, 401.000000, 401.000000, 401.000000
-0.000878, 0.002398, 401.000000, 401.000000, 401.000000
-0.000761, 0.002398, 401.000000, 401.000000, 401.000000
-0.000644, 0.002398, 401.000000, 401.000000, 401.000000
-0.000527, 0.002398, 401.000000, 401.000000, 401.000000
-0.000410, 0.002398, 401.000000, 401.000000, 401.000000
-0.000293, 0.002398, 401.000000, 401.000000, 401.000000
-0.000176, 0.002398, 401.000000, 401.000000, 401.000000
-0.000058, 0.002398, 401.000000, 401.000000, 401.000000
0.000058, 0.002398, 401.000000, 401.000000, 401.000000
0.000175, 0.002398, 401.000000, 401.000000, 401.000000
0.000292, 0.002398, 401.000000, 401.000000, 401.000000
0.000409, 0.002398, 401.000000, 401.000000, 401.000000
0.000526, 0.002398, 401.000000, 401.000000, 401.000000
0.000643, 0.002398, 401.000000, 401.000000, 401.000000
0.000760, 0.002398, 401.000000, 401.000000, 401.000000
0.000877, 0.002398, 401.000000, 401.000000, 401.000000
0.000994, 0.002398, 401.000000, 401.000000, 401.000000
0.001112, 0.002398, 401.000000, 401.000000, 401.000000
0.001228, 0.002398, 401.000000, 401.000000, 401.000000
0.001345, 0.002398, 401.000000, 401.000000, 401.000000
0.001462, 0.002398, 369.711348, 326.188099, 45.266675
0.001579, 0.002398, 99.249310, 10.444213, 15.729628
0.001696, 0.002398, 99.249310, 10.444213, 15.729628
0.001813, 0.002398, 99.249310, 10.444213, 15.729628
0.001930, 0.002398, 99.249310, 10.444213, 15.729628
0.002048, 0.002398, 8.532213, 8.531702, 8.163153
0.002164, 0.002398, 93.608476, 93.608476, 124.869497
0.002282, 0.002398, 401.000000, 401.000000, 401.000000
0.002398, 0.002398, 401.000000, 401.000000, 401.000000
0.002515, 0.002398, 6.585988, 79.552138, 11.261231
0.002632, 0.002398, 8.164494, 67.141872, 11.086841
0.002749, 0.002398, 27.889536, 280.503972, 92.090458
0.002866, 0.002398, 4.794794, 26.125863, 5.677920
0.002983, 0.002398, 1.500000, 1.500000, 1.500000
0.003101, 0.002398, 8.652668, 74.047321, 12.020084
0.003217, 0.002398, 401.000000, 401.000000, 401.000000
0.003335, 0.002398, 401.000000, 401.000000, 401.000000
0.003451, 0.002398, 401.000000, 401.000000, 401.000000
0.003569, 0.002398, 401.000000, 401.000000, 401.000000
0.003685, 0.002398, 401.000000, 401.000000, 401.000000
0.003802, 0.002398, 245.353044, 284.227619, 13.831408
0.003919, 0.002398, 2.681472, 9.911135, 2.535618
0.004037, 0.002398, 401.000000, 401.000000, 401.000000
0.004153, 0.002398, 401.000000, 401.000000, 401.000000
0.004270, 0.002398, 194.194079, 355.629212, 53.102279
0.004388, 0.002398, 401.000000, 401.000000, 401.000000
0.004504, 0.002398, 127.261211, 319.033204, 54.896754
0.004622, 0.002398, 401.000000, 401.000000, 401.000000
0.004738, 0.002398, 318.163247, 21.974460, 20.516689
0.004856, 0.002398, 12.907623, 8.370110, 7.362189
0.004972, 0.002398, 401.000000, 401.000000, 401.000000
0.005090, 0.002398, 252.864229, 364.500008, 73.348553
0.005206, 0.002398, 401.000000, 401.000000, 401.000000
0.005324, 0.002398, 120.673323, 324.505310, 57.381808
0.005440, 0.002398, 4.646723, 24.636552, 5.471378
0.005557, 0.002398, 1.500000, 1.500000, 1.500000
0.005675, 0.002398, 1.500000, 1.500000, 1.500000
0.005791, 0.002398, 1.500000, 1.500000, 1.500000
-0.005791, 0.002515, 1.500000, 1.500000, 1.500000
-0.005674, 0.002515, 2.282348, 6.538183, 2.411380
-0.005557, 0.002515, 401.000000, 401.000000, 401.000000
-0.005441, 0.002515, 401.000000, 401.000000, 401.000000
-0.005324, 0.002515, 401.000000, 401.000000, 401.000000
-0.005207, 0.002515, 351.453231, 304.400986, 107.034644
-0.005089, 0.002515, 401.000000, 401.000000, 401.000000
-0.004972, 0.002515, 393.394371, 378.470635, 397.112493
-0.004855, 0.002515, 179.787720, 73.760753, 46.753159
-0.004738, 0.002515, 214.107489, 72.153430, 46.549805
-0.004621, 0.002515, 344.615520, 372.897911, 397.421249
-0.004504, 0.002515, 312.107119, 267.052728, 89.902336
-0.004387, 0.002515, 114.024789, 276.781603, 96.432790
-0.004270, 0.002515, 55.426956, 67.191878, 52.244146
-0.004154, 0.002515, 348.936977, 367.895158, 190.095049
-0.004036, 0.002515, 65.464857, 225.948944, 59.372536
-0.003920, 0.002515, 255.262775, 142.324882, 57.292333
-0.003803, 0.002515, 401.000000, 401.000000, 401.000000
-0.003686, 0.002515, 273.634901, 237.035353, 10.237968
-0.003569, 0.002515, 45.724682, 359.826301, 49.920554
-0.003452, 0.002515, 6.419119, 76.862178, 10.848929
-0.003335, 0.002515, 401.000000, 401.000000, 401.000000
-0.003218, 0.002515, 351.495646, 351.495646, 39.300425
-0.003101, 0.002515, 1.943092, 2.206197, 1.930138
-0.002984, 0.002515, 63.758707, 341.165745, 243.890154
-0.002867, 0.002515, 358.419681, 363.943988, 68.013298
-0.002750, 0.002515, 3.450649, 2.610495, 2.371997
-0.002633, 0.002515, 102.289910, 383.261674, 173.978029
-0.002516, 0.002515, 401.000000, 401.000000, 401.000000
-0.002399, 0.002515, 401.000000, 401.000000, 401.000000
-0.002282, 0.002515, 401.000000, 401.000000, 401.000000
-0.002165, 0.002515, 399.937379, 399.937379, 398.691348
-0.002048, 0.002515, 6.169106, 6.169106, 3.278312
-0.001931, 0.002515, 5.216779, 5.216779, 4.076303
-0.001814, 0.002515, 401.000000, 401.000000, 401.000000
-0.001697, 0.002515, 400.921214, 400.921214, 400.941196
-0.001580, 0.002515, 330.599529, 296.128565, 36.534887
-0.001463, 0.002515, 401.000000, 401.000000, 401.000000
-0.001345, 0.002515, 5.907172, 66.618400, 9.490393
-0.001228, 0.002515, 401.000000, 401.000000, 401.000000
-0.001112, 0.002515, 401.000000, 401.000000, 401.000000
-0.000995, 0.002515, 401.000000, 401.000000, 401.000000
-0.000878, 0.002515, 401.000000, 401.000000, 401.000000
-0.000761, 0.002515, 401.000000, 401.000000, 401.000000
-0.000644, 0.002515, 401.000000, 401.000000, 401.000000
-0.000527, 0.002515, 401.000000, 401.000000, 401.000000
-0.000410, 0.002515, 401.000000, 401.000000, 401.000000
-0.000293, 0.002515, 401.000000, 401.000000, 401.000000
-0.000176, 0.002515, 401.000000, 401.000000, 401.000000
-0.000058, 0.002515, 401.000000, 401.000000, 401.000000
0.000058, 0.002515, 401.000000, 401.000000, 401.000000
0.000175, 0.002515, 401.000000, 401.000000, 401.000000
0.000292, 0.002515, 401.000000, 401.000000, 401.000000
0.000409, 0.002515, 401.000000, 401.000000, 401.000000
0.000526, 0.002515, 401.000000, 401.000000, 401.000000
0.000643, 0.002515, 401.000000, 401.000000, 401.000000
0.000760, 0.002515, 401.000000, 401.000000, 401.000000
0.000877, 0.002515, 401.000000, 401.000000, 401.000000
0.000994, 0.002515, 401.000000, 401.000000, 401.000000
0.001112, 0.002515, 401.000000, 401.000000, 401.000000
0.001228, 0.002515, 401.000000, 401.000000, 401.000000
0.001345, 0.002515, 321.471018, 321.471018, 21.609991
0.001462, 0.002515, 3.205151, 3.205151, 2.674276
0.001579, 0.002515, 24.889308, 5.256340, 6.300759
0.001696, 0.002515, 31.390204, 5.296705, 6.392378
0.001813, 0.002515, 31.390204, 5.296705, 6.392378
0.001930, 0.002515, 31.398709, 5.445749, 6.533052
0.002048, 0.002515, 93.608476, 93.608476, 124.869497
0.002164, 0.002515, 401.000000, 401.000000, 401.000000
0.002282, 0.002515, 401.000000, 401.000000, 401.000000
0.002398, 0.002515, 401.000000, 401.000000, 401.000000
0.002515, 0.002515, 6.585988, 79.552138, 11.261231
0.002632, 0.002515, 8.164494, 67.141872, 11.086841
0.002749, 0.002515, 28.148103, 280.523545, 93.440554
0.002866, 0.002515, 4.794794, 26.125863, 5.677920
0.002983, 0.002515, 1.500000, 1.500000, 1.500000
0.003101, 0.002515, 8.652668, 74.047321, 12.020084
0.003217, 0.002515, 401.000000, 401.000000, 401.000000
0.003335, 0.002515, 401.000000, 401.000000, 401.000000
0.003451, 0.002515, 401.000000, 401.000000, 401.000000
0.003569, 0.002515, 382.678266, 369.906969, 133.993378
0.003685, 0.002515, 366.115313, 399.849060, 398.343924
0.003802, 0.002515, 401.000000, 401.000000, 401.000000
0.003919, 0.002515, 377.982512, 85.368418, 138.825394
0.004037, 0.002515, 401.000000, 401.000000, 401.000000
0.004153, 0.002515, 401.000000, 401.000000, 401.000000
0.004270, 0.002515, 8.346577, 100.075266, 14.649796
0.004388, 0.002515, 278.060483, 89.021054, 16.300895
0.004504, 0.002515, 113.040967, 284.779923, 147.626209
0.004622, 0.002515, 401.000000, 401.000000, 401.000000
0.004738, 0.002515, 401.000000, 401.000000, 401.000000
0.004856, 0.002515, 401.000000, 401.000000, 401.000000
0.004972, 0.002515, 329.017422, 392.836943, 324.939563
0.005090, 0.002515, 8.546140, 33.075775, 12.379690
0.005206, 0.002515, 282.195787, 297.761631, 24.838593
0.005324, 0.002515, 196.270871, 332.996798, 290.569850
0.005440, 0.002515, 4.646723, 24.636552, 5.471378
0.005557, 0.002515, 1.500000, 1.500000, 1.500000
0.005675, 0.002515, 1.500000, 1.500000, 1.500000
0.005791, 0.002515, 1.500000, 1.500000, 1.500000
-0.005791, 0.002632, 1.500000, 1.500000, 1.500000
-0.005674, 0.002632, 1.964505, 1.653247, 1.682015
-0.005557, 0.002632, 14.619297, 6.445742, 7.296395
-0.005441, 0.002632, 40.132632, 349.460995, 44.536137
-0.005324, 0.002632, 401.000000, 401.000000, 401.000000
-0.005207, 0.002632, 349.736800, 309.074138, 83.787725
-0.005089, 0.002632, 401.000000, 401.000000, 401.000000
-0.004972, 0.002632, 401.000000, 401.000000, 401.000000
-0.004855, 0.002632, 401.000000, 401.000000, 401.000000
-0.004738, 0.002632, 401.000000, 401.000000, 401.000000
-0.004621, 0.002632, 227.405518, 240.580023, 73.271209
-0.004504, 0.002632, 124.401575, 21.158867, 39.478860
-0.004387, 0.002632, 26.756509, 337.322292, 35.292610
-0.004270, 0.002632, 401.000000, 401.000000, 401.000000
-0.004154, 0.002632, 386.829232, 379.501800, 142.238860
-0.004036, 0.002632, 88.303226, 230.508801, 62.824557
-0.003920, 0.002632, 188.272736, 247.017996, 64.628301
-0.003803, 0.002632, 401.000000, 401.000000, 401.000000
-0.003686, 0.002632, 115.212251, 6.165868, 3.743667
-0.003569, 0.002632, 10.559965, 24.318837, 10.008149
-0.003452, 0.002632, 6.419119, 76.862178, 10.848929
-0.003335, 0.002632, 401.000000, 401.000000, 401.000000
-0.003218, 0.002632, 2.586466, 16.726104, 2.403477
-0.003101, 0.002632, 7.115941, 9.765020, 6.913141
-0.002984, 0.002632, 401.000000, 401.000000, 401.000000
-0.002867, 0.002632, 401.000000, 401.000000, 401.000000
-0.002750, 0.002632, 317.243056, 21.359163, 22.751082
-0.002633, 0.002632, 401.000000, 401.000000, 401.000000
-0.002516, 0.002632, 401.000000, 401.000000, 401.000000
-0.002399, 0.002632, 401.000000, 401.000000, 401.000000
-0.002282, 0.002632, 399.937379, 399.937379, 398.691348
-0.002165, 0.002632, 6.169106, 6.169106, 3.278312
-0.002048, 0.002632, 5.216779, 5.216779, 4.076303
-0.001931, 0.002632, 401.000000, 401.000000, 401.000000
-0.001814, 0.002632, 401.000000, 401.000000, 401.000000
-0.001697, 0.002632, 184.322512, 271.867902, 13.133626
-0.001580, 0.002632, 2.924840, 7.887008, 2.637452
-0.001463, 0.002632, 401.000000, 401.000000, 401.000000
-0.001345, 0.002632, 6.055867, 35.610583, 7.934886
-0.001228, 0.002632, 36.366039, 19.816080, 27.469299
-0.001112, 0.002632, 244.191708, 23.110177, 62.623395
-0.000995, 0.002632, 244.217468, 23.125746, 62.728927
-0.000878, 0.002632, 244.191708, 23.110177, 62.623395
-0.000761, 0.002632, 244.197141, 23.111393, 62.631240
-0.000644, 0.002632, 244.192632, 23.111389, 62.631215
-0.000527, 0.002632, 244.191708, 23.110177, 62.623395
-0.000410, 0.002632, 244.318602, 23.418012, 64.000158
-0.000293, 0.002632, 244.191708, 23.110177, 62.623395
-0.000176, 0.002632, 244.191708, 23.110177, 62.623395
-0.000058, 0.002632, 244.191708, 23.110177, 62.623395
0.000058, 0.002632, 244.191708, 23.110177, 62.623395
0.000175, 0.002632, 244.191708, 23.110177, 62.623395
0.000292, 0.002632, 244.191708, 23.110177, 62.623395
0.000409, 0.002632, 244.191708, 23.110177, 62.623395
0.000526, 0.002632, 244.191708, 23.110177, 62.623395
0.000643, 0.002632, 244.191708, 23.110177, 62.623395
0.000760, 0.002632, 244.191708, 23.110177, 62.623395
0.000877, 0.002632, 244.191708, 23.110177, 62.623395
0.000994, 0.002632, 244.191708, 23.110177, 62.623395
0.001112, 0.002632, 244.191708, 23.110177, 62.623395
0.001228, 0.002632, 218.138606, 18.101133, 18.197303
0.001345, 0.002632, 3.205151, 3.205151, 2.674276
0.001462, 0.002632, 29.425595, 29.425595, 29.028685
0.001579, 0.002632, 401.000000, 401.000000, 401.000000
0.001696, 0.002632, 401.000000, 401.000000, 401.000000
0.001813, 0.002632, 401.000000, 401.000000, 401.000000
0.001930, 0.002632, 401.000000, 401.000000, 401.000000
0.002048, 0.002632, 401.000000, 401.000000, 401.000000
0.002164, 0.002632, 401.000000, 401.000000, 401.000000
0.002282, 0.002632, 401.000000, 401.000000, 401.000000
0.002398, 0.002632, 377.429299, 378.621280, 97.393443
0.002515, 0.002632, 7.467139, 35.662736, 10.362730
0.002632, 0.002632, 8.164494, 67.141872, 11.086841
0.002749, 0.002632, 27.889536, 280.503972, 92.090458
0.002866, 0.002632, 4.794794, 26.125863, 5.677920
0.002983, 0.002632, 1.500000, 1.500000, 1.500000
0.003101, 0.002632, 8.652668, 74.047321, 12.020084
0.003217, 0.002632, 401.000000, 401.000000, 401.000000
0.003335, 0.002632, 401.000000, 401.000000, 401.000000
0.003451, 0.002632, 401.000000, 401.000000, 401.000000
0.003569, 0.002632, 3.591775, 26.074323, 3.262096
0.003685, 0.002632, 7.124096, 183.826558, 6.296787
0.003802, 0.002632, 401.000000, 401.000000, 401.000000
0.003919, 0.002632, 401.000000, 401.000000, 401.000000
0.004037, 0.002632, 401.000000, 401.000000, 401.000000
0.004153, 0.002632, 329.039682, 364.400374, 47.190701
0.004270, 0.002632, 10.999051, 26.879077, 5.693078
0.004388, 0.002632, 12.198361, 12.346957, 10.585732
0.004504, 0.002632, 222.647725, 314.281421, 230.870896
0.004622, 0.002632, 401.000000, 401.000000, 401.000000
0.004738, 0.002632, 336.782744, 275.948513, 75.806063
0.004856, 0.002632, 318.935655, 271.556554, 64.983148
0.004972, 0.002632, 400.970766, 400.967205, 400.974979
0.005090, 0.002632, 7.935838, 9.118805, 6.021671
0.005206, 0.002632, 8.811423, 5.211645, 5.092775
0.005324, 0.002632, 260.097309, 391.806992, 386.521534
0.005440, 0.002632, 4.646723, 24.636552, 5.471378
0.005557, 0.002632, 1.500000, 1.500000, 1.500000
0.005675, 0.002632, 1.500000, 1.500000, 1.500000
0.005791, 0.002632, 1.500000, 1.500000, 1.500000
-0.005791, 0.002749, 1.506069, 1.526428, 1.517859
-0.005674, 0.002749, 14.380231, 19.215608, 15.704315
-0.005557, 0.002749, 401.000000, 401.000000, 401.000000
-0.005441, 0.002749, 7.971885, 90.571933, 14.533264
-0.005324, 0.002749, 357.523558, 384.408852, 234.597790
-0.005207, 0.002749, 401.000000, 401.000000, 401.000000
-0.005089, 0.002749, 249.147492, 325.498837, 35.543496
-0.004972, 0.002749, 401.000000, 401.000000, 401.000000
-0.004855, 0.002749, 401.000000, 401.000000, 401.000000
-0.004738, 0.002749, 400.946004, 400.944180, 400.951902
-0.004621, 0.002749, 78.135286, 49.324043, 44.980785
-0.004504, 0.002749, 202.483914, 20.176033, 35.746843
-0.004387, 0.002749, 72.397511, 4.715955, 8.392692
-0.004270, 0.002749, 56.762347, 4.090271, 7.916309
-0.004154, 0.002749, 21.824196, 9.389253, 10.568830
-0.004036, 0.002749, 256.671878, 222.681930, 339.314735
-0.003920, 0.002749, 257.972681, 162.467242, 179.991444
-0.003803, 0.002749, 180.872209, 396.402907, 318.402230
-0.003686, 0.002749, 401.000000, 401.000000, 401.000000
-0.003569, 0.002749, 401.000000, 401.000000, 401.000000
-0.003452, 0.002749, 6.419119, 76.862178, 10.848929
-0.003335, 0.002749, 401.000000, 401.000000, 401.000000
-0.003218, 0.002749, 1.915056, 4.540652, 2.040576
-0.003101, 0.002749, 11.929782, 119.609219, 19.177398
-0.002984, 0.002749, 401.000000, 401.000000, 401.000000
-0.002867, 0.002749, 401.000000, 401.000000, 401.000000
-0.002750, 0.002749, 401.000000, 401.000000, 401.000000
-0.002633, 0.002749, 334.137430, 334.137430, 26.926321
-0.002516, 0.002749, 18.675551, 287.270766, 14.203536
-0.002399, 0.002749, 401.000000, 401.000000, 401.000000
-0.002282, 0.002749, 6.173487, 88.512373, 3.277108
-0.002165, 0.002749, 2.549737, 4.894783, 2.635989
-0.002048, 0.002749, 401.000000, 401.000000, 401.000000
-0.001931, 0.002749, 401.000000, 401.000000, 401.000000
-0.001814, 0.002749, 401.000000, 401.000000, 401.000000
-0.001697, 0.002749, 401.000000, 401.000000, 401.000000
-0.001580, 0.002749, 394.570326, 221.769477, 349.037589
-0.001463, 0.002749, 401.000000, 401.000000, 401.000000
-0.001345, 0.002749, 389.911985, 143.644545, 211.225828
-0.001228, 0.002749, 75.178222, 6.011071, 7.278366
-0.001112, 0.002749, 35.835641, 5.695503, 6.981288
-0.000995, 0.002749, 35.835641, 5.695503, 6.981288
-0.000878, 0.002749, 35.835641, 5.695503, 6.981288
-0.000761, 0.002749, 35.835641, 5.695503, 6.981288
-0.000644, 0.002749, 35.835641, 5.695503, 6.981288
-0.000527, 0.002749, 35.835641, 5.695503, 6.981288
-0.000410, 0.002749, 35.835641, 5.695503, 6.981288
-0.000293, 0.002749, 35.835641, 5.695503, 6.981288
-0.000176, 0.002749, 35.835641, 5.695503, 6.981288
-0.000058, 0.002749, 35.835641, 5.695503, 6.981288
0.000058, 0.002749, 35.835641, 5.695503, 6.981288
0.000175, 0.002749, 35.835641, 5.695503, 6.981288
0.000292, 0.002749, 35.835641, 5.695503, 6.981288
0.000409, 0.002749, 35.835641, 5.695503, 6.981288
0.000526, 0.002749, 35.835641, 5.695503, 6.981288
0.000643, 0.002749, 35.835641, 5.695503, 6.981288
0.000760, 0.002749, 35.835641, 5.695503, 6.981288
0.000877, 0.002749, 35.835641, 5.695503, 6.981288
0.000994, 0.002749, 35.835641, 5.695503, 6.981288
0.001112, 0.002749, 35.835641, 5.695503, 6.981288
0.001228, 0.002749, 35.835641, 5.695503, 6.981288
0.001345, 0.002749, 40.325823, 29.816018, 31.986928
0.001462, 0.002749, 401.000000, 401.000000, 401.000000
0.001579, 0.002749, 401.000000, 401.000000, 401.000000
0.001696, 0.002749, 401.000000, 401.000000, 401.000000
0.001813, 0.002749, 401.000000, 401.000000, 401.000000
0.001930, 0.002749, 221.474144, 210.350651, 7.063536
0.002048, 0.002749, 12.902924, 267.191330, 11.093488
0.002164, 0.002749, 401.000000, 401.000000, 401.000000
0.002282, 0.002749, 401.000000, 401.000000, 401.000000
0.002398, 0.002749, 7.378612, 56.712136, 9.697174
0.002515, 0.002749, 42.261755, 200.458796, 178.965265
0.002632, 0.002749, 8.165853, 67.147763, 11.090350
0.002749, 0.002749, 23.924043, 271.986539, 53.834511
0.002866, 0.002749, 9.594257, 26.636804, 9.646200
0.002983, 0.002749, 1.500000, 1.500000, 1.500000
0.003101, 0.002749, 8.652668, 74.047321, 12.020084
0.003217, 0.002749, 401.000000, 401.000000, 401.000000
0.003335, 0.002749, 401.000000, 401.000000, 401.000000
0.003451, 0.002749, 401.000000, 401.000000, 401.000000
0.003569, 0.002749, 375.218975, 57.247447, 82.317235
0.003685, 0.002749, 277.667425, 277.667425, 368.862800
0.003802, 0.002749, 401.000000, 401.000000, 401.000000
0.003919, 0.002749, 401.000000, 401.000000, 401.000000
0.004037, 0.002749, 335.842711, 333.978733, 69.118214
0.004153, 0.002749, 21.037976, 13.019926, 15.965471
0.004270, 0.002749, 5.357169, 28.474386, 6.559692
0.004388, 0.002749, 401.000000, 401.000000, 401.000000
0.004504, 0.002749, 25.947353, 68.315784, 40.266396
0.004622, 0.002749, 362.476171, 392.709594, 383.569152
0.004738, 0.002749, 292.503275, 118.902498, 130.273205
0.004856, 0.002749, 361.129447, 170.442586, 214.393117
0.004972, 0.002749, 282.518861, 383.951766, 300.848898
0.005090, 0.002749, 13.777716, 56.781967, 16.118898
0.005206, 0.002749, 401.000000, 401.000000, 401.000000
0.005324, 0.002749, 192.772561, 307.567191, 54.915858
0.005440, 0.002749, 313.487108, 27.927555, 20.941742
0.005557, 0.002749, 1.987021, 2.066636, 1.845289
0.005675, 0.002749, 1.500000, 1.500000, 1.500000
0.005791, 0.002749, 1.500000, 1.500000, 1.500000
-0.005791, 0.002866, 1.500000, 1.500000, 1.500000
-0.005674, 0.002866, 9.719438, 213.010530, 9.301532
-0.005557, 0.002866, 348.843690, 316.351642, 36.998417
-0.005441, 0.002866, 9.000364, 31.378276, 13.434902
-0.005324, 0.002866, 334.143131, 126.538598, 104.913839
-0.005207, 0.002866, 400.969993, 400.969756, 400.972321
-0.005089, 0.002866, 359.283020, 153.341750, 192.875377
-0.004972, 0.002866, 401.000000, 401.000000, 401.000000
-0.004855, 0.002866, 171.242084, 273.702883, 57.047048
-0.004738, 0.002866, 143.327105, 23.726054, 54.237821
-0.004621, 0.002866, 35.138242, 305.281554, 48.722236
-0.004504, 0.002866, 401.000000, 401.000000, 401.000000
-0.004387, 0.002866, 401.000000, 401.000000, 401.000000
-0.004270, 0.002866, 401.000000, 401.000000, 401.000000
-0.004154, 0.002866, 142.157793, 17.825263, 16.969642
-0.004036, 0.002866, 244.155134, 375.248750, 322.010060
-0.003920, 0.002866, 250.897758, 268.319296, 96.087047
-0.003803, 0.002866, 57.009767, 215.697409, 92.326200
-0.003686, 0.002866, 401.000000, 401.000000, 401.000000
-0.003569, 0.002866, 401.000000, 401.000000, 401.000000
-0.003452, 0.002866, 6.419119, 76.862178, 10.848929
-0.003335, 0.002866, 401.000000, 401.000000, 401.000000
-0.003218, 0.002866, 1.915056, 4.540652, 2.040576
-0.003101, 0.002866, 11.762286, 119.203910, 18.559892
-0.002984, 0.002866, 401.000000, 401.000000, 401.000000
-0.002867, 0.002866, 401.000000, 401.000000, 401.000000
-0.002750, 0.002866, 401.000000, 401.000000, 401.000000
-0.002633, 0.002866, 176.476704, 14.888442, 6.522902
-0.002516, 0.002866, 5.526638, 8.792404, 4.455885
-0.002399, 0.002866, 401.000000, 401.000000, 401.000000
-0.002282, 0.002866, 1.702817, 3.636721, 1.802155
-0.002165, 0.002866, 2.697098, 8.704089, 2.952366
-0.002048, 0.002866, 401.000000, 401.000000, 401.000000
-0.001931, 0.002866, 401.000000, 401.000000, 401.000000
-0.001814, 0.002866, 297.283835, 173.529996, 12.964270
-0.001697, 0.002866, 76.447249, 6.616157, 11.336770
-0.001580, 0.002866, 76.447249, 6.616157, 11.336770
-0.001463, 0.002866, 76.447249, 6.616157, 11.336770
-0.001345, 0.002866, 76.447249, 6.616157, 11.336770
-0.001228, 0.002866, 76.447249, 6.616157, 11.336770
-0.001112, 0.002866, 76.447249, 6.616157, 11.336770
-0.000995, 0.002866, 76.447249, 6.616157, 11.336770
-0.000878, 0.002866, 39.033774, 320.943135, 30.198151
-0.000761, 0.002866, 401.000000, 401.000000, 401.000000
-0.000644, 0.002866, 401.000000, 401.000000, 401.000000
-0.000527, 0.002866, 401.000000, 401.000000, 401.000000
-0.000410, 0.002866, 401.000000, 401.000000, 401.000000
-0.000293, 0.002866, 401.000000, 401.000000, 401.000000
-0.000176, 0.002866, 401.000000, 401.000000, 401.000000
-0.000058, 0.002866, 401.000000, 401.000000, 401.000000
0.000058, 0.002866, 401.000000, 401.000000, 401.000000
0.000175, 0.002866, 401.000000, 401.000000, 401.000000
0.000292, 0.002866, 401.000000, 401.000000, 401.000000
0.000409, 0.002866, 401.000000, 401.000000, 401.000000
0.000526, 0.002866, 401.000000, 401.000000, 401.000000
0.000643, 0.002866, 401.000000, 401.000000, 401.000000
0.000760, 0.002866, 401.000000, 401.000000, 401.000000
0.000877, 0.002866, 401.000000, 401.000000, 401.000000
0.000994, 0.002866, 401.000000, 401.000000, 401.000000
0.001112, 0.002866, 401.000000, 401.000000, 401.000000
0.001228, 0.002866, 401.000000, 401.000000, 401.000000
0.001345, 0.002866, 401.000000, 401.000000, 401.000000
0.001462, 0.002866, 401.000000, 401.000000, 401.000000
0.001579, 0.002866, 401.000000, 401.000000, 401.000000
0.001696, 0.002866, 401.000000, 401.000000, 401.000000
0.001813, 0.002866, 401.000000, 401.000000, 401.000000
0.001930, 0.002866, 210.795125, 7.971419, 6.570416
0.002048, 0.002866, 11.927244, 11.954916, 10.143677
0.002164, 0.002866, 401.000000, 401.000000, 401.000000
0.002282, 0.002866, 401.000000, 401.000000, 401.000000
0.002398, 0.002866, 7.782661, 50.530896, 8.543102
0.002515, 0.002866, 75.971736, 344.901574, 266.821181
0.002632, 0.002866, 8.146891, 67.451529, 11.047358
0.002749, 0.002866, 3.708228, 2.792382, 2.651277
0.002866, 0.002866, 4.474918, 3.186498, 3.021286
0.002983, 0.002866, 1.500000, 1.500000, 1.500000
0.003101, 0.002866, 8.652668, 74.047321, 12.020084
0.003217, 0.002866, 401.000000, 401.000000, 401.000000
0.003335, 0.002866, 370.907378, 368.633261, 94.082945
0.003451, 0.002866, 401.000000, 401.000000, 401.000000
0.003569, 0.002866, 401.000000, 401.000000, 401.000000
0.003685, 0.002866, 386.033878, 378.479239, 155.600038
0.003802, 0.002866, 319.322593, 398.705446, 387.857489
0.003919, 0.002866, 401.000000, 401.000000, 401.000000
0.004037, 0.002866, 73.667434, 62.260059, 28.095336
0.004153, 0.002866, 106.968072, 323.219393, 108.559020
0.004270, 0.002866, 7.767502, 9.030113, 6.399496
0.004388, 0.002866, 290.106669, 377.753266, 349.174792
0.004504, 0.002866, 28.028618, 54.392825, 41.233431
0.004622, 0.002866, 288.662347, 144.391494, 52.040559
0.004738, 0.002866, 335.997210, 365.373805, 384.201354
0.004856, 0.002866, 401.000000, 401.000000, 401.000000
0.004972, 0.002866, 9.728661, 122.558745, 14.136115
0.005090, 0.002866, 229.259475, 222.726174, 51.387298
0.005206, 0.002866, 377.852237, 382.820552, 347.691002
0.005324, 0.002866, 183.166848, 226.238389, 91.938755
0.005440, 0.002866, 401.000000, 401.000000, 401.000000
0.005557, 0.002866, 312.937790, 20.757423, 19.175150
0.005675, 0.002866, 1.987021, 2.066636, 1.845289
0.005791, 0.002866, 1.500000, 1.500000, 1.500000
-0.005791, 0.002983, 1.500000, 1.500000, 1.500000
-0.005674, 0.002983, 1.552164, 1.512548, 1.528428
-0.005557, 0.002983, 1.654903, 1.551664, 1.586984
-0.005441, 0.002983, 17.881508, 195.962706, 38.578655
-0.005324, 0.002983, 400.783929, 400.788992, 400.847970
-0.005207, 0.002983, 264.872215, 13.099098, 15.298222
-0.005089, 0.002983, 178.631652, 389.675968, 220.768240
-0.004972, 0.002983, 401.000000, 401.000000, 401.000000
-0.004855, 0.002983, 255.462391, 74.755319, 58.118317
-0.004738, 0.002983, 241.174743, 17.799982, 25.754830
-0.004621, 0.002983, 8.338858, 16.189334, 8.916749
-0.004504, 0.002983, 84.660648, 374.764187, 99.328755
-0.004387, 0.002983, 400.686909, 400.499446, 400.699638
-0.004270, 0.002983, 401.000000, 401.000000, 401.000000
-0.004154, 0.002983, 401.000000, 401.000000, 401.000000
-0.004036, 0.002983, 375.411603, 154.248141, 171.753096
-0.003920, 0.002983, 67.897319, 39.421241, 57.267313
-0.003803, 0.002983, 401.000000, 401.000000, 401.000000
-0.003686, 0.002983, 137.458195, 139.386965, 4.231314
-0.003569, 0.002983, 10.051392, 260.759151, 9.165325
-0.003452, 0.002983, 6.419119, 76.862178, 10.848929
-0.003335, 0.002983, 401.000000, 401.000000, 401.000000
-0.003218, 0.002983, 1.915056, 4.540652, 2.040576
-0.003101, 0.002983, 2.964069, 3.029044, 2.371458
-0.002984, 0.002983, 82.653097, 381.869167, 108.320798
-0.002867, 0.002983, 401.000000, 401.000000, 401.000000
-0.002750, 0.002983, 401.000000, 401.000000, 401.000000
-0.002633, 0.002983, 401.000000, 401.000000, 401.000000
-0.002516, 0.002983, 401.000000, 401.000000, 401.000000
-0.002399, 0.002983, 401.000000, 401.000000, 401.000000
-0.002282, 0.002983, 1.702817, 3.636721, 1.802155
-0.002165, 0.002983, 2.557175, 8.466875, 2.651571
-0.002048, 0.002983, 401.000000, 401.000000, 401.000000
-0.001931, 0.002983, 165.878557, 165.878557, 7.344912
-0.001814, 0.002983, 11.589782, 11.589782, 10.095835
-0.001697, 0.002983, 401.000000, 401.000000, 401.000000
-0.001580, 0.002983, 401.000000, 401.000000, 401.000000
-0.001463, 0.002983, 401.000000, 401.000000, 401.000000
-0.001345, 0.002983, 401.000000, 401.000000, 401.000000
-0.001228, 0.002983, 401.000000, 401.000000, 401.000000
-0.001112, 0.002983, 401.000000, 401.000000, 401.000000
-0.000995, 0.002983, 401.000000, 401.000000, 401.000000
-0.000878, 0.002983, 133.836386, 11.259409, 10.590784
-0.000761, 0.002983, 25.439631, 320.226255, 26.721934
-0.000644, 0.002983, 401.000000, 401.000000, 401.000000
-0.000527, 0.002983, 401.000000, 401.000000, 401.000000
-0.000410, 0.002983, 401.000000, 401.000000, 401.000000
-0.000293, 0.002983, 401.000000, 401.000000, 401.000000
-0.000176, 0.002983, 401.000000, 401.000000, 401.000000
-0.000058, 0.002983, 401.000000, 401.000000, 401.000000
0.000058, 0.002983, 401.000000, 401.000000, 401.000000
0.000175, 0.002983, 401.000000, 401.000000, 401.000000
0.000292, 0.002983, 401.000000, 401.000000, 401.000000
0.000409, 0.002983, 401.000000, 401.000000, 401.000000
0.000526, 0.002983, 401.000000, 401.000000, 401.000000
0.000643, 0.002983, 401.000000, 401.000000, 401.000000
0.000760, 0.002983, 401.000000, 401.000000, 401.000000
0.000877, 0.002983, 401.000000, 401.000000, 401.000000
0.000994, 0.002983, 401.000000, 401.000000, 401.000000
0.001112, 0.002983, 401.000000, 401.000000, 401.000000
0.001228, 0.002983, 401.000000, 401.000000, 401.000000
0.001345, 0.002983, 401.000000, 401.000000, 401.000000
0.001462, 0.002983, 401.000000, 401.000000, 401.000000
0.001579, 0.002983, 401.000000, 401.000000, 401.000000
0.001696, 0.002983, 401.000000, 401.000000, 401.000000
0.001813, 0.002983, 401.000000, 401.000000, 401.000000
0.001930, 0.002983, 401.000000, 401.000000, 401.000000
0.002048, 0.002983, 401.000000, 401.000000, 401.000000
0.002164, 0.002983, 401.000000, 401.000000, 401.000000
0.002282, 0.002983, 190.359086, 190.359086, 12.562894
0.002398, 0.002983, 19.069439, 19.069439, 19.106446
0.002515, 0.002983, 401.000000, 401.000000, 401.000000
0.002632, 0.002983, 7.938401, 59.423397, 12.985194
0.002749, 0.002983, 276.900251, 171.145725, 289.762201
0.002866, 0.002983, 1.822522, 3.203739, 1.891865
0.002983, 0.002983, 1.500000, 1.500000, 1.500000
0.003101, 0.002983, 8.652668, 74.047321, 12.020084
0.003217, 0.002983, 387.863945, 388.183136, 242.946258
0.003335, 0.002983, 2.470085, 2.524260, 2.239767
0.003451, 0.002983, 41.028917, 354.576420, 52.615277
0.003569, 0.002983, 401.000000, 401.000000, 401.000000
0.003685, 0.002983, 3.915490, 35.190678, 3.513387
0.003802, 0.002983, 6.326486, 150.087755, 5.587883
0.003919, 0.002983, 401.000000, 401.000000, 401.000000
0.004037, 0.002983, 401.000000, 401.000000, 401.000000
0.004153, 0.002983, 334.469864, 17.447054, 33.485373
0.004270, 0.002983, 400.958039, 400.956811, 400.969965
0.004388, 0.002983, 336.302646, 24.093426, 44.531770
0.004504, 0.002983, 120.766883, 112.874979, 165.073763
0.004622, 0.002983, 401.000000, 401.000000, 401.000000
0.004738, 0.002983, 336.186831, 32.056058, 47.790917
0.004856, 0.002983, 9.002783, 11.256289, 8.370137
0.004972, 0.002983, 9.906880, 20.165377, 13.381386
0.005090, 0.002983, 394.121473, 114.767100, 317.029993
0.005206, 0.002983, 306.880906, 60.321804, 117.234881
0.005324, 0.002983, 182.369294, 103.862733, 165.020982
0.005440, 0.002983, 304.739600, 200.182991, 34.405047
0.005557, 0.002983, 53.237663, 188.089012, 39.394993
0.005675, 0.002983, 312.862595, 20.757024, 19.174903
0.005791, 0.002983, 1.640444, 2.013327, 1.676220
-0.005791, 0.003101, 1.500000, 1.500000, 1.500000
-0.005674, 0.003101, 5.142271, 3.969350, 3.610831
-0.005557, 0.003101, 51.843081, 5.679044, 6.577227
-0.005441, 0.003101, 10.352027, 167.683584, 16.027709
-0.005324, 0.003101, 184.590558, 258.480346, 33.738157
-0.005207, 0.003101, 63.118474, 37.527217, 62.526905
-0.005089, 0.003101, 84.691389, 81.079612, 24.742874
-0.004972, 0.003101, 401.000000, 401.000000, 401.000000
-0.004855, 0.003101, 350.909167, 348.681054, 36.888052
-0.004738, 0.003101, 48.043873, 362.018202, 53.127727
-0.004621, 0.003101, 79.090419, 16.052642, 19.900023
-0.004504, 0.003101, 16.281932, 9.119446, 9.630286
-0.004387, 0.003101, 66.255939, 37.206716, 36.342831
-0.004270, 0.003101, 176.230259, 289.182604, 59.207569
-0.004154, 0.003101, 401.000000, 401.000000, 401.000000
-0.004036, 0.003101, 401.000000, 401.000000, 401.000000
-0.003920, 0.003101, 401.000000, 401.000000, 401.000000
-0.003803, 0.003101, 401.000000, 401.000000, 401.000000
-0.003686, 0.003101, 264.126592, 10.436506, 9.519038
-0.003569, 0.003101, 30.107641, 30.107641, 29.871718
-0.003452, 0.003101, 6.419119, 76.862178, 10.848929
-0.003335, 0.003101, 401.000000, 401.000000, 401.000000
-0.003218, 0.003101, 1.915056, 4.540652, 2.040576
-0.003101, 0.003101, 1.500000, 1.500000, 1.500000
-0.002984, 0.003101, 8.644818, 73.833792, 11.997005
-0.002867, 0.003101, 401.000000, 401.000000, 401.000000
-0.002750, 0.003101, 401.000000, 401.000000, 401.000000
-0.002633, 0.003101, 345.331127, 277.089664, 21.821330
-0.002516, 0.003101, 56.654546, 7.376246, 9.690954
-0.002399, 0.003101, 52.462826, 5.983090, 5.718511
-0.002282, 0.003101, 1.557220, 1.591518, 1.578204
-0.002165, 0.003101, 3.830759, 2.494620, 2.465088
-0.002048, 0.003101, 24.781903, 3.388519, 4.342606
-0.001931, 0.003101, 12.955683, 11.161237, 10.137897
-0.001814, 0.003101, 401.000000, 401.000000, 401.000000
-0.001697, 0.003101, 401.000000, 401.000000, 401.000000
-0.001580, 0.003101, 401.000000, 401.000000, 401.000000
-0.001463, 0.003101, 401.000000, 401.000000, 401.000000
-0.001345, 0.003101, 388.053423, 388.079273, 185.705528
-0.001228, 0.003101, 50.285867, 8.018503, 8.622654
-0.001112, 0.003101, 75.980121, 6.400285, 10.248218
-0.000995, 0.003101, 14.070494, 208.515076, 13.544115
-0.000878, 0.003101, 401.000000, 401.000000, 401.000000
-0.000761, 0.003101, 223.395332, 10.268667, 12.348968
-0.000644, 0.003101, 80.198798, 6.608266, 11.325419
-0.000527, 0.003101, 80.198798, 6.608266, 11.325419
-0.000410, 0.003101, 80.198798, 6.608266, 11.325419
-0.000293, 0.003101, 80.198798, 6.608266, 11.325419
-0.000176, 0.003101, 80.198798, 6.608266, 11.325419
-0.000058, 0.003101, 80.200823, 6.608586, 11.326600
0.000058, 0.003101, 80.198798, 6.608266, 11.325419
0.000175, 0.003101, 80.198798, 6.608266, 11.325419
0.000292, 0.003101, 80.198798, 6.608266, 11.325419
0.000409, 0.003101, 80.198798, 6.608266, 11.325419
0.000526, 0.003101, 80.198798, 6.608266, 11.325419
0.000643, 0.003101, 80.198798, 6.608266, 11.325419
0.000760, 0.003101, 80.198798, 6.608266, 11.325419
0.000877, 0.003101, 80.198798, 6.608266, 11.325419
0.000994, 0.003101, 80.198798, 6.608266, 11.325419
0.001112, 0.003101, 80.198798, 6.608266, 11.325419
0.001228, 0.003101, 80.198798, 6.608266, 11.325419
0.001345, 0.003101, 80.198798, 6.608266, 11.325419
0.001462, 0.003101, 80.198798, 6.608266, 11.325419
0.001579, 0.003101, 80.198798, 6.608266, 11.325419
0.001696, 0.003101, 80.198798, 6.608266, 11.325419
0.001813, 0.003101, 80.198798, 6.608266, 11.325419
0.001930, 0.003101, 80.198798, 6.608266, 11.325419
0.002048, 0.003101, 80.198798, 6.608266, 11.325419
0.002164, 0.003101, 80.100372, 6.591029, 11.258081
0.002282, 0.003101, 19.816419, 19.074026, 19.239423
0.002398, 0.003101, 401.000000, 401.000000, 401.000000
0.002515, 0.003101, 366.768739, 366.768739, 62.314690
0.002632, 0.003101, 2.812938, 2.682799, 2.289371
0.002749, 0.003101, 10.928912, 236.142313, 6.451742
0.002866, 0.003101, 1.530669, 1.537134, 1.538748
0.002983, 0.003101, 1.500000, 1.500000, 1.500000
0.003101, 0.003101, 8.652668, 74.047321, 12.020084
0.003217, 0.003101, 401.000000, 401.000000, 401.000000
0.003335, 0.003101, 376.650033, 77.954906, 123.449792
0.003451, 0.003101, 401.000000, 401.000000, 401.000000
0.003569, 0.003101, 401.000000, 401.000000, 401.000000
0.003685, 0.003101, 374.717516, 56.885848, 76.743628
0.003802, 0.003101, 188.887205, 188.887205, 281.087356
0.003919, 0.003101, 401.000000, 401.000000, 401.000000
0.004037, 0.003101, 401.000000, 401.000000, 401.000000
0.004153, 0.003101, 401.000000, 401.000000, 401.000000
0.004270, 0.003101, 401.000000, 401.000000, 401.000000
0.004388, 0.003101, 401.000000, 401.000000, 401.000000
0.004504, 0.003101, 401.000000, 401.000000, 401.000000
0.004622, 0.003101, 387.724488, 386.030129, 296.907400
0.004738, 0.003101, 330.258277, 222.305770, 84.918265
0.004856, 0.003101, 55.940717, 4.770708, 4.831901
0.004972, 0.003101, 34.540784, 43.611366, 50.036088
0.005090, 0.003101, 274.807419, 208.414844, 52.213126
0.005206, 0.003101, 357.544095, 233.542601, 88.348299
0.005324, 0.003101, 106.947695, 310.338346, 111.050526
0.005440, 0.003101, 11.448591, 74.073715, 24.343053
0.005557, 0.003101, 341.751203, 18.340390, 22.452448
0.005675, 0.003101, 12.883678, 7.286355, 8.497420
0.005791, 0.003101, 1.600630, 1.667116, 1.626349
-0.005791, 0.003217, 1.506783, 1.517212, 1.521106
-0.005674, 0.003217, 32.561272, 255.570827, 64.683290
-0.005557, 0.003217, 401.000000, 401.000000, 401.000000
-0.005441, 0.003217, 8.131477, 94.171751, 15.068135
-0.005324, 0.003217, 207.880924, 345.711091, 56.247306
-0.005207, 0.003217, 401.000000, 401.000000, 401.000000
-0.005089, 0.003217, 236.381541, 348.993950, 57.479060
-0.004972, 0.003217, 401.000000, 401.000000, 401.000000
-0.004855, 0.003217, 6.186896, 17.385997, 4.238560
-0.004738, 0.003217, 5.496230, 23.278707, 4.923948
-0.004621, 0.003217, 399.759410, 400.167249, 400.490989
-0.004504, 0.003217, 50.548653, 65.877550, 22.783773
-0.004387, 0.003217, 401.000000, 401.000000, 401.000000
-0.004270, 0.003217, 252.974831, 252.522435, 229.878047
-0.004154, 0.003217, 401.000000, 401.000000, 401.000000
-0.004036, 0.003217, 401.000000, 401.000000, 401.000000
-0.003920, 0.003217, 401.000000, 401.000000, 401.000000
-0.003803, 0.003217, 401.000000, 401.000000, 401.000000
-0.003686, 0.003217, 401.000000, 401.000000, 401.000000
-0.003569, 0.003217, 401.000000, 401.000000, 401.000000
-0.003452, 0.003217, 6.419119, 76.862178, 10.848929
-0.003335, 0.003217, 401.000000, 401.000000, 401.000000
-0.003218, 0.003217, 1.915056, 4.540652, 2.040576
-0.003101, 0.003217, 1.500000, 1.500000, 1.500000
-0.002984, 0.003217, 8.644818, 73.833792, 11.997005
-0.002867, 0.003217, 401.000000, 401.000000, 401.000000
-0.002750, 0.003217, 270.713671, 270.713671, 11.506478
-0.002633, 0.003217, 1.766379, 1.766379, 1.708007
-0.002516, 0.003217, 1.500000, 1.500000, 1.500000
-0.002399, 0.003217, 1.500000, 1.500000, 1.500000
-0.002282, 0.003217, 3.625814, 3.930195, 2.951800
-0.002165, 0.003217, 301.829090, 301.829090, 381.428253
-0.002048, 0.003217, 401.000000, 401.000000, 401.000000
-0.001931, 0.003217, 401.000000, 401.000000, 401.000000
-0.001814, 0.003217, 401.000000, 401.000000, 401.000000
-0.001697, 0.003217, 312.793203, 312.793203, 19.133725
-0.001580, 0.003217, 11.544558, 3.288169, 3.770758
-0.001463, 0.003217, 30.149637, 3.753919, 4.948398
-0.001345, 0.003217, 3.805741, 2.861056, 2.766363
-0.001228, 0.003217, 6.341619, 44.070813, 7.917073
-0.001112, 0.003217, 401.000000, 401.000000, 401.000000
-0.000995, 0.003217, 262.501058, 17.644609, 17.483713
-0.000878, 0.003217, 14.070494, 208.515076, 13.544115
-0.000761, 0.003217, 401.000000, 401.000000, 401.000000
-0.000644, 0.003217, 401.000000, 401.000000, 401.000000
-0.000527, 0.003217, 401.000000, 401.000000, 401.000000
-0.000410, 0.003217, 401.000000, 401.000000, 401.000000
-0.000293, 0.003217, 401.000000, 401.000000, 401.000000
-0.000176, 0.003217, 401.000000, 401.000000, 401.000000
-0.000058, 0.003217, 401.000000, 401.000000, 401.000000
0.000058, 0.003217, 401.000000, 401.000000, 401.000000
0.000175, 0.003217, 401.000000, 401.000000, 401.000000
0.000292, 0.003217, 401.000000, 401.000000, 401.000000
0.000409, 0.003217, 401.000000, 401.000000, 401.000000
0.000526, 0.003217, 401.000000, 401.000000, 401.000000
0.000643, 0.003217, 401.000000, 401.000000, 401.000000
0.000760, 0.003217, 401.000000, 401.000000, 401.000000
0.000877, 0.003217, 401.000000, 401.000000, 401.000000
0.000994, 0.003217, 401.000000, 401.000000, 401.000000
0.001112, 0.003217, 401.000000, 401.000000, 401.000000
0.001228, 0.003217, 401.000000, 401.000000, 401.000000
0.001345, 0.003217, 401.000000, 401.000000, 401.000000
0.001462, 0.003217, 395.708638, 377.685677, 361.055071
0.001579, 0.003217, 401.000000, 401.000000, 401.000000
0.001696, 0.003217, 401.000000, 401.000000, 401.000000
0.001813, 0.003217, 399.890696, 397.519438, 397.851167
0.001930, 0.003217, 377.018617, 391.628561, 394.315680
0.002048, 0.003217, 401.000000, 401.000000, 401.000000
0.002164, 0.003217, 401.000000, 401.000000, 401.000000
0.002282, 0.003217, 401.000000, 401.000000, 401.000000
0.002398, 0.003217, 366.768739, 366.768739, 62.314690
0.002515, 0.003217, 2.655749, 2.655749, 2.201309
0.002632, 0.003217, 1.500000, 1.500000, 1.500000
0.002749, 0.003217, 6.592861, 23.774690, 4.742378
0.002866, 0.003217, 1.513833, 1.518354, 1.521744
0.002983, 0.003217, 1.500000, 1.500000, 1.500000
0.003101, 0.003217, 8.652668, 74.047321, 12.020084
0.003217, 0.003217, 401.000000, 401.000000, 401.000000
0.003335, 0.003217, 401.000000, 401.000000, 401.000000
0.003451, 0.003217, 401.000000, 401.000000, 401.000000
0.003569, 0.003217, 401.000000, 401.000000, 401.000000
0.003685, 0.003217, 401.000000, 401.000000, 401.000000
0.003802, 0.003217, 401.000000, 401.000000, 401.000000
0.003919, 0.003217, 401.000000, 401.000000, 401.000000
0.004037, 0.003217, 179.702699, 105.669690, 4.735730
0.004153, 0.003217, 23.911212, 325.671856, 22.699079
0.004270, 0.003217, 401.000000, 401.000000, 401.000000
0.004388, 0.003217, 401.000000, 401.000000, 401.000000
0.004504, 0.003217, 401.000000, 401.000000, 401.000000
0.004622, 0.003217, 294.635631, 161.031674, 67.307898
0.004738, 0.003217, 401.000000, 401.000000, 401.000000
0.004856, 0.003217, 400.115102, 400.115102, 399.423342
0.004972, 0.003217, 265.717814, 381.143658, 265.706274
0.005090, 0.003217, 178.320792, 343.103828, 53.228057
0.005206, 0.003217, 401.000000, 401.000000, 401.000000
0.005324, 0.003217, 23.721801, 62.462778, 24.450811
0.005440, 0.003217, 9.435395, 106.069891, 15.468457
0.005557, 0.003217, 401.000000, 401.000000, 401.000000
0.005675, 0.003217, 270.632621, 255.570827, 64.683290
0.005791, 0.003217, 1.505601, 1.517212, 1.521106
-0.005791, 0.003335, 1.500000, 1.500000, 1.500000
-0.005674, 0.003335, 2.992870, 2.214970, 2.150020
-0.005557, 0.003335, 24.857412, 7.579709, 9.833639
-0.005441, 0.003335, 36.685275, 40.239927, 45.674502
-0.005324, 0.003335, 389.009953, 358.177767, 394.935887
-0.005207, 0.003335, 331.980566, 167.928527, 62.782840
-0.005089, 0.003335, 381.830472, 318.056006, 385.173119
-0.004972, 0.003335, 401.000000, 401.000000, 401.000000
-0.004855, 0.003335, 400.281946, 386.237521, 400.201255
-0.004738, 0.003335, 400.981864, 400.981864, 400.985088
-0.004621, 0.003335, 401.000000, 401.000000, 401.000000
-0.004504, 0.003335, 324.586755, 264.333176, 121.168983
-0.004387, 0.003335, 92.951593, 247.219666, 73.297413
-0.004270, 0.003335, 88.321453, 59.846953, 54.812926
-0.004154, 0.003335, 401.000000, 401.000000, 401.000000
-0.004036, 0.003335, 401.000000, 401.000000, 401.000000
-0.003920, 0.003335, 382.998496, 382.998496, 131.970041
-0.003803, 0.003335, 46.623526, 88.407248, 5.954997
-0.003686, 0.003335, 401.000000, 401.000000, 401.000000
-0.003569, 0.003335, 401.000000, 401.000000, 401.000000
-0.003452, 0.003335, 6.419119, 76.862178, 10.848929
-0.003335, 0.003335, 401.000000, 401.000000, 401.000000
-0.003218, 0.003335, 1.915056, 4.540652, 2.040576
-0.003101, 0.003335, 1.500000, 1.500000, 1.500000
-0.002984, 0.003335, 8.644818, 73.833792, 11.997005
-0.002867, 0.003335, 401.000000, 401.000000, 401.000000
-0.002750, 0.003335, 2.237987, 7.062935, 2.393395
-0.002633, 0.003335, 1.500000, 1.500000, 1.500000
-0.002516, 0.003335, 1.500000, 1.500000, 1.500000
-0.002399, 0.003335, 1.500000, 1.500000, 1.500000
-0.002282, 0.003335, 6.891142, 54.563119, 8.420099
-0.002165, 0.003335, 401.000000, 401.000000, 401.000000
-0.002048, 0.003335, 401.000000, 401.000000, 401.000000
-0.001931, 0.003335, 401.000000, 401.000000, 401.000000
-0.001814, 0.003335, 312.793203, 312.793203, 19.133725
-0.001697, 0.003335, 1.986039, 1.986039, 1.844679
-0.001580, 0.003335, 5.510663, 12.615982, 6.076788
-0.001463, 0.003335, 401.000000, 401.000000, 401.000000
-0.001345, 0.003335, 362.858776, 49.336149, 54.969532
-0.001228, 0.003335, 4.314479, 4.345276, 3.550392
-0.001112, 0.003335, 37.732764, 351.518851, 39.340008
-0.000995, 0.003335, 401.000000, 401.000000, 401.000000
-0.000878, 0.003335, 262.501058, 17.644609, 17.483713
-0.000761, 0.003335, 14.068048, 27.357811, 13.495993
-0.000644, 0.003335, 367.332822, 62.619415, 302.105838
-0.000527, 0.003335, 367.332822, 62.619415, 302.105838
-0.000410, 0.003335, 367.332822, 62.619415, 302.105838
-0.000293, 0.003335, 367.332822, 62.619415, 302.105838
-0.000176, 0.003335, 367.332822, 62.619415, 302.105838
-0.000058, 0.003335, 359.644288, 54.606862, 125.666790
0.000058, 0.003335, 93.175262, 18.968356, 16.542728
0.000175, 0.003335, 367.332822, 62.619415, 302.105838
0.000292, 0.003335, 367.332822, 62.619415, 302.105838
0.000409, 0.003335, 368.053058, 182.308544, 310.648423
0.000526, 0.003335, 401.000000, 401.000000, 401.000000
0.000643, 0.003335, 401.000000, 401.000000, 401.000000
0.000760, 0.003335, 401.000000, 401.000000, 401.000000
0.000877, 0.003335, 401.000000, 401.000000, 401.000000
0.000994, 0.003335, 401.000000, 401.000000, 401.000000
0.001112, 0.003335, 401.000000, 401.000000, 401.000000
0.001228, 0.003335, 401.000000, 401.000000, 401.000000
0.001345, 0.003335, 95.618333, 86.685498, 8.164403
0.001462, 0.003335, 55.561701, 8.836977, 13.665282
0.001579, 0.003335, 7.500298, 3.846143, 3.037139
0.001696, 0.003335, 7.233783, 2.448745, 2.658723
0.001813, 0.003335, 6.600628, 7.543692, 5.958502
0.001930, 0.003335, 65.756278, 8.605211, 11.894215
0.002048, 0.003335, 62.531475, 5.653508, 8.846266
0.002164, 0.003335, 61.050184, 5.376037, 7.796217
0.002282, 0.003335, 7.604720, 2.518179, 2.745387
0.002398, 0.003335, 2.313307, 2.052199, 2.008129
0.002515, 0.003335, 1.500000, 1.500000, 1.500000
0.002632, 0.003335, 1.500000, 1.500000, 1.500000
0.002749, 0.003335, 2.672173, 16.504310, 2.692937
0.002866, 0.003335, 1.864666, 4.094670, 1.981412
0.002983, 0.003335, 1.500000, 1.500000, 1.500000
0.003101, 0.003335, 8.652668, 74.047321, 12.020084
0.003217, 0.003335, 274.274850, 285.408428, 12.408129
0.003335, 0.003335, 8.157665, 136.154204, 4.606383
0.003451, 0.003335, 401.000000, 401.000000, 401.000000
0.003569, 0.003335, 401.000000, 401.000000, 401.000000
0.003685, 0.003335, 401.000000, 401.000000, 401.000000
0.003802, 0.003335, 401.000000, 401.000000, 401.000000
0.003919, 0.003335, 401.000000, 401.000000, 401.000000
0.004037, 0.003335, 193.805755, 5.859890, 5.211504
0.004153, 0.003335, 27.982278, 27.982278, 27.324092
0.004270, 0.003335, 401.000000, 401.000000, 401.000000
0.004388, 0.003335, 401.000000, 401.000000, 401.000000
0.004504, 0.003335, 401.000000, 401.000000, 401.000000
0.004622, 0.003335, 401.000000, 401.000000, 401.000000
0.004738, 0.003335, 322.728165, 253.192847, 69.561958
0.004856, 0.003335, 344.721712, 276.165441, 117.340354
0.004972, 0.003335, 89.743149, 149.410800, 126.456028
0.005090, 0.003335, 369.491676, 303.367312, 377.918613
0.005206, 0.003335, 38.825883, 109.348409, 23.902916
0.005324, 0.003335, 352.472470, 358.164900, 60.187434
0.005440, 0.003335, 15.033935, 36.137204, 19.762791
0.005557, 0.003335, 77.376269, 9.509764, 16.684299
0.005675, 0.003335, 21.370005, 8.000860, 10.970925
0.005791, 0.003335, 1.673803, 2.148867, 1.722250
-0.005791, 0.003451, 1.500000, 1.500000, 1.500000
-0.005674, 0.003451, 4.444007, 4.444007, 3.432056
-0.005557, 0.003451, 400.717828, 400.717828, 400.911798
-0.005441, 0.003451, 401.000000, 401.000000, 401.000000
-0.005324, 0.003451, 342.039454, 306.700900, 59.216140
-0.005207, 0.003451, 372.111100, 288.878142, 110.140965
-0.005089, 0.003451, 69.712362, 324.471816, 88.336826
-0.004972, 0.003451, 401.000000, 401.000000, 401.000000
-0.004855, 0.003451, 247.897474, 237.907957, 60.819023
-0.004738, 0.003451, 283.182713, 255.953611, 56.745605
-0.004621, 0.003451, 401.000000, 401.000000, 401.000000
-0.004504, 0.003451, 261.795231, 288.471440, 37.648240
-0.004387, 0.003451, 92.188698, 46.035107, 16.721054
-0.004270, 0.003451, 400.603259, 400.682400, 400.750992
-0.004154, 0.003451, 401.000000, 401.000000, 401.000000
-0.004036, 0.003451, 401.000000, 401.000000, 401.000000
-0.003920, 0.003451, 340.531550, 57.122690, 35.734322
-0.003803, 0.003451, 14.791820, 3.937302, 3.542176
-0.003686, 0.003451, 277.220868, 396.721506, 380.977380
-0.003569, 0.003451, 401.000000, 401.000000, 401.000000
-0.003452, 0.003451, 6.419119, 76.862178, 10.848929
-0.003335, 0.003451, 401.000000, 401.000000, 401.000000
-0.003218, 0.003451, 1.915056, 4.540652, 2.040576
-0.003101, 0.003451, 1.500000, 1.500000, 1.500000
-0.002984, 0.003451, 8.644818, 73.833792, 11.997005
-0.002867, 0.003451, 401.000000, 401.000000, 401.000000
-0.002750, 0.003451, 2.197318, 5.884739, 2.364664
-0.002633, 0.003451, 1.500000, 1.500000, 1.500000
-0.002516, 0.003451, 1.500000, 1.500000, 1.500000
-0.002399, 0.003451, 1.500000, 1.500000, 1.500000
-0.002282, 0.003451, 2.136602, 1.863759, 1.826940
-0.002165, 0.003451, 6.623939, 2.337630, 2.529264
-0.002048, 0.003451, 6.623939, 2.337630, 2.529264
-0.001931, 0.003451, 6.623939, 2.337630, 2.529264
-0.001814, 0.003451, 1.903246, 1.836914, 1.798834
-0.001697, 0.003451, 1.500000, 1.500000, 1.500000
-0.001580, 0.003451, 3.078254, 3.276941, 2.487121
-0.001463, 0.003451, 111.591918, 385.869048, 156.068240
-0.001345, 0.003451, 401.000000, 401.000000, 401.000000
-0.001228, 0.003451, 362.858776, 49.336149, 54.969532
-0.001112, 0.003451, 4.314479, 4.345276, 3.550392
-0.000995, 0.003451, 37.732764, 351.518851, 39.340008
-0.000878, 0.003451, 401.000000, 401.000000, 401.000000
-0.000761, 0.003451, 261.968623, 12.399595, 10.599935
-0.000644, 0.003451, 1.729412, 1.790521, 1.686413
-0.000527, 0.003451, 1.600774, 1.600774, 1.576188
-0.000410, 0.003451, 5.342248, 2.272153, 2.419172
-0.000293, 0.003451, 1.706096, 1.706348, 1.665713
-0.000176, 0.003451, 1.500000, 1.500000, 1.500000
-0.000058, 0.003451, 3.207069, 3.915533, 2.686181
0.000058, 0.003451, 214.151406, 21.112128, 26.903926
0.000175, 0.003451, 1.554863, 1.952018, 1.597960
0.000292, 0.003451, 4.017160, 2.532261, 2.497910
0.000409, 0.003451, 2.279163, 2.242009, 2.066100
0.000526, 0.003451, 5.370905, 3.976286, 3.553090
0.000643, 0.003451, 29.531914, 5.121310, 6.141932
0.000760, 0.003451, 29.531914, 5.121310, 6.141932
0.000877, 0.003451, 29.531914, 5.121310, 6.141932
0.000994, 0.003451, 29.531914, 5.121310, 6.141932
0.001112, 0.003451, 29.531914, 5.121310, 6.141932
0.001228, 0.003451, 23.656492, 3.806114, 3.287918
0.001345, 0.003451, 1.829998, 1.896384, 1.782848
0.001462, 0.003451, 15.397798, 5.446938, 5.494142
0.001579, 0.003451, 3.711191, 4.414965, 2.795728
0.001696, 0.003451, 1.500000, 1.500000, 1.500000
0.001813, 0.003451, 2.997015, 2.799103, 2.467578
0.001930, 0.003451, 25.883257, 5.620591, 6.237077
0.002048, 0.003451, 10.389147, 2.970513, 3.334166
0.002164, 0.003451, 4.430576, 2.457458, 2.310234
0.002282, 0.003451, 29.314258, 5.892048, 4.441866
0.002398, 0.003451, 7.432726, 2.390870, 2.567479
0.002515, 0.003451, 1.643439, 1.661477, 1.624833
0.002632, 0.003451, 1.500000, 1.500000, 1.500000
0.002749, 0.003451, 4.063956, 6.598278, 3.583874
0.002866, 0.003451, 3.242350, 4.646958, 2.703969
0.002983, 0.003451, 1.500000, 1.500000, 1.500000
0.003101, 0.003451, 8.652668, 74.047321, 12.020084
0.003217, 0.003451, 326.927047, 24.920645, 23.810732
0.003335, 0.003451, 13.949632, 7.842068, 6.980430
0.003451, 0.003451, 401.000000, 401.000000, 401.000000
0.003569, 0.003451, 401.000000, 401.000000, 401.000000
0.003685, 0.003451, 401.000000, 401.000000, 401.000000
0.003802, 0.003451, 401.000000, 401.000000, 401.000000
0.003919, 0.003451, 401.000000, 401.000000, 401.000000
0.004037, 0.003451, 401.000000, 401.000000, 401.000000
0.004153, 0.003451, 401.000000, 401.000000, 401.000000
0.004270, 0.003451, 401.000000, 401.000000, 401.000000
0.004388, 0.003451, 344.437435, 323.044589, 29.497068
0.004504, 0.003451, 126.246326, 387.821782, 181.103042
0.004622, 0.003451, 401.000000, 401.000000, 401.000000
0.004738, 0.003451, 401.000000, 401.000000, 401.000000
0.004856, 0.003451, 401.000000, 401.000000, 401.000000
0.004972, 0.003451, 401.000000, 401.000000, 401.000000
0.005090, 0.003451, 287.261820, 276.394384, 36.966732
0.005206, 0.003451, 113.991685, 9.856094, 20.942624
0.005324, 0.003451, 35.762742, 13.562656, 21.513839
0.005440, 0.003451, 401.000000, 401.000000, 401.000000
0.005557, 0.003451, 400.810090, 400.810090, 400.865620
0.005675, 0.003451, 8.953027, 8.953027, 3.416411
0.005791, 0.003451, 1.500000, 1.500000, 1.500000
-0.005791, 0.003569, 1.575609, 2.999600, 1.659042
-0.005674, 0.003569, 400.717828, 400.717828, 400.911798
-0.005557, 0.003569, 401.000000, 401.000000, 401.000000
-0.005441, 0.003569, 401.000000, 401.000000, 401.000000
-0.005324, 0.003569, 284.667891, 149.588228, 184.021093
-0.005207, 0.003569, 401.000000, 401.000000, 401.000000
-0.005089, 0.003569, 204.435855, 265.338466, 37.692579
-0.004972, 0.003569, 232.173793, 363.561080, 88.845008
-0.004855, 0.003569, 392.256729, 367.789189, 396.276863
-0.004738, 0.003569, 383.364898, 230.993403, 312.633726
-0.004621, 0.003569, 356.671538, 390.419218, 286.687446
-0.004504, 0.003569, 378.829068, 391.528160, 334.546506
-0.004387, 0.003569, 401.000000, 401.000000, 401.000000
-0.004270, 0.003569, 269.453089, 359.440601, 78.602483
-0.004154, 0.003569, 401.000000, 401.000000, 401.000000
-0.004036, 0.003569, 401.000000, 401.000000, 401.000000
-0.003920, 0.003569, 401.000000, 401.000000, 401.000000
-0.003803, 0.003569, 401.000000, 401.000000, 401.000000
-0.003686, 0.003569, 401.000000, 401.000000, 401.000000
-0.003569, 0.003569, 401.000000, 401.000000, 401.000000
-0.003452, 0.003569, 7.978571, 77.145837, 14.467310
-0.003335, 0.003569, 401.000000, 401.000000, 401.000000
-0.003218, 0.003569, 1.915056, 4.540652, 2.040576
-0.003101, 0.003569, 1.500000, 1.500000, 1.500000
-0.002984, 0.003569, 8.644818, 73.833792, 11.997005
-0.002867, 0.003569, 401.000000, 401.000000, 401.000000
-0.002750, 0.003569, 2.197318, 5.884739, 2.364664
-0.002633, 0.003569, 1.500000, 1.500000, 1.500000
-0.002516, 0.003569, 1.500000, 1.500000, 1.500000
-0.002399, 0.003569, 1.500000, 1.500000, 1.500000
-0.002282, 0.003569, 1.500000, 1.500000, 1.500000
-0.002165, 0.003569, 1.500000, 1.500000, 1.500000
-0.002048, 0.003569, 1.500000, 1.500000, 1.500000
-0.001931, 0.003569, 1.500000, 1.500000, 1.500000
-0.001814, 0.003569, 1.500000, 1.500000, 1.500000
-0.001697, 0.003569, 1.500000, 1.500000, 1.500000
-0.001580, 0.003569, 1.500000, 1.500000, 1.500000
-0.001463, 0.003569, 3.224403, 42.208223, 2.776916
-0.001345, 0.003569, 401.000000, 401.000000, 401.000000
-0.001228, 0.003569, 401.000000, 401.000000, 401.000000
-0.001112, 0.003569, 362.858776, 49.336149, 54.969532
-0.000995, 0.003569, 4.478957, 16.303217, 3.897430
-0.000878, 0.003569, 401.000000, 401.000000, 401.000000
-0.000761, 0.003569, 401.000000, 401.000000, 401.000000
-0.000644, 0.003569, 2.410674, 7.021141, 2.614211
-0.000527, 0.003569, 3.058476, 6.854675, 3.261193
-0.000410, 0.003569, 401.000000, 401.000000, 401.000000
-0.000293, 0.003569, 4.745139, 11.402775, 5.143154
-0.000176, 0.003569, 1.660583, 2.626276, 1.718555
-0.000058, 0.003569, 110.227879, 110.227946, 153.553820
0.000058, 0.003569, 398.015934, 399.086374, 397.612534
0.000175, 0.003569, 1.658549, 2.636718, 1.728071
0.000292, 0.003569, 20.351759, 222.507820, 49.463456
0.000409, 0.003569, 4.024530, 18.774052, 4.628037
0.000526, 0.003569, 1.500000, 1.500000, 1.500000
0.000643, 0.003569, 1.500000, 1.500000, 1.500000
0.000760, 0.003569, 1.500000, 1.500000, 1.500000
0.000877, 0.003569, 1.500000, 1.500000, 1.500000
0.000994, 0.003569, 1.500000, 1.500000, 1.500000
0.001112, 0.003569, 1.500000, 1.500000, 1.500000
0.001228, 0.003569, 1.500000, 1.500000, 1.500000
0.001345, 0.003569, 1.500000, 1.500000, 1.500000
0.001462, 0.003569, 1.500000, 1.500000, 1.500000
0.001579, 0.003569, 3.702796, 4.468533, 2.859820
0.001696, 0.003569, 56.442624, 3.854142, 3.874328
0.001813, 0.003569, 10.639517, 3.560020, 3.686760
0.001930, 0.003569, 80.579384, 80.578413, 103.054969
0.002048, 0.003569, 396.935405, 256.281144, 353.895426
0.002164, 0.003569, 1.839394, 3.238271, 1.912690
0.002282, 0.003569, 4.278553, 21.722070, 4.942984
0.002398, 0.003569, 401.000000, 401.000000, 401.000000
0.002515, 0.003569, 3.805097, 9.042354, 4.091979
0.002632, 0.003569, 1.789373, 3.075639, 1.854493
0.002749, 0.003569, 205.710600, 205.710600, 302.885686
0.002866, 0.003569, 343.427116, 64.720584, 73.994382
0.002983, 0.003569, 1.560247, 1.956813, 1.603065
0.003101, 0.003569, 8.652668, 74.047321, 12.020084
0.003217, 0.003569, 401.000000, 401.000000, 401.000000
0.003335, 0.003569, 401.000000, 401.000000, 401.000000
0.003451, 0.003569, 401.000000, 401.000000, 401.000000
0.003569, 0.003569, 401.000000, 401.000000, 401.000000
0.003685, 0.003569, 401.000000, 401.000000, 401.000000
0.003802, 0.003569, 401.000000, 401.000000, 401.000000
0.003919, 0.003569, 401.000000, 401.000000, 401.000000
0.004037, 0.003569, 401.000000, 401.000000, 401.000000
0.004153, 0.003569, 401.000000, 401.000000, 401.000000
0.004270, 0.003569, 401.000000, 401.000000, 401.000000
0.004388, 0.003569, 4.105898, 11.548607, 3.291684
0.004504, 0.003569, 7.703452, 61.109326, 7.062520
0.004622, 0.003569, 401.000000, 401.000000, 401.000000
0.004738, 0.003569, 401.000000, 401.000000, 401.000000
0.004856, 0.003569, 401.000000, 401.000000, 401.000000
0.004972, 0.003569, 401.000000, 401.000000, 401.000000
0.005090, 0.003569, 11.886638, 114.220838, 24.297095
0.005206, 0.003569, 401.000000, 401.000000, 401.000000
0.005324, 0.003569, 5.630667, 11.342874, 4.622923
0.005440, 0.003569, 4.258398, 1.849631, 1.967685
0.005557, 0.003569, 3.239546, 1.830057, 1.928687
0.005675, 0.003569, 1.500000, 1.500000, 1.500000
0.005791, 0.003569, 1.500000, 1.500000, 1.500000
-0.005791, 0.003685, 1.566673, 2.079766, 1.638757
-0.005674, 0.003685, 129.615994, 14.345638, 25.975909
-0.005557, 0.003685, 154.009967, 14.870681, 27.352229
-0.005441, 0.003685, 235.163613, 345.729649, 216.971555
-0.005324, 0.003685, 203.717887, 213.339971, 57.491569
-0.005207, 0.003685, 348.538231, 278.808812, 94.603679
-0.005089, 0.003685, 384.216577, 82.481282, 114.516463
-0.004972, 0.003685, 14.432615, 74.919829, 24.257680
-0.004855, 0.003685, 343.575700, 318.088415, 71.935928
-0.004738, 0.003685, 347.747770, 361.017362, 62.660474
-0.004621, 0.003685, 11.069900, 119.982343, 19.827055
-0.004504, 0.003685, 269.214347, 206.405631, 68.267256
-0.004387, 0.003685, 349.335978, 275.925632, 81.917764
-0.004270, 0.003685, 371.645903, 214.425351, 285.804159
-0.004154, 0.003685, 401.000000, 401.000000, 401.000000
-0.004036, 0.003685, 401.000000, 401.000000, 401.000000
-0.003920, 0.003685, 347.060370, 299.125756, 36.219731
-0.003803, 0.003685, 395.320165, 400.573389, 400.635078
-0.003686, 0.003685, 401.000000, 401.000000, 401.000000
-0.003569, 0.003685, 317.673305, 226.609193, 23.829256
-0.003452, 0.003685, 12.127416, 27.769549, 16.966347
-0.003335, 0.003685, 401.000000, 401.000000, 401.000000
-0.003218, 0.003685, 1.915056, 4.540652, 2.040576
-0.003101, 0.003685, 1.500000, 1.500000, 1.500000
-0.002984, 0.003685, 8.644818, 73.833792, 11.997005
-0.002867, 0.003685, 401.000000, 401.000000, 401.000000
-0.002750, 0.003685, 2.197318, 5.884739, 2.364664
-0.002633, 0.003685, 1.500000, 1.500000, 1.500000
-0.002516, 0.003685, 1.500000, 1.500000, 1.500000
-0.002399, 0.003685, 1.500000, 1.500000, 1.500000
-0.002282, 0.003685, 1.500000, 1.500000, 1.500000
-0.002165, 0.003685, 1.500000, 1.500000, 1.500000
-0.002048, 0.003685, 1.500000, 1.500000, 1.500000
-0.001931, 0.003685, 1.500000, 1.500000, 1.500000
-0.001814, 0.003685, 1.500000, 1.500000, 1.500000
-0.001697, 0.003685, 1.500000, 1.500000, 1.500000
-0.001580, 0.003685, 1.500000, 1.500000, 1.500000
-0.001463, 0.003685, 1.892602, 4.441215, 2.015319
-0.001345, 0.003685, 401.000000, 401.000000, 401.000000
-0.001228, 0.003685, 401.000000, 401.000000, 401.000000
-0.001112, 0.003685, 401.000000, 401.000000, 401.000000
-0.000995, 0.003685, 219.877517, 46.663972, 17.234836
-0.000878, 0.003685, 16.997511, 18.036002, 15.751149
-0.000761, 0.003685, 256.231624, 22.904900, 27.695356
-0.000644, 0.003685, 1.949529, 2.092486, 1.904197
-0.000527, 0.003685, 2.340737, 2.665257, 2.174338
-0.000410, 0.003685, 55.624473, 16.822086, 23.311762
-0.000293, 0.003685, 123.760526, 37.207001, 9.839850
-0.000176, 0.003685, 1.564107, 1.632109, 1.595624
-0.000058, 0.003685, 10.850762, 8.936789, 7.316626
0.000058, 0.003685, 175.486537, 8.936789, 7.316626
0.000175, 0.003685, 1.537331, 1.599994, 1.563315
0.000292, 0.003685, 20.351759, 222.507820, 49.463456
0.000409, 0.003685, 5.763078, 18.835898, 5.472073
0.000526, 0.003685, 1.500000, 1.500000, 1.500000
0.000643, 0.003685, 1.500000, 1.500000, 1.500000
0.000760, 0.003685, 1.500000, 1.500000, 1.500000
0.000877, 0.003685, 1.500000, 1.500000, 1.500000
0.000994, 0.003685, 1.500000, 1.500000, 1.500000
0.001112, 0.003685, 1.500000, 1.500000, 1.500000
0.001228, 0.003685, 1.500000, 1.500000, 1.500000
0.001345, 0.003685, 1.500000, 1.500000, 1.500000
0.001462, 0.003685, 1.500000, 1.500000, 1.500000
0.001579, 0.003685, 1.500000, 1.500000, 1.500000
0.001696, 0.003685, 2.692588, 1.553744, 1.628768
0.001813, 0.003685, 3.037253, 1.712001, 1.732689
0.001930, 0.003685, 9.433623, 7.334926, 6.118511
0.002048, 0.003685, 163.659013, 10.506176, 9.389721
0.002164, 0.003685, 1.615200, 1.713561, 1.641276
0.002282, 0.003685, 2.608047, 3.033761, 2.371065
0.002398, 0.003685, 63.928537, 12.826771, 18.008938
0.002515, 0.003685, 2.691695, 3.189002, 2.455885
0.002632, 0.003685, 1.602806, 1.680367, 1.618159
0.002749, 0.003685, 13.488306, 10.140434, 8.784673
0.002866, 0.003685, 117.702414, 7.694305, 6.115766
0.002983, 0.003685, 1.504325, 1.508644, 1.513784
0.003101, 0.003685, 4.802898, 56.562344, 4.185658
0.003217, 0.003685, 401.000000, 401.000000, 401.000000
0.003335, 0.003685, 401.000000, 401.000000, 401.000000
0.003451, 0.003685, 401.000000, 401.000000, 401.000000
0.003569, 0.003685, 401.000000, 401.000000, 401.000000
0.003685, 0.003685, 401.000000, 401.000000, 401.000000
0.003802, 0.003685, 401.000000, 401.000000, 401.000000
0.003919, 0.003685, 401.000000, 401.000000, 401.000000
0.004037, 0.003685, 401.000000, 401.000000, 401.000000
0.004153, 0.003685, 401.000000, 401.000000, 401.000000
0.004270, 0.003685, 401.000000, 401.000000, 401.000000
0.004388, 0.003685, 398.608660, 326.437487, 394.341485
0.004504, 0.003685, 401.000000, 401.000000, 401.000000
0.004622, 0.003685, 401.000000, 401.000000, 401.000000
0.004738, 0.003685, 401.000000, 401.000000, 401.000000
0.004856, 0.003685, 401.000000, 401.000000, 401.000000
0.004972, 0.003685, 336.653223, 336.653223, 28.320569
0.005090, 0.003685, 4.340481, 4.209811, 3.432761
0.005206, 0.003685, 75.582964, 26.159510, 37.660187
0.005324, 0.003685, 67.786070, 15.812125, 4.786595
0.005440, 0.003685, 1.594176, 1.537440, 1.561555
0.005557, 0.003685, 1.500000, 1.500000, 1.500000
0.005675, 0.003685, 1.500000, 1.500000, 1.500000
0.005791, 0.003685, 1.500000, 1.500000, 1.500000
-0.005791, 0.003802, 1.500000, 1.500000, 1.500000
-0.005674, 0.003802, 1.500000, 1.500000, 1.500000
-0.005557, 0.003802, 4.683047, 6.035536, 4.279420
-0.005441, 0.003802, 10.080596, 26.948772, 13.801389
-0.005324, 0.003802, 401.000000, 401.000000, 401.000000
-0.005207, 0.003802, 299.460069, 24.264685, 27.085991
-0.005089, 0.003802, 124.523072, 14.087082, 31.676287
-0.004972, 0.003802, 28.269591, 45.301173, 41.924040
-0.004855, 0.003802, 352.098152, 36.536535, 46.377623
-0.004738, 0.003802, 67.114035, 10.802576, 18.867778
-0.004621, 0.003802, 401.000000, 401.000000, 401.000000
-0.004504, 0.003802, 401.000000, 401.000000, 401.000000
-0.004387, 0.003802, 320.145987, 82.782992, 25.356948
-0.004270, 0.003802, 62.002139, 276.672312, 35.491387
-0.004154, 0.003802, 401.000000, 401.000000, 401.000000
-0.004036, 0.003802, 401.000000, 401.000000, 401.000000
-0.003920, 0.003802, 3.185217, 8.352034, 2.699565
-0.003803, 0.003802, 12.503615, 251.701421, 11.909012
-0.003686, 0.003802, 211.293317, 211.293317, 13.621961
-0.003569, 0.003802, 17.301724, 15.797241, 16.588476
-0.003452, 0.003802, 401.000000, 401.000000, 401.000000
-0.003335, 0.003802, 322.762056, 322.720159, 25.678771
-0.003218, 0.003802, 3.275175, 1.924540, 1.901104
-0.003101, 0.003802, 1.516905, 1.507746, 1.520411
-0.002984, 0.003802, 3.879250, 4.346426, 3.072440
-0.002867, 0.003802, 76.134103, 7.813834, 8.349599
-0.002750, 0.003802, 1.738458, 1.775448, 1.717256
-0.002633, 0.003802, 1.500000, 1.500000, 1.500000
-0.002516, 0.003802, 1.500000, 1.500000, 1.500000
-0.002399, 0.003802, 1.500000, 1.500000, 1.500000
-0.002282, 0.003802, 1.500000, 1.500000, 1.500000
-0.002165, 0.003802, 1.500000, 1.500000, 1.500000
-0.002048, 0.003802, 1.500000, 1.500000, 1.500000
-0.001931, 0.003802, 1.500000, 1.500000, 1.500000
-0.001814, 0.003802, 1.500000, 1.500000, 1.500000
-0.001697, 0.003802, 1.500000, 1.500000, 1.500000
-0.001580, 0.003802, 1.500000, 1.500000, 1.500000
-0.001463, 0.003802, 1.892602, 4.441215, 2.015319
-0.001345, 0.003802, 401.000000, 401.000000, 401.000000
-0.001228, 0.003802, 401.000000, 401.000000, 401.000000
-0.001112, 0.003802, 401.000000, 401.000000, 401.000000
-0.000995, 0.003802, 401.000000, 401.000000, 401.000000
-0.000878, 0.003802, 339.830912, 14.153427, 18.751573
-0.000761, 0.003802, 67.386486, 8.268197, 11.276854
-0.000644, 0.003802, 60.722722, 5.228773, 4.741028
-0.000527, 0.003802, 1.545486, 1.559165, 1.550060
-0.000410, 0.003802, 1.500000, 1.500000, 1.500000
-0.000293, 0.003802, 1.980916, 1.906102, 1.796786
-0.000176, 0.003802, 16.966871, 5.948646, 3.904269
-0.000058, 0.003802, 7.143888, 3.325307, 3.208594
0.000058, 0.003802, 64.936063, 9.350792, 11.749076
0.000175, 0.003802, 1.609240, 2.036112, 1.651887
0.000292, 0.003802, 20.351759, 222.507820, 49.463456
0.000409, 0.003802, 397.679409, 277.965590, 369.037110
0.000526, 0.003802, 92.528613, 3.896327, 3.239228
0.000643, 0.003802, 4.776451, 1.967324, 2.100358
0.000760, 0.003802, 4.776451, 1.967324, 2.100358
0.000877, 0.003802, 4.776451, 1.967324, 2.100358
0.000994, 0.003802, 4.776451, 1.967324, 2.100358
0.001112, 0.003802, 4.776451, 1.967324, 2.100358
0.001228, 0.003802, 4.724016, 1.947656, 2.061176
0.001345, 0.003802, 1.503436, 1.504701, 1.509619
0.001462, 0.003802, 1.500000, 1.500000, 1.500000
0.001579, 0.003802, 1.500000, 1.500000, 1.500000
0.001696, 0.003802, 1.500000, 1.500000, 1.500000
0.001813, 0.003802, 1.500000, 1.500000, 1.500000
0.001930, 0.003802, 1.500000, 1.500000, 1.500000
0.002048, 0.003802, 1.500000, 1.500000, 1.500000
0.002164, 0.003802, 1.500000, 1.500000, 1.500000
0.002282, 0.003802, 1.500000, 1.500000, 1.500000
0.002398, 0.003802, 1.500000, 1.500000, 1.500000
0.002515, 0.003802, 1.500000, 1.500000, 1.500000
0.002632, 0.003802, 1.500000, 1.500000, 1.500000
0.002749, 0.003802, 1.500000, 1.500000, 1.500000
0.002866, 0.003802, 1.500000, 1.500000, 1.500000
0.002983, 0.003802, 1.500000, 1.500000, 1.500000
0.003101, 0.003802, 1.525026, 1.518965, 1.526729
0.003217, 0.003802, 5.808519, 138.816402, 4.578912
0.003335, 0.003802, 401.000000, 401.000000, 401.000000
0.003451, 0.003802, 401.000000, 401.000000, 401.000000
0.003569, 0.003802, 322.610202, 216.984079, 14.044451
0.003685, 0.003802, 44.473721, 6.423880, 8.107569
0.003802, 0.003802, 44.473721, 6.423880, 8.107569
0.003919, 0.003802, 44.473721, 6.423880, 8.107569
0.004037, 0.003802, 44.787617, 168.726496, 11.814338
0.004153, 0.003802, 401.000000, 401.000000, 401.000000
0.004270, 0.003802, 401.000000, 401.000000, 401.000000
0.004388, 0.003802, 401.000000, 401.000000, 401.000000
0.004504, 0.003802, 401.000000, 401.000000, 401.000000
0.004622, 0.003802, 150.364511, 106.024676, 4.136594
0.004738, 0.003802, 4.907084, 1.995515, 2.133034
0.004856, 0.003802, 4.907084, 1.995515, 2.133034
0.004972, 0.003802, 1.938840, 1.764256, 1.783650
0.005090, 0.003802, 1.500000, 1.500000, 1.500000
0.005206, 0.003802, 1.500000, 1.500000, 1.500000
0.005324, 0.003802, 4.184623, 38.071585, 4.646914
0.005440, 0.003802, 8.331760, 15.432614, 8.782726
0.005557, 0.003802, 1.500000, 1.500000, 1.500000
0.005675, 0.003802, 1.500000, 1.500000, 1.500000
0.005791, 0.003802, 1.500000, 1.500000, 1.500000
-0.005791, 0.003919, 1.500000, 1.500000, 1.500000
-0.005674, 0.003919, 7.222688, 6.786493, 5.959748
-0.005557, 0.003919, 378.292269, 328.248108, 396.916779
-0.005441, 0.003919, 9.514042, 82.524571, 13.633100
-0.005324, 0.003919, 395.775986, 398.218225, 396.460796
-0.005207, 0.003919, 378.139064, 104.055254, 242.691939
-0.005089, 0.003919, 395.804077, 398.210949, 396.342635
-0.004972, 0.003919, 396.030108, 398.177227, 396.327641
-0.004855, 0.003919, 388.662904, 156.015471, 300.088196
-0.004738, 0.003919, 343.334133, 173.963772, 303.598861
-0.004621, 0.003919, 395.044757, 398.133150, 396.443725
-0.004504, 0.003919, 166.331505, 283.563605, 57.803177
-0.004387, 0.003919, 323.116276, 80.863882, 224.592269
-0.004270, 0.003919, 9.391010, 58.473378, 16.736125
-0.004154, 0.003919, 401.000000, 401.000000, 401.000000
-0.004036, 0.003919, 400.914121, 400.915934, 400.932485
-0.003920, 0.003919, 394.901938, 223.995797, 350.973025
-0.003803, 0.003919, 215.149643, 295.052441, 16.400831
-0.003686, 0.003919, 17.316846, 17.316846, 17.107818
-0.003569, 0.003919, 401.000000, 401.000000, 401.000000
-0.003452, 0.003919, 401.000000, 401.000000, 401.000000
-0.003335, 0.003919, 7.401079, 43.095899, 9.356370
-0.003218, 0.003919, 401.000000, 401.000000, 401.000000
-0.003101, 0.003919, 7.606892, 6.270343, 4.768743
-0.002984, 0.003919, 1.508753, 1.528633, 1.519973
-0.002867, 0.003919, 9.667920, 7.518570, 7.325709
-0.002750, 0.003919, 249.159731, 10.157110, 11.339876
-0.002633, 0.003919, 1.605511, 1.863258, 1.635643
-0.002516, 0.003919, 2.823117, 3.610101, 2.575381
-0.002399, 0.003919, 100.166000, 17.694311, 32.396626
-0.002282, 0.003919, 2.679119, 3.478281, 2.480970
-0.002165, 0.003919, 1.809305, 1.938222, 1.732175
-0.002048, 0.003919, 17.271751, 10.730119, 12.351507
-0.001931, 0.003919, 128.044387, 7.148375, 6.774708
-0.001814, 0.003919, 1.501349, 1.503582, 1.506760
-0.001697, 0.003919, 3.988746, 4.685077, 3.467279
-0.001580, 0.003919, 155.057715, 16.096354, 26.649737
-0.001463, 0.003919, 2.898476, 6.303365, 3.066343
-0.001345, 0.003919, 401.000000, 401.000000, 401.000000
-0.001228, 0.003919, 401.000000, 401.000000, 401.000000
-0.001112, 0.003919, 401.000000, 401.000000, 401.000000
-0.000995, 0.003919, 401.000000, 401.000000, 401.000000
-0.000878, 0.003919, 401.000000, 401.000000, 401.000000
-0.000761, 0.003919, 401.000000, 401.000000, 401.000000
-0.000644, 0.003919, 401.000000, 401.000000, 401.000000
-0.000527, 0.003919, 7.599081, 8.855361, 6.581015
-0.000410, 0.003919, 79.874227, 17.360070, 31.243712
-0.000293, 0.003919, 75.979436, 4.213229, 3.779156
-0.000176, 0.003919, 6.137876, 2.259040, 2.538156
-0.000058, 0.003919, 4.221478, 2.332194, 2.251305
0.000058, 0.003919, 17.184946, 4.848733, 5.885102
0.000175, 0.003919, 1.554760, 1.596928, 1.584764
0.000292, 0.003919, 20.351759, 222.507820, 49.463456
0.000409, 0.003919, 401.000000, 401.000000, 401.000000
0.000526, 0.003919, 401.000000, 401.000000, 401.000000
0.000643, 0.003919, 401.000000, 401.000000, 401.000000
0.000760, 0.003919, 401.000000, 401.000000, 401.000000
0.000877, 0.003919, 397.435815, 397.076829, 384.414789
0.000994, 0.003919, 401.000000, 401.000000, 401.000000
0.001112, 0.003919, 401.000000, 401.000000, 401.000000
0.001228, 0.003919, 401.000000, 401.000000, 401.000000
0.001345, 0.003919, 3.042224, 4.891408, 2.967921
0.001462, 0.003919, 1.500000, 1.500000, 1.500000
0.001579, 0.003919, 1.500000, 1.500000, 1.500000
0.001696, 0.003919, 1.500000, 1.500000, 1.500000
0.001813, 0.003919, 1.501728, 1.503582, 1.506760
0.001930, 0.003919, 8.708998, 7.148375, 6.774708
0.002048, 0.003919, 247.259022, 10.730119, 12.351507
0.002164, 0.003919, 1.632790, 1.917106, 1.661323
0.002282, 0.003919, 2.698460, 3.478281, 2.480970
0.002398, 0.003919, 94.373999, 17.694311, 32.396626
0.002515, 0.003919, 2.811941, 3.610101, 2.575381
0.002632, 0.003919, 1.618781, 1.863258, 1.635643
0.002749, 0.003919, 15.746996, 10.157110, 11.339876
0.002866, 0.003919, 169.402255, 7.518570, 7.325709
0.002983, 0.003919, 1.507584, 1.528633, 1.519973
0.003101, 0.003919, 1.500000, 1.500000, 1.500000
0.003217, 0.003919, 1.525026, 1.518965, 1.526729
0.003335, 0.003919, 5.796990, 5.024168, 4.066757
0.003451, 0.003919, 50.983163, 5.763089, 5.296301
0.003569, 0.003919, 1.598407, 1.598407, 1.591258
0.003685, 0.003919, 1.500000, 1.500000, 1.500000
0.003802, 0.003919, 1.500000, 1.500000, 1.500000
0.003919, 0.003919, 1.500000, 1.500000, 1.500000
0.004037, 0.003919, 1.542825, 1.532734, 1.539206
0.004153, 0.003919, 6.276901, 4.180990, 3.915113
0.004270, 0.003919, 29.444192, 5.116201, 6.131058
0.004388, 0.003919, 29.444192, 5.116201, 6.131058
0.004504, 0.003919, 25.102180, 3.896159, 3.427269
0.004622, 0.003919, 1.535814, 1.631746, 1.563142
0.004738, 0.003919, 11.425613, 8.242242, 8.370220
0.004856, 0.003919, 252.564220, 9.245008, 9.849252
0.004972, 0.003919, 1.566112, 1.778145, 1.596584
0.005090, 0.003919, 3.062882, 3.864634, 2.761823
0.005206, 0.003919, 112.146591, 17.541883, 31.864155
0.005324, 0.003919, 3.890365, 4.670260, 3.346174
0.005440, 0.003919, 3.142063, 3.171769, 2.670527
0.005557, 0.003919, 20.523450, 11.754406, 14.380825
0.005675, 0.003919, 13.337113, 6.555523, 5.862278
0.005791, 0.003919, 1.500000, 1.500000, 1.500000
-0.005791, 0.004037, 1.506727, 1.516840, 1.521073
-0.005674, 0.004037, 21.034910, 326.361558, 27.467726
-0.005557, 0.004037, 396.935405, 396.935405, 353.895426
-0.005441, 0.004037, 7.698458, 37.936761, 12.571227
-0.005324, 0.004037, 277.088929, 301.869394, 105.381526
-0.005207, 0.004037, 401.000000, 401.000000, 401.000000
-0.005089, 0.004037, 292.400896, 298.711576, 105.697263
-0.004972, 0.004037, 300.976757, 305.754105, 105.711237
-0.004855, 0.004037, 401.000000, 401.000000, 401.000000
-0.004738, 0.004037, 401.000000, 401.000000, 401.000000
-0.004621, 0.004037, 229.477677, 302.783180, 105.332866
-0.004504, 0.004037, 257.268673, 336.562639, 115.842661
-0.004387, 0.004037, 401.000000, 401.000000, 401.000000
-0.004270, 0.004037, 203.089819, 122.538756, 47.775843
-0.004154, 0.004037, 188.081990, 270.075002, 10.023081
-0.004036, 0.004037, 4.259767, 62.996233, 3.020464
-0.003920, 0.004037, 401.000000, 401.000000, 401.000000
-0.003803, 0.004037, 6.167020, 51.564091, 9.516293
-0.003686, 0.004037, 199.612412, 394.227529, 294.966108
-0.003569, 0.004037, 401.000000, 401.000000, 401.000000
-0.003452, 0.004037, 182.419450, 183.056018, 9.979089
-0.003335, 0.004037, 19.348184, 30.058291, 22.373542
-0.003218, 0.004037, 401.000000, 401.000000, 401.000000
-0.003101, 0.004037, 11.765499, 141.923518, 12.383689
-0.002984, 0.004037, 1.560484, 1.683750, 1.596237
-0.002867, 0.004037, 41.793493, 361.964799, 52.973907
-0.002750, 0.004037, 401.000000, 401.000000, 401.000000
-0.002633, 0.004037, 2.441133, 4.686345, 2.373390
-0.002516, 0.004037, 3.704047, 20.097685, 3.961885
-0.002399, 0.004037, 401.000000, 401.000000, 401.000000
-0.002282, 0.004037, 3.555968, 17.888539, 3.881145
-0.002165, 0.004037, 2.352800, 3.831205, 2.396295
-0.002048, 0.004037, 319.111624, 393.440922, 361.165670
-0.001931, 0.004037, 304.540031, 354.508908, 40.911573
-0.001814, 0.004037, 1.533016, 1.611280, 1.565916
-0.001697, 0.004037, 9.978306, 60.096706, 13.909348
-0.001580, 0.004037, 401.000000, 401.000000, 401.000000
-0.001463, 0.004037, 3.942412, 38.861171, 4.828719
-0.001345, 0.004037, 401.000000, 401.000000, 401.000000
-0.001228, 0.004037, 401.000000, 401.000000, 401.000000
-0.001112, 0.004037, 401.000000, 401.000000, 401.000000
-0.000995, 0.004037, 401.000000, 401.000000, 401.000000
-0.000878, 0.004037, 401.000000, 401.000000, 401.000000
-0.000761, 0.004037, 401.000000, 401.000000, 401.000000
-0.000644, 0.004037, 401.000000, 401.000000, 401.000000
-0.000527, 0.004037, 10.952158, 140.654805, 21.628781
-0.000410, 0.004037, 401.000000, 401.000000, 401.000000
-0.000293, 0.004037, 312.877653, 268.115854, 13.885269
-0.000176, 0.004037, 23.333699, 6.789700, 6.306909
-0.000058, 0.004037, 304.528411, 36.201882, 82.611413
0.000058, 0.004037, 232.035710, 147.858293, 252.454458
0.000175, 0.004037, 2.250684, 4.865087, 2.370961
0.000292, 0.004037, 20.351759, 222.507820, 49.463456
0.000409, 0.004037, 401.000000, 401.000000, 401.000000
0.000526, 0.004037, 401.000000, 401.000000, 401.000000
0.000643, 0.004037, 401.000000, 401.000000, 401.000000
0.000760, 0.004037, 401.000000, 401.000000, 401.000000
0.000877, 0.004037, 4.000076, 49.688808, 3.332670
0.000994, 0.004037, 7.413223, 226.847125, 6.750703
0.001112, 0.004037, 401.000000, 401.000000, 401.000000
0.001228, 0.004037, 401.000000, 401.000000, 401.000000
0.001345, 0.004037, 3.469136, 14.140683, 3.909079
0.001462, 0.004037, 1.500000, 1.500000, 1.500000
0.001579, 0.004037, 1.500000, 1.500000, 1.500000
0.001696, 0.004037, 1.500000, 1.500000, 1.500000
0.001813, 0.004037, 1.535535, 1.611280, 1.565916
0.001930, 0.004037, 31.813692, 354.508908, 40.911573
0.002048, 0.004037, 401.000000, 401.000000, 401.000000
0.002164, 0.004037, 2.014787, 4.778886, 2.153597
0.002282, 0.004037, 3.484567, 17.694284, 3.710279
0.002398, 0.004037, 401.000000, 401.000000, 401.000000
0.002515, 0.004037, 3.743667, 20.119575, 3.964453
0.002632, 0.004037, 1.958384, 4.509762, 2.088218
0.002749, 0.004037, 401.000000, 401.000000, 401.000000
0.002866, 0.004037, 331.685156, 361.964799, 52.973907
0.002983, 0.004037, 1.556758, 1.683750, 1.596237
0.003101, 0.004037, 1.500000, 1.500000, 1.500000
0.003217, 0.004037, 1.500000, 1.500000, 1.500000
0.003335, 0.004037, 1.500000, 1.500000, 1.500000
0.003451, 0.004037, 1.500000, 1.500000, 1.500000
0.003569, 0.004037, 1.500000, 1.500000, 1.500000
0.003685, 0.004037, 1.500000, 1.500000, 1.500000
0.003802, 0.004037, 1.500000, 1.500000, 1.500000
0.003919, 0.004037, 1.500000, 1.500000, 1.500000
0.004037, 0.004037, 1.500000, 1.500000, 1.500000
0.004153, 0.004037, 1.500000, 1.500000, 1.500000
0.004270, 0.004037, 1.500000, 1.500000, 1.500000
0.004388, 0.004037, 1.500000, 1.500000, 1.500000
0.004504, 0.004037, 1.500000, 1.500000, 1.500000
0.004622, 0.004037, 1.612980, 1.863873, 1.658652
0.004738, 0.004037, 63.953159, 372.503946, 77.841539
0.004856, 0.004037, 382.503680, 382.503680, 126.608830
0.004972, 0.004037, 1.688508, 2.137159, 1.749525
0.005090, 0.004037, 4.129397, 25.406139, 4.458677
0.005206, 0.004037, 401.000000, 401.000000, 401.000000
0.005324, 0.004037, 3.192710, 14.463348, 3.356148
0.005440, 0.004037, 1.927986, 2.794827, 1.989176
0.005557, 0.004037, 256.281144, 396.935405, 353.895426
0.005675, 0.004037, 243.396815, 326.361558, 27.467726
0.005791, 0.004037, 1.505592, 1.516840, 1.521073
-0.005791, 0.004153, 1.500000, 1.500000, 1.500000
-0.005674, 0.004153, 2.294272, 1.800403, 1.815396
-0.005557, 0.004153, 2.975780, 2.028090, 2.081192
-0.005441, 0.004153, 15.096526, 74.861064, 27.210173
-0.005324, 0.004153, 401.000000, 401.000000, 401.000000
-0.005207, 0.004153, 353.879290, 301.742927, 104.720158
-0.005089, 0.004153, 401.000000, 401.000000, 401.000000
-0.004972, 0.004153, 401.000000, 401.000000, 401.000000
-0.004855, 0.004153, 372.893930, 339.514744, 137.416551
-0.004738, 0.004153, 160.081404, 357.661176, 202.069076
-0.004621, 0.004153, 401.000000, 401.000000, 401.000000
-0.004504, 0.004153, 347.114648, 78.484212, 74.500769
-0.004387, 0.004153, 354.127893, 222.183791, 55.968355
-0.004270, 0.004153, 149.219472, 207.564424, 324.848858
-0.004154, 0.004153, 392.563343, 173.244897, 258.659612
-0.004036, 0.004153, 94.812678, 18.803630, 20.165338
-0.003920, 0.004153, 325.763231, 325.761918, 23.433231
-0.003803, 0.004153, 2.086206, 2.086194, 1.903106
-0.003686, 0.004153, 3.559913, 2.743212, 2.505970
-0.003569, 0.004153, 13.840895, 3.252529, 3.407624
-0.003452, 0.004153, 1.882374, 2.064192, 1.878308
-0.003335, 0.004153, 33.165062, 344.385784, 33.582381
-0.003218, 0.004153, 304.648938, 304.648938, 16.920273
-0.003101, 0.004153, 1.927972, 1.927972, 1.810113
-0.002984, 0.004153, 1.500000, 1.500000, 1.500000
-0.002867, 0.004153, 2.515303, 1.855611, 1.874431
-0.002750, 0.004153, 6.319137, 2.247830, 2.402740
-0.002633, 0.004153, 11.294794, 31.276599, 7.097824
-0.002516, 0.004153, 22.603307, 4.231303, 4.810298
-0.002399, 0.004153, 6.870972, 3.643444, 3.519613
-0.002282, 0.004153, 1.926812, 1.966178, 1.861556
-0.002165, 0.004153, 1.500000, 1.500000, 1.500000
-0.002048, 0.004153, 3.210606, 1.995717, 2.036785
-0.001931, 0.004153, 2.278578, 2.375538, 2.052571
-0.001814, 0.004153, 17.123220, 7.573487, 8.775078
-0.001697, 0.004153, 172.236485, 173.929892, 4.823069
-0.001580, 0.004153, 6.465771, 2.164049, 2.283777
-0.001463, 0.004153, 1.914810, 4.548444, 2.054945
-0.001345, 0.004153, 401.000000, 401.000000, 401.000000
-0.001228, 0.004153, 401.000000, 401.000000, 401.000000
-0.001112, 0.004153, 401.000000, 401.000000, 401.000000
-0.000995, 0.004153, 401.000000, 401.000000, 401.000000
-0.000878, 0.004153, 374.207502, 374.207502, 84.283894
-0.000761, 0.004153, 35.096149, 217.650893, 9.840293
-0.000644, 0.004153, 401.000000, 401.000000, 401.000000
-0.000527, 0.004153, 336.960149, 30.481857, 39.981525
-0.000410, 0.004153, 172.081257, 10.407457, 22.392881
-0.000293, 0.004153, 41.525077, 7.480486, 10.212410
-0.000176, 0.004153, 41.433161, 6.169122, 7.711259
-0.000058, 0.004153, 50.417994, 7.168809, 12.553588
0.000058, 0.004153, 78.149127, 7.997623, 13.320868
0.000175, 0.004153, 2.656306, 2.741087, 2.298365
0.000292, 0.004153, 19.180175, 219.256945, 40.961649
0.000409, 0.004153, 401.000000, 401.000000, 401.000000
0.000526, 0.004153, 401.000000, 401.000000, 401.000000
0.000643, 0.004153, 401.000000, 401.000000, 401.000000
0.000760, 0.004153, 401.000000, 401.000000, 401.000000
0.000877, 0.004153, 349.144351, 28.718694, 32.935068
0.000994, 0.004153, 127.809804, 127.809804, 183.826877
0.001112, 0.004153, 401.000000, 401.000000, 401.000000
0.001228, 0.004153, 401.000000, 401.000000, 401.000000
0.001345, 0.004153, 3.469136, 14.140683, 3.909079
0.001462, 0.004153, 1.500000, 1.500000, 1.500000
0.001579, 0.004153, 1.500000, 1.500000, 1.500000
0.001696, 0.004153, 1.500000, 1.500000, 1.500000
0.001813, 0.004153, 1.500000, 1.500000, 1.500000
0.001930, 0.004153, 2.421386, 1.833385, 1.850473
0.002048, 0.004153, 6.415125, 2.330388, 2.518950
0.002164, 0.004153, 2.674733, 5.838500, 2.459275
0.002282, 0.004153, 1.681776, 1.644563, 1.625037
0.002398, 0.004153, 10.042017, 154.760799, 5.251235
0.002515, 0.004153, 1.674113, 1.674744, 1.653539
0.002632, 0.004153, 4.840648, 5.547378, 2.584761
0.002749, 0.004153, 6.600532, 2.332095, 2.521281
0.002866, 0.004153, 2.192978, 1.855611, 1.874431
0.002983, 0.004153, 1.500000, 1.500000, 1.500000
0.003101, 0.004153, 1.500000, 1.500000, 1.500000
0.003217, 0.004153, 1.500000, 1.500000, 1.500000
0.003335, 0.004153, 1.500000, 1.500000, 1.500000
0.003451, 0.004153, 1.500000, 1.500000, 1.500000
0.003569, 0.004153, 1.500000, 1.500000, 1.500000
0.003685, 0.004153, 1.500000, 1.500000, 1.500000
0.003802, 0.004153, 1.500000, 1.500000, 1.500000
0.003919, 0.004153, 1.500000, 1.500000, 1.500000
0.004037, 0.004153, 1.500000, 1.500000, 1.500000
0.004153, 0.004153, 1.500000, 1.500000, 1.500000
0.004270, 0.004153, 1.500000, 1.500000, 1.500000
0.004388, 0.004153, 1.500000, 1.500000, 1.500000
0.004504, 0.004153, 1.500000, 1.500000, 1.500000
0.004622, 0.004153, 1.500000, 1.500000, 1.500000
0.004738, 0.004153, 2.669462, 1.892305, 1.914009
0.004856, 0.004153, 2.477067, 1.938090, 1.965145
0.004972, 0.004153, 1.500000, 1.500000, 1.500000
0.005090, 0.004153, 1.693328, 1.612953, 1.617037
0.005206, 0.004153, 5.201536, 2.136569, 2.266717
0.005324, 0.004153, 1.565141, 1.563737, 1.566112
0.005440, 0.004153, 1.500000, 1.500000, 1.500000
0.005557, 0.004153, 3.429594, 2.028090, 2.081192
0.005675, 0.004153, 2.034508, 1.800403, 1.815396
0.005791, 0.004153, 1.500000, 1.500000, 1.500000
-0.005791, 0.004270, 1.500000, 1.500000, 1.500000
-0.005674, 0.004270, 3.251918, 2.396778, 2.276467
-0.005557, 0.004270, 11.917907, 2.811325, 2.911484
-0.005441, 0.004270, 13.840516, 167.440682, 24.456637
-0.005324, 0.004270, 401.000000, 401.000000, 401.000000
-0.005207, 0.004270, 353.301121, 303.067694, 106.909249
-0.005089, 0.004270, 401.000000, 401.000000, 401.000000
-0.004972, 0.004270, 401.000000, 401.000000, 401.000000
-0.004855, 0.004270, 401.000000, 401.000000, 401.000000
-0.004738, 0.004270, 401.000000, 401.000000, 401.000000
-0.004621, 0.004270, 401.000000, 401.000000, 401.000000
-0.004504, 0.004270, 401.000000, 401.000000, 401.000000
-0.004387, 0.004270, 352.322525, 301.616587, 106.293430
-0.004270, 0.004270, 401.000000, 401.000000, 401.000000
-0.004154, 0.004270, 290.675982, 231.974471, 23.001675
-0.004036, 0.004270, 63.646337, 7.771141, 12.687136
-0.003920, 0.004270, 3.452255, 3.421746, 2.863534
-0.003803, 0.004270, 1.500000, 1.500000, 1.500000
-0.003686, 0.004270, 2.768518, 2.254186, 2.107362
-0.003569, 0.004270, 11.325679, 2.906916, 3.087551
-0.003452, 0.004270, 1.560745, 1.578548, 1.562495
-0.003335, 0.004270, 2.331740, 1.803397, 1.793617
-0.003218, 0.004270, 10.555580, 3.243651, 3.773363
-0.003101, 0.004270, 2.142339, 2.086145, 1.933915
-0.002984, 0.004270, 1.500000, 1.500000, 1.500000
-0.002867, 0.004270, 3.675145, 2.505363, 2.420680
-0.002750, 0.004270, 11.909208, 2.722781, 2.754678
-0.002633, 0.004270, 1.924223, 2.209880, 1.930683
-0.002516, 0.004270, 44.439567, 9.143162, 11.241853
-0.002399, 0.004270, 1.686270, 1.898217, 1.725545
-0.002282, 0.004270, 2.356740, 2.785495, 2.169343
-0.002165, 0.004270, 29.449533, 4.549578, 4.956684
-0.002048, 0.004270, 8.662572, 2.877902, 3.108159
-0.001931, 0.004270, 3.479066, 2.742231, 2.576439
-0.001814, 0.004270, 10.053297, 3.999978, 4.331165
-0.001697, 0.004270, 3.054605, 2.833918, 2.518372
-0.001580, 0.004270, 10.578356, 2.973629, 3.214557
-0.001463, 0.004270, 2.110126, 4.634192, 2.231773
-0.001345, 0.004270, 401.000000, 401.000000, 401.000000
-0.001228, 0.004270, 401.000000, 401.000000, 401.000000
-0.001112, 0.004270, 401.000000, 401.000000, 401.000000
-0.000995, 0.004270, 401.000000, 401.000000, 401.000000
-0.000878, 0.004270, 253.277102, 36.048922, 12.540813
-0.000761, 0.004270, 6.506498, 5.504690, 3.438691
-0.000644, 0.004270, 401.000000, 401.000000, 401.000000
-0.000527, 0.004270, 390.565567, 387.626407, 392.331504
-0.000410, 0.004270, 273.805919, 246.349719, 60.040848
-0.000293, 0.004270, 306.943921, 292.530487, 46.648209
-0.000176, 0.004270, 309.272108, 187.762209, 19.445916
-0.000058, 0.004270, 71.717161, 198.320567, 43.102261
0.000058, 0.004270, 261.748279, 157.115461, 52.553232
0.000175, 0.004270, 366.431051, 53.580366, 61.056378
0.000292, 0.004270, 5.980783, 6.048639, 5.152832
0.000409, 0.004270, 121.013133, 9.694760, 19.820570
0.000526, 0.004270, 26.033598, 259.710176, 27.380702
0.000643, 0.004270, 350.505870, 383.408436, 228.646008
0.000760, 0.004270, 71.074033, 208.918203, 53.514809
0.000877, 0.004270, 215.128114, 162.948472, 57.055752
0.000994, 0.004270, 401.000000, 401.000000, 401.000000
0.001112, 0.004270, 401.000000, 401.000000, 401.000000
0.001228, 0.004270, 401.000000, 401.000000, 401.000000
0.001345, 0.004270, 3.469136, 14.140683, 3.909079
0.001462, 0.004270, 1.500000, 1.500000, 1.500000
0.001579, 0.004270, 1.500000, 1.500000, 1.500000
0.001696, 0.004270, 1.500000, 1.500000, 1.500000
0.001813, 0.004270, 1.500000, 1.500000, 1.500000
0.001930, 0.004270, 3.782970, 2.474016, 2.418834
0.002048, 0.004270, 11.981091, 2.757663, 2.814773
0.002164, 0.004270, 1.983505, 8.578070, 2.292997
0.002282, 0.004270, 1.500000, 1.500000, 1.500000
0.002398, 0.004270, 1.969140, 8.820484, 2.257020
0.002515, 0.004270, 4.241400, 4.822625, 2.448079
0.002632, 0.004270, 1.616048, 1.616048, 1.611738
0.002749, 0.004270, 4.726280, 2.722781, 2.754678
0.002866, 0.004270, 3.605399, 2.505363, 2.420680
0.002983, 0.004270, 1.500000, 1.500000, 1.500000
0.003101, 0.004270, 2.318296, 2.086145, 1.933915
0.003217, 0.004270, 10.354142, 2.986108, 3.236500
0.003335, 0.004270, 1.656050, 1.696131, 1.633208
0.003451, 0.004270, 1.578548, 1.578548, 1.562495
0.003569, 0.004270, 6.370109, 2.906916, 3.087551
0.003685, 0.004270, 2.523139, 2.254186, 2.107362
0.003802, 0.004270, 1.500000, 1.500000, 1.500000
0.003919, 0.004270, 2.968248, 2.317366, 2.178995
0.004037, 0.004270, 11.630028, 2.867094, 3.012922
0.004153, 0.004270, 1.539228, 1.551138, 1.544820
0.004270, 0.004270, 1.755093, 1.755093, 1.667269
0.004388, 0.004270, 8.311192, 3.002052, 3.263148
0.004504, 0.004270, 2.045431, 2.030873, 1.882180
0.004622, 0.004270, 1.500000, 1.500000, 1.500000
0.004738, 0.004270, 3.993147, 2.576580, 2.526253
0.004856, 0.004270, 10.495174, 2.660691, 2.653573
0.004972, 0.004270, 1.500000, 1.500000, 1.500000
0.005090, 0.004270, 2.064142, 1.965806, 1.823856
0.005206, 0.004270, 9.574325, 3.013406, 3.279709
0.005324, 0.004270, 1.772638, 1.829072, 1.713222
0.005440, 0.004270, 1.525603, 1.525603, 1.527177
0.005557, 0.004270, 5.365249, 2.811025, 2.909719
0.005675, 0.004270, 3.012147, 2.396778, 2.276467
0.005791, 0.004270, 1.500000, 1.500000, 1.500000
-0.005791, 0.004388, 1.506775, 1.517282, 1.521091
-0.005674, 0.004388, 34.930588, 118.442952, 76.263345
-0.005557, 0.004388, 401.000000, 401.000000, 401.000000
-0.005441, 0.004388, 9.613275, 152.286194, 19.446904
-0.005324, 0.004388, 301.147201, 353.139356, 105.534446
-0.005207, 0.004388, 401.000000, 401.000000, 401.000000
-0.005089, 0.004388, 304.083784, 350.351197, 105.080312
-0.004972, 0.004388, 401.000000, 401.000000, 401.000000
-0.004855, 0.004388, 137.006878, 200.522445, 5.469312
-0.004738, 0.004388, 5.415583, 176.398448, 4.685865
-0.004621, 0.004388, 401.000000, 401.000000, 401.000000
-0.004504, 0.004388, 297.074965, 345.570613, 105.002129
-0.004387, 0.004388, 401.000000, 401.000000, 401.000000
-0.004270, 0.004388, 302.127816, 353.633684, 106.293430
-0.004154, 0.004388, 8.877437, 81.840659, 16.046052
-0.004036, 0.004388, 401.000000, 401.000000, 401.000000
-0.003920, 0.004388, 22.393302, 72.607618, 30.387073
-0.003803, 0.004388, 1.500000, 1.500000, 1.500000
-0.003686, 0.004388, 11.676028, 51.341402, 17.368041
-0.003569, 0.004388, 401.000000, 401.000000, 401.000000
-0.003452, 0.004388, 2.268807, 5.238376, 2.413835
-0.003335, 0.004388, 2.767086, 7.273833, 2.986835
-0.003218, 0.004388, 401.000000, 401.000000, 401.000000
-0.003101, 0.004388, 6.188177, 23.987068, 7.346103
-0.002984, 0.004388, 1.570234, 1.875919, 1.618797
-0.002867, 0.004388, 142.551296, 246.270333, 293.753021
-0.002750, 0.004388, 401.000000, 401.000000, 401.000000
-0.002633, 0.004388, 20.536313, 17.177281, 14.712839
-0.002516, 0.004388, 1.500000, 1.500000, 1.500000
-0.002399, 0.004388, 1.500000, 1.500000, 1.500000
-0.002282, 0.004388, 2.367808, 2.564848, 2.181831
-0.002165, 0.004388, 32.121829, 189.675257, 13.610607
-0.002048, 0.004388, 401.000000, 401.000000, 401.000000
-0.001931, 0.004388, 352.086161, 188.032945, 187.245599
-0.001814, 0.004388, 1.535403, 1.666573, 1.574003
-0.001697, 0.004388, 6.812477, 27.699850, 8.389939
-0.001580, 0.004388, 401.000000, 401.000000, 401.000000
-0.001463, 0.004388, 4.169082, 24.674414, 5.508413
-0.001345, 0.004388, 401.000000, 401.000000, 401.000000
-0.001228, 0.004388, 401.000000, 401.000000, 401.000000
-0.001112, 0.004388, 363.635458, 361.101464, 71.742691
-0.000995, 0.004388, 401.000000, 401.000000, 401.000000
-0.000878, 0.004388, 401.000000, 401.000000, 401.000000
-0.000761, 0.004388, 401.000000, 401.000000, 401.000000
-0.000644, 0.004388, 401.000000, 401.000000, 401.000000
-0.000527, 0.004388, 168.272313, 340.099283, 68.317928
-0.000410, 0.004388, 401.000000, 401.000000, 401.000000
-0.000293, 0.004388, 8.483805, 24.147262, 10.512543
-0.000176, 0.004388, 8.398799, 19.583805, 10.342305
-0.000058, 0.004388, 401.000000, 401.000000, 401.000000
0.000058, 0.004388, 401.000000, 401.000000, 401.000000
0.000175, 0.004388, 71.010274, 326.356511, 55.756303
0.000292, 0.004388, 7.195347, 81.266155, 12.265169
0.000409, 0.004388, 401.000000, 401.000000, 401.000000
0.000526, 0.004388, 9.795484, 152.074850, 20.032417
0.000643, 0.004388, 215.126051, 358.493426, 59.318768
0.000760, 0.004388, 401.000000, 401.000000, 401.000000
0.000877, 0.004388, 273.741996, 380.805958, 326.346428
0.000994, 0.004388, 23.335374, 359.160874, 33.025567
0.001112, 0.004388, 401.000000, 401.000000, 401.000000
0.001228, 0.004388, 401.000000, 401.000000, 401.000000
0.001345, 0.004388, 3.469136, 14.140683, 3.909079
0.001462, 0.004388, 1.500000, 1.500000, 1.500000
0.001579, 0.004388, 1.500000, 1.500000, 1.500000
0.001696, 0.004388, 3.239214, 2.482795, 2.087593
0.001813, 0.004388, 8.444914, 4.479712, 3.097745
0.001930, 0.004388, 328.789630, 328.787112, 391.017149
0.002048, 0.004388, 401.000000, 401.000000, 401.000000
0.002164, 0.004388, 2.688960, 16.101649, 3.540299
0.002282, 0.004388, 1.500000, 1.500000, 1.500000
0.002398, 0.004388, 1.969140, 8.820484, 2.257020
0.002515, 0.004388, 1.969016, 6.979098, 2.256493
0.002632, 0.004388, 1.868970, 3.650593, 1.966759
0.002749, 0.004388, 401.000000, 401.000000, 401.000000
0.002866, 0.004388, 377.656488, 246.270333, 293.753021
0.002983, 0.004388, 1.566560, 1.875919, 1.618797
0.003101, 0.004388, 6.118226, 23.987068, 7.346103
0.003217, 0.004388, 401.000000, 401.000000, 401.000000
0.003335, 0.004388, 2.874780, 7.292389, 3.110678
0.003451, 0.004388, 2.337091, 5.253691, 2.493626
0.003569, 0.004388, 401.000000, 401.000000, 401.000000
0.003685, 0.004388, 12.708272, 51.341402, 17.368041
0.003802, 0.004388, 1.500000, 1.500000, 1.500000
0.003919, 0.004388, 17.113938, 72.607618, 30.387073
0.004037, 0.004388, 401.000000, 401.000000, 401.000000
0.004153, 0.004388, 2.131231, 4.721625, 2.258869
0.004270, 0.004388, 3.033547, 8.316543, 3.309127
0.004388, 0.004388, 401.000000, 401.000000, 401.000000
0.004504, 0.004388, 5.247907, 19.296727, 6.075172
0.004622, 0.004388, 1.656855, 2.845570, 1.727281
0.004738, 0.004388, 337.107478, 360.764121, 396.328802
0.004856, 0.004388, 400.994787, 400.994644, 400.994951
0.004972, 0.004388, 1.732349, 3.332594, 1.816076
0.005090, 0.004388, 4.432175, 15.248966, 5.033813
0.005206, 0.004388, 401.000000, 401.000000, 401.000000
0.005324, 0.004388, 3.346328, 9.879982, 3.670819
0.005440, 0.004388, 1.986276, 4.200724, 2.097201
0.005557, 0.004388, 401.000000, 401.000000, 401.000000
0.005675, 0.004388, 274.283033, 118.442952, 76.263345
0.005791, 0.004388, 1.505585, 1.517282, 1.521091
-0.005791, 0.004504, 1.500824, 1.500824, 1.502759
-0.005674, 0.004504, 8.026317, 4.402581, 4.304877
-0.005557, 0.004504, 108.120537, 10.013110, 18.220798
-0.005441, 0.004504, 22.252627, 40.119023, 32.003085
-0.005324, 0.004504, 401.000000, 401.000000, 401.000000
-0.005207, 0.004504, 344.569251, 306.554796, 103.839941
-0.005089, 0.004504, 401.000000, 401.000000, 401.000000
-0.004972, 0.004504, 401.000000, 401.000000, 401.000000
-0.004855, 0.004504, 333.723569, 27.461087, 26.746665
-0.004738, 0.004504, 22.253872, 21.488365, 20.054285
-0.004621, 0.004504, 401.000000, 401.000000, 401.000000
-0.004504, 0.004504, 401.000000, 401.000000, 401.000000
-0.004387, 0.004504, 341.316541, 305.679317, 105.002129
-0.004270, 0.004504, 401.000000, 401.000000, 401.000000
-0.004154, 0.004504, 4.597811, 10.418691, 3.861186
-0.004036, 0.004504, 11.051063, 4.914688, 5.256177
-0.003920, 0.004504, 4.451467, 3.454248, 3.023153
-0.003803, 0.004504, 1.500000, 1.500000, 1.500000
-0.003686, 0.004504, 3.795900, 3.266903, 2.833617
-0.003569, 0.004504, 32.868103, 5.016690, 5.499321
-0.003452, 0.004504, 1.686670, 1.733255, 1.682340
-0.003335, 0.004504, 1.933522, 1.942120, 1.819314
-0.003218, 0.004504, 17.485372, 5.209909, 5.984620
-0.003101, 0.004504, 2.869601, 2.795367, 2.425489
-0.002984, 0.004504, 1.500000, 1.500000, 1.500000
-0.002867, 0.004504, 5.722690, 3.988491, 3.689744
-0.002750, 0.004504, 40.116456, 4.553392, 4.635550
-0.002633, 0.004504, 3.663343, 2.492985, 2.488632
-0.002516, 0.004504, 1.500000, 1.500000, 1.500000
-0.002399, 0.004504, 1.500000, 1.500000, 1.500000
-0.002282, 0.004504, 1.500000, 1.500000, 1.500000
-0.002165, 0.004504, 1.589334, 1.599186, 1.584460
-0.002048, 0.004504, 8.615006, 4.636600, 4.684826
-0.001931, 0.004504, 7.906510, 3.877370, 3.530571
-0.001814, 0.004504, 1.500000, 1.500000, 1.500000
-0.001697, 0.004504, 3.659213, 31.042715, 3.823728
-0.001580, 0.004504, 322.017200, 387.417748, 188.087157
-0.001463, 0.004504, 2.447912, 6.559409, 2.566156
-0.001345, 0.004504, 401.000000, 401.000000, 401.000000
-0.001228, 0.004504, 338.637542, 345.226978, 40.799674
-0.001112, 0.004504, 2.455879, 2.606764, 2.262002
-0.000995, 0.004504, 185.936784, 392.764800, 314.111349
-0.000878, 0.004504, 401.000000, 401.000000, 401.000000
-0.000761, 0.004504, 401.000000, 401.000000, 401.000000
-0.000644, 0.004504, 401.000000, 401.000000, 401.000000
-0.000527, 0.004504, 398.550774, 397.192123, 399.580501
-0.000410, 0.004504, 298.943912, 243.731880, 59.090326
-0.000293, 0.004504, 241.792341, 38.509323, 23.801329
-0.000176, 0.004504, 61.980131, 8.281185, 11.850768
-0.000058, 0.004504, 86.995364, 168.442607, 36.175636
0.000058, 0.004504, 282.753407, 174.650403, 54.797805
0.000175, 0.004504, 311.325040, 367.574977, 92.391366
0.000292, 0.004504, 13.474759, 50.014785, 24.982049
0.000409, 0.004504, 300.230235, 254.145234, 20.799356
0.000526, 0.004504, 5.843131, 5.951151, 5.211241
0.000643, 0.004504, 83.099462, 124.446526, 83.561338
0.000760, 0.004504, 267.930577, 182.753071, 33.777548
0.000877, 0.004504, 396.467434, 400.580831, 400.660838
0.000994, 0.004504, 9.561075, 51.999151, 12.404913
0.001112, 0.004504, 401.000000, 401.000000, 401.000000
0.001228, 0.004504, 401.000000, 401.000000, 401.000000
0.001345, 0.004504, 3.609045, 14.146564, 4.011613
0.001462, 0.004504, 2.565833, 2.052390, 1.975503
0.001579, 0.004504, 7.744311, 3.590286, 2.949968
0.001696, 0.004504, 1.852927, 1.852927, 1.766155
0.001813, 0.004504, 1.544303, 1.533899, 1.540209
0.001930, 0.004504, 6.078088, 3.902086, 3.689619
0.002048, 0.004504, 38.725665, 6.268911, 6.847752
0.002164, 0.004504, 2.795785, 4.001718, 2.468236
0.002282, 0.004504, 1.500000, 1.500000, 1.500000
0.002398, 0.004504, 1.969140, 8.820484, 2.257020
0.002515, 0.004504, 1.969016, 6.979098, 2.256493
0.002632, 0.004504, 2.450618, 4.812326, 2.297681
0.002749, 0.004504, 47.088344, 6.626061, 8.412399
0.002866, 0.004504, 12.032728, 3.988491, 3.689744
0.002983, 0.004504, 1.500000, 1.500000, 1.500000
0.003101, 0.004504, 2.982692, 2.795367, 2.425489
0.003217, 0.004504, 28.011887, 6.287514, 7.738921
0.003335, 0.004504, 4.576306, 11.083528, 3.560944
0.003451, 0.004504, 3.289903, 7.407516, 2.886241
0.003569, 0.004504, 47.006074, 6.479134, 8.123675
0.003685, 0.004504, 3.844461, 3.266903, 2.833617
0.003802, 0.004504, 1.500000, 1.500000, 1.500000
0.003919, 0.004504, 4.905088, 91.435000, 4.992252
0.004037, 0.004504, 247.407125, 142.469604, 7.666302
0.004153, 0.004504, 1.638188, 1.678390, 1.643712
0.004270, 0.004504, 2.708887, 9.887839, 2.885790
0.004388, 0.004504, 292.330852, 11.706596, 11.679211
0.004504, 0.004504, 2.648320, 2.648320, 2.308380
0.004622, 0.004504, 3.706174, 5.498513, 3.507687
0.004738, 0.004504, 382.185662, 387.475339, 153.809430
0.004856, 0.004504, 44.788743, 4.525523, 4.308457
0.004972, 0.004504, 1.522751, 1.544777, 1.540501
0.005090, 0.004504, 2.541698, 2.587855, 2.203037
0.005206, 0.004504, 46.149957, 8.952566, 10.888646
0.005324, 0.004504, 2.092399, 2.183881, 1.967434
0.005440, 0.004504, 1.610522, 1.625656, 1.604814
0.005557, 0.004504, 9.605190, 4.771925, 4.947202
0.005675, 0.004504, 5.675427, 3.689386, 3.286008
0.005791, 0.004504, 1.500000, 1.500000, 1.500000
-0.005791, 0.004622, 1.774868, 3.668976, 1.876481
-0.005674, 0.004622, 401.000000, 401.000000, 401.000000
-0.005557, 0.004622, 401.000000, 401.000000, 401.000000
-0.005441, 0.004622, 401.000000, 401.000000, 401.000000
-0.005324, 0.004622, 401.000000, 401.000000, 401.000000
-0.005207, 0.004622, 352.595557, 318.954107, 106.080574
-0.005089, 0.004622, 401.000000, 401.000000, 401.000000
-0.004972, 0.004622, 401.000000, 401.000000, 401.000000
-0.004855, 0.004622, 372.010842, 355.724030, 138.105523
-0.004738, 0.004622, 159.690845, 368.597283, 204.990282
-0.004621, 0.004622, 401.000000, 401.000000, 401.000000
-0.004504, 0.004622, 396.699102, 397.070713, 391.740577
-0.004387, 0.004622, 194.992662, 93.678391, 18.760946
-0.004270, 0.004622, 401.000000, 401.000000, 401.000000
-0.004154, 0.004622, 4.238392, 9.322693, 4.121598
-0.004036, 0.004622, 9.652561, 2.822487, 2.939253
-0.003920, 0.004622, 1.571520, 1.530542, 1.550424
-0.003803, 0.004622, 1.500000, 1.500000, 1.500000
-0.003686, 0.004622, 1.500000, 1.500000, 1.500000
-0.003569, 0.004622, 1.500000, 1.500000, 1.500000
-0.003452, 0.004622, 1.500000, 1.500000, 1.500000
-0.003335, 0.004622, 1.500000, 1.500000, 1.500000
-0.003218, 0.004622, 2.685209, 1.633100, 1.695482
-0.003101, 0.004622, 1.516148, 1.508493, 1.519589
-0.002984, 0.004622, 1.500000, 1.500000, 1.500000
-0.002867, 0.004622, 1.750395, 1.555676, 1.581441
-0.002750, 0.004622, 1.754630, 1.590403, 1.624524
-0.002633, 0.004622, 1.500000, 1.500000, 1.500000
-0.002516, 0.004622, 1.500000, 1.500000, 1.500000
-0.002399, 0.004622, 1.500000, 1.500000, 1.500000
-0.002282, 0.004622, 1.500000, 1.500000, 1.500000
-0.002165, 0.004622, 1.500000, 1.500000, 1.500000
-0.002048, 0.004622, 1.500000, 1.500000, 1.500000
-0.001931, 0.004622, 1.500000, 1.500000, 1.500000
-0.001814, 0.004622, 1.500000, 1.500000, 1.500000
-0.001697, 0.004622, 2.203204, 2.145701, 2.008698
-0.001580, 0.004622, 6.913301, 3.891078, 4.019740
-0.001463, 0.004622, 1.892602, 4.441215, 2.015319
-0.001345, 0.004622, 401.000000, 401.000000, 401.000000
-0.001228, 0.004622, 401.000000, 401.000000, 401.000000
-0.001112, 0.004622, 381.613802, 96.689601, 162.368779
-0.000995, 0.004622, 401.000000, 401.000000, 401.000000
-0.000878, 0.004622, 401.000000, 401.000000, 401.000000
-0.000761, 0.004622, 401.000000, 401.000000, 401.000000
-0.000644, 0.004622, 401.000000, 401.000000, 401.000000
-0.000527, 0.004622, 401.000000, 401.000000, 401.000000
-0.000410, 0.004622, 353.880692, 350.783010, 39.363551
-0.000293, 0.004622, 55.672382, 367.298046, 64.032747
-0.000176, 0.004622, 401.000000, 401.000000, 401.000000
-0.000058, 0.004622, 390.405381, 362.143336, 387.383957
0.000058, 0.004622, 280.252535, 57.599185, 19.920219
0.000175, 0.004622, 53.298423, 260.039558, 28.013331
0.000292, 0.004622, 239.277561, 14.003747, 25.194258
0.000409, 0.004622, 34.858643, 22.251505, 23.975833
0.000526, 0.004622, 366.431051, 53.580366, 61.056378
0.000643, 0.004622, 5.200912, 34.855909, 4.928974
0.000760, 0.004622, 363.052864, 67.325092, 69.485627
0.000877, 0.004622, 8.925532, 12.917140, 9.150441
0.000994, 0.004622, 7.182260, 17.373228, 8.807151
0.001112, 0.004622, 389.784404, 328.178996, 346.071122
0.001228, 0.004622, 345.204147, 274.208508, 55.970801
0.001345, 0.004622, 357.588089, 43.450415, 46.849003
0.001462, 0.004622, 7.102337, 30.725872, 9.912365
0.001579, 0.004622, 4.831217, 33.811479, 5.274864
0.001696, 0.004622, 5.314941, 4.134154, 2.454963
0.001813, 0.004622, 7.771889, 1.969263, 2.257189
0.001930, 0.004622, 7.947262, 2.057309, 2.429740
0.002048, 0.004622, 4.318803, 2.402793, 2.470688
0.002164, 0.004622, 1.500000, 1.500000, 1.500000
0.002282, 0.004622, 1.500000, 1.500000, 1.500000
0.002398, 0.004622, 2.060649, 8.823449, 2.320501
0.002515, 0.004622, 1.969016, 6.979098, 2.256493
0.002632, 0.004622, 2.284359, 12.600520, 2.397883
0.002749, 0.004622, 1.500000, 1.500000, 1.500000
0.002866, 0.004622, 1.500000, 1.500000, 1.500000
0.002983, 0.004622, 1.500000, 1.500000, 1.500000
0.003101, 0.004622, 1.527807, 1.508493, 1.519589
0.003217, 0.004622, 2.066310, 1.633100, 1.695482
0.003335, 0.004622, 2.035365, 6.810674, 2.280429
0.003451, 0.004622, 2.035767, 9.114630, 2.316809
0.003569, 0.004622, 2.327585, 1.619405, 1.669418
0.003685, 0.004622, 1.553095, 1.523441, 1.541173
0.003802, 0.004622, 1.500000, 1.500000, 1.500000
0.003919, 0.004622, 3.661199, 9.553556, 3.399972
0.004037, 0.004622, 1.507672, 1.507797, 1.514608
0.004153, 0.004622, 1.560167, 1.603909, 1.562265
0.004270, 0.004622, 5.924943, 16.208312, 3.814806
0.004388, 0.004622, 2.818482, 1.636413, 1.703117
0.004504, 0.004622, 1.508207, 1.504906, 1.513390
0.004622, 0.004622, 3.211876, 2.960751, 2.590633
0.004738, 0.004622, 4.364312, 3.429831, 3.163600
0.004856, 0.004622, 1.719405, 1.580426, 1.611079
0.004972, 0.004622, 1.500000, 1.500000, 1.500000
0.005090, 0.004622, 1.503375, 1.501682, 1.506590
0.005206, 0.004622, 2.259692, 1.639202, 1.711019
0.005324, 0.004622, 1.500000, 1.500000, 1.500000
0.005440, 0.004622, 1.500000, 1.500000, 1.500000
0.005557, 0.004622, 1.500000, 1.500000, 1.500000
0.005675, 0.004622, 1.500000, 1.500000, 1.500000
0.005791, 0.004622, 1.500000, 1.500000, 1.500000
-0.005791, 0.004738, 1.783451, 3.973591, 1.892714
-0.005674, 0.004738, 401.000000, 401.000000, 401.000000
-0.005557, 0.004738, 401.000000, 401.000000, 401.000000
-0.005441, 0.004738, 401.000000, 401.000000, 401.000000
-0.005324, 0.004738, 358.964199, 379.839059, 205.014011
-0.005207, 0.004738, 401.000000, 401.000000, 401.000000
-0.005089, 0.004738, 361.338605, 378.796747, 204.217978
-0.004972, 0.004738, 365.587630, 379.861429, 204.101401
-0.004855, 0.004738, 401.000000, 401.000000, 401.000000
-0.004738, 0.004738, 401.000000, 401.000000, 401.000000
-0.004621, 0.004738, 341.442994, 379.514222, 204.990282
-0.004504, 0.004738, 363.716860, 387.069004, 297.789813
-0.004387, 0.004738, 400.240311, 396.614513, 400.296453
-0.004270, 0.004738, 398.775900, 400.005988, 400.059579
-0.004154, 0.004738, 7.014912, 87.376648, 11.816597
-0.004036, 0.004738, 401.000000, 401.000000, 401.000000
-0.003920, 0.004738, 12.680857, 11.425613, 8.370220
-0.003803, 0.004738, 1.500000, 1.500000, 1.500000
-0.003686, 0.004738, 1.500000, 1.500000, 1.500000
-0.003569, 0.004738, 9.043443, 5.725265, 5.831798
-0.003452, 0.004738, 2.400743, 3.174261, 2.307589
-0.003335, 0.004738, 2.402165, 3.639883, 2.354404
-0.003218, 0.004738, 256.100824, 243.754798, 352.557440
-0.003101, 0.004738, 4.765096, 7.136807, 4.427979
-0.002984, 0.004738, 1.531011, 1.628610, 1.551094
-0.002867, 0.004738, 16.347939, 17.336181, 15.451829
-0.002750, 0.004738, 342.367337, 31.576740, 31.906176
-0.002633, 0.004738, 1.674146, 2.193816, 1.713805
-0.002516, 0.004738, 1.566478, 1.573096, 1.557351
-0.002399, 0.004738, 5.704924, 2.348555, 2.486146
-0.002282, 0.004738, 1.540415, 1.557756, 1.547733
-0.002165, 0.004738, 1.500000, 1.500000, 1.500000
-0.002048, 0.004738, 3.757893, 2.915405, 2.673893
-0.001931, 0.004738, 2.432359, 2.514525, 2.187329
-0.001814, 0.004738, 1.500000, 1.500000, 1.500000
-0.001697, 0.004738, 4.861490, 7.675620, 4.801508
-0.001580, 0.004738, 394.363621, 196.868400, 301.798218
-0.001463, 0.004738, 3.395525, 8.548215, 3.698212
-0.001345, 0.004738, 401.000000, 401.000000, 401.000000
-0.001228, 0.004738, 401.000000, 401.000000, 401.000000
-0.001112, 0.004738, 401.000000, 401.000000, 401.000000
-0.000995, 0.004738, 401.000000, 401.000000, 401.000000
-0.000878, 0.004738, 401.000000, 401.000000, 401.000000
-0.000761, 0.004738, 174.608660, 51.447412, 4.537822
-0.000644, 0.004738, 31.725295, 343.062442, 31.853847
-0.000527, 0.004738, 401.000000, 401.000000, 401.000000
-0.000410, 0.004738, 5.556997, 18.054929, 4.119620
-0.000293, 0.004738, 5.584726, 26.751523, 5.004869
-0.000176, 0.004738, 331.914002, 383.372295, 368.133156
-0.000058, 0.004738, 43.915277, 36.518774, 44.679052
0.000058, 0.004738, 400.639917, 399.769846, 400.687986
0.000175, 0.004738, 6.421000, 17.896129, 7.059521
0.000292, 0.004738, 17.389954, 164.998164, 13.837567
0.000409, 0.004738, 400.449096, 398.761981, 400.472136
0.000526, 0.004738, 290.402577, 355.124988, 77.298609
0.000643, 0.004738, 3.882398, 32.256190, 5.174410
0.000760, 0.004738, 201.946539, 311.161194, 29.697637
0.000877, 0.004738, 29.550088, 9.924549, 13.677849
0.000994, 0.004738, 59.555176, 6.892073, 9.236084
0.001112, 0.004738, 66.083091, 15.138701, 24.255357
0.001228, 0.004738, 385.290600, 123.897826, 226.384044
0.001345, 0.004738, 201.931554, 352.324005, 180.518419
0.001462, 0.004738, 2.418673, 5.350186, 2.287660
0.001579, 0.004738, 5.591440, 5.700058, 3.073247
0.001696, 0.004738, 19.049404, 6.330420, 7.589179
0.001813, 0.004738, 19.206757, 2.939516, 2.818316
0.001930, 0.004738, 20.063186, 16.877397, 16.689134
0.002048, 0.004738, 349.586244, 36.379638, 37.965111
0.002164, 0.004738, 1.712716, 2.287724, 1.750994
0.002282, 0.004738, 2.984144, 2.984144, 2.136975
0.002398, 0.004738, 2.331725, 2.331725, 2.101337
0.002515, 0.004738, 2.066809, 3.245841, 2.131266
0.002632, 0.004738, 1.969510, 6.434241, 2.255978
0.002749, 0.004738, 1.500000, 1.500000, 1.500000
0.002866, 0.004738, 1.500000, 1.500000, 1.500000
0.002983, 0.004738, 1.500000, 1.500000, 1.500000
0.003101, 0.004738, 4.501445, 7.136807, 4.427979
0.003217, 0.004738, 396.769087, 243.754798, 352.557440
0.003335, 0.004738, 4.049099, 10.996333, 4.911437
0.003451, 0.004738, 3.096379, 9.987204, 3.699176
0.003569, 0.004738, 88.530017, 86.904298, 116.060081
0.003685, 0.004738, 8.420590, 9.975202, 6.818623
0.003802, 0.004738, 1.500000, 1.500000, 1.500000
0.003919, 0.004738, 3.034575, 18.300951, 3.463561
0.004037, 0.004738, 1.500000, 1.500000, 1.500000
0.004153, 0.004738, 3.484770, 5.335664, 3.050764
0.004270, 0.004738, 3.268106, 5.710877, 3.313754
0.004388, 0.004738, 360.764121, 337.107478, 396.328802
0.004504, 0.004738, 4.167944, 6.423338, 3.939877
0.004622, 0.004738, 1.566764, 1.807650, 1.594480
0.004738, 0.004738, 20.654686, 20.654686, 19.160629
0.004856, 0.004738, 329.522866, 25.833619, 25.011424
0.004972, 0.004738, 1.618558, 2.056468, 1.658520
0.005090, 0.004738, 3.544574, 5.680191, 3.475197
0.005206, 0.004738, 400.604730, 397.319063, 400.571654
0.005324, 0.004738, 2.847017, 4.442333, 2.766102
0.005440, 0.004738, 1.500000, 1.500000, 1.500000
0.005557, 0.004738, 1.500000, 1.500000, 1.500000
0.005675, 0.004738, 1.500000, 1.500000, 1.500000
0.005791, 0.004738, 1.500000, 1.500000, 1.500000
-0.005791, 0.004856, 1.783451, 3.973591, 1.892714
-0.005674, 0.004856, 401.000000, 401.000000, 401.000000
-0.005557, 0.004856, 118.080206, 147.044492, 4.152586
-0.005441, 0.004856, 8.250966, 240.302754, 7.536138
-0.005324, 0.004856, 341.296293, 134.325516, 138.004142
-0.005207, 0.004856, 401.000000, 401.000000, 401.000000
-0.005089, 0.004856, 346.003574, 132.704485, 136.340073
-0.004972, 0.004856, 351.762214, 131.954266, 136.224313
-0.004855, 0.004856, 401.000000, 401.000000, 401.000000
-0.004738, 0.004856, 401.000000, 401.000000, 401.000000
-0.004621, 0.004856, 314.900599, 133.049070, 138.105523
-0.004504, 0.004856, 288.543220, 191.924830, 92.468158
-0.004387, 0.004856, 401.000000, 401.000000, 401.000000
-0.004270, 0.004856, 264.131539, 345.654666, 74.954777
-0.004154, 0.004856, 4.866314, 22.210137, 5.608399
-0.004036, 0.004856, 94.571349, 382.503680, 126.608830
-0.003920, 0.004856, 15.849504, 252.564220, 9.849252
-0.003803, 0.004856, 1.500000, 1.500000, 1.500000
-0.003686, 0.004856, 1.509492, 1.522073, 1.518768
-0.003569, 0.004856, 22.760253, 294.055281, 17.857177
-0.003452, 0.004856, 2.161024, 2.317690, 2.058800
-0.003335, 0.004856, 2.475329, 4.325046, 2.465391
-0.003218, 0.004856, 376.135792, 400.115102, 399.423342
-0.003101, 0.004856, 5.057115, 55.940717, 4.831901
-0.002984, 0.004856, 1.540543, 1.599138, 1.563366
-0.002867, 0.004856, 19.887220, 315.162742, 19.694394
-0.002750, 0.004856, 356.470034, 356.470034, 44.719707
-0.002633, 0.004856, 1.699128, 2.010175, 1.742452
-0.002516, 0.004856, 1.883447, 2.642741, 1.946000
-0.002399, 0.004856, 274.418482, 392.270740, 306.917424
-0.002282, 0.004856, 1.828003, 2.478372, 1.893118
-0.002165, 0.004856, 1.500000, 1.500000, 1.500000
-0.002048, 0.004856, 5.797526, 67.969517, 6.017745
-0.001931, 0.004856, 3.430430, 18.963298, 3.398722
-0.001814, 0.004856, 1.500000, 1.500000, 1.500000
-0.001697, 0.004856, 5.171382, 69.419561, 5.271381
-0.001580, 0.004856, 398.811054, 398.811054, 389.013797
-0.001463, 0.004856, 4.403941, 13.567227, 5.056182
-0.001345, 0.004856, 401.000000, 401.000000, 401.000000
-0.001228, 0.004856, 401.000000, 401.000000, 401.000000
-0.001112, 0.004856, 401.000000, 401.000000, 401.000000
-0.000995, 0.004856, 401.000000, 401.000000, 401.000000
-0.000878, 0.004856, 401.000000, 401.000000, 401.000000
-0.000761, 0.004856, 185.928562, 5.479240, 4.897997
-0.000644, 0.004856, 36.515102, 36.515102, 37.761027
-0.000527, 0.004856, 401.000000, 401.000000, 401.000000
-0.000410, 0.004856, 399.484467, 348.209916, 397.385607
-0.000293, 0.004856, 400.877608, 400.877608, 400.944379
-0.000176, 0.004856, 270.066069, 311.433666, 54.155510
-0.000058, 0.004856, 246.094817, 351.520268, 319.116921
0.000058, 0.004856, 369.167161, 348.938857, 278.723962
0.000175, 0.004856, 16.559734, 7.969756, 9.098104
0.000292, 0.004856, 21.989280, 81.970319, 13.545458
0.000409, 0.004856, 401.000000, 401.000000, 401.000000
0.000526, 0.004856, 312.450437, 184.685677, 209.152056
0.000643, 0.004856, 70.021002, 14.417178, 6.259479
0.000760, 0.004856, 15.114068, 60.136010, 10.444682
0.000877, 0.004856, 92.393645, 9.821786, 18.375401
0.000994, 0.004856, 102.100014, 7.983502, 15.642438
0.001112, 0.004856, 50.746140, 251.328418, 29.980943
0.001228, 0.004856, 392.693393, 392.744383, 383.529453
0.001345, 0.004856, 224.276162, 162.356045, 65.703799
0.001462, 0.004856, 4.190497, 8.561744, 4.173774
0.001579, 0.004856, 15.994872, 12.378225, 9.347468
0.001696, 0.004856, 11.248431, 4.470574, 4.867497
0.001813, 0.004856, 14.146265, 2.790165, 2.692325
0.001930, 0.004856, 23.417405, 309.249283, 20.629871
0.002048, 0.004856, 362.886551, 362.886551, 55.008867
0.002164, 0.004856, 3.848250, 4.384915, 2.763293
0.002282, 0.004856, 2.331725, 2.331725, 2.101337
0.002398, 0.004856, 3.588230, 3.588230, 2.361198
0.002515, 0.004856, 1.500000, 1.500000, 1.500000
0.002632, 0.004856, 1.969510, 6.434241, 2.255978
0.002749, 0.004856, 1.500000, 1.500000, 1.500000
0.002866, 0.004856, 1.500000, 1.500000, 1.500000
0.002983, 0.004856, 1.500000, 1.500000, 1.500000
0.003101, 0.004856, 4.770708, 55.940717, 4.831901
0.003217, 0.004856, 401.000000, 401.000000, 401.000000
0.003335, 0.004856, 7.711840, 92.579704, 13.640204
0.003451, 0.004856, 3.811331, 17.812230, 4.855574
0.003569, 0.004856, 137.517303, 389.237452, 200.463269
0.003685, 0.004856, 12.668855, 218.353339, 17.451323
0.003802, 0.004856, 4.184337, 4.983955, 3.669331
0.003919, 0.004856, 4.000402, 9.632660, 4.171139
0.004037, 0.004856, 4.999555, 2.839188, 2.834674
0.004153, 0.004856, 3.088215, 21.064420, 3.051422
0.004270, 0.004856, 4.852733, 13.175660, 4.375068
0.004388, 0.004856, 401.000000, 401.000000, 401.000000
0.004504, 0.004856, 4.381896, 39.483711, 4.249641
0.004622, 0.004856, 1.580426, 1.719405, 1.611079
0.004738, 0.004856, 25.833619, 329.522866, 25.011424
0.004856, 0.004856, 344.879970, 344.879970, 33.831792
0.004972, 0.004856, 1.637476, 1.894986, 1.681135
0.005090, 0.004856, 3.703105, 27.799787, 3.714559
0.005206, 0.004856, 401.000000, 401.000000, 401.000000
0.005324, 0.004856, 2.948101, 14.853993, 2.916529
0.005440, 0.004856, 1.500000, 1.500000, 1.500000
0.005557, 0.004856, 1.500000, 1.500000, 1.500000
0.005675, 0.004856, 1.500000, 1.500000, 1.500000
0.005791, 0.004856, 1.500000, 1.500000, 1.500000
-0.005791, 0.004972, 1.783451, 3.973591, 1.892714
-0.005674, 0.004972, 401.000000, 401.000000, 401.000000
-0.005557, 0.004972, 288.967146, 13.518455, 12.547936
-0.005441, 0.004972, 33.173395, 33.173395, 33.593305
-0.005324, 0.004972, 401.000000, 401.000000, 401.000000
-0.005207, 0.004972, 353.241929, 291.209105, 104.634151
-0.005089, 0.004972, 401.000000, 401.000000, 401.000000
-0.004972, 0.004972, 401.000000, 401.000000, 401.000000
-0.004855, 0.004972, 372.475321, 328.124141, 136.224313
-0.004738, 0.004972, 161.371815, 350.523078, 204.101401
-0.004621, 0.004972, 401.000000, 401.000000, 401.000000
-0.004504, 0.004972, 400.994338, 400.994266, 400.994454
-0.004387, 0.004972, 343.316585, 242.837006, 85.559240
-0.004270, 0.004972, 401.000000, 401.000000, 401.000000
-0.004154, 0.004972, 2.717436, 8.838190, 2.979963
-0.004036, 0.004972, 2.645925, 1.688508, 1.749525
-0.003920, 0.004972, 1.661739, 1.566112, 1.596584
-0.003803, 0.004972, 1.500000, 1.500000, 1.500000
-0.003686, 0.004972, 1.710184, 3.497857, 1.807509
-0.003569, 0.004972, 3.871575, 25.888917, 4.337479
-0.003452, 0.004972, 1.500000, 1.500000, 1.500000
-0.003335, 0.004972, 1.500000, 1.500000, 1.500000
-0.003218, 0.004972, 3.226047, 1.726358, 1.807312
-0.003101, 0.004972, 1.562205, 1.529855, 1.550272
-0.002984, 0.004972, 1.500000, 1.500000, 1.500000
-0.002867, 0.004972, 1.970626, 1.602958, 1.640455
-0.002750, 0.004972, 1.950000, 1.652126, 1.699703
-0.002633, 0.004972, 1.500000, 1.500000, 1.500000
-0.002516, 0.004972, 1.500000, 1.500000, 1.500000
-0.002399, 0.004972, 5.317556, 94.090460, 7.954316
-0.002282, 0.004972, 1.500000, 1.500000, 1.500000
-0.002165, 0.004972, 1.500000, 1.500000, 1.500000
-0.002048, 0.004972, 2.717354, 8.837833, 2.979812
-0.001931, 0.004972, 2.023328, 5.038274, 2.165249
-0.001814, 0.004972, 1.500000, 1.500000, 1.500000
-0.001697, 0.004972, 1.627669, 1.534723, 1.556813
-0.001580, 0.004972, 2.504929, 1.721590, 1.799786
-0.001463, 0.004972, 2.417625, 3.331805, 2.362413
-0.001345, 0.004972, 251.416150, 396.650847, 350.012353
-0.001228, 0.004972, 401.000000, 401.000000, 401.000000
-0.001112, 0.004972, 401.000000, 401.000000, 401.000000
-0.000995, 0.004972, 401.000000, 401.000000, 401.000000
-0.000878, 0.004972, 401.000000, 401.000000, 401.000000
-0.000761, 0.004972, 401.000000, 401.000000, 401.000000
-0.000644, 0.004972, 401.000000, 401.000000, 401.000000
-0.000527, 0.004972, 401.000000, 401.000000, 401.000000
-0.000410, 0.004972, 401.000000, 401.000000, 401.000000
-0.000293, 0.004972, 401.000000, 401.000000, 401.000000
-0.000176, 0.004972, 401.000000, 401.000000, 401.000000
-0.000058, 0.004972, 354.936772, 201.188792, 85.004323
0.000058, 0.004972, 132.632822, 215.443618, 113.444866
0.000175, 0.004972, 401.000000, 401.000000, 401.000000
0.000292, 0.004972, 401.000000, 401.000000, 401.000000
0.000409, 0.004972, 354.104527, 219.936831, 61.389536
0.000526, 0.004972, 223.395580, 272.077336, 367.737893
0.000643, 0.004972, 401.000000, 401.000000, 401.000000
0.000760, 0.004972, 189.663211, 7.426249, 7.235753
0.000877, 0.004972, 79.945962, 6.559697, 10.740797
0.000994, 0.004972, 17.984227, 18.527759, 16.641041
0.001112, 0.004972, 273.728727, 27.189587, 89.699142
0.001228, 0.004972, 225.082820, 24.789535, 36.356974
0.001345, 0.004972, 176.180115, 14.133660, 6.893969
0.001462, 0.004972, 2.716054, 2.764671, 2.397464
0.001579, 0.004972, 10.768971, 4.586756, 4.448640
0.001696, 0.004972, 1.677204, 2.196987, 1.706935
0.001813, 0.004972, 30.658053, 10.593077, 14.199733
0.001930, 0.004972, 31.719144, 3.451202, 3.357165
0.002048, 0.004972, 8.614631, 3.284745, 3.105760
0.002164, 0.004972, 2.297303, 2.331055, 2.093507
0.002282, 0.004972, 3.588230, 3.588230, 2.361198
0.002398, 0.004972, 1.500000, 1.500000, 1.500000
0.002515, 0.004972, 1.500000, 1.500000, 1.500000
0.002632, 0.004972, 1.969510, 6.434241, 2.255978
0.002749, 0.004972, 1.500000, 1.500000, 1.500000
0.002866, 0.004972, 1.500000, 1.500000, 1.500000
0.002983, 0.004972, 1.500000, 1.500000, 1.500000
0.003101, 0.004972, 1.605580, 1.529855, 1.550272
0.003217, 0.004972, 3.799467, 1.823425, 1.931691
0.003335, 0.004972, 3.867909, 17.948910, 2.878428
0.003451, 0.004972, 3.158341, 8.542668, 3.085129
0.003569, 0.004972, 13.577349, 3.031380, 3.419312
0.003685, 0.004972, 8.546037, 6.037792, 4.075503
0.003802, 0.004972, 4.423872, 4.055710, 3.483964
0.003919, 0.004972, 3.611262, 3.459959, 3.033844
0.004037, 0.004972, 40.954954, 318.243513, 42.666199
0.004153, 0.004972, 4.853863, 13.036047, 5.706798
0.004270, 0.004972, 400.619840, 400.696946, 400.740057
0.004388, 0.004972, 53.419722, 4.647775, 2.280862
0.004504, 0.004972, 1.544777, 1.522751, 1.540501
0.004622, 0.004972, 1.500000, 1.500000, 1.500000
0.004738, 0.004972, 2.056468, 1.618558, 1.658520
0.004856, 0.004972, 1.894986, 1.637476, 1.681135
0.004972, 0.004972, 1.500000, 1.500000, 1.500000
0.005090, 0.004972, 1.545952, 1.515201, 1.529791
0.005206, 0.004972, 3.560189, 1.735963, 1.821231
0.005324, 0.004972, 1.504367, 1.503661, 1.510752
0.005440, 0.004972, 1.500000, 1.500000, 1.500000
0.005557, 0.004972, 1.500000, 1.500000, 1.500000
0.005675, 0.004972, 1.500000, 1.500000, 1.500000
0.005791, 0.004972, 1.500000, 1.500000, 1.500000
-0.005791, 0.005090, 1.783451, 3.973591, 1.892714
-0.005674, 0.005090, 401.000000, 401.000000, 401.000000
-0.005557, 0.005090, 401.000000, 401.000000, 401.000000
-0.005441, 0.005090, 401.000000, 401.000000, 401.000000
-0.005324, 0.005090, 401.000000, 401.000000, 401.000000
-0.005207, 0.005090, 401.000000, 401.000000, 401.000000
-0.005089, 0.005090, 401.000000, 401.000000, 401.000000
-0.004972, 0.005090, 401.000000, 401.000000, 401.000000
-0.004855, 0.005090, 369.524106, 338.340227, 136.340073
-0.004738, 0.005090, 161.948307, 357.499116, 204.217978
-0.004621, 0.005090, 401.000000, 401.000000, 401.000000
-0.004504, 0.005090, 401.000000, 401.000000, 401.000000
-0.004387, 0.005090, 347.592916, 299.265540, 105.080312
-0.004270, 0.005090, 401.000000, 401.000000, 401.000000
-0.004154, 0.005090, 3.232860, 9.027426, 3.480039
-0.004036, 0.005090, 9.336891, 4.129397, 4.458677
-0.003920, 0.005090, 22.304205, 5.149407, 5.958461
-0.003803, 0.005090, 2.249640, 2.827342, 2.163995
-0.003686, 0.005090, 3.657107, 4.601344, 3.132135
-0.003569, 0.005090, 275.097414, 17.777928, 12.852433
-0.003452, 0.005090, 1.664127, 1.810629, 1.660059
-0.003335, 0.005090, 1.877671, 1.963956, 1.768543
-0.003218, 0.005090, 13.986231, 4.395513, 4.970916
-0.003101, 0.005090, 2.672494, 2.640669, 2.281464
-0.002984, 0.005090, 1.500000, 1.500000, 1.500000
-0.002867, 0.005090, 5.106665, 3.410998, 3.276615
-0.002750, 0.005090, 27.923797, 3.826434, 3.913703
-0.002633, 0.005090, 1.532683, 1.574647, 1.547729
-0.002516, 0.005090, 2.309855, 2.600100, 2.078222
-0.002399, 0.005090, 54.908111, 55.962954, 38.759483
-0.002282, 0.005090, 2.171792, 2.506895, 2.024642
-0.002165, 0.005090, 1.556469, 1.597088, 1.560559
-0.002048, 0.005090, 8.721898, 10.640636, 7.658351
-0.001931, 0.005090, 7.946596, 6.246020, 4.352330
-0.001814, 0.005090, 1.500000, 1.500000, 1.500000
-0.001697, 0.005090, 2.948145, 2.705222, 2.345745
-0.001580, 0.005090, 21.598737, 4.366894, 4.918612
-0.001463, 0.005090, 1.777207, 1.912891, 1.739809
-0.001345, 0.005090, 4.791373, 3.052728, 3.007695
-0.001228, 0.005090, 52.329836, 8.364127, 15.184920
-0.001112, 0.005090, 16.951577, 12.332222, 15.072312
-0.000995, 0.005090, 371.103054, 400.265775, 399.427381
-0.000878, 0.005090, 268.538200, 186.179442, 9.922661
-0.000761, 0.005090, 170.133318, 392.201045, 253.592240
-0.000644, 0.005090, 401.000000, 401.000000, 401.000000
-0.000527, 0.005090, 243.316861, 268.507363, 50.325013
-0.000410, 0.005090, 242.861618, 110.111808, 112.462303
-0.000293, 0.005090, 102.158811, 227.814152, 60.949814
-0.000176, 0.005090, 397.526100, 398.867303, 398.511293
-0.000058, 0.005090, 297.024245, 150.727639, 53.260378
0.000058, 0.005090, 340.431188, 288.908472, 72.230643
0.000175, 0.005090, 55.045861, 382.347482, 140.041693
0.000292, 0.005090, 259.173182, 293.952622, 66.879956
0.000409, 0.005090, 295.898685, 98.253119, 54.858540
0.000526, 0.005090, 267.643758, 317.507334, 132.925497
0.000643, 0.005090, 392.731972, 393.261712, 392.140879
0.000760, 0.005090, 195.904153, 167.060831, 56.920170
0.000877, 0.005090, 259.601453, 190.713897, 53.018073
0.000994, 0.005090, 195.544162, 8.019046, 6.518188
0.001112, 0.005090, 3.413524, 2.886084, 2.606291
0.001228, 0.005090, 23.498466, 4.265109, 4.721677
0.001345, 0.005090, 1.683608, 1.790650, 1.671766
0.001462, 0.005090, 1.830692, 1.912891, 1.739809
0.001579, 0.005090, 13.204841, 4.366894, 4.918612
0.001696, 0.005090, 2.932576, 2.960579, 2.539207
0.001813, 0.005090, 8.192769, 3.230646, 3.474726
0.001930, 0.005090, 7.129413, 4.622632, 4.561208
0.002048, 0.005090, 27.537587, 3.899527, 4.041535
0.002164, 0.005090, 2.077022, 6.479814, 2.425255
0.002282, 0.005090, 2.202784, 2.276506, 1.963337
0.002398, 0.005090, 17.151098, 4.467648, 5.086660
0.002515, 0.005090, 2.178038, 2.333172, 2.007913
0.002632, 0.005090, 2.039459, 6.505302, 2.365696
0.002749, 0.005090, 6.983301, 3.826434, 3.913703
0.002866, 0.005090, 8.099305, 3.410998, 3.276615
0.002983, 0.005090, 1.500000, 1.500000, 1.500000
0.003101, 0.005090, 2.817145, 2.640669, 2.281464
0.003217, 0.005090, 20.911259, 4.395513, 4.970916
0.003335, 0.005090, 2.606659, 6.102844, 2.908364
0.003451, 0.005090, 2.355939, 7.390147, 2.649813
0.003569, 0.005090, 10.431572, 4.218176, 4.630381
0.003685, 0.005090, 7.043356, 5.306025, 5.057002
0.003802, 0.005090, 3.224786, 7.904014, 3.392806
0.003919, 0.005090, 3.864634, 3.062882, 2.761823
0.004037, 0.005090, 25.494320, 4.297680, 4.923214
0.004153, 0.005090, 1.788097, 1.834369, 1.742910
0.004270, 0.005090, 4.346996, 3.337233, 2.995706
0.004388, 0.005090, 15.248966, 4.432175, 5.033813
0.004504, 0.005090, 2.487752, 2.541067, 2.186646
0.004622, 0.005090, 1.501682, 1.503375, 1.506590
0.004738, 0.005090, 5.680191, 3.544574, 3.475197
0.004856, 0.005090, 27.799787, 3.703105, 3.714559
0.004972, 0.005090, 1.515201, 1.545952, 1.529791
0.005090, 0.005090, 2.425006, 2.425006, 2.084210
0.005206, 0.005090, 18.650263, 4.458493, 5.073337
0.005324, 0.005090, 2.009409, 2.186150, 1.897516
0.005440, 0.005090, 1.589474, 1.636237, 1.583879
0.005557, 0.005090, 8.235820, 4.009493, 4.236235
0.005675, 0.005090, 4.817649, 3.209380, 2.965611
0.005791, 0.005090, 1.500000, 1.500000, 1.500000
-0.005791, 0.005206, 1.783451, 3.973591, 1.892714
-0.005674, 0.005206, 401.000000, 401.000000, 401.000000
-0.005557, 0.005206, 401.000000, 401.000000, 401.000000
-0.005441, 0.005206, 401.000000, 401.000000, 401.000000
-0.005324, 0.005206, 401.000000, 401.000000, 401.000000
-0.005207, 0.005206, 401.000000, 401.000000, 401.000000
-0.005089, 0.005206, 401.000000, 401.000000, 401.000000
-0.004972, 0.005206, 312.170217, 352.666365, 104.634151
-0.004855, 0.005206, 401.000000, 401.000000, 401.000000
-0.004738, 0.005206, 401.000000, 401.000000, 401.000000
-0.004621, 0.005206, 276.231948, 351.817494, 106.080574
-0.004504, 0.005206, 298.821503, 342.547786, 103.839941
-0.004387, 0.005206, 401.000000, 401.000000, 401.000000
-0.004270, 0.005206, 303.407986, 352.727063, 106.909249
-0.004154, 0.005206, 5.925950, 49.909194, 9.011552
-0.004036, 0.005206, 401.000000, 401.000000, 401.000000
-0.003920, 0.005206, 349.205607, 374.558893, 57.913178
-0.003803, 0.005206, 2.189071, 2.422321, 2.103525
-0.003686, 0.005206, 11.872560, 74.514835, 17.841127
-0.003569, 0.005206, 401.000000, 401.000000, 401.000000
-0.003452, 0.005206, 2.274831, 5.815104, 2.422791
-0.003335, 0.005206, 2.776571, 8.284139, 3.000534
-0.003218, 0.005206, 401.000000, 401.000000, 401.000000
-0.003101, 0.005206, 6.222491, 30.956655, 7.429484
-0.002984, 0.005206, 1.570624, 1.824295, 1.619024
-0.002867, 0.005206, 179.081014, 377.852237, 347.691002
-0.002750, 0.005206, 401.000000, 401.000000, 401.000000
-0.002633, 0.005206, 1.826469, 3.922384, 1.920746
-0.002516, 0.005206, 3.961025, 15.303461, 4.436058
-0.002399, 0.005206, 401.000000, 401.000000, 401.000000
-0.002282, 0.005206, 3.712888, 13.712062, 4.123325
-0.002165, 0.005206, 1.884922, 4.156426, 1.985672
-0.002048, 0.005206, 401.000000, 401.000000, 401.000000
-0.001931, 0.005206, 356.558893, 317.132498, 231.225908
-0.001814, 0.005206, 1.535419, 1.658737, 1.574030
-0.001697, 0.005206, 6.878223, 36.511800, 8.500352
-0.001580, 0.005206, 401.000000, 401.000000, 401.000000
-0.001463, 0.005206, 2.650651, 7.640031, 2.854247
-0.001345, 0.005206, 6.569626, 40.852923, 7.540626
-0.001228, 0.005206, 401.000000, 401.000000, 401.000000
-0.001112, 0.005206, 10.355772, 60.109472, 13.794072
-0.000995, 0.005206, 30.883031, 356.504871, 100.867449
-0.000878, 0.005206, 66.139926, 4.302540, 3.036350
-0.000761, 0.005206, 18.990589, 93.143087, 20.407699
-0.000644, 0.005206, 401.000000, 401.000000, 401.000000
-0.000527, 0.005206, 27.449612, 309.615372, 46.597482
-0.000410, 0.005206, 401.000000, 401.000000, 401.000000
-0.000293, 0.005206, 10.402369, 60.436971, 9.846832
-0.000176, 0.005206, 10.342897, 14.102180, 8.910793
-0.000058, 0.005206, 401.000000, 401.000000, 401.000000
0.000058, 0.005206, 401.000000, 401.000000, 401.000000
0.000175, 0.005206, 232.144023, 335.431659, 161.918245
0.000292, 0.005206, 235.586015, 180.005233, 164.506223
0.000409, 0.005206, 401.000000, 401.000000, 401.000000
0.000526, 0.005206, 226.589200, 92.860604, 68.774494
0.000643, 0.005206, 127.541104, 329.382443, 55.383404
0.000760, 0.005206, 401.000000, 401.000000, 401.000000
0.000877, 0.005206, 250.685207, 377.524621, 112.525258
0.000994, 0.005206, 11.317375, 301.025871, 16.587519
0.001112, 0.005206, 17.057557, 60.946398, 27.193154
0.001228, 0.005206, 401.000000, 401.000000, 401.000000
0.001345, 0.005206, 2.365251, 6.240754, 2.526380
0.001462, 0.005206, 2.741577, 7.669936, 2.982692
0.001579, 0.005206, 401.000000, 401.000000, 401.000000
0.001696, 0.005206, 6.964416, 36.511800, 8.500352
0.001813, 0.005206, 1.538811, 1.658737, 1.574030
0.001930, 0.005206, 89.911180, 317.132498, 231.225908
0.002048, 0.005206, 401.000000, 401.000000, 401.000000
0.002164, 0.005206, 2.892469, 19.042502, 3.783472
0.002282, 0.005206, 3.944643, 13.772872, 4.468467
0.002398, 0.005206, 401.000000, 401.000000, 401.000000
0.002515, 0.005206, 3.965723, 15.303461, 4.436058
0.002632, 0.005206, 2.710914, 17.745283, 3.610993
0.002749, 0.005206, 401.000000, 401.000000, 401.000000
0.002866, 0.005206, 382.820552, 377.852237, 347.691002
0.002983, 0.005206, 1.715961, 1.959527, 1.729701
0.003101, 0.005206, 10.697832, 31.276042, 12.824328
0.003217, 0.005206, 401.000000, 401.000000, 401.000000
0.003335, 0.005206, 5.124969, 49.182451, 8.868297
0.003451, 0.005206, 3.651095, 32.377789, 5.430734
0.003569, 0.005206, 401.000000, 401.000000, 401.000000
0.003685, 0.005206, 12.796600, 74.514835, 17.841127
0.003802, 0.005206, 2.899964, 30.368102, 4.563217
0.003919, 0.005206, 17.541883, 112.146591, 31.864155
0.004037, 0.005206, 401.000000, 401.000000, 401.000000
0.004153, 0.005206, 2.136569, 5.201536, 2.266717
0.004270, 0.005206, 3.898579, 12.971745, 4.295471
0.004388, 0.005206, 401.000000, 401.000000, 401.000000
0.004504, 0.005206, 5.274522, 24.241116, 6.132409
0.004622, 0.005206, 1.639202, 2.259692, 1.711019
0.004738, 0.005206, 397.319063, 400.604730, 400.571654
0.004856, 0.005206, 401.000000, 401.000000, 401.000000
0.004972, 0.005206, 1.735963, 3.560189, 1.821231
0.005090, 0.005206, 4.458493, 18.650263, 5.073337
0.005206, 0.005206, 401.000000, 401.000000, 401.000000
0.005324, 0.005206, 3.358809, 11.561599, 3.691767
0.005440, 0.005206, 1.991036, 4.587878, 2.103984
0.005557, 0.005206, 401.000000, 401.000000, 401.000000
0.005675, 0.005206, 277.005002, 197.572816, 85.642602
0.005791, 0.005206, 1.505584, 1.517252, 1.521105
-0.005791, 0.005324, 1.783451, 3.973591, 1.892714
-0.005674, 0.005324, 401.000000, 401.000000, 401.000000
-0.005557, 0.005324, 401.000000, 401.000000, 401.000000
-0.005441, 0.005324, 264.571937, 234.884878, 9.523806
-0.005324, 0.005324, 32.860812, 343.864891, 33.189636
-0.005207, 0.005324, 401.000000, 401.000000, 401.000000
-0.005089, 0.005324, 401.000000, 401.000000, 401.000000
-0.004972, 0.005324, 401.000000, 401.000000, 401.000000
-0.004855, 0.005324, 371.959454, 343.767613, 138.004142
-0.004738, 0.005324, 161.074466, 360.140079, 205.014011
-0.004621, 0.005324, 401.000000, 401.000000, 401.000000
-0.004504, 0.005324, 401.000000, 401.000000, 401.000000
-0.004387, 0.005324, 351.588727, 302.480877, 105.534446
-0.004270, 0.005324, 401.000000, 401.000000, 401.000000
-0.004154, 0.005324, 2.930262, 10.312491, 3.057421
-0.004036, 0.005324, 6.743882, 3.192710, 3.356148
-0.003920, 0.005324, 3.064364, 2.486471, 2.333830
-0.003803, 0.005324, 2.046941, 1.990574, 1.746322
-0.003686, 0.005324, 3.030827, 2.407085, 2.268292
-0.003569, 0.005324, 14.004475, 3.238946, 3.450423
-0.003452, 0.005324, 1.592560, 1.593950, 1.588419
-0.003335, 0.005324, 1.760135, 1.712134, 1.672629
-0.003218, 0.005324, 9.244469, 3.328503, 3.636952
-0.003101, 0.005324, 2.306161, 2.164728, 2.029797
-0.002984, 0.005324, 1.500000, 1.500000, 1.500000
-0.002867, 0.005324, 4.083501, 2.753820, 2.639131
-0.002750, 0.005324, 15.167438, 3.022590, 3.038247
-0.002633, 0.005324, 1.512438, 1.513289, 1.521045
-0.002516, 0.005324, 2.075508, 1.946378, 1.844074
-0.002399, 0.005324, 11.097166, 3.363105, 3.698841
-0.002282, 0.005324, 1.920810, 1.909230, 1.813302
-0.002165, 0.005324, 1.526159, 1.521170, 1.528884
-0.002048, 0.005324, 5.592840, 3.064800, 3.113582
-0.001931, 0.005324, 4.050545, 2.697542, 2.568197
-0.001814, 0.005324, 1.500000, 1.500000, 1.500000
-0.001697, 0.005324, 2.585499, 2.210501, 2.072985
-0.001580, 0.005324, 12.927181, 3.314618, 3.609376
-0.001463, 0.005324, 1.680658, 1.682892, 1.652835
-0.001345, 0.005324, 1.864218, 1.644545, 1.643025
-0.001228, 0.005324, 7.759471, 3.263549, 3.502544
-0.001112, 0.005324, 2.670249, 2.342437, 2.194192
-0.000995, 0.005324, 23.490988, 249.348691, 65.365932
-0.000878, 0.005324, 401.000000, 401.000000, 401.000000
-0.000761, 0.005324, 401.000000, 401.000000, 401.000000
-0.000644, 0.005324, 401.000000, 401.000000, 401.000000
-0.000527, 0.005324, 303.379562, 138.372068, 310.783643
-0.000410, 0.005324, 24.634614, 222.038108, 21.508194
-0.000293, 0.005324, 7.667055, 43.527765, 8.898929
-0.000176, 0.005324, 10.401986, 78.877387, 13.748523
-0.000058, 0.005324, 253.424420, 187.637234, 20.469068
0.000058, 0.005324, 277.624147, 259.765972, 145.697251
0.000175, 0.005324, 71.348334, 98.852137, 94.872080
0.000292, 0.005324, 9.563856, 220.268249, 14.610082
0.000409, 0.005324, 389.976168, 390.023803, 212.196277
0.000526, 0.005324, 22.745529, 102.662063, 16.358509
0.000643, 0.005324, 399.381160, 399.156468, 399.827647
0.000760, 0.005324, 103.480175, 142.984064, 20.655524
0.000877, 0.005324, 367.667080, 136.261158, 85.434124
0.000994, 0.005324, 9.763364, 55.064393, 11.968389
0.001112, 0.005324, 23.238993, 8.509013, 12.082332
0.001228, 0.005324, 15.329132, 3.282163, 3.523793
0.001345, 0.005324, 1.960966, 2.173060, 1.896079
0.001462, 0.005324, 13.922078, 10.538593, 8.997765
0.001579, 0.005324, 244.511803, 124.392939, 6.124090
0.001696, 0.005324, 2.391403, 2.210501, 2.072985
0.001813, 0.005324, 1.500000, 1.500000, 1.500000
0.001930, 0.005324, 3.887229, 2.697542, 2.568197
0.002048, 0.005324, 15.128375, 3.064800, 3.113582
0.002164, 0.005324, 4.451285, 15.571637, 5.585859
0.002282, 0.005324, 59.362429, 28.683519, 36.597677
0.002398, 0.005324, 176.389739, 30.243236, 4.583491
0.002515, 0.005324, 6.527379, 6.445497, 3.938266
0.002632, 0.005324, 7.653488, 6.145137, 4.134291
0.002749, 0.005324, 253.249361, 100.933622, 6.366823
0.002866, 0.005324, 4.663756, 2.785653, 2.650139
0.002983, 0.005324, 2.405145, 6.404934, 2.539214
0.003101, 0.005324, 375.513960, 380.402760, 113.595906
0.003217, 0.005324, 29.823129, 3.654800, 3.863900
0.003335, 0.005324, 7.771849, 11.033113, 6.799226
0.003451, 0.005324, 4.322730, 9.999193, 4.203625
0.003569, 0.005324, 7.436631, 3.239132, 3.454851
0.003685, 0.005324, 6.656824, 7.135415, 4.401563
0.003802, 0.005324, 7.875486, 12.630271, 4.595988
0.003919, 0.005324, 3.259956, 2.489980, 2.347540
0.004037, 0.005324, 14.994314, 3.716342, 4.063590
0.004153, 0.005324, 1.588640, 1.646248, 1.605440
0.004270, 0.005324, 1.848707, 1.779022, 1.717449
0.004388, 0.005324, 9.879982, 3.346328, 3.670819
0.004504, 0.005324, 2.183881, 2.092399, 1.967434
0.004622, 0.005324, 1.500000, 1.500000, 1.500000
0.004738, 0.005324, 4.442333, 2.847017, 2.766102
0.004856, 0.005324, 14.853993, 2.948101, 2.916529
0.004972, 0.005324, 1.503661, 1.504367, 1.510752
0.005090, 0.005324, 2.186150, 2.009409, 1.897516
0.005206, 0.005324, 11.561599, 3.358809, 3.691767
0.005324, 0.005324, 1.849360, 1.849360, 1.766540
0.005440, 0.005324, 1.547644, 1.538012, 1.543886
0.005557, 0.005324, 6.083969, 3.127317, 3.228612
0.005675, 0.005324, 3.501273, 2.600772, 2.455905
0.005791, 0.005324, 1.500000, 1.500000, 1.500000
-0.005791, 0.005440, 1.783451, 3.973591, 1.892714
-0.005674, 0.005440, 401.000000, 401.000000, 401.000000
-0.005557, 0.005440, 401.000000, 401.000000, 401.000000
-0.005441, 0.005440, 133.416873, 6.365546, 4.112856
-0.005324, 0.005440, 10.348511, 18.455910, 9.523806
-0.005207, 0.005440, 401.000000, 401.000000, 401.000000
-0.005089, 0.005440, 401.000000, 401.000000, 401.000000
-0.004972, 0.005440, 295.144931, 242.569376, 13.113205
-0.004855, 0.005440, 119.385502, 386.790989, 169.425057
-0.004738, 0.005440, 401.000000, 401.000000, 401.000000
-0.004621, 0.005440, 401.000000, 401.000000, 401.000000
-0.004504, 0.005440, 310.225626, 255.926177, 29.994959
-0.004387, 0.005440, 86.492608, 7.931847, 14.078609
-0.004270, 0.005440, 15.737201, 3.428434, 3.527838
-0.004154, 0.005440, 1.544297, 1.544297, 1.549104
-0.004036, 0.005440, 3.332579, 1.927986, 1.989176
-0.003920, 0.005440, 1.832600, 1.710235, 1.709385
-0.003803, 0.005440, 2.402694, 6.974774, 2.603461
-0.003686, 0.005440, 105.080946, 5.108979, 3.985479
-0.003569, 0.005440, 1.504973, 1.506734, 1.511755
-0.003452, 0.005440, 1.500000, 1.500000, 1.500000
-0.003335, 0.005440, 1.510938, 1.510938, 1.515616
-0.003218, 0.005440, 4.053884, 1.979556, 2.086299
-0.003101, 0.005440, 1.659241, 1.629311, 1.624104
-0.002984, 0.005440, 1.500000, 1.500000, 1.500000
-0.002867, 0.005440, 2.318654, 1.781452, 1.787689
-0.002750, 0.005440, 2.354885, 1.867403, 1.893155
-0.002633, 0.005440, 1.500000, 1.500000, 1.500000
-0.002516, 0.005440, 1.500000, 1.500000, 1.500000
-0.002399, 0.005440, 1.500000, 1.500000, 1.500000
-0.002282, 0.005440, 1.500000, 1.500000, 1.500000
-0.002165, 0.005440, 1.500000, 1.500000, 1.500000
-0.002048, 0.005440, 2.903511, 1.881969, 1.914449
-0.001931, 0.005440, 1.979608, 1.765203, 1.769129
-0.001814, 0.005440, 1.500000, 1.500000, 1.500000
-0.001697, 0.005440, 1.778039, 1.641110, 1.636139
-0.001580, 0.005440, 4.830172, 1.974150, 2.076830
-0.001463, 0.005440, 1.503625, 1.504951, 1.509930
-0.001345, 0.005440, 1.500000, 1.500000, 1.500000
-0.001228, 0.005440, 1.500000, 1.500000, 1.500000
-0.001112, 0.005440, 1.500000, 1.500000, 1.500000
-0.000995, 0.005440, 12.340474, 210.684097, 13.861090
-0.000878, 0.005440, 267.995201, 169.612583, 20.186830
-0.000761, 0.005440, 43.207580, 8.753704, 15.009965
-0.000644, 0.005440, 128.835978, 367.641191, 70.911061
-0.000527, 0.005440, 63.901596, 8.396856, 14.029633
-0.000410, 0.005440, 88.669276, 5.580346, 9.785255
-0.000293, 0.005440, 23.464229, 13.742743, 13.224186
-0.000176, 0.005440, 312.641418, 12.456203, 21.385450
-0.000058, 0.005440, 55.568223, 23.240392, 35.932416
0.000058, 0.005440, 401.000000, 401.000000, 401.000000
0.000175, 0.005440, 401.000000, 401.000000, 401.000000
0.000292, 0.005440, 8.145802, 24.389047, 9.723529
0.000409, 0.005440, 15.998973, 4.149964, 4.981562
0.000526, 0.005440, 25.926782, 135.988785, 28.122072
0.000643, 0.005440, 362.519472, 375.942302, 69.840991
0.000760, 0.005440, 11.479321, 6.298782, 7.023408
0.000877, 0.005440, 15.581622, 5.869622, 6.772814
0.000994, 0.005440, 15.308576, 26.776867, 20.666530
0.001112, 0.005440, 398.266685, 398.477485, 399.260670
0.001228, 0.005440, 1.500000, 1.500000, 1.500000
0.001345, 0.005440, 2.017325, 2.383989, 1.990465
0.001462, 0.005440, 54.416297, 8.753326, 10.580221
0.001579, 0.005440, 4.683559, 2.425456, 2.371273
0.001696, 0.005440, 1.681274, 1.641110, 1.636139
0.001813, 0.005440, 1.500000, 1.500000, 1.500000
0.001930, 0.005440, 2.241997, 1.765203, 1.769129
0.002048, 0.005440, 2.433611, 1.881969, 1.914449
0.002164, 0.005440, 9.231227, 12.276350, 4.123907
0.002282, 0.005440, 24.376216, 4.140808, 4.481842
0.002398, 0.005440, 1.989260, 3.359876, 1.959918
0.002515, 0.005440, 3.834324, 33.157838, 4.104589
0.002632, 0.005440, 383.901488, 383.901488, 139.160278
0.002749, 0.005440, 3.384408, 2.590120, 2.243371
0.002866, 0.005440, 2.031198, 1.781452, 1.787689
0.002983, 0.005440, 1.535538, 1.521564, 1.531713
0.003101, 0.005440, 4.588091, 3.716427, 3.400818
0.003217, 0.005440, 16.316729, 2.954252, 2.817948
0.003335, 0.005440, 20.726648, 30.511279, 19.694701
0.003451, 0.005440, 4.119347, 19.200667, 5.481476
0.003569, 0.005440, 1.500000, 1.500000, 1.500000
0.003685, 0.005440, 2.909777, 17.901709, 3.893386
0.003802, 0.005440, 400.939871, 400.939871, 400.953850
0.003919, 0.005440, 2.596303, 3.366460, 2.204157
0.004037, 0.005440, 2.794827, 1.927986, 1.989176
0.004153, 0.005440, 1.500000, 1.500000, 1.500000
0.004270, 0.005440, 1.525603, 1.525603, 1.527177
0.004388, 0.005440, 4.200724, 1.986276, 2.097201
0.004504, 0.005440, 1.625656, 1.610522, 1.604814
0.004622, 0.005440, 1.500000, 1.500000, 1.500000
0.004738, 0.005440, 1.500000, 1.500000, 1.500000
0.004856, 0.005440, 1.500000, 1.500000, 1.500000
0.004972, 0.005440, 1.500000, 1.500000, 1.500000
0.005090, 0.005440, 1.636237, 1.589474, 1.583879
0.005206, 0.005440, 4.587878, 1.991036, 2.103984
0.005324, 0.005440, 1.538012, 1.547644, 1.543886
0.005440, 0.005440, 1.500000, 1.500000, 1.500000
0.005557, 0.005440, 3.088939, 1.903996, 1.948166
0.005675, 0.005440, 1.909071, 1.739805, 1.741178
0.005791, 0.005440, 1.500000, 1.500000, 1.500000
-0.005791, 0.005557, 1.783451, 3.973591, 1.892714
-0.005674, 0.005557, 401.000000, 401.000000, 401.000000
-0.005557, 0.005557, 401.000000, 401.000000, 401.000000
-0.005441, 0.005557, 401.000000, 401.000000, 401.000000
-0.005324, 0.005557, 401.000000, 401.000000, 401.000000
-0.005207, 0.005557, 401.000000, 401.000000, 401.000000
-0.005089, 0.005557, 401.000000, 401.000000, 401.000000
-0.004972, 0.005557, 75.542741, 5.957433, 3.134341
-0.004855, 0.005557, 12.150677, 61.172905, 12.034105
-0.004738, 0.005557, 401.000000, 401.000000, 401.000000
-0.004621, 0.005557, 401.000000, 401.000000, 401.000000
-0.004504, 0.005557, 9.341910, 57.380232, 16.266813
-0.004387, 0.005557, 401.000000, 401.000000, 401.000000
-0.004270, 0.005557, 2.824225, 5.365249, 2.909719
-0.004154, 0.005557, 2.034931, 3.429594, 2.081192
-0.004036, 0.005557, 256.281144, 256.281144, 353.895426
-0.003920, 0.005557, 19.469895, 20.523450, 14.380825
-0.003803, 0.005557, 2.402694, 6.974774, 2.603461
-0.003686, 0.005557, 401.000000, 401.000000, 401.000000
-0.003569, 0.005557, 105.080946, 5.108979, 3.985479
-0.003452, 0.005557, 1.504973, 1.506734, 1.511755
-0.003335, 0.005557, 2.604958, 4.855589, 2.687642
-0.003218, 0.005557, 401.000000, 401.000000, 401.000000
-0.003101, 0.005557, 5.571370, 11.064807, 5.763978
-0.002984, 0.005557, 1.555467, 1.810834, 1.586984
-0.002867, 0.005557, 32.284062, 36.656555, 36.998417
-0.002750, 0.005557, 380.985391, 88.541417, 116.226714
-0.002633, 0.005557, 1.747660, 2.696648, 1.804180
-0.002516, 0.005557, 1.500000, 1.500000, 1.500000
-0.002399, 0.005557, 1.500000, 1.500000, 1.500000
-0.002282, 0.005557, 1.500000, 1.500000, 1.500000
-0.002165, 0.005557, 1.809681, 2.841894, 1.854916
-0.002048, 0.005557, 110.227952, 110.227952, 153.553909
-0.001931, 0.005557, 287.547810, 31.735024, 29.913077
-0.001814, 0.005557, 1.530082, 1.689994, 1.559139
-0.001697, 0.005557, 5.816591, 12.063017, 6.387222
-0.001580, 0.005557, 401.000000, 401.000000, 401.000000
-0.001463, 0.005557, 2.500361, 4.581262, 2.569098
-0.001345, 0.005557, 1.500000, 1.500000, 1.500000
-0.001228, 0.005557, 1.500000, 1.500000, 1.500000
-0.001112, 0.005557, 1.500000, 1.500000, 1.500000
-0.000995, 0.005557, 1.959199, 1.845131, 1.756197
-0.000878, 0.005557, 19.590438, 28.499874, 25.638798
-0.000761, 0.005557, 394.506287, 205.710600, 302.885686
-0.000644, 0.005557, 2.963818, 6.169433, 3.080931
-0.000527, 0.005557, 93.564484, 366.417669, 126.525014
-0.000410, 0.005557, 401.000000, 401.000000, 401.000000
-0.000293, 0.005557, 7.712130, 21.727585, 10.579665
-0.000176, 0.005557, 38.607327, 6.237402, 7.732677
-0.000058, 0.005557, 38.579104, 5.927632, 7.338911
0.000058, 0.005557, 38.579176, 5.927635, 7.338918
0.000175, 0.005557, 38.578255, 5.927459, 7.338522
0.000292, 0.005557, 7.043847, 21.143004, 9.775966
0.000409, 0.005557, 401.000000, 401.000000, 401.000000
0.000526, 0.005557, 7.233631, 16.105664, 8.939319
0.000643, 0.005557, 6.544055, 10.991988, 7.287477
0.000760, 0.005557, 367.931795, 392.511890, 399.628720
0.000877, 0.005557, 123.177488, 27.498431, 22.264786
0.000994, 0.005557, 11.562360, 7.161556, 7.266457
0.001112, 0.005557, 53.819608, 5.736628, 4.954789
0.001228, 0.005557, 1.805303, 2.626129, 1.834622
0.001345, 0.005557, 60.922655, 21.899977, 43.032432
0.001462, 0.005557, 238.142181, 18.815500, 37.291099
0.001579, 0.005557, 401.000000, 401.000000, 401.000000
0.001696, 0.005557, 6.189147, 12.063017, 6.387222
0.001813, 0.005557, 2.003516, 2.693498, 1.969202
0.001930, 0.005557, 48.737398, 32.901434, 38.090471
0.002048, 0.005557, 385.372673, 110.227952, 153.553909
0.002164, 0.005557, 3.997002, 16.105693, 4.957999
0.002282, 0.005557, 314.016953, 36.451468, 37.330210
0.002398, 0.005557, 5.114576, 13.990902, 6.169836
0.002515, 0.005557, 5.088877, 14.754579, 5.798344
0.002632, 0.005557, 2.736403, 3.539575, 2.400342
0.002749, 0.005557, 88.541417, 88.541417, 116.226714
0.002866, 0.005557, 316.351642, 36.656555, 36.998417
0.002983, 0.005557, 1.551664, 1.810834, 1.586984
0.003101, 0.005557, 6.275201, 39.552753, 7.682688
0.003217, 0.005557, 401.000000, 401.000000, 401.000000
0.003335, 0.005557, 2.613527, 4.855589, 2.687642
0.003451, 0.005557, 4.268072, 6.525030, 3.597908
0.003569, 0.005557, 2.204393, 2.454498, 2.073948
0.003685, 0.005557, 24.958090, 13.557459, 13.114887
0.003802, 0.005557, 4.598414, 3.076949, 2.464857
0.003919, 0.005557, 11.754406, 20.523450, 14.380825
0.004037, 0.005557, 396.935405, 256.281144, 353.895426
0.004153, 0.005557, 2.028090, 3.429594, 2.081192
0.004270, 0.005557, 2.811025, 5.365249, 2.909719
0.004388, 0.005557, 401.000000, 401.000000, 401.000000
0.004504, 0.005557, 4.771925, 9.605190, 4.947202
0.004622, 0.005557, 1.500000, 1.500000, 1.500000
0.004738, 0.005557, 1.500000, 1.500000, 1.500000
0.004856, 0.005557, 1.500000, 1.500000, 1.500000
0.004972, 0.005557, 1.500000, 1.500000, 1.500000
0.005090, 0.005557, 4.009493, 8.235820, 4.236235
0.005206, 0.005557, 401.000000, 401.000000, 401.000000
0.005324, 0.005557, 3.127317, 6.083969, 3.228612
0.005440, 0.005557, 1.903996, 3.088939, 1.948166
0.005557, 0.005557, 158.888894, 158.888894, 236.436706
0.005675, 0.005557, 228.889295, 25.855141, 21.354063
0.005791, 0.005557, 1.505579, 1.518175, 1.520883
-0.005791, 0.005675, 1.636919, 1.709501, 1.646964
-0.005674, 0.005675, 15.398617, 286.670902, 13.571987
-0.005557, 0.005675, 401.000000, 401.000000, 401.000000
-0.005441, 0.005675, 401.000000, 401.000000, 401.000000
-0.005324, 0.005675, 401.000000, 401.000000, 401.000000
-0.005207, 0.005675, 401.000000, 401.000000, 401.000000
-0.005089, 0.005675, 401.000000, 401.000000, 401.000000
-0.004972, 0.005675, 401.000000, 401.000000, 401.000000
-0.004855, 0.005675, 401.000000, 401.000000, 401.000000
-0.004738, 0.005675, 401.000000, 401.000000, 401.000000
-0.004621, 0.005675, 401.000000, 401.000000, 401.000000
-0.004504, 0.005675, 5.406458, 13.739941, 5.206810
-0.004387, 0.005675, 229.559872, 274.283033, 76.263345
-0.004270, 0.005675, 2.375627, 3.012147, 2.276467
-0.004154, 0.005675, 1.832375, 2.034508, 1.815396
-0.004036, 0.005675, 33.091794, 243.396815, 27.467726
-0.003920, 0.005675, 8.893317, 13.337113, 5.862278
-0.003803, 0.005675, 2.402694, 6.974774, 2.603461
-0.003686, 0.005675, 401.000000, 401.000000, 401.000000
-0.003569, 0.005675, 401.000000, 401.000000, 401.000000
-0.003452, 0.005675, 105.080946, 5.108979, 3.985479
-0.003335, 0.005675, 2.258067, 2.710689, 2.174253
-0.003218, 0.005675, 88.777897, 270.632621, 64.683290
-0.003101, 0.005675, 4.159713, 6.564834, 3.610831
-0.002984, 0.005675, 1.514188, 1.529625, 1.528428
-0.002867, 0.005675, 11.262007, 118.079156, 9.301532
-0.002750, 0.005675, 303.556784, 201.868974, 15.704315
-0.002633, 0.005675, 1.625072, 1.774478, 1.658128
-0.002516, 0.005675, 1.500000, 1.500000, 1.500000
-0.002399, 0.005675, 1.500000, 1.500000, 1.500000
-0.002282, 0.005675, 1.500000, 1.500000, 1.500000
-0.002165, 0.005675, 1.673820, 1.820930, 1.687313
-0.002048, 0.005675, 21.416374, 213.011197, 17.563931
-0.001931, 0.005675, 174.077385, 79.183315, 8.490425
-0.001814, 0.005675, 1.504217, 1.508413, 1.513567
-0.001697, 0.005675, 4.244776, 7.198000, 3.849042
-0.001580, 0.005675, 274.330932, 267.811803, 57.430055
-0.001463, 0.005675, 2.132800, 2.561872, 2.086097
-0.001345, 0.005675, 1.500000, 1.500000, 1.500000
-0.001228, 0.005675, 1.500000, 1.500000, 1.500000
-0.001112, 0.005675, 1.500000, 1.500000, 1.500000
-0.000995, 0.005675, 1.517729, 1.538463, 1.533374
-0.000878, 0.005675, 9.404091, 16.117623, 7.220864
-0.000761, 0.005675, 328.514247, 236.620983, 24.063875
-0.000644, 0.005675, 1.754947, 1.965645, 1.776284
-0.000527, 0.005675, 3.029602, 3.766322, 2.487821
-0.000410, 0.005675, 133.233075, 275.862144, 81.503869
-0.000293, 0.005675, 3.453423, 5.204935, 3.111322
-0.000176, 0.005675, 1.500000, 1.500000, 1.500000
-0.000058, 0.005675, 1.500000, 1.500000, 1.500000
0.000058, 0.005675, 1.500000, 1.500000, 1.500000
0.000175, 0.005675, 1.500000, 1.500000, 1.500000
0.000292, 0.005675, 3.384082, 5.204935, 3.111322
0.000409, 0.005675, 211.445560, 275.862144, 81.503869
0.000526, 0.005675, 2.485173, 3.249291, 2.361806
0.000643, 0.005675, 1.783591, 1.965645, 1.776284
0.000760, 0.005675, 29.026024, 236.620983, 24.063875
0.000877, 0.005675, 11.610795, 15.982180, 6.487198
0.000994, 0.005675, 1.500000, 1.500000, 1.500000
0.001112, 0.005675, 1.500000, 1.500000, 1.500000
0.001228, 0.005675, 1.612342, 1.633071, 1.606200
0.001345, 0.005675, 8.432910, 3.270741, 3.566139
0.001462, 0.005675, 16.020825, 4.202089, 4.641910
0.001579, 0.005675, 75.387880, 267.811803, 57.430055
0.001696, 0.005675, 4.512639, 7.198000, 3.849042
0.001813, 0.005675, 1.830180, 1.890347, 1.773889
0.001930, 0.005675, 15.590674, 79.474037, 9.756463
0.002048, 0.005675, 311.994344, 213.011197, 17.563931
0.002164, 0.005675, 2.049932, 2.100391, 1.928855
0.002282, 0.005675, 3.999968, 2.327130, 2.383458
0.002398, 0.005675, 2.260839, 1.842558, 1.837500
0.002515, 0.005675, 2.048858, 1.849818, 1.845142
0.002632, 0.005675, 1.799897, 1.854009, 1.749716
0.002749, 0.005675, 19.215608, 201.868974, 15.704315
0.002866, 0.005675, 213.010530, 118.079156, 9.301532
0.002983, 0.005675, 1.512548, 1.529625, 1.528428
0.003101, 0.005675, 3.969350, 6.564834, 3.610831
0.003217, 0.005675, 255.570827, 270.632621, 64.683290
0.003335, 0.005675, 2.214970, 2.699598, 2.150020
0.003451, 0.005675, 16.313515, 177.378516, 20.473980
0.003569, 0.005675, 3.472279, 14.122000, 3.514044
0.003685, 0.005675, 15.794786, 4.971639, 5.604825
0.003802, 0.005675, 1.746698, 1.905307, 1.759361
0.003919, 0.005675, 6.555523, 13.337113, 5.862278
0.004037, 0.005675, 326.361558, 243.396815, 27.467726
0.004153, 0.005675, 1.800403, 2.034508, 1.815396
0.004270, 0.005675, 2.396778, 3.012147, 2.276467
0.004388, 0.005675, 118.442952, 274.283033, 76.263345
0.004504, 0.005675, 3.689386, 5.675427, 3.286008
0.004622, 0.005675, 1.500000, 1.500000, 1.500000
0.004738, 0.005675, 1.500000, 1.500000, 1.500000
0.004856, 0.005675, 1.500000, 1.500000, 1.500000
0.004972, 0.005675, 1.500000, 1.500000, 1.500000
0.005090, 0.005675, 3.209380, 4.817649, 2.965611
0.005206, 0.005675, 197.572816, 277.005002, 85.642602
0.005324, 0.005675, 2.600772, 3.501273, 2.455905
0.005440, 0.005675, 1.739805, 1.909071, 1.741178
0.005557, 0.005675, 25.855141, 228.889295, 21.354063
0.005675, 0.005675, 19.368615, 19.368615, 7.176215
0.005791, 0.005675, 1.500000, 1.500000, 1.500000
-0.005791, 0.005791, 1.500000, 1.500000, 1.500000
-0.005674, 0.005791, 1.870132, 1.618179, 1.646540
-0.005557, 0.005791, 3.967086, 1.782398, 1.891177
-0.005441, 0.005791, 3.967086, 1.782398, 1.891177
-0.005324, 0.005791, 3.967086, 1.782398, 1.891177
-0.005207, 0.005791, 3.967086, 1.782398, 1.891177
-0.005089, 0.005791, 3.967086, 1.782398, 1.891177
-0.004972, 0.005791, 3.967086, 1.782398, 1.891177
-0.004855, 0.005791, 3.967086, 1.782398, 1.891177
-0.004738, 0.005791, 3.967086, 1.782398, 1.891177
-0.004621, 0.005791, 3.967086, 1.782398, 1.891177
-0.004504, 0.005791, 1.533428, 1.536970, 1.545153
-0.004387, 0.005791, 1.517184, 1.505585, 1.521091
-0.004270, 0.005791, 1.500000, 1.500000, 1.500000
-0.004154, 0.005791, 1.500000, 1.500000, 1.500000
-0.004036, 0.005791, 1.517681, 1.505592, 1.521073
-0.003920, 0.005791, 1.500000, 1.500000, 1.500000
-0.003803, 0.005791, 1.686752, 1.516691, 1.547665
-0.003686, 0.005791, 2.705352, 1.544461, 1.623769
-0.003569, 0.005791, 2.705352, 1.544461, 1.623769
-0.003452, 0.005791, 2.705352, 1.544461, 1.623769
-0.003335, 0.005791, 1.505163, 1.503281, 1.511321
-0.003218, 0.005791, 1.517368, 1.505601, 1.521106
-0.003101, 0.005791, 1.500000, 1.500000, 1.500000
-0.002984, 0.005791, 1.500000, 1.500000, 1.500000
-0.002867, 0.005791, 1.500000, 1.500000, 1.500000
-0.002750, 0.005791, 1.513304, 1.505307, 1.517859
-0.002633, 0.005791, 1.500000, 1.500000, 1.500000
-0.002516, 0.005791, 1.500000, 1.500000, 1.500000
-0.002399, 0.005791, 1.500000, 1.500000, 1.500000
-0.002282, 0.005791, 1.500000, 1.500000, 1.500000
-0.002165, 0.005791, 1.500000, 1.500000, 1.500000
-0.002048, 0.005791, 1.519865, 1.505550, 1.519810
-0.001931, 0.005791, 1.500000, 1.500000, 1.500000
-0.001814, 0.005791, 1.500000, 1.500000, 1.500000
-0.001697, 0.005791, 1.500000, 1.500000, 1.500000
-0.001580, 0.005791, 1.517182, 1.505584, 1.521107
-0.001463, 0.005791, 1.500000, 1.500000, 1.500000
-0.001345, 0.005791, 1.500000, 1.500000, 1.500000
-0.001228, 0.005791, 1.500000, 1.500000, 1.500000
-0.001112, 0.005791, 1.500000, 1.500000, 1.500000
-0.000995, 0.005791, 1.500000, 1.500000, 1.500000
-0.000878, 0.005791, 1.500000, 1.500000, 1.500000
-0.000761, 0.005791, 1.516676, 1.505588, 1.521028
-0.000644, 0.005791, 1.500000, 1.500000, 1.500000
-0.000527, 0.005791, 1.500000, 1.500000, 1.500000
-0.000410, 0.005791, 1.517309, 1.505598, 1.521102
-0.000293, 0.005791, 1.500000, 1.500000, 1.500000
-0.000176, 0.005791, 1.500000, 1.500000, 1.500000
-0.000058, 0.005791, 1.500000, 1.500000, 1.500000
0.000058, 0.005791, 1.500000, 1.500000, 1.500000
0.000175, 0.005791, 1.500000, 1.500000, 1.500000
0.000292, 0.005791, 1.500000, 1.500000, 1.500000
0.000409, 0.005791, 1.517237, 1.505598, 1.521102
0.000526, 0.005791, 1.500000, 1.500000, 1.500000
0.000643, 0.005791, 1.500000, 1.500000, 1.500000
0.000760, 0.005791, 1.517843, 1.505588, 1.521028
0.000877, 0.005791, 1.500000, 1.500000, 1.500000
0.000994, 0.005791, 1.500000, 1.500000, 1.500000
0.001112, 0.005791, 1.500000, 1.500000, 1.500000
0.001228, 0.005791, 1.500000, 1.500000, 1.500000
0.001345, 0.005791, 1.500000, 1.500000, 1.500000
0.001462, 0.005791, 1.500000, 1.500000, 1.500000
0.001579, 0.005791, 1.517382, 1.505584, 1.521107
0.001696, 0.005791, 1.500000, 1.500000, 1.500000
0.001813, 0.005791, 1.500000, 1.500000, 1.500000
0.001930, 0.005791, 1.500000, 1.500000, 1.500000
0.002048, 0.005791, 1.515352, 1.505550, 1.519810
0.002164, 0.005791, 1.500000, 1.500000, 1.500000
0.002282, 0.005791, 1.500000, 1.500000, 1.500000
0.002398, 0.005791, 1.500000, 1.500000, 1.500000
0.002515, 0.005791, 1.500000, 1.500000, 1.500000
0.002632, 0.005791, 1.500000, 1.500000, 1.500000
0.002749, 0.005791, 1.526428, 1.505307, 1.517859
0.002866, 0.005791, 1.500000, 1.500000, 1.500000
0.002983, 0.005791, 1.500000, 1.500000, 1.500000
0.003101, 0.005791, 1.500000, 1.500000, 1.500000
0.003217, 0.005791, 1.517212, 1.505601, 1.521106
0.003335, 0.005791, 1.500000, 1.500000, 1.500000
0.003451, 0.005791, 1.761861, 1.535355, 1.571706
0.003569, 0.005791, 1.500000, 1.500000, 1.500000
0.003685, 0.005791, 1.500000, 1.500000, 1.500000
0.003802, 0.005791, 1.500000, 1.500000, 1.500000
0.003919, 0.005791, 1.500000, 1.500000, 1.500000
0.004037, 0.005791, 1.516840, 1.505592, 1.521073
0.004153, 0.005791, 1.500000, 1.500000, 1.500000
0.004270, 0.005791, 1.500000, 1.500000, 1.500000
0.004388, 0.005791, 1.517282, 1.505585, 1.521091
0.004504, 0.005791, 1.500000, 1.500000, 1.500000
0.004622, 0.005791, 1.500000, 1.500000, 1.500000
0.004738, 0.005791, 1.500000, 1.500000, 1.500000
0.004856, 0.005791, 1.500000, 1.500000, 1.500000
0.004972, 0.005791, 1.500000, 1.500000, 1.500000
0.005090, 0.005791, 1.500000, 1.500000, 1.500000
0.005206, 0.005791, 1.517252, 1.505584, 1.521105
0.005324, 0.005791, 1.500000, 1.500000, 1.500000
0.005440, 0.005791, 1.500000, 1.500000, 1.500000
0.005557, 0.005791, 1.518175, 1.505579, 1.520883
0.005675, 0.005791, 1.500000, 1.500000, 1.500000
0.005791, 0.005791, 1.500000, 1.500000, 1.500000
