-5.791500e-03, -5.791500e-03, 0.000000
-5.674500e-03, -5.791500e-03, 0.051389
-5.557500e-03, -5.791500e-03, 0.145299
-5.440500e-03, -5.791500e-03, 0.145299
-5.323500e-03, -5.791500e-03, 0.145299
-5.206500e-03, -5.791500e-03, 0.145299
-5.089500e-03, -5.791500e-03, 0.145299
-4.972500e-03, -5.791500e-03, 0.145299
-4.855500e-03, -5.791500e-03, 0.145299
-4.738500e-03, -5.791500e-03, 0.145299
-4.621500e-03, -5.791500e-03, 0.056232
-4.504500e-03, -5.791500e-03, 0.000000
-4.387500e-03, -5.791500e-03, 0.001091
-4.270500e-03, -5.791500e-03, 0.000000
-4.153500e-03, -5.791500e-03, 0.000000
-4.036500e-03, -5.791500e-03, 0.000000
-3.919500e-03, -5.791500e-03, 0.000000
-3.802500e-03, -5.791500e-03, 0.000000
-3.685500e-03, -5.791500e-03, 0.013869
-3.568500e-03, -5.791500e-03, 0.027427
-3.451500e-03, -5.791500e-03, 0.000000
-3.334500e-03, -5.791500e-03, 0.000000
-3.217500e-03, -5.791500e-03, 0.001091
-3.100500e-03, -5.791500e-03, 0.000000
-2.983500e-03, -5.791500e-03, 0.000000
-2.866500e-03, -5.791500e-03, 0.000000
-2.749500e-03, -5.791500e-03, 0.000000
-2.632500e-03, -5.791500e-03, 0.000000
-2.515500e-03, -5.791500e-03, 0.000000
-2.398500e-03, -5.791500e-03, 0.001091
-2.281500e-03, -5.791500e-03, 0.000000
-2.164500e-03, -5.791500e-03, 0.000000
-2.047500e-03, -5.791500e-03, 0.001091
-1.930500e-03, -5.791500e-03, 0.000000
-1.813500e-03, -5.791500e-03, 0.000000
-1.696500e-03, -5.791500e-03, 0.000000
-1.579500e-03, -5.791500e-03, 0.000000
-1.462500e-03, -5.791500e-03, 0.000000
-1.345500e-03, -5.791500e-03, 0.000000
-1.228500e-03, -5.791500e-03, 0.001091
-1.111500e-03, -5.791500e-03, 0.000000
-9.945000e-04, -5.791500e-03, 0.000000
-8.775000e-04, -5.791500e-03, 0.000000
-7.605000e-04, -5.791500e-03, 0.001091
-6.435000e-04, -5.791500e-03, 0.000000
-5.265000e-04, -5.791500e-03, 0.000000
-4.095000e-04, -5.791500e-03, 0.000000
-2.925000e-04, -5.791500e-03, 0.000000
-1.755000e-04, -5.791500e-03, 0.000000
-5.850000e-05, -5.791500e-03, 0.000545
5.850000e-05, -5.791500e-03, 0.000545
1.755000e-04, -5.791500e-03, 0.000000
2.925000e-04, -5.791500e-03, 0.000000
4.095000e-04, -5.791500e-03, 0.001091
5.265000e-04, -5.791500e-03, 0.000000
6.435000e-04, -5.791500e-03, 0.000000
7.605000e-04, -5.791500e-03, 0.000000
8.775000e-04, -5.791500e-03, 0.000000
9.945000e-04, -5.791500e-03, 0.000000
1.111500e-03, -5.791500e-03, 0.000000
1.228500e-03, -5.791500e-03, 0.001091
1.345500e-03, -5.791500e-03, 0.000000
1.462500e-03, -5.791500e-03, 0.000000
1.579500e-03, -5.791500e-03, 0.001091
1.696500e-03, -5.791500e-03, 0.000000
1.813500e-03, -5.791500e-03, 0.000000
1.930500e-03, -5.791500e-03, 0.000000
2.047500e-03, -5.791500e-03, 0.000000
2.164500e-03, -5.791500e-03, 0.000000
2.281500e-03, -5.791500e-03, 0.000000
2.398500e-03, -5.791500e-03, 0.001091
2.515500e-03, -5.791500e-03, 0.000000
2.632500e-03, -5.791500e-03, 0.000000
2.749500e-03, -5.791500e-03, 0.001091
2.866500e-03, -5.791500e-03, 0.000000
2.983500e-03, -5.791500e-03, 0.000000
3.100500e-03, -5.791500e-03, 0.000000
3.217500e-03, -5.791500e-03, 0.000000
3.334500e-03, -5.791500e-03, 0.000000
3.451500e-03, -5.791500e-03, 0.000000
3.568500e-03, -5.791500e-03, 0.001091
3.685500e-03, -5.791500e-03, 0.000000
3.802500e-03, -5.791500e-03, 0.000000
3.919500e-03, -5.791500e-03, 0.000000
4.036500e-03, -5.791500e-03, 0.001091
4.153500e-03, -5.791500e-03, 0.000000
4.270500e-03, -5.791500e-03, 0.000000
4.387500e-03, -5.791500e-03, 0.000000
4.504500e-03, -5.791500e-03, 0.000000
4.621500e-03, -5.791500e-03, 0.000000
4.738500e-03, -5.791500e-03, 0.000195
4.855500e-03, -5.791500e-03, 0.000895
4.972500e-03, -5.791500e-03, 0.000000
5.089500e-03, -5.791500e-03, 0.000000
5.206500e-03, -5.791500e-03, 0.001091
5.323500e-03, -5.791500e-03, 0.000000
5.440500e-03, -5.791500e-03, 0.000000
5.557500e-03, -5.791500e-03, 0.001091
5.674500e-03, -5.791500e-03, 0.000000
5.791500e-03, -5.791500e-03, 0.000000
-5.791500e-03, -5.674500e-03, 0.051389
-5.674500e-03, -5.674500e-03, 0.835448
-5.557500e-03, -5.674500e-03, 1.000000
-5.440500e-03, -5.674500e-03, 1.000000
-5.323500e-03, -5.674500e-03, 1.000000
-5.206500e-03, -5.674500e-03, 1.000000
-5.089500e-03, -5.674500e-03, 1.000000
-4.972500e-03, -5.674500e-03, 0.991205
-4.855500e-03, -5.674500e-03, 1.000000
-4.738500e-03, -5.674500e-03, 1.000000
-4.621500e-03, -5.674500e-03, 0.854015
-4.504500e-03, -5.674500e-03, 0.495763
-4.387500e-03, -5.674500e-03, 0.945630
-4.270500e-03, -5.674500e-03, 0.275688
-4.153500e-03, -5.674500e-03, 0.000000
-4.036500e-03, -5.674500e-03, 0.000000
-3.919500e-03, -5.674500e-03, 0.000000
-3.802500e-03, -5.674500e-03, 0.093630
-3.685500e-03, -5.674500e-03, 0.839105
-3.568500e-03, -5.674500e-03, 0.987118
-3.451500e-03, -5.674500e-03, 0.352369
-3.334500e-03, -5.674500e-03, 0.241021
-3.217500e-03, -5.674500e-03, 0.941090
-3.100500e-03, -5.674500e-03, 0.503270
-2.983500e-03, -5.674500e-03, 0.000000
-2.866500e-03, -5.674500e-03, 0.000000
-2.749500e-03, -5.674500e-03, 0.000000
-2.632500e-03, -5.674500e-03, 0.000000
-2.515500e-03, -5.674500e-03, 0.379526
-2.398500e-03, -5.674500e-03, 0.948972
-2.281500e-03, -5.674500e-03, 0.356882
-2.164500e-03, -5.674500e-03, 0.071366
-2.047500e-03, -5.674500e-03, 0.865219
-1.930500e-03, -5.674500e-03, 0.747792
-1.813500e-03, -5.674500e-03, 0.001003
-1.696500e-03, -5.674500e-03, 0.000000
-1.579500e-03, -5.674500e-03, 0.000000
-1.462500e-03, -5.674500e-03, 0.000000
-1.345500e-03, -5.674500e-03, 0.171180
-1.228500e-03, -5.674500e-03, 0.922950
-1.111500e-03, -5.674500e-03, 0.591250
-9.945000e-04, -5.674500e-03, 0.000000
-8.775000e-04, -5.674500e-03, 0.681599
-7.605000e-04, -5.674500e-03, 0.893602
-6.435000e-04, -5.674500e-03, 0.110179
-5.265000e-04, -5.674500e-03, 0.000000
-4.095000e-04, -5.674500e-03, 0.000000
-2.925000e-04, -5.674500e-03, 0.000000
-1.755000e-04, -5.674500e-03, 0.025633
-5.850000e-05, -5.674500e-03, 0.817057
5.850000e-05, -5.674500e-03, 0.817057
1.755000e-04, -5.674500e-03, 0.025633
2.925000e-04, -5.674500e-03, 0.440771
4.095000e-04, -5.674500e-03, 0.947243
5.265000e-04, -5.674500e-03, 0.297366
6.435000e-04, -5.674500e-03, 0.000000
7.605000e-04, -5.674500e-03, 0.000000
8.775000e-04, -5.674500e-03, 0.000000
9.945000e-04, -5.674500e-03, 0.000000
1.111500e-03, -5.674500e-03, 0.591250
1.228500e-03, -5.674500e-03, 0.922950
1.345500e-03, -5.674500e-03, 0.171180
1.462500e-03, -5.674500e-03, 0.221096
1.579500e-03, -5.674500e-03, 0.937254
1.696500e-03, -5.674500e-03, 0.536008
1.813500e-03, -5.674500e-03, 0.000000
1.930500e-03, -5.674500e-03, 0.000000
2.047500e-03, -5.674500e-03, 0.000000
2.164500e-03, -5.674500e-03, 0.000000
2.281500e-03, -5.674500e-03, 0.356882
2.398500e-03, -5.674500e-03, 0.948972
2.515500e-03, -5.674500e-03, 0.379526
2.632500e-03, -5.674500e-03, 0.058016
2.749500e-03, -5.674500e-03, 0.853047
2.866500e-03, -5.674500e-03, 0.769868
2.983500e-03, -5.674500e-03, 0.009813
3.100500e-03, -5.674500e-03, 0.000000
3.217500e-03, -5.674500e-03, 0.000000
3.334500e-03, -5.674500e-03, 0.000000
3.451500e-03, -5.674500e-03, 0.153667
3.568500e-03, -5.674500e-03, 0.916057
3.685500e-03, -5.674500e-03, 0.615656
3.802500e-03, -5.674500e-03, 0.000000
3.919500e-03, -5.674500e-03, 0.656724
4.036500e-03, -5.674500e-03, 0.902718
4.153500e-03, -5.674500e-03, 0.125939
4.270500e-03, -5.674500e-03, 0.000000
4.387500e-03, -5.674500e-03, 0.000000
4.504500e-03, -5.674500e-03, 0.000000
4.621500e-03, -5.674500e-03, 0.017875
4.738500e-03, -5.674500e-03, 0.801405
4.855500e-03, -5.674500e-03, 0.831103
4.972500e-03, -5.674500e-03, 0.037228
5.089500e-03, -5.674500e-03, 0.417658
5.206500e-03, -5.674500e-03, 0.948189
5.323500e-03, -5.674500e-03, 0.319533
5.440500e-03, -5.674500e-03, 0.095076
5.557500e-03, -5.674500e-03, 0.883653
5.674500e-03, -5.674500e-03, 0.706651
5.791500e-03, -5.674500e-03, 0.000000
-5.791500e-03, -5.557500e-03, 0.145299
-5.674500e-03, -5.557500e-03, 1.000000
-5.557500e-03, -5.557500e-03, 1.000000
-5.440500e-03, -5.557500e-03, 1.000000
-5.323500e-03, -5.557500e-03, 1.000000
-5.206500e-03, -5.557500e-03, 1.000000
-5.089500e-03, -5.557500e-03, 1.000000
-4.972500e-03, -5.557500e-03, 0.461763
-4.855500e-03, -5.557500e-03, 0.686873
-4.738500e-03, -5.557500e-03, 1.000000
-4.621500e-03, -5.557500e-03, 1.000000
-4.504500e-03, -5.557500e-03, 0.748443
-4.387500e-03, -5.557500e-03, 1.000000
-4.270500e-03, -5.557500e-03, 0.414658
-4.153500e-03, -5.557500e-03, 0.000000
-4.036500e-03, -5.557500e-03, 0.000000
-3.919500e-03, -5.557500e-03, 0.000000
-3.802500e-03, -5.557500e-03, 0.742807
-3.685500e-03, -5.557500e-03, 1.000000
-3.568500e-03, -5.557500e-03, 1.000000
-3.451500e-03, -5.557500e-03, 0.987118
-3.334500e-03, -5.557500e-03, 0.581614
-3.217500e-03, -5.557500e-03, 1.000000
-3.100500e-03, -5.557500e-03, 0.671068
-2.983500e-03, -5.557500e-03, 0.000000
-2.866500e-03, -5.557500e-03, 0.000000
-2.749500e-03, -5.557500e-03, 0.000000
-2.632500e-03, -5.557500e-03, 0.058863
-2.515500e-03, -5.557500e-03, 0.834083
-2.398500e-03, -5.557500e-03, 1.000000
-2.281500e-03, -5.557500e-03, 0.882743
-2.164500e-03, -5.557500e-03, 0.320889
-2.047500e-03, -5.557500e-03, 0.981366
-1.930500e-03, -5.557500e-03, 0.915123
-1.813500e-03, -5.557500e-03, 0.012356
-1.696500e-03, -5.557500e-03, 0.000000
-1.579500e-03, -5.557500e-03, 0.000000
-1.462500e-03, -5.557500e-03, 0.000000
-1.345500e-03, -5.557500e-03, 0.527590
-1.228500e-03, -5.557500e-03, 1.000000
-1.111500e-03, -5.557500e-03, 0.765086
-9.945000e-04, -5.557500e-03, 0.000000
-8.775000e-04, -5.557500e-03, 0.988948
-7.605000e-04, -5.557500e-03, 0.992229
-6.435000e-04, -5.557500e-03, 0.191660
-5.265000e-04, -5.557500e-03, 0.000000
-4.095000e-04, -5.557500e-03, 0.000000
-2.925000e-04, -5.557500e-03, 0.000000
-1.755000e-04, -5.557500e-03, 0.062700
-5.850000e-05, -5.557500e-03, 0.958796
5.850000e-05, -5.557500e-03, 0.958796
1.755000e-04, -5.557500e-03, 0.062700
2.925000e-04, -5.557500e-03, 0.602692
4.095000e-04, -5.557500e-03, 1.000000
5.265000e-04, -5.557500e-03, 0.440299
6.435000e-04, -5.557500e-03, 0.000000
7.605000e-04, -5.557500e-03, 0.000000
8.775000e-04, -5.557500e-03, 0.000000
9.945000e-04, -5.557500e-03, 0.000000
1.111500e-03, -5.557500e-03, 0.765086
1.228500e-03, -5.557500e-03, 0.999530
1.345500e-03, -5.557500e-03, 0.278376
1.462500e-03, -5.557500e-03, 0.346282
1.579500e-03, -5.557500e-03, 1.000000
1.696500e-03, -5.557500e-03, 0.742640
1.813500e-03, -5.557500e-03, 0.000000
1.930500e-03, -5.557500e-03, 0.000000
2.047500e-03, -5.557500e-03, 0.000000
2.164500e-03, -5.557500e-03, 0.000000
2.281500e-03, -5.557500e-03, 0.508675
2.398500e-03, -5.557500e-03, 1.000000
2.515500e-03, -5.557500e-03, 0.534316
2.632500e-03, -5.557500e-03, 0.113784
2.749500e-03, -5.557500e-03, 0.976088
2.866500e-03, -5.557500e-03, 1.000000
2.983500e-03, -5.557500e-03, 0.716588
3.100500e-03, -5.557500e-03, 0.149896
3.217500e-03, -5.557500e-03, 0.000000
3.334500e-03, -5.557500e-03, 0.000000
3.451500e-03, -5.557500e-03, 0.253850
3.568500e-03, -5.557500e-03, 0.998415
3.685500e-03, -5.557500e-03, 0.790727
3.802500e-03, -5.557500e-03, 0.000000
3.919500e-03, -5.557500e-03, 0.833462
4.036500e-03, -5.557500e-03, 1.000000
4.153500e-03, -5.557500e-03, 0.853436
4.270500e-03, -5.557500e-03, 0.069032
4.387500e-03, -5.557500e-03, 0.000000
4.504500e-03, -5.557500e-03, 0.040782
4.621500e-03, -5.557500e-03, 0.658286
4.738500e-03, -5.557500e-03, 1.000000
4.855500e-03, -5.557500e-03, 0.965829
4.972500e-03, -5.557500e-03, 0.081308
5.089500e-03, -5.557500e-03, 0.577051
5.206500e-03, -5.557500e-03, 1.000000
5.323500e-03, -5.557500e-03, 0.465940
5.440500e-03, -5.557500e-03, 0.169545
5.557500e-03, -5.557500e-03, 0.988703
5.674500e-03, -5.557500e-03, 0.883653
5.791500e-03, -5.557500e-03, 0.001091
-5.791500e-03, -5.440500e-03, 0.145299
-5.674500e-03, -5.440500e-03, 1.000000
-5.557500e-03, -5.440500e-03, 1.000000
-5.440500e-03, -5.440500e-03, 0.555827
-5.323500e-03, -5.440500e-03, 0.789890
-5.206500e-03, -5.440500e-03, 1.000000
-5.089500e-03, -5.440500e-03, 1.000000
-4.972500e-03, -5.440500e-03, 0.938011
-4.855500e-03, -5.440500e-03, 0.987032
-4.738500e-03, -5.440500e-03, 1.000000
-4.621500e-03, -5.440500e-03, 1.000000
-4.504500e-03, -5.440500e-03, 0.575462
-4.387500e-03, -5.440500e-03, 0.220225
-4.270500e-03, -5.440500e-03, 0.005628
-4.153500e-03, -5.440500e-03, 0.000000
-4.036500e-03, -5.440500e-03, 0.000000
-3.919500e-03, -5.440500e-03, 0.000000
-3.802500e-03, -5.440500e-03, 0.816410
-3.685500e-03, -5.440500e-03, 1.000000
-3.568500e-03, -5.440500e-03, 1.000000
-3.451500e-03, -5.440500e-03, 1.000000
-3.334500e-03, -5.440500e-03, 0.307307
-3.217500e-03, -5.440500e-03, 0.215685
-3.100500e-03, -5.440500e-03, 0.046929
-2.983500e-03, -5.440500e-03, 0.000000
-2.866500e-03, -5.440500e-03, 0.000000
-2.749500e-03, -5.440500e-03, 0.000000
-2.632500e-03, -5.440500e-03, 0.757677
-2.515500e-03, -5.440500e-03, 0.916300
-2.398500e-03, -5.440500e-03, 0.340647
-2.281500e-03, -5.440500e-03, 0.795375
-2.164500e-03, -5.440500e-03, 0.873680
-2.047500e-03, -5.440500e-03, 0.158447
-1.930500e-03, -5.440500e-03, 0.106173
-1.813500e-03, -5.440500e-03, 0.126935
-1.696500e-03, -5.440500e-03, 0.519283
-1.579500e-03, -5.440500e-03, 0.008004
-1.462500e-03, -5.440500e-03, 0.260127
-1.345500e-03, -5.440500e-03, 0.989001
-1.228500e-03, -5.440500e-03, 0.551683
-1.111500e-03, -5.440500e-03, 0.066606
-9.945000e-04, -5.440500e-03, 0.192591
-8.775000e-04, -5.440500e-03, 0.302112
-7.605000e-04, -5.440500e-03, 0.179502
-6.435000e-04, -5.440500e-03, 0.000000
-5.265000e-04, -5.440500e-03, 0.000000
-4.095000e-04, -5.440500e-03, 0.000000
-2.925000e-04, -5.440500e-03, 0.000000
-1.755000e-04, -5.440500e-03, 0.000000
-5.850000e-05, -5.440500e-03, 0.132310
5.850000e-05, -5.440500e-03, 0.132310
1.755000e-04, -5.440500e-03, 0.000000
2.925000e-04, -5.440500e-03, 0.034105
4.095000e-04, -5.440500e-03, 0.221838
5.265000e-04, -5.440500e-03, 0.008678
6.435000e-04, -5.440500e-03, 0.000000
7.605000e-04, -5.440500e-03, 0.000000
8.775000e-04, -5.440500e-03, 0.000000
9.945000e-04, -5.440500e-03, 0.000000
1.111500e-03, -5.440500e-03, 0.066606
1.228500e-03, -5.440500e-03, 0.198014
1.345500e-03, -5.440500e-03, 0.000000
1.462500e-03, -5.440500e-03, 0.000711
1.579500e-03, -5.440500e-03, 0.211849
1.696500e-03, -5.440500e-03, 0.052060
1.813500e-03, -5.440500e-03, 0.000000
1.930500e-03, -5.440500e-03, 0.000000
2.047500e-03, -5.440500e-03, 0.000000
2.164500e-03, -5.440500e-03, 0.017799
2.281500e-03, -5.440500e-03, 0.018519
2.398500e-03, -5.440500e-03, 0.223567
2.515500e-03, -5.440500e-03, 0.022535
2.632500e-03, -5.440500e-03, 0.000000
2.749500e-03, -5.440500e-03, 0.151554
2.866500e-03, -5.440500e-03, 0.335187
2.983500e-03, -5.440500e-03, 0.868271
3.100500e-03, -5.440500e-03, 0.528284
3.217500e-03, -5.440500e-03, 0.000000
3.334500e-03, -5.440500e-03, 0.000000
3.451500e-03, -5.440500e-03, 0.000000
3.568500e-03, -5.440500e-03, 0.192237
3.685500e-03, -5.440500e-03, 0.072384
3.802500e-03, -5.440500e-03, 0.000000
3.919500e-03, -5.440500e-03, 0.082405
4.036500e-03, -5.440500e-03, 0.276221
4.153500e-03, -5.440500e-03, 0.565760
4.270500e-03, -5.440500e-03, 0.035729
4.387500e-03, -5.440500e-03, 0.000000
4.504500e-03, -5.440500e-03, 0.125549
4.621500e-03, -5.440500e-03, 0.863077
4.738500e-03, -5.440500e-03, 0.389138
4.855500e-03, -5.440500e-03, 0.139674
4.972500e-03, -5.440500e-03, 0.000000
5.089500e-03, -5.440500e-03, 0.029620
5.206500e-03, -5.440500e-03, 0.222784
5.323500e-03, -5.440500e-03, 0.012217
5.440500e-03, -5.440500e-03, 0.000000
5.557500e-03, -5.440500e-03, 0.169545
5.674500e-03, -5.440500e-03, 0.095076
5.791500e-03, -5.440500e-03, 0.000000
-5.791500e-03, -5.323500e-03, 0.145299
-5.674500e-03, -5.323500e-03, 1.000000
-5.557500e-03, -5.323500e-03, 1.000000
-5.440500e-03, -5.323500e-03, 0.789890
-5.323500e-03, -5.323500e-03, 0.929278
-5.206500e-03, -5.323500e-03, 1.000000
-5.089500e-03, -5.323500e-03, 1.000000
-4.972500e-03, -5.323500e-03, 1.000000
-4.855500e-03, -5.323500e-03, 0.963571
-4.738500e-03, -5.323500e-03, 0.974048
-4.621500e-03, -5.323500e-03, 1.000000
-4.504500e-03, -5.323500e-03, 0.652924
-4.387500e-03, -5.323500e-03, 0.579044
-4.270500e-03, -5.323500e-03, 0.900535
-4.153500e-03, -5.323500e-03, 0.130611
-4.036500e-03, -5.323500e-03, 0.485005
-3.919500e-03, -5.323500e-03, 0.291083
-3.802500e-03, -5.323500e-03, 0.816410
-3.685500e-03, -5.323500e-03, 0.998632
-3.568500e-03, -5.323500e-03, 0.938987
-3.451500e-03, -5.323500e-03, 1.000000
-3.334500e-03, -5.323500e-03, 0.373973
-3.217500e-03, -5.323500e-03, 0.523377
-3.100500e-03, -5.323500e-03, 0.205640
-2.983500e-03, -5.323500e-03, 0.000000
-2.866500e-03, -5.323500e-03, 0.358563
-2.749500e-03, -5.323500e-03, 0.435334
-2.632500e-03, -5.323500e-03, 0.374481
-2.515500e-03, -5.323500e-03, 0.327192
-2.398500e-03, -5.323500e-03, 0.531259
-2.281500e-03, -5.323500e-03, 0.170107
-2.164500e-03, -5.323500e-03, 0.143346
-2.047500e-03, -5.323500e-03, 0.447506
-1.930500e-03, -5.323500e-03, 0.344185
-1.813500e-03, -5.323500e-03, 0.225395
-1.696500e-03, -5.323500e-03, 0.990086
-1.579500e-03, -5.323500e-03, 0.630189
-1.462500e-03, -5.323500e-03, 0.200802
-1.345500e-03, -5.323500e-03, 0.529350
-1.228500e-03, -5.323500e-03, 0.509297
-1.111500e-03, -5.323500e-03, 0.254246
-9.945000e-04, -5.323500e-03, 0.213675
-8.775000e-04, -5.323500e-03, 0.305220
-7.605000e-04, -5.323500e-03, 0.475889
-6.435000e-04, -5.323500e-03, 0.016581
-5.265000e-04, -5.323500e-03, 0.096383
-4.095000e-04, -5.323500e-03, 0.529530
-2.925000e-04, -5.323500e-03, 0.171778
-1.755000e-04, -5.323500e-03, 0.000046
-5.850000e-05, -5.323500e-03, 0.398799
5.850000e-05, -5.323500e-03, 0.398799
1.755000e-04, -5.323500e-03, 0.000046
2.925000e-04, -5.323500e-03, 0.171778
4.095000e-04, -5.323500e-03, 0.529530
5.265000e-04, -5.323500e-03, 0.096383
6.435000e-04, -5.323500e-03, 0.016581
7.605000e-04, -5.323500e-03, 0.475889
8.775000e-04, -5.323500e-03, 0.305220
9.945000e-04, -5.323500e-03, 0.000000
1.111500e-03, -5.323500e-03, 0.254246
1.228500e-03, -5.323500e-03, 0.505237
1.345500e-03, -5.323500e-03, 0.038208
1.462500e-03, -5.323500e-03, 0.059488
1.579500e-03, -5.323500e-03, 0.519541
1.696500e-03, -5.323500e-03, 0.218661
1.813500e-03, -5.323500e-03, 0.000000
1.930500e-03, -5.323500e-03, 0.343780
2.047500e-03, -5.323500e-03, 0.628350
2.164500e-03, -5.323500e-03, 0.967447
2.281500e-03, -5.323500e-03, 0.219779
2.398500e-03, -5.323500e-03, 0.531259
2.515500e-03, -5.323500e-03, 0.139168
2.632500e-03, -5.323500e-03, 0.003794
2.749500e-03, -5.323500e-03, 0.435334
2.866500e-03, -5.323500e-03, 0.358563
2.983500e-03, -5.323500e-03, 0.014143
3.100500e-03, -5.323500e-03, 0.208383
3.217500e-03, -5.323500e-03, 0.523377
3.334500e-03, -5.323500e-03, 0.068674
3.451500e-03, -5.323500e-03, 0.031433
3.568500e-03, -5.323500e-03, 0.498345
3.685500e-03, -5.323500e-03, 0.267913
3.802500e-03, -5.323500e-03, 0.000000
3.919500e-03, -5.323500e-03, 0.291083
4.036500e-03, -5.323500e-03, 0.485005
4.153500e-03, -5.323500e-03, 0.021603
4.270500e-03, -5.323500e-03, 0.085444
4.387500e-03, -5.323500e-03, 0.527917
4.504500e-03, -5.323500e-03, 0.184329
4.621500e-03, -5.323500e-03, 0.000000
4.738500e-03, -5.323500e-03, 0.383593
4.855500e-03, -5.323500e-03, 0.413195
4.972500e-03, -5.323500e-03, 0.000903
5.089500e-03, -5.323500e-03, 0.159402
5.206500e-03, -5.323500e-03, 0.530476
5.323500e-03, -5.323500e-03, 0.107812
5.440500e-03, -5.323500e-03, 0.012217
5.557500e-03, -5.323500e-03, 0.465940
5.674500e-03, -5.323500e-03, 0.319533
5.791500e-03, -5.323500e-03, 0.000000
-5.791500e-03, -5.206500e-03, 0.145299
-5.674500e-03, -5.206500e-03, 1.000000
-5.557500e-03, -5.206500e-03, 1.000000
-5.440500e-03, -5.206500e-03, 1.000000
-5.323500e-03, -5.206500e-03, 1.000000
-5.206500e-03, -5.206500e-03, 1.000000
-5.089500e-03, -5.206500e-03, 1.000000
-4.972500e-03, -5.206500e-03, 0.937619
-4.855500e-03, -5.206500e-03, 1.000000
-4.738500e-03, -5.206500e-03, 1.000000
-4.621500e-03, -5.206500e-03, 0.937619
-4.504500e-03, -5.206500e-03, 0.810767
-4.387500e-03, -5.206500e-03, 1.000000
-4.270500e-03, -5.206500e-03, 0.711032
-4.153500e-03, -5.206500e-03, 0.298856
-4.036500e-03, -5.206500e-03, 1.000000
-3.919500e-03, -5.206500e-03, 0.897998
-3.802500e-03, -5.206500e-03, 0.797703
-3.685500e-03, -5.206500e-03, 0.956326
-3.568500e-03, -5.206500e-03, 1.000000
-3.451500e-03, -5.206500e-03, 0.937619
-3.334500e-03, -5.206500e-03, 0.739327
-3.217500e-03, -5.206500e-03, 1.000000
-3.100500e-03, -5.206500e-03, 0.735605
-2.983500e-03, -5.206500e-03, 0.027263
-2.866500e-03, -5.206500e-03, 0.990393
-2.749500e-03, -5.206500e-03, 1.000000
-2.632500e-03, -5.206500e-03, 0.154408
-2.515500e-03, -5.206500e-03, 0.598852
-2.398500e-03, -5.206500e-03, 1.000000
-2.281500e-03, -5.206500e-03, 0.573211
-2.164500e-03, -5.206500e-03, 0.180049
-2.047500e-03, -5.206500e-03, 1.000000
-1.930500e-03, -5.206500e-03, 0.997146
-1.813500e-03, -5.206500e-03, 0.101970
-1.696500e-03, -5.206500e-03, 0.789923
-1.579500e-03, -5.206500e-03, 1.000000
-1.462500e-03, -5.206500e-03, 0.410818
-1.345500e-03, -5.206500e-03, 0.342442
-1.228500e-03, -5.206500e-03, 1.000000
-1.111500e-03, -5.206500e-03, 0.829622
-9.945000e-04, -5.206500e-03, 0.213675
-8.775000e-04, -5.206500e-03, 0.950103
-7.605000e-04, -5.206500e-03, 1.000000
-6.435000e-04, -5.206500e-03, 0.248425
-5.265000e-04, -5.206500e-03, 0.504835
-4.095000e-04, -5.206500e-03, 1.000000
-2.925000e-04, -5.206500e-03, 0.667228
-1.755000e-04, -5.206500e-03, 0.086032
-5.850000e-05, -5.206500e-03, 1.000000
5.850000e-05, -5.206500e-03, 1.000000
1.755000e-04, -5.206500e-03, 0.647061
2.925000e-04, -5.206500e-03, 0.667228
4.095000e-04, -5.206500e-03, 1.000000
5.265000e-04, -5.206500e-03, 0.504835
6.435000e-04, -5.206500e-03, 0.248425
7.605000e-04, -5.206500e-03, 1.000000
8.775000e-04, -5.206500e-03, 0.923639
9.945000e-04, -5.206500e-03, 0.000000
1.111500e-03, -5.206500e-03, 0.829622
1.228500e-03, -5.206500e-03, 1.000000
1.345500e-03, -5.206500e-03, 0.342442
1.462500e-03, -5.206500e-03, 0.410818
1.579500e-03, -5.206500e-03, 1.000000
1.696500e-03, -5.206500e-03, 0.761246
1.813500e-03, -5.206500e-03, 0.013359
1.930500e-03, -5.206500e-03, 0.978656
2.047500e-03, -5.206500e-03, 1.000000
2.164500e-03, -5.206500e-03, 0.514373
2.281500e-03, -5.206500e-03, 0.606895
2.398500e-03, -5.206500e-03, 1.000000
2.515500e-03, -5.206500e-03, 0.598852
2.632500e-03, -5.206500e-03, 0.154408
2.749500e-03, -5.206500e-03, 1.000000
2.866500e-03, -5.206500e-03, 0.990393
2.983500e-03, -5.206500e-03, 0.027263
3.100500e-03, -5.206500e-03, 0.735605
3.217500e-03, -5.206500e-03, 1.000000
3.334500e-03, -5.206500e-03, 0.436459
3.451500e-03, -5.206500e-03, 0.316801
3.568500e-03, -5.206500e-03, 1.000000
3.685500e-03, -5.206500e-03, 0.855263
3.802500e-03, -5.206500e-03, 0.000000
3.919500e-03, -5.206500e-03, 0.900290
4.036500e-03, -5.206500e-03, 1.000000
4.153500e-03, -5.206500e-03, 0.274066
4.270500e-03, -5.206500e-03, 0.479194
4.387500e-03, -5.206500e-03, 1.000000
4.504500e-03, -5.206500e-03, 0.692869
4.621500e-03, -5.206500e-03, 0.061187
4.738500e-03, -5.206500e-03, 0.999204
4.855500e-03, -5.206500e-03, 1.000000
4.972500e-03, -5.206500e-03, 0.111673
5.089500e-03, -5.206500e-03, 0.641587
5.206500e-03, -5.206500e-03, 1.000000
5.323500e-03, -5.206500e-03, 0.530476
5.440500e-03, -5.206500e-03, 0.222784
5.557500e-03, -5.206500e-03, 1.000000
5.674500e-03, -5.206500e-03, 0.948189
5.791500e-03, -5.206500e-03, 0.001091
-5.791500e-03, -5.089500e-03, 0.145299
-5.674500e-03, -5.089500e-03, 1.000000
-5.557500e-03, -5.089500e-03, 0.908750
-5.440500e-03, -5.089500e-03, 0.915836
-5.323500e-03, -5.089500e-03, 1.000000
-5.206500e-03, -5.089500e-03, 1.000000
-5.089500e-03, -5.089500e-03, 1.000000
-4.972500e-03, -5.089500e-03, 1.000000
-4.855500e-03, -5.089500e-03, 0.963571
-4.738500e-03, -5.089500e-03, 0.974048
-4.621500e-03, -5.089500e-03, 1.000000
-4.504500e-03, -5.089500e-03, 0.801556
-4.387500e-03, -5.089500e-03, 0.802969
-4.270500e-03, -5.089500e-03, 0.265956
-4.153500e-03, -5.089500e-03, 0.044703
-4.036500e-03, -5.089500e-03, 0.596116
-3.919500e-03, -5.089500e-03, 0.383509
-3.802500e-03, -5.089500e-03, 0.801756
-3.685500e-03, -5.089500e-03, 0.998632
-3.568500e-03, -5.089500e-03, 0.938987
-3.451500e-03, -5.089500e-03, 1.000000
-3.334500e-03, -5.089500e-03, 0.811034
-3.217500e-03, -5.089500e-03, 0.700008
-3.100500e-03, -5.089500e-03, 0.280023
-2.983500e-03, -5.089500e-03, 0.000000
-2.866500e-03, -5.089500e-03, 0.464285
-2.749500e-03, -5.089500e-03, 0.546445
-2.632500e-03, -5.089500e-03, 0.013599
-2.515500e-03, -5.089500e-03, 0.198356
-2.398500e-03, -5.089500e-03, 0.642370
-2.281500e-03, -5.089500e-03, 0.183602
-2.164500e-03, -5.089500e-03, 0.019059
-2.047500e-03, -5.089500e-03, 0.558617
-1.930500e-03, -5.089500e-03, 0.447479
-1.813500e-03, -5.089500e-03, 0.000000
-1.696500e-03, -5.089500e-03, 0.295893
-1.579500e-03, -5.089500e-03, 0.630652
-1.462500e-03, -5.089500e-03, 0.097784
-1.345500e-03, -5.089500e-03, 0.070271
-1.228500e-03, -5.089500e-03, 0.632563
-1.111500e-03, -5.089500e-03, 0.427198
-9.945000e-04, -5.089500e-03, 0.281759
-8.775000e-04, -5.089500e-03, 0.717335
-7.605000e-04, -5.089500e-03, 0.590533
-6.435000e-04, -5.089500e-03, 0.036833
-5.265000e-04, -5.089500e-03, 0.145124
-4.095000e-04, -5.089500e-03, 0.640641
-2.925000e-04, -5.089500e-03, 0.399549
-1.755000e-04, -5.089500e-03, 0.219569
-5.850000e-05, -5.089500e-03, 0.509910
5.850000e-05, -5.089500e-03, 0.598447
1.755000e-04, -5.089500e-03, 0.527493
2.925000e-04, -5.089500e-03, 0.238564
4.095000e-04, -5.089500e-03, 0.648887
5.265000e-04, -5.089500e-03, 0.145124
6.435000e-04, -5.089500e-03, 0.036833
7.605000e-04, -5.089500e-03, 0.587000
8.775000e-04, -5.089500e-03, 0.400495
9.945000e-04, -5.089500e-03, 0.000000
1.111500e-03, -5.089500e-03, 0.339075
1.228500e-03, -5.089500e-03, 0.616348
1.345500e-03, -5.089500e-03, 0.068906
1.462500e-03, -5.089500e-03, 0.097784
1.579500e-03, -5.089500e-03, 0.630652
1.696500e-03, -5.089500e-03, 0.295893
1.813500e-03, -5.089500e-03, 0.000000
1.930500e-03, -5.089500e-03, 0.446653
2.047500e-03, -5.089500e-03, 0.558617
2.164500e-03, -5.089500e-03, 0.046392
2.281500e-03, -5.089500e-03, 0.648696
2.398500e-03, -5.089500e-03, 0.677604
2.515500e-03, -5.089500e-03, 0.267196
2.632500e-03, -5.089500e-03, 0.263647
2.749500e-03, -5.089500e-03, 0.546445
2.866500e-03, -5.089500e-03, 0.464285
2.983500e-03, -5.089500e-03, 0.000000
3.100500e-03, -5.089500e-03, 0.280023
3.217500e-03, -5.089500e-03, 0.634488
3.334500e-03, -5.089500e-03, 0.109818
3.451500e-03, -5.089500e-03, 0.061421
3.568500e-03, -5.089500e-03, 0.957110
3.685500e-03, -5.089500e-03, 0.550144
3.802500e-03, -5.089500e-03, 0.000000
3.919500e-03, -5.089500e-03, 0.449499
4.036500e-03, -5.089500e-03, 0.596116
4.153500e-03, -5.089500e-03, 0.044703
4.270500e-03, -5.089500e-03, 0.131337
4.387500e-03, -5.089500e-03, 0.639028
4.504500e-03, -5.089500e-03, 0.253964
4.621500e-03, -5.089500e-03, 0.000155
4.738500e-03, -5.089500e-03, 0.493908
4.855500e-03, -5.089500e-03, 0.524306
4.972500e-03, -5.089500e-03, 0.005960
5.089500e-03, -5.089500e-03, 0.223339
5.206500e-03, -5.089500e-03, 0.641587
5.323500e-03, -5.089500e-03, 0.159402
5.440500e-03, -5.089500e-03, 0.029620
5.557500e-03, -5.089500e-03, 0.577051
5.674500e-03, -5.089500e-03, 0.417658
5.791500e-03, -5.089500e-03, 0.000000
-5.791500e-03, -4.972500e-03, 0.145299
-5.674500e-03, -4.972500e-03, 1.000000
-5.557500e-03, -4.972500e-03, 0.612077
-5.440500e-03, -4.972500e-03, 0.628222
-5.323500e-03, -4.972500e-03, 1.000000
-5.206500e-03, -4.972500e-03, 0.937619
-5.089500e-03, -4.972500e-03, 1.000000
-4.972500e-03, -4.972500e-03, 1.000000
-4.855500e-03, -4.972500e-03, 0.991848
-4.738500e-03, -4.972500e-03, 0.804658
-4.621500e-03, -4.972500e-03, 0.980590
-4.504500e-03, -4.972500e-03, 1.000000
-4.387500e-03, -4.972500e-03, 0.937619
-4.270500e-03, -4.972500e-03, 0.987364
-4.153500e-03, -4.972500e-03, 0.353662
-4.036500e-03, -4.972500e-03, 0.000000
-3.919500e-03, -4.972500e-03, 0.000000
-3.802500e-03, -4.972500e-03, 0.208150
-3.685500e-03, -4.972500e-03, 0.761073
-3.568500e-03, -4.972500e-03, 0.795564
-3.451500e-03, -4.972500e-03, 0.988546
-3.334500e-03, -4.972500e-03, 1.000000
-3.217500e-03, -4.972500e-03, 0.846438
-3.100500e-03, -4.972500e-03, 0.099374
-2.983500e-03, -4.972500e-03, 0.000000
-2.866500e-03, -4.972500e-03, 0.000000
-2.749500e-03, -4.972500e-03, 0.000000
-2.632500e-03, -4.972500e-03, 0.000000
-2.515500e-03, -4.972500e-03, 0.003624
-2.398500e-03, -4.972500e-03, 0.112456
-2.281500e-03, -4.972500e-03, 0.002457
-2.164500e-03, -4.972500e-03, 0.000000
-2.047500e-03, -4.972500e-03, 0.074959
-1.930500e-03, -4.972500e-03, 0.043578
-1.813500e-03, -4.972500e-03, 0.000000
-1.696500e-03, -4.972500e-03, 0.000000
-1.579500e-03, -4.972500e-03, 0.000000
-1.462500e-03, -4.972500e-03, 0.000000
-1.345500e-03, -4.972500e-03, 0.481578
-1.228500e-03, -4.972500e-03, 0.863636
-1.111500e-03, -4.972500e-03, 0.214910
-9.945000e-04, -4.972500e-03, 0.266425
-8.775000e-04, -4.972500e-03, 0.298404
-7.605000e-04, -4.972500e-03, 0.448864
-6.435000e-04, -4.972500e-03, 0.213675
-5.265000e-04, -4.972500e-03, 0.213888
-4.095000e-04, -4.972500e-03, 0.324402
-2.925000e-04, -4.972500e-03, 0.718622
-1.755000e-04, -4.972500e-03, 0.720078
-5.850000e-05, -4.972500e-03, 0.000000
5.850000e-05, -4.972500e-03, 0.000000
1.755000e-04, -4.972500e-03, 0.000000
2.925000e-04, -4.972500e-03, 0.466849
4.095000e-04, -4.972500e-03, 0.799304
5.265000e-04, -4.972500e-03, 0.092369
6.435000e-04, -4.972500e-03, 0.016614
7.605000e-04, -4.972500e-03, 0.085627
8.775000e-04, -4.972500e-03, 0.439017
9.945000e-04, -4.972500e-03, 0.721413
1.111500e-03, -4.972500e-03, 0.022054
1.228500e-03, -4.972500e-03, 0.096482
1.345500e-03, -4.972500e-03, 0.000000
1.462500e-03, -4.972500e-03, 0.000000
1.579500e-03, -4.972500e-03, 0.000000
1.696500e-03, -4.972500e-03, 0.000000
1.813500e-03, -4.972500e-03, 0.000000
1.930500e-03, -4.972500e-03, 0.000000
2.047500e-03, -4.972500e-03, 0.000000
2.164500e-03, -4.972500e-03, 0.360379
2.281500e-03, -4.972500e-03, 0.108329
2.398500e-03, -4.972500e-03, 0.139088
2.515500e-03, -4.972500e-03, 0.617710
2.632500e-03, -4.972500e-03, 0.919033
2.749500e-03, -4.972500e-03, 0.071721
2.866500e-03, -4.972500e-03, 0.160191
2.983500e-03, -4.972500e-03, 0.260462
3.100500e-03, -4.972500e-03, 0.000000
3.217500e-03, -4.972500e-03, 0.000000
3.334500e-03, -4.972500e-03, 0.000000
3.451500e-03, -4.972500e-03, 0.000000
3.568500e-03, -4.972500e-03, 0.937086
3.685500e-03, -4.972500e-03, 0.454979
3.802500e-03, -4.972500e-03, 0.000000
3.919500e-03, -4.972500e-03, 0.030255
4.036500e-03, -4.972500e-03, 0.088281
4.153500e-03, -4.972500e-03, 0.000000
4.270500e-03, -4.972500e-03, 0.000000
4.387500e-03, -4.972500e-03, 0.109126
4.504500e-03, -4.972500e-03, 0.009410
4.621500e-03, -4.972500e-03, 0.000000
4.738500e-03, -4.972500e-03, 0.054754
4.855500e-03, -4.972500e-03, 0.063782
4.972500e-03, -4.972500e-03, 0.000000
5.089500e-03, -4.972500e-03, 0.005960
5.206500e-03, -4.972500e-03, 0.111673
5.323500e-03, -4.972500e-03, 0.000903
5.440500e-03, -4.972500e-03, 0.000000
5.557500e-03, -4.972500e-03, 0.000000
5.674500e-03, -4.972500e-03, 0.000000
5.791500e-03, -4.972500e-03, 0.000000
-5.791500e-03, -4.855500e-03, 0.145299
-5.674500e-03, -4.855500e-03, 1.000000
-5.557500e-03, -4.855500e-03, 1.000000
-5.440500e-03, -4.855500e-03, 1.000000
-5.323500e-03, -4.855500e-03, 0.963571
-5.206500e-03, -4.855500e-03, 1.000000
-5.089500e-03, -4.855500e-03, 0.963571
-4.972500e-03, -4.855500e-03, 0.937731
-4.855500e-03, -4.855500e-03, 0.958700
-4.738500e-03, -4.855500e-03, 0.996009
-4.621500e-03, -4.855500e-03, 0.779331
-4.504500e-03, -4.855500e-03, 0.963571
-4.387500e-03, -4.855500e-03, 1.000000
-4.270500e-03, -4.855500e-03, 0.963571
-4.153500e-03, -4.855500e-03, 0.987364
-4.036500e-03, -4.855500e-03, 0.353662
-3.919500e-03, -4.855500e-03, 0.000000
-3.802500e-03, -4.855500e-03, 0.000000
-3.685500e-03, -4.855500e-03, 0.737981
-3.568500e-03, -4.855500e-03, 0.985988
-3.451500e-03, -4.855500e-03, 0.780333
-3.334500e-03, -4.855500e-03, 1.000000
-3.217500e-03, -4.855500e-03, 1.000000
-3.100500e-03, -4.855500e-03, 0.791348
-2.983500e-03, -4.855500e-03, 0.000000
-2.866500e-03, -4.855500e-03, 0.000000
-2.749500e-03, -4.855500e-03, 0.000000
-2.632500e-03, -4.855500e-03, 0.000000
-2.515500e-03, -4.855500e-03, 0.481571
-2.398500e-03, -4.855500e-03, 1.000000
-2.281500e-03, -4.855500e-03, 0.455930
-2.164500e-03, -4.855500e-03, 0.109024
-2.047500e-03, -4.855500e-03, 0.953744
-1.930500e-03, -4.855500e-03, 0.866608
-1.813500e-03, -4.855500e-03, 0.008214
-1.696500e-03, -4.855500e-03, 0.000000
-1.579500e-03, -4.855500e-03, 0.000000
-1.462500e-03, -4.855500e-03, 0.000000
-1.345500e-03, -4.855500e-03, 0.130305
-1.228500e-03, -4.855500e-03, 0.366096
-1.111500e-03, -4.855500e-03, 0.852842
-9.945000e-04, -4.855500e-03, 0.508298
-8.775000e-04, -4.855500e-03, 0.814323
-7.605000e-04, -4.855500e-03, 0.999999
-6.435000e-04, -4.855500e-03, 0.180552
-5.265000e-04, -4.855500e-03, 0.387554
-4.095000e-04, -4.855500e-03, 1.000000
-2.925000e-04, -4.855500e-03, 0.556554
-1.755000e-04, -4.855500e-03, 0.017636
-5.850000e-05, -4.855500e-03, 0.000000
5.850000e-05, -4.855500e-03, 0.000000
1.755000e-04, -4.855500e-03, 0.003731
2.925000e-04, -4.855500e-03, 0.412922
4.095000e-04, -4.855500e-03, 0.285023
5.265000e-04, -4.855500e-03, 0.940585
6.435000e-04, -4.855500e-03, 0.576404
7.605000e-04, -4.855500e-03, 0.972203
8.775000e-04, -4.855500e-03, 0.999964
9.945000e-04, -4.855500e-03, 0.548633
1.111500e-03, -4.855500e-03, 0.712340
1.228500e-03, -4.855500e-03, 0.989951
1.345500e-03, -4.855500e-03, 0.235209
1.462500e-03, -4.855500e-03, 0.000000
1.579500e-03, -4.855500e-03, 0.000000
1.696500e-03, -4.855500e-03, 0.000000
1.813500e-03, -4.855500e-03, 0.000000
1.930500e-03, -4.855500e-03, 0.000000
2.047500e-03, -4.855500e-03, 0.000000
2.164500e-03, -4.855500e-03, 0.370769
2.281500e-03, -4.855500e-03, 0.512511
2.398500e-03, -4.855500e-03, 1.000000
2.515500e-03, -4.855500e-03, 0.788331
2.632500e-03, -4.855500e-03, 0.152436
2.749500e-03, -4.855500e-03, 0.945616
2.866500e-03, -4.855500e-03, 1.000000
2.983500e-03, -4.855500e-03, 0.851322
3.100500e-03, -4.855500e-03, 0.000000
3.217500e-03, -4.855500e-03, 0.000000
3.334500e-03, -4.855500e-03, 0.000000
3.451500e-03, -4.855500e-03, 0.000000
3.568500e-03, -4.855500e-03, 0.507397
3.685500e-03, -4.855500e-03, 0.202326
3.802500e-03, -4.855500e-03, 0.100150
3.919500e-03, -4.855500e-03, 0.863462
4.036500e-03, -4.855500e-03, 0.977920
4.153500e-03, -4.855500e-03, 0.178864
4.270500e-03, -4.855500e-03, 0.361925
4.387500e-03, -4.855500e-03, 0.999987
4.504500e-03, -4.855500e-03, 0.575588
4.621500e-03, -4.855500e-03, 0.033870
4.738500e-03, -4.855500e-03, 0.909239
4.855500e-03, -4.855500e-03, 0.930609
4.972500e-03, -4.855500e-03, 0.063782
5.089500e-03, -4.855500e-03, 0.524306
5.206500e-03, -4.855500e-03, 1.000000
5.323500e-03, -4.855500e-03, 0.413195
5.440500e-03, -4.855500e-03, 0.000000
5.557500e-03, -4.855500e-03, 0.000000
5.674500e-03, -4.855500e-03, 0.000000
5.791500e-03, -4.855500e-03, 0.000000
-5.791500e-03, -4.738500e-03, 0.145299
-5.674500e-03, -4.738500e-03, 1.000000
-5.557500e-03, -4.738500e-03, 1.000000
-5.440500e-03, -4.738500e-03, 1.000000
-5.323500e-03, -4.738500e-03, 0.974048
-5.206500e-03, -4.738500e-03, 1.000000
-5.089500e-03, -4.738500e-03, 0.974048
-4.972500e-03, -4.738500e-03, 0.943408
-4.855500e-03, -4.738500e-03, 0.953636
-4.738500e-03, -4.738500e-03, 0.989436
-4.621500e-03, -4.738500e-03, 0.937985
-4.504500e-03, -4.738500e-03, 0.974048
-4.387500e-03, -4.738500e-03, 1.000000
-4.270500e-03, -4.738500e-03, 0.974048
-4.153500e-03, -4.738500e-03, 1.000000
-4.036500e-03, -4.738500e-03, 0.987364
-3.919500e-03, -4.738500e-03, 0.353662
-3.802500e-03, -4.738500e-03, 0.000000
-3.685500e-03, -4.738500e-03, 0.707583
-3.568500e-03, -4.738500e-03, 0.975137
-3.451500e-03, -4.738500e-03, 0.610215
-3.334500e-03, -4.738500e-03, 1.000000
-3.217500e-03, -4.738500e-03, 1.000000
-3.100500e-03, -4.738500e-03, 0.890000
-2.983500e-03, -4.738500e-03, 0.000000
-2.866500e-03, -4.738500e-03, 0.000000
-2.749500e-03, -4.738500e-03, 0.000000
-2.632500e-03, -4.738500e-03, 0.058228
-2.515500e-03, -4.738500e-03, 0.849184
-2.398500e-03, -4.738500e-03, 0.999842
-2.281500e-03, -4.738500e-03, 0.425690
-2.164500e-03, -4.738500e-03, 0.096489
-2.047500e-03, -4.738500e-03, 0.935880
-1.930500e-03, -4.738500e-03, 1.000000
-1.813500e-03, -4.738500e-03, 0.100007
-1.696500e-03, -4.738500e-03, 0.042735
-1.579500e-03, -4.738500e-03, 0.042735
-1.462500e-03, -4.738500e-03, 0.042735
-1.345500e-03, -4.738500e-03, 0.042735
-1.228500e-03, -4.738500e-03, 0.087990
-1.111500e-03, -4.738500e-03, 0.582190
-9.945000e-04, -4.738500e-03, 0.303400
-8.775000e-04, -4.738500e-03, 0.775959
-7.605000e-04, -4.738500e-03, 0.957846
-6.435000e-04, -4.738500e-03, 0.142899
-5.265000e-04, -4.738500e-03, 0.409923
-4.095000e-04, -4.738500e-03, 0.998579
-2.925000e-04, -4.738500e-03, 0.519549
-1.755000e-04, -4.738500e-03, 0.215165
-5.850000e-05, -4.738500e-03, 0.187447
5.850000e-05, -4.738500e-03, 0.000000
1.755000e-04, -4.738500e-03, 0.014615
2.925000e-04, -4.738500e-03, 0.199060
4.095000e-04, -4.738500e-03, 0.395061
5.265000e-04, -4.738500e-03, 0.348398
6.435000e-04, -4.738500e-03, 0.193380
7.605000e-04, -4.738500e-03, 0.957846
8.775000e-04, -4.738500e-03, 0.778344
9.945000e-04, -4.738500e-03, 0.000000
1.111500e-03, -4.738500e-03, 0.681942
1.228500e-03, -4.738500e-03, 0.980416
1.345500e-03, -4.738500e-03, 0.214347
1.462500e-03, -4.738500e-03, 0.000000
1.579500e-03, -4.738500e-03, 0.000000
1.696500e-03, -4.738500e-03, 0.179149
1.813500e-03, -4.738500e-03, 0.848421
1.930500e-03, -4.738500e-03, 0.090297
2.047500e-03, -4.738500e-03, 0.000000
2.164500e-03, -4.738500e-03, 0.370769
2.281500e-03, -4.738500e-03, 0.482271
2.398500e-03, -4.738500e-03, 0.999832
2.515500e-03, -4.738500e-03, 0.451446
2.632500e-03, -4.738500e-03, 0.080290
2.749500e-03, -4.738500e-03, 0.926438
2.866500e-03, -4.738500e-03, 0.858448
2.983500e-03, -4.738500e-03, 0.047941
3.100500e-03, -4.738500e-03, 0.000000
3.217500e-03, -4.738500e-03, 0.000000
3.334500e-03, -4.738500e-03, 0.000000
3.451500e-03, -4.738500e-03, 0.000000
3.568500e-03, -4.738500e-03, 0.000000
3.685500e-03, -4.738500e-03, 0.000000
3.802500e-03, -4.738500e-03, 0.079999
3.919500e-03, -4.738500e-03, 0.822228
4.036500e-03, -4.738500e-03, 0.964878
4.153500e-03, -4.738500e-03, 0.161508
4.270500e-03, -4.738500e-03, 0.334050
4.387500e-03, -4.738500e-03, 0.997465
4.504500e-03, -4.738500e-03, 0.545190
4.621500e-03, -4.738500e-03, 0.027472
4.738500e-03, -4.738500e-03, 0.885239
4.855500e-03, -4.738500e-03, 0.909239
4.972500e-03, -4.738500e-03, 0.054754
5.089500e-03, -4.738500e-03, 0.493908
5.206500e-03, -4.738500e-03, 0.999204
5.323500e-03, -4.738500e-03, 0.383593
5.440500e-03, -4.738500e-03, 0.000000
5.557500e-03, -4.738500e-03, 0.000000
5.674500e-03, -4.738500e-03, 0.000000
5.791500e-03, -4.738500e-03, 0.000000
-5.791500e-03, -4.621500e-03, 0.144934
-5.674500e-03, -4.621500e-03, 1.000000
-5.557500e-03, -4.621500e-03, 1.000000
-5.440500e-03, -4.621500e-03, 1.000000
-5.323500e-03, -4.621500e-03, 1.000000
-5.206500e-03, -4.621500e-03, 0.937619
-5.089500e-03, -4.621500e-03, 1.000000
-4.972500e-03, -4.621500e-03, 1.000000
-4.855500e-03, -4.621500e-03, 0.994483
-4.738500e-03, -4.621500e-03, 0.913998
-4.621500e-03, -4.621500e-03, 0.964355
-4.504500e-03, -4.621500e-03, 1.000000
-4.387500e-03, -4.621500e-03, 0.937619
-4.270500e-03, -4.621500e-03, 1.000000
-4.153500e-03, -4.621500e-03, 1.000000
-4.036500e-03, -4.621500e-03, 1.000000
-3.919500e-03, -4.621500e-03, 0.987364
-3.802500e-03, -4.621500e-03, 0.353662
-3.685500e-03, -4.621500e-03, 0.008220
-3.568500e-03, -4.621500e-03, 0.053122
-3.451500e-03, -4.621500e-03, 0.416665
-3.334500e-03, -4.621500e-03, 1.000000
-3.217500e-03, -4.621500e-03, 1.000000
-3.100500e-03, -4.621500e-03, 0.890000
-2.983500e-03, -4.621500e-03, 0.000000
-2.866500e-03, -4.621500e-03, 0.000000
-2.749500e-03, -4.621500e-03, 0.000000
-2.632500e-03, -4.621500e-03, 0.625602
-2.515500e-03, -4.621500e-03, 0.921138
-2.398500e-03, -4.621500e-03, 0.179745
-2.281500e-03, -4.621500e-03, 0.000000
-2.164500e-03, -4.621500e-03, 0.000000
-2.047500e-03, -4.621500e-03, 0.042725
-1.930500e-03, -4.621500e-03, 0.130939
-1.813500e-03, -4.621500e-03, 0.365453
-1.696500e-03, -4.621500e-03, 0.384615
-1.579500e-03, -4.621500e-03, 0.384615
-1.462500e-03, -4.621500e-03, 0.448130
-1.345500e-03, -4.621500e-03, 0.572650
-1.228500e-03, -4.621500e-03, 0.572650
-1.111500e-03, -4.621500e-03, 0.567003
-9.945000e-04, -4.621500e-03, 0.403959
-8.775000e-04, -4.621500e-03, 0.415094
-7.605000e-04, -4.621500e-03, 0.449667
-6.435000e-04, -4.621500e-03, 0.401709
-5.265000e-04, -4.621500e-03, 0.401709
-4.095000e-04, -4.621500e-03, 0.462575
-2.925000e-04, -4.621500e-03, 0.366829
-1.755000e-04, -4.621500e-03, 0.794176
-5.850000e-05, -4.621500e-03, 0.603227
5.850000e-05, -4.621500e-03, 0.000000
1.755000e-04, -4.621500e-03, 0.175026
2.925000e-04, -4.621500e-03, 0.096577
4.095000e-04, -4.621500e-03, 0.427972
5.265000e-04, -4.621500e-03, 0.000000
6.435000e-04, -4.621500e-03, 0.000000
7.605000e-04, -4.621500e-03, 0.047958
8.775000e-04, -4.621500e-03, 0.013385
9.945000e-04, -4.621500e-03, 0.209418
1.111500e-03, -4.621500e-03, 0.220281
1.228500e-03, -4.621500e-03, 0.308752
1.345500e-03, -4.621500e-03, 0.220138
1.462500e-03, -4.621500e-03, 0.220865
1.579500e-03, -4.621500e-03, 0.226509
1.696500e-03, -4.621500e-03, 0.312281
1.813500e-03, -4.621500e-03, 0.495349
1.930500e-03, -4.621500e-03, 0.057438
2.047500e-03, -4.621500e-03, 0.132644
2.164500e-03, -4.621500e-03, 0.370769
2.281500e-03, -4.621500e-03, 0.056581
2.398500e-03, -4.621500e-03, 0.061342
2.515500e-03, -4.621500e-03, 0.000000
2.632500e-03, -4.621500e-03, 0.000000
2.749500e-03, -4.621500e-03, 0.038811
2.866500e-03, -4.621500e-03, 0.022531
2.983500e-03, -4.621500e-03, 0.000000
3.100500e-03, -4.621500e-03, 0.000000
3.217500e-03, -4.621500e-03, 0.000000
3.334500e-03, -4.621500e-03, 0.000000
3.451500e-03, -4.621500e-03, 0.000000
3.568500e-03, -4.621500e-03, 0.000000
3.685500e-03, -4.621500e-03, 0.000000
3.802500e-03, -4.621500e-03, 0.002032
3.919500e-03, -4.621500e-03, 0.044824
4.036500e-03, -4.621500e-03, 0.050041
4.153500e-03, -4.621500e-03, 0.000000
4.270500e-03, -4.621500e-03, 0.000000
4.387500e-03, -4.621500e-03, 0.060367
4.504500e-03, -4.621500e-03, 0.000975
4.621500e-03, -4.621500e-03, 0.000000
4.738500e-03, -4.621500e-03, 0.027472
4.855500e-03, -4.621500e-03, 0.033870
4.972500e-03, -4.621500e-03, 0.000000
5.089500e-03, -4.621500e-03, 0.000155
5.206500e-03, -4.621500e-03, 0.061187
5.323500e-03, -4.621500e-03, 0.000000
5.440500e-03, -4.621500e-03, 0.000000
5.557500e-03, -4.621500e-03, 0.000000
5.674500e-03, -4.621500e-03, 0.000000
5.791500e-03, -4.621500e-03, 0.000000
-5.791500e-03, -4.504500e-03, 0.005076
-5.674500e-03, -4.504500e-03, 0.515156
-5.557500e-03, -4.504500e-03, 0.773861
-5.440500e-03, -4.504500e-03, 0.880788
-5.323500e-03, -4.504500e-03, 1.000000
-5.206500e-03, -4.504500e-03, 0.937619
-5.089500e-03, -4.504500e-03, 1.000000
-4.972500e-03, -4.504500e-03, 1.000000
-4.855500e-03, -4.504500e-03, 1.000000
-4.738500e-03, -4.504500e-03, 0.808819
-4.621500e-03, -4.504500e-03, 0.854371
-4.504500e-03, -4.504500e-03, 0.747733
-4.387500e-03, -4.504500e-03, 0.901220
-4.270500e-03, -4.504500e-03, 0.912198
-4.153500e-03, -4.504500e-03, 0.973649
-4.036500e-03, -4.504500e-03, 0.351953
-3.919500e-03, -4.504500e-03, 0.957879
-3.802500e-03, -4.504500e-03, 0.889126
-3.685500e-03, -4.504500e-03, 0.397173
-3.568500e-03, -4.504500e-03, 0.660738
-3.451500e-03, -4.504500e-03, 0.491285
-3.334500e-03, -4.504500e-03, 1.000000
-3.217500e-03, -4.504500e-03, 1.000000
-3.100500e-03, -4.504500e-03, 0.860602
-2.983500e-03, -4.504500e-03, 0.000000
-2.866500e-03, -4.504500e-03, 0.514195
-2.749500e-03, -4.504500e-03, 0.597727
-2.632500e-03, -4.504500e-03, 0.184435
-2.515500e-03, -4.504500e-03, 0.408969
-2.398500e-03, -4.504500e-03, 0.693652
-2.281500e-03, -4.504500e-03, 0.210720
-2.164500e-03, -4.504500e-03, 0.026015
-2.047500e-03, -4.504500e-03, 0.611083
-1.930500e-03, -4.504500e-03, 0.764848
-1.813500e-03, -4.504500e-03, 0.125078
-1.696500e-03, -4.504500e-03, 0.000000
-1.579500e-03, -4.504500e-03, 0.085231
-1.462500e-03, -4.504500e-03, 0.220638
-1.345500e-03, -4.504500e-03, 0.109831
-1.228500e-03, -4.504500e-03, 0.693271
-1.111500e-03, -4.504500e-03, 0.415381
-9.945000e-04, -4.504500e-03, 0.027059
-8.775000e-04, -4.504500e-03, 0.518298
-7.605000e-04, -4.504500e-03, 0.663923
-6.435000e-04, -4.504500e-03, 0.072936
-5.265000e-04, -4.504500e-03, 0.194377
-4.095000e-04, -4.504500e-03, 0.717564
-2.925000e-04, -4.504500e-03, 0.360907
-1.755000e-04, -4.504500e-03, 0.714531
-5.850000e-05, -4.504500e-03, 0.252655
5.850000e-05, -4.504500e-03, 0.170772
1.755000e-04, -4.504500e-03, 0.131411
2.925000e-04, -4.504500e-03, 0.300979
4.095000e-04, -4.504500e-03, 0.925083
5.265000e-04, -4.504500e-03, 0.181034
6.435000e-04, -4.504500e-03, 0.047295
7.605000e-04, -4.504500e-03, 0.641816
8.775000e-04, -4.504500e-03, 0.768179
9.945000e-04, -4.504500e-03, 0.069734
1.111500e-03, -4.504500e-03, 0.379342
1.228500e-03, -4.504500e-03, 0.921123
1.345500e-03, -4.504500e-03, 0.454277
1.462500e-03, -4.504500e-03, 0.611097
1.579500e-03, -4.504500e-03, 0.680331
1.696500e-03, -4.504500e-03, 0.189393
1.813500e-03, -4.504500e-03, 0.105010
1.930500e-03, -4.504500e-03, 0.621389
2.047500e-03, -4.504500e-03, 0.951792
2.164500e-03, -4.504500e-03, 0.396784
2.281500e-03, -4.504500e-03, 0.267301
2.398500e-03, -4.504500e-03, 0.693652
2.515500e-03, -4.504500e-03, 0.226790
2.632500e-03, -4.504500e-03, 0.019240
2.749500e-03, -4.504500e-03, 0.597727
2.866500e-03, -4.504500e-03, 0.722266
2.983500e-03, -4.504500e-03, 0.366463
3.100500e-03, -4.504500e-03, 0.000000
3.217500e-03, -4.504500e-03, 0.000000
3.334500e-03, -4.504500e-03, 0.000000
3.451500e-03, -4.504500e-03, 0.073251
3.568500e-03, -4.504500e-03, 0.660738
3.685500e-03, -4.504500e-03, 0.397173
3.802500e-03, -4.504500e-03, 0.405758
3.919500e-03, -4.504500e-03, 0.928397
4.036500e-03, -4.504500e-03, 0.647398
4.153500e-03, -4.504500e-03, 0.056481
4.270500e-03, -4.504500e-03, 0.153634
4.387500e-03, -4.504500e-03, 0.690310
4.504500e-03, -4.504500e-03, 0.287218
4.621500e-03, -4.504500e-03, 0.000975
4.738500e-03, -4.504500e-03, 0.545190
4.855500e-03, -4.504500e-03, 0.575588
4.972500e-03, -4.504500e-03, 0.009410
5.089500e-03, -4.504500e-03, 0.253964
5.206500e-03, -4.504500e-03, 0.692869
5.323500e-03, -4.504500e-03, 0.184329
5.440500e-03, -4.504500e-03, 0.038767
5.557500e-03, -4.504500e-03, 0.628333
5.674500e-03, -4.504500e-03, 0.464061
5.791500e-03, -4.504500e-03, 0.000000
-5.791500e-03, -4.387500e-03, 0.001091
-5.674500e-03, -4.387500e-03, 0.945630
-5.557500e-03, -4.387500e-03, 1.000000
-5.440500e-03, -4.387500e-03, 0.765932
-5.323500e-03, -4.387500e-03, 0.937619
-5.206500e-03, -4.387500e-03, 1.000000
-5.089500e-03, -4.387500e-03, 0.937619
-4.972500e-03, -4.387500e-03, 1.000000
-4.855500e-03, -4.387500e-03, 1.000000
-4.738500e-03, -4.387500e-03, 0.827153
-4.621500e-03, -4.387500e-03, 0.543702
-4.504500e-03, -4.387500e-03, 0.852292
-4.387500e-03, -4.387500e-03, 1.000000
-4.270500e-03, -4.387500e-03, 0.867464
-4.153500e-03, -4.387500e-03, 1.000000
-4.036500e-03, -4.387500e-03, 0.781404
-3.919500e-03, -4.387500e-03, 1.000000
-3.802500e-03, -4.387500e-03, 0.903723
-3.685500e-03, -4.387500e-03, 0.853041
-3.568500e-03, -4.387500e-03, 1.000000
-3.451500e-03, -4.387500e-03, 0.727965
-3.334500e-03, -4.387500e-03, 1.000000
-3.217500e-03, -4.387500e-03, 0.982483
-3.100500e-03, -4.387500e-03, 0.209642
-2.983500e-03, -4.387500e-03, 0.027263
-2.866500e-03, -4.387500e-03, 0.987834
-2.749500e-03, -4.387500e-03, 1.000000
-2.632500e-03, -4.387500e-03, 0.201513
-2.515500e-03, -4.387500e-03, 0.596293
-2.398500e-03, -4.387500e-03, 1.000000
-2.281500e-03, -4.387500e-03, 0.570652
-2.164500e-03, -4.387500e-03, 0.177490
-2.047500e-03, -4.387500e-03, 1.000000
-1.930500e-03, -4.387500e-03, 0.979963
-1.813500e-03, -4.387500e-03, 0.030202
-1.696500e-03, -4.387500e-03, 0.085231
-1.579500e-03, -4.387500e-03, 0.216951
-1.462500e-03, -4.387500e-03, 0.000000
-1.345500e-03, -4.387500e-03, 0.339883
-1.228500e-03, -4.387500e-03, 1.000000
-1.111500e-03, -4.387500e-03, 0.907090
-9.945000e-04, -4.387500e-03, 0.031271
-8.775000e-04, -4.387500e-03, 0.956619
-7.605000e-04, -4.387500e-03, 1.000000
-6.435000e-04, -4.387500e-03, 0.245866
-5.265000e-04, -4.387500e-03, 0.502276
-4.095000e-04, -4.387500e-03, 1.000000
-2.925000e-04, -4.387500e-03, 0.718172
-1.755000e-04, -4.387500e-03, 0.604737
-5.850000e-05, -4.387500e-03, 0.451769
5.850000e-05, -4.387500e-03, 0.131411
1.755000e-04, -4.387500e-03, 0.000000
2.925000e-04, -4.387500e-03, 0.664669
4.095000e-04, -4.387500e-03, 1.000000
5.265000e-04, -4.387500e-03, 0.502276
6.435000e-04, -4.387500e-03, 0.245866
7.605000e-04, -4.387500e-03, 1.000000
8.775000e-04, -4.387500e-03, 0.941789
9.945000e-04, -4.387500e-03, 0.000000
1.111500e-03, -4.387500e-03, 0.827063
1.228500e-03, -4.387500e-03, 1.000000
1.345500e-03, -4.387500e-03, 0.429531
1.462500e-03, -4.387500e-03, 0.406444
1.579500e-03, -4.387500e-03, 0.207965
1.696500e-03, -4.387500e-03, 0.856684
1.813500e-03, -4.387500e-03, 0.546600
1.930500e-03, -4.387500e-03, 0.976097
2.047500e-03, -4.387500e-03, 1.000000
2.164500e-03, -4.387500e-03, 0.552491
2.281500e-03, -4.387500e-03, 0.625400
2.398500e-03, -4.387500e-03, 1.000000
2.515500e-03, -4.387500e-03, 0.596293
2.632500e-03, -4.387500e-03, 0.151849
2.749500e-03, -4.387500e-03, 1.000000
2.866500e-03, -4.387500e-03, 0.988571
2.983500e-03, -4.387500e-03, 0.296053
3.100500e-03, -4.387500e-03, 0.000000
3.217500e-03, -4.387500e-03, 0.000000
3.334500e-03, -4.387500e-03, 0.000000
3.451500e-03, -4.387500e-03, 0.314242
3.568500e-03, -4.387500e-03, 1.000000
3.685500e-03, -4.387500e-03, 0.891246
3.802500e-03, -4.387500e-03, 0.086100
3.919500e-03, -4.387500e-03, 0.927760
4.036500e-03, -4.387500e-03, 1.000000
4.153500e-03, -4.387500e-03, 0.271507
4.270500e-03, -4.387500e-03, 0.476635
4.387500e-03, -4.387500e-03, 1.000000
4.504500e-03, -4.387500e-03, 0.778228
4.621500e-03, -4.387500e-03, 0.060848
4.738500e-03, -4.387500e-03, 0.997465
4.855500e-03, -4.387500e-03, 0.999987
4.972500e-03, -4.387500e-03, 0.109126
5.089500e-03, -4.387500e-03, 0.639028
5.206500e-03, -4.387500e-03, 1.000000
5.323500e-03, -4.387500e-03, 0.527917
5.440500e-03, -4.387500e-03, 0.220225
5.557500e-03, -4.387500e-03, 1.000000
5.674500e-03, -4.387500e-03, 0.945630
5.791500e-03, -4.387500e-03, 0.001091
-5.791500e-03, -4.270500e-03, 0.000000
-5.674500e-03, -4.270500e-03, 0.275688
-5.557500e-03, -4.270500e-03, 0.414658
-5.440500e-03, -4.270500e-03, 0.563321
-5.323500e-03, -4.270500e-03, 1.000000
-5.206500e-03, -4.270500e-03, 0.937619
-5.089500e-03, -4.270500e-03, 1.000000
-4.972500e-03, -4.270500e-03, 1.000000
-4.855500e-03, -4.270500e-03, 1.000000
-4.738500e-03, -4.270500e-03, 0.786116
-4.621500e-03, -4.270500e-03, 0.987057
-4.504500e-03, -4.270500e-03, 0.597031
-4.387500e-03, -4.270500e-03, 0.898705
-4.270500e-03, -4.270500e-03, 0.928618
-4.153500e-03, -4.270500e-03, 1.000000
-4.036500e-03, -4.270500e-03, 1.000000
-3.919500e-03, -4.270500e-03, 1.000000
-3.802500e-03, -4.270500e-03, 1.000000
-3.685500e-03, -4.270500e-03, 0.721889
-3.568500e-03, -4.270500e-03, 0.895901
-3.451500e-03, -4.270500e-03, 0.443368
-3.334500e-03, -4.270500e-03, 1.000000
-3.217500e-03, -4.270500e-03, 0.946197
-3.100500e-03, -4.270500e-03, 0.000000
-2.983500e-03, -4.270500e-03, 0.000000
-2.866500e-03, -4.270500e-03, 0.311211
-2.749500e-03, -4.270500e-03, 0.556238
-2.632500e-03, -4.270500e-03, 0.505259
-2.515500e-03, -4.270500e-03, 0.224359
-2.398500e-03, -4.270500e-03, 1.000000
-2.281500e-03, -4.270500e-03, 0.245026
-2.164500e-03, -4.270500e-03, 0.002007
-2.047500e-03, -4.270500e-03, 0.396224
-1.930500e-03, -4.270500e-03, 0.297743
-1.813500e-03, -4.270500e-03, 0.085231
-1.696500e-03, -4.270500e-03, 0.216951
-1.579500e-03, -4.270500e-03, 0.000000
-1.462500e-03, -4.270500e-03, 0.000103
-1.345500e-03, -4.270500e-03, 0.220104
-1.228500e-03, -4.270500e-03, 0.667630
-1.111500e-03, -4.270500e-03, 0.430212
-9.945000e-04, -4.270500e-03, 0.213675
-8.775000e-04, -4.270500e-03, 0.476365
-7.605000e-04, -4.270500e-03, 0.638282
-6.435000e-04, -4.270500e-03, 0.222353
-5.265000e-04, -4.270500e-03, 0.289005
-4.095000e-04, -4.270500e-03, 0.711128
-2.925000e-04, -4.270500e-03, 0.674374
-1.755000e-04, -4.270500e-03, 0.428103
-5.850000e-05, -4.270500e-03, 0.343597
5.850000e-05, -4.270500e-03, 0.538599
1.755000e-04, -4.270500e-03, 0.597996
2.925000e-04, -4.270500e-03, 0.142397
4.095000e-04, -4.270500e-03, 0.478248
5.265000e-04, -4.270500e-03, 0.075330
6.435000e-04, -4.270500e-03, 0.008678
7.605000e-04, -4.270500e-03, 0.424607
8.775000e-04, -4.270500e-03, 0.262690
9.945000e-04, -4.270500e-03, 0.000000
1.111500e-03, -4.270500e-03, 0.216537
1.228500e-03, -4.270500e-03, 0.534111
1.345500e-03, -4.270500e-03, 0.414032
1.462500e-03, -4.270500e-03, 0.856409
1.579500e-03, -4.270500e-03, 0.390301
1.696500e-03, -4.270500e-03, 0.211555
1.813500e-03, -4.270500e-03, 0.147261
1.930500e-03, -4.270500e-03, 0.297743
2.047500e-03, -4.270500e-03, 0.463057
2.164500e-03, -4.270500e-03, 0.782456
2.281500e-03, -4.270500e-03, 0.182265
2.398500e-03, -4.270500e-03, 0.809772
2.515500e-03, -4.270500e-03, 0.133766
2.632500e-03, -4.270500e-03, 0.000711
2.749500e-03, -4.270500e-03, 0.394464
2.866500e-03, -4.270500e-03, 0.311211
2.983500e-03, -4.270500e-03, 0.000000
3.100500e-03, -4.270500e-03, 0.000000
3.217500e-03, -4.270500e-03, 0.000000
3.334500e-03, -4.270500e-03, 0.000000
3.451500e-03, -4.270500e-03, 0.020023
3.568500e-03, -4.270500e-03, 0.451971
3.685500e-03, -4.270500e-03, 0.429553
3.802500e-03, -4.270500e-03, 0.000000
3.919500e-03, -4.270500e-03, 0.249868
4.036500e-03, -4.270500e-03, 0.433723
4.153500e-03, -4.270500e-03, 0.012384
4.270500e-03, -4.270500e-03, 0.065706
4.387500e-03, -4.270500e-03, 0.552835
4.504500e-03, -4.270500e-03, 0.995803
4.621500e-03, -4.270500e-03, 0.380684
4.738500e-03, -4.270500e-03, 0.334050
4.855500e-03, -4.270500e-03, 0.361925
4.972500e-03, -4.270500e-03, 0.000000
5.089500e-03, -4.270500e-03, 0.131867
5.206500e-03, -4.270500e-03, 0.550143
5.323500e-03, -4.270500e-03, 0.085444
5.440500e-03, -4.270500e-03, 0.005628
5.557500e-03, -4.270500e-03, 0.414658
5.674500e-03, -4.270500e-03, 0.275688
5.791500e-03, -4.270500e-03, 0.000000
-5.791500e-03, -4.153500e-03, 0.000000
-5.674500e-03, -4.153500e-03, 0.125939
-5.557500e-03, -4.153500e-03, 0.383732
-5.440500e-03, -4.153500e-03, 0.580040
-5.323500e-03, -4.153500e-03, 0.999989
-5.206500e-03, -4.153500e-03, 0.901642
-5.089500e-03, -4.153500e-03, 0.999715
-4.972500e-03, -4.153500e-03, 1.000000
-4.855500e-03, -4.153500e-03, 0.963571
-4.738500e-03, -4.153500e-03, 0.914435
-4.621500e-03, -4.153500e-03, 0.776583
-4.504500e-03, -4.153500e-03, 0.662829
-4.387500e-03, -4.153500e-03, 0.836253
-4.270500e-03, -4.153500e-03, 0.996851
-4.153500e-03, -4.153500e-03, 1.000000
-4.036500e-03, -4.153500e-03, 0.698906
-3.919500e-03, -4.153500e-03, 0.748817
-3.802500e-03, -4.153500e-03, 1.000000
-3.685500e-03, -4.153500e-03, 0.716736
-3.568500e-03, -4.153500e-03, 0.890323
-3.451500e-03, -4.153500e-03, 0.418034
-3.334500e-03, -4.153500e-03, 1.000000
-3.217500e-03, -4.153500e-03, 0.946197
-3.100500e-03, -4.153500e-03, 0.000000
-2.983500e-03, -4.153500e-03, 0.000000
-2.866500e-03, -4.153500e-03, 0.000000
-2.749500e-03, -4.153500e-03, 0.000000
-2.632500e-03, -4.153500e-03, 0.236263
-2.515500e-03, -4.153500e-03, 0.494120
-2.398500e-03, -4.153500e-03, 0.380247
-2.281500e-03, -4.153500e-03, 0.556001
-2.164500e-03, -4.153500e-03, 0.062980
-2.047500e-03, -4.153500e-03, 0.202329
-1.930500e-03, -4.153500e-03, 0.346045
-1.813500e-03, -4.153500e-03, 0.226576
-1.696500e-03, -4.153500e-03, 0.073280
-1.579500e-03, -4.153500e-03, 0.327748
-1.462500e-03, -4.153500e-03, 0.411173
-1.345500e-03, -4.153500e-03, 0.759003
-1.228500e-03, -4.153500e-03, 0.690723
-1.111500e-03, -4.153500e-03, 0.722737
-9.945000e-04, -4.153500e-03, 0.798355
-8.775000e-04, -4.153500e-03, 0.698418
-7.605000e-04, -4.153500e-03, 0.730402
-6.435000e-04, -4.153500e-03, 0.682917
-5.265000e-04, -4.153500e-03, 0.057654
-4.095000e-04, -4.153500e-03, 0.273120
-2.925000e-04, -4.153500e-03, 0.050504
-1.755000e-04, -4.153500e-03, 0.000000
-5.850000e-05, -4.153500e-03, 0.170186
5.850000e-05, -4.153500e-03, 0.474925
1.755000e-04, -4.153500e-03, 0.398432
2.925000e-04, -4.153500e-03, 0.050504
4.095000e-04, -4.153500e-03, 0.273120
5.265000e-04, -4.153500e-03, 0.016748
6.435000e-04, -4.153500e-03, 0.000000
7.605000e-04, -4.153500e-03, 0.000000
8.775000e-04, -4.153500e-03, 0.000000
9.945000e-04, -4.153500e-03, 0.000000
1.111500e-03, -4.153500e-03, 0.105335
1.228500e-03, -4.153500e-03, 0.506100
1.345500e-03, -4.153500e-03, 0.268246
1.462500e-03, -4.153500e-03, 0.517778
1.579500e-03, -4.153500e-03, 0.658071
1.696500e-03, -4.153500e-03, 0.414200
1.813500e-03, -4.153500e-03, 0.988353
1.930500e-03, -4.153500e-03, 0.195213
2.047500e-03, -4.153500e-03, 0.320581
2.164500e-03, -4.153500e-03, 0.774467
2.281500e-03, -4.153500e-03, 0.099820
2.398500e-03, -4.153500e-03, 0.427350
2.515500e-03, -4.153500e-03, 0.000000
2.632500e-03, -4.153500e-03, 0.022231
2.749500e-03, -4.153500e-03, 0.934620
2.866500e-03, -4.153500e-03, 0.349747
2.983500e-03, -4.153500e-03, 0.000000
3.100500e-03, -4.153500e-03, 0.000000
3.217500e-03, -4.153500e-03, 0.000000
3.334500e-03, -4.153500e-03, 0.000000
3.451500e-03, -4.153500e-03, 0.000000
3.568500e-03, -4.153500e-03, 0.000000
3.685500e-03, -4.153500e-03, 0.000000
3.802500e-03, -4.153500e-03, 0.111782
3.919500e-03, -4.153500e-03, 0.005593
4.036500e-03, -4.153500e-03, 0.230735
4.153500e-03, -4.153500e-03, 0.014666
4.270500e-03, -4.153500e-03, 0.012384
4.387500e-03, -4.153500e-03, 0.271507
4.504500e-03, -4.153500e-03, 0.402958
4.621500e-03, -4.153500e-03, 0.132162
4.738500e-03, -4.153500e-03, 0.000000
4.855500e-03, -4.153500e-03, 0.000000
4.972500e-03, -4.153500e-03, 0.000000
5.089500e-03, -4.153500e-03, 0.044703
5.206500e-03, -4.153500e-03, 0.274066
5.323500e-03, -4.153500e-03, 0.021603
5.440500e-03, -4.153500e-03, 0.000000
5.557500e-03, -4.153500e-03, 0.214433
5.674500e-03, -4.153500e-03, 0.125939
5.791500e-03, -4.153500e-03, 0.000000
-5.791500e-03, -4.036500e-03, 0.001091
-5.674500e-03, -4.036500e-03, 0.902718
-5.557500e-03, -4.036500e-03, 1.000000
-5.440500e-03, -4.036500e-03, 0.775640
-5.323500e-03, -4.036500e-03, 0.905449
-5.206500e-03, -4.036500e-03, 1.000000
-5.089500e-03, -4.036500e-03, 0.906126
-4.972500e-03, -4.036500e-03, 0.941569
-4.855500e-03, -4.036500e-03, 1.000000
-4.738500e-03, -4.036500e-03, 1.000000
-4.621500e-03, -4.036500e-03, 0.941569
-4.504500e-03, -4.036500e-03, 0.808510
-4.387500e-03, -4.036500e-03, 1.000000
-4.270500e-03, -4.036500e-03, 0.889149
-4.153500e-03, -4.036500e-03, 1.000000
-4.036500e-03, -4.036500e-03, 0.788062
-3.919500e-03, -4.036500e-03, 0.829100
-3.802500e-03, -4.036500e-03, 1.000000
-3.685500e-03, -4.036500e-03, 0.647860
-3.568500e-03, -4.036500e-03, 0.960133
-3.451500e-03, -4.036500e-03, 0.421004
-3.334500e-03, -4.036500e-03, 1.000000
-3.217500e-03, -4.036500e-03, 0.885081
-3.100500e-03, -4.036500e-03, 0.000000
-2.983500e-03, -4.036500e-03, 0.000000
-2.866500e-03, -4.036500e-03, 0.000000
-2.749500e-03, -4.036500e-03, 0.000000
-2.632500e-03, -4.036500e-03, 0.000000
-2.515500e-03, -4.036500e-03, 0.185137
-2.398500e-03, -4.036500e-03, 0.413721
-2.281500e-03, -4.036500e-03, 0.784910
-2.164500e-03, -4.036500e-03, 0.264254
-2.047500e-03, -4.036500e-03, 0.989951
-1.930500e-03, -4.036500e-03, 1.000000
-1.813500e-03, -4.036500e-03, 0.055092
-1.696500e-03, -4.036500e-03, 0.715774
-1.579500e-03, -4.036500e-03, 1.000000
-1.462500e-03, -4.036500e-03, 0.780391
-1.345500e-03, -4.036500e-03, 0.901385
-1.228500e-03, -4.036500e-03, 1.000000
-1.111500e-03, -4.036500e-03, 0.940875
-9.945000e-04, -4.036500e-03, 0.957978
-8.775000e-04, -4.036500e-03, 0.969075
-7.605000e-04, -4.036500e-03, 0.997307
-6.435000e-04, -4.036500e-03, 0.956893
-5.265000e-04, -4.036500e-03, 0.602270
-4.095000e-04, -4.036500e-03, 1.000000
-2.925000e-04, -4.036500e-03, 0.626494
-1.755000e-04, -4.036500e-03, 0.068358
-5.850000e-05, -4.036500e-03, 0.972203
5.850000e-05, -4.036500e-03, 0.972203
1.755000e-04, -4.036500e-03, 0.073095
2.925000e-04, -4.036500e-03, 0.621757
4.095000e-04, -4.036500e-03, 1.000000
5.265000e-04, -4.036500e-03, 0.464101
6.435000e-04, -4.036500e-03, 0.000000
7.605000e-04, -4.036500e-03, 0.000000
8.775000e-04, -4.036500e-03, 0.000000
9.945000e-04, -4.036500e-03, 0.000000
1.111500e-03, -4.036500e-03, 0.784150
1.228500e-03, -4.036500e-03, 1.000000
1.345500e-03, -4.036500e-03, 0.510646
1.462500e-03, -4.036500e-03, 0.365935
1.579500e-03, -4.036500e-03, 1.000000
1.696500e-03, -4.036500e-03, 0.737795
1.813500e-03, -4.036500e-03, 0.437532
1.930500e-03, -4.036500e-03, 0.933351
2.047500e-03, -4.036500e-03, 0.989951
2.164500e-03, -4.036500e-03, 0.681705
2.281500e-03, -4.036500e-03, 0.070799
2.398500e-03, -4.036500e-03, 0.438006
2.515500e-03, -4.036500e-03, 0.000000
2.632500e-03, -4.036500e-03, 0.122949
2.749500e-03, -4.036500e-03, 0.995627
2.866500e-03, -4.036500e-03, 0.947218
2.983500e-03, -4.036500e-03, 0.024966
3.100500e-03, -4.036500e-03, 0.000000
3.217500e-03, -4.036500e-03, 0.000000
3.334500e-03, -4.036500e-03, 0.000000
3.451500e-03, -4.036500e-03, 0.000000
3.568500e-03, -4.036500e-03, 0.000000
3.685500e-03, -4.036500e-03, 0.000000
3.802500e-03, -4.036500e-03, 0.270827
3.919500e-03, -4.036500e-03, 0.644466
4.036500e-03, -4.036500e-03, 0.284125
4.153500e-03, -4.036500e-03, 0.014472
4.270500e-03, -4.036500e-03, 0.433723
4.387500e-03, -4.036500e-03, 1.000000
4.504500e-03, -4.036500e-03, 0.647398
4.621500e-03, -4.036500e-03, 0.000000
4.738500e-03, -4.036500e-03, 0.000000
4.855500e-03, -4.036500e-03, 0.000000
4.972500e-03, -4.036500e-03, 0.000000
5.089500e-03, -4.036500e-03, 0.596116
5.206500e-03, -4.036500e-03, 1.000000
5.323500e-03, -4.036500e-03, 0.485005
5.440500e-03, -4.036500e-03, 0.182216
5.557500e-03, -4.036500e-03, 0.995096
5.674500e-03, -4.036500e-03, 0.902718
5.791500e-03, -4.036500e-03, 0.001091
-5.791500e-03, -3.919500e-03, 0.000000
-5.674500e-03, -3.919500e-03, 0.656724
-5.557500e-03, -3.919500e-03, 0.854048
-5.440500e-03, -3.919500e-03, 0.829059
-5.323500e-03, -3.919500e-03, 0.903365
-5.206500e-03, -3.919500e-03, 0.988949
-5.089500e-03, -3.919500e-03, 0.903492
-4.972500e-03, -3.919500e-03, 0.996050
-4.855500e-03, -3.919500e-03, 0.983956
-4.738500e-03, -3.919500e-03, 0.985886
-4.621500e-03, -3.919500e-03, 0.996050
-4.504500e-03, -3.919500e-03, 0.899762
-4.387500e-03, -3.919500e-03, 0.951649
-4.270500e-03, -3.919500e-03, 0.904953
-4.153500e-03, -3.919500e-03, 1.000000
-4.036500e-03, -3.919500e-03, 1.000000
-3.919500e-03, -3.919500e-03, 1.000000
-3.802500e-03, -3.919500e-03, 1.000000
-3.685500e-03, -3.919500e-03, 0.751527
-3.568500e-03, -3.919500e-03, 0.999364
-3.451500e-03, -3.919500e-03, 0.470988
-3.334500e-03, -3.919500e-03, 0.833118
-3.217500e-03, -3.919500e-03, 0.177955
-3.100500e-03, -3.919500e-03, 0.000000
-2.983500e-03, -3.919500e-03, 0.000000
-2.866500e-03, -3.919500e-03, 0.000000
-2.749500e-03, -3.919500e-03, 0.000000
-2.632500e-03, -3.919500e-03, 0.000000
-2.515500e-03, -3.919500e-03, 0.000000
-2.398500e-03, -3.919500e-03, 0.000000
-2.281500e-03, -3.919500e-03, 0.000000
-2.164500e-03, -3.919500e-03, 0.060886
-2.047500e-03, -3.919500e-03, 0.815027
-1.930500e-03, -3.919500e-03, 0.696510
-1.813500e-03, -3.919500e-03, 0.000166
-1.696500e-03, -3.919500e-03, 0.486745
-1.579500e-03, -3.919500e-03, 0.887062
-1.462500e-03, -3.919500e-03, 0.505278
-1.345500e-03, -3.919500e-03, 0.963190
-1.228500e-03, -3.919500e-03, 0.930100
-1.111500e-03, -3.919500e-03, 0.845002
-9.945000e-04, -3.919500e-03, 0.601147
-8.775000e-04, -3.919500e-03, 0.994352
-7.605000e-04, -3.919500e-03, 0.955841
-6.435000e-04, -3.919500e-03, 0.910967
-5.265000e-04, -3.919500e-03, 0.413136
-4.095000e-04, -3.919500e-03, 0.920550
-2.925000e-04, -3.919500e-03, 0.731658
-1.755000e-04, -3.919500e-03, 0.019975
-5.850000e-05, -3.919500e-03, 0.766320
5.850000e-05, -3.919500e-03, 0.965812
1.755000e-04, -3.919500e-03, 0.170332
2.925000e-04, -3.919500e-03, 0.405308
4.095000e-04, -3.919500e-03, 0.942313
5.265000e-04, -3.919500e-03, 0.574817
6.435000e-04, -3.919500e-03, 0.000000
7.605000e-04, -3.919500e-03, 0.000000
8.775000e-04, -3.919500e-03, 0.000000
9.945000e-04, -3.919500e-03, 0.000000
1.111500e-03, -3.919500e-03, 0.547459
1.228500e-03, -3.919500e-03, 0.872758
1.345500e-03, -3.919500e-03, 0.410518
1.462500e-03, -3.919500e-03, 0.198783
1.579500e-03, -3.919500e-03, 0.887062
1.696500e-03, -3.919500e-03, 0.599973
1.813500e-03, -3.919500e-03, 0.166832
1.930500e-03, -3.919500e-03, 0.696510
2.047500e-03, -3.919500e-03, 0.826189
2.164500e-03, -3.919500e-03, 0.697775
2.281500e-03, -3.919500e-03, 0.412101
2.398500e-03, -3.919500e-03, 0.273207
2.515500e-03, -3.919500e-03, 0.000000
2.632500e-03, -3.919500e-03, 0.048852
2.749500e-03, -3.919500e-03, 0.802855
2.866500e-03, -3.919500e-03, 0.718586
2.983500e-03, -3.919500e-03, 0.002297
3.100500e-03, -3.919500e-03, 0.000000
3.217500e-03, -3.919500e-03, 0.000000
3.334500e-03, -3.919500e-03, 0.000000
3.451500e-03, -3.919500e-03, 0.000000
3.568500e-03, -3.919500e-03, 0.000000
3.685500e-03, -3.919500e-03, 0.000000
3.802500e-03, -3.919500e-03, 0.141289
3.919500e-03, -3.919500e-03, 0.033606
4.036500e-03, -3.919500e-03, 0.266612
4.153500e-03, -3.919500e-03, 0.014858
4.270500e-03, -3.919500e-03, 0.249868
4.387500e-03, -3.919500e-03, 0.895439
4.504500e-03, -3.919500e-03, 0.427284
4.621500e-03, -3.919500e-03, 0.000000
4.738500e-03, -3.919500e-03, 0.000000
4.855500e-03, -3.919500e-03, 0.000000
4.972500e-03, -3.919500e-03, 0.000000
5.089500e-03, -3.919500e-03, 0.383509
5.206500e-03, -3.919500e-03, 0.897998
5.323500e-03, -3.919500e-03, 0.291083
5.440500e-03, -3.919500e-03, 0.082405
5.557500e-03, -3.919500e-03, 0.833462
5.674500e-03, -3.919500e-03, 0.656724
5.791500e-03, -3.919500e-03, 0.000000
-5.791500e-03, -3.802500e-03, 0.117200
-5.674500e-03, -3.802500e-03, 0.825043
-5.557500e-03, -3.802500e-03, 0.913075
-5.440500e-03, -3.802500e-03, 1.000000
-5.323500e-03, -3.802500e-03, 0.987340
-5.206500e-03, -3.802500e-03, 0.762994
-5.089500e-03, -3.802500e-03, 0.972468
-4.972500e-03, -3.802500e-03, 1.000000
-4.855500e-03, -3.802500e-03, 0.979485
-4.738500e-03, -3.802500e-03, 0.988162
-4.621500e-03, -3.802500e-03, 1.000000
-4.504500e-03, -3.802500e-03, 0.996850
-4.387500e-03, -3.802500e-03, 1.000000
-4.270500e-03, -3.802500e-03, 1.000000
-4.153500e-03, -3.802500e-03, 1.000000
-4.036500e-03, -3.802500e-03, 1.000000
-3.919500e-03, -3.802500e-03, 0.916975
-3.802500e-03, -3.802500e-03, 1.000000
-3.685500e-03, -3.802500e-03, 0.960290
-3.568500e-03, -3.802500e-03, 0.207080
-3.451500e-03, -3.802500e-03, 0.000000
-3.334500e-03, -3.802500e-03, 0.000000
-3.217500e-03, -3.802500e-03, 0.000000
-3.100500e-03, -3.802500e-03, 0.000000
-2.983500e-03, -3.802500e-03, 0.000000
-2.866500e-03, -3.802500e-03, 0.000000
-2.749500e-03, -3.802500e-03, 0.000000
-2.632500e-03, -3.802500e-03, 0.000000
-2.515500e-03, -3.802500e-03, 0.000000
-2.398500e-03, -3.802500e-03, 0.000000
-2.281500e-03, -3.802500e-03, 0.000000
-2.164500e-03, -3.802500e-03, 0.000000
-2.047500e-03, -3.802500e-03, 0.000000
-1.930500e-03, -3.802500e-03, 0.003472
-1.813500e-03, -3.802500e-03, 0.003504
-1.696500e-03, -3.802500e-03, 0.003504
-1.579500e-03, -3.802500e-03, 0.003504
-1.462500e-03, -3.802500e-03, 0.106886
-1.345500e-03, -3.802500e-03, 0.874915
-1.228500e-03, -3.802500e-03, 0.790307
-1.111500e-03, -3.802500e-03, 0.735687
-9.945000e-04, -3.802500e-03, 0.667247
-8.775000e-04, -3.802500e-03, 0.738997
-7.605000e-04, -3.802500e-03, 0.920594
-6.435000e-04, -3.802500e-03, 0.808921
-5.265000e-04, -3.802500e-03, 0.068450
-4.095000e-04, -3.802500e-03, 0.385519
-2.925000e-04, -3.802500e-03, 0.143141
-1.755000e-04, -3.802500e-03, 0.232448
-5.850000e-05, -3.802500e-03, 0.000000
5.850000e-05, -3.802500e-03, 0.000000
1.755000e-04, -3.802500e-03, 0.236410
2.925000e-04, -3.802500e-03, 0.213675
4.095000e-04, -3.802500e-03, 0.213675
5.265000e-04, -3.802500e-03, 0.322773
6.435000e-04, -3.802500e-03, 0.427350
7.605000e-04, -3.802500e-03, 0.427350
8.775000e-04, -3.802500e-03, 0.427350
9.945000e-04, -3.802500e-03, 0.427350
1.111500e-03, -3.802500e-03, 0.427350
1.228500e-03, -3.802500e-03, 0.432675
1.345500e-03, -3.802500e-03, 0.281179
1.462500e-03, -3.802500e-03, 0.213675
1.579500e-03, -3.802500e-03, 0.221244
1.696500e-03, -3.802500e-03, 0.188954
1.813500e-03, -3.802500e-03, 0.491205
1.930500e-03, -3.802500e-03, 0.665711
2.047500e-03, -3.802500e-03, 0.008734
2.164500e-03, -3.802500e-03, 0.884587
2.281500e-03, -3.802500e-03, 0.486020
2.398500e-03, -3.802500e-03, 0.000000
2.515500e-03, -3.802500e-03, 0.000000
2.632500e-03, -3.802500e-03, 0.000000
2.749500e-03, -3.802500e-03, 0.000000
2.866500e-03, -3.802500e-03, 0.000000
2.983500e-03, -3.802500e-03, 0.000000
3.100500e-03, -3.802500e-03, 0.000000
3.217500e-03, -3.802500e-03, 0.000000
3.334500e-03, -3.802500e-03, 0.000000
3.451500e-03, -3.802500e-03, 0.000000
3.568500e-03, -3.802500e-03, 0.000000
3.685500e-03, -3.802500e-03, 0.000000
3.802500e-03, -3.802500e-03, 0.269300
3.919500e-03, -3.802500e-03, 0.659103
4.036500e-03, -3.802500e-03, 0.290658
4.153500e-03, -3.802500e-03, 0.014664
4.270500e-03, -3.802500e-03, 0.000000
4.387500e-03, -3.802500e-03, 0.000000
4.504500e-03, -3.802500e-03, 0.000000
4.621500e-03, -3.802500e-03, 0.000000
4.738500e-03, -3.802500e-03, 0.000000
4.855500e-03, -3.802500e-03, 0.000000
4.972500e-03, -3.802500e-03, 0.000000
5.089500e-03, -3.802500e-03, 0.000000
5.206500e-03, -3.802500e-03, 0.000000
5.323500e-03, -3.802500e-03, 0.000000
5.440500e-03, -3.802500e-03, 0.000000
5.557500e-03, -3.802500e-03, 0.000000
5.674500e-03, -3.802500e-03, 0.000000
5.791500e-03, -3.802500e-03, 0.000000
-5.791500e-03, -3.685500e-03, 0.145299
-5.674500e-03, -3.685500e-03, 1.000000
-5.557500e-03, -3.685500e-03, 1.000000
-5.440500e-03, -3.685500e-03, 1.000000
-5.323500e-03, -3.685500e-03, 0.998632
-5.206500e-03, -3.685500e-03, 0.956326
-5.089500e-03, -3.685500e-03, 0.998632
-4.972500e-03, -3.685500e-03, 0.986690
-4.855500e-03, -3.685500e-03, 0.887260
-4.738500e-03, -3.685500e-03, 0.889779
-4.621500e-03, -3.685500e-03, 0.992631
-4.504500e-03, -3.685500e-03, 0.906031
-4.387500e-03, -3.685500e-03, 0.949287
-4.270500e-03, -3.685500e-03, 0.899815
-4.153500e-03, -3.685500e-03, 1.000000
-4.036500e-03, -3.685500e-03, 0.933231
-3.919500e-03, -3.685500e-03, 0.232904
-3.802500e-03, -3.685500e-03, 0.988083
-3.685500e-03, -3.685500e-03, 1.000000
-3.568500e-03, -3.685500e-03, 0.145588
-3.451500e-03, -3.685500e-03, 0.343228
-3.334500e-03, -3.685500e-03, 0.349573
-3.217500e-03, -3.685500e-03, 0.349573
-3.100500e-03, -3.685500e-03, 0.349573
-2.983500e-03, -3.685500e-03, 0.349573
-2.866500e-03, -3.685500e-03, 0.349573
-2.749500e-03, -3.685500e-03, 0.349573
-2.632500e-03, -3.685500e-03, 0.349573
-2.515500e-03, -3.685500e-03, 0.349573
-2.398500e-03, -3.685500e-03, 0.349573
-2.281500e-03, -3.685500e-03, 0.079715
-2.164500e-03, -3.685500e-03, 0.000000
-2.047500e-03, -3.685500e-03, 0.373878
-1.930500e-03, -3.685500e-03, 0.999972
-1.813500e-03, -3.685500e-03, 1.000000
-1.696500e-03, -3.685500e-03, 1.000000
-1.579500e-03, -3.685500e-03, 1.000000
-1.462500e-03, -3.685500e-03, 0.675580
-1.345500e-03, -3.685500e-03, 0.387462
-1.228500e-03, -3.685500e-03, 0.628291
-1.111500e-03, -3.685500e-03, 0.593328
-9.945000e-04, -3.685500e-03, 0.975913
-8.775000e-04, -3.685500e-03, 1.000000
-7.605000e-04, -3.685500e-03, 1.000000
-6.435000e-04, -3.685500e-03, 0.476496
-5.265000e-04, -3.685500e-03, 0.529169
-4.095000e-04, -3.685500e-03, 1.000000
-2.925000e-04, -3.685500e-03, 0.809756
-1.755000e-04, -3.685500e-03, 0.134050
-5.850000e-05, -3.685500e-03, 0.213675
5.850000e-05, -3.685500e-03, 0.335743
1.755000e-04, -3.685500e-03, 0.375299
2.925000e-04, -3.685500e-03, 0.375299
4.095000e-04, -3.685500e-03, 0.378458
5.265000e-04, -3.685500e-03, 0.442022
6.435000e-04, -3.685500e-03, 0.375299
7.605000e-04, -3.685500e-03, 0.375299
8.775000e-04, -3.685500e-03, 0.375299
9.945000e-04, -3.685500e-03, 0.375299
1.111500e-03, -3.685500e-03, 0.375299
1.228500e-03, -3.685500e-03, 0.375299
1.345500e-03, -3.685500e-03, 0.375299
1.462500e-03, -3.685500e-03, 0.375299
1.579500e-03, -3.685500e-03, 0.375299
1.696500e-03, -3.685500e-03, 0.375478
1.813500e-03, -3.685500e-03, 0.500429
1.930500e-03, -3.685500e-03, 0.518923
2.047500e-03, -3.685500e-03, 0.161624
2.164500e-03, -3.685500e-03, 0.544638
2.281500e-03, -3.685500e-03, 0.592677
2.398500e-03, -3.685500e-03, 0.936068
2.515500e-03, -3.685500e-03, 0.936068
2.632500e-03, -3.685500e-03, 0.936068
2.749500e-03, -3.685500e-03, 0.936068
2.866500e-03, -3.685500e-03, 0.936068
2.983500e-03, -3.685500e-03, 0.936068
3.100500e-03, -3.685500e-03, 0.936068
3.217500e-03, -3.685500e-03, 0.928003
3.334500e-03, -3.685500e-03, 0.327289
3.451500e-03, -3.685500e-03, 0.000000
3.568500e-03, -3.685500e-03, 0.000000
3.685500e-03, -3.685500e-03, 0.000000
3.802500e-03, -3.685500e-03, 0.181771
3.919500e-03, -3.685500e-03, 0.268860
4.036500e-03, -3.685500e-03, 0.429215
4.153500e-03, -3.685500e-03, 0.014678
4.270500e-03, -3.685500e-03, 0.228889
4.387500e-03, -3.685500e-03, 0.852704
4.504500e-03, -3.685500e-03, 0.397173
4.621500e-03, -3.685500e-03, 0.008220
4.738500e-03, -3.685500e-03, 0.707583
4.855500e-03, -3.685500e-03, 0.737981
4.972500e-03, -3.685500e-03, 0.024983
5.089500e-03, -3.685500e-03, 0.355591
5.206500e-03, -3.685500e-03, 0.855263
5.323500e-03, -3.685500e-03, 0.267913
5.440500e-03, -3.685500e-03, 0.000000
5.557500e-03, -3.685500e-03, 0.000000
5.674500e-03, -3.685500e-03, 0.000000
5.791500e-03, -3.685500e-03, 0.000000
-5.791500e-03, -3.568500e-03, 0.145299
-5.674500e-03, -3.568500e-03, 1.000000
-5.557500e-03, -3.568500e-03, 1.000000
-5.440500e-03, -3.568500e-03, 1.000000
-5.323500e-03, -3.568500e-03, 0.938987
-5.206500e-03, -3.568500e-03, 1.000000
-5.089500e-03, -3.568500e-03, 0.938987
-4.972500e-03, -3.568500e-03, 0.900044
-4.855500e-03, -3.568500e-03, 0.997385
-4.738500e-03, -3.568500e-03, 1.000000
-4.621500e-03, -3.568500e-03, 0.706806
-4.504500e-03, -3.568500e-03, 0.853637
-4.387500e-03, -3.568500e-03, 1.000000
-4.270500e-03, -3.568500e-03, 0.891436
-4.153500e-03, -3.568500e-03, 1.000000
-4.036500e-03, -3.568500e-03, 1.000000
-3.919500e-03, -3.568500e-03, 0.993692
-3.802500e-03, -3.568500e-03, 1.000000
-3.685500e-03, -3.568500e-03, 1.000000
-3.568500e-03, -3.568500e-03, 0.431795
-3.451500e-03, -3.568500e-03, 1.000000
-3.334500e-03, -3.568500e-03, 1.000000
-3.217500e-03, -3.568500e-03, 1.000000
-3.100500e-03, -3.568500e-03, 1.000000
-2.983500e-03, -3.568500e-03, 1.000000
-2.866500e-03, -3.568500e-03, 1.000000
-2.749500e-03, -3.568500e-03, 1.000000
-2.632500e-03, -3.568500e-03, 1.000000
-2.515500e-03, -3.568500e-03, 1.000000
-2.398500e-03, -3.568500e-03, 1.000000
-2.281500e-03, -3.568500e-03, 0.821688
-2.164500e-03, -3.568500e-03, 0.081132
-2.047500e-03, -3.568500e-03, 0.226780
-1.930500e-03, -3.568500e-03, 0.950615
-1.813500e-03, -3.568500e-03, 0.993162
-1.696500e-03, -3.568500e-03, 0.996321
-1.579500e-03, -3.568500e-03, 1.000000
-1.462500e-03, -3.568500e-03, 1.000000
-1.345500e-03, -3.568500e-03, 1.000000
-1.228500e-03, -3.568500e-03, 1.000000
-1.111500e-03, -3.568500e-03, 0.947921
-9.945000e-04, -3.568500e-03, 0.533944
-8.775000e-04, -3.568500e-03, 0.975913
-7.605000e-04, -3.568500e-03, 1.000000
-6.435000e-04, -3.568500e-03, 0.415425
-5.265000e-04, -3.568500e-03, 0.564089
-4.095000e-04, -3.568500e-03, 1.000000
-2.925000e-04, -3.568500e-03, 1.000000
-1.755000e-04, -3.568500e-03, 0.329243
-5.850000e-05, -3.568500e-03, 0.349505
5.850000e-05, -3.568500e-03, 0.986563
1.755000e-04, -3.568500e-03, 1.000000
2.925000e-04, -3.568500e-03, 1.000000
4.095000e-04, -3.568500e-03, 1.000000
5.265000e-04, -3.568500e-03, 1.000000
6.435000e-04, -3.568500e-03, 1.000000
7.605000e-04, -3.568500e-03, 1.000000
8.775000e-04, -3.568500e-03, 1.000000
9.945000e-04, -3.568500e-03, 1.000000
1.111500e-03, -3.568500e-03, 1.000000
1.228500e-03, -3.568500e-03, 1.000000
1.345500e-03, -3.568500e-03, 1.000000
1.462500e-03, -3.568500e-03, 1.000000
1.579500e-03, -3.568500e-03, 1.000000
1.696500e-03, -3.568500e-03, 1.000000
1.813500e-03, -3.568500e-03, 1.000000
1.930500e-03, -3.568500e-03, 1.000000
2.047500e-03, -3.568500e-03, 1.000000
2.164500e-03, -3.568500e-03, 1.000000
2.281500e-03, -3.568500e-03, 1.000000
2.398500e-03, -3.568500e-03, 1.000000
2.515500e-03, -3.568500e-03, 1.000000
2.632500e-03, -3.568500e-03, 1.000000
2.749500e-03, -3.568500e-03, 1.000000
2.866500e-03, -3.568500e-03, 1.000000
2.983500e-03, -3.568500e-03, 1.000000
3.100500e-03, -3.568500e-03, 1.000000
3.217500e-03, -3.568500e-03, 1.000000
3.334500e-03, -3.568500e-03, 0.981771
3.451500e-03, -3.568500e-03, 0.327289
3.568500e-03, -3.568500e-03, 0.000000
3.685500e-03, -3.568500e-03, 0.000000
3.802500e-03, -3.568500e-03, 0.284816
3.919500e-03, -3.568500e-03, 0.531921
4.036500e-03, -3.568500e-03, 0.286182
4.153500e-03, -3.568500e-03, 0.014664
4.270500e-03, -3.568500e-03, 0.447062
4.387500e-03, -3.568500e-03, 1.000000
4.504500e-03, -3.568500e-03, 0.861571
4.621500e-03, -3.568500e-03, 0.107049
4.738500e-03, -3.568500e-03, 0.975137
4.855500e-03, -3.568500e-03, 0.990762
4.972500e-03, -3.568500e-03, 0.093554
5.089500e-03, -3.568500e-03, 0.609456
5.206500e-03, -3.568500e-03, 1.000000
5.323500e-03, -3.568500e-03, 0.498345
5.440500e-03, -3.568500e-03, 0.000000
5.557500e-03, -3.568500e-03, 0.000000
5.674500e-03, -3.568500e-03, 0.000000
5.791500e-03, -3.568500e-03, 0.000000
-5.791500e-03, -3.451500e-03, 0.080213
-5.674500e-03, -3.451500e-03, 0.929575
-5.557500e-03, -3.451500e-03, 1.000000
-5.440500e-03, -3.451500e-03, 1.000000
-5.323500e-03, -3.451500e-03, 1.000000
-5.206500e-03, -3.451500e-03, 0.937619
-5.089500e-03, -3.451500e-03, 1.000000
-4.972500e-03, -3.451500e-03, 1.000000
-4.855500e-03, -3.451500e-03, 0.789298
-4.738500e-03, -3.451500e-03, 0.756480
-4.621500e-03, -3.451500e-03, 0.446285
-4.504500e-03, -3.451500e-03, 0.948488
-4.387500e-03, -3.451500e-03, 0.796159
-4.270500e-03, -3.451500e-03, 0.993540
-4.153500e-03, -3.451500e-03, 1.000000
-4.036500e-03, -3.451500e-03, 1.000000
-3.919500e-03, -3.451500e-03, 1.000000
-3.802500e-03, -3.451500e-03, 1.000000
-3.685500e-03, -3.451500e-03, 1.000000
-3.568500e-03, -3.451500e-03, 0.435043
-3.451500e-03, -3.451500e-03, 1.000000
-3.334500e-03, -3.451500e-03, 1.000000
-3.217500e-03, -3.451500e-03, 1.000000
-3.100500e-03, -3.451500e-03, 1.000000
-2.983500e-03, -3.451500e-03, 1.000000
-2.866500e-03, -3.451500e-03, 1.000000
-2.749500e-03, -3.451500e-03, 1.000000
-2.632500e-03, -3.451500e-03, 1.000000
-2.515500e-03, -3.451500e-03, 1.000000
-2.398500e-03, -3.451500e-03, 1.000000
-2.281500e-03, -3.451500e-03, 1.000000
-2.164500e-03, -3.451500e-03, 0.821783
-2.047500e-03, -3.451500e-03, 0.416581
-1.930500e-03, -3.451500e-03, 0.416581
-1.813500e-03, -3.451500e-03, 0.416581
-1.696500e-03, -3.451500e-03, 0.348242
-1.579500e-03, -3.451500e-03, 0.762588
-1.462500e-03, -3.451500e-03, 0.832564
-1.345500e-03, -3.451500e-03, 0.832564
-1.228500e-03, -3.451500e-03, 0.890172
-1.111500e-03, -3.451500e-03, 1.000000
-9.945000e-04, -3.451500e-03, 0.947921
-8.775000e-04, -3.451500e-03, 0.578906
-7.605000e-04, -3.451500e-03, 0.623730
-6.435000e-04, -3.451500e-03, 0.253450
-5.265000e-04, -3.451500e-03, 0.301283
-4.095000e-04, -3.451500e-03, 0.637140
-2.925000e-04, -3.451500e-03, 0.617868
-1.755000e-04, -3.451500e-03, 0.437597
-5.850000e-05, -3.451500e-03, 0.986563
5.850000e-05, -3.451500e-03, 1.000000
1.755000e-04, -3.451500e-03, 1.000000
2.925000e-04, -3.451500e-03, 1.000000
4.095000e-04, -3.451500e-03, 1.000000
5.265000e-04, -3.451500e-03, 0.889955
6.435000e-04, -3.451500e-03, 1.000000
7.605000e-04, -3.451500e-03, 1.000000
8.775000e-04, -3.451500e-03, 1.000000
9.945000e-04, -3.451500e-03, 0.886771
1.111500e-03, -3.451500e-03, 0.960578
1.228500e-03, -3.451500e-03, 1.000000
1.345500e-03, -3.451500e-03, 1.000000
1.462500e-03, -3.451500e-03, 0.950985
1.579500e-03, -3.451500e-03, 0.790287
1.696500e-03, -3.451500e-03, 1.000000
1.813500e-03, -3.451500e-03, 1.000000
1.930500e-03, -3.451500e-03, 0.999970
2.047500e-03, -3.451500e-03, 0.797818
2.164500e-03, -3.451500e-03, 1.000000
2.281500e-03, -3.451500e-03, 1.000000
2.398500e-03, -3.451500e-03, 1.000000
2.515500e-03, -3.451500e-03, 0.944637
2.632500e-03, -3.451500e-03, 0.766411
2.749500e-03, -3.451500e-03, 1.000000
2.866500e-03, -3.451500e-03, 1.000000
2.983500e-03, -3.451500e-03, 0.753700
3.100500e-03, -3.451500e-03, 0.990173
3.217500e-03, -3.451500e-03, 1.000000
3.334500e-03, -3.451500e-03, 1.000000
3.451500e-03, -3.451500e-03, 0.981771
3.568500e-03, -3.451500e-03, 0.327289
3.685500e-03, -3.451500e-03, 0.000000
3.802500e-03, -3.451500e-03, 0.137600
3.919500e-03, -3.451500e-03, 0.142599
4.036500e-03, -3.451500e-03, 0.280000
4.153500e-03, -3.451500e-03, 0.004971
4.270500e-03, -3.451500e-03, 0.020023
4.387500e-03, -3.451500e-03, 0.358576
4.504500e-03, -3.451500e-03, 0.922224
4.621500e-03, -3.451500e-03, 0.778104
4.738500e-03, -3.451500e-03, 0.246093
4.855500e-03, -3.451500e-03, 0.225054
4.972500e-03, -3.451500e-03, 0.000000
5.089500e-03, -3.451500e-03, 0.059282
5.206500e-03, -3.451500e-03, 0.316801
5.323500e-03, -3.451500e-03, 0.031433
5.440500e-03, -3.451500e-03, 0.000000
5.557500e-03, -3.451500e-03, 0.000000
5.674500e-03, -3.451500e-03, 0.000000
5.791500e-03, -3.451500e-03, 0.000000
-5.791500e-03, -3.334500e-03, 0.000000
-5.674500e-03, -3.334500e-03, 0.262698
-5.557500e-03, -3.334500e-03, 0.745428
-5.440500e-03, -3.334500e-03, 0.836707
-5.323500e-03, -3.334500e-03, 0.930807
-5.206500e-03, -3.334500e-03, 0.942754
-5.089500e-03, -3.334500e-03, 0.903956
-4.972500e-03, -3.334500e-03, 1.000000
-4.855500e-03, -3.334500e-03, 0.825411
-4.738500e-03, -3.334500e-03, 0.834847
-4.621500e-03, -3.334500e-03, 0.254225
-4.504500e-03, -3.334500e-03, 0.271167
-4.387500e-03, -3.334500e-03, 0.828955
-4.270500e-03, -3.334500e-03, 0.926065
-4.153500e-03, -3.334500e-03, 1.000000
-4.036500e-03, -3.334500e-03, 0.980393
-3.919500e-03, -3.334500e-03, 0.506188
-3.802500e-03, -3.334500e-03, 0.966342
-3.685500e-03, -3.334500e-03, 1.000000
-3.568500e-03, -3.334500e-03, 0.435043
-3.451500e-03, -3.334500e-03, 1.000000
-3.334500e-03, -3.334500e-03, 0.747731
-3.217500e-03, -3.334500e-03, 0.552793
-3.100500e-03, -3.334500e-03, 0.550171
-2.983500e-03, -3.334500e-03, 0.550171
-2.866500e-03, -3.334500e-03, 0.550171
-2.749500e-03, -3.334500e-03, 0.513283
-2.632500e-03, -3.334500e-03, 0.702813
-2.515500e-03, -3.334500e-03, 1.000000
-2.398500e-03, -3.334500e-03, 1.000000
-2.281500e-03, -3.334500e-03, 1.000000
-2.164500e-03, -3.334500e-03, 1.000000
-2.047500e-03, -3.334500e-03, 1.000000
-1.930500e-03, -3.334500e-03, 1.000000
-1.813500e-03, -3.334500e-03, 1.000000
-1.696500e-03, -3.334500e-03, 0.978361
-1.579500e-03, -3.334500e-03, 0.740136
-1.462500e-03, -3.334500e-03, 0.738718
-1.345500e-03, -3.334500e-03, 0.738718
-1.228500e-03, -3.334500e-03, 0.543379
-1.111500e-03, -3.334500e-03, 0.728352
-9.945000e-04, -3.334500e-03, 1.000000
-8.775000e-04, -3.334500e-03, 1.000000
-7.605000e-04, -3.334500e-03, 1.000000
-6.435000e-04, -3.334500e-03, 1.000000
-5.265000e-04, -3.334500e-03, 1.000000
-4.095000e-04, -3.334500e-03, 1.000000
-2.925000e-04, -3.334500e-03, 1.000000
-1.755000e-04, -3.334500e-03, 1.000000
-5.850000e-05, -3.334500e-03, 0.918515
5.850000e-05, -3.334500e-03, 0.825445
1.755000e-04, -3.334500e-03, 1.000000
2.925000e-04, -3.334500e-03, 1.000000
4.095000e-04, -3.334500e-03, 0.887789
5.265000e-04, -3.334500e-03, 0.289486
6.435000e-04, -3.334500e-03, 0.998938
7.605000e-04, -3.334500e-03, 1.000000
8.775000e-04, -3.334500e-03, 1.000000
9.945000e-04, -3.334500e-03, 0.507437
1.111500e-03, -3.334500e-03, 0.710098
1.228500e-03, -3.334500e-03, 1.000000
1.345500e-03, -3.334500e-03, 1.000000
1.462500e-03, -3.334500e-03, 0.810650
1.579500e-03, -3.334500e-03, 0.512963
1.696500e-03, -3.334500e-03, 1.000000
1.813500e-03, -3.334500e-03, 1.000000
1.930500e-03, -3.334500e-03, 0.941555
2.047500e-03, -3.334500e-03, 0.341354
2.164500e-03, -3.334500e-03, 0.984187
2.281500e-03, -3.334500e-03, 1.000000
2.398500e-03, -3.334500e-03, 1.000000
2.515500e-03, -3.334500e-03, 0.825927
2.632500e-03, -3.334500e-03, 0.527910
2.749500e-03, -3.334500e-03, 1.000000
2.866500e-03, -3.334500e-03, 0.997532
2.983500e-03, -3.334500e-03, 0.414703
3.100500e-03, -3.334500e-03, 0.908776
3.217500e-03, -3.334500e-03, 1.000000
3.334500e-03, -3.334500e-03, 1.000000
3.451500e-03, -3.334500e-03, 1.000000
3.568500e-03, -3.334500e-03, 0.981771
3.685500e-03, -3.334500e-03, 0.092296
3.802500e-03, -3.334500e-03, 0.260935
3.919500e-03, -3.334500e-03, 0.252485
4.036500e-03, -3.334500e-03, 0.219630
4.153500e-03, -3.334500e-03, 0.032655
4.270500e-03, -3.334500e-03, 0.051127
4.387500e-03, -3.334500e-03, 0.433900
4.504500e-03, -3.334500e-03, 0.325804
4.621500e-03, -3.334500e-03, 0.827798
4.738500e-03, -3.334500e-03, 0.421403
4.855500e-03, -3.334500e-03, 0.320318
4.972500e-03, -3.334500e-03, 0.000000
5.089500e-03, -3.334500e-03, 0.109818
5.206500e-03, -3.334500e-03, 0.436459
5.323500e-03, -3.334500e-03, 0.068674
5.440500e-03, -3.334500e-03, 0.002007
5.557500e-03, -3.334500e-03, 0.371923
5.674500e-03, -3.334500e-03, 0.241021
5.791500e-03, -3.334500e-03, 0.000000
-5.791500e-03, -3.217500e-03, 0.001091
-5.674500e-03, -3.217500e-03, 0.941090
-5.557500e-03, -3.217500e-03, 1.000000
-5.440500e-03, -3.217500e-03, 0.761710
-5.323500e-03, -3.217500e-03, 0.905115
-5.206500e-03, -3.217500e-03, 1.000000
-5.089500e-03, -3.217500e-03, 0.931889
-4.972500e-03, -3.217500e-03, 1.000000
-4.855500e-03, -3.217500e-03, 0.911159
-4.738500e-03, -3.217500e-03, 0.795017
-4.621500e-03, -3.217500e-03, 0.701298
-4.504500e-03, -3.217500e-03, 0.925572
-4.387500e-03, -3.217500e-03, 1.000000
-4.270500e-03, -3.217500e-03, 0.910884
-4.153500e-03, -3.217500e-03, 1.000000
-4.036500e-03, -3.217500e-03, 0.995562
-3.919500e-03, -3.217500e-03, 0.627897
-3.802500e-03, -3.217500e-03, 0.988502
-3.685500e-03, -3.217500e-03, 1.000000
-3.568500e-03, -3.217500e-03, 0.435043
-3.451500e-03, -3.217500e-03, 1.000000
-3.334500e-03, -3.217500e-03, 0.733168
-3.217500e-03, -3.217500e-03, 1.000000
-3.100500e-03, -3.217500e-03, 1.000000
-2.983500e-03, -3.217500e-03, 1.000000
-2.866500e-03, -3.217500e-03, 1.000000
-2.749500e-03, -3.217500e-03, 1.000000
-2.632500e-03, -3.217500e-03, 0.505945
-2.515500e-03, -3.217500e-03, 0.996793
-2.398500e-03, -3.217500e-03, 1.000000
-2.281500e-03, -3.217500e-03, 1.000000
-2.164500e-03, -3.217500e-03, 1.000000
-2.047500e-03, -3.217500e-03, 1.000000
-1.930500e-03, -3.217500e-03, 1.000000
-1.813500e-03, -3.217500e-03, 1.000000
-1.696500e-03, -3.217500e-03, 1.000000
-1.579500e-03, -3.217500e-03, 1.000000
-1.462500e-03, -3.217500e-03, 1.000000
-1.345500e-03, -3.217500e-03, 1.000000
-1.228500e-03, -3.217500e-03, 1.000000
-1.111500e-03, -3.217500e-03, 0.593614
-9.945000e-04, -3.217500e-03, 0.728352
-8.775000e-04, -3.217500e-03, 1.000000
-7.605000e-04, -3.217500e-03, 1.000000
-6.435000e-04, -3.217500e-03, 1.000000
-5.265000e-04, -3.217500e-03, 1.000000
-4.095000e-04, -3.217500e-03, 1.000000
-2.925000e-04, -3.217500e-03, 1.000000
-1.755000e-04, -3.217500e-03, 1.000000
-5.850000e-05, -3.217500e-03, 0.743373
5.850000e-05, -3.217500e-03, 0.577552
1.755000e-04, -3.217500e-03, 1.000000
2.925000e-04, -3.217500e-03, 1.000000
4.095000e-04, -3.217500e-03, 1.000000
5.265000e-04, -3.217500e-03, 0.998716
6.435000e-04, -3.217500e-03, 1.000000
7.605000e-04, -3.217500e-03, 1.000000
8.775000e-04, -3.217500e-03, 1.000000
9.945000e-04, -3.217500e-03, 1.000000
1.111500e-03, -3.217500e-03, 1.000000
1.228500e-03, -3.217500e-03, 1.000000
1.345500e-03, -3.217500e-03, 1.000000
1.462500e-03, -3.217500e-03, 1.000000
1.579500e-03, -3.217500e-03, 1.000000
1.696500e-03, -3.217500e-03, 1.000000
1.813500e-03, -3.217500e-03, 1.000000
1.930500e-03, -3.217500e-03, 1.000000
2.047500e-03, -3.217500e-03, 1.000000
2.164500e-03, -3.217500e-03, 1.000000
2.281500e-03, -3.217500e-03, 1.000000
2.398500e-03, -3.217500e-03, 1.000000
2.515500e-03, -3.217500e-03, 1.000000
2.632500e-03, -3.217500e-03, 1.000000
2.749500e-03, -3.217500e-03, 1.000000
2.866500e-03, -3.217500e-03, 1.000000
2.983500e-03, -3.217500e-03, 1.000000
3.100500e-03, -3.217500e-03, 1.000000
3.217500e-03, -3.217500e-03, 0.971685
3.334500e-03, -3.217500e-03, 0.938456
3.451500e-03, -3.217500e-03, 1.000000
3.568500e-03, -3.217500e-03, 1.000000
3.685500e-03, -3.217500e-03, 0.123504
3.802500e-03, -3.217500e-03, 0.187678
3.919500e-03, -3.217500e-03, 0.266120
4.036500e-03, -3.217500e-03, 0.130172
4.153500e-03, -3.217500e-03, 0.000000
4.270500e-03, -3.217500e-03, 0.472095
4.387500e-03, -3.217500e-03, 1.000000
4.504500e-03, -3.217500e-03, 0.742514
4.621500e-03, -3.217500e-03, 0.061167
4.738500e-03, -3.217500e-03, 0.994146
4.855500e-03, -3.217500e-03, 0.998860
4.972500e-03, -3.217500e-03, 0.105713
5.089500e-03, -3.217500e-03, 0.635342
5.206500e-03, -3.217500e-03, 1.000000
5.323500e-03, -3.217500e-03, 0.523377
5.440500e-03, -3.217500e-03, 0.215685
5.557500e-03, -3.217500e-03, 1.000000
5.674500e-03, -3.217500e-03, 0.941090
5.791500e-03, -3.217500e-03, 0.001091
-5.791500e-03, -3.100500e-03, 0.000000
-5.674500e-03, -3.100500e-03, 0.503270
-5.557500e-03, -3.100500e-03, 0.671068
-5.440500e-03, -3.100500e-03, 0.682794
-5.323500e-03, -3.100500e-03, 0.966251
-5.206500e-03, -3.100500e-03, 0.907295
-5.089500e-03, -3.100500e-03, 0.799699
-4.972500e-03, -3.100500e-03, 1.000000
-4.855500e-03, -3.100500e-03, 0.927950
-4.738500e-03, -3.100500e-03, 0.781942
-4.621500e-03, -3.100500e-03, 0.818084
-4.504500e-03, -3.100500e-03, 0.859961
-4.387500e-03, -3.100500e-03, 0.872558
-4.270500e-03, -3.100500e-03, 0.890608
-4.153500e-03, -3.100500e-03, 1.000000
-4.036500e-03, -3.100500e-03, 1.000000
-3.919500e-03, -3.100500e-03, 1.000000
-3.802500e-03, -3.100500e-03, 1.000000
-3.685500e-03, -3.100500e-03, 1.000000
-3.568500e-03, -3.100500e-03, 0.484863
-3.451500e-03, -3.100500e-03, 1.000000
-3.334500e-03, -3.100500e-03, 0.714719
-3.217500e-03, -3.100500e-03, 0.953478
-3.100500e-03, -3.100500e-03, 1.000000
-2.983500e-03, -3.100500e-03, 0.641355
-2.866500e-03, -3.100500e-03, 0.950985
-2.749500e-03, -3.100500e-03, 1.000000
-2.632500e-03, -3.100500e-03, 0.875128
-2.515500e-03, -3.100500e-03, 0.493086
-2.398500e-03, -3.100500e-03, 0.531453
-2.281500e-03, -3.100500e-03, 0.531453
-2.164500e-03, -3.100500e-03, 0.529891
-2.047500e-03, -3.100500e-03, 0.742614
-1.930500e-03, -3.100500e-03, 1.000000
-1.813500e-03, -3.100500e-03, 1.000000
-1.696500e-03, -3.100500e-03, 1.000000
-1.579500e-03, -3.100500e-03, 1.000000
-1.462500e-03, -3.100500e-03, 1.000000
-1.345500e-03, -3.100500e-03, 1.000000
-1.228500e-03, -3.100500e-03, 1.000000
-1.111500e-03, -3.100500e-03, 1.000000
-9.945000e-04, -3.100500e-03, 0.593614
-8.775000e-04, -3.100500e-03, 0.688899
-7.605000e-04, -3.100500e-03, 0.877350
-6.435000e-04, -3.100500e-03, 0.877350
-5.265000e-04, -3.100500e-03, 0.877350
-4.095000e-04, -3.100500e-03, 0.877350
-2.925000e-04, -3.100500e-03, 0.877350
-1.755000e-04, -3.100500e-03, 0.877350
-5.850000e-05, -3.100500e-03, 0.877350
5.850000e-05, -3.100500e-03, 0.877350
1.755000e-04, -3.100500e-03, 0.877350
2.925000e-04, -3.100500e-03, 0.877350
4.095000e-04, -3.100500e-03, 0.877350
5.265000e-04, -3.100500e-03, 0.877350
6.435000e-04, -3.100500e-03, 0.877350
7.605000e-04, -3.100500e-03, 0.877350
8.775000e-04, -3.100500e-03, 0.877350
9.945000e-04, -3.100500e-03, 0.877350
1.111500e-03, -3.100500e-03, 0.877350
1.228500e-03, -3.100500e-03, 0.877350
1.345500e-03, -3.100500e-03, 0.877350
1.462500e-03, -3.100500e-03, 0.877350
1.579500e-03, -3.100500e-03, 0.877350
1.696500e-03, -3.100500e-03, 0.877350
1.813500e-03, -3.100500e-03, 0.877350
1.930500e-03, -3.100500e-03, 0.877350
2.047500e-03, -3.100500e-03, 0.877350
2.164500e-03, -3.100500e-03, 0.877350
2.281500e-03, -3.100500e-03, 0.877350
2.398500e-03, -3.100500e-03, 0.877350
2.515500e-03, -3.100500e-03, 0.877350
2.632500e-03, -3.100500e-03, 0.877350
2.749500e-03, -3.100500e-03, 0.990644
2.866500e-03, -3.100500e-03, 1.000000
2.983500e-03, -3.100500e-03, 1.000000
3.100500e-03, -3.100500e-03, 1.000000
3.217500e-03, -3.100500e-03, 0.641465
3.334500e-03, -3.100500e-03, 0.517875
3.451500e-03, -3.100500e-03, 1.000000
3.568500e-03, -3.100500e-03, 1.000000
3.685500e-03, -3.100500e-03, 0.123504
3.802500e-03, -3.100500e-03, 0.187677
3.919500e-03, -3.100500e-03, 0.266119
4.036500e-03, -3.100500e-03, 0.326000
4.153500e-03, -3.100500e-03, 0.014676
4.270500e-03, -3.100500e-03, 0.172753
4.387500e-03, -3.100500e-03, 0.754442
4.504500e-03, -3.100500e-03, 0.992324
4.621500e-03, -3.100500e-03, 0.631420
4.738500e-03, -3.100500e-03, 0.620084
4.855500e-03, -3.100500e-03, 0.618323
4.972500e-03, -3.100500e-03, 0.012823
5.089500e-03, -3.100500e-03, 0.280023
5.206500e-03, -3.100500e-03, 0.735605
5.323500e-03, -3.100500e-03, 0.273550
5.440500e-03, -3.100500e-03, 0.190469
5.557500e-03, -3.100500e-03, 0.671068
5.674500e-03, -3.100500e-03, 0.503270
5.791500e-03, -3.100500e-03, 0.000000
-5.791500e-03, -2.983500e-03, 0.000000
-5.674500e-03, -2.983500e-03, 0.004449
-5.557500e-03, -2.983500e-03, 0.022814
-5.440500e-03, -2.983500e-03, 0.651907
-5.323500e-03, -2.983500e-03, 1.000000
-5.206500e-03, -2.983500e-03, 0.800432
-5.089500e-03, -2.983500e-03, 0.872181
-4.972500e-03, -2.983500e-03, 0.852300
-4.855500e-03, -2.983500e-03, 0.659237
-4.738500e-03, -2.983500e-03, 0.682620
-4.621500e-03, -2.983500e-03, 0.644296
-4.504500e-03, -2.983500e-03, 0.786863
-4.387500e-03, -2.983500e-03, 0.897945
-4.270500e-03, -2.983500e-03, 1.000000
-4.153500e-03, -2.983500e-03, 1.000000
-4.036500e-03, -2.983500e-03, 1.000000
-3.919500e-03, -2.983500e-03, 0.920097
-3.802500e-03, -2.983500e-03, 1.000000
-3.685500e-03, -2.983500e-03, 1.000000
-3.568500e-03, -2.983500e-03, 0.874169
-3.451500e-03, -2.983500e-03, 0.746686
-3.334500e-03, -2.983500e-03, 0.944999
-3.217500e-03, -2.983500e-03, 0.769659
-3.100500e-03, -2.983500e-03, 0.999916
-2.983500e-03, -2.983500e-03, 0.552062
-2.866500e-03, -2.983500e-03, 0.920567
-2.749500e-03, -2.983500e-03, 1.000000
-2.632500e-03, -2.983500e-03, 1.000000
-2.515500e-03, -2.983500e-03, 1.000000
-2.398500e-03, -2.983500e-03, 1.000000
-2.281500e-03, -2.983500e-03, 1.000000
-2.164500e-03, -2.983500e-03, 1.000000
-2.047500e-03, -2.983500e-03, 0.678339
-1.930500e-03, -2.983500e-03, 0.602222
-1.813500e-03, -2.983500e-03, 0.602222
-1.696500e-03, -2.983500e-03, 0.602222
-1.579500e-03, -2.983500e-03, 0.602222
-1.462500e-03, -2.983500e-03, 0.602247
-1.345500e-03, -2.983500e-03, 0.745895
-1.228500e-03, -2.983500e-03, 1.000000
-1.111500e-03, -2.983500e-03, 1.000000
-9.945000e-04, -2.983500e-03, 1.000000
-8.775000e-04, -2.983500e-03, 0.667858
-7.605000e-04, -2.983500e-03, 0.526667
-6.435000e-04, -2.983500e-03, 0.526667
-5.265000e-04, -2.983500e-03, 0.526667
-4.095000e-04, -2.983500e-03, 0.526667
-2.925000e-04, -2.983500e-03, 0.526667
-1.755000e-04, -2.983500e-03, 0.526667
-5.850000e-05, -2.983500e-03, 0.526667
5.850000e-05, -2.983500e-03, 0.526667
1.755000e-04, -2.983500e-03, 0.526667
2.925000e-04, -2.983500e-03, 0.526667
4.095000e-04, -2.983500e-03, 0.526667
5.265000e-04, -2.983500e-03, 0.526667
6.435000e-04, -2.983500e-03, 0.526667
7.605000e-04, -2.983500e-03, 0.526667
8.775000e-04, -2.983500e-03, 0.526667
9.945000e-04, -2.983500e-03, 0.526667
1.111500e-03, -2.983500e-03, 0.526667
1.228500e-03, -2.983500e-03, 0.526667
1.345500e-03, -2.983500e-03, 0.526667
1.462500e-03, -2.983500e-03, 0.526667
1.579500e-03, -2.983500e-03, 0.526667
1.696500e-03, -2.983500e-03, 0.526667
1.813500e-03, -2.983500e-03, 0.526667
1.930500e-03, -2.983500e-03, 0.526667
2.047500e-03, -2.983500e-03, 0.526667
2.164500e-03, -2.983500e-03, 0.526667
2.281500e-03, -2.983500e-03, 0.526667
2.398500e-03, -2.983500e-03, 0.526667
2.515500e-03, -2.983500e-03, 0.526667
2.632500e-03, -2.983500e-03, 0.449311
2.749500e-03, -2.983500e-03, 0.380750
2.866500e-03, -2.983500e-03, 0.990532
2.983500e-03, -2.983500e-03, 1.000000
3.100500e-03, -2.983500e-03, 1.000000
3.217500e-03, -2.983500e-03, 0.999982
3.334500e-03, -2.983500e-03, 0.995421
3.451500e-03, -2.983500e-03, 1.000000
3.568500e-03, -2.983500e-03, 1.000000
3.685500e-03, -2.983500e-03, 0.123504
3.802500e-03, -2.983500e-03, 0.000000
3.919500e-03, -2.983500e-03, 0.002297
4.036500e-03, -2.983500e-03, 0.024966
4.153500e-03, -2.983500e-03, 0.000000
4.270500e-03, -2.983500e-03, 0.000000
4.387500e-03, -2.983500e-03, 0.000000
4.504500e-03, -2.983500e-03, 0.320647
4.621500e-03, -2.983500e-03, 0.964032
4.738500e-03, -2.983500e-03, 0.500417
4.855500e-03, -2.983500e-03, 0.044349
4.972500e-03, -2.983500e-03, 0.475140
5.089500e-03, -2.983500e-03, 0.427350
5.206500e-03, -2.983500e-03, 0.454614
5.323500e-03, -2.983500e-03, 0.742766
5.440500e-03, -2.983500e-03, 0.814472
5.557500e-03, -2.983500e-03, 0.022814
5.674500e-03, -2.983500e-03, 0.004449
5.791500e-03, -2.983500e-03, 0.000000
-5.791500e-03, -2.866500e-03, 0.000000
-5.674500e-03, -2.866500e-03, 0.769868
-5.557500e-03, -2.866500e-03, 0.930305
-5.440500e-03, -2.866500e-03, 0.730999
-5.323500e-03, -2.866500e-03, 0.944187
-5.206500e-03, -2.866500e-03, 0.999851
-5.089500e-03, -2.866500e-03, 0.944118
-4.972500e-03, -2.866500e-03, 0.777124
-4.855500e-03, -2.866500e-03, 1.000000
-4.738500e-03, -2.866500e-03, 0.858448
-4.621500e-03, -2.866500e-03, 0.784100
-4.504500e-03, -2.866500e-03, 0.851145
-4.387500e-03, -2.866500e-03, 0.997998
-4.270500e-03, -2.866500e-03, 0.886388
-4.153500e-03, -2.866500e-03, 1.000000
-4.036500e-03, -2.866500e-03, 0.995756
-3.919500e-03, -2.866500e-03, 0.247693
-3.802500e-03, -2.866500e-03, 0.908545
-3.685500e-03, -2.866500e-03, 1.000000
-3.568500e-03, -2.866500e-03, 1.000000
-3.451500e-03, -2.866500e-03, 0.871616
-3.334500e-03, -2.866500e-03, 0.462200
-3.217500e-03, -2.866500e-03, 0.999046
-3.100500e-03, -2.866500e-03, 1.000000
-2.983500e-03, -2.866500e-03, 1.000000
-2.866500e-03, -2.866500e-03, 1.000000
-2.749500e-03, -2.866500e-03, 1.000000
-2.632500e-03, -2.866500e-03, 1.000000
-2.515500e-03, -2.866500e-03, 1.000000
-2.398500e-03, -2.866500e-03, 1.000000
-2.281500e-03, -2.866500e-03, 1.000000
-2.164500e-03, -2.866500e-03, 1.000000
-2.047500e-03, -2.866500e-03, 0.847900
-1.930500e-03, -2.866500e-03, 0.986079
-1.813500e-03, -2.866500e-03, 1.000000
-1.696500e-03, -2.866500e-03, 1.000000
-1.579500e-03, -2.866500e-03, 1.000000
-1.462500e-03, -2.866500e-03, 1.000000
-1.345500e-03, -2.866500e-03, 0.884715
-1.228500e-03, -2.866500e-03, 0.728903
-1.111500e-03, -2.866500e-03, 1.000000
-9.945000e-04, -2.866500e-03, 1.000000
-8.775000e-04, -2.866500e-03, 1.000000
-7.605000e-04, -2.866500e-03, 1.000000
-6.435000e-04, -2.866500e-03, 1.000000
-5.265000e-04, -2.866500e-03, 1.000000
-4.095000e-04, -2.866500e-03, 1.000000
-2.925000e-04, -2.866500e-03, 1.000000
-1.755000e-04, -2.866500e-03, 1.000000
-5.850000e-05, -2.866500e-03, 1.000000
5.850000e-05, -2.866500e-03, 1.000000
1.755000e-04, -2.866500e-03, 1.000000
2.925000e-04, -2.866500e-03, 1.000000
4.095000e-04, -2.866500e-03, 1.000000
5.265000e-04, -2.866500e-03, 1.000000
6.435000e-04, -2.866500e-03, 1.000000
7.605000e-04, -2.866500e-03, 1.000000
8.775000e-04, -2.866500e-03, 1.000000
9.945000e-04, -2.866500e-03, 1.000000
1.111500e-03, -2.866500e-03, 1.000000
1.228500e-03, -2.866500e-03, 1.000000
1.345500e-03, -2.866500e-03, 1.000000
1.462500e-03, -2.866500e-03, 1.000000
1.579500e-03, -2.866500e-03, 1.000000
1.696500e-03, -2.866500e-03, 1.000000
1.813500e-03, -2.866500e-03, 1.000000
1.930500e-03, -2.866500e-03, 1.000000
2.047500e-03, -2.866500e-03, 1.000000
2.164500e-03, -2.866500e-03, 1.000000
2.281500e-03, -2.866500e-03, 1.000000
2.398500e-03, -2.866500e-03, 1.000000
2.515500e-03, -2.866500e-03, 1.000000
2.632500e-03, -2.866500e-03, 1.000000
2.749500e-03, -2.866500e-03, 0.624444
2.866500e-03, -2.866500e-03, 0.380750
2.983500e-03, -2.866500e-03, 0.990532
3.100500e-03, -2.866500e-03, 1.000000
3.217500e-03, -2.866500e-03, 1.000000
3.334500e-03, -2.866500e-03, 1.000000
3.451500e-03, -2.866500e-03, 1.000000
3.568500e-03, -2.866500e-03, 1.000000
3.685500e-03, -2.866500e-03, 0.123504
3.802500e-03, -2.866500e-03, 0.000000
3.919500e-03, -2.866500e-03, 0.718586
4.036500e-03, -2.866500e-03, 0.947812
4.153500e-03, -2.866500e-03, 0.328982
4.270500e-03, -2.866500e-03, 0.145299
4.387500e-03, -2.866500e-03, 0.145299
4.504500e-03, -2.866500e-03, 0.145299
4.621500e-03, -2.866500e-03, 0.306245
4.738500e-03, -2.866500e-03, 0.225060
4.855500e-03, -2.866500e-03, 0.513032
4.972500e-03, -2.866500e-03, 0.046984
5.089500e-03, -2.866500e-03, 0.464285
5.206500e-03, -2.866500e-03, 0.990393
5.323500e-03, -2.866500e-03, 0.396856
5.440500e-03, -2.866500e-03, 0.207492
5.557500e-03, -2.866500e-03, 0.930305
5.674500e-03, -2.866500e-03, 0.769868
5.791500e-03, -2.866500e-03, 0.000000
-5.791500e-03, -2.749500e-03, 0.001091
-5.674500e-03, -2.749500e-03, 0.853047
-5.557500e-03, -2.749500e-03, 0.976088
-5.440500e-03, -2.749500e-03, 0.787158
-5.323500e-03, -2.749500e-03, 0.982434
-5.206500e-03, -2.749500e-03, 1.000000
-5.089500e-03, -2.749500e-03, 0.982537
-4.972500e-03, -2.749500e-03, 0.918517
-4.855500e-03, -2.749500e-03, 0.945846
-4.738500e-03, -2.749500e-03, 0.956038
-4.621500e-03, -2.749500e-03, 0.890931
-4.504500e-03, -2.749500e-03, 0.884405
-4.387500e-03, -2.749500e-03, 1.000000
-4.270500e-03, -2.749500e-03, 0.892738
-4.153500e-03, -2.749500e-03, 1.000000
-4.036500e-03, -2.749500e-03, 1.000000
-3.919500e-03, -2.749500e-03, 0.992793
-3.802500e-03, -2.749500e-03, 1.000000
-3.685500e-03, -2.749500e-03, 1.000000
-3.568500e-03, -2.749500e-03, 0.859903
-3.451500e-03, -2.749500e-03, 1.000000
-3.334500e-03, -2.749500e-03, 0.633659
-3.217500e-03, -2.749500e-03, 1.000000
-3.100500e-03, -2.749500e-03, 1.000000
-2.983500e-03, -2.749500e-03, 1.000000
-2.866500e-03, -2.749500e-03, 1.000000
-2.749500e-03, -2.749500e-03, 1.000000
-2.632500e-03, -2.749500e-03, 1.000000
-2.515500e-03, -2.749500e-03, 1.000000
-2.398500e-03, -2.749500e-03, 1.000000
-2.281500e-03, -2.749500e-03, 0.985718
-2.164500e-03, -2.749500e-03, 1.000000
-2.047500e-03, -2.749500e-03, 0.413397
-1.930500e-03, -2.749500e-03, 0.817509
-1.813500e-03, -2.749500e-03, 1.000000
-1.696500e-03, -2.749500e-03, 1.000000
-1.579500e-03, -2.749500e-03, 1.000000
-1.462500e-03, -2.749500e-03, 1.000000
-1.345500e-03, -2.749500e-03, 1.000000
-1.228500e-03, -2.749500e-03, 0.876738
-1.111500e-03, -2.749500e-03, 0.728903
-9.945000e-04, -2.749500e-03, 1.000000
-8.775000e-04, -2.749500e-03, 1.000000
-7.605000e-04, -2.749500e-03, 1.000000
-6.435000e-04, -2.749500e-03, 1.000000
-5.265000e-04, -2.749500e-03, 1.000000
-4.095000e-04, -2.749500e-03, 1.000000
-2.925000e-04, -2.749500e-03, 1.000000
-1.755000e-04, -2.749500e-03, 1.000000
-5.850000e-05, -2.749500e-03, 1.000000
5.850000e-05, -2.749500e-03, 1.000000
1.755000e-04, -2.749500e-03, 1.000000
2.925000e-04, -2.749500e-03, 1.000000
4.095000e-04, -2.749500e-03, 1.000000
5.265000e-04, -2.749500e-03, 1.000000
6.435000e-04, -2.749500e-03, 1.000000
7.605000e-04, -2.749500e-03, 1.000000
8.775000e-04, -2.749500e-03, 1.000000
9.945000e-04, -2.749500e-03, 1.000000
1.111500e-03, -2.749500e-03, 1.000000
1.228500e-03, -2.749500e-03, 1.000000
1.345500e-03, -2.749500e-03, 1.000000
1.462500e-03, -2.749500e-03, 1.000000
1.579500e-03, -2.749500e-03, 1.000000
1.696500e-03, -2.749500e-03, 1.000000
1.813500e-03, -2.749500e-03, 1.000000
1.930500e-03, -2.749500e-03, 1.000000
2.047500e-03, -2.749500e-03, 1.000000
2.164500e-03, -2.749500e-03, 1.000000
2.281500e-03, -2.749500e-03, 1.000000
2.398500e-03, -2.749500e-03, 1.000000
2.515500e-03, -2.749500e-03, 1.000000
2.632500e-03, -2.749500e-03, 1.000000
2.749500e-03, -2.749500e-03, 1.000000
2.866500e-03, -2.749500e-03, 0.624444
2.983500e-03, -2.749500e-03, 0.397693
3.100500e-03, -2.749500e-03, 1.000000
3.217500e-03, -2.749500e-03, 1.000000
3.334500e-03, -2.749500e-03, 0.406684
3.451500e-03, -2.749500e-03, 0.809851
3.568500e-03, -2.749500e-03, 1.000000
3.685500e-03, -2.749500e-03, 0.123504
3.802500e-03, -2.749500e-03, 0.000000
3.919500e-03, -2.749500e-03, 0.802855
4.036500e-03, -2.749500e-03, 0.986581
4.153500e-03, -2.749500e-03, 0.465735
4.270500e-03, -2.749500e-03, 0.451026
4.387500e-03, -2.749500e-03, 0.678547
4.504500e-03, -2.749500e-03, 0.678547
4.621500e-03, -2.749500e-03, 0.678547
4.738500e-03, -2.749500e-03, 0.678329
4.855500e-03, -2.749500e-03, 0.442387
4.972500e-03, -2.749500e-03, 0.389393
5.089500e-03, -2.749500e-03, 0.587376
5.206500e-03, -2.749500e-03, 1.000000
5.323500e-03, -2.749500e-03, 0.435334
5.440500e-03, -2.749500e-03, 0.151554
5.557500e-03, -2.749500e-03, 0.976088
5.674500e-03, -2.749500e-03, 0.853047
5.791500e-03, -2.749500e-03, 0.001091
-5.791500e-03, -2.632500e-03, 0.000000
-5.674500e-03, -2.632500e-03, 0.288487
-5.557500e-03, -2.632500e-03, 0.800625
-5.440500e-03, -2.632500e-03, 0.997546
-5.323500e-03, -2.632500e-03, 1.000000
-5.206500e-03, -2.632500e-03, 0.793601
-5.089500e-03, -2.632500e-03, 0.992811
-4.972500e-03, -2.632500e-03, 1.000000
-4.855500e-03, -2.632500e-03, 0.904955
-4.738500e-03, -2.632500e-03, 0.886501
-4.621500e-03, -2.632500e-03, 1.000000
-4.504500e-03, -2.632500e-03, 0.968218
-4.387500e-03, -2.632500e-03, 0.919654
-4.270500e-03, -2.632500e-03, 0.995329
-4.153500e-03, -2.632500e-03, 1.000000
-4.036500e-03, -2.632500e-03, 1.000000
-3.919500e-03, -2.632500e-03, 1.000000
-3.802500e-03, -2.632500e-03, 1.000000
-3.685500e-03, -2.632500e-03, 0.979791
-3.568500e-03, -2.632500e-03, 0.275998
-3.451500e-03, -2.632500e-03, 0.949192
-3.334500e-03, -2.632500e-03, 0.839413
-3.217500e-03, -2.632500e-03, 0.220740
-3.100500e-03, -2.632500e-03, 0.231197
-2.983500e-03, -2.632500e-03, 0.231197
-2.866500e-03, -2.632500e-03, 0.231197
-2.749500e-03, -2.632500e-03, 0.249052
-2.632500e-03, -2.632500e-03, 0.831899
-2.515500e-03, -2.632500e-03, 1.000000
-2.398500e-03, -2.632500e-03, 0.751886
-2.281500e-03, -2.632500e-03, 0.388812
-2.164500e-03, -2.632500e-03, 1.000000
-2.047500e-03, -2.632500e-03, 1.000000
-1.930500e-03, -2.632500e-03, 1.000000
-1.813500e-03, -2.632500e-03, 1.000000
-1.696500e-03, -2.632500e-03, 1.000000
-1.579500e-03, -2.632500e-03, 1.000000
-1.462500e-03, -2.632500e-03, 0.669351
-1.345500e-03, -2.632500e-03, 0.608571
-1.228500e-03, -2.632500e-03, 1.000000
-1.111500e-03, -2.632500e-03, 0.876738
-9.945000e-04, -2.632500e-03, 0.602463
-8.775000e-04, -2.632500e-03, 0.599444
-7.605000e-04, -2.632500e-03, 0.599444
-6.435000e-04, -2.632500e-03, 0.599444
-5.265000e-04, -2.632500e-03, 0.599444
-4.095000e-04, -2.632500e-03, 0.599444
-2.925000e-04, -2.632500e-03, 0.863512
-1.755000e-04, -2.632500e-03, 1.000000
-5.850000e-05, -2.632500e-03, 1.000000
5.850000e-05, -2.632500e-03, 1.000000
1.755000e-04, -2.632500e-03, 0.417901
2.925000e-04, -2.632500e-03, 0.860020
4.095000e-04, -2.632500e-03, 1.000000
5.265000e-04, -2.632500e-03, 0.746897
6.435000e-04, -2.632500e-03, 0.531025
7.605000e-04, -2.632500e-03, 1.000000
8.775000e-04, -2.632500e-03, 0.981293
9.945000e-04, -2.632500e-03, 0.349856
1.111500e-03, -2.632500e-03, 0.946772
1.228500e-03, -2.632500e-03, 1.000000
1.345500e-03, -2.632500e-03, 0.608571
1.462500e-03, -2.632500e-03, 0.669351
1.579500e-03, -2.632500e-03, 1.000000
1.696500e-03, -2.632500e-03, 0.913460
1.813500e-03, -2.632500e-03, 0.369140
1.930500e-03, -2.632500e-03, 0.995322
2.047500e-03, -2.632500e-03, 1.000000
2.164500e-03, -2.632500e-03, 1.000000
2.281500e-03, -2.632500e-03, 0.970772
2.398500e-03, -2.632500e-03, 0.345802
2.515500e-03, -2.632500e-03, 0.961347
2.632500e-03, -2.632500e-03, 1.000000
2.749500e-03, -2.632500e-03, 1.000000
2.866500e-03, -2.632500e-03, 1.000000
2.983500e-03, -2.632500e-03, 0.428447
3.100500e-03, -2.632500e-03, 1.000000
3.217500e-03, -2.632500e-03, 1.000000
3.334500e-03, -2.632500e-03, 0.860412
3.451500e-03, -2.632500e-03, 0.987938
3.568500e-03, -2.632500e-03, 1.000000
3.685500e-03, -2.632500e-03, 0.123504
3.802500e-03, -2.632500e-03, 0.000000
3.919500e-03, -2.632500e-03, 0.048852
4.036500e-03, -2.632500e-03, 0.122949
4.153500e-03, -2.632500e-03, 0.196289
4.270500e-03, -2.632500e-03, 0.409249
4.387500e-03, -2.632500e-03, 0.030855
4.504500e-03, -2.632500e-03, 0.052122
4.621500e-03, -2.632500e-03, 0.240582
4.738500e-03, -2.632500e-03, 0.241197
4.855500e-03, -2.632500e-03, 0.421771
4.972500e-03, -2.632500e-03, 0.638697
5.089500e-03, -2.632500e-03, 0.534804
5.206500e-03, -2.632500e-03, 0.583451
5.323500e-03, -2.632500e-03, 0.844134
5.440500e-03, -2.632500e-03, 0.305758
5.557500e-03, -2.632500e-03, 0.113784
5.674500e-03, -2.632500e-03, 0.058016
5.791500e-03, -2.632500e-03, 0.000000
-5.791500e-03, -2.515500e-03, 0.089415
-5.674500e-03, -2.515500e-03, 0.951337
-5.557500e-03, -2.515500e-03, 1.000000
-5.440500e-03, -2.515500e-03, 1.000000
-5.323500e-03, -2.515500e-03, 1.000000
-5.206500e-03, -2.515500e-03, 0.937619
-5.089500e-03, -2.515500e-03, 1.000000
-4.972500e-03, -2.515500e-03, 0.949025
-4.855500e-03, -2.515500e-03, 0.965713
-4.738500e-03, -2.515500e-03, 0.920127
-4.621500e-03, -2.515500e-03, 0.999626
-4.504500e-03, -2.515500e-03, 1.000000
-4.387500e-03, -2.515500e-03, 0.914199
-4.270500e-03, -2.515500e-03, 0.968143
-4.153500e-03, -2.515500e-03, 1.000000
-4.036500e-03, -2.515500e-03, 1.000000
-3.919500e-03, -2.515500e-03, 1.000000
-3.802500e-03, -2.515500e-03, 1.000000
-3.685500e-03, -2.515500e-03, 1.000000
-3.568500e-03, -2.515500e-03, 1.000000
-3.451500e-03, -2.515500e-03, 1.000000
-3.334500e-03, -2.515500e-03, 0.917521
-3.217500e-03, -2.515500e-03, 0.016380
-3.100500e-03, -2.515500e-03, 0.773829
-2.983500e-03, -2.515500e-03, 0.854103
-2.866500e-03, -2.515500e-03, 0.854103
-2.749500e-03, -2.515500e-03, 0.642185
-2.632500e-03, -2.515500e-03, 0.108892
-2.515500e-03, -2.515500e-03, 0.831899
-2.398500e-03, -2.515500e-03, 0.997922
-2.281500e-03, -2.515500e-03, 0.940546
-2.164500e-03, -2.515500e-03, 1.000000
-2.047500e-03, -2.515500e-03, 0.801644
-1.930500e-03, -2.515500e-03, 0.616528
-1.813500e-03, -2.515500e-03, 1.000000
-1.696500e-03, -2.515500e-03, 1.000000
-1.579500e-03, -2.515500e-03, 1.000000
-1.462500e-03, -2.515500e-03, 0.908677
-1.345500e-03, -2.515500e-03, 0.878286
-1.228500e-03, -2.515500e-03, 1.000000
-1.111500e-03, -2.515500e-03, 1.000000
-9.945000e-04, -2.515500e-03, 0.907366
-8.775000e-04, -2.515500e-03, 0.763333
-7.605000e-04, -2.515500e-03, 0.763333
-6.435000e-04, -2.515500e-03, 0.763333
-5.265000e-04, -2.515500e-03, 0.763333
-4.095000e-04, -2.515500e-03, 0.763333
-2.925000e-04, -2.515500e-03, 0.425956
-1.755000e-04, -2.515500e-03, 0.859002
-5.850000e-05, -2.515500e-03, 1.000000
5.850000e-05, -2.515500e-03, 1.000000
1.755000e-04, -2.515500e-03, 0.801576
2.925000e-04, -2.515500e-03, 0.985386
4.095000e-04, -2.515500e-03, 1.000000
5.265000e-04, -2.515500e-03, 0.944437
6.435000e-04, -2.515500e-03, 0.842525
7.605000e-04, -2.515500e-03, 1.000000
8.775000e-04, -2.515500e-03, 1.000000
9.945000e-04, -2.515500e-03, 0.786999
1.111500e-03, -2.515500e-03, 0.999963
1.228500e-03, -2.515500e-03, 1.000000
1.345500e-03, -2.515500e-03, 0.878286
1.462500e-03, -2.515500e-03, 0.908677
1.579500e-03, -2.515500e-03, 1.000000
1.696500e-03, -2.515500e-03, 0.997040
1.813500e-03, -2.515500e-03, 0.789923
1.930500e-03, -2.515500e-03, 1.000000
2.047500e-03, -2.515500e-03, 1.000000
2.164500e-03, -2.515500e-03, 1.000000
2.281500e-03, -2.515500e-03, 1.000000
2.398500e-03, -2.515500e-03, 0.786963
2.515500e-03, -2.515500e-03, 1.000000
2.632500e-03, -2.515500e-03, 1.000000
2.749500e-03, -2.515500e-03, 1.000000
2.866500e-03, -2.515500e-03, 1.000000
2.983500e-03, -2.515500e-03, 0.454701
3.100500e-03, -2.515500e-03, 1.000000
3.217500e-03, -2.515500e-03, 1.000000
3.334500e-03, -2.515500e-03, 1.000000
3.451500e-03, -2.515500e-03, 1.000000
3.568500e-03, -2.515500e-03, 1.000000
3.685500e-03, -2.515500e-03, 0.123504
3.802500e-03, -2.515500e-03, 0.000000
3.919500e-03, -2.515500e-03, 0.347569
4.036500e-03, -2.515500e-03, 0.661930
4.153500e-03, -2.515500e-03, 0.475032
4.270500e-03, -2.515500e-03, 0.113294
4.387500e-03, -2.515500e-03, 0.617003
4.504500e-03, -2.515500e-03, 0.675748
4.621500e-03, -2.515500e-03, 0.233063
4.738500e-03, -2.515500e-03, 0.217009
4.855500e-03, -2.515500e-03, 0.397583
4.972500e-03, -2.515500e-03, 0.572918
5.089500e-03, -2.515500e-03, 0.200116
5.206500e-03, -2.515500e-03, 0.614220
5.323500e-03, -2.515500e-03, 0.565833
5.440500e-03, -2.515500e-03, 0.126436
5.557500e-03, -2.515500e-03, 0.000000
5.674500e-03, -2.515500e-03, 0.000000
5.791500e-03, -2.515500e-03, 0.000000
-5.791500e-03, -2.398500e-03, 0.145299
-5.674500e-03, -2.398500e-03, 1.000000
-5.557500e-03, -2.398500e-03, 1.000000
-5.440500e-03, -2.398500e-03, 1.000000
-5.323500e-03, -2.398500e-03, 0.937619
-5.206500e-03, -2.398500e-03, 1.000000
-5.089500e-03, -2.398500e-03, 0.937619
-4.972500e-03, -2.398500e-03, 0.771111
-4.855500e-03, -2.398500e-03, 1.000000
-4.738500e-03, -2.398500e-03, 0.999990
-4.621500e-03, -2.398500e-03, 0.905275
-4.504500e-03, -2.398500e-03, 1.000000
-4.387500e-03, -2.398500e-03, 0.503155
-4.270500e-03, -2.398500e-03, 0.679990
-4.153500e-03, -2.398500e-03, 1.000000
-4.036500e-03, -2.398500e-03, 1.000000
-3.919500e-03, -2.398500e-03, 1.000000
-3.802500e-03, -2.398500e-03, 1.000000
-3.685500e-03, -2.398500e-03, 1.000000
-3.568500e-03, -2.398500e-03, 1.000000
-3.451500e-03, -2.398500e-03, 1.000000
-3.334500e-03, -2.398500e-03, 0.917521
-3.217500e-03, -2.398500e-03, 0.037692
-3.100500e-03, -2.398500e-03, 1.000000
-2.983500e-03, -2.398500e-03, 1.000000
-2.866500e-03, -2.398500e-03, 1.000000
-2.749500e-03, -2.398500e-03, 1.000000
-2.632500e-03, -2.398500e-03, 0.303749
-2.515500e-03, -2.398500e-03, 0.362534
-2.398500e-03, -2.398500e-03, 1.000000
-2.281500e-03, -2.398500e-03, 1.000000
-2.164500e-03, -2.398500e-03, 1.000000
-2.047500e-03, -2.398500e-03, 0.892532
-1.930500e-03, -2.398500e-03, 0.754180
-1.813500e-03, -2.398500e-03, 1.000000
-1.696500e-03, -2.398500e-03, 1.000000
-1.579500e-03, -2.398500e-03, 1.000000
-1.462500e-03, -2.398500e-03, 1.000000
-1.345500e-03, -2.398500e-03, 1.000000
-1.228500e-03, -2.398500e-03, 1.000000
-1.111500e-03, -2.398500e-03, 1.000000
-9.945000e-04, -2.398500e-03, 1.000000
-8.775000e-04, -2.398500e-03, 1.000000
-7.605000e-04, -2.398500e-03, 1.000000
-6.435000e-04, -2.398500e-03, 1.000000
-5.265000e-04, -2.398500e-03, 1.000000
-4.095000e-04, -2.398500e-03, 1.000000
-2.925000e-04, -2.398500e-03, 0.798291
-1.755000e-04, -2.398500e-03, 0.539710
-5.850000e-05, -2.398500e-03, 1.000000
5.850000e-05, -2.398500e-03, 1.000000
1.755000e-04, -2.398500e-03, 1.000000
2.925000e-04, -2.398500e-03, 1.000000
4.095000e-04, -2.398500e-03, 1.000000
5.265000e-04, -2.398500e-03, 1.000000
6.435000e-04, -2.398500e-03, 1.000000
7.605000e-04, -2.398500e-03, 1.000000
8.775000e-04, -2.398500e-03, 1.000000
9.945000e-04, -2.398500e-03, 1.000000
1.111500e-03, -2.398500e-03, 1.000000
1.228500e-03, -2.398500e-03, 1.000000
1.345500e-03, -2.398500e-03, 1.000000
1.462500e-03, -2.398500e-03, 1.000000
1.579500e-03, -2.398500e-03, 1.000000
1.696500e-03, -2.398500e-03, 1.000000
1.813500e-03, -2.398500e-03, 1.000000
1.930500e-03, -2.398500e-03, 1.000000
2.047500e-03, -2.398500e-03, 1.000000
2.164500e-03, -2.398500e-03, 1.000000
2.281500e-03, -2.398500e-03, 1.000000
2.398500e-03, -2.398500e-03, 1.000000
2.515500e-03, -2.398500e-03, 1.000000
2.632500e-03, -2.398500e-03, 0.990898
2.749500e-03, -2.398500e-03, 1.000000
2.866500e-03, -2.398500e-03, 1.000000
2.983500e-03, -2.398500e-03, 0.454701
3.100500e-03, -2.398500e-03, 1.000000
3.217500e-03, -2.398500e-03, 1.000000
3.334500e-03, -2.398500e-03, 1.000000
3.451500e-03, -2.398500e-03, 1.000000
3.568500e-03, -2.398500e-03, 1.000000
3.685500e-03, -2.398500e-03, 0.123504
3.802500e-03, -2.398500e-03, 0.000000
3.919500e-03, -2.398500e-03, 0.898781
4.036500e-03, -2.398500e-03, 1.000000
4.153500e-03, -2.398500e-03, 0.306647
4.270500e-03, -2.398500e-03, 0.479977
4.387500e-03, -2.398500e-03, 1.000000
4.504500e-03, -2.398500e-03, 0.725450
4.621500e-03, -2.398500e-03, 0.000000
4.738500e-03, -2.398500e-03, 0.250788
4.855500e-03, -2.398500e-03, 0.666682
4.972500e-03, -2.398500e-03, 0.727050
5.089500e-03, -2.398500e-03, 0.642370
5.206500e-03, -2.398500e-03, 1.000000
5.323500e-03, -2.398500e-03, 0.531259
5.440500e-03, -2.398500e-03, 0.000000
5.557500e-03, -2.398500e-03, 0.000000
5.674500e-03, -2.398500e-03, 0.000000
5.791500e-03, -2.398500e-03, 0.000000
-5.791500e-03, -2.281500e-03, 0.145299
-5.674500e-03, -2.281500e-03, 1.000000
-5.557500e-03, -2.281500e-03, 1.000000
-5.440500e-03, -2.281500e-03, 1.000000
-5.323500e-03, -2.281500e-03, 1.000000
-5.206500e-03, -2.281500e-03, 0.937619
-5.089500e-03, -2.281500e-03, 1.000000
-4.972500e-03, -2.281500e-03, 0.912714
-4.855500e-03, -2.281500e-03, 0.944419
-4.738500e-03, -2.281500e-03, 0.904300
-4.621500e-03, -2.281500e-03, 1.000000
-4.504500e-03, -2.281500e-03, 1.000000
-4.387500e-03, -2.281500e-03, 0.999397
-4.270500e-03, -2.281500e-03, 1.000000
-4.153500e-03, -2.281500e-03, 1.000000
-4.036500e-03, -2.281500e-03, 1.000000
-3.919500e-03, -2.281500e-03, 1.000000
-3.802500e-03, -2.281500e-03, 1.000000
-3.685500e-03, -2.281500e-03, 0.992487
-3.568500e-03, -2.281500e-03, 0.531397
-3.451500e-03, -2.281500e-03, 0.951722
-3.334500e-03, -2.281500e-03, 0.917521
-3.217500e-03, -2.281500e-03, 0.037692
-3.100500e-03, -2.281500e-03, 1.000000
-2.983500e-03, -2.281500e-03, 1.000000
-2.866500e-03, -2.281500e-03, 1.000000
-2.749500e-03, -2.281500e-03, 1.000000
-2.632500e-03, -2.281500e-03, 0.309402
-2.515500e-03, -2.281500e-03, 0.360769
-2.398500e-03, -2.281500e-03, 1.000000
-2.281500e-03, -2.281500e-03, 0.957770
-2.164500e-03, -2.281500e-03, 0.804865
-2.047500e-03, -2.281500e-03, 1.000000
-1.930500e-03, -2.281500e-03, 1.000000
-1.813500e-03, -2.281500e-03, 0.767897
-1.696500e-03, -2.281500e-03, 0.994738
-1.579500e-03, -2.281500e-03, 1.000000
-1.462500e-03, -2.281500e-03, 0.897390
-1.345500e-03, -2.281500e-03, 0.865246
-1.228500e-03, -2.281500e-03, 1.000000
-1.111500e-03, -2.281500e-03, 0.999415
-9.945000e-04, -2.281500e-03, 0.763220
-8.775000e-04, -2.281500e-03, 1.000000
-7.605000e-04, -2.281500e-03, 1.000000
-6.435000e-04, -2.281500e-03, 0.827074
-5.265000e-04, -2.281500e-03, 0.935561
-4.095000e-04, -2.281500e-03, 1.000000
-2.925000e-04, -2.281500e-03, 0.798291
-1.755000e-04, -2.281500e-03, 0.535299
-5.850000e-05, -2.281500e-03, 1.000000
5.850000e-05, -2.281500e-03, 1.000000
1.755000e-04, -2.281500e-03, 0.781962
2.925000e-04, -2.281500e-03, 0.980674
4.095000e-04, -2.281500e-03, 1.000000
5.265000e-04, -2.281500e-03, 0.935561
6.435000e-04, -2.281500e-03, 0.827074
7.605000e-04, -2.281500e-03, 1.000000
8.775000e-04, -2.281500e-03, 1.000000
9.945000e-04, -2.281500e-03, 0.763220
1.111500e-03, -2.281500e-03, 0.999415
1.228500e-03, -2.281500e-03, 1.000000
1.345500e-03, -2.281500e-03, 0.865246
1.462500e-03, -2.281500e-03, 0.897390
1.579500e-03, -2.281500e-03, 1.000000
1.696500e-03, -2.281500e-03, 0.994738
1.813500e-03, -2.281500e-03, 0.767897
1.930500e-03, -2.281500e-03, 1.000000
2.047500e-03, -2.281500e-03, 1.000000
2.164500e-03, -2.281500e-03, 0.804865
2.281500e-03, -2.281500e-03, 0.957770
2.398500e-03, -2.281500e-03, 1.000000
2.515500e-03, -2.281500e-03, 0.711399
2.632500e-03, -2.281500e-03, 0.436657
2.749500e-03, -2.281500e-03, 1.000000
2.866500e-03, -2.281500e-03, 1.000000
2.983500e-03, -2.281500e-03, 0.454701
3.100500e-03, -2.281500e-03, 1.000000
3.217500e-03, -2.281500e-03, 0.991012
3.334500e-03, -2.281500e-03, 0.319199
3.451500e-03, -2.281500e-03, 0.925607
3.568500e-03, -2.281500e-03, 1.000000
3.685500e-03, -2.281500e-03, 0.123504
3.802500e-03, -2.281500e-03, 0.000000
3.919500e-03, -2.281500e-03, 0.326240
4.036500e-03, -2.281500e-03, 0.527740
4.153500e-03, -2.281500e-03, 0.030096
4.270500e-03, -2.281500e-03, 0.102704
4.387500e-03, -2.281500e-03, 0.570652
4.504500e-03, -2.281500e-03, 0.210720
4.621500e-03, -2.281500e-03, 0.294434
4.738500e-03, -2.281500e-03, 0.309931
4.855500e-03, -2.281500e-03, 0.196069
4.972500e-03, -2.281500e-03, 0.542869
5.089500e-03, -2.281500e-03, 0.195016
5.206500e-03, -2.281500e-03, 0.573211
5.323500e-03, -2.281500e-03, 0.127263
5.440500e-03, -2.281500e-03, 0.000000
5.557500e-03, -2.281500e-03, 0.000000
5.674500e-03, -2.281500e-03, 0.000000
5.791500e-03, -2.281500e-03, 0.000000
-5.791500e-03, -2.164500e-03, 0.078180
-5.674500e-03, -2.164500e-03, 0.628177
-5.557500e-03, -2.164500e-03, 0.802021
-5.440500e-03, -2.164500e-03, 0.996891
-5.323500e-03, -2.164500e-03, 1.000000
-5.206500e-03, -2.164500e-03, 0.937619
-5.089500e-03, -2.164500e-03, 1.000000
-4.972500e-03, -2.164500e-03, 1.000000
-4.855500e-03, -2.164500e-03, 1.000000
-4.738500e-03, -2.164500e-03, 1.000000
-4.621500e-03, -2.164500e-03, 1.000000
-4.504500e-03, -2.164500e-03, 0.933554
-4.387500e-03, -2.164500e-03, 0.822867
-4.270500e-03, -2.164500e-03, 0.945415
-4.153500e-03, -2.164500e-03, 1.000000
-4.036500e-03, -2.164500e-03, 0.897978
-3.919500e-03, -2.164500e-03, 0.952638
-3.802500e-03, -2.164500e-03, 1.000000
-3.685500e-03, -2.164500e-03, 0.998701
-3.568500e-03, -2.164500e-03, 0.617209
-3.451500e-03, -2.164500e-03, 0.973368
-3.334500e-03, -2.164500e-03, 0.917521
-3.217500e-03, -2.164500e-03, 0.037692
-3.100500e-03, -2.164500e-03, 1.000000
-2.983500e-03, -2.164500e-03, 1.000000
-2.866500e-03, -2.164500e-03, 1.000000
-2.749500e-03, -2.164500e-03, 1.000000
-2.632500e-03, -2.164500e-03, 0.309402
-2.515500e-03, -2.164500e-03, 0.360769
-2.398500e-03, -2.164500e-03, 1.000000
-2.281500e-03, -2.164500e-03, 0.804865
-2.164500e-03, -2.164500e-03, 0.497384
-2.047500e-03, -2.164500e-03, 1.000000
-1.930500e-03, -2.164500e-03, 0.995322
-1.813500e-03, -2.164500e-03, 0.391166
-1.696500e-03, -2.164500e-03, 0.915761
-1.579500e-03, -2.164500e-03, 1.000000
-1.462500e-03, -2.164500e-03, 0.680638
-1.345500e-03, -2.164500e-03, 0.621611
-1.228500e-03, -2.164500e-03, 1.000000
-1.111500e-03, -2.164500e-03, 0.947321
-9.945000e-04, -2.164500e-03, 0.373635
-8.775000e-04, -2.164500e-03, 0.981293
-7.605000e-04, -2.164500e-03, 1.000000
-6.435000e-04, -2.164500e-03, 0.546476
-5.265000e-04, -2.164500e-03, 0.755773
-4.095000e-04, -2.164500e-03, 1.000000
-2.925000e-04, -2.164500e-03, 0.798291
-1.755000e-04, -2.164500e-03, 0.535299
-5.850000e-05, -2.164500e-03, 1.000000
5.850000e-05, -2.164500e-03, 1.000000
1.755000e-04, -2.164500e-03, 0.437516
2.925000e-04, -2.164500e-03, 0.864733
4.095000e-04, -2.164500e-03, 1.000000
5.265000e-04, -2.164500e-03, 0.755773
6.435000e-04, -2.164500e-03, 0.546476
7.605000e-04, -2.164500e-03, 1.000000
8.775000e-04, -2.164500e-03, 0.981293
9.945000e-04, -2.164500e-03, 0.373635
1.111500e-03, -2.164500e-03, 0.947321
1.228500e-03, -2.164500e-03, 1.000000
1.345500e-03, -2.164500e-03, 0.621611
1.462500e-03, -2.164500e-03, 0.680638
1.579500e-03, -2.164500e-03, 1.000000
1.696500e-03, -2.164500e-03, 0.915761
1.813500e-03, -2.164500e-03, 0.391166
1.930500e-03, -2.164500e-03, 0.995322
2.047500e-03, -2.164500e-03, 1.000000
2.164500e-03, -2.164500e-03, 0.497384
2.281500e-03, -2.164500e-03, 0.804865
2.398500e-03, -2.164500e-03, 1.000000
2.515500e-03, -2.164500e-03, 0.991040
2.632500e-03, -2.164500e-03, 0.934890
2.749500e-03, -2.164500e-03, 1.000000
2.866500e-03, -2.164500e-03, 1.000000
2.983500e-03, -2.164500e-03, 0.454701
3.100500e-03, -2.164500e-03, 1.000000
3.217500e-03, -2.164500e-03, 1.000000
3.334500e-03, -2.164500e-03, 0.829070
3.451500e-03, -2.164500e-03, 0.999997
3.568500e-03, -2.164500e-03, 1.000000
3.685500e-03, -2.164500e-03, 0.123504
3.802500e-03, -2.164500e-03, 0.000000
3.919500e-03, -2.164500e-03, 0.000000
4.036500e-03, -2.164500e-03, 0.000000
4.153500e-03, -2.164500e-03, 0.000000
4.270500e-03, -2.164500e-03, 0.002007
4.387500e-03, -2.164500e-03, 0.198199
4.504500e-03, -2.164500e-03, 0.377362
4.621500e-03, -2.164500e-03, 0.356330
4.738500e-03, -2.164500e-03, 0.346627
4.855500e-03, -2.164500e-03, 0.471834
4.972500e-03, -2.164500e-03, 0.995709
5.089500e-03, -2.164500e-03, 0.245804
5.206500e-03, -2.164500e-03, 0.180049
5.323500e-03, -2.164500e-03, 0.006405
5.440500e-03, -2.164500e-03, 0.000000
5.557500e-03, -2.164500e-03, 0.000000
5.674500e-03, -2.164500e-03, 0.000000
5.791500e-03, -2.164500e-03, 0.000000
-5.791500e-03, -2.047500e-03, 0.001091
-5.674500e-03, -2.047500e-03, 0.865219
-5.557500e-03, -2.047500e-03, 0.981366
-5.440500e-03, -2.047500e-03, 0.794388
-5.323500e-03, -2.047500e-03, 0.951954
-5.206500e-03, -2.047500e-03, 1.000000
-5.089500e-03, -2.047500e-03, 0.951954
-4.972500e-03, -2.047500e-03, 0.921120
-4.855500e-03, -2.047500e-03, 0.830512
-4.738500e-03, -2.047500e-03, 0.776785
-4.621500e-03, -2.047500e-03, 0.790401
-4.504500e-03, -2.047500e-03, 0.814075
-4.387500e-03, -2.047500e-03, 1.000000
-4.270500e-03, -2.047500e-03, 0.809536
-4.153500e-03, -2.047500e-03, 0.918304
-4.036500e-03, -2.047500e-03, 0.991806
-3.919500e-03, -2.047500e-03, 0.924470
-3.802500e-03, -2.047500e-03, 1.000000
-3.685500e-03, -2.047500e-03, 1.000000
-3.568500e-03, -2.047500e-03, 1.000000
-3.451500e-03, -2.047500e-03, 1.000000
-3.334500e-03, -2.047500e-03, 0.917521
-3.217500e-03, -2.047500e-03, 0.008342
-3.100500e-03, -2.047500e-03, 0.669516
-2.983500e-03, -2.047500e-03, 0.938255
-2.866500e-03, -2.047500e-03, 1.000000
-2.749500e-03, -2.047500e-03, 1.000000
-2.632500e-03, -2.047500e-03, 0.309402
-2.515500e-03, -2.047500e-03, 0.360769
-2.398500e-03, -2.047500e-03, 1.000000
-2.281500e-03, -2.047500e-03, 1.000000
-2.164500e-03, -2.047500e-03, 1.000000
-2.047500e-03, -2.047500e-03, 1.000000
-1.930500e-03, -2.047500e-03, 1.000000
-1.813500e-03, -2.047500e-03, 1.000000
-1.696500e-03, -2.047500e-03, 1.000000
-1.579500e-03, -2.047500e-03, 1.000000
-1.462500e-03, -2.047500e-03, 1.000000
-1.345500e-03, -2.047500e-03, 1.000000
-1.228500e-03, -2.047500e-03, 1.000000
-1.111500e-03, -2.047500e-03, 1.000000
-9.945000e-04, -2.047500e-03, 1.000000
-8.775000e-04, -2.047500e-03, 1.000000
-7.605000e-04, -2.047500e-03, 1.000000
-6.435000e-04, -2.047500e-03, 1.000000
-5.265000e-04, -2.047500e-03, 1.000000
-4.095000e-04, -2.047500e-03, 1.000000
-2.925000e-04, -2.047500e-03, 0.798291
-1.755000e-04, -2.047500e-03, 0.535299
-5.850000e-05, -2.047500e-03, 1.000000
5.850000e-05, -2.047500e-03, 1.000000
1.755000e-04, -2.047500e-03, 1.000000
2.925000e-04, -2.047500e-03, 1.000000
4.095000e-04, -2.047500e-03, 1.000000
5.265000e-04, -2.047500e-03, 1.000000
6.435000e-04, -2.047500e-03, 1.000000
7.605000e-04, -2.047500e-03, 1.000000
8.775000e-04, -2.047500e-03, 1.000000
9.945000e-04, -2.047500e-03, 1.000000
1.111500e-03, -2.047500e-03, 1.000000
1.228500e-03, -2.047500e-03, 1.000000
1.345500e-03, -2.047500e-03, 1.000000
1.462500e-03, -2.047500e-03, 1.000000
1.579500e-03, -2.047500e-03, 1.000000
1.696500e-03, -2.047500e-03, 1.000000
1.813500e-03, -2.047500e-03, 1.000000
1.930500e-03, -2.047500e-03, 1.000000
2.047500e-03, -2.047500e-03, 1.000000
2.164500e-03, -2.047500e-03, 1.000000
2.281500e-03, -2.047500e-03, 1.000000
2.398500e-03, -2.047500e-03, 1.000000
2.515500e-03, -2.047500e-03, 1.000000
2.632500e-03, -2.047500e-03, 1.000000
2.749500e-03, -2.047500e-03, 1.000000
2.866500e-03, -2.047500e-03, 1.000000
2.983500e-03, -2.047500e-03, 0.454701
3.100500e-03, -2.047500e-03, 1.000000
3.217500e-03, -2.047500e-03, 1.000000
3.334500e-03, -2.047500e-03, 1.000000
3.451500e-03, -2.047500e-03, 1.000000
3.568500e-03, -2.047500e-03, 1.000000
3.685500e-03, -2.047500e-03, 0.123504
3.802500e-03, -2.047500e-03, 0.000000
3.919500e-03, -2.047500e-03, 0.000000
4.036500e-03, -2.047500e-03, 0.000000
4.153500e-03, -2.047500e-03, 0.000000
4.270500e-03, -2.047500e-03, 0.396224
4.387500e-03, -2.047500e-03, 1.000000
4.504500e-03, -2.047500e-03, 0.760975
4.621500e-03, -2.047500e-03, 0.299258
4.738500e-03, -2.047500e-03, 0.935880
4.855500e-03, -2.047500e-03, 0.953744
4.972500e-03, -2.047500e-03, 0.179918
5.089500e-03, -2.047500e-03, 0.558749
5.206500e-03, -2.047500e-03, 1.000000
5.323500e-03, -2.047500e-03, 0.447506
5.440500e-03, -2.047500e-03, 0.000000
5.557500e-03, -2.047500e-03, 0.000000
5.674500e-03, -2.047500e-03, 0.000000
5.791500e-03, -2.047500e-03, 0.000000
-5.791500e-03, -1.930500e-03, 0.000000
-5.674500e-03, -1.930500e-03, 0.747792
-5.557500e-03, -1.930500e-03, 0.915123
-5.440500e-03, -1.930500e-03, 0.785783
-5.323500e-03, -1.930500e-03, 0.985665
-5.206500e-03, -1.930500e-03, 0.999076
-5.089500e-03, -1.930500e-03, 0.985665
-4.972500e-03, -1.930500e-03, 0.882364
-4.855500e-03, -1.930500e-03, 0.841855
-4.738500e-03, -1.930500e-03, 0.443035
-4.621500e-03, -1.930500e-03, 0.218056
-4.504500e-03, -1.930500e-03, 0.660893
-4.387500e-03, -1.930500e-03, 0.976097
-4.270500e-03, -1.930500e-03, 0.745383
-4.153500e-03, -1.930500e-03, 0.774306
-4.036500e-03, -1.930500e-03, 1.000000
-3.919500e-03, -1.930500e-03, 0.898514
-3.802500e-03, -1.930500e-03, 0.983806
-3.685500e-03, -1.930500e-03, 1.000000
-3.568500e-03, -1.930500e-03, 1.000000
-3.451500e-03, -1.930500e-03, 1.000000
-3.334500e-03, -1.930500e-03, 0.917521
-3.217500e-03, -1.930500e-03, 0.000000
-3.100500e-03, -1.930500e-03, 0.539837
-2.983500e-03, -1.930500e-03, 0.795624
-2.866500e-03, -1.930500e-03, 0.999622
-2.749500e-03, -1.930500e-03, 1.000000
-2.632500e-03, -1.930500e-03, 0.309402
-2.515500e-03, -1.930500e-03, 0.131372
-2.398500e-03, -1.930500e-03, 0.608256
-2.281500e-03, -1.930500e-03, 0.610427
-2.164500e-03, -1.930500e-03, 0.610427
-2.047500e-03, -1.930500e-03, 0.610427
-1.930500e-03, -1.930500e-03, 0.610427
-1.813500e-03, -1.930500e-03, 0.610427
-1.696500e-03, -1.930500e-03, 0.890620
-1.579500e-03, -1.930500e-03, 1.000000
-1.462500e-03, -1.930500e-03, 1.000000
-1.345500e-03, -1.930500e-03, 1.000000
-1.228500e-03, -1.930500e-03, 1.000000
-1.111500e-03, -1.930500e-03, 1.000000
-9.945000e-04, -1.930500e-03, 1.000000
-8.775000e-04, -1.930500e-03, 1.000000
-7.605000e-04, -1.930500e-03, 1.000000
-6.435000e-04, -1.930500e-03, 0.995322
-5.265000e-04, -1.930500e-03, 1.000000
-4.095000e-04, -1.930500e-03, 1.000000
-2.925000e-04, -1.930500e-03, 0.798291
-1.755000e-04, -1.930500e-03, 0.535299
-5.850000e-05, -1.930500e-03, 1.000000
5.850000e-05, -1.930500e-03, 1.000000
1.755000e-04, -1.930500e-03, 0.995322
2.925000e-04, -1.930500e-03, 1.000000
4.095000e-04, -1.930500e-03, 1.000000
5.265000e-04, -1.930500e-03, 1.000000
6.435000e-04, -1.930500e-03, 0.995322
7.605000e-04, -1.930500e-03, 1.000000
8.775000e-04, -1.930500e-03, 1.000000
9.945000e-04, -1.930500e-03, 1.000000
1.111500e-03, -1.930500e-03, 1.000000
1.228500e-03, -1.930500e-03, 1.000000
1.345500e-03, -1.930500e-03, 1.000000
1.462500e-03, -1.930500e-03, 1.000000
1.579500e-03, -1.930500e-03, 1.000000
1.696500e-03, -1.930500e-03, 1.000000
1.813500e-03, -1.930500e-03, 1.000000
1.930500e-03, -1.930500e-03, 1.000000
2.047500e-03, -1.930500e-03, 1.000000
2.164500e-03, -1.930500e-03, 0.995322
2.281500e-03, -1.930500e-03, 1.000000
2.398500e-03, -1.930500e-03, 1.000000
2.515500e-03, -1.930500e-03, 0.721834
2.632500e-03, -1.930500e-03, 0.756076
2.749500e-03, -1.930500e-03, 1.000000
2.866500e-03, -1.930500e-03, 1.000000
2.983500e-03, -1.930500e-03, 0.454701
3.100500e-03, -1.930500e-03, 1.000000
3.217500e-03, -1.930500e-03, 1.000000
3.334500e-03, -1.930500e-03, 0.718936
3.451500e-03, -1.930500e-03, 0.996597
3.568500e-03, -1.930500e-03, 1.000000
3.685500e-03, -1.930500e-03, 0.123504
3.802500e-03, -1.930500e-03, 0.000000
3.919500e-03, -1.930500e-03, 0.000000
4.036500e-03, -1.930500e-03, 0.000000
4.153500e-03, -1.930500e-03, 0.000000
4.270500e-03, -1.930500e-03, 0.297743
4.387500e-03, -1.930500e-03, 0.976097
4.504500e-03, -1.930500e-03, 0.495248
4.621500e-03, -1.930500e-03, 0.233477
4.738500e-03, -1.930500e-03, 0.839101
4.855500e-03, -1.930500e-03, 1.000000
4.972500e-03, -1.930500e-03, 0.208855
5.089500e-03, -1.930500e-03, 0.446653
5.206500e-03, -1.930500e-03, 0.978656
5.323500e-03, -1.930500e-03, 0.411654
5.440500e-03, -1.930500e-03, 0.006075
5.557500e-03, -1.930500e-03, 0.000000
5.674500e-03, -1.930500e-03, 0.000000
5.791500e-03, -1.930500e-03, 0.000000
-5.791500e-03, -1.813500e-03, 0.000000
-5.674500e-03, -1.813500e-03, 0.001003
-5.557500e-03, -1.813500e-03, 0.012356
-5.440500e-03, -1.813500e-03, 0.787864
-5.323500e-03, -1.813500e-03, 1.000000
-5.206500e-03, -1.813500e-03, 0.936715
-5.089500e-03, -1.813500e-03, 1.000000
-4.972500e-03, -1.813500e-03, 1.000000
-4.855500e-03, -1.813500e-03, 0.721033
-4.738500e-03, -1.813500e-03, 0.991784
-4.621500e-03, -1.813500e-03, 0.525831
-4.504500e-03, -1.813500e-03, 0.511049
-4.387500e-03, -1.813500e-03, 0.526158
-4.270500e-03, -1.813500e-03, 0.538148
-4.153500e-03, -1.813500e-03, 0.644623
-4.036500e-03, -1.813500e-03, 0.790883
-3.919500e-03, -1.813500e-03, 0.983801
-3.802500e-03, -1.813500e-03, 1.000000
-3.685500e-03, -1.813500e-03, 1.000000
-3.568500e-03, -1.813500e-03, 1.000000
-3.451500e-03, -1.813500e-03, 1.000000
-3.334500e-03, -1.813500e-03, 0.917521
-3.217500e-03, -1.813500e-03, 0.222043
-3.100500e-03, -1.813500e-03, 0.792210
-2.983500e-03, -1.813500e-03, 0.811728
-2.866500e-03, -1.813500e-03, 1.000000
-2.749500e-03, -1.813500e-03, 1.000000
-2.632500e-03, -1.813500e-03, 0.309402
-2.515500e-03, -1.813500e-03, 0.000000
-2.398500e-03, -1.813500e-03, 0.000000
-2.281500e-03, -1.813500e-03, 0.000000
-2.164500e-03, -1.813500e-03, 0.000000
-2.047500e-03, -1.813500e-03, 0.000000
-1.930500e-03, -1.813500e-03, 0.000000
-1.813500e-03, -1.813500e-03, 0.000000
-1.696500e-03, -1.813500e-03, 0.048818
-1.579500e-03, -1.813500e-03, 0.103248
-1.462500e-03, -1.813500e-03, 0.103248
-1.345500e-03, -1.813500e-03, 0.103248
-1.228500e-03, -1.813500e-03, 0.103248
-1.111500e-03, -1.813500e-03, 0.103818
-9.945000e-04, -1.813500e-03, 0.627623
-8.775000e-04, -1.813500e-03, 1.000000
-7.605000e-04, -1.813500e-03, 1.000000
-6.435000e-04, -1.813500e-03, 0.453115
-5.265000e-04, -1.813500e-03, 0.705948
-4.095000e-04, -1.813500e-03, 1.000000
-2.925000e-04, -1.813500e-03, 0.798291
-1.755000e-04, -1.813500e-03, 0.535299
-5.850000e-05, -1.813500e-03, 1.000000
5.850000e-05, -1.813500e-03, 1.000000
1.755000e-04, -1.813500e-03, 0.313620
2.925000e-04, -1.813500e-03, 0.845443
4.095000e-04, -1.813500e-03, 1.000000
5.265000e-04, -1.813500e-03, 0.705948
6.435000e-04, -1.813500e-03, 0.453115
7.605000e-04, -1.813500e-03, 1.000000
8.775000e-04, -1.813500e-03, 1.000000
9.945000e-04, -1.813500e-03, 0.995842
1.111500e-03, -1.813500e-03, 0.742695
1.228500e-03, -1.813500e-03, 0.725983
1.345500e-03, -1.813500e-03, 0.725983
1.462500e-03, -1.813500e-03, 0.725983
1.579500e-03, -1.813500e-03, 0.725983
1.696500e-03, -1.813500e-03, 0.857066
1.813500e-03, -1.813500e-03, 1.000000
1.930500e-03, -1.813500e-03, 1.000000
2.047500e-03, -1.813500e-03, 1.000000
2.164500e-03, -1.813500e-03, 0.391166
2.281500e-03, -1.813500e-03, 0.767897
2.398500e-03, -1.813500e-03, 1.000000
2.515500e-03, -1.813500e-03, 0.778340
2.632500e-03, -1.813500e-03, 0.808634
2.749500e-03, -1.813500e-03, 1.000000
2.866500e-03, -1.813500e-03, 1.000000
2.983500e-03, -1.813500e-03, 0.454701
3.100500e-03, -1.813500e-03, 1.000000
3.217500e-03, -1.813500e-03, 0.981873
3.334500e-03, -1.813500e-03, 0.418331
3.451500e-03, -1.813500e-03, 0.949148
3.568500e-03, -1.813500e-03, 1.000000
3.685500e-03, -1.813500e-03, 0.123504
3.802500e-03, -1.813500e-03, 0.000000
3.919500e-03, -1.813500e-03, 0.000000
4.036500e-03, -1.813500e-03, 0.000000
4.153500e-03, -1.813500e-03, 0.000000
4.270500e-03, -1.813500e-03, 0.000000
4.387500e-03, -1.813500e-03, 0.013359
4.504500e-03, -1.813500e-03, 0.024083
4.621500e-03, -1.813500e-03, 0.226013
4.738500e-03, -1.813500e-03, 0.005233
4.855500e-03, -1.813500e-03, 0.067268
4.972500e-03, -1.813500e-03, 0.465057
5.089500e-03, -1.813500e-03, 0.427350
5.206500e-03, -1.813500e-03, 0.457814
5.323500e-03, -1.813500e-03, 0.962525
5.440500e-03, -1.813500e-03, 0.372059
5.557500e-03, -1.813500e-03, 0.000000
5.674500e-03, -1.813500e-03, 0.000000
5.791500e-03, -1.813500e-03, 0.000000
-5.791500e-03, -1.696500e-03, 0.000000
-5.674500e-03, -1.696500e-03, 0.527029
-5.557500e-03, -1.696500e-03, 0.696709
-5.440500e-03, -1.696500e-03, 0.785781
-5.323500e-03, -1.696500e-03, 1.000000
-5.206500e-03, -1.696500e-03, 0.939447
-5.089500e-03, -1.696500e-03, 1.000000
-4.972500e-03, -1.696500e-03, 1.000000
-4.855500e-03, -1.696500e-03, 0.931036
-4.738500e-03, -1.696500e-03, 0.791280
-4.621500e-03, -1.696500e-03, 0.918845
-4.504500e-03, -1.696500e-03, 0.755500
-4.387500e-03, -1.696500e-03, 0.802460
-4.270500e-03, -1.696500e-03, 0.822484
-4.153500e-03, -1.696500e-03, 0.925981
-4.036500e-03, -1.696500e-03, 0.901929
-3.919500e-03, -1.696500e-03, 0.897236
-3.802500e-03, -1.696500e-03, 0.992337
-3.685500e-03, -1.696500e-03, 1.000000
-3.568500e-03, -1.696500e-03, 1.000000
-3.451500e-03, -1.696500e-03, 1.000000
-3.334500e-03, -1.696500e-03, 0.917521
-3.217500e-03, -1.696500e-03, 0.720624
-3.100500e-03, -1.696500e-03, 0.831424
-2.983500e-03, -1.696500e-03, 1.000000
-2.866500e-03, -1.696500e-03, 1.000000
-2.749500e-03, -1.696500e-03, 1.000000
-2.632500e-03, -1.696500e-03, 0.309402
-2.515500e-03, -1.696500e-03, 0.177372
-2.398500e-03, -1.696500e-03, 0.232222
-2.281500e-03, -1.696500e-03, 0.202202
-2.164500e-03, -1.696500e-03, 0.000000
-2.047500e-03, -1.696500e-03, 0.000000
-1.930500e-03, -1.696500e-03, 0.000000
-1.813500e-03, -1.696500e-03, 0.021728
-1.696500e-03, -1.696500e-03, 0.642766
-1.579500e-03, -1.696500e-03, 0.845983
-1.462500e-03, -1.696500e-03, 0.845983
-1.345500e-03, -1.696500e-03, 0.845983
-1.228500e-03, -1.696500e-03, 0.845983
-1.111500e-03, -1.696500e-03, 0.680695
-9.945000e-04, -1.696500e-03, 0.038966
-8.775000e-04, -1.696500e-03, 1.000000
-7.605000e-04, -1.696500e-03, 1.000000
-6.435000e-04, -1.696500e-03, 0.925113
-5.265000e-04, -1.696500e-03, 0.985386
-4.095000e-04, -1.696500e-03, 1.000000
-2.925000e-04, -1.696500e-03, 0.798291
-1.755000e-04, -1.696500e-03, 0.535299
-5.850000e-05, -1.696500e-03, 1.000000
5.850000e-05, -1.696500e-03, 1.000000
1.755000e-04, -1.696500e-03, 0.910536
2.925000e-04, -1.696500e-03, 0.999963
4.095000e-04, -1.696500e-03, 1.000000
5.265000e-04, -1.696500e-03, 0.985386
6.435000e-04, -1.696500e-03, 0.925113
7.605000e-04, -1.696500e-03, 1.000000
8.775000e-04, -1.696500e-03, 1.000000
9.945000e-04, -1.696500e-03, 0.564477
1.111500e-03, -1.696500e-03, 0.883537
1.228500e-03, -1.696500e-03, 0.978205
1.345500e-03, -1.696500e-03, 0.978205
1.462500e-03, -1.696500e-03, 0.978205
1.579500e-03, -1.696500e-03, 0.978205
1.696500e-03, -1.696500e-03, 0.689818
1.813500e-03, -1.696500e-03, 0.814434
1.930500e-03, -1.696500e-03, 1.000000
2.047500e-03, -1.696500e-03, 1.000000
2.164500e-03, -1.696500e-03, 0.915761
2.281500e-03, -1.696500e-03, 0.994738
2.398500e-03, -1.696500e-03, 1.000000
2.515500e-03, -1.696500e-03, 1.000000
2.632500e-03, -1.696500e-03, 1.000000
2.749500e-03, -1.696500e-03, 1.000000
2.866500e-03, -1.696500e-03, 1.000000
2.983500e-03, -1.696500e-03, 0.454701
3.100500e-03, -1.696500e-03, 1.000000
3.217500e-03, -1.696500e-03, 1.000000
3.334500e-03, -1.696500e-03, 1.000000
3.451500e-03, -1.696500e-03, 1.000000
3.568500e-03, -1.696500e-03, 1.000000
3.685500e-03, -1.696500e-03, 0.123504
3.802500e-03, -1.696500e-03, 0.000000
3.919500e-03, -1.696500e-03, 0.000000
4.036500e-03, -1.696500e-03, 0.000000
4.153500e-03, -1.696500e-03, 0.000000
4.270500e-03, -1.696500e-03, 0.184459
4.387500e-03, -1.696500e-03, 0.779396
4.504500e-03, -1.696500e-03, 0.690301
4.621500e-03, -1.696500e-03, 0.006585
4.738500e-03, -1.696500e-03, 0.613566
4.855500e-03, -1.696500e-03, 0.690101
4.972500e-03, -1.696500e-03, 0.632377
5.089500e-03, -1.696500e-03, 0.310546
5.206500e-03, -1.696500e-03, 0.761246
5.323500e-03, -1.696500e-03, 0.455378
5.440500e-03, -1.696500e-03, 0.105891
5.557500e-03, -1.696500e-03, 0.696709
5.674500e-03, -1.696500e-03, 0.527029
5.791500e-03, -1.696500e-03, 0.000000
-5.791500e-03, -1.579500e-03, 0.001091
-5.674500e-03, -1.579500e-03, 0.937254
-5.557500e-03, -1.579500e-03, 1.000000
-5.440500e-03, -1.579500e-03, 0.784544
-5.323500e-03, -1.579500e-03, 0.937619
-5.206500e-03, -1.579500e-03, 1.000000
-5.089500e-03, -1.579500e-03, 0.937619
-4.972500e-03, -1.579500e-03, 1.000000
-4.855500e-03, -1.579500e-03, 0.882090
-4.738500e-03, -1.579500e-03, 0.834701
-4.621500e-03, -1.579500e-03, 0.602314
-4.504500e-03, -1.579500e-03, 0.927145
-4.387500e-03, -1.579500e-03, 1.000000
-4.270500e-03, -1.579500e-03, 0.704544
-4.153500e-03, -1.579500e-03, 0.749711
-4.036500e-03, -1.579500e-03, 1.000000
-3.919500e-03, -1.579500e-03, 0.952303
-3.802500e-03, -1.579500e-03, 0.999814
-3.685500e-03, -1.579500e-03, 1.000000
-3.568500e-03, -1.579500e-03, 1.000000
-3.451500e-03, -1.579500e-03, 1.000000
-3.334500e-03, -1.579500e-03, 0.917521
-3.217500e-03, -1.579500e-03, 0.683761
-3.100500e-03, -1.579500e-03, 0.926132
-2.983500e-03, -1.579500e-03, 1.000000
-2.866500e-03, -1.579500e-03, 1.000000
-2.749500e-03, -1.579500e-03, 1.000000
-2.632500e-03, -1.579500e-03, 0.450868
-2.515500e-03, -1.579500e-03, 0.992790
-2.398500e-03, -1.579500e-03, 1.000000
-2.281500e-03, -1.579500e-03, 0.999913
-2.164500e-03, -1.579500e-03, 0.381006
-2.047500e-03, -1.579500e-03, 0.000000
-1.930500e-03, -1.579500e-03, 0.021728
-1.813500e-03, -1.579500e-03, 0.686733
-1.696500e-03, -1.579500e-03, 1.000000
-1.579500e-03, -1.579500e-03, 1.000000
-1.462500e-03, -1.579500e-03, 1.000000
-1.345500e-03, -1.579500e-03, 1.000000
-1.228500e-03, -1.579500e-03, 1.000000
-1.111500e-03, -1.579500e-03, 1.000000
-9.945000e-04, -1.579500e-03, 0.110813
-8.775000e-04, -1.579500e-03, 0.983599
-7.605000e-04, -1.579500e-03, 1.000000
-6.435000e-04, -1.579500e-03, 1.000000
-5.265000e-04, -1.579500e-03, 1.000000
-4.095000e-04, -1.579500e-03, 1.000000
-2.925000e-04, -1.579500e-03, 0.770527
-1.755000e-04, -1.579500e-03, 0.535299
-5.850000e-05, -1.579500e-03, 1.000000
5.850000e-05, -1.579500e-03, 1.000000
1.755000e-04, -1.579500e-03, 1.000000
2.925000e-04, -1.579500e-03, 1.000000
4.095000e-04, -1.579500e-03, 1.000000
5.265000e-04, -1.579500e-03, 1.000000
6.435000e-04, -1.579500e-03, 1.000000
7.605000e-04, -1.579500e-03, 1.000000
8.775000e-04, -1.579500e-03, 1.000000
9.945000e-04, -1.579500e-03, 0.615912
1.111500e-03, -1.579500e-03, 1.000000
1.228500e-03, -1.579500e-03, 1.000000
1.345500e-03, -1.579500e-03, 1.000000
1.462500e-03, -1.579500e-03, 1.000000
1.579500e-03, -1.579500e-03, 1.000000
1.696500e-03, -1.579500e-03, 1.000000
1.813500e-03, -1.579500e-03, 0.551186
1.930500e-03, -1.579500e-03, 0.997586
2.047500e-03, -1.579500e-03, 1.000000
2.164500e-03, -1.579500e-03, 1.000000
2.281500e-03, -1.579500e-03, 1.000000
2.398500e-03, -1.579500e-03, 1.000000
2.515500e-03, -1.579500e-03, 1.000000
2.632500e-03, -1.579500e-03, 1.000000
2.749500e-03, -1.579500e-03, 1.000000
2.866500e-03, -1.579500e-03, 1.000000
2.983500e-03, -1.579500e-03, 0.454701
3.100500e-03, -1.579500e-03, 1.000000
3.217500e-03, -1.579500e-03, 1.000000
3.334500e-03, -1.579500e-03, 0.991269
3.451500e-03, -1.579500e-03, 1.000000
3.568500e-03, -1.579500e-03, 1.000000
3.685500e-03, -1.579500e-03, 0.123504
3.802500e-03, -1.579500e-03, 0.000000
3.919500e-03, -1.579500e-03, 0.000000
4.036500e-03, -1.579500e-03, 0.000000
4.153500e-03, -1.579500e-03, 0.000000
4.270500e-03, -1.579500e-03, 0.468259
4.387500e-03, -1.579500e-03, 1.000000
4.504500e-03, -1.579500e-03, 0.696067
4.621500e-03, -1.579500e-03, 0.058178
4.738500e-03, -1.579500e-03, 0.991278
4.855500e-03, -1.579500e-03, 0.997307
4.972500e-03, -1.579500e-03, 0.679111
5.089500e-03, -1.579500e-03, 0.712239
5.206500e-03, -1.579500e-03, 1.000000
5.323500e-03, -1.579500e-03, 0.519541
5.440500e-03, -1.579500e-03, 0.272439
5.557500e-03, -1.579500e-03, 1.000000
5.674500e-03, -1.579500e-03, 0.937254
5.791500e-03, -1.579500e-03, 0.001091
-5.791500e-03, -1.462500e-03, 0.042228
-5.674500e-03, -1.462500e-03, 0.530156
-5.557500e-03, -1.462500e-03, 0.772622
-5.440500e-03, -1.462500e-03, 0.951627
-5.323500e-03, -1.462500e-03, 1.000000
-5.206500e-03, -1.462500e-03, 0.937619
-5.089500e-03, -1.462500e-03, 1.000000
-4.972500e-03, -1.462500e-03, 1.000000
-4.855500e-03, -1.462500e-03, 0.916509
-4.738500e-03, -1.462500e-03, 0.809688
-4.621500e-03, -1.462500e-03, 0.531490
-4.504500e-03, -1.462500e-03, 0.696825
-4.387500e-03, -1.462500e-03, 0.627524
-4.270500e-03, -1.462500e-03, 0.495571
-4.153500e-03, -1.462500e-03, 0.762882
-4.036500e-03, -1.462500e-03, 0.856121
-3.919500e-03, -1.462500e-03, 0.909084
-3.802500e-03, -1.462500e-03, 1.000000
-3.685500e-03, -1.462500e-03, 1.000000
-3.568500e-03, -1.462500e-03, 0.822594
-3.451500e-03, -1.462500e-03, 0.646574
-3.334500e-03, -1.462500e-03, 0.917521
-3.217500e-03, -1.462500e-03, 0.683761
-3.100500e-03, -1.462500e-03, 0.926132
-2.983500e-03, -1.462500e-03, 0.912257
-2.866500e-03, -1.462500e-03, 0.686280
-2.749500e-03, -1.462500e-03, 1.000000
-2.632500e-03, -1.462500e-03, 0.488376
-2.515500e-03, -1.462500e-03, 1.000000
-2.398500e-03, -1.462500e-03, 1.000000
-2.281500e-03, -1.462500e-03, 1.000000
-2.164500e-03, -1.462500e-03, 0.845815
-2.047500e-03, -1.462500e-03, 0.095750
-1.930500e-03, -1.462500e-03, 0.272028
-1.813500e-03, -1.462500e-03, 1.000000
-1.696500e-03, -1.462500e-03, 1.000000
-1.579500e-03, -1.462500e-03, 1.000000
-1.462500e-03, -1.462500e-03, 1.000000
-1.345500e-03, -1.462500e-03, 1.000000
-1.228500e-03, -1.462500e-03, 1.000000
-1.111500e-03, -1.462500e-03, 1.000000
-9.945000e-04, -1.462500e-03, 0.687815
-8.775000e-04, -1.462500e-03, 0.309307
-7.605000e-04, -1.462500e-03, 0.501650
-6.435000e-04, -1.462500e-03, 0.630943
-5.265000e-04, -1.462500e-03, 0.516494
-4.095000e-04, -1.462500e-03, 0.509060
-2.925000e-04, -1.462500e-03, 0.291829
-1.755000e-04, -1.462500e-03, 0.884718
-5.850000e-05, -1.462500e-03, 1.000000
5.850000e-05, -1.462500e-03, 1.000000
1.755000e-04, -1.462500e-03, 0.642467
2.925000e-04, -1.462500e-03, 0.935561
4.095000e-04, -1.462500e-03, 1.000000
5.265000e-04, -1.462500e-03, 0.864077
6.435000e-04, -1.462500e-03, 0.713951
7.605000e-04, -1.462500e-03, 1.000000
8.775000e-04, -1.462500e-03, 1.000000
9.945000e-04, -1.462500e-03, 0.599285
1.111500e-03, -1.462500e-03, 1.000000
1.228500e-03, -1.462500e-03, 1.000000
1.345500e-03, -1.462500e-03, 1.000000
1.462500e-03, -1.462500e-03, 1.000000
1.579500e-03, -1.462500e-03, 1.000000
1.696500e-03, -1.462500e-03, 1.000000
1.813500e-03, -1.462500e-03, 0.896157
1.930500e-03, -1.462500e-03, 0.577017
2.047500e-03, -1.462500e-03, 0.840769
2.164500e-03, -1.462500e-03, 0.840769
2.281500e-03, -1.462500e-03, 0.840769
2.398500e-03, -1.462500e-03, 0.879182
2.515500e-03, -1.462500e-03, 1.000000
2.632500e-03, -1.462500e-03, 1.000000
2.749500e-03, -1.462500e-03, 1.000000
2.866500e-03, -1.462500e-03, 1.000000
2.983500e-03, -1.462500e-03, 0.454701
3.100500e-03, -1.462500e-03, 1.000000
3.217500e-03, -1.462500e-03, 0.999922
3.334500e-03, -1.462500e-03, 0.277531
3.451500e-03, -1.462500e-03, 0.871306
3.568500e-03, -1.462500e-03, 1.000000
3.685500e-03, -1.462500e-03, 0.123504
3.802500e-03, -1.462500e-03, 0.000000
3.919500e-03, -1.462500e-03, 0.000000
4.036500e-03, -1.462500e-03, 0.000000
4.153500e-03, -1.462500e-03, 0.000000
4.270500e-03, -1.462500e-03, 0.043257
4.387500e-03, -1.462500e-03, 0.408259
4.504500e-03, -1.462500e-03, 0.116574
4.621500e-03, -1.462500e-03, 0.000000
4.738500e-03, -1.462500e-03, 0.271860
4.855500e-03, -1.462500e-03, 0.296230
4.972500e-03, -1.462500e-03, 0.142019
5.089500e-03, -1.462500e-03, 0.558277
5.206500e-03, -1.462500e-03, 0.437282
5.323500e-03, -1.462500e-03, 0.073843
5.440500e-03, -1.462500e-03, 0.749186
5.557500e-03, -1.462500e-03, 0.861677
5.674500e-03, -1.462500e-03, 0.223925
5.791500e-03, -1.462500e-03, 0.000000
-5.791500e-03, -1.345500e-03, 0.145299
-5.674500e-03, -1.345500e-03, 1.000000
-5.557500e-03, -1.345500e-03, 1.000000
-5.440500e-03, -1.345500e-03, 1.000000
-5.323500e-03, -1.345500e-03, 1.000000
-5.206500e-03, -1.345500e-03, 0.937619
-5.089500e-03, -1.345500e-03, 1.000000
-4.972500e-03, -1.345500e-03, 1.000000
-4.855500e-03, -1.345500e-03, 0.890024
-4.738500e-03, -1.345500e-03, 0.905632
-4.621500e-03, -1.345500e-03, 0.716894
-4.504500e-03, -1.345500e-03, 0.523478
-4.387500e-03, -1.345500e-03, 0.694528
-4.270500e-03, -1.345500e-03, 0.910395
-4.153500e-03, -1.345500e-03, 1.000000
-4.036500e-03, -1.345500e-03, 1.000000
-3.919500e-03, -1.345500e-03, 1.000000
-3.802500e-03, -1.345500e-03, 0.991865
-3.685500e-03, -1.345500e-03, 1.000000
-3.568500e-03, -1.345500e-03, 0.873188
-3.451500e-03, -1.345500e-03, 0.722528
-3.334500e-03, -1.345500e-03, 0.917521
-3.217500e-03, -1.345500e-03, 0.683761
-3.100500e-03, -1.345500e-03, 0.926132
-2.983500e-03, -1.345500e-03, 0.867706
-2.866500e-03, -1.345500e-03, 0.598642
-2.749500e-03, -1.345500e-03, 1.000000
-2.632500e-03, -1.345500e-03, 0.488376
-2.515500e-03, -1.345500e-03, 1.000000
-2.398500e-03, -1.345500e-03, 1.000000
-2.281500e-03, -1.345500e-03, 0.868371
-2.164500e-03, -1.345500e-03, 0.998545
-2.047500e-03, -1.345500e-03, 0.841857
-1.930500e-03, -1.345500e-03, 0.253185
-1.813500e-03, -1.345500e-03, 0.849227
-1.696500e-03, -1.345500e-03, 0.585592
-1.579500e-03, -1.345500e-03, 0.724943
-1.462500e-03, -1.345500e-03, 0.684432
-1.345500e-03, -1.345500e-03, 1.000000
-1.228500e-03, -1.345500e-03, 1.000000
-1.111500e-03, -1.345500e-03, 1.000000
-9.945000e-04, -1.345500e-03, 1.000000
-8.775000e-04, -1.345500e-03, 0.961868
-7.605000e-04, -1.345500e-03, 0.959496
-6.435000e-04, -1.345500e-03, 1.000000
-5.265000e-04, -1.345500e-03, 0.991075
-4.095000e-04, -1.345500e-03, 0.950171
-2.925000e-04, -1.345500e-03, 0.977302
-1.755000e-04, -1.345500e-03, 1.000000
-5.850000e-05, -1.345500e-03, 1.000000
5.850000e-05, -1.345500e-03, 1.000000
1.755000e-04, -1.345500e-03, 0.577011
2.925000e-04, -1.345500e-03, 0.909845
4.095000e-04, -1.345500e-03, 1.000000
5.265000e-04, -1.345500e-03, 0.827257
6.435000e-04, -1.345500e-03, 0.659599
7.605000e-04, -1.345500e-03, 1.000000
8.775000e-04, -1.345500e-03, 1.000000
9.945000e-04, -1.345500e-03, 0.780014
1.111500e-03, -1.345500e-03, 0.679145
1.228500e-03, -1.345500e-03, 0.679145
1.345500e-03, -1.345500e-03, 0.596468
1.462500e-03, -1.345500e-03, 0.994927
1.579500e-03, -1.345500e-03, 1.000000
1.696500e-03, -1.345500e-03, 1.000000
1.813500e-03, -1.345500e-03, 1.000000
1.930500e-03, -1.345500e-03, 0.911823
2.047500e-03, -1.345500e-03, 0.721282
2.164500e-03, -1.345500e-03, 0.721282
2.281500e-03, -1.345500e-03, 0.721282
2.398500e-03, -1.345500e-03, 0.608101
2.515500e-03, -1.345500e-03, 0.672500
2.632500e-03, -1.345500e-03, 1.000000
2.749500e-03, -1.345500e-03, 1.000000
2.866500e-03, -1.345500e-03, 1.000000
2.983500e-03, -1.345500e-03, 0.454701
3.100500e-03, -1.345500e-03, 1.000000
3.217500e-03, -1.345500e-03, 1.000000
3.334500e-03, -1.345500e-03, 0.924856
3.451500e-03, -1.345500e-03, 1.000000
3.568500e-03, -1.345500e-03, 1.000000
3.685500e-03, -1.345500e-03, 0.123504
3.802500e-03, -1.345500e-03, 0.000000
3.919500e-03, -1.345500e-03, 0.000000
4.036500e-03, -1.345500e-03, 0.000000
4.153500e-03, -1.345500e-03, 0.000000
4.270500e-03, -1.345500e-03, 0.000000
4.387500e-03, -1.345500e-03, 0.000000
4.504500e-03, -1.345500e-03, 0.000000
4.621500e-03, -1.345500e-03, 0.000000
4.738500e-03, -1.345500e-03, 0.000000
4.855500e-03, -1.345500e-03, 0.142019
4.972500e-03, -1.345500e-03, 0.459796
5.089500e-03, -1.345500e-03, 0.071456
5.206500e-03, -1.345500e-03, 0.342442
5.323500e-03, -1.345500e-03, 0.206734
5.440500e-03, -1.345500e-03, 0.986858
5.557500e-03, -1.345500e-03, 0.244296
5.674500e-03, -1.345500e-03, 0.000000
5.791500e-03, -1.345500e-03, 0.000000
-5.791500e-03, -1.228500e-03, 0.145299
-5.674500e-03, -1.228500e-03, 1.000000
-5.557500e-03, -1.228500e-03, 0.616203
-5.440500e-03, -1.228500e-03, 0.938982
-5.323500e-03, -1.228500e-03, 0.938080
-5.206500e-03, -1.228500e-03, 1.000000
-5.089500e-03, -1.228500e-03, 0.938080
-4.972500e-03, -1.228500e-03, 0.899926
-4.855500e-03, -1.228500e-03, 0.997213
-4.738500e-03, -1.228500e-03, 0.984054
-4.621500e-03, -1.228500e-03, 0.967036
-4.504500e-03, -1.228500e-03, 0.738439
-4.387500e-03, -1.228500e-03, 1.000000
-4.270500e-03, -1.228500e-03, 0.823124
-4.153500e-03, -1.228500e-03, 1.000000
-4.036500e-03, -1.228500e-03, 1.000000
-3.919500e-03, -1.228500e-03, 0.990816
-3.802500e-03, -1.228500e-03, 0.232976
-3.685500e-03, -1.228500e-03, 0.926162
-3.568500e-03, -1.228500e-03, 1.000000
-3.451500e-03, -1.228500e-03, 1.000000
-3.334500e-03, -1.228500e-03, 0.917521
-3.217500e-03, -1.228500e-03, 0.683761
-3.100500e-03, -1.228500e-03, 0.926132
-2.983500e-03, -1.228500e-03, 1.000000
-2.866500e-03, -1.228500e-03, 1.000000
-2.749500e-03, -1.228500e-03, 1.000000
-2.632500e-03, -1.228500e-03, 0.488376
-2.515500e-03, -1.228500e-03, 1.000000
-2.398500e-03, -1.228500e-03, 1.000000
-2.281500e-03, -1.228500e-03, 0.335596
-2.164500e-03, -1.228500e-03, 0.862381
-2.047500e-03, -1.228500e-03, 1.000000
-1.930500e-03, -1.228500e-03, 0.919616
-1.813500e-03, -1.228500e-03, 0.831966
-1.696500e-03, -1.228500e-03, 0.943859
-1.579500e-03, -1.228500e-03, 1.000000
-1.462500e-03, -1.228500e-03, 0.733980
-1.345500e-03, -1.228500e-03, 0.777826
-1.228500e-03, -1.228500e-03, 1.000000
-1.111500e-03, -1.228500e-03, 1.000000
-9.945000e-04, -1.228500e-03, 1.000000
-8.775000e-04, -1.228500e-03, 1.000000
-7.605000e-04, -1.228500e-03, 1.000000
-6.435000e-04, -1.228500e-03, 1.000000
-5.265000e-04, -1.228500e-03, 1.000000
-4.095000e-04, -1.228500e-03, 1.000000
-2.925000e-04, -1.228500e-03, 1.000000
-1.755000e-04, -1.228500e-03, 1.000000
-5.850000e-05, -1.228500e-03, 1.000000
5.850000e-05, -1.228500e-03, 1.000000
1.755000e-04, -1.228500e-03, 1.000000
2.925000e-04, -1.228500e-03, 1.000000
4.095000e-04, -1.228500e-03, 1.000000
5.265000e-04, -1.228500e-03, 1.000000
6.435000e-04, -1.228500e-03, 1.000000
7.605000e-04, -1.228500e-03, 1.000000
8.775000e-04, -1.228500e-03, 1.000000
9.945000e-04, -1.228500e-03, 1.000000
1.111500e-03, -1.228500e-03, 1.000000
1.228500e-03, -1.228500e-03, 1.000000
1.345500e-03, -1.228500e-03, 0.725726
1.462500e-03, -1.228500e-03, 0.987247
1.579500e-03, -1.228500e-03, 1.000000
1.696500e-03, -1.228500e-03, 1.000000
1.813500e-03, -1.228500e-03, 1.000000
1.930500e-03, -1.228500e-03, 1.000000
2.047500e-03, -1.228500e-03, 1.000000
2.164500e-03, -1.228500e-03, 1.000000
2.281500e-03, -1.228500e-03, 1.000000
2.398500e-03, -1.228500e-03, 1.000000
2.515500e-03, -1.228500e-03, 0.683150
2.632500e-03, -1.228500e-03, 0.875252
2.749500e-03, -1.228500e-03, 1.000000
2.866500e-03, -1.228500e-03, 1.000000
2.983500e-03, -1.228500e-03, 0.454701
3.100500e-03, -1.228500e-03, 1.000000
3.217500e-03, -1.228500e-03, 1.000000
3.334500e-03, -1.228500e-03, 1.000000
3.451500e-03, -1.228500e-03, 1.000000
3.568500e-03, -1.228500e-03, 1.000000
3.685500e-03, -1.228500e-03, 0.123504
3.802500e-03, -1.228500e-03, 0.000000
3.919500e-03, -1.228500e-03, 0.000000
4.036500e-03, -1.228500e-03, 0.000000
4.153500e-03, -1.228500e-03, 0.000000
4.270500e-03, -1.228500e-03, 0.000000
4.387500e-03, -1.228500e-03, 0.000000
4.504500e-03, -1.228500e-03, 0.000000
4.621500e-03, -1.228500e-03, 0.000000
4.738500e-03, -1.228500e-03, 0.000000
4.855500e-03, -1.228500e-03, 0.476183
4.972500e-03, -1.228500e-03, 0.002550
5.089500e-03, -1.228500e-03, 0.616348
5.206500e-03, -1.228500e-03, 1.000000
5.323500e-03, -1.228500e-03, 0.505237
5.440500e-03, -1.228500e-03, 0.046672
5.557500e-03, -1.228500e-03, 0.000000
5.674500e-03, -1.228500e-03, 0.000000
5.791500e-03, -1.228500e-03, 0.000000
-5.791500e-03, -1.111500e-03, 0.145299
-5.674500e-03, -1.111500e-03, 0.999998
-5.557500e-03, -1.111500e-03, 0.582767
-5.440500e-03, -1.111500e-03, 0.926934
-5.323500e-03, -1.111500e-03, 0.999539
-5.206500e-03, -1.111500e-03, 0.949969
-5.089500e-03, -1.111500e-03, 0.999539
-4.972500e-03, -1.111500e-03, 0.803625
-4.855500e-03, -1.111500e-03, 0.985209
-4.738500e-03, -1.111500e-03, 0.926868
-4.621500e-03, -1.111500e-03, 0.843266
-4.504500e-03, -1.111500e-03, 0.889532
-4.387500e-03, -1.111500e-03, 0.909510
-4.270500e-03, -1.111500e-03, 0.831055
-4.153500e-03, -1.111500e-03, 1.000000
-4.036500e-03, -1.111500e-03, 1.000000
-3.919500e-03, -1.111500e-03, 1.000000
-3.802500e-03, -1.111500e-03, 0.923065
-3.685500e-03, -1.111500e-03, 1.000000
-3.568500e-03, -1.111500e-03, 0.849811
-3.451500e-03, -1.111500e-03, 1.000000
-3.334500e-03, -1.111500e-03, 0.917521
-3.217500e-03, -1.111500e-03, 0.683761
-3.100500e-03, -1.111500e-03, 0.926132
-2.983500e-03, -1.111500e-03, 0.993341
-2.866500e-03, -1.111500e-03, 0.964923
-2.749500e-03, -1.111500e-03, 1.000000
-2.632500e-03, -1.111500e-03, 0.488376
-2.515500e-03, -1.111500e-03, 1.000000
-2.398500e-03, -1.111500e-03, 1.000000
-2.281500e-03, -1.111500e-03, 0.999992
-2.164500e-03, -1.111500e-03, 1.000000
-2.047500e-03, -1.111500e-03, 1.000000
-1.930500e-03, -1.111500e-03, 1.000000
-1.813500e-03, -1.111500e-03, 1.000000
-1.696500e-03, -1.111500e-03, 1.000000
-1.579500e-03, -1.111500e-03, 1.000000
-1.462500e-03, -1.111500e-03, 0.991570
-1.345500e-03, -1.111500e-03, 0.576118
-1.228500e-03, -1.111500e-03, 0.938540
-1.111500e-03, -1.111500e-03, 1.000000
-9.945000e-04, -1.111500e-03, 1.000000
-8.775000e-04, -1.111500e-03, 1.000000
-7.605000e-04, -1.111500e-03, 1.000000
-6.435000e-04, -1.111500e-03, 0.951998
-5.265000e-04, -1.111500e-03, 0.994738
-4.095000e-04, -1.111500e-03, 1.000000
-2.925000e-04, -1.111500e-03, 1.000000
-1.755000e-04, -1.111500e-03, 0.946736
-5.850000e-05, -1.111500e-03, 1.000000
5.850000e-05, -1.111500e-03, 1.000000
1.755000e-04, -1.111500e-03, 0.946736
2.925000e-04, -1.111500e-03, 1.000000
4.095000e-04, -1.111500e-03, 1.000000
5.265000e-04, -1.111500e-03, 0.994738
6.435000e-04, -1.111500e-03, 0.951998
7.605000e-04, -1.111500e-03, 1.000000
8.775000e-04, -1.111500e-03, 1.000000
9.945000e-04, -1.111500e-03, 0.946736
1.111500e-03, -1.111500e-03, 1.000000
1.228500e-03, -1.111500e-03, 1.000000
1.345500e-03, -1.111500e-03, 0.725726
1.462500e-03, -1.111500e-03, 0.991111
1.579500e-03, -1.111500e-03, 1.000000
1.696500e-03, -1.111500e-03, 1.000000
1.813500e-03, -1.111500e-03, 0.946736
1.930500e-03, -1.111500e-03, 1.000000
2.047500e-03, -1.111500e-03, 1.000000
2.164500e-03, -1.111500e-03, 0.947321
2.281500e-03, -1.111500e-03, 0.999415
2.398500e-03, -1.111500e-03, 1.000000
2.515500e-03, -1.111500e-03, 0.906685
2.632500e-03, -1.111500e-03, 0.834957
2.749500e-03, -1.111500e-03, 1.000000
2.866500e-03, -1.111500e-03, 1.000000
2.983500e-03, -1.111500e-03, 0.454701
3.100500e-03, -1.111500e-03, 1.000000
3.217500e-03, -1.111500e-03, 1.000000
3.334500e-03, -1.111500e-03, 0.970714
3.451500e-03, -1.111500e-03, 1.000000
3.568500e-03, -1.111500e-03, 1.000000
3.685500e-03, -1.111500e-03, 0.123504
3.802500e-03, -1.111500e-03, 0.000000
3.919500e-03, -1.111500e-03, 0.000000
4.036500e-03, -1.111500e-03, 0.000000
4.153500e-03, -1.111500e-03, 0.000000
4.270500e-03, -1.111500e-03, 0.000000
4.387500e-03, -1.111500e-03, 0.000000
4.504500e-03, -1.111500e-03, 0.000000
4.621500e-03, -1.111500e-03, 0.000000
4.738500e-03, -1.111500e-03, 0.125960
4.855500e-03, -1.111500e-03, 0.882612
4.972500e-03, -1.111500e-03, 0.091234
5.089500e-03, -1.111500e-03, 0.339075
5.206500e-03, -1.111500e-03, 0.829622
5.323500e-03, -1.111500e-03, 0.254246
5.440500e-03, -1.111500e-03, 0.000000
5.557500e-03, -1.111500e-03, 0.000000
5.674500e-03, -1.111500e-03, 0.000000
5.791500e-03, -1.111500e-03, 0.000000
-5.791500e-03, -9.945000e-04, 0.114567
-5.674500e-03, -9.945000e-04, 0.806987
-5.557500e-03, -9.945000e-04, 0.898816
-5.440500e-03, -9.945000e-04, 1.000000
-5.323500e-03, -9.945000e-04, 1.000000
-5.206500e-03, -9.945000e-04, 0.945563
-5.089500e-03, -9.945000e-04, 1.000000
-4.972500e-03, -9.945000e-04, 0.947763
-4.855500e-03, -9.945000e-04, 0.764373
-4.738500e-03, -9.945000e-04, 0.939246
-4.621500e-03, -9.945000e-04, 0.908661
-4.504500e-03, -9.945000e-04, 0.818233
-4.387500e-03, -9.945000e-04, 0.844267
-4.270500e-03, -9.945000e-04, 1.000000
-4.153500e-03, -9.945000e-04, 1.000000
-4.036500e-03, -9.945000e-04, 0.984324
-3.919500e-03, -9.945000e-04, 0.967443
-3.802500e-03, -9.945000e-04, 1.000000
-3.685500e-03, -9.945000e-04, 0.972329
-3.568500e-03, -9.945000e-04, 0.283233
-3.451500e-03, -9.945000e-04, 0.959511
-3.334500e-03, -9.945000e-04, 0.917521
-3.217500e-03, -9.945000e-04, 0.683761
-3.100500e-03, -9.945000e-04, 0.926132
-2.983500e-03, -9.945000e-04, 0.655528
-2.866500e-03, -9.945000e-04, 0.477750
-2.749500e-03, -9.945000e-04, 1.000000
-2.632500e-03, -9.945000e-04, 0.488376
-2.515500e-03, -9.945000e-04, 1.000000
-2.398500e-03, -9.945000e-04, 1.000000
-2.281500e-03, -9.945000e-04, 1.000000
-2.164500e-03, -9.945000e-04, 0.931099
-2.047500e-03, -9.945000e-04, 0.679402
-1.930500e-03, -9.945000e-04, 0.708945
-1.813500e-03, -9.945000e-04, 0.996995
-1.696500e-03, -9.945000e-04, 1.000000
-1.579500e-03, -9.945000e-04, 1.000000
-1.462500e-03, -9.945000e-04, 1.000000
-1.345500e-03, -9.945000e-04, 0.989444
-1.228500e-03, -9.945000e-04, 0.602334
-1.111500e-03, -9.945000e-04, 0.572139
-9.945000e-04, -9.945000e-04, 0.998600
-8.775000e-04, -9.945000e-04, 1.000000
-7.605000e-04, -9.945000e-04, 1.000000
-6.435000e-04, -9.945000e-04, 0.440223
-5.265000e-04, -9.945000e-04, 0.696633
-4.095000e-04, -9.945000e-04, 1.000000
-2.925000e-04, -9.945000e-04, 0.845407
-1.755000e-04, -9.945000e-04, 0.291449
-5.850000e-05, -9.945000e-04, 1.000000
5.850000e-05, -9.945000e-04, 1.000000
1.755000e-04, -9.945000e-04, 0.291449
2.925000e-04, -9.945000e-04, 0.845407
4.095000e-04, -9.945000e-04, 1.000000
5.265000e-04, -9.945000e-04, 0.696633
6.435000e-04, -9.945000e-04, 0.440223
7.605000e-04, -9.945000e-04, 1.000000
8.775000e-04, -9.945000e-04, 0.981293
9.945000e-04, -9.945000e-04, 0.208827
1.111500e-03, -9.945000e-04, 0.946736
1.228500e-03, -9.945000e-04, 1.000000
1.345500e-03, -9.945000e-04, 0.725726
1.462500e-03, -9.945000e-04, 0.991111
1.579500e-03, -9.945000e-04, 1.000000
1.696500e-03, -9.945000e-04, 0.910499
1.813500e-03, -9.945000e-04, 0.231034
1.930500e-03, -9.945000e-04, 0.995322
2.047500e-03, -9.945000e-04, 1.000000
2.164500e-03, -9.945000e-04, 0.373635
2.281500e-03, -9.945000e-04, 0.763220
2.398500e-03, -9.945000e-04, 1.000000
2.515500e-03, -9.945000e-04, 0.906667
2.632500e-03, -9.945000e-04, 0.834957
2.749500e-03, -9.945000e-04, 1.000000
2.866500e-03, -9.945000e-04, 1.000000
2.983500e-03, -9.945000e-04, 0.454701
3.100500e-03, -9.945000e-04, 1.000000
3.217500e-03, -9.945000e-04, 0.981873
3.334500e-03, -9.945000e-04, 0.205138
3.451500e-03, -9.945000e-04, 0.945745
3.568500e-03, -9.945000e-04, 1.000000
3.685500e-03, -9.945000e-04, 0.123504
3.802500e-03, -9.945000e-04, 0.000000
3.919500e-03, -9.945000e-04, 0.000000
4.036500e-03, -9.945000e-04, 0.000000
4.153500e-03, -9.945000e-04, 0.000000
4.270500e-03, -9.945000e-04, 0.000000
4.387500e-03, -9.945000e-04, 0.000000
4.504500e-03, -9.945000e-04, 0.000000
4.621500e-03, -9.945000e-04, 0.000000
4.738500e-03, -9.945000e-04, 0.074063
4.855500e-03, -9.945000e-04, 0.572628
4.972500e-03, -9.945000e-04, 0.051286
5.089500e-03, -9.945000e-04, 0.000000
5.206500e-03, -9.945000e-04, 0.000000
5.323500e-03, -9.945000e-04, 0.000000
5.440500e-03, -9.945000e-04, 0.376378
5.557500e-03, -9.945000e-04, 0.543590
5.674500e-03, -9.945000e-04, 0.187840
5.791500e-03, -9.945000e-04, 0.000000
-5.791500e-03, -8.775000e-04, 0.000000
-5.674500e-03, -8.775000e-04, 0.681599
-5.557500e-03, -8.775000e-04, 0.875898
-5.440500e-03, -8.775000e-04, 0.831181
-5.323500e-03, -8.775000e-04, 0.993860
-5.206500e-03, -8.775000e-04, 0.979705
-5.089500e-03, -8.775000e-04, 0.993860
-4.972500e-03, -8.775000e-04, 0.893972
-4.855500e-03, -8.775000e-04, 0.870309
-4.738500e-03, -8.775000e-04, 0.863141
-4.621500e-03, -8.775000e-04, 0.905182
-4.504500e-03, -8.775000e-04, 0.935612
-4.387500e-03, -8.775000e-04, 0.932266
-4.270500e-03, -8.775000e-04, 1.000000
-4.153500e-03, -8.775000e-04, 0.802387
-4.036500e-03, -8.775000e-04, 0.961861
-3.919500e-03, -8.775000e-04, 0.909207
-3.802500e-03, -8.775000e-04, 0.981199
-3.685500e-03, -8.775000e-04, 1.000000
-3.568500e-03, -8.775000e-04, 1.000000
-3.451500e-03, -8.775000e-04, 1.000000
-3.334500e-03, -8.775000e-04, 0.917521
-3.217500e-03, -8.775000e-04, 0.683761
-3.100500e-03, -8.775000e-04, 0.926132
-2.983500e-03, -8.775000e-04, 0.997234
-2.866500e-03, -8.775000e-04, 0.976109
-2.749500e-03, -8.775000e-04, 1.000000
-2.632500e-03, -8.775000e-04, 0.488376
-2.515500e-03, -8.775000e-04, 1.000000
-2.398500e-03, -8.775000e-04, 1.000000
-2.281500e-03, -8.775000e-04, 0.964595
-2.164500e-03, -8.775000e-04, 0.436602
-2.047500e-03, -8.775000e-04, 0.879233
-1.930500e-03, -8.775000e-04, 0.714396
-1.813500e-03, -8.775000e-04, 0.467682
-1.696500e-03, -8.775000e-04, 0.996995
-1.579500e-03, -8.775000e-04, 1.000000
-1.462500e-03, -8.775000e-04, 1.000000
-1.345500e-03, -8.775000e-04, 1.000000
-1.228500e-03, -8.775000e-04, 1.000000
-1.111500e-03, -8.775000e-04, 0.860770
-9.945000e-04, -8.775000e-04, 0.668354
-8.775000e-04, -8.775000e-04, 1.000000
-7.605000e-04, -8.775000e-04, 1.000000
-6.435000e-04, -8.775000e-04, 0.981330
-5.265000e-04, -8.775000e-04, 0.999963
-4.095000e-04, -8.775000e-04, 1.000000
-2.925000e-04, -8.775000e-04, 1.000000
-1.755000e-04, -8.775000e-04, 0.981293
-5.850000e-05, -8.775000e-04, 1.000000
5.850000e-05, -8.775000e-04, 1.000000
1.755000e-04, -8.775000e-04, 0.981293
2.925000e-04, -8.775000e-04, 1.000000
4.095000e-04, -8.775000e-04, 1.000000
5.265000e-04, -8.775000e-04, 0.999963
6.435000e-04, -8.775000e-04, 0.981330
7.605000e-04, -8.775000e-04, 1.000000
8.775000e-04, -8.775000e-04, 1.000000
9.945000e-04, -8.775000e-04, 0.981293
1.111500e-03, -8.775000e-04, 1.000000
1.228500e-03, -8.775000e-04, 1.000000
1.345500e-03, -8.775000e-04, 0.725726
1.462500e-03, -8.775000e-04, 0.991111
1.579500e-03, -8.775000e-04, 1.000000
1.696500e-03, -8.775000e-04, 1.000000
1.813500e-03, -8.775000e-04, 0.981293
1.930500e-03, -8.775000e-04, 1.000000
2.047500e-03, -8.775000e-04, 1.000000
2.164500e-03, -8.775000e-04, 0.981293
2.281500e-03, -8.775000e-04, 1.000000
2.398500e-03, -8.775000e-04, 1.000000
2.515500e-03, -8.775000e-04, 0.906667
2.632500e-03, -8.775000e-04, 0.834957
2.749500e-03, -8.775000e-04, 1.000000
2.866500e-03, -8.775000e-04, 1.000000
2.983500e-03, -8.775000e-04, 0.454701
3.100500e-03, -8.775000e-04, 1.000000
3.217500e-03, -8.775000e-04, 1.000000
3.334500e-03, -8.775000e-04, 0.961415
3.451500e-03, -8.775000e-04, 1.000000
3.568500e-03, -8.775000e-04, 1.000000
3.685500e-03, -8.775000e-04, 0.123504
3.802500e-03, -8.775000e-04, 0.000000
3.919500e-03, -8.775000e-04, 0.000000
4.036500e-03, -8.775000e-04, 0.000000
4.153500e-03, -8.775000e-04, 0.000000
4.270500e-03, -8.775000e-04, 0.262690
4.387500e-03, -8.775000e-04, 0.921080
4.504500e-03, -8.775000e-04, 0.455191
4.621500e-03, -8.775000e-04, 0.000000
4.738500e-03, -8.775000e-04, 0.000000
4.855500e-03, -8.775000e-04, 0.000000
4.972500e-03, -8.775000e-04, 0.309393
5.089500e-03, -8.775000e-04, 0.833591
5.206500e-03, -8.775000e-04, 0.923639
5.323500e-03, -8.775000e-04, 0.305220
5.440500e-03, -8.775000e-04, 0.904017
5.557500e-03, -8.775000e-04, 1.000000
5.674500e-03, -8.775000e-04, 0.926790
5.791500e-03, -8.775000e-04, 0.030102
-5.791500e-03, -7.605000e-04, 0.001091
-5.674500e-03, -7.605000e-04, 0.893602
-5.557500e-03, -7.605000e-04, 1.000000
-5.440500e-03, -7.605000e-04, 0.782807
-5.323500e-03, -7.605000e-04, 0.943759
-5.206500e-03, -7.605000e-04, 1.000000
-5.089500e-03, -7.605000e-04, 0.943759
-4.972500e-03, -7.605000e-04, 0.821140
-4.855500e-03, -7.605000e-04, 0.972203
-4.738500e-03, -7.605000e-04, 0.960100
-4.621500e-03, -7.605000e-04, 0.866668
-4.504500e-03, -7.605000e-04, 0.863247
-4.387500e-03, -7.605000e-04, 0.850591
-4.270500e-03, -7.605000e-04, 0.556884
-4.153500e-03, -7.605000e-04, 0.699832
-4.036500e-03, -7.605000e-04, 0.999976
-3.919500e-03, -7.605000e-04, 0.955669
-3.802500e-03, -7.605000e-04, 0.974350
-3.685500e-03, -7.605000e-04, 1.000000
-3.568500e-03, -7.605000e-04, 1.000000
-3.451500e-03, -7.605000e-04, 1.000000
-3.334500e-03, -7.605000e-04, 0.917521
-3.217500e-03, -7.605000e-04, 0.683761
-3.100500e-03, -7.605000e-04, 0.926132
-2.983500e-03, -7.605000e-04, 1.000000
-2.866500e-03, -7.605000e-04, 1.000000
-2.749500e-03, -7.605000e-04, 1.000000
-2.632500e-03, -7.605000e-04, 0.488376
-2.515500e-03, -7.605000e-04, 1.000000
-2.398500e-03, -7.605000e-04, 1.000000
-2.281500e-03, -7.605000e-04, 0.889316
-2.164500e-03, -7.605000e-04, 0.748077
-2.047500e-03, -7.605000e-04, 1.000000
-1.930500e-03, -7.605000e-04, 1.000000
-1.813500e-03, -7.605000e-04, 0.447551
-1.696500e-03, -7.605000e-04, 0.895087
-1.579500e-03, -7.605000e-04, 1.000000
-1.462500e-03, -7.605000e-04, 1.000000
-1.345500e-03, -7.605000e-04, 1.000000
-1.228500e-03, -7.605000e-04, 1.000000
-1.111500e-03, -7.605000e-04, 1.000000
-9.945000e-04, -7.605000e-04, 0.658974
-8.775000e-04, -7.605000e-04, 1.000000
-7.605000e-04, -7.605000e-04, 1.000000
-6.435000e-04, -7.605000e-04, 1.000000
-5.265000e-04, -7.605000e-04, 1.000000
-4.095000e-04, -7.605000e-04, 1.000000
-2.925000e-04, -7.605000e-04, 1.000000
-1.755000e-04, -7.605000e-04, 1.000000
-5.850000e-05, -7.605000e-04, 1.000000
5.850000e-05, -7.605000e-04, 1.000000
1.755000e-04, -7.605000e-04, 1.000000
2.925000e-04, -7.605000e-04, 1.000000
4.095000e-04, -7.605000e-04, 1.000000
5.265000e-04, -7.605000e-04, 1.000000
6.435000e-04, -7.605000e-04, 1.000000
7.605000e-04, -7.605000e-04, 1.000000
8.775000e-04, -7.605000e-04, 1.000000
9.945000e-04, -7.605000e-04, 1.000000
1.111500e-03, -7.605000e-04, 1.000000
1.228500e-03, -7.605000e-04, 1.000000
1.345500e-03, -7.605000e-04, 0.725726
1.462500e-03, -7.605000e-04, 0.991111
1.579500e-03, -7.605000e-04, 1.000000
1.696500e-03, -7.605000e-04, 1.000000
1.813500e-03, -7.605000e-04, 1.000000
1.930500e-03, -7.605000e-04, 1.000000
2.047500e-03, -7.605000e-04, 1.000000
2.164500e-03, -7.605000e-04, 1.000000
2.281500e-03, -7.605000e-04, 1.000000
2.398500e-03, -7.605000e-04, 1.000000
2.515500e-03, -7.605000e-04, 0.914824
2.632500e-03, -7.605000e-04, 0.834792
2.749500e-03, -7.605000e-04, 1.000000
2.866500e-03, -7.605000e-04, 1.000000
2.983500e-03, -7.605000e-04, 0.454701
3.100500e-03, -7.605000e-04, 1.000000
3.217500e-03, -7.605000e-04, 1.000000
3.334500e-03, -7.605000e-04, 1.000000
3.451500e-03, -7.605000e-04, 1.000000
3.568500e-03, -7.605000e-04, 1.000000
3.685500e-03, -7.605000e-04, 0.123504
3.802500e-03, -7.605000e-04, 0.000000
3.919500e-03, -7.605000e-04, 0.000000
4.036500e-03, -7.605000e-04, 0.000000
4.153500e-03, -7.605000e-04, 0.000000
4.270500e-03, -7.605000e-04, 0.424607
4.387500e-03, -7.605000e-04, 1.000000
4.504500e-03, -7.605000e-04, 0.991258
4.621500e-03, -7.605000e-04, 0.671664
4.738500e-03, -7.605000e-04, 0.036813
4.855500e-03, -7.605000e-04, 0.000000
4.972500e-03, -7.605000e-04, 0.166441
5.089500e-03, -7.605000e-04, 0.779000
5.206500e-03, -7.605000e-04, 1.000000
5.323500e-03, -7.605000e-04, 0.475889
5.440500e-03, -7.605000e-04, 0.904017
5.557500e-03, -7.605000e-04, 1.000000
5.674500e-03, -7.605000e-04, 0.983210
5.791500e-03, -7.605000e-04, 0.040243
-5.791500e-03, -6.435000e-04, 0.000000
-5.674500e-03, -6.435000e-04, 0.124151
-5.557500e-03, -6.435000e-04, 0.480388
-5.440500e-03, -6.435000e-04, 0.767161
-5.323500e-03, -6.435000e-04, 1.000000
-5.206500e-03, -6.435000e-04, 0.937619
-5.089500e-03, -6.435000e-04, 1.000000
-4.972500e-03, -6.435000e-04, 0.999741
-4.855500e-03, -6.435000e-04, 0.802819
-4.738500e-03, -6.435000e-04, 0.798021
-4.621500e-03, -6.435000e-04, 0.998149
-4.504500e-03, -6.435000e-04, 0.900471
-4.387500e-03, -6.435000e-04, 0.867194
-4.270500e-03, -6.435000e-04, 0.999872
-4.153500e-03, -6.435000e-04, 0.955015
-4.036500e-03, -6.435000e-04, 0.928166
-3.919500e-03, -6.435000e-04, 0.902883
-3.802500e-03, -6.435000e-04, 1.000000
-3.685500e-03, -6.435000e-04, 1.000000
-3.568500e-03, -6.435000e-04, 0.857461
-3.451500e-03, -6.435000e-04, 1.000000
-3.334500e-03, -6.435000e-04, 0.917521
-3.217500e-03, -6.435000e-04, 0.683761
-3.100500e-03, -6.435000e-04, 0.926132
-2.983500e-03, -6.435000e-04, 0.841438
-2.866500e-03, -6.435000e-04, 0.562255
-2.749500e-03, -6.435000e-04, 1.000000
-2.632500e-03, -6.435000e-04, 0.488376
-2.515500e-03, -6.435000e-04, 1.000000
-2.398500e-03, -6.435000e-04, 1.000000
-2.281500e-03, -6.435000e-04, 0.889316
-2.164500e-03, -6.435000e-04, 0.749573
-2.047500e-03, -6.435000e-04, 1.000000
-1.930500e-03, -6.435000e-04, 1.000000
-1.813500e-03, -6.435000e-04, 0.462308
-1.696500e-03, -6.435000e-04, 0.894701
-1.579500e-03, -6.435000e-04, 1.000000
-1.462500e-03, -6.435000e-04, 0.713951
-1.345500e-03, -6.435000e-04, 0.659599
-1.228500e-03, -6.435000e-04, 1.000000
-1.111500e-03, -6.435000e-04, 1.000000
-9.945000e-04, -6.435000e-04, 0.658974
-8.775000e-04, -6.435000e-04, 1.000000
-7.605000e-04, -6.435000e-04, 1.000000
-6.435000e-04, -6.435000e-04, 0.590892
-5.265000e-04, -6.435000e-04, 0.782658
-4.095000e-04, -6.435000e-04, 1.000000
-2.925000e-04, -6.435000e-04, 0.880513
-1.755000e-04, -6.435000e-04, 0.493037
-5.850000e-05, -6.435000e-04, 1.000000
5.850000e-05, -6.435000e-04, 1.000000
1.755000e-04, -6.435000e-04, 0.493037
2.925000e-04, -6.435000e-04, 0.880513
4.095000e-04, -6.435000e-04, 1.000000
5.265000e-04, -6.435000e-04, 0.782658
6.435000e-04, -6.435000e-04, 0.590892
7.605000e-04, -6.435000e-04, 1.000000
8.775000e-04, -6.435000e-04, 0.981330
9.945000e-04, -6.435000e-04, 0.440223
1.111500e-03, -6.435000e-04, 0.951998
1.228500e-03, -6.435000e-04, 1.000000
1.345500e-03, -6.435000e-04, 0.725726
1.462500e-03, -6.435000e-04, 0.991111
1.579500e-03, -6.435000e-04, 1.000000
1.696500e-03, -6.435000e-04, 0.925113
1.813500e-03, -6.435000e-04, 0.453115
1.930500e-03, -6.435000e-04, 0.995322
2.047500e-03, -6.435000e-04, 1.000000
2.164500e-03, -6.435000e-04, 0.546476
2.281500e-03, -6.435000e-04, 0.827074
2.398500e-03, -6.435000e-04, 1.000000
2.515500e-03, -6.435000e-04, 0.906667
2.632500e-03, -6.435000e-04, 0.834957
2.749500e-03, -6.435000e-04, 1.000000
2.866500e-03, -6.435000e-04, 1.000000
2.983500e-03, -6.435000e-04, 0.454701
3.100500e-03, -6.435000e-04, 1.000000
3.217500e-03, -6.435000e-04, 1.000000
3.334500e-03, -6.435000e-04, 1.000000
3.451500e-03, -6.435000e-04, 1.000000
3.568500e-03, -6.435000e-04, 1.000000
3.685500e-03, -6.435000e-04, 0.123504
3.802500e-03, -6.435000e-04, 0.000000
3.919500e-03, -6.435000e-04, 0.000000
4.036500e-03, -6.435000e-04, 0.000000
4.153500e-03, -6.435000e-04, 0.000000
4.270500e-03, -6.435000e-04, 0.008678
4.387500e-03, -6.435000e-04, 0.384012
4.504500e-03, -6.435000e-04, 0.536250
4.621500e-03, -6.435000e-04, 0.732502
4.738500e-03, -6.435000e-04, 0.059251
4.855500e-03, -6.435000e-04, 0.000000
4.972500e-03, -6.435000e-04, 0.000000
5.089500e-03, -6.435000e-04, 0.036833
5.206500e-03, -6.435000e-04, 0.248425
5.323500e-03, -6.435000e-04, 0.016581
5.440500e-03, -6.435000e-04, 0.762269
5.557500e-03, -6.435000e-04, 0.973719
5.674500e-03, -6.435000e-04, 0.333542
5.791500e-03, -6.435000e-04, 0.000000
-5.791500e-03, -5.265000e-04, 0.000000
-5.674500e-03, -5.265000e-04, 0.297366
-5.557500e-03, -5.265000e-04, 0.620676
-5.440500e-03, -5.265000e-04, 0.751912
-5.323500e-03, -5.265000e-04, 0.908787
-5.206500e-03, -5.265000e-04, 0.923388
-5.089500e-03, -5.265000e-04, 0.954453
-4.972500e-03, -5.265000e-04, 1.000000
-4.855500e-03, -5.265000e-04, 0.990705
-4.738500e-03, -5.265000e-04, 0.884918
-4.621500e-03, -5.265000e-04, 1.000000
-4.504500e-03, -5.265000e-04, 0.895817
-4.387500e-03, -5.265000e-04, 0.862969
-4.270500e-03, -5.265000e-04, 0.915827
-4.153500e-03, -5.265000e-04, 0.803841
-4.036500e-03, -5.265000e-04, 0.947107
-3.919500e-03, -5.265000e-04, 0.912661
-3.802500e-03, -5.265000e-04, 1.000000
-3.685500e-03, -5.265000e-04, 0.972329
-3.568500e-03, -5.265000e-04, 0.275582
-3.451500e-03, -5.265000e-04, 0.959511
-3.334500e-03, -5.265000e-04, 0.917521
-3.217500e-03, -5.265000e-04, 0.683761
-3.100500e-03, -5.265000e-04, 0.926132
-2.983500e-03, -5.265000e-04, 0.928634
-2.866500e-03, -5.265000e-04, 0.732558
-2.749500e-03, -5.265000e-04, 1.000000
-2.632500e-03, -5.265000e-04, 0.488376
-2.515500e-03, -5.265000e-04, 1.000000
-2.398500e-03, -5.265000e-04, 1.000000
-2.281500e-03, -5.265000e-04, 0.889316
-2.164500e-03, -5.265000e-04, 0.749573
-2.047500e-03, -5.265000e-04, 1.000000
-1.930500e-03, -5.265000e-04, 1.000000
-1.813500e-03, -5.265000e-04, 0.462308
-1.696500e-03, -5.265000e-04, 0.894701
-1.579500e-03, -5.265000e-04, 1.000000
-1.462500e-03, -5.265000e-04, 0.864077
-1.345500e-03, -5.265000e-04, 0.827257
-1.228500e-03, -5.265000e-04, 1.000000
-1.111500e-03, -5.265000e-04, 1.000000
-9.945000e-04, -5.265000e-04, 0.658974
-8.775000e-04, -5.265000e-04, 1.000000
-7.605000e-04, -5.265000e-04, 1.000000
-6.435000e-04, -5.265000e-04, 0.782658
-5.265000e-04, -5.265000e-04, 0.908677
-4.095000e-04, -5.265000e-04, 1.000000
-2.925000e-04, -5.265000e-04, 0.964893
-1.755000e-04, -5.265000e-04, 0.726441
-5.850000e-05, -5.265000e-04, 1.000000
5.850000e-05, -5.265000e-04, 1.000000
1.755000e-04, -5.265000e-04, 0.726441
2.925000e-04, -5.265000e-04, 0.964893
4.095000e-04, -5.265000e-04, 1.000000
5.265000e-04, -5.265000e-04, 0.908677
6.435000e-04, -5.265000e-04, 0.782658
7.605000e-04, -5.265000e-04, 1.000000
8.775000e-04, -5.265000e-04, 0.999963
9.945000e-04, -5.265000e-04, 0.696633
1.111500e-03, -5.265000e-04, 0.994738
1.228500e-03, -5.265000e-04, 1.000000
1.345500e-03, -5.265000e-04, 0.725726
1.462500e-03, -5.265000e-04, 0.991111
1.579500e-03, -5.265000e-04, 1.000000
1.696500e-03, -5.265000e-04, 0.985386
1.813500e-03, -5.265000e-04, 0.705948
1.930500e-03, -5.265000e-04, 1.000000
2.047500e-03, -5.265000e-04, 1.000000
2.164500e-03, -5.265000e-04, 0.755773
2.281500e-03, -5.265000e-04, 0.935561
2.398500e-03, -5.265000e-04, 1.000000
2.515500e-03, -5.265000e-04, 0.906667
2.632500e-03, -5.265000e-04, 0.834957
2.749500e-03, -5.265000e-04, 1.000000
2.866500e-03, -5.265000e-04, 1.000000
2.983500e-03, -5.265000e-04, 0.454701
3.100500e-03, -5.265000e-04, 1.000000
3.217500e-03, -5.265000e-04, 1.000000
3.334500e-03, -5.265000e-04, 1.000000
3.451500e-03, -5.265000e-04, 1.000000
3.568500e-03, -5.265000e-04, 1.000000
3.685500e-03, -5.265000e-04, 0.123504
3.802500e-03, -5.265000e-04, 0.000000
3.919500e-03, -5.265000e-04, 0.270230
4.036500e-03, -5.265000e-04, 0.459364
4.153500e-03, -5.265000e-04, 0.016748
4.270500e-03, -5.265000e-04, 0.075330
4.387500e-03, -5.265000e-04, 0.826771
4.504500e-03, -5.265000e-04, 0.689646
4.621500e-03, -5.265000e-04, 0.000000
4.738500e-03, -5.265000e-04, 0.358576
4.855500e-03, -5.265000e-04, 0.387554
4.972500e-03, -5.265000e-04, 0.000213
5.089500e-03, -5.265000e-04, 0.145124
5.206500e-03, -5.265000e-04, 0.504835
5.323500e-03, -5.265000e-04, 0.096383
5.440500e-03, -5.265000e-04, 0.008678
5.557500e-03, -5.265000e-04, 0.440299
5.674500e-03, -5.265000e-04, 0.297366
5.791500e-03, -5.265000e-04, 0.000000
-5.791500e-03, -4.095000e-04, 0.001091
-5.674500e-03, -4.095000e-04, 0.947243
-5.557500e-03, -4.095000e-04, 1.000000
-5.440500e-03, -4.095000e-04, 0.776674
-5.323500e-03, -4.095000e-04, 0.949806
-5.206500e-03, -4.095000e-04, 1.000000
-5.089500e-03, -4.095000e-04, 0.835518
-4.972500e-03, -4.095000e-04, 1.000000
-4.855500e-03, -4.095000e-04, 0.790779
-4.738500e-03, -4.095000e-04, 0.398704
-4.621500e-03, -4.095000e-04, 1.000000
-4.504500e-03, -4.095000e-04, 0.897412
-4.387500e-03, -4.095000e-04, 1.000000
-4.270500e-03, -4.095000e-04, 0.621615
-4.153500e-03, -4.095000e-04, 0.949609
-4.036500e-03, -4.095000e-04, 1.000000
-3.919500e-03, -4.095000e-04, 0.933593
-3.802500e-03, -4.095000e-04, 0.955244
-3.685500e-03, -4.095000e-04, 1.000000
-3.568500e-03, -4.095000e-04, 1.000000
-3.451500e-03, -4.095000e-04, 1.000000
-3.334500e-03, -4.095000e-04, 0.917521
-3.217500e-03, -4.095000e-04, 0.683761
-3.100500e-03, -4.095000e-04, 0.926132
-2.983500e-03, -4.095000e-04, 1.000000
-2.866500e-03, -4.095000e-04, 1.000000
-2.749500e-03, -4.095000e-04, 1.000000
-2.632500e-03, -4.095000e-04, 0.488376
-2.515500e-03, -4.095000e-04, 1.000000
-2.398500e-03, -4.095000e-04, 1.000000
-2.281500e-03, -4.095000e-04, 0.889316
-2.164500e-03, -4.095000e-04, 0.749573
-2.047500e-03, -4.095000e-04, 1.000000
-1.930500e-03, -4.095000e-04, 1.000000
-1.813500e-03, -4.095000e-04, 0.462308
-1.696500e-03, -4.095000e-04, 0.894701
-1.579500e-03, -4.095000e-04, 1.000000
-1.462500e-03, -4.095000e-04, 1.000000
-1.345500e-03, -4.095000e-04, 1.000000
-1.228500e-03, -4.095000e-04, 1.000000
-1.111500e-03, -4.095000e-04, 1.000000
-9.945000e-04, -4.095000e-04, 0.606616
-8.775000e-04, -4.095000e-04, 1.000000
-7.605000e-04, -4.095000e-04, 1.000000
-6.435000e-04, -4.095000e-04, 1.000000
-5.265000e-04, -4.095000e-04, 1.000000
-4.095000e-04, -4.095000e-04, 1.000000
-2.925000e-04, -4.095000e-04, 1.000000
-1.755000e-04, -4.095000e-04, 1.000000
-5.850000e-05, -4.095000e-04, 1.000000
5.850000e-05, -4.095000e-04, 1.000000
1.755000e-04, -4.095000e-04, 0.969859
2.925000e-04, -4.095000e-04, 1.000000
4.095000e-04, -4.095000e-04, 1.000000
5.265000e-04, -4.095000e-04, 1.000000
6.435000e-04, -4.095000e-04, 1.000000
7.605000e-04, -4.095000e-04, 1.000000
8.775000e-04, -4.095000e-04, 1.000000
9.945000e-04, -4.095000e-04, 1.000000
1.111500e-03, -4.095000e-04, 1.000000
1.228500e-03, -4.095000e-04, 1.000000
1.345500e-03, -4.095000e-04, 0.725726
1.462500e-03, -4.095000e-04, 0.991111
1.579500e-03, -4.095000e-04, 1.000000
1.696500e-03, -4.095000e-04, 1.000000
1.813500e-03, -4.095000e-04, 1.000000
1.930500e-03, -4.095000e-04, 1.000000
2.047500e-03, -4.095000e-04, 1.000000
2.164500e-03, -4.095000e-04, 1.000000
2.281500e-03, -4.095000e-04, 1.000000
2.398500e-03, -4.095000e-04, 1.000000
2.515500e-03, -4.095000e-04, 0.904665
2.632500e-03, -4.095000e-04, 0.846511
2.749500e-03, -4.095000e-04, 1.000000
2.866500e-03, -4.095000e-04, 1.000000
2.983500e-03, -4.095000e-04, 0.454701
3.100500e-03, -4.095000e-04, 1.000000
3.217500e-03, -4.095000e-04, 1.000000
3.334500e-03, -4.095000e-04, 0.667024
3.451500e-03, -4.095000e-04, 0.876226
3.568500e-03, -4.095000e-04, 1.000000
3.685500e-03, -4.095000e-04, 0.123504
3.802500e-03, -4.095000e-04, 0.000000
3.919500e-03, -4.095000e-04, 0.920550
4.036500e-03, -4.095000e-04, 1.000000
4.153500e-03, -4.095000e-04, 0.273120
4.270500e-03, -4.095000e-04, 0.478248
4.387500e-03, -4.095000e-04, 1.000000
4.504500e-03, -4.095000e-04, 0.691923
4.621500e-03, -4.095000e-04, 0.060865
4.738500e-03, -4.095000e-04, 0.998579
4.855500e-03, -4.095000e-04, 1.000000
4.972500e-03, -4.095000e-04, 0.333511
5.089500e-03, -4.095000e-04, 0.646863
5.206500e-03, -4.095000e-04, 1.000000
5.323500e-03, -4.095000e-04, 0.529530
5.440500e-03, -4.095000e-04, 0.448457
5.557500e-03, -4.095000e-04, 1.000000
5.674500e-03, -4.095000e-04, 0.947243
5.791500e-03, -4.095000e-04, 0.001091
-5.791500e-03, -2.925000e-04, 0.006853
-5.674500e-03, -2.925000e-04, 0.505186
-5.557500e-03, -2.925000e-04, 0.767104
-5.440500e-03, -2.925000e-04, 0.881833
-5.323500e-03, -2.925000e-04, 0.917476
-5.206500e-03, -2.925000e-04, 0.868793
-5.089500e-03, -2.925000e-04, 0.667189
-4.972500e-03, -2.925000e-04, 0.852741
-4.855500e-03, -2.925000e-04, 1.000000
-4.738500e-03, -2.925000e-04, 0.999778
-4.621500e-03, -2.925000e-04, 1.000000
-4.504500e-03, -2.925000e-04, 0.880641
-4.387500e-03, -2.925000e-04, 0.828622
-4.270500e-03, -2.925000e-04, 0.623198
-4.153500e-03, -2.925000e-04, 0.753668
-4.036500e-03, -2.925000e-04, 0.924552
-3.919500e-03, -2.925000e-04, 0.889493
-3.802500e-03, -2.925000e-04, 1.000000
-3.685500e-03, -2.925000e-04, 1.000000
-3.568500e-03, -2.925000e-04, 1.000000
-3.451500e-03, -2.925000e-04, 1.000000
-3.334500e-03, -2.925000e-04, 0.917521
-3.217500e-03, -2.925000e-04, 0.683761
-3.100500e-03, -2.925000e-04, 0.926132
-2.983500e-03, -2.925000e-04, 0.965726
-2.866500e-03, -2.925000e-04, 0.907535
-2.749500e-03, -2.925000e-04, 1.000000
-2.632500e-03, -2.925000e-04, 0.488376
-2.515500e-03, -2.925000e-04, 1.000000
-2.398500e-03, -2.925000e-04, 1.000000
-2.281500e-03, -2.925000e-04, 0.889316
-2.164500e-03, -2.925000e-04, 0.749573
-2.047500e-03, -2.925000e-04, 1.000000
-1.930500e-03, -2.925000e-04, 1.000000
-1.813500e-03, -2.925000e-04, 0.462308
-1.696500e-03, -2.925000e-04, 0.894701
-1.579500e-03, -2.925000e-04, 1.000000
-1.462500e-03, -2.925000e-04, 0.935561
-1.345500e-03, -2.925000e-04, 0.909845
-1.228500e-03, -2.925000e-04, 1.000000
-1.111500e-03, -2.925000e-04, 1.000000
-9.945000e-04, -2.925000e-04, 0.838384
-8.775000e-04, -2.925000e-04, 0.658625
-7.605000e-04, -2.925000e-04, 0.882393
-6.435000e-04, -2.925000e-04, 0.882393
-5.265000e-04, -2.925000e-04, 0.907633
-4.095000e-04, -2.925000e-04, 1.000000
-2.925000e-04, -2.925000e-04, 1.000000
-1.755000e-04, -2.925000e-04, 1.000000
-5.850000e-05, -2.925000e-04, 1.000000
5.850000e-05, -2.925000e-04, 1.000000
1.755000e-04, -2.925000e-04, 0.271781
2.925000e-04, -2.925000e-04, 0.860861
4.095000e-04, -2.925000e-04, 1.000000
5.265000e-04, -2.925000e-04, 1.000000
6.435000e-04, -2.925000e-04, 1.000000
7.605000e-04, -2.925000e-04, 1.000000
8.775000e-04, -2.925000e-04, 1.000000
9.945000e-04, -2.925000e-04, 1.000000
1.111500e-03, -2.925000e-04, 1.000000
1.228500e-03, -2.925000e-04, 1.000000
1.345500e-03, -2.925000e-04, 0.725726
1.462500e-03, -2.925000e-04, 0.991111
1.579500e-03, -2.925000e-04, 1.000000
1.696500e-03, -2.925000e-04, 0.999963
1.813500e-03, -2.925000e-04, 0.845443
1.930500e-03, -2.925000e-04, 1.000000
2.047500e-03, -2.925000e-04, 1.000000
2.164500e-03, -2.925000e-04, 0.864733
2.281500e-03, -2.925000e-04, 0.980674
2.398500e-03, -2.925000e-04, 1.000000
2.515500e-03, -2.925000e-04, 0.906667
2.632500e-03, -2.925000e-04, 0.834957
2.749500e-03, -2.925000e-04, 1.000000
2.866500e-03, -2.925000e-04, 1.000000
2.983500e-03, -2.925000e-04, 0.454701
3.100500e-03, -2.925000e-04, 1.000000
3.217500e-03, -2.925000e-04, 1.000000
3.334500e-03, -2.925000e-04, 0.653382
3.451500e-03, -2.925000e-04, 0.868253
3.568500e-03, -2.925000e-04, 1.000000
3.685500e-03, -2.925000e-04, 0.123504
3.802500e-03, -2.925000e-04, 0.142019
3.919500e-03, -2.925000e-04, 0.773682
4.036500e-03, -2.925000e-04, 0.626494
4.153500e-03, -2.925000e-04, 0.050504
4.270500e-03, -2.925000e-04, 0.142397
4.387500e-03, -2.925000e-04, 0.664669
4.504500e-03, -2.925000e-04, 0.270503
4.621500e-03, -2.925000e-04, 0.000477
4.738500e-03, -2.925000e-04, 0.519549
4.855500e-03, -2.925000e-04, 0.785525
4.972500e-03, -2.925000e-04, 0.817359
5.089500e-03, -2.925000e-04, 0.239437
5.206500e-03, -2.925000e-04, 0.667228
5.323500e-03, -2.925000e-04, 0.171778
5.440500e-03, -2.925000e-04, 0.475417
5.557500e-03, -2.925000e-04, 0.709292
5.674500e-03, -2.925000e-04, 0.440771
5.791500e-03, -2.925000e-04, 0.000000
-5.791500e-03, -1.755000e-04, 0.145119
-5.674500e-03, -1.755000e-04, 1.000000
-5.557500e-03, -1.755000e-04, 1.000000
-5.440500e-03, -1.755000e-04, 1.000000
-5.323500e-03, -1.755000e-04, 1.000000
-5.206500e-03, -1.755000e-04, 0.899733
-5.089500e-03, -1.755000e-04, 0.951716
-4.972500e-03, -1.755000e-04, 0.590522
-4.855500e-03, -1.755000e-04, 0.770235
-4.738500e-03, -1.755000e-04, 0.955141
-4.621500e-03, -1.755000e-04, 1.000000
-4.504500e-03, -1.755000e-04, 0.944304
-4.387500e-03, -1.755000e-04, 0.945419
-4.270500e-03, -1.755000e-04, 0.989411
-4.153500e-03, -1.755000e-04, 1.000000
-4.036500e-03, -1.755000e-04, 0.887558
-3.919500e-03, -1.755000e-04, 0.912592
-3.802500e-03, -1.755000e-04, 1.000000
-3.685500e-03, -1.755000e-04, 0.999060
-3.568500e-03, -1.755000e-04, 0.645239
-3.451500e-03, -1.755000e-04, 0.984721
-3.334500e-03, -1.755000e-04, 0.917521
-3.217500e-03, -1.755000e-04, 0.683761
-3.100500e-03, -1.755000e-04, 0.926132
-2.983500e-03, -1.755000e-04, 0.686653
-2.866500e-03, -1.755000e-04, 0.505104
-2.749500e-03, -1.755000e-04, 1.000000
-2.632500e-03, -1.755000e-04, 0.488376
-2.515500e-03, -1.755000e-04, 1.000000
-2.398500e-03, -1.755000e-04, 1.000000
-2.281500e-03, -1.755000e-04, 0.889316
-2.164500e-03, -1.755000e-04, 0.749573
-2.047500e-03, -1.755000e-04, 1.000000
-1.930500e-03, -1.755000e-04, 1.000000
-1.813500e-03, -1.755000e-04, 0.462308
-1.696500e-03, -1.755000e-04, 0.894701
-1.579500e-03, -1.755000e-04, 1.000000
-1.462500e-03, -1.755000e-04, 0.642467
-1.345500e-03, -1.755000e-04, 0.577011
-1.228500e-03, -1.755000e-04, 1.000000
-1.111500e-03, -1.755000e-04, 1.000000
-9.945000e-04, -1.755000e-04, 1.000000
-8.775000e-04, -1.755000e-04, 0.925268
-7.605000e-04, -1.755000e-04, 0.850855
-6.435000e-04, -1.755000e-04, 0.850855
-5.265000e-04, -1.755000e-04, 0.607534
-4.095000e-04, -1.755000e-04, 0.652931
-2.925000e-04, -1.755000e-04, 1.000000
-1.755000e-04, -1.755000e-04, 1.000000
-5.850000e-05, -1.755000e-04, 1.000000
5.850000e-05, -1.755000e-04, 1.000000
1.755000e-04, -1.755000e-04, 0.962382
2.925000e-04, -1.755000e-04, 1.000000
4.095000e-04, -1.755000e-04, 1.000000
5.265000e-04, -1.755000e-04, 1.000000
6.435000e-04, -1.755000e-04, 0.900030
7.605000e-04, -1.755000e-04, 0.830064
8.775000e-04, -1.755000e-04, 0.830064
9.945000e-04, -1.755000e-04, 0.978360
1.111500e-03, -1.755000e-04, 1.000000
1.228500e-03, -1.755000e-04, 1.000000
1.345500e-03, -1.755000e-04, 0.715701
1.462500e-03, -1.755000e-04, 0.991200
1.579500e-03, -1.755000e-04, 1.000000
1.696500e-03, -1.755000e-04, 0.910536
1.813500e-03, -1.755000e-04, 0.313620
1.930500e-03, -1.755000e-04, 0.995322
2.047500e-03, -1.755000e-04, 1.000000
2.164500e-03, -1.755000e-04, 0.437516
2.281500e-03, -1.755000e-04, 0.781962
2.398500e-03, -1.755000e-04, 1.000000
2.515500e-03, -1.755000e-04, 0.906667
2.632500e-03, -1.755000e-04, 0.834957
2.749500e-03, -1.755000e-04, 1.000000
2.866500e-03, -1.755000e-04, 1.000000
2.983500e-03, -1.755000e-04, 0.454701
3.100500e-03, -1.755000e-04, 1.000000
3.217500e-03, -1.755000e-04, 1.000000
3.334500e-03, -1.755000e-04, 1.000000
3.451500e-03, -1.755000e-04, 1.000000
3.568500e-03, -1.755000e-04, 0.846390
3.685500e-03, -1.755000e-04, 0.189441
3.802500e-03, -1.755000e-04, 0.459796
3.919500e-03, -1.755000e-04, 0.002550
4.036500e-03, -1.755000e-04, 0.000000
4.153500e-03, -1.755000e-04, 0.000000
4.270500e-03, -1.755000e-04, 0.000000
4.387500e-03, -1.755000e-04, 0.083943
4.504500e-03, -1.755000e-04, 0.004389
4.621500e-03, -1.755000e-04, 0.000000
4.738500e-03, -1.755000e-04, 0.040310
4.855500e-03, -1.755000e-04, 0.048892
4.972500e-03, -1.755000e-04, 0.017329
5.089500e-03, -1.755000e-04, 0.002254
5.206500e-03, -1.755000e-04, 0.086032
5.323500e-03, -1.755000e-04, 0.000046
5.440500e-03, -1.755000e-04, 0.000000
5.557500e-03, -1.755000e-04, 0.000000
5.674500e-03, -1.755000e-04, 0.000000
5.791500e-03, -1.755000e-04, 0.000000
-5.791500e-03, -5.850000e-05, 0.145299
-5.674500e-03, -5.850000e-05, 1.000000
-5.557500e-03, -5.850000e-05, 1.000000
-5.440500e-03, -5.850000e-05, 1.000000
-5.323500e-03, -5.850000e-05, 0.886535
-5.206500e-03, -5.850000e-05, 1.000000
-5.089500e-03, -5.850000e-05, 0.880375
-4.972500e-03, -5.850000e-05, 0.991239
-4.855500e-03, -5.850000e-05, 0.712282
-4.738500e-03, -5.850000e-05, 0.892767
-4.621500e-03, -5.850000e-05, 0.928415
-4.504500e-03, -5.850000e-05, 0.455265
-4.387500e-03, -5.850000e-05, 0.687553
-4.270500e-03, -5.850000e-05, 1.000000
-4.153500e-03, -5.850000e-05, 0.880218
-4.036500e-03, -5.850000e-05, 0.972552
-3.919500e-03, -5.850000e-05, 0.893681
-3.802500e-03, -5.850000e-05, 0.959676
-3.685500e-03, -5.850000e-05, 0.987003
-3.568500e-03, -5.850000e-05, 0.495837
-3.451500e-03, -5.850000e-05, 0.953024
-3.334500e-03, -5.850000e-05, 0.917521
-3.217500e-03, -5.850000e-05, 0.690416
-3.100500e-03, -5.850000e-05, 0.886072
-2.983500e-03, -5.850000e-05, 1.000000
-2.866500e-03, -5.850000e-05, 0.999866
-2.749500e-03, -5.850000e-05, 1.000000
-2.632500e-03, -5.850000e-05, 0.488376
-2.515500e-03, -5.850000e-05, 1.000000
-2.398500e-03, -5.850000e-05, 1.000000
-2.281500e-03, -5.850000e-05, 0.889316
-2.164500e-03, -5.850000e-05, 0.749573
-2.047500e-03, -5.850000e-05, 1.000000
-1.930500e-03, -5.850000e-05, 1.000000
-1.813500e-03, -5.850000e-05, 0.462308
-1.696500e-03, -5.850000e-05, 0.894701
-1.579500e-03, -5.850000e-05, 1.000000
-1.462500e-03, -5.850000e-05, 1.000000
-1.345500e-03, -5.850000e-05, 1.000000
-1.228500e-03, -5.850000e-05, 1.000000
-1.111500e-03, -5.850000e-05, 0.996083
-9.945000e-04, -5.850000e-05, 0.460463
-8.775000e-04, -5.850000e-05, 0.923688
-7.605000e-04, -5.850000e-05, 1.000000
-6.435000e-04, -5.850000e-05, 1.000000
-5.265000e-04, -5.850000e-05, 1.000000
-4.095000e-04, -5.850000e-05, 0.669162
-2.925000e-04, -5.850000e-05, 0.719877
-1.755000e-04, -5.850000e-05, 0.740427
-5.850000e-05, -5.850000e-05, 0.740427
5.850000e-05, -5.850000e-05, 0.740427
1.755000e-04, -5.850000e-05, 0.740427
2.925000e-04, -5.850000e-05, 0.740427
4.095000e-04, -5.850000e-05, 0.740427
5.265000e-04, -5.850000e-05, 0.739922
6.435000e-04, -5.850000e-05, 0.787681
7.605000e-04, -5.850000e-05, 0.913504
8.775000e-04, -5.850000e-05, 0.911466
9.945000e-04, -5.850000e-05, 0.694868
1.111500e-03, -5.850000e-05, 0.711026
1.228500e-03, -5.850000e-05, 0.711026
1.345500e-03, -5.850000e-05, 0.711907
1.462500e-03, -5.850000e-05, 1.000000
1.579500e-03, -5.850000e-05, 1.000000
1.696500e-03, -5.850000e-05, 1.000000
1.813500e-03, -5.850000e-05, 1.000000
1.930500e-03, -5.850000e-05, 1.000000
2.047500e-03, -5.850000e-05, 1.000000
2.164500e-03, -5.850000e-05, 1.000000
2.281500e-03, -5.850000e-05, 1.000000
2.398500e-03, -5.850000e-05, 1.000000
2.515500e-03, -5.850000e-05, 0.906667
2.632500e-03, -5.850000e-05, 0.834957
2.749500e-03, -5.850000e-05, 1.000000
2.866500e-03, -5.850000e-05, 1.000000
2.983500e-03, -5.850000e-05, 0.454701
3.100500e-03, -5.850000e-05, 1.000000
3.217500e-03, -5.850000e-05, 1.000000
3.334500e-03, -5.850000e-05, 1.000000
3.451500e-03, -5.850000e-05, 0.848227
3.568500e-03, -5.850000e-05, 0.241355
3.685500e-03, -5.850000e-05, 0.459796
3.802500e-03, -5.850000e-05, 0.002550
3.919500e-03, -5.850000e-05, 0.000000
4.036500e-03, -5.850000e-05, 0.000000
4.153500e-03, -5.850000e-05, 0.000000
4.270500e-03, -5.850000e-05, 0.347987
4.387500e-03, -5.850000e-05, 0.999529
4.504500e-03, -5.850000e-05, 0.563310
4.621500e-03, -5.850000e-05, 0.030671
4.738500e-03, -5.850000e-05, 0.898042
4.855500e-03, -5.850000e-05, 0.920727
4.972500e-03, -5.850000e-05, 0.059268
5.089500e-03, -5.850000e-05, 0.509910
5.206500e-03, -5.850000e-05, 1.000000
5.323500e-03, -5.850000e-05, 0.583636
5.440500e-03, -5.850000e-05, 0.000000
5.557500e-03, -5.850000e-05, 0.000000
5.674500e-03, -5.850000e-05, 0.000000
5.791500e-03, -5.850000e-05, 0.000000
-5.791500e-03, 5.850000e-05, 0.145299
-5.674500e-03, 5.850000e-05, 1.000000
-5.557500e-03, 5.850000e-05, 1.000000
-5.440500e-03, 5.850000e-05, 1.000000
-5.323500e-03, 5.850000e-05, 0.886829
-5.206500e-03, 5.850000e-05, 1.000000
-5.089500e-03, 5.850000e-05, 0.922388
-4.972500e-03, 5.850000e-05, 0.810405
-4.855500e-03, 5.850000e-05, 0.919048
-4.738500e-03, 5.850000e-05, 0.853384
-4.621500e-03, 5.850000e-05, 0.975925
-4.504500e-03, 5.850000e-05, 0.987516
-4.387500e-03, 5.850000e-05, 0.993602
-4.270500e-03, 5.850000e-05, 0.774590
-4.153500e-03, 5.850000e-05, 0.547956
-4.036500e-03, 5.850000e-05, 1.000000
-3.919500e-03, 5.850000e-05, 0.880376
-3.802500e-03, 5.850000e-05, 0.982706
-3.685500e-03, 5.850000e-05, 1.000000
-3.568500e-03, 5.850000e-05, 1.000000
-3.451500e-03, 5.850000e-05, 1.000000
-3.334500e-03, 5.850000e-05, 0.917521
-3.217500e-03, 5.850000e-05, 0.500967
-3.100500e-03, 5.850000e-05, 0.756972
-2.983500e-03, 5.850000e-05, 0.870498
-2.866500e-03, 5.850000e-05, 1.000000
-2.749500e-03, 5.850000e-05, 1.000000
-2.632500e-03, 5.850000e-05, 0.488376
-2.515500e-03, 5.850000e-05, 1.000000
-2.398500e-03, 5.850000e-05, 1.000000
-2.281500e-03, 5.850000e-05, 0.889316
-2.164500e-03, 5.850000e-05, 0.749573
-2.047500e-03, 5.850000e-05, 1.000000
-1.930500e-03, 5.850000e-05, 1.000000
-1.813500e-03, 5.850000e-05, 0.462308
-1.696500e-03, 5.850000e-05, 0.894701
-1.579500e-03, 5.850000e-05, 1.000000
-1.462500e-03, 5.850000e-05, 1.000000
-1.345500e-03, 5.850000e-05, 1.000000
-1.228500e-03, 5.850000e-05, 1.000000
-1.111500e-03, 5.850000e-05, 1.000000
-9.945000e-04, 5.850000e-05, 0.701351
-8.775000e-04, 5.850000e-05, 0.983300
-7.605000e-04, 5.850000e-05, 1.000000
-6.435000e-04, 5.850000e-05, 1.000000
-5.265000e-04, 5.850000e-05, 1.000000
-4.095000e-04, 5.850000e-05, 1.000000
-2.925000e-04, 5.850000e-05, 1.000000
-1.755000e-04, 5.850000e-05, 1.000000
-5.850000e-05, 5.850000e-05, 1.000000
5.850000e-05, 5.850000e-05, 1.000000
1.755000e-04, 5.850000e-05, 1.000000
2.925000e-04, 5.850000e-05, 1.000000
4.095000e-04, 5.850000e-05, 1.000000
5.265000e-04, 5.850000e-05, 1.000000
6.435000e-04, 5.850000e-05, 1.000000
7.605000e-04, 5.850000e-05, 1.000000
8.775000e-04, 5.850000e-05, 1.000000
9.945000e-04, 5.850000e-05, 1.000000
1.111500e-03, 5.850000e-05, 1.000000
1.228500e-03, 5.850000e-05, 1.000000
1.345500e-03, 5.850000e-05, 1.000000
1.462500e-03, 5.850000e-05, 1.000000
1.579500e-03, 5.850000e-05, 1.000000
1.696500e-03, 5.850000e-05, 1.000000
1.813500e-03, 5.850000e-05, 1.000000
1.930500e-03, 5.850000e-05, 1.000000
2.047500e-03, 5.850000e-05, 1.000000
2.164500e-03, 5.850000e-05, 1.000000
2.281500e-03, 5.850000e-05, 1.000000
2.398500e-03, 5.850000e-05, 1.000000
2.515500e-03, 5.850000e-05, 0.906667
2.632500e-03, 5.850000e-05, 0.834957
2.749500e-03, 5.850000e-05, 1.000000
2.866500e-03, 5.850000e-05, 1.000000
2.983500e-03, 5.850000e-05, 0.454701
3.100500e-03, 5.850000e-05, 1.000000
3.217500e-03, 5.850000e-05, 1.000000
3.334500e-03, 5.850000e-05, 1.000000
3.451500e-03, 5.850000e-05, 0.506325
3.568500e-03, 5.850000e-05, 0.451839
3.685500e-03, 5.850000e-05, 0.002550
3.802500e-03, 5.850000e-05, 0.015385
3.919500e-03, 5.850000e-05, 0.227382
4.036500e-03, 5.850000e-05, 0.231368
4.153500e-03, 5.850000e-05, 0.230805
4.270500e-03, 5.850000e-05, 0.384615
4.387500e-03, 5.850000e-05, 0.999529
4.504500e-03, 5.850000e-05, 0.965809
4.621500e-03, 5.850000e-05, 0.389566
4.738500e-03, 5.850000e-05, 0.898042
4.855500e-03, 5.850000e-05, 1.000000
4.972500e-03, 5.850000e-05, 0.132570
5.089500e-03, 5.850000e-05, 0.509910
5.206500e-03, 5.850000e-05, 1.000000
5.323500e-03, 5.850000e-05, 0.622540
5.440500e-03, 5.850000e-05, 0.000000
5.557500e-03, 5.850000e-05, 0.000000
5.674500e-03, 5.850000e-05, 0.000000
5.791500e-03, 5.850000e-05, 0.000000
-5.791500e-03, 1.755000e-04, 0.104520
-5.674500e-03, 1.755000e-04, 0.739863
-5.557500e-03, 1.755000e-04, 0.789615
-5.440500e-03, 1.755000e-04, 0.994494
-5.323500e-03, 1.755000e-04, 0.939450
-5.206500e-03, 1.755000e-04, 0.889225
-5.089500e-03, 1.755000e-04, 0.782790
-4.972500e-03, 1.755000e-04, 0.806649
-4.855500e-03, 1.755000e-04, 1.000000
-4.738500e-03, 1.755000e-04, 1.000000
-4.621500e-03, 1.755000e-04, 0.885538
-4.504500e-03, 1.755000e-04, 0.835049
-4.387500e-03, 1.755000e-04, 0.968467
-4.270500e-03, 1.755000e-04, 0.756193
-4.153500e-03, 1.755000e-04, 0.608860
-4.036500e-03, 1.755000e-04, 0.727411
-3.919500e-03, 1.755000e-04, 0.763774
-3.802500e-03, 1.755000e-04, 1.000000
-3.685500e-03, 1.755000e-04, 0.967253
-3.568500e-03, 1.755000e-04, 0.920748
-3.451500e-03, 1.755000e-04, 0.920748
-3.334500e-03, 1.755000e-04, 0.767267
-3.217500e-03, 1.755000e-04, 0.741556
-3.100500e-03, 1.755000e-04, 0.887507
-2.983500e-03, 1.755000e-04, 0.797345
-2.866500e-03, 1.755000e-04, 1.000000
-2.749500e-03, 1.755000e-04, 1.000000
-2.632500e-03, 1.755000e-04, 0.488376
-2.515500e-03, 1.755000e-04, 1.000000
-2.398500e-03, 1.755000e-04, 1.000000
-2.281500e-03, 1.755000e-04, 0.889316
-2.164500e-03, 1.755000e-04, 0.749573
-2.047500e-03, 1.755000e-04, 1.000000
-1.930500e-03, 1.755000e-04, 1.000000
-1.813500e-03, 1.755000e-04, 0.462308
-1.696500e-03, 1.755000e-04, 0.894701
-1.579500e-03, 1.755000e-04, 1.000000
-1.462500e-03, 1.755000e-04, 0.642467
-1.345500e-03, 1.755000e-04, 0.577011
-1.228500e-03, 1.755000e-04, 1.000000
-1.111500e-03, 1.755000e-04, 1.000000
-9.945000e-04, 1.755000e-04, 1.000000
-8.775000e-04, 1.755000e-04, 0.974933
-7.605000e-04, 1.755000e-04, 0.949340
-6.435000e-04, 1.755000e-04, 0.948974
-5.265000e-04, 1.755000e-04, 0.948953
-4.095000e-04, 1.755000e-04, 0.948953
-2.925000e-04, 1.755000e-04, 0.948953
-1.755000e-04, 1.755000e-04, 0.948953
-5.850000e-05, 1.755000e-04, 0.948953
5.850000e-05, 1.755000e-04, 0.948953
1.755000e-04, 1.755000e-04, 0.948953
2.925000e-04, 1.755000e-04, 0.948953
4.095000e-04, 1.755000e-04, 0.948953
5.265000e-04, 1.755000e-04, 0.948953
6.435000e-04, 1.755000e-04, 0.948953
7.605000e-04, 1.755000e-04, 0.948953
8.775000e-04, 1.755000e-04, 0.948953
9.945000e-04, 1.755000e-04, 0.948953
1.111500e-03, 1.755000e-04, 0.948953
1.228500e-03, 1.755000e-04, 0.948953
1.345500e-03, 1.755000e-04, 0.976024
1.462500e-03, 1.755000e-04, 1.000000
1.579500e-03, 1.755000e-04, 1.000000
1.696500e-03, 1.755000e-04, 0.910536
1.813500e-03, 1.755000e-04, 0.313620
1.930500e-03, 1.755000e-04, 0.995322
2.047500e-03, 1.755000e-04, 1.000000
2.164500e-03, 1.755000e-04, 0.437516
2.281500e-03, 1.755000e-04, 0.781962
2.398500e-03, 1.755000e-04, 1.000000
2.515500e-03, 1.755000e-04, 0.906667
2.632500e-03, 1.755000e-04, 0.834957
2.749500e-03, 1.755000e-04, 1.000000
2.866500e-03, 1.755000e-04, 1.000000
2.983500e-03, 1.755000e-04, 0.454701
3.100500e-03, 1.755000e-04, 1.000000
3.217500e-03, 1.755000e-04, 1.000000
3.334500e-03, 1.755000e-04, 1.000000
3.451500e-03, 1.755000e-04, 0.506325
3.568500e-03, 1.755000e-04, 0.427350
3.685500e-03, 1.755000e-04, 0.015513
3.802500e-03, 1.755000e-04, 0.638755
3.919500e-03, 1.755000e-04, 0.756757
4.036500e-03, 1.755000e-04, 0.786303
4.153500e-03, 1.755000e-04, 0.776567
4.270500e-03, 1.755000e-04, 0.750916
4.387500e-03, 1.755000e-04, 0.397189
4.504500e-03, 1.755000e-04, 0.593227
4.621500e-03, 1.755000e-04, 0.998804
4.738500e-03, 1.755000e-04, 0.516215
4.855500e-03, 1.755000e-04, 0.962753
4.972500e-03, 1.755000e-04, 0.456333
5.089500e-03, 1.755000e-04, 0.544119
5.206500e-03, 1.755000e-04, 0.718510
5.323500e-03, 1.755000e-04, 0.632525
5.440500e-03, 1.755000e-04, 0.384297
5.557500e-03, 1.755000e-04, 0.000000
5.674500e-03, 1.755000e-04, 0.000000
5.791500e-03, 1.755000e-04, 0.000000
-5.791500e-03, 2.925000e-04, 0.000000
-5.674500e-03, 2.925000e-04, 0.522845
-5.557500e-03, 2.925000e-04, 0.983919
-5.440500e-03, 2.925000e-04, 0.748538
-5.323500e-03, 2.925000e-04, 0.788505
-5.206500e-03, 2.925000e-04, 0.861567
-5.089500e-03, 2.925000e-04, 0.916914
-4.972500e-03, 2.925000e-04, 0.999815
-4.855500e-03, 2.925000e-04, 0.963571
-4.738500e-03, 2.925000e-04, 0.974048
-4.621500e-03, 2.925000e-04, 0.832814
-4.504500e-03, 2.925000e-04, 0.973286
-4.387500e-03, 2.925000e-04, 0.840253
-4.270500e-03, 2.925000e-04, 0.941096
-4.153500e-03, 2.925000e-04, 0.866781
-4.036500e-03, 2.925000e-04, 0.503898
-3.919500e-03, 2.925000e-04, 0.967083
-3.802500e-03, 2.925000e-04, 0.921823
-3.685500e-03, 2.925000e-04, 0.701652
-3.568500e-03, 2.925000e-04, 0.822821
-3.451500e-03, 2.925000e-04, 0.822821
-3.334500e-03, 2.925000e-04, 0.791390
-3.217500e-03, 2.925000e-04, 0.117739
-3.100500e-03, 2.925000e-04, 0.696186
-2.983500e-03, 2.925000e-04, 0.970150
-2.866500e-03, 2.925000e-04, 1.000000
-2.749500e-03, 2.925000e-04, 1.000000
-2.632500e-03, 2.925000e-04, 0.488376
-2.515500e-03, 2.925000e-04, 1.000000
-2.398500e-03, 2.925000e-04, 1.000000
-2.281500e-03, 2.925000e-04, 0.889316
-2.164500e-03, 2.925000e-04, 0.749573
-2.047500e-03, 2.925000e-04, 1.000000
-1.930500e-03, 2.925000e-04, 1.000000
-1.813500e-03, 2.925000e-04, 0.462308
-1.696500e-03, 2.925000e-04, 0.894701
-1.579500e-03, 2.925000e-04, 1.000000
-1.462500e-03, 2.925000e-04, 0.935561
-1.345500e-03, 2.925000e-04, 0.909845
-1.228500e-03, 2.925000e-04, 1.000000
-1.111500e-03, 2.925000e-04, 1.000000
-9.945000e-04, 2.925000e-04, 0.878419
-8.775000e-04, 2.925000e-04, 0.706224
-7.605000e-04, 2.925000e-04, 0.794615
-6.435000e-04, 2.925000e-04, 0.794615
-5.265000e-04, 2.925000e-04, 0.794615
-4.095000e-04, 2.925000e-04, 0.794615
-2.925000e-04, 2.925000e-04, 0.794615
-1.755000e-04, 2.925000e-04, 0.794615
-5.850000e-05, 2.925000e-04, 0.794615
5.850000e-05, 2.925000e-04, 0.794615
1.755000e-04, 2.925000e-04, 0.794615
2.925000e-04, 2.925000e-04, 0.794615
4.095000e-04, 2.925000e-04, 0.794615
5.265000e-04, 2.925000e-04, 0.794615
6.435000e-04, 2.925000e-04, 0.794615
7.605000e-04, 2.925000e-04, 0.794615
8.775000e-04, 2.925000e-04, 0.794615
9.945000e-04, 2.925000e-04, 0.794615
1.111500e-03, 2.925000e-04, 0.794615
1.228500e-03, 2.925000e-04, 0.794618
1.345500e-03, 2.925000e-04, 0.655233
1.462500e-03, 2.925000e-04, 0.974910
1.579500e-03, 2.925000e-04, 1.000000
1.696500e-03, 2.925000e-04, 0.999963
1.813500e-03, 2.925000e-04, 0.845443
1.930500e-03, 2.925000e-04, 1.000000
2.047500e-03, 2.925000e-04, 1.000000
2.164500e-03, 2.925000e-04, 0.864733
2.281500e-03, 2.925000e-04, 0.980674
2.398500e-03, 2.925000e-04, 1.000000
2.515500e-03, 2.925000e-04, 0.906667
2.632500e-03, 2.925000e-04, 0.834957
2.749500e-03, 2.925000e-04, 1.000000
2.866500e-03, 2.925000e-04, 1.000000
2.983500e-03, 2.925000e-04, 0.454701
3.100500e-03, 2.925000e-04, 1.000000
3.217500e-03, 2.925000e-04, 1.000000
3.334500e-03, 2.925000e-04, 1.000000
3.451500e-03, 2.925000e-04, 0.506325
3.568500e-03, 2.925000e-04, 0.429759
3.685500e-03, 2.925000e-04, 0.387226
3.802500e-03, 2.925000e-04, 0.738600
3.919500e-03, 2.925000e-04, 0.915279
4.036500e-03, 2.925000e-04, 0.921314
4.153500e-03, 2.925000e-04, 0.993370
4.270500e-03, 2.925000e-04, 0.865468
4.387500e-03, 2.925000e-04, 0.752750
4.504500e-03, 2.925000e-04, 0.662916
4.621500e-03, 2.925000e-04, 0.623743
4.738500e-03, 2.925000e-04, 0.435042
4.855500e-03, 2.925000e-04, 0.412148
4.972500e-03, 2.925000e-04, 0.710622
5.089500e-03, 2.925000e-04, 0.536815
5.206500e-03, 2.925000e-04, 0.718510
5.323500e-03, 2.925000e-04, 0.223060
5.440500e-03, 2.925000e-04, 0.567402
5.557500e-03, 2.925000e-04, 0.751141
5.674500e-03, 2.925000e-04, 0.440771
5.791500e-03, 2.925000e-04, 0.000000
-5.791500e-03, 4.095000e-04, 0.001091
-5.674500e-03, 4.095000e-04, 0.947243
-5.557500e-03, 4.095000e-04, 1.000000
-5.440500e-03, 4.095000e-04, 0.758173
-5.323500e-03, 4.095000e-04, 0.840664
-5.206500e-03, 4.095000e-04, 1.000000
-5.089500e-03, 4.095000e-04, 0.950044
-4.972500e-03, 4.095000e-04, 0.937619
-4.855500e-03, 4.095000e-04, 1.000000
-4.738500e-03, 4.095000e-04, 1.000000
-4.621500e-03, 4.095000e-04, 0.928750
-4.504500e-03, 4.095000e-04, 0.861353
-4.387500e-03, 4.095000e-04, 1.000000
-4.270500e-03, 4.095000e-04, 0.934969
-4.153500e-03, 4.095000e-04, 1.000000
-4.036500e-03, 4.095000e-04, 0.701633
-3.919500e-03, 4.095000e-04, 0.867500
-3.802500e-03, 4.095000e-04, 0.767842
-3.685500e-03, 4.095000e-04, 0.975726
-3.568500e-03, 4.095000e-04, 1.000000
-3.451500e-03, 4.095000e-04, 1.000000
-3.334500e-03, 4.095000e-04, 0.457823
-3.217500e-03, 4.095000e-04, 0.000000
-3.100500e-03, 4.095000e-04, 0.985983
-2.983500e-03, 4.095000e-04, 1.000000
-2.866500e-03, 4.095000e-04, 1.000000
-2.749500e-03, 4.095000e-04, 1.000000
-2.632500e-03, 4.095000e-04, 0.488376
-2.515500e-03, 4.095000e-04, 1.000000
-2.398500e-03, 4.095000e-04, 1.000000
-2.281500e-03, 4.095000e-04, 0.889316
-2.164500e-03, 4.095000e-04, 0.749573
-2.047500e-03, 4.095000e-04, 1.000000
-1.930500e-03, 4.095000e-04, 1.000000
-1.813500e-03, 4.095000e-04, 0.462308
-1.696500e-03, 4.095000e-04, 0.894701
-1.579500e-03, 4.095000e-04, 1.000000
-1.462500e-03, 4.095000e-04, 1.000000
-1.345500e-03, 4.095000e-04, 1.000000
-1.228500e-03, 4.095000e-04, 1.000000
-1.111500e-03, 4.095000e-04, 1.000000
-9.945000e-04, 4.095000e-04, 0.702754
-8.775000e-04, 4.095000e-04, 1.000000
-7.605000e-04, 4.095000e-04, 1.000000
-6.435000e-04, 4.095000e-04, 1.000000
-5.265000e-04, 4.095000e-04, 1.000000
-4.095000e-04, 4.095000e-04, 1.000000
-2.925000e-04, 4.095000e-04, 1.000000
-1.755000e-04, 4.095000e-04, 1.000000
-5.850000e-05, 4.095000e-04, 1.000000
5.850000e-05, 4.095000e-04, 1.000000
1.755000e-04, 4.095000e-04, 1.000000
2.925000e-04, 4.095000e-04, 1.000000
4.095000e-04, 4.095000e-04, 1.000000
5.265000e-04, 4.095000e-04, 1.000000
6.435000e-04, 4.095000e-04, 1.000000
7.605000e-04, 4.095000e-04, 1.000000
8.775000e-04, 4.095000e-04, 1.000000
9.945000e-04, 4.095000e-04, 1.000000
1.111500e-03, 4.095000e-04, 1.000000
1.228500e-03, 4.095000e-04, 1.000000
1.345500e-03, 4.095000e-04, 0.797094
1.462500e-03, 4.095000e-04, 0.946474
1.579500e-03, 4.095000e-04, 1.000000
1.696500e-03, 4.095000e-04, 1.000000
1.813500e-03, 4.095000e-04, 1.000000
1.930500e-03, 4.095000e-04, 1.000000
2.047500e-03, 4.095000e-04, 1.000000
2.164500e-03, 4.095000e-04, 1.000000
2.281500e-03, 4.095000e-04, 1.000000
2.398500e-03, 4.095000e-04, 1.000000
2.515500e-03, 4.095000e-04, 0.906667
2.632500e-03, 4.095000e-04, 0.834957
2.749500e-03, 4.095000e-04, 1.000000
2.866500e-03, 4.095000e-04, 1.000000
2.983500e-03, 4.095000e-04, 0.454701
3.100500e-03, 4.095000e-04, 1.000000
3.217500e-03, 4.095000e-04, 1.000000
3.334500e-03, 4.095000e-04, 1.000000
3.451500e-03, 4.095000e-04, 0.562021
3.568500e-03, 4.095000e-04, 0.928179
3.685500e-03, 4.095000e-04, 0.640814
3.802500e-03, 4.095000e-04, 0.782393
3.919500e-03, 4.095000e-04, 0.974356
4.036500e-03, 4.095000e-04, 1.000000
4.153500e-03, 4.095000e-04, 0.923263
4.270500e-03, 4.095000e-04, 1.000000
4.387500e-03, 4.095000e-04, 0.997849
4.504500e-03, 4.095000e-04, 0.783354
4.621500e-03, 4.095000e-04, 0.783310
4.738500e-03, 4.095000e-04, 0.778242
4.855500e-03, 4.095000e-04, 0.784821
4.972500e-03, 4.095000e-04, 0.573235
5.089500e-03, 4.095000e-04, 0.697530
5.206500e-03, 4.095000e-04, 1.000000
5.323500e-03, 4.095000e-04, 0.535633
5.440500e-03, 4.095000e-04, 0.258091
5.557500e-03, 4.095000e-04, 1.000000
5.674500e-03, 4.095000e-04, 0.947243
5.791500e-03, 4.095000e-04, 0.001091
-5.791500e-03, 5.265000e-04, 0.000000
-5.674500e-03, 5.265000e-04, 0.297366
-5.557500e-03, 5.265000e-04, 0.440299
-5.440500e-03, 5.265000e-04, 0.800078
-5.323500e-03, 5.265000e-04, 0.975737
-5.206500e-03, 5.265000e-04, 0.904738
-5.089500e-03, 5.265000e-04, 0.906454
-4.972500e-03, 5.265000e-04, 1.000000
-4.855500e-03, 5.265000e-04, 0.963571
-4.738500e-03, 5.265000e-04, 0.974048
-4.621500e-03, 5.265000e-04, 1.000000
-4.504500e-03, 5.265000e-04, 0.917566
-4.387500e-03, 5.265000e-04, 0.950279
-4.270500e-03, 5.265000e-04, 0.910101
-4.153500e-03, 5.265000e-04, 1.000000
-4.036500e-03, 5.265000e-04, 0.705107
-3.919500e-03, 5.265000e-04, 0.867500
-3.802500e-03, 5.265000e-04, 0.926883
-3.685500e-03, 5.265000e-04, 0.686666
-3.568500e-03, 5.265000e-04, 0.741022
-3.451500e-03, 5.265000e-04, 0.946397
-3.334500e-03, 5.265000e-04, 0.457436
-3.217500e-03, 5.265000e-04, 0.000000
-3.100500e-03, 5.265000e-04, 0.985983
-2.983500e-03, 5.265000e-04, 0.930940
-2.866500e-03, 5.265000e-04, 0.800501
-2.749500e-03, 5.265000e-04, 1.000000
-2.632500e-03, 5.265000e-04, 0.488376
-2.515500e-03, 5.265000e-04, 1.000000
-2.398500e-03, 5.265000e-04, 1.000000
-2.281500e-03, 5.265000e-04, 0.889316
-2.164500e-03, 5.265000e-04, 0.749573
-2.047500e-03, 5.265000e-04, 1.000000
-1.930500e-03, 5.265000e-04, 1.000000
-1.813500e-03, 5.265000e-04, 0.462308
-1.696500e-03, 5.265000e-04, 0.894701
-1.579500e-03, 5.265000e-04, 1.000000
-1.462500e-03, 5.265000e-04, 0.864077
-1.345500e-03, 5.265000e-04, 0.827257
-1.228500e-03, 5.265000e-04, 1.000000
-1.111500e-03, 5.265000e-04, 1.000000
-9.945000e-04, 5.265000e-04, 0.741111
-8.775000e-04, 5.265000e-04, 1.000000
-7.605000e-04, 5.265000e-04, 1.000000
-6.435000e-04, 5.265000e-04, 0.782658
-5.265000e-04, 5.265000e-04, 0.908677
-4.095000e-04, 5.265000e-04, 1.000000
-2.925000e-04, 5.265000e-04, 0.964893
-1.755000e-04, 5.265000e-04, 0.726441
-5.850000e-05, 5.265000e-04, 1.000000
5.850000e-05, 5.265000e-04, 1.000000
1.755000e-04, 5.265000e-04, 0.726441
2.925000e-04, 5.265000e-04, 0.964893
4.095000e-04, 5.265000e-04, 1.000000
5.265000e-04, 5.265000e-04, 0.908677
6.435000e-04, 5.265000e-04, 0.782658
7.605000e-04, 5.265000e-04, 1.000000
8.775000e-04, 5.265000e-04, 0.999963
9.945000e-04, 5.265000e-04, 0.696633
1.111500e-03, 5.265000e-04, 0.994738
1.228500e-03, 5.265000e-04, 1.000000
1.345500e-03, 5.265000e-04, 0.797094
1.462500e-03, 5.265000e-04, 0.946474
1.579500e-03, 5.265000e-04, 1.000000
1.696500e-03, 5.265000e-04, 0.985386
1.813500e-03, 5.265000e-04, 0.705948
1.930500e-03, 5.265000e-04, 1.000000
2.047500e-03, 5.265000e-04, 1.000000
2.164500e-03, 5.265000e-04, 0.755773
2.281500e-03, 5.265000e-04, 0.935561
2.398500e-03, 5.265000e-04, 1.000000
2.515500e-03, 5.265000e-04, 0.906667
2.632500e-03, 5.265000e-04, 0.834957
2.749500e-03, 5.265000e-04, 1.000000
2.866500e-03, 5.265000e-04, 1.000000
2.983500e-03, 5.265000e-04, 0.454701
3.100500e-03, 5.265000e-04, 1.000000
3.217500e-03, 5.265000e-04, 1.000000
3.334500e-03, 5.265000e-04, 1.000000
3.451500e-03, 5.265000e-04, 0.517052
3.568500e-03, 5.265000e-04, 0.451843
3.685500e-03, 5.265000e-04, 0.500239
3.802500e-03, 5.265000e-04, 0.782393
3.919500e-03, 5.265000e-04, 0.940280
4.036500e-03, 5.265000e-04, 0.874192
4.153500e-03, 5.265000e-04, 0.478020
4.270500e-03, 5.265000e-04, 0.488397
4.387500e-03, 5.265000e-04, 0.484765
4.504500e-03, 5.265000e-04, 0.489805
4.621500e-03, 5.265000e-04, 0.630999
4.738500e-03, 5.265000e-04, 0.788141
4.855500e-03, 5.265000e-04, 0.784067
4.972500e-03, 5.265000e-04, 1.000000
5.089500e-03, 5.265000e-04, 0.833816
5.206500e-03, 5.265000e-04, 0.794544
5.323500e-03, 5.265000e-04, 0.848758
5.440500e-03, 5.265000e-04, 0.919411
5.557500e-03, 5.265000e-04, 0.763720
5.674500e-03, 5.265000e-04, 0.719246
5.791500e-03, 5.265000e-04, 0.080384
-5.791500e-03, 6.435000e-04, 0.000000
-5.674500e-03, 6.435000e-04, 0.144164
-5.557500e-03, 6.435000e-04, 0.854589
-5.440500e-03, 6.435000e-04, 0.757348
-5.323500e-03, 6.435000e-04, 1.000000
-5.206500e-03, 6.435000e-04, 0.937619
-5.089500e-03, 6.435000e-04, 1.000000
-4.972500e-03, 6.435000e-04, 1.000000
-4.855500e-03, 6.435000e-04, 0.963571
-4.738500e-03, 6.435000e-04, 0.974048
-4.621500e-03, 6.435000e-04, 1.000000
-4.504500e-03, 6.435000e-04, 0.922910
-4.387500e-03, 6.435000e-04, 0.964980
-4.270500e-03, 6.435000e-04, 0.943211
-4.153500e-03, 6.435000e-04, 0.966629
-4.036500e-03, 6.435000e-04, 0.733316
-3.919500e-03, 6.435000e-04, 0.757310
-3.802500e-03, 6.435000e-04, 1.000000
-3.685500e-03, 6.435000e-04, 1.000000
-3.568500e-03, 6.435000e-04, 1.000000
-3.451500e-03, 6.435000e-04, 0.751389
-3.334500e-03, 6.435000e-04, 0.711326
-3.217500e-03, 6.435000e-04, 0.043648
-3.100500e-03, 6.435000e-04, 0.985983
-2.983500e-03, 6.435000e-04, 0.780475
-2.866500e-03, 6.435000e-04, 0.552968
-2.749500e-03, 6.435000e-04, 1.000000
-2.632500e-03, 6.435000e-04, 0.488376
-2.515500e-03, 6.435000e-04, 1.000000
-2.398500e-03, 6.435000e-04, 1.000000
-2.281500e-03, 6.435000e-04, 0.889316
-2.164500e-03, 6.435000e-04, 0.749573
-2.047500e-03, 6.435000e-04, 1.000000
-1.930500e-03, 6.435000e-04, 1.000000
-1.813500e-03, 6.435000e-04, 0.462308
-1.696500e-03, 6.435000e-04, 0.894701
-1.579500e-03, 6.435000e-04, 1.000000
-1.462500e-03, 6.435000e-04, 0.713951
-1.345500e-03, 6.435000e-04, 0.659599
-1.228500e-03, 6.435000e-04, 1.000000
-1.111500e-03, 6.435000e-04, 1.000000
-9.945000e-04, 6.435000e-04, 0.741111
-8.775000e-04, 6.435000e-04, 1.000000
-7.605000e-04, 6.435000e-04, 1.000000
-6.435000e-04, 6.435000e-04, 0.590892
-5.265000e-04, 6.435000e-04, 0.782658
-4.095000e-04, 6.435000e-04, 1.000000
-2.925000e-04, 6.435000e-04, 0.880513
-1.755000e-04, 6.435000e-04, 0.493037
-5.850000e-05, 6.435000e-04, 1.000000
5.850000e-05, 6.435000e-04, 1.000000
1.755000e-04, 6.435000e-04, 0.493037
2.925000e-04, 6.435000e-04, 0.880513
4.095000e-04, 6.435000e-04, 1.000000
5.265000e-04, 6.435000e-04, 0.782658
6.435000e-04, 6.435000e-04, 0.590892
7.605000e-04, 6.435000e-04, 1.000000
8.775000e-04, 6.435000e-04, 0.981330
9.945000e-04, 6.435000e-04, 0.440223
1.111500e-03, 6.435000e-04, 0.951998
1.228500e-03, 6.435000e-04, 1.000000
1.345500e-03, 6.435000e-04, 0.797094
1.462500e-03, 6.435000e-04, 0.946474
1.579500e-03, 6.435000e-04, 1.000000
1.696500e-03, 6.435000e-04, 0.925113
1.813500e-03, 6.435000e-04, 0.453115
1.930500e-03, 6.435000e-04, 0.995322
2.047500e-03, 6.435000e-04, 1.000000
2.164500e-03, 6.435000e-04, 0.546476
2.281500e-03, 6.435000e-04, 0.827074
2.398500e-03, 6.435000e-04, 1.000000
2.515500e-03, 6.435000e-04, 0.906667
2.632500e-03, 6.435000e-04, 0.834957
2.749500e-03, 6.435000e-04, 1.000000
2.866500e-03, 6.435000e-04, 1.000000
2.983500e-03, 6.435000e-04, 0.454701
3.100500e-03, 6.435000e-04, 1.000000
3.217500e-03, 6.435000e-04, 1.000000
3.334500e-03, 6.435000e-04, 1.000000
3.451500e-03, 6.435000e-04, 0.506325
3.568500e-03, 6.435000e-04, 0.022345
3.685500e-03, 6.435000e-04, 0.680817
3.802500e-03, 6.435000e-04, 0.680249
3.919500e-03, 6.435000e-04, 0.973063
4.036500e-03, 6.435000e-04, 0.793379
4.153500e-03, 6.435000e-04, 0.600969
4.270500e-03, 6.435000e-04, 0.795946
4.387500e-03, 6.435000e-04, 0.799844
4.504500e-03, 6.435000e-04, 0.785832
4.621500e-03, 6.435000e-04, 0.420376
4.738500e-03, 6.435000e-04, 0.575121
4.855500e-03, 6.435000e-04, 0.727502
4.972500e-03, 6.435000e-04, 1.000000
5.089500e-03, 6.435000e-04, 1.000000
5.206500e-03, 6.435000e-04, 0.928844
5.323500e-03, 6.435000e-04, 1.000000
5.440500e-03, 6.435000e-04, 0.979431
5.557500e-03, 6.435000e-04, 0.784553
5.674500e-03, 6.435000e-04, 0.793839
5.791500e-03, 6.435000e-04, 0.117627
-5.791500e-03, 7.605000e-04, 0.001091
-5.674500e-03, 7.605000e-04, 0.893602
-5.557500e-03, 7.605000e-04, 1.000000
-5.440500e-03, 7.605000e-04, 0.777171
-5.323500e-03, 7.605000e-04, 0.943759
-5.206500e-03, 7.605000e-04, 1.000000
-5.089500e-03, 7.605000e-04, 0.943759
-4.972500e-03, 7.605000e-04, 0.943759
-4.855500e-03, 7.605000e-04, 1.000000
-4.738500e-03, 7.605000e-04, 1.000000
-4.621500e-03, 7.605000e-04, 0.943759
-4.504500e-03, 7.605000e-04, 0.965552
-4.387500e-03, 7.605000e-04, 1.000000
-4.270500e-03, 7.605000e-04, 0.967318
-4.153500e-03, 7.605000e-04, 0.943060
-4.036500e-03, 7.605000e-04, 0.999283
-3.919500e-03, 7.605000e-04, 0.942384
-3.802500e-03, 7.605000e-04, 0.999960
-3.685500e-03, 7.605000e-04, 1.000000
-3.568500e-03, 7.605000e-04, 1.000000
-3.451500e-03, 7.605000e-04, 1.000000
-3.334500e-03, 7.605000e-04, 0.444510
-3.217500e-03, 7.605000e-04, 0.637107
-3.100500e-03, 7.605000e-04, 0.985983
-2.983500e-03, 7.605000e-04, 1.000000
-2.866500e-03, 7.605000e-04, 1.000000
-2.749500e-03, 7.605000e-04, 1.000000
-2.632500e-03, 7.605000e-04, 0.488376
-2.515500e-03, 7.605000e-04, 1.000000
-2.398500e-03, 7.605000e-04, 1.000000
-2.281500e-03, 7.605000e-04, 0.889316
-2.164500e-03, 7.605000e-04, 0.749573
-2.047500e-03, 7.605000e-04, 1.000000
-1.930500e-03, 7.605000e-04, 1.000000
-1.813500e-03, 7.605000e-04, 0.462308
-1.696500e-03, 7.605000e-04, 0.894701
-1.579500e-03, 7.605000e-04, 1.000000
-1.462500e-03, 7.605000e-04, 1.000000
-1.345500e-03, 7.605000e-04, 1.000000
-1.228500e-03, 7.605000e-04, 1.000000
-1.111500e-03, 7.605000e-04, 1.000000
-9.945000e-04, 7.605000e-04, 0.741111
-8.775000e-04, 7.605000e-04, 1.000000
-7.605000e-04, 7.605000e-04, 1.000000
-6.435000e-04, 7.605000e-04, 1.000000
-5.265000e-04, 7.605000e-04, 1.000000
-4.095000e-04, 7.605000e-04, 1.000000
-2.925000e-04, 7.605000e-04, 1.000000
-1.755000e-04, 7.605000e-04, 1.000000
-5.850000e-05, 7.605000e-04, 1.000000
5.850000e-05, 7.605000e-04, 1.000000
1.755000e-04, 7.605000e-04, 1.000000
2.925000e-04, 7.605000e-04, 1.000000
4.095000e-04, 7.605000e-04, 1.000000
5.265000e-04, 7.605000e-04, 1.000000
6.435000e-04, 7.605000e-04, 1.000000
7.605000e-04, 7.605000e-04, 1.000000
8.775000e-04, 7.605000e-04, 1.000000
9.945000e-04, 7.605000e-04, 1.000000
1.111500e-03, 7.605000e-04, 1.000000
1.228500e-03, 7.605000e-04, 1.000000
1.345500e-03, 7.605000e-04, 0.797094
1.462500e-03, 7.605000e-04, 0.946474
1.579500e-03, 7.605000e-04, 1.000000
1.696500e-03, 7.605000e-04, 1.000000
1.813500e-03, 7.605000e-04, 1.000000
1.930500e-03, 7.605000e-04, 1.000000
2.047500e-03, 7.605000e-04, 1.000000
2.164500e-03, 7.605000e-04, 1.000000
2.281500e-03, 7.605000e-04, 1.000000
2.398500e-03, 7.605000e-04, 1.000000
2.515500e-03, 7.605000e-04, 0.906667
2.632500e-03, 7.605000e-04, 0.834957
2.749500e-03, 7.605000e-04, 1.000000
2.866500e-03, 7.605000e-04, 1.000000
2.983500e-03, 7.605000e-04, 0.454701
3.100500e-03, 7.605000e-04, 1.000000
3.217500e-03, 7.605000e-04, 1.000000
3.334500e-03, 7.605000e-04, 1.000000
3.451500e-03, 7.605000e-04, 0.528471
3.568500e-03, 7.605000e-04, 0.659184
3.685500e-03, 7.605000e-04, 0.285455
3.802500e-03, 7.605000e-04, 0.501840
3.919500e-03, 7.605000e-04, 0.904868
4.036500e-03, 7.605000e-04, 1.000000
4.153500e-03, 7.605000e-04, 0.791581
4.270500e-03, 7.605000e-04, 0.918344
4.387500e-03, 7.605000e-04, 1.000000
4.504500e-03, 7.605000e-04, 0.876783
4.621500e-03, 7.605000e-04, 0.763666
4.738500e-03, 7.605000e-04, 0.999994
4.855500e-03, 7.605000e-04, 0.815269
4.972500e-03, 7.605000e-04, 1.000000
5.089500e-03, 7.605000e-04, 0.933972
5.206500e-03, 7.605000e-04, 1.000000
5.323500e-03, 7.605000e-04, 0.880707
5.440500e-03, 7.605000e-04, 0.773921
5.557500e-03, 7.605000e-04, 0.992229
5.674500e-03, 7.605000e-04, 0.893602
5.791500e-03, 7.605000e-04, 0.001091
-5.791500e-03, 8.775000e-04, 0.000000
-5.674500e-03, 8.775000e-04, 0.681599
-5.557500e-03, 8.775000e-04, 0.876683
-5.440500e-03, 8.775000e-04, 0.827456
-5.323500e-03, 8.775000e-04, 0.993860
-5.206500e-03, 8.775000e-04, 0.979705
-5.089500e-03, 8.775000e-04, 0.993860
-4.972500e-03, 8.775000e-04, 0.993860
-4.855500e-03, 8.775000e-04, 0.989545
-4.738500e-03, 8.775000e-04, 0.990160
-4.621500e-03, 8.775000e-04, 0.993860
-4.504500e-03, 8.775000e-04, 0.914665
-4.387500e-03, 8.775000e-04, 0.977522
-4.270500e-03, 8.775000e-04, 0.777899
-4.153500e-03, 8.775000e-04, 0.900418
-4.036500e-03, 8.775000e-04, 0.962850
-3.919500e-03, 8.775000e-04, 0.892329
-3.802500e-03, 8.775000e-04, 0.983627
-3.685500e-03, 8.775000e-04, 1.000000
-3.568500e-03, 8.775000e-04, 0.889614
-3.451500e-03, 8.775000e-04, 1.000000
-3.334500e-03, 8.775000e-04, 0.242393
-3.217500e-03, 8.775000e-04, 0.724888
-3.100500e-03, 8.775000e-04, 0.849784
-2.983500e-03, 8.775000e-04, 1.000000
-2.866500e-03, 8.775000e-04, 1.000000
-2.749500e-03, 8.775000e-04, 1.000000
-2.632500e-03, 8.775000e-04, 0.488376
-2.515500e-03, 8.775000e-04, 1.000000
-2.398500e-03, 8.775000e-04, 1.000000
-2.281500e-03, 8.775000e-04, 0.889316
-2.164500e-03, 8.775000e-04, 0.749573
-2.047500e-03, 8.775000e-04, 1.000000
-1.930500e-03, 8.775000e-04, 1.000000
-1.813500e-03, 8.775000e-04, 0.462308
-1.696500e-03, 8.775000e-04, 0.894701
-1.579500e-03, 8.775000e-04, 1.000000
-1.462500e-03, 8.775000e-04, 0.994738
-1.345500e-03, 8.775000e-04, 0.986555
-1.228500e-03, 8.775000e-04, 1.000000
-1.111500e-03, 8.775000e-04, 1.000000
-9.945000e-04, 8.775000e-04, 0.589202
-8.775000e-04, 8.775000e-04, 0.942548
-7.605000e-04, 8.775000e-04, 1.000000
-6.435000e-04, 8.775000e-04, 1.000000
-5.265000e-04, 8.775000e-04, 1.000000
-4.095000e-04, 8.775000e-04, 1.000000
-2.925000e-04, 8.775000e-04, 1.000000
-1.755000e-04, 8.775000e-04, 1.000000
-5.850000e-05, 8.775000e-04, 1.000000
5.850000e-05, 8.775000e-04, 1.000000
1.755000e-04, 8.775000e-04, 1.000000
2.925000e-04, 8.775000e-04, 1.000000
4.095000e-04, 8.775000e-04, 1.000000
5.265000e-04, 8.775000e-04, 1.000000
6.435000e-04, 8.775000e-04, 1.000000
7.605000e-04, 8.775000e-04, 1.000000
8.775000e-04, 8.775000e-04, 1.000000
9.945000e-04, 8.775000e-04, 0.981293
1.111500e-03, 8.775000e-04, 1.000000
1.228500e-03, 8.775000e-04, 1.000000
1.345500e-03, 8.775000e-04, 0.806775
1.462500e-03, 8.775000e-04, 0.916373
1.579500e-03, 8.775000e-04, 1.000000
1.696500e-03, 8.775000e-04, 1.000000
1.813500e-03, 8.775000e-04, 1.000000
1.930500e-03, 8.775000e-04, 1.000000
2.047500e-03, 8.775000e-04, 1.000000
2.164500e-03, 8.775000e-04, 1.000000
2.281500e-03, 8.775000e-04, 1.000000
2.398500e-03, 8.775000e-04, 1.000000
2.515500e-03, 8.775000e-04, 0.906667
2.632500e-03, 8.775000e-04, 0.834957
2.749500e-03, 8.775000e-04, 1.000000
2.866500e-03, 8.775000e-04, 0.999991
2.983500e-03, 8.775000e-04, 0.486405
3.100500e-03, 8.775000e-04, 1.000000
3.217500e-03, 8.775000e-04, 1.000000
3.334500e-03, 8.775000e-04, 0.890446
3.451500e-03, 8.775000e-04, 0.777471
3.568500e-03, 8.775000e-04, 0.285455
3.685500e-03, 8.775000e-04, 0.000000
3.802500e-03, 8.775000e-04, 0.518034
3.919500e-03, 8.775000e-04, 0.881492
4.036500e-03, 8.775000e-04, 0.918864
4.153500e-03, 8.775000e-04, 0.967820
4.270500e-03, 8.775000e-04, 0.889259
4.387500e-03, 8.775000e-04, 0.966735
4.504500e-03, 8.775000e-04, 0.999935
4.621500e-03, 8.775000e-04, 0.738413
4.738500e-03, 8.775000e-04, 0.817532
4.855500e-03, 8.775000e-04, 0.943446
4.972500e-03, 8.775000e-04, 1.000000
5.089500e-03, 8.775000e-04, 0.994679
5.206500e-03, 8.775000e-04, 0.972126
5.323500e-03, 8.775000e-04, 0.936147
5.440500e-03, 8.775000e-04, 0.824726
5.557500e-03, 8.775000e-04, 0.875137
5.674500e-03, 8.775000e-04, 0.744773
5.791500e-03, 8.775000e-04, 0.019536
-5.791500e-03, 9.945000e-04, 0.073711
-5.674500e-03, 9.945000e-04, 0.836517
-5.557500e-03, 9.945000e-04, 0.901434
-5.440500e-03, 9.945000e-04, 1.000000
-5.323500e-03, 9.945000e-04, 1.000000
-5.206500e-03, 9.945000e-04, 0.945563
-5.089500e-03, 9.945000e-04, 1.000000
-4.972500e-03, 9.945000e-04, 1.000000
-4.855500e-03, 9.945000e-04, 0.974025
-4.738500e-03, 9.945000e-04, 0.983888
-4.621500e-03, 9.945000e-04, 0.980106
-4.504500e-03, 9.945000e-04, 0.819065
-4.387500e-03, 9.945000e-04, 0.766253
-4.270500e-03, 9.945000e-04, 0.938976
-4.153500e-03, 9.945000e-04, 1.000000
-4.036500e-03, 9.945000e-04, 0.929487
-3.919500e-03, 9.945000e-04, 0.995311
-3.802500e-03, 9.945000e-04, 1.000000
-3.685500e-03, 9.945000e-04, 0.972101
-3.568500e-03, 9.945000e-04, 0.244631
-3.451500e-03, 9.945000e-04, 0.959786
-3.334500e-03, 9.945000e-04, 0.242393
-3.217500e-03, 9.945000e-04, 0.366334
-3.100500e-03, 9.945000e-04, 0.759254
-2.983500e-03, 9.945000e-04, 0.831417
-2.866500e-03, 9.945000e-04, 1.000000
-2.749500e-03, 9.945000e-04, 1.000000
-2.632500e-03, 9.945000e-04, 0.488376
-2.515500e-03, 9.945000e-04, 1.000000
-2.398500e-03, 9.945000e-04, 1.000000
-2.281500e-03, 9.945000e-04, 0.889316
-2.164500e-03, 9.945000e-04, 0.749573
-2.047500e-03, 9.945000e-04, 1.000000
-1.930500e-03, 9.945000e-04, 1.000000
-1.813500e-03, 9.945000e-04, 0.462308
-1.696500e-03, 9.945000e-04, 0.894701
-1.579500e-03, 9.945000e-04, 1.000000
-1.462500e-03, 9.945000e-04, 0.602616
-1.345500e-03, 9.945000e-04, 0.534240
-1.228500e-03, 9.945000e-04, 1.000000
-1.111500e-03, 9.945000e-04, 1.000000
-9.945000e-04, 9.945000e-04, 0.982305
-8.775000e-04, 9.945000e-04, 0.545732
-7.605000e-04, 9.945000e-04, 0.592906
-6.435000e-04, 9.945000e-04, 0.592906
-5.265000e-04, 9.945000e-04, 0.592906
-4.095000e-04, 9.945000e-04, 0.592906
-2.925000e-04, 9.945000e-04, 0.592906
-1.755000e-04, 9.945000e-04, 0.592906
-5.850000e-05, 9.945000e-04, 0.592906
5.850000e-05, 9.945000e-04, 0.592906
1.755000e-04, 9.945000e-04, 0.592906
2.925000e-04, 9.945000e-04, 0.592906
4.095000e-04, 9.945000e-04, 0.593196
5.265000e-04, 9.945000e-04, 0.926659
6.435000e-04, 9.945000e-04, 1.000000
7.605000e-04, 9.945000e-04, 1.000000
8.775000e-04, 9.945000e-04, 0.981293
9.945000e-04, 9.945000e-04, 0.208827
1.111500e-03, 9.945000e-04, 0.946736
1.228500e-03, 9.945000e-04, 1.000000
1.345500e-03, 9.945000e-04, 0.997967
1.462500e-03, 9.945000e-04, 0.684050
1.579500e-03, 9.945000e-04, 0.810444
1.696500e-03, 9.945000e-04, 0.817179
1.813500e-03, 9.945000e-04, 0.817179
1.930500e-03, 9.945000e-04, 0.817179
2.047500e-03, 9.945000e-04, 0.835688
2.164500e-03, 9.945000e-04, 1.000000
2.281500e-03, 9.945000e-04, 1.000000
2.398500e-03, 9.945000e-04, 1.000000
2.515500e-03, 9.945000e-04, 0.906667
2.632500e-03, 9.945000e-04, 0.834957
2.749500e-03, 9.945000e-04, 0.999991
2.866500e-03, 9.945000e-04, 0.640010
2.983500e-03, 9.945000e-04, 0.892819
3.100500e-03, 9.945000e-04, 1.000000
3.217500e-03, 9.945000e-04, 0.890446
3.334500e-03, 9.945000e-04, 0.777471
3.451500e-03, 9.945000e-04, 0.285455
3.568500e-03, 9.945000e-04, 0.000000
3.685500e-03, 9.945000e-04, 0.000000
3.802500e-03, 9.945000e-04, 0.518034
3.919500e-03, 9.945000e-04, 1.000000
4.036500e-03, 9.945000e-04, 0.970920
4.153500e-03, 9.945000e-04, 1.000000
4.270500e-03, 9.945000e-04, 1.000000
4.387500e-03, 9.945000e-04, 0.747421
4.504500e-03, 9.945000e-04, 0.589866
4.621500e-03, 9.945000e-04, 0.810788
4.738500e-03, 9.945000e-04, 0.996765
4.855500e-03, 9.945000e-04, 1.000000
4.972500e-03, 9.945000e-04, 1.000000
5.089500e-03, 9.945000e-04, 0.999743
5.206500e-03, 9.945000e-04, 0.953816
5.323500e-03, 9.945000e-04, 1.000000
5.440500e-03, 9.945000e-04, 1.000000
5.557500e-03, 9.945000e-04, 0.899405
5.674500e-03, 9.945000e-04, 0.943908
5.791500e-03, 9.945000e-04, 0.145298
-5.791500e-03, 1.111500e-03, 0.091282
-5.674500e-03, 1.111500e-03, 1.000000
-5.557500e-03, 1.111500e-03, 0.824797
-5.440500e-03, 1.111500e-03, 0.999717
-5.323500e-03, 1.111500e-03, 0.999539
-5.206500e-03, 1.111500e-03, 0.949969
-5.089500e-03, 1.111500e-03, 0.999539
-4.972500e-03, 1.111500e-03, 1.000000
-4.855500e-03, 1.111500e-03, 1.000000
-4.738500e-03, 1.111500e-03, 1.000000
-4.621500e-03, 1.111500e-03, 0.814858
-4.504500e-03, 1.111500e-03, 0.995745
-4.387500e-03, 1.111500e-03, 0.920680
-4.270500e-03, 1.111500e-03, 0.895402
-4.153500e-03, 1.111500e-03, 0.999539
-4.036500e-03, 1.111500e-03, 0.953919
-3.919500e-03, 1.111500e-03, 0.995589
-3.802500e-03, 1.111500e-03, 1.000000
-3.685500e-03, 1.111500e-03, 1.000000
-3.568500e-03, 1.111500e-03, 0.998752
-3.451500e-03, 1.111500e-03, 1.000000
-3.334500e-03, 1.111500e-03, 0.242393
-3.217500e-03, 1.111500e-03, 0.000000
-3.100500e-03, 1.111500e-03, 0.661273
-2.983500e-03, 1.111500e-03, 0.783644
-2.866500e-03, 1.111500e-03, 1.000000
-2.749500e-03, 1.111500e-03, 1.000000
-2.632500e-03, 1.111500e-03, 0.488376
-2.515500e-03, 1.111500e-03, 1.000000
-2.398500e-03, 1.111500e-03, 1.000000
-2.281500e-03, 1.111500e-03, 0.889316
-2.164500e-03, 1.111500e-03, 0.749573
-2.047500e-03, 1.111500e-03, 1.000000
-1.930500e-03, 1.111500e-03, 1.000000
-1.813500e-03, 1.111500e-03, 0.462308
-1.696500e-03, 1.111500e-03, 0.894701
-1.579500e-03, 1.111500e-03, 1.000000
-1.462500e-03, 1.111500e-03, 0.980674
-1.345500e-03, 1.111500e-03, 0.966062
-1.228500e-03, 1.111500e-03, 1.000000
-1.111500e-03, 1.111500e-03, 1.000000
-9.945000e-04, 1.111500e-03, 1.000000
-8.775000e-04, 1.111500e-03, 0.989974
-7.605000e-04, 1.111500e-03, 0.935726
-6.435000e-04, 1.111500e-03, 0.935726
-5.265000e-04, 1.111500e-03, 0.935726
-4.095000e-04, 1.111500e-03, 0.935726
-2.925000e-04, 1.111500e-03, 0.935726
-1.755000e-04, 1.111500e-03, 0.935726
-5.850000e-05, 1.111500e-03, 0.935726
5.850000e-05, 1.111500e-03, 0.935726
1.755000e-04, 1.111500e-03, 0.935726
2.925000e-04, 1.111500e-03, 0.935726
4.095000e-04, 1.111500e-03, 0.930317
5.265000e-04, 1.111500e-03, 0.525294
6.435000e-04, 1.111500e-03, 1.000000
7.605000e-04, 1.111500e-03, 1.000000
8.775000e-04, 1.111500e-03, 1.000000
9.945000e-04, 1.111500e-03, 0.946736
1.111500e-03, 1.111500e-03, 1.000000
1.228500e-03, 1.111500e-03, 1.000000
1.345500e-03, 1.111500e-03, 1.000000
1.462500e-03, 1.111500e-03, 0.997967
1.579500e-03, 1.111500e-03, 0.920805
1.696500e-03, 1.111500e-03, 0.920684
1.813500e-03, 1.111500e-03, 0.920684
1.930500e-03, 1.111500e-03, 0.920684
2.047500e-03, 1.111500e-03, 0.875063
2.164500e-03, 1.111500e-03, 0.718130
2.281500e-03, 1.111500e-03, 1.000000
2.398500e-03, 1.111500e-03, 1.000000
2.515500e-03, 1.111500e-03, 0.906667
2.632500e-03, 1.111500e-03, 0.834957
2.749500e-03, 1.111500e-03, 0.844246
2.866500e-03, 1.111500e-03, 0.842297
2.983500e-03, 1.111500e-03, 1.000000
3.100500e-03, 1.111500e-03, 0.890446
3.217500e-03, 1.111500e-03, 0.777471
3.334500e-03, 1.111500e-03, 0.285455
3.451500e-03, 1.111500e-03, 0.113947
3.568500e-03, 1.111500e-03, 0.797490
3.685500e-03, 1.111500e-03, 0.511505
3.802500e-03, 1.111500e-03, 0.518034
3.919500e-03, 1.111500e-03, 1.000000
4.036500e-03, 1.111500e-03, 1.000000
4.153500e-03, 1.111500e-03, 1.000000
4.270500e-03, 1.111500e-03, 0.915361
4.387500e-03, 1.111500e-03, 0.926364
4.504500e-03, 1.111500e-03, 0.969445
4.621500e-03, 1.111500e-03, 0.767659
4.738500e-03, 1.111500e-03, 0.894295
4.855500e-03, 1.111500e-03, 0.920871
4.972500e-03, 1.111500e-03, 0.959156
5.089500e-03, 1.111500e-03, 0.933580
5.206500e-03, 1.111500e-03, 0.927598
5.323500e-03, 1.111500e-03, 0.892678
5.440500e-03, 1.111500e-03, 1.000000
5.557500e-03, 1.111500e-03, 1.000000
5.674500e-03, 1.111500e-03, 0.722901
5.791500e-03, 1.111500e-03, 0.026576
-5.791500e-03, 1.228500e-03, 0.091282
-5.674500e-03, 1.228500e-03, 0.993773
-5.557500e-03, 1.228500e-03, 0.329635
-5.440500e-03, 1.228500e-03, 0.916962
-5.323500e-03, 1.228500e-03, 0.938080
-5.206500e-03, 1.228500e-03, 1.000000
-5.089500e-03, 1.228500e-03, 0.938080
-4.972500e-03, 1.228500e-03, 1.000000
-4.855500e-03, 1.228500e-03, 0.992736
-4.738500e-03, 1.228500e-03, 0.973864
-4.621500e-03, 1.228500e-03, 0.965850
-4.504500e-03, 1.228500e-03, 0.876156
-4.387500e-03, 1.228500e-03, 1.000000
-4.270500e-03, 1.228500e-03, 0.940241
-4.153500e-03, 1.228500e-03, 0.938080
-4.036500e-03, 1.228500e-03, 1.000000
-3.919500e-03, 1.228500e-03, 0.970303
-3.802500e-03, 1.228500e-03, 0.967777
-3.685500e-03, 1.228500e-03, 1.000000
-3.568500e-03, 1.228500e-03, 1.000000
-3.451500e-03, 1.228500e-03, 1.000000
-3.334500e-03, 1.228500e-03, 0.242393
-3.217500e-03, 1.228500e-03, 0.000000
-3.100500e-03, 1.228500e-03, 0.602291
-2.983500e-03, 1.228500e-03, 0.959165
-2.866500e-03, 1.228500e-03, 1.000000
-2.749500e-03, 1.228500e-03, 1.000000
-2.632500e-03, 1.228500e-03, 0.488376
-2.515500e-03, 1.228500e-03, 1.000000
-2.398500e-03, 1.228500e-03, 1.000000
-2.281500e-03, 1.228500e-03, 0.889316
-2.164500e-03, 1.228500e-03, 0.749573
-2.047500e-03, 1.228500e-03, 1.000000
-1.930500e-03, 1.228500e-03, 1.000000
-1.813500e-03, 1.228500e-03, 0.462308
-1.696500e-03, 1.228500e-03, 0.894701
-1.579500e-03, 1.228500e-03, 1.000000
-1.462500e-03, 1.228500e-03, 1.000000
-1.345500e-03, 1.228500e-03, 1.000000
-1.228500e-03, 1.228500e-03, 1.000000
-1.111500e-03, 1.228500e-03, 1.000000
-9.945000e-04, 1.228500e-03, 1.000000
-8.775000e-04, 1.228500e-03, 1.000000
-7.605000e-04, 1.228500e-03, 1.000000
-6.435000e-04, 1.228500e-03, 1.000000
-5.265000e-04, 1.228500e-03, 1.000000
-4.095000e-04, 1.228500e-03, 1.000000
-2.925000e-04, 1.228500e-03, 1.000000
-1.755000e-04, 1.228500e-03, 1.000000
-5.850000e-05, 1.228500e-03, 1.000000
5.850000e-05, 1.228500e-03, 1.000000
1.755000e-04, 1.228500e-03, 1.000000
2.925000e-04, 1.228500e-03, 1.000000
4.095000e-04, 1.228500e-03, 1.000000
5.265000e-04, 1.228500e-03, 0.632222
6.435000e-04, 1.228500e-03, 1.000000
7.605000e-04, 1.228500e-03, 1.000000
8.775000e-04, 1.228500e-03, 1.000000
9.945000e-04, 1.228500e-03, 1.000000
1.111500e-03, 1.228500e-03, 1.000000
1.228500e-03, 1.228500e-03, 1.000000
1.345500e-03, 1.228500e-03, 1.000000
1.462500e-03, 1.228500e-03, 1.000000
1.579500e-03, 1.228500e-03, 1.000000
1.696500e-03, 1.228500e-03, 1.000000
1.813500e-03, 1.228500e-03, 1.000000
1.930500e-03, 1.228500e-03, 1.000000
2.047500e-03, 1.228500e-03, 1.000000
2.164500e-03, 1.228500e-03, 0.743568
2.281500e-03, 1.228500e-03, 1.000000
2.398500e-03, 1.228500e-03, 1.000000
2.515500e-03, 1.228500e-03, 0.906667
2.632500e-03, 1.228500e-03, 0.834957
2.749500e-03, 1.228500e-03, 0.830598
2.866500e-03, 1.228500e-03, 0.912970
2.983500e-03, 1.228500e-03, 0.890446
3.100500e-03, 1.228500e-03, 0.777471
3.217500e-03, 1.228500e-03, 0.285455
3.334500e-03, 1.228500e-03, 0.000000
3.451500e-03, 1.228500e-03, 0.375807
3.568500e-03, 1.228500e-03, 1.000000
3.685500e-03, 1.228500e-03, 0.830023
3.802500e-03, 1.228500e-03, 0.518034
3.919500e-03, 1.228500e-03, 1.000000
4.036500e-03, 1.228500e-03, 1.000000
4.153500e-03, 1.228500e-03, 1.000000
4.270500e-03, 1.228500e-03, 0.944520
4.387500e-03, 1.228500e-03, 1.000000
4.504500e-03, 1.228500e-03, 0.891395
4.621500e-03, 1.228500e-03, 0.743207
4.738500e-03, 1.228500e-03, 1.000000
4.855500e-03, 1.228500e-03, 0.989951
4.972500e-03, 1.228500e-03, 0.911405
5.089500e-03, 1.228500e-03, 0.907211
5.206500e-03, 1.228500e-03, 1.000000
5.323500e-03, 1.228500e-03, 0.897897
5.440500e-03, 1.228500e-03, 1.000000
5.557500e-03, 1.228500e-03, 0.722901
5.674500e-03, 1.228500e-03, 0.032654
5.791500e-03, 1.228500e-03, 0.000000
-5.791500e-03, 1.345500e-03, 0.091282
-5.674500e-03, 1.345500e-03, 1.000000
-5.557500e-03, 1.345500e-03, 1.000000
-5.440500e-03, 1.345500e-03, 1.000000
-5.323500e-03, 1.345500e-03, 1.000000
-5.206500e-03, 1.345500e-03, 0.937619
-5.089500e-03, 1.345500e-03, 1.000000
-4.972500e-03, 1.345500e-03, 1.000000
-4.855500e-03, 1.345500e-03, 0.628441
-4.738500e-03, 1.345500e-03, 0.503997
-4.621500e-03, 1.345500e-03, 1.000000
-4.504500e-03, 1.345500e-03, 0.948633
-4.387500e-03, 1.345500e-03, 0.925236
-4.270500e-03, 1.345500e-03, 0.935295
-4.153500e-03, 1.345500e-03, 1.000000
-4.036500e-03, 1.345500e-03, 0.941569
-3.919500e-03, 1.345500e-03, 0.996050
-3.802500e-03, 1.345500e-03, 1.000000
-3.685500e-03, 1.345500e-03, 1.000000
-3.568500e-03, 1.345500e-03, 1.000000
-3.451500e-03, 1.345500e-03, 1.000000
-3.334500e-03, 1.345500e-03, 0.242393
-3.217500e-03, 1.345500e-03, 0.000000
-3.100500e-03, 1.345500e-03, 0.985983
-2.983500e-03, 1.345500e-03, 0.796797
-2.866500e-03, 1.345500e-03, 0.697981
-2.749500e-03, 1.345500e-03, 1.000000
-2.632500e-03, 1.345500e-03, 0.488376
-2.515500e-03, 1.345500e-03, 1.000000
-2.398500e-03, 1.345500e-03, 1.000000
-2.281500e-03, 1.345500e-03, 0.889316
-2.164500e-03, 1.345500e-03, 0.749573
-2.047500e-03, 1.345500e-03, 1.000000
-1.930500e-03, 1.345500e-03, 1.000000
-1.813500e-03, 1.345500e-03, 0.462308
-1.696500e-03, 1.345500e-03, 0.894701
-1.579500e-03, 1.345500e-03, 1.000000
-1.462500e-03, 1.345500e-03, 0.767390
-1.345500e-03, 1.345500e-03, 0.719467
-1.228500e-03, 1.345500e-03, 1.000000
-1.111500e-03, 1.345500e-03, 0.966062
-9.945000e-04, 1.345500e-03, 0.534240
-8.775000e-04, 1.345500e-03, 0.986555
-7.605000e-04, 1.345500e-03, 1.000000
-6.435000e-04, 1.345500e-03, 0.659599
-5.265000e-04, 1.345500e-03, 0.827257
-4.095000e-04, 1.345500e-03, 1.000000
-2.925000e-04, 1.345500e-03, 0.909845
-1.755000e-04, 1.345500e-03, 0.577011
-5.850000e-05, 1.345500e-03, 1.000000
5.850000e-05, 1.345500e-03, 1.000000
1.755000e-04, 1.345500e-03, 1.000000
2.925000e-04, 1.345500e-03, 0.938542
4.095000e-04, 1.345500e-03, 0.829567
5.265000e-04, 1.345500e-03, 0.690684
6.435000e-04, 1.345500e-03, 1.000000
7.605000e-04, 1.345500e-03, 1.000000
8.775000e-04, 1.345500e-03, 0.986555
9.945000e-04, 1.345500e-03, 0.534240
1.111500e-03, 1.345500e-03, 0.966062
1.228500e-03, 1.345500e-03, 1.000000
1.345500e-03, 1.345500e-03, 0.719467
1.462500e-03, 1.345500e-03, 0.767390
1.579500e-03, 1.345500e-03, 1.000000
1.696500e-03, 1.345500e-03, 0.945606
1.813500e-03, 1.345500e-03, 0.545344
1.930500e-03, 1.345500e-03, 0.995907
2.047500e-03, 1.345500e-03, 1.000000
2.164500e-03, 1.345500e-03, 0.743568
2.281500e-03, 1.345500e-03, 1.000000
2.398500e-03, 1.345500e-03, 1.000000
2.515500e-03, 1.345500e-03, 0.906667
2.632500e-03, 1.345500e-03, 0.834957
2.749500e-03, 1.345500e-03, 0.830598
2.866500e-03, 1.345500e-03, 0.912970
2.983500e-03, 1.345500e-03, 0.764772
3.100500e-03, 1.345500e-03, 0.686461
3.217500e-03, 1.345500e-03, 0.652712
3.334500e-03, 1.345500e-03, 0.276219
3.451500e-03, 1.345500e-03, 0.521631
3.568500e-03, 1.345500e-03, 0.403122
3.685500e-03, 1.345500e-03, 0.137238
3.802500e-03, 1.345500e-03, 0.518034
3.919500e-03, 1.345500e-03, 1.000000
4.036500e-03, 1.345500e-03, 1.000000
4.153500e-03, 1.345500e-03, 1.000000
4.270500e-03, 1.345500e-03, 0.924738
4.387500e-03, 1.345500e-03, 0.947864
4.504500e-03, 1.345500e-03, 0.916045
4.621500e-03, 1.345500e-03, 0.726862
4.738500e-03, 1.345500e-03, 0.753665
4.855500e-03, 1.345500e-03, 0.941878
4.972500e-03, 1.345500e-03, 0.999897
5.089500e-03, 1.345500e-03, 0.895671
5.206500e-03, 1.345500e-03, 0.886159
5.323500e-03, 1.345500e-03, 0.764071
5.440500e-03, 1.345500e-03, 0.808253
5.557500e-03, 1.345500e-03, 0.139744
5.674500e-03, 1.345500e-03, 0.029761
5.791500e-03, 1.345500e-03, 0.000000
-5.791500e-03, 1.462500e-03, 0.017974
-5.674500e-03, 1.462500e-03, 0.447134
-5.557500e-03, 1.462500e-03, 0.759424
-5.440500e-03, 1.462500e-03, 0.890129
-5.323500e-03, 1.462500e-03, 1.000000
-5.206500e-03, 1.462500e-03, 0.937619
-5.089500e-03, 1.462500e-03, 1.000000
-4.972500e-03, 1.462500e-03, 1.000000
-4.855500e-03, 1.462500e-03, 0.992486
-4.738500e-03, 1.462500e-03, 0.973360
-4.621500e-03, 1.462500e-03, 1.000000
-4.504500e-03, 1.462500e-03, 0.923337
-4.387500e-03, 1.462500e-03, 0.868421
-4.270500e-03, 1.462500e-03, 0.939803
-4.153500e-03, 1.462500e-03, 0.809794
-4.036500e-03, 1.462500e-03, 0.624822
-3.919500e-03, 1.462500e-03, 1.000000
-3.802500e-03, 1.462500e-03, 1.000000
-3.685500e-03, 1.462500e-03, 1.000000
-3.568500e-03, 1.462500e-03, 1.000000
-3.451500e-03, 1.462500e-03, 1.000000
-3.334500e-03, 1.462500e-03, 0.242393
-3.217500e-03, 1.462500e-03, 0.000000
-3.100500e-03, 1.462500e-03, 0.985983
-2.983500e-03, 1.462500e-03, 0.830347
-2.866500e-03, 1.462500e-03, 0.739760
-2.749500e-03, 1.462500e-03, 1.000000
-2.632500e-03, 1.462500e-03, 0.488376
-2.515500e-03, 1.462500e-03, 1.000000
-2.398500e-03, 1.462500e-03, 1.000000
-2.281500e-03, 1.462500e-03, 0.861452
-2.164500e-03, 1.462500e-03, 0.749573
-2.047500e-03, 1.462500e-03, 1.000000
-1.930500e-03, 1.462500e-03, 1.000000
-1.813500e-03, 1.462500e-03, 0.462308
-1.696500e-03, 1.462500e-03, 0.894701
-1.579500e-03, 1.462500e-03, 1.000000
-1.462500e-03, 1.462500e-03, 0.810638
-1.345500e-03, 1.462500e-03, 0.767390
-1.228500e-03, 1.462500e-03, 1.000000
-1.111500e-03, 1.462500e-03, 0.980674
-9.945000e-04, 1.462500e-03, 0.602616
-8.775000e-04, 1.462500e-03, 0.994738
-7.605000e-04, 1.462500e-03, 1.000000
-6.435000e-04, 1.462500e-03, 0.713951
-5.265000e-04, 1.462500e-03, 0.864077
-4.095000e-04, 1.462500e-03, 1.000000
-2.925000e-04, 1.462500e-03, 0.935561
-1.755000e-04, 1.462500e-03, 0.642467
-5.850000e-05, 1.462500e-03, 1.000000
5.850000e-05, 1.462500e-03, 1.000000
1.755000e-04, 1.462500e-03, 0.894289
2.925000e-04, 1.462500e-03, 0.726864
4.095000e-04, 1.462500e-03, 0.901333
5.265000e-04, 1.462500e-03, 0.999398
6.435000e-04, 1.462500e-03, 1.000000
7.605000e-04, 1.462500e-03, 1.000000
8.775000e-04, 1.462500e-03, 0.994738
9.945000e-04, 1.462500e-03, 0.602616
1.111500e-03, 1.462500e-03, 0.980674
1.228500e-03, 1.462500e-03, 1.000000
1.345500e-03, 1.462500e-03, 0.767390
1.462500e-03, 1.462500e-03, 0.810638
1.579500e-03, 1.462500e-03, 1.000000
1.696500e-03, 1.462500e-03, 0.964893
1.813500e-03, 1.462500e-03, 0.613720
1.930500e-03, 1.462500e-03, 0.999415
2.047500e-03, 1.462500e-03, 1.000000
2.164500e-03, 1.462500e-03, 0.743568
2.281500e-03, 1.462500e-03, 1.000000
2.398500e-03, 1.462500e-03, 1.000000
2.515500e-03, 1.462500e-03, 0.906667
2.632500e-03, 1.462500e-03, 0.811038
2.749500e-03, 1.462500e-03, 0.819679
2.866500e-03, 1.462500e-03, 0.913834
2.983500e-03, 1.462500e-03, 0.786303
3.100500e-03, 1.462500e-03, 0.469857
3.217500e-03, 1.462500e-03, 0.528097
3.334500e-03, 1.462500e-03, 0.151604
3.451500e-03, 1.462500e-03, 0.045832
3.568500e-03, 1.462500e-03, 0.378686
3.685500e-03, 1.462500e-03, 0.180726
3.802500e-03, 1.462500e-03, 0.518034
3.919500e-03, 1.462500e-03, 1.000000
4.036500e-03, 1.462500e-03, 1.000000
4.153500e-03, 1.462500e-03, 1.000000
4.270500e-03, 1.462500e-03, 0.957061
4.387500e-03, 1.462500e-03, 0.902815
4.504500e-03, 1.462500e-03, 0.980215
4.621500e-03, 1.462500e-03, 0.774478
4.738500e-03, 1.462500e-03, 0.644421
4.855500e-03, 1.462500e-03, 0.938688
4.972500e-03, 1.462500e-03, 0.979769
5.089500e-03, 1.462500e-03, 0.930972
5.206500e-03, 1.462500e-03, 0.603224
5.323500e-03, 1.462500e-03, 0.626693
5.440500e-03, 1.462500e-03, 0.719880
5.557500e-03, 1.462500e-03, 0.966753
5.674500e-03, 1.462500e-03, 0.726016
5.791500e-03, 1.462500e-03, 0.000000
-5.791500e-03, 1.579500e-03, 0.001091
-5.674500e-03, 1.579500e-03, 0.937254
-5.557500e-03, 1.579500e-03, 1.000000
-5.440500e-03, 1.579500e-03, 0.763278
-5.323500e-03, 1.579500e-03, 0.937619
-5.206500e-03, 1.579500e-03, 1.000000
-5.089500e-03, 1.579500e-03, 0.937619
-4.972500e-03, 1.579500e-03, 1.000000
-4.855500e-03, 1.579500e-03, 1.000000
-4.738500e-03, 1.579500e-03, 1.000000
-4.621500e-03, 1.579500e-03, 0.912082
-4.504500e-03, 1.579500e-03, 0.827497
-4.387500e-03, 1.579500e-03, 0.843176
-4.270500e-03, 1.579500e-03, 0.761605
-4.153500e-03, 1.579500e-03, 0.887401
-4.036500e-03, 1.579500e-03, 0.742868
-3.919500e-03, 1.579500e-03, 1.000000
-3.802500e-03, 1.579500e-03, 1.000000
-3.685500e-03, 1.579500e-03, 0.695240
-3.568500e-03, 1.579500e-03, 0.605263
-3.451500e-03, 1.579500e-03, 1.000000
-3.334500e-03, 1.579500e-03, 0.629645
-3.217500e-03, 1.579500e-03, 0.000000
-3.100500e-03, 1.579500e-03, 0.985983
-2.983500e-03, 1.579500e-03, 1.000000
-2.866500e-03, 1.579500e-03, 1.000000
-2.749500e-03, 1.579500e-03, 1.000000
-2.632500e-03, 1.579500e-03, 0.514785
-2.515500e-03, 1.579500e-03, 1.000000
-2.398500e-03, 1.579500e-03, 0.939881
-2.281500e-03, 1.579500e-03, 0.213366
-2.164500e-03, 1.579500e-03, 0.749573
-2.047500e-03, 1.579500e-03, 1.000000
-1.930500e-03, 1.579500e-03, 1.000000
-1.813500e-03, 1.579500e-03, 0.462308
-1.696500e-03, 1.579500e-03, 0.894701
-1.579500e-03, 1.579500e-03, 1.000000
-1.462500e-03, 1.579500e-03, 1.000000
-1.345500e-03, 1.579500e-03, 1.000000
-1.228500e-03, 1.579500e-03, 1.000000
-1.111500e-03, 1.579500e-03, 1.000000
-9.945000e-04, 1.579500e-03, 1.000000
-8.775000e-04, 1.579500e-03, 1.000000
-7.605000e-04, 1.579500e-03, 1.000000
-6.435000e-04, 1.579500e-03, 1.000000
-5.265000e-04, 1.579500e-03, 1.000000
-4.095000e-04, 1.579500e-03, 1.000000
-2.925000e-04, 1.579500e-03, 1.000000
-1.755000e-04, 1.579500e-03, 1.000000
-5.850000e-05, 1.579500e-03, 1.000000
5.850000e-05, 1.579500e-03, 1.000000
1.755000e-04, 1.579500e-03, 0.727485
2.925000e-04, 1.579500e-03, 1.000000
4.095000e-04, 1.579500e-03, 1.000000
5.265000e-04, 1.579500e-03, 1.000000
6.435000e-04, 1.579500e-03, 1.000000
7.605000e-04, 1.579500e-03, 1.000000
8.775000e-04, 1.579500e-03, 1.000000
9.945000e-04, 1.579500e-03, 1.000000
1.111500e-03, 1.579500e-03, 1.000000
1.228500e-03, 1.579500e-03, 1.000000
1.345500e-03, 1.579500e-03, 1.000000
1.462500e-03, 1.579500e-03, 1.000000
1.579500e-03, 1.579500e-03, 1.000000
1.696500e-03, 1.579500e-03, 1.000000
1.813500e-03, 1.579500e-03, 1.000000
1.930500e-03, 1.579500e-03, 1.000000
2.047500e-03, 1.579500e-03, 1.000000
2.164500e-03, 1.579500e-03, 0.743568
2.281500e-03, 1.579500e-03, 1.000000
2.398500e-03, 1.579500e-03, 1.000000
2.515500e-03, 1.579500e-03, 0.906667
2.632500e-03, 1.579500e-03, 0.082814
2.749500e-03, 1.579500e-03, 0.570839
2.866500e-03, 1.579500e-03, 0.997066
2.983500e-03, 1.579500e-03, 0.758637
3.100500e-03, 1.579500e-03, 0.212466
3.217500e-03, 1.579500e-03, 0.000000
3.334500e-03, 1.579500e-03, 0.000000
3.451500e-03, 1.579500e-03, 0.319998
3.568500e-03, 1.579500e-03, 1.000000
3.685500e-03, 1.579500e-03, 0.844327
3.802500e-03, 1.579500e-03, 0.625352
3.919500e-03, 1.579500e-03, 1.000000
4.036500e-03, 1.579500e-03, 0.775764
4.153500e-03, 1.579500e-03, 0.875203
4.270500e-03, 1.579500e-03, 0.926223
4.387500e-03, 1.579500e-03, 1.000000
4.504500e-03, 1.579500e-03, 0.892759
4.621500e-03, 1.579500e-03, 0.759658
4.738500e-03, 1.579500e-03, 1.000000
4.855500e-03, 1.579500e-03, 0.997307
4.972500e-03, 1.579500e-03, 0.946195
5.089500e-03, 1.579500e-03, 0.871414
5.206500e-03, 1.579500e-03, 1.000000
5.323500e-03, 1.579500e-03, 0.783396
5.440500e-03, 1.579500e-03, 0.759013
5.557500e-03, 1.579500e-03, 1.000000
5.674500e-03, 1.579500e-03, 0.988768
5.791500e-03, 1.579500e-03, 0.001091
-5.791500e-03, 1.696500e-03, 0.000000
-5.674500e-03, 1.696500e-03, 0.527029
-5.557500e-03, 1.696500e-03, 0.696709
-5.440500e-03, 1.696500e-03, 0.756321
-5.323500e-03, 1.696500e-03, 1.000000
-5.206500e-03, 1.696500e-03, 0.939447
-5.089500e-03, 1.696500e-03, 1.000000
-4.972500e-03, 1.696500e-03, 1.000000
-4.855500e-03, 1.696500e-03, 0.940774
-4.738500e-03, 1.696500e-03, 0.999010
-4.621500e-03, 1.696500e-03, 0.871655
-4.504500e-03, 1.696500e-03, 0.862201
-4.387500e-03, 1.696500e-03, 0.969245
-4.270500e-03, 1.696500e-03, 0.583775
-4.153500e-03, 1.696500e-03, 0.875720
-4.036500e-03, 1.696500e-03, 1.000000
-3.919500e-03, 1.696500e-03, 1.000000
-3.802500e-03, 1.696500e-03, 1.000000
-3.685500e-03, 1.696500e-03, 0.906324
-3.568500e-03, 1.696500e-03, 0.858057
-3.451500e-03, 1.696500e-03, 1.000000
-3.334500e-03, 1.696500e-03, 0.571432
-3.217500e-03, 1.696500e-03, 0.000000
-3.100500e-03, 1.696500e-03, 0.985983
-2.983500e-03, 1.696500e-03, 1.000000
-2.866500e-03, 1.696500e-03, 1.000000
-2.749500e-03, 1.696500e-03, 1.000000
-2.632500e-03, 1.696500e-03, 0.450583
-2.515500e-03, 1.696500e-03, 0.811088
-2.398500e-03, 1.696500e-03, 0.213366
-2.281500e-03, 1.696500e-03, 0.000000
-2.164500e-03, 1.696500e-03, 0.749573
-2.047500e-03, 1.696500e-03, 1.000000
-1.930500e-03, 1.696500e-03, 1.000000
-1.813500e-03, 1.696500e-03, 0.462308
-1.696500e-03, 1.696500e-03, 0.894701
-1.579500e-03, 1.696500e-03, 1.000000
-1.462500e-03, 1.696500e-03, 0.964893
-1.345500e-03, 1.696500e-03, 0.945606
-1.228500e-03, 1.696500e-03, 1.000000
-1.111500e-03, 1.696500e-03, 1.000000
-9.945000e-04, 1.696500e-03, 0.910499
-8.775000e-04, 1.696500e-03, 1.000000
-7.605000e-04, 1.696500e-03, 1.000000
-6.435000e-04, 1.696500e-03, 0.925113
-5.265000e-04, 1.696500e-03, 0.985386
-4.095000e-04, 1.696500e-03, 1.000000
-2.925000e-04, 1.696500e-03, 0.999963
-1.755000e-04, 1.696500e-03, 0.910536
-5.850000e-05, 1.696500e-03, 1.000000
5.850000e-05, 1.696500e-03, 1.000000
1.755000e-04, 1.696500e-03, 0.743568
2.925000e-04, 1.696500e-03, 1.000000
4.095000e-04, 1.696500e-03, 1.000000
5.265000e-04, 1.696500e-03, 0.985386
6.435000e-04, 1.696500e-03, 0.925113
7.605000e-04, 1.696500e-03, 1.000000
8.775000e-04, 1.696500e-03, 1.000000
9.945000e-04, 1.696500e-03, 0.910499
1.111500e-03, 1.696500e-03, 1.000000
1.228500e-03, 1.696500e-03, 1.000000
1.345500e-03, 1.696500e-03, 0.945606
1.462500e-03, 1.696500e-03, 0.964893
1.579500e-03, 1.696500e-03, 1.000000
1.696500e-03, 1.696500e-03, 1.000000
1.813500e-03, 1.696500e-03, 0.910499
1.930500e-03, 1.696500e-03, 1.000000
2.047500e-03, 1.696500e-03, 1.000000
2.164500e-03, 1.696500e-03, 0.743568
2.281500e-03, 1.696500e-03, 1.000000
2.398500e-03, 1.696500e-03, 1.000000
2.515500e-03, 1.696500e-03, 0.875181
2.632500e-03, 1.696500e-03, 0.483953
2.749500e-03, 1.696500e-03, 0.994317
2.866500e-03, 1.696500e-03, 0.725406
2.983500e-03, 1.696500e-03, 0.657073
3.100500e-03, 1.696500e-03, 0.795844
3.217500e-03, 1.696500e-03, 0.650083
3.334500e-03, 1.696500e-03, 0.427350
3.451500e-03, 1.696500e-03, 0.611552
3.568500e-03, 1.696500e-03, 0.821925
3.685500e-03, 1.696500e-03, 0.692656
3.802500e-03, 1.696500e-03, 0.988947
3.919500e-03, 1.696500e-03, 1.000000
4.036500e-03, 1.696500e-03, 0.640278
4.153500e-03, 1.696500e-03, 0.773640
4.270500e-03, 1.696500e-03, 0.796577
4.387500e-03, 1.696500e-03, 0.999765
4.504500e-03, 1.696500e-03, 0.860233
4.621500e-03, 1.696500e-03, 0.970502
4.738500e-03, 1.696500e-03, 0.901047
4.855500e-03, 1.696500e-03, 0.937989
4.972500e-03, 1.696500e-03, 0.937409
5.089500e-03, 1.696500e-03, 0.878240
5.206500e-03, 1.696500e-03, 0.900977
5.323500e-03, 1.696500e-03, 0.913665
5.440500e-03, 1.696500e-03, 0.744490
5.557500e-03, 1.696500e-03, 1.000000
5.674500e-03, 1.696500e-03, 0.980599
5.791500e-03, 1.696500e-03, 0.000000
-5.791500e-03, 1.813500e-03, 0.000000
-5.674500e-03, 1.813500e-03, 0.004450
-5.557500e-03, 1.813500e-03, 0.165526
-5.440500e-03, 1.813500e-03, 0.766749
-5.323500e-03, 1.813500e-03, 1.000000
-5.206500e-03, 1.813500e-03, 0.936715
-5.089500e-03, 1.813500e-03, 1.000000
-4.972500e-03, 1.813500e-03, 0.871987
-4.855500e-03, 1.813500e-03, 0.886911
-4.738500e-03, 1.813500e-03, 0.793211
-4.621500e-03, 1.813500e-03, 0.873302
-4.504500e-03, 1.813500e-03, 0.643116
-4.387500e-03, 1.813500e-03, 0.812431
-4.270500e-03, 1.813500e-03, 0.938070
-4.153500e-03, 1.813500e-03, 0.576096
-4.036500e-03, 1.813500e-03, 0.782898
-3.919500e-03, 1.813500e-03, 0.942403
-3.802500e-03, 1.813500e-03, 1.000000
-3.685500e-03, 1.813500e-03, 1.000000
-3.568500e-03, 1.813500e-03, 1.000000
-3.451500e-03, 1.813500e-03, 1.000000
-3.334500e-03, 1.813500e-03, 0.242393
-3.217500e-03, 1.813500e-03, 0.000000
-3.100500e-03, 1.813500e-03, 0.975064
-2.983500e-03, 1.813500e-03, 1.000000
-2.866500e-03, 1.813500e-03, 1.000000
-2.749500e-03, 1.813500e-03, 1.000000
-2.632500e-03, 1.813500e-03, 0.309402
-2.515500e-03, 1.813500e-03, 0.000000
-2.398500e-03, 1.813500e-03, 0.000000
-2.281500e-03, 1.813500e-03, 0.212363
-2.164500e-03, 1.813500e-03, 0.944135
-2.047500e-03, 1.813500e-03, 1.000000
-1.930500e-03, 1.813500e-03, 1.000000
-1.813500e-03, 1.813500e-03, 0.462308
-1.696500e-03, 1.813500e-03, 0.894701
-1.579500e-03, 1.813500e-03, 1.000000
-1.462500e-03, 1.813500e-03, 0.613720
-1.345500e-03, 1.813500e-03, 0.545344
-1.228500e-03, 1.813500e-03, 1.000000
-1.111500e-03, 1.813500e-03, 0.946736
-9.945000e-04, 1.813500e-03, 0.231034
-8.775000e-04, 1.813500e-03, 0.981293
-7.605000e-04, 1.813500e-03, 1.000000
-6.435000e-04, 1.813500e-03, 0.453115
-5.265000e-04, 1.813500e-03, 0.705948
-4.095000e-04, 1.813500e-03, 1.000000
-2.925000e-04, 1.813500e-03, 0.845443
-1.755000e-04, 1.813500e-03, 0.313620
-5.850000e-05, 1.813500e-03, 1.000000
5.850000e-05, 1.813500e-03, 1.000000
1.755000e-04, 1.813500e-03, 0.743568
2.925000e-04, 1.813500e-03, 1.000000
4.095000e-04, 1.813500e-03, 1.000000
5.265000e-04, 1.813500e-03, 0.705948
6.435000e-04, 1.813500e-03, 0.453115
7.605000e-04, 1.813500e-03, 1.000000
8.775000e-04, 1.813500e-03, 0.981293
9.945000e-04, 1.813500e-03, 0.231034
1.111500e-03, 1.813500e-03, 0.946736
1.228500e-03, 1.813500e-03, 1.000000
1.345500e-03, 1.813500e-03, 0.545344
1.462500e-03, 1.813500e-03, 0.613720
1.579500e-03, 1.813500e-03, 1.000000
1.696500e-03, 1.813500e-03, 0.910499
1.813500e-03, 1.813500e-03, 0.253242
1.930500e-03, 1.813500e-03, 0.995322
2.047500e-03, 1.813500e-03, 1.000000
2.164500e-03, 1.813500e-03, 0.743568
2.281500e-03, 1.813500e-03, 1.000000
2.398500e-03, 1.813500e-03, 1.000000
2.515500e-03, 1.813500e-03, 0.687317
2.632500e-03, 1.813500e-03, 0.994119
2.749500e-03, 1.813500e-03, 0.675942
2.866500e-03, 1.813500e-03, 0.768071
2.983500e-03, 1.813500e-03, 0.180807
3.100500e-03, 1.813500e-03, 0.562579
3.217500e-03, 1.813500e-03, 0.411159
3.334500e-03, 1.813500e-03, 0.242308
3.451500e-03, 1.813500e-03, 0.242308
3.568500e-03, 1.813500e-03, 0.522535
3.685500e-03, 1.813500e-03, 0.999061
3.802500e-03, 1.813500e-03, 1.000000
3.919500e-03, 1.813500e-03, 0.983801
4.036500e-03, 1.813500e-03, 0.787626
4.153500e-03, 1.813500e-03, 0.678593
4.270500e-03, 1.813500e-03, 0.600447
4.387500e-03, 1.813500e-03, 0.597676
4.504500e-03, 1.813500e-03, 0.894495
4.621500e-03, 1.813500e-03, 1.000000
4.738500e-03, 1.813500e-03, 0.999418
4.855500e-03, 1.813500e-03, 1.000000
4.972500e-03, 1.813500e-03, 1.000000
5.089500e-03, 1.813500e-03, 0.977990
5.206500e-03, 1.813500e-03, 0.972655
5.323500e-03, 1.813500e-03, 0.999939
5.440500e-03, 1.813500e-03, 0.696062
5.557500e-03, 1.813500e-03, 0.695105
5.674500e-03, 1.813500e-03, 0.377498
5.791500e-03, 1.813500e-03, 0.000000
-5.791500e-03, 1.930500e-03, 0.000000
-5.674500e-03, 1.930500e-03, 0.747803
-5.557500e-03, 1.930500e-03, 0.998719
-5.440500e-03, 1.930500e-03, 0.761546
-5.323500e-03, 1.930500e-03, 0.985665
-5.206500e-03, 1.930500e-03, 0.999076
-5.089500e-03, 1.930500e-03, 0.985665
-4.972500e-03, 1.930500e-03, 0.853088
-4.855500e-03, 1.930500e-03, 0.980076
-4.738500e-03, 1.930500e-03, 0.936680
-4.621500e-03, 1.930500e-03, 0.978969
-4.504500e-03, 1.930500e-03, 0.791723
-4.387500e-03, 1.930500e-03, 0.982422
-4.270500e-03, 1.930500e-03, 0.916460
-4.153500e-03, 1.930500e-03, 0.783817
-4.036500e-03, 1.930500e-03, 1.000000
-3.919500e-03, 1.930500e-03, 0.796449
-3.802500e-03, 1.930500e-03, 0.970581
-3.685500e-03, 1.930500e-03, 0.973071
-3.568500e-03, 1.930500e-03, 0.866570
-3.451500e-03, 1.930500e-03, 1.000000
-3.334500e-03, 1.930500e-03, 0.242393
-3.217500e-03, 1.930500e-03, 0.000000
-3.100500e-03, 1.930500e-03, 0.351294
-2.983500e-03, 1.930500e-03, 0.986911
-2.866500e-03, 1.930500e-03, 1.000000
-2.749500e-03, 1.930500e-03, 1.000000
-2.632500e-03, 1.930500e-03, 0.309402
-2.515500e-03, 1.930500e-03, 0.000000
-2.398500e-03, 1.930500e-03, 0.212363
-2.281500e-03, 1.930500e-03, 0.939347
-2.164500e-03, 1.930500e-03, 1.000000
-2.047500e-03, 1.930500e-03, 1.000000
-1.930500e-03, 1.930500e-03, 1.000000
-1.813500e-03, 1.930500e-03, 0.462308
-1.696500e-03, 1.930500e-03, 0.894701
-1.579500e-03, 1.930500e-03, 1.000000
-1.462500e-03, 1.930500e-03, 0.999415
-1.345500e-03, 1.930500e-03, 0.995907
-1.228500e-03, 1.930500e-03, 1.000000
-1.111500e-03, 1.930500e-03, 1.000000
-9.945000e-04, 1.930500e-03, 0.995322
-8.775000e-04, 1.930500e-03, 1.000000
-7.605000e-04, 1.930500e-03, 1.000000
-6.435000e-04, 1.930500e-03, 0.995322
-5.265000e-04, 1.930500e-03, 1.000000
-4.095000e-04, 1.930500e-03, 1.000000
-2.925000e-04, 1.930500e-03, 1.000000
-1.755000e-04, 1.930500e-03, 0.995322
-5.850000e-05, 1.930500e-03, 1.000000
5.850000e-05, 1.930500e-03, 1.000000
1.755000e-04, 1.930500e-03, 0.743568
2.925000e-04, 1.930500e-03, 1.000000
4.095000e-04, 1.930500e-03, 1.000000
5.265000e-04, 1.930500e-03, 1.000000
6.435000e-04, 1.930500e-03, 0.995322
7.605000e-04, 1.930500e-03, 1.000000
8.775000e-04, 1.930500e-03, 1.000000
9.945000e-04, 1.930500e-03, 0.995322
1.111500e-03, 1.930500e-03, 1.000000
1.228500e-03, 1.930500e-03, 1.000000
1.345500e-03, 1.930500e-03, 0.995907
1.462500e-03, 1.930500e-03, 0.999415
1.579500e-03, 1.930500e-03, 1.000000
1.696500e-03, 1.930500e-03, 1.000000
1.813500e-03, 1.930500e-03, 0.995322
1.930500e-03, 1.930500e-03, 1.000000
2.047500e-03, 1.930500e-03, 1.000000
2.164500e-03, 1.930500e-03, 0.743568
2.281500e-03, 1.930500e-03, 1.000000
2.398500e-03, 1.930500e-03, 1.000000
2.515500e-03, 1.930500e-03, 0.743568
2.632500e-03, 1.930500e-03, 0.807861
2.749500e-03, 1.930500e-03, 0.920522
2.866500e-03, 1.930500e-03, 0.687477
2.983500e-03, 1.930500e-03, 0.975460
3.100500e-03, 1.930500e-03, 1.000000
3.217500e-03, 1.930500e-03, 1.000000
3.334500e-03, 1.930500e-03, 1.000000
3.451500e-03, 1.930500e-03, 1.000000
3.568500e-03, 1.930500e-03, 1.000000
3.685500e-03, 1.930500e-03, 1.000000
3.802500e-03, 1.930500e-03, 0.983806
3.919500e-03, 1.930500e-03, 0.898514
4.036500e-03, 1.930500e-03, 1.000000
4.153500e-03, 1.930500e-03, 0.755561
4.270500e-03, 1.930500e-03, 0.812771
4.387500e-03, 1.930500e-03, 0.882341
4.504500e-03, 1.930500e-03, 0.883073
4.621500e-03, 1.930500e-03, 1.000000
4.738500e-03, 1.930500e-03, 0.589616
4.855500e-03, 1.930500e-03, 0.809416
4.972500e-03, 1.930500e-03, 1.000000
5.089500e-03, 1.930500e-03, 0.917931
5.206500e-03, 1.930500e-03, 0.978656
5.323500e-03, 1.930500e-03, 0.901193
5.440500e-03, 1.930500e-03, 0.717883
5.557500e-03, 1.930500e-03, 0.915123
5.674500e-03, 1.930500e-03, 0.747792
5.791500e-03, 1.930500e-03, 0.000000
-5.791500e-03, 2.047500e-03, 0.001091
-5.674500e-03, 2.047500e-03, 0.865219
-5.557500e-03, 2.047500e-03, 0.981366
-5.440500e-03, 2.047500e-03, 0.768470
-5.323500e-03, 2.047500e-03, 0.951954
-5.206500e-03, 2.047500e-03, 1.000000
-5.089500e-03, 2.047500e-03, 0.951954
-4.972500e-03, 2.047500e-03, 0.944733
-4.855500e-03, 2.047500e-03, 0.955130
-4.738500e-03, 2.047500e-03, 0.991455
-4.621500e-03, 2.047500e-03, 0.910448
-4.504500e-03, 2.047500e-03, 0.940793
-4.387500e-03, 2.047500e-03, 1.000000
-4.270500e-03, 2.047500e-03, 0.935691
-4.153500e-03, 2.047500e-03, 0.749932
-4.036500e-03, 2.047500e-03, 0.989951
-3.919500e-03, 2.047500e-03, 0.847790
-3.802500e-03, 2.047500e-03, 0.944454
-3.685500e-03, 2.047500e-03, 0.761286
-3.568500e-03, 2.047500e-03, 0.463958
-3.451500e-03, 2.047500e-03, 1.000000
-3.334500e-03, 2.047500e-03, 0.236668
-3.217500e-03, 2.047500e-03, 0.000000
-3.100500e-03, 2.047500e-03, 0.000000
-2.983500e-03, 2.047500e-03, 0.351294
-2.866500e-03, 2.047500e-03, 0.986911
-2.749500e-03, 2.047500e-03, 0.990008
-2.632500e-03, 2.047500e-03, 0.217798
-2.515500e-03, 2.047500e-03, 0.212363
-2.398500e-03, 2.047500e-03, 0.939347
-2.281500e-03, 2.047500e-03, 1.000000
-2.164500e-03, 2.047500e-03, 1.000000
-2.047500e-03, 2.047500e-03, 1.000000
-1.930500e-03, 2.047500e-03, 1.000000
-1.813500e-03, 2.047500e-03, 0.462308
-1.696500e-03, 2.047500e-03, 0.894701
-1.579500e-03, 2.047500e-03, 1.000000
-1.462500e-03, 2.047500e-03, 0.970285
-1.345500e-03, 2.047500e-03, 0.951399
-1.228500e-03, 2.047500e-03, 1.000000
-1.111500e-03, 2.047500e-03, 1.000000
-9.945000e-04, 2.047500e-03, 1.000000
-8.775000e-04, 2.047500e-03, 1.000000
-7.605000e-04, 2.047500e-03, 1.000000
-6.435000e-04, 2.047500e-03, 1.000000
-5.265000e-04, 2.047500e-03, 1.000000
-4.095000e-04, 2.047500e-03, 1.000000
-2.925000e-04, 2.047500e-03, 1.000000
-1.755000e-04, 2.047500e-03, 1.000000
-5.850000e-05, 2.047500e-03, 1.000000
5.850000e-05, 2.047500e-03, 1.000000
1.755000e-04, 2.047500e-03, 0.736039
2.925000e-04, 2.047500e-03, 1.000000
4.095000e-04, 2.047500e-03, 1.000000
5.265000e-04, 2.047500e-03, 1.000000
6.435000e-04, 2.047500e-03, 1.000000
7.605000e-04, 2.047500e-03, 1.000000
8.775000e-04, 2.047500e-03, 1.000000
9.945000e-04, 2.047500e-03, 1.000000
1.111500e-03, 2.047500e-03, 1.000000
1.228500e-03, 2.047500e-03, 1.000000
1.345500e-03, 2.047500e-03, 1.000000
1.462500e-03, 2.047500e-03, 1.000000
1.579500e-03, 2.047500e-03, 1.000000
1.696500e-03, 2.047500e-03, 1.000000
1.813500e-03, 2.047500e-03, 1.000000
1.930500e-03, 2.047500e-03, 1.000000
2.047500e-03, 2.047500e-03, 1.000000
2.164500e-03, 2.047500e-03, 0.743568
2.281500e-03, 2.047500e-03, 1.000000
2.398500e-03, 2.047500e-03, 1.000000
2.515500e-03, 2.047500e-03, 0.743568
2.632500e-03, 2.047500e-03, 0.803825
2.749500e-03, 2.047500e-03, 0.939744
2.866500e-03, 2.047500e-03, 0.681032
2.983500e-03, 2.047500e-03, 0.678768
3.100500e-03, 2.047500e-03, 1.000000
3.217500e-03, 2.047500e-03, 1.000000
3.334500e-03, 2.047500e-03, 1.000000
3.451500e-03, 2.047500e-03, 1.000000
3.568500e-03, 2.047500e-03, 1.000000
3.685500e-03, 2.047500e-03, 1.000000
3.802500e-03, 2.047500e-03, 1.000000
3.919500e-03, 2.047500e-03, 0.924470
4.036500e-03, 2.047500e-03, 0.991806
4.153500e-03, 2.047500e-03, 0.918304
4.270500e-03, 2.047500e-03, 0.997458
4.387500e-03, 2.047500e-03, 0.950014
4.504500e-03, 2.047500e-03, 1.000000
4.621500e-03, 2.047500e-03, 1.000000
4.738500e-03, 2.047500e-03, 0.755647
4.855500e-03, 2.047500e-03, 0.910204
4.972500e-03, 2.047500e-03, 1.000000
5.089500e-03, 2.047500e-03, 0.899088
5.206500e-03, 2.047500e-03, 1.000000
5.323500e-03, 2.047500e-03, 0.840069
5.440500e-03, 2.047500e-03, 0.738755
5.557500e-03, 2.047500e-03, 0.981366
5.674500e-03, 2.047500e-03, 0.865219
5.791500e-03, 2.047500e-03, 0.001091
-5.791500e-03, 2.164500e-03, 0.000000
-5.674500e-03, 2.164500e-03, 0.071366
-5.557500e-03, 2.164500e-03, 0.556515
-5.440500e-03, 2.164500e-03, 0.990411
-5.323500e-03, 2.164500e-03, 1.000000
-5.206500e-03, 2.164500e-03, 0.937619
-5.089500e-03, 2.164500e-03, 1.000000
-4.972500e-03, 2.164500e-03, 1.000000
-4.855500e-03, 2.164500e-03, 0.935070
-4.738500e-03, 2.164500e-03, 0.805152
-4.621500e-03, 2.164500e-03, 0.793149
-4.504500e-03, 2.164500e-03, 0.732516
-4.387500e-03, 2.164500e-03, 0.936911
-4.270500e-03, 2.164500e-03, 0.961520
-4.153500e-03, 2.164500e-03, 0.759384
-4.036500e-03, 2.164500e-03, 0.424811
-3.919500e-03, 2.164500e-03, 0.876736
-3.802500e-03, 2.164500e-03, 1.000000
-3.685500e-03, 2.164500e-03, 1.000000
-3.568500e-03, 2.164500e-03, 1.000000
-3.451500e-03, 2.164500e-03, 0.682613
-3.334500e-03, 2.164500e-03, 0.199725
-3.217500e-03, 2.164500e-03, 0.007324
-3.100500e-03, 2.164500e-03, 0.000000
-2.983500e-03, 2.164500e-03, 0.046391
-2.866500e-03, 2.164500e-03, 0.285180
-2.749500e-03, 2.164500e-03, 0.290674
-2.632500e-03, 2.164500e-03, 0.250361
-2.515500e-03, 2.164500e-03, 0.939347
-2.398500e-03, 2.164500e-03, 1.000000
-2.281500e-03, 2.164500e-03, 0.857874
-2.164500e-03, 2.164500e-03, 0.464263
-2.047500e-03, 2.164500e-03, 1.000000
-1.930500e-03, 2.164500e-03, 1.000000
-1.813500e-03, 2.164500e-03, 0.462308
-1.696500e-03, 2.164500e-03, 0.894701
-1.579500e-03, 2.164500e-03, 1.000000
-1.462500e-03, 2.164500e-03, 0.611515
-1.345500e-03, 2.164500e-03, 0.539379
-1.228500e-03, 2.164500e-03, 1.000000
-1.111500e-03, 2.164500e-03, 0.828121
-9.945000e-04, 2.164500e-03, 0.769316
-8.775000e-04, 2.164500e-03, 0.769316
-7.605000e-04, 2.164500e-03, 0.769316
-6.435000e-04, 2.164500e-03, 0.769316
-5.265000e-04, 2.164500e-03, 0.769316
-4.095000e-04, 2.164500e-03, 0.769316
-2.925000e-04, 2.164500e-03, 0.769316
-1.755000e-04, 2.164500e-03, 0.769316
-5.850000e-05, 2.164500e-03, 0.769316
5.850000e-05, 2.164500e-03, 0.716733
1.755000e-04, 2.164500e-03, 0.823681
2.925000e-04, 2.164500e-03, 1.000000
4.095000e-04, 2.164500e-03, 1.000000
5.265000e-04, 2.164500e-03, 0.755773
6.435000e-04, 2.164500e-03, 0.546476
7.605000e-04, 2.164500e-03, 1.000000
8.775000e-04, 2.164500e-03, 0.981293
9.945000e-04, 2.164500e-03, 0.373635
1.111500e-03, 2.164500e-03, 0.947321
1.228500e-03, 2.164500e-03, 1.000000
1.345500e-03, 2.164500e-03, 0.621611
1.462500e-03, 2.164500e-03, 0.680638
1.579500e-03, 2.164500e-03, 1.000000
1.696500e-03, 2.164500e-03, 0.915761
1.813500e-03, 2.164500e-03, 0.391166
1.930500e-03, 2.164500e-03, 0.995322
2.047500e-03, 2.164500e-03, 1.000000
2.164500e-03, 2.164500e-03, 0.743568
2.281500e-03, 2.164500e-03, 1.000000
2.398500e-03, 2.164500e-03, 1.000000
2.515500e-03, 2.164500e-03, 0.743568
2.632500e-03, 2.164500e-03, 0.803825
2.749500e-03, 2.164500e-03, 0.939744
2.866500e-03, 2.164500e-03, 0.678889
2.983500e-03, 2.164500e-03, 0.019693
3.100500e-03, 2.164500e-03, 0.871339
3.217500e-03, 2.164500e-03, 1.000000
3.334500e-03, 2.164500e-03, 1.000000
3.451500e-03, 2.164500e-03, 0.845037
3.568500e-03, 2.164500e-03, 0.533376
3.685500e-03, 2.164500e-03, 1.000000
3.802500e-03, 2.164500e-03, 1.000000
3.919500e-03, 2.164500e-03, 0.952638
4.036500e-03, 2.164500e-03, 0.897978
4.153500e-03, 2.164500e-03, 1.000000
4.270500e-03, 2.164500e-03, 1.000000
4.387500e-03, 2.164500e-03, 1.000000
4.504500e-03, 2.164500e-03, 1.000000
4.621500e-03, 2.164500e-03, 1.000000
4.738500e-03, 2.164500e-03, 1.000000
4.855500e-03, 2.164500e-03, 1.000000
4.972500e-03, 2.164500e-03, 1.000000
5.089500e-03, 2.164500e-03, 0.978206
5.206500e-03, 2.164500e-03, 0.780294
5.323500e-03, 2.164500e-03, 0.805460
5.440500e-03, 2.164500e-03, 0.668718
5.557500e-03, 2.164500e-03, 0.134147
5.674500e-03, 2.164500e-03, 0.071366
5.791500e-03, 2.164500e-03, 0.000000
-5.791500e-03, 2.281500e-03, 0.000000
-5.674500e-03, 2.281500e-03, 0.262420
-5.557500e-03, 2.281500e-03, 0.997254
-5.440500e-03, 2.281500e-03, 1.000000
-5.323500e-03, 2.281500e-03, 1.000000
-5.206500e-03, 2.281500e-03, 0.937619
-5.089500e-03, 2.281500e-03, 1.000000
-4.972500e-03, 2.281500e-03, 0.996251
-4.855500e-03, 2.281500e-03, 0.796942
-4.738500e-03, 2.281500e-03, 0.769804
-4.621500e-03, 2.281500e-03, 0.610582
-4.504500e-03, 2.281500e-03, 0.901993
-4.387500e-03, 2.281500e-03, 0.874686
-4.270500e-03, 2.281500e-03, 0.937494
-4.153500e-03, 2.281500e-03, 0.765622
-4.036500e-03, 2.281500e-03, 0.918560
-3.919500e-03, 2.281500e-03, 0.916956
-3.802500e-03, 2.281500e-03, 1.000000
-3.685500e-03, 2.281500e-03, 1.000000
-3.568500e-03, 2.281500e-03, 1.000000
-3.451500e-03, 2.281500e-03, 0.727191
-3.334500e-03, 2.281500e-03, 1.000000
-3.217500e-03, 2.281500e-03, 0.613702
-3.100500e-03, 2.281500e-03, 0.007324
-2.983500e-03, 2.281500e-03, 0.864450
-2.866500e-03, 2.281500e-03, 1.000000
-2.749500e-03, 2.281500e-03, 1.000000
-2.632500e-03, 2.281500e-03, 1.000000
-2.515500e-03, 2.281500e-03, 1.000000
-2.398500e-03, 2.281500e-03, 1.000000
-2.281500e-03, 2.281500e-03, 0.972252
-2.164500e-03, 2.281500e-03, 0.770496
-2.047500e-03, 2.281500e-03, 1.000000
-1.930500e-03, 2.281500e-03, 0.998645
-1.813500e-03, 2.281500e-03, 0.332928
-1.696500e-03, 2.281500e-03, 0.906104
-1.579500e-03, 2.281500e-03, 1.000000
-1.462500e-03, 2.281500e-03, 0.998666
-1.345500e-03, 2.281500e-03, 0.993640
-1.228500e-03, 2.281500e-03, 0.690277
-1.111500e-03, 2.281500e-03, 0.717616
-9.945000e-04, 2.281500e-03, 0.818889
-8.775000e-04, 2.281500e-03, 0.818889
-7.605000e-04, 2.281500e-03, 0.818889
-6.435000e-04, 2.281500e-03, 0.818889
-5.265000e-04, 2.281500e-03, 0.818889
-4.095000e-04, 2.281500e-03, 0.818889
-2.925000e-04, 2.281500e-03, 0.818889
-1.755000e-04, 2.281500e-03, 0.818889
-5.850000e-05, 2.281500e-03, 0.818889
5.850000e-05, 2.281500e-03, 0.895505
1.755000e-04, 2.281500e-03, 1.000000
2.925000e-04, 2.281500e-03, 1.000000
4.095000e-04, 2.281500e-03, 1.000000
5.265000e-04, 2.281500e-03, 0.935561
6.435000e-04, 2.281500e-03, 0.827074
7.605000e-04, 2.281500e-03, 1.000000
8.775000e-04, 2.281500e-03, 1.000000
9.945000e-04, 2.281500e-03, 0.763220
1.111500e-03, 2.281500e-03, 0.999415
1.228500e-03, 2.281500e-03, 1.000000
1.345500e-03, 2.281500e-03, 0.865246
1.462500e-03, 2.281500e-03, 0.897390
1.579500e-03, 2.281500e-03, 1.000000
1.696500e-03, 2.281500e-03, 0.994738
1.813500e-03, 2.281500e-03, 0.767897
1.930500e-03, 2.281500e-03, 1.000000
2.047500e-03, 2.281500e-03, 0.988712
2.164500e-03, 2.281500e-03, 0.685796
2.281500e-03, 2.281500e-03, 1.000000
2.398500e-03, 2.281500e-03, 1.000000
2.515500e-03, 2.281500e-03, 0.743568
2.632500e-03, 2.281500e-03, 0.803825
2.749500e-03, 2.281500e-03, 0.939744
2.866500e-03, 2.281500e-03, 0.678889
2.983500e-03, 2.281500e-03, 0.000000
3.100500e-03, 2.281500e-03, 0.819060
3.217500e-03, 2.281500e-03, 1.000000
3.334500e-03, 2.281500e-03, 1.000000
3.451500e-03, 2.281500e-03, 0.943579
3.568500e-03, 2.281500e-03, 0.742893
3.685500e-03, 2.281500e-03, 1.000000
3.802500e-03, 2.281500e-03, 1.000000
3.919500e-03, 2.281500e-03, 0.958682
4.036500e-03, 2.281500e-03, 1.000000
4.153500e-03, 2.281500e-03, 1.000000
4.270500e-03, 2.281500e-03, 0.914111
4.387500e-03, 2.281500e-03, 0.951347
4.504500e-03, 2.281500e-03, 0.908555
4.621500e-03, 2.281500e-03, 1.000000
4.738500e-03, 2.281500e-03, 0.817737
4.855500e-03, 2.281500e-03, 0.615218
4.972500e-03, 2.281500e-03, 1.000000
5.089500e-03, 2.281500e-03, 0.899083
5.206500e-03, 2.281500e-03, 0.924040
5.323500e-03, 2.281500e-03, 0.955751
5.440500e-03, 2.281500e-03, 0.668718
5.557500e-03, 2.281500e-03, 0.000000
5.674500e-03, 2.281500e-03, 0.000000
5.791500e-03, 2.281500e-03, 0.000000
-5.791500e-03, 2.398500e-03, 0.000000
-5.674500e-03, 2.398500e-03, 0.349316
-5.557500e-03, 2.398500e-03, 1.000000
-5.440500e-03, 2.398500e-03, 1.000000
-5.323500e-03, 2.398500e-03, 0.937619
-5.206500e-03, 2.398500e-03, 1.000000
-5.089500e-03, 2.398500e-03, 0.937619
-4.972500e-03, 2.398500e-03, 0.869001
-4.855500e-03, 2.398500e-03, 1.000000
-4.738500e-03, 2.398500e-03, 0.999832
-4.621500e-03, 2.398500e-03, 0.692249
-4.504500e-03, 2.398500e-03, 0.820055
-4.387500e-03, 2.398500e-03, 1.000000
-4.270500e-03, 2.398500e-03, 0.936976
-4.153500e-03, 2.398500e-03, 0.882021
-4.036500e-03, 2.398500e-03, 1.000000
-3.919500e-03, 2.398500e-03, 0.935387
-3.802500e-03, 2.398500e-03, 0.958813
-3.685500e-03, 2.398500e-03, 1.000000
-3.568500e-03, 2.398500e-03, 1.000000
-3.451500e-03, 2.398500e-03, 0.743568
-3.334500e-03, 2.398500e-03, 1.000000
-3.217500e-03, 2.398500e-03, 1.000000
-3.100500e-03, 2.398500e-03, 0.169537
-2.983500e-03, 2.398500e-03, 0.953333
-2.866500e-03, 2.398500e-03, 1.000000
-2.749500e-03, 2.398500e-03, 0.998971
-2.632500e-03, 2.398500e-03, 1.000000
-2.515500e-03, 2.398500e-03, 1.000000
-2.398500e-03, 2.398500e-03, 1.000000
-2.281500e-03, 2.398500e-03, 1.000000
-2.164500e-03, 2.398500e-03, 1.000000
-2.047500e-03, 2.398500e-03, 0.998645
-1.930500e-03, 2.398500e-03, 0.450851
-1.813500e-03, 2.398500e-03, 0.554093
-1.696500e-03, 2.398500e-03, 1.000000
-1.579500e-03, 2.398500e-03, 1.000000
-1.462500e-03, 2.398500e-03, 1.000000
-1.345500e-03, 2.398500e-03, 0.771069
-1.228500e-03, 2.398500e-03, 0.796988
-1.111500e-03, 2.398500e-03, 1.000000
-9.945000e-04, 2.398500e-03, 1.000000
-8.775000e-04, 2.398500e-03, 1.000000
-7.605000e-04, 2.398500e-03, 1.000000
-6.435000e-04, 2.398500e-03, 1.000000
-5.265000e-04, 2.398500e-03, 1.000000
-4.095000e-04, 2.398500e-03, 1.000000
-2.925000e-04, 2.398500e-03, 1.000000
-1.755000e-04, 2.398500e-03, 1.000000
-5.850000e-05, 2.398500e-03, 1.000000
5.850000e-05, 2.398500e-03, 1.000000
1.755000e-04, 2.398500e-03, 1.000000
2.925000e-04, 2.398500e-03, 1.000000
4.095000e-04, 2.398500e-03, 1.000000
5.265000e-04, 2.398500e-03, 1.000000
6.435000e-04, 2.398500e-03, 1.000000
7.605000e-04, 2.398500e-03, 1.000000
8.775000e-04, 2.398500e-03, 1.000000
9.945000e-04, 2.398500e-03, 1.000000
1.111500e-03, 2.398500e-03, 1.000000
1.228500e-03, 2.398500e-03, 1.000000
1.345500e-03, 2.398500e-03, 1.000000
1.462500e-03, 2.398500e-03, 0.942697
1.579500e-03, 2.398500e-03, 0.846068
1.696500e-03, 2.398500e-03, 0.846068
1.813500e-03, 2.398500e-03, 0.846068
1.930500e-03, 2.398500e-03, 0.846068
2.047500e-03, 2.398500e-03, 0.670784
2.164500e-03, 2.398500e-03, 0.977336
2.281500e-03, 2.398500e-03, 1.000000
2.398500e-03, 2.398500e-03, 1.000000
2.515500e-03, 2.398500e-03, 0.743568
2.632500e-03, 2.398500e-03, 0.803825
2.749500e-03, 2.398500e-03, 0.939744
2.866500e-03, 2.398500e-03, 0.678889
2.983500e-03, 2.398500e-03, 0.000000
3.100500e-03, 2.398500e-03, 0.819060
3.217500e-03, 2.398500e-03, 1.000000
3.334500e-03, 2.398500e-03, 1.000000
3.451500e-03, 2.398500e-03, 1.000000
3.568500e-03, 2.398500e-03, 1.000000
3.685500e-03, 2.398500e-03, 1.000000
3.802500e-03, 2.398500e-03, 0.831532
3.919500e-03, 2.398500e-03, 0.301664
4.036500e-03, 2.398500e-03, 1.000000
4.153500e-03, 2.398500e-03, 1.000000
4.270500e-03, 2.398500e-03, 0.909095
4.387500e-03, 2.398500e-03, 1.000000
4.504500e-03, 2.398500e-03, 0.890017
4.621500e-03, 2.398500e-03, 1.000000
4.738500e-03, 2.398500e-03, 0.894504
4.855500e-03, 2.398500e-03, 0.737425
4.972500e-03, 2.398500e-03, 1.000000
5.089500e-03, 2.398500e-03, 0.928619
5.206500e-03, 2.398500e-03, 1.000000
5.323500e-03, 2.398500e-03, 0.887853
5.440500e-03, 2.398500e-03, 0.668718
5.557500e-03, 2.398500e-03, 0.000000
5.674500e-03, 2.398500e-03, 0.000000
5.791500e-03, 2.398500e-03, 0.000000
-5.791500e-03, 2.515500e-03, 0.000000
-5.674500e-03, 2.515500e-03, 0.313303
-5.557500e-03, 2.515500e-03, 1.000000
-5.440500e-03, 2.515500e-03, 1.000000
-5.323500e-03, 2.515500e-03, 1.000000
-5.206500e-03, 2.515500e-03, 0.937619
-5.089500e-03, 2.515500e-03, 1.000000
-4.972500e-03, 2.515500e-03, 0.994891
-4.855500e-03, 2.515500e-03, 0.864054
-4.738500e-03, 2.515500e-03, 0.862442
-4.621500e-03, 2.515500e-03, 0.998100
-4.504500e-03, 2.515500e-03, 0.936683
-4.387500e-03, 2.515500e-03, 0.937619
-4.270500e-03, 2.515500e-03, 0.903676
-4.153500e-03, 2.515500e-03, 0.968971
-4.036500e-03, 2.515500e-03, 0.918190
-3.919500e-03, 2.515500e-03, 0.890747
-3.802500e-03, 2.515500e-03, 1.000000
-3.685500e-03, 2.515500e-03, 0.802144
-3.568500e-03, 2.515500e-03, 0.949881
-3.451500e-03, 2.515500e-03, 0.743568
-3.334500e-03, 2.515500e-03, 1.000000
-3.217500e-03, 2.515500e-03, 0.939228
-3.100500e-03, 2.515500e-03, 0.144888
-2.983500e-03, 2.515500e-03, 0.968917
-2.866500e-03, 2.515500e-03, 0.951929
-2.749500e-03, 2.515500e-03, 0.248535
-2.632500e-03, 2.515500e-03, 0.978004
-2.515500e-03, 2.515500e-03, 1.000000
-2.398500e-03, 2.515500e-03, 1.000000
-2.281500e-03, 2.515500e-03, 1.000000
-2.164500e-03, 2.515500e-03, 0.998645
-2.047500e-03, 2.515500e-03, 0.450851
-1.930500e-03, 2.515500e-03, 0.554093
-1.813500e-03, 2.515500e-03, 1.000000
-1.696500e-03, 2.515500e-03, 0.999862
-1.579500e-03, 2.515500e-03, 0.922013
-1.462500e-03, 2.515500e-03, 1.000000
-1.345500e-03, 2.515500e-03, 0.719658
-1.228500e-03, 2.515500e-03, 1.000000
-1.111500e-03, 2.515500e-03, 1.000000
-9.945000e-04, 2.515500e-03, 1.000000
-8.775000e-04, 2.515500e-03, 1.000000
-7.605000e-04, 2.515500e-03, 1.000000
-6.435000e-04, 2.515500e-03, 1.000000
-5.265000e-04, 2.515500e-03, 1.000000
-4.095000e-04, 2.515500e-03, 1.000000
-2.925000e-04, 2.515500e-03, 1.000000
-1.755000e-04, 2.515500e-03, 1.000000
-5.850000e-05, 2.515500e-03, 1.000000
5.850000e-05, 2.515500e-03, 1.000000
1.755000e-04, 2.515500e-03, 1.000000
2.925000e-04, 2.515500e-03, 1.000000
4.095000e-04, 2.515500e-03, 1.000000
5.265000e-04, 2.515500e-03, 1.000000
6.435000e-04, 2.515500e-03, 1.000000
7.605000e-04, 2.515500e-03, 1.000000
8.775000e-04, 2.515500e-03, 1.000000
9.945000e-04, 2.515500e-03, 1.000000
1.111500e-03, 2.515500e-03, 1.000000
1.228500e-03, 2.515500e-03, 1.000000
1.345500e-03, 2.515500e-03, 0.899096
1.462500e-03, 2.515500e-03, 0.333267
1.579500e-03, 2.515500e-03, 0.699724
1.696500e-03, 2.515500e-03, 0.704957
1.813500e-03, 2.515500e-03, 0.704957
1.930500e-03, 2.515500e-03, 0.708330
2.047500e-03, 2.515500e-03, 0.977336
2.164500e-03, 2.515500e-03, 1.000000
2.281500e-03, 2.515500e-03, 1.000000
2.398500e-03, 2.515500e-03, 1.000000
2.515500e-03, 2.515500e-03, 0.743568
2.632500e-03, 2.515500e-03, 0.803825
2.749500e-03, 2.515500e-03, 0.939829
2.866500e-03, 2.515500e-03, 0.678889
2.983500e-03, 2.515500e-03, 0.000000
3.100500e-03, 2.515500e-03, 0.819060
3.217500e-03, 2.515500e-03, 1.000000
3.334500e-03, 2.515500e-03, 1.000000
3.451500e-03, 2.515500e-03, 1.000000
3.568500e-03, 2.515500e-03, 0.973959
3.685500e-03, 2.515500e-03, 0.998540
3.802500e-03, 2.515500e-03, 1.000000
3.919500e-03, 2.515500e-03, 0.973007
4.036500e-03, 2.515500e-03, 1.000000
4.153500e-03, 2.515500e-03, 1.000000
4.270500e-03, 2.515500e-03, 0.769713
4.387500e-03, 2.515500e-03, 0.803799
4.504500e-03, 2.515500e-03, 0.951493
4.621500e-03, 2.515500e-03, 1.000000
4.738500e-03, 2.515500e-03, 1.000000
4.855500e-03, 2.515500e-03, 1.000000
4.972500e-03, 2.515500e-03, 0.981399
5.089500e-03, 2.515500e-03, 0.782566
5.206500e-03, 2.515500e-03, 0.876293
5.323500e-03, 2.515500e-03, 0.970158
5.440500e-03, 2.515500e-03, 0.668718
5.557500e-03, 2.515500e-03, 0.000000
5.674500e-03, 2.515500e-03, 0.000000
5.791500e-03, 2.515500e-03, 0.000000
-5.791500e-03, 2.632500e-03, 0.000000
-5.674500e-03, 2.632500e-03, 0.061292
-5.557500e-03, 2.632500e-03, 0.658309
-5.440500e-03, 2.632500e-03, 0.935557
-5.323500e-03, 2.632500e-03, 1.000000
-5.206500e-03, 2.632500e-03, 0.933006
-5.089500e-03, 2.632500e-03, 1.000000
-4.972500e-03, 2.632500e-03, 1.000000
-4.855500e-03, 2.632500e-03, 1.000000
-4.738500e-03, 2.632500e-03, 1.000000
-4.621500e-03, 2.632500e-03, 0.908027
-4.504500e-03, 2.632500e-03, 0.856782
-4.387500e-03, 2.632500e-03, 0.914059
-4.270500e-03, 2.632500e-03, 1.000000
-4.153500e-03, 2.632500e-03, 0.979524
-4.036500e-03, 2.632500e-03, 0.924780
-3.919500e-03, 2.632500e-03, 0.920060
-3.802500e-03, 2.632500e-03, 1.000000
-3.685500e-03, 2.632500e-03, 0.515160
-3.568500e-03, 2.632500e-03, 0.797698
-3.451500e-03, 2.632500e-03, 0.743568
-3.334500e-03, 2.632500e-03, 1.000000
-3.217500e-03, 2.632500e-03, 0.302336
-3.100500e-03, 2.632500e-03, 0.709464
-2.983500e-03, 2.632500e-03, 1.000000
-2.866500e-03, 2.632500e-03, 1.000000
-2.749500e-03, 2.632500e-03, 0.887445
-2.632500e-03, 2.632500e-03, 1.000000
-2.515500e-03, 2.632500e-03, 1.000000
-2.398500e-03, 2.632500e-03, 1.000000
-2.281500e-03, 2.632500e-03, 0.998645
-2.164500e-03, 2.632500e-03, 0.450851
-2.047500e-03, 2.632500e-03, 0.554093
-1.930500e-03, 2.632500e-03, 1.000000
-1.813500e-03, 2.632500e-03, 1.000000
-1.696500e-03, 2.632500e-03, 0.823001
-1.579500e-03, 2.632500e-03, 0.327762
-1.462500e-03, 2.632500e-03, 1.000000
-1.345500e-03, 2.632500e-03, 0.698905
-1.228500e-03, 2.632500e-03, 0.883158
-1.111500e-03, 2.632500e-03, 0.921709
-9.945000e-04, 2.632500e-03, 0.921863
-8.775000e-04, 2.632500e-03, 0.921709
-7.605000e-04, 2.632500e-03, 0.921715
-6.435000e-04, 2.632500e-03, 0.921715
-5.265000e-04, 2.632500e-03, 0.921709
-4.095000e-04, 2.632500e-03, 0.922544
-2.925000e-04, 2.632500e-03, 0.921709
-1.755000e-04, 2.632500e-03, 0.921709
-5.850000e-05, 2.632500e-03, 0.921709
5.850000e-05, 2.632500e-03, 0.921709
1.755000e-04, 2.632500e-03, 0.921709
2.925000e-04, 2.632500e-03, 0.921709
4.095000e-04, 2.632500e-03, 0.921709
5.265000e-04, 2.632500e-03, 0.921709
6.435000e-04, 2.632500e-03, 0.921709
7.605000e-04, 2.632500e-03, 0.921709
8.775000e-04, 2.632500e-03, 0.921709
9.945000e-04, 2.632500e-03, 0.921709
1.111500e-03, 2.632500e-03, 0.921709
1.228500e-03, 2.632500e-03, 0.852911
1.345500e-03, 2.632500e-03, 0.333267
1.462500e-03, 2.632500e-03, 0.921056
1.579500e-03, 2.632500e-03, 1.000000
1.696500e-03, 2.632500e-03, 1.000000
1.813500e-03, 2.632500e-03, 1.000000
1.930500e-03, 2.632500e-03, 1.000000
2.047500e-03, 2.632500e-03, 1.000000
2.164500e-03, 2.632500e-03, 1.000000
2.281500e-03, 2.632500e-03, 1.000000
2.398500e-03, 2.632500e-03, 0.972079
2.515500e-03, 2.632500e-03, 0.731694
2.632500e-03, 2.632500e-03, 0.803825
2.749500e-03, 2.632500e-03, 0.939744
2.866500e-03, 2.632500e-03, 0.678889
2.983500e-03, 2.632500e-03, 0.000000
3.100500e-03, 2.632500e-03, 0.819060
3.217500e-03, 2.632500e-03, 1.000000
3.334500e-03, 2.632500e-03, 1.000000
3.451500e-03, 2.632500e-03, 1.000000
3.568500e-03, 2.632500e-03, 0.454745
3.685500e-03, 2.632500e-03, 0.678335
3.802500e-03, 2.632500e-03, 1.000000
3.919500e-03, 2.632500e-03, 1.000000
4.036500e-03, 2.632500e-03, 1.000000
4.153500e-03, 2.632500e-03, 0.939964
4.270500e-03, 2.632500e-03, 0.567041
4.387500e-03, 2.632500e-03, 0.716423
4.504500e-03, 2.632500e-03, 0.967049
4.621500e-03, 2.632500e-03, 1.000000
4.738500e-03, 2.632500e-03, 0.931358
4.855500e-03, 2.632500e-03, 0.918182
4.972500e-03, 2.632500e-03, 0.999939
5.089500e-03, 2.632500e-03, 0.594821
5.206500e-03, 2.632500e-03, 0.529588
5.323500e-03, 2.632500e-03, 0.991673
5.440500e-03, 2.632500e-03, 0.668718
5.557500e-03, 2.632500e-03, 0.000000
5.674500e-03, 2.632500e-03, 0.000000
5.791500e-03, 2.632500e-03, 0.000000
-5.791500e-03, 2.749500e-03, 0.001091
-5.674500e-03, 2.749500e-03, 0.853047
-5.557500e-03, 2.749500e-03, 1.000000
-5.440500e-03, 2.749500e-03, 0.772614
-5.323500e-03, 2.749500e-03, 0.976976
-5.206500e-03, 2.749500e-03, 1.000000
-5.089500e-03, 2.749500e-03, 0.895304
-4.972500e-03, 2.749500e-03, 1.000000
-4.855500e-03, 2.749500e-03, 1.000000
-4.738500e-03, 2.749500e-03, 0.999883
-4.621500e-03, 2.749500e-03, 0.863292
-4.504500e-03, 2.749500e-03, 0.859228
-4.387500e-03, 2.749500e-03, 0.597105
-4.270500e-03, 2.749500e-03, 0.566009
-4.153500e-03, 2.749500e-03, 0.688767
-4.036500e-03, 2.749500e-03, 0.994000
-3.919500e-03, 2.749500e-03, 0.946775
-3.802500e-03, 2.749500e-03, 0.992007
-3.685500e-03, 2.749500e-03, 1.000000
-3.568500e-03, 2.749500e-03, 1.000000
-3.451500e-03, 2.749500e-03, 0.743568
-3.334500e-03, 2.749500e-03, 1.000000
-3.217500e-03, 2.749500e-03, 0.200855
-3.100500e-03, 2.749500e-03, 0.860855
-2.983500e-03, 2.749500e-03, 1.000000
-2.866500e-03, 2.749500e-03, 1.000000
-2.749500e-03, 2.749500e-03, 1.000000
-2.632500e-03, 2.749500e-03, 0.916361
-2.515500e-03, 2.749500e-03, 0.854611
-2.398500e-03, 2.749500e-03, 1.000000
-2.281500e-03, 2.749500e-03, 0.460369
-2.164500e-03, 2.749500e-03, 0.360142
-2.047500e-03, 2.749500e-03, 1.000000
-1.930500e-03, 2.749500e-03, 1.000000
-1.813500e-03, 2.749500e-03, 1.000000
-1.696500e-03, 2.749500e-03, 1.000000
-1.579500e-03, 2.749500e-03, 0.992246
-1.462500e-03, 2.749500e-03, 1.000000
-1.345500e-03, 2.749500e-03, 0.986786
-1.228500e-03, 2.749500e-03, 0.730601
-1.111500e-03, 2.749500e-03, 0.724188
-9.945000e-04, 2.749500e-03, 0.724188
-8.775000e-04, 2.749500e-03, 0.724188
-7.605000e-04, 2.749500e-03, 0.724188
-6.435000e-04, 2.749500e-03, 0.724188
-5.265000e-04, 2.749500e-03, 0.724188
-4.095000e-04, 2.749500e-03, 0.724188
-2.925000e-04, 2.749500e-03, 0.724188
-1.755000e-04, 2.749500e-03, 0.724188
-5.850000e-05, 2.749500e-03, 0.724188
5.850000e-05, 2.749500e-03, 0.724188
1.755000e-04, 2.749500e-03, 0.724188
2.925000e-04, 2.749500e-03, 0.724188
4.095000e-04, 2.749500e-03, 0.724188
5.265000e-04, 2.749500e-03, 0.724188
6.435000e-04, 2.749500e-03, 0.724188
7.605000e-04, 2.749500e-03, 0.724188
8.775000e-04, 2.749500e-03, 0.724188
9.945000e-04, 2.749500e-03, 0.724188
1.111500e-03, 2.749500e-03, 0.724188
1.228500e-03, 2.749500e-03, 0.724188
1.345500e-03, 2.749500e-03, 0.928442
1.462500e-03, 2.749500e-03, 1.000000
1.579500e-03, 2.749500e-03, 1.000000
1.696500e-03, 2.749500e-03, 1.000000
1.813500e-03, 2.749500e-03, 1.000000
1.930500e-03, 2.749500e-03, 0.730313
2.047500e-03, 2.749500e-03, 0.819268
2.164500e-03, 2.749500e-03, 1.000000
2.281500e-03, 2.749500e-03, 1.000000
2.398500e-03, 2.749500e-03, 0.787906
2.515500e-03, 2.749500e-03, 0.952413
2.632500e-03, 2.749500e-03, 0.804171
2.749500e-03, 2.749500e-03, 0.921888
2.866500e-03, 2.749500e-03, 0.782284
2.983500e-03, 2.749500e-03, 0.000000
3.100500e-03, 2.749500e-03, 0.819060
3.217500e-03, 2.749500e-03, 1.000000
3.334500e-03, 2.749500e-03, 1.000000
3.451500e-03, 2.749500e-03, 1.000000
3.568500e-03, 2.749500e-03, 0.963349
3.685500e-03, 2.749500e-03, 0.995956
3.802500e-03, 2.749500e-03, 1.000000
3.919500e-03, 2.749500e-03, 1.000000
4.036500e-03, 2.749500e-03, 0.935851
4.153500e-03, 2.749500e-03, 0.770607
4.270500e-03, 2.749500e-03, 0.631854
4.387500e-03, 2.749500e-03, 1.000000
4.504500e-03, 2.749500e-03, 0.868776
4.621500e-03, 2.749500e-03, 0.984659
4.738500e-03, 2.749500e-03, 0.959470
4.855500e-03, 2.749500e-03, 0.971437
4.972500e-03, 2.749500e-03, 0.973179
5.089500e-03, 2.749500e-03, 0.783987
5.206500e-03, 2.749500e-03, 1.000000
5.323500e-03, 2.749500e-03, 0.896407
5.440500e-03, 2.749500e-03, 0.897501
5.557500e-03, 2.749500e-03, 0.137790
5.674500e-03, 2.749500e-03, 0.000000
5.791500e-03, 2.749500e-03, 0.000000
-5.791500e-03, 2.866500e-03, 0.000000
-5.674500e-03, 2.866500e-03, 0.769868
-5.557500e-03, 2.866500e-03, 0.930305
-5.440500e-03, 2.866500e-03, 0.776628
-5.323500e-03, 2.866500e-03, 0.955832
-5.206500e-03, 2.866500e-03, 0.999932
-5.089500e-03, 2.866500e-03, 0.972855
-4.972500e-03, 2.866500e-03, 1.000000
-4.855500e-03, 2.866500e-03, 0.894292
-4.738500e-03, 2.866500e-03, 0.872431
-4.621500e-03, 2.866500e-03, 0.904674
-4.504500e-03, 2.866500e-03, 1.000000
-4.387500e-03, 2.866500e-03, 1.000000
-4.270500e-03, 2.866500e-03, 1.000000
-4.153500e-03, 2.866500e-03, 0.789605
-4.036500e-03, 2.866500e-03, 0.982329
-3.919500e-03, 2.866500e-03, 0.930878
-3.802500e-03, 2.866500e-03, 0.966321
-3.685500e-03, 2.866500e-03, 1.000000
-3.568500e-03, 2.866500e-03, 1.000000
-3.451500e-03, 2.866500e-03, 0.743568
-3.334500e-03, 2.866500e-03, 1.000000
-3.217500e-03, 2.866500e-03, 0.200855
-3.100500e-03, 2.866500e-03, 0.856905
-2.983500e-03, 2.866500e-03, 1.000000
-2.866500e-03, 2.866500e-03, 1.000000
-2.749500e-03, 2.866500e-03, 1.000000
-2.632500e-03, 2.866500e-03, 0.706386
-2.515500e-03, 2.866500e-03, 0.587526
-2.398500e-03, 2.866500e-03, 1.000000
-2.281500e-03, 2.866500e-03, 0.105556
-2.164500e-03, 2.866500e-03, 0.430342
-2.047500e-03, 2.866500e-03, 1.000000
-1.930500e-03, 2.866500e-03, 1.000000
-1.813500e-03, 2.866500e-03, 0.806295
-1.696500e-03, 2.866500e-03, 0.743568
-1.579500e-03, 2.866500e-03, 0.743568
-1.462500e-03, 2.866500e-03, 0.743568
-1.345500e-03, 2.866500e-03, 0.743568
-1.228500e-03, 2.866500e-03, 0.743568
-1.111500e-03, 2.866500e-03, 0.743568
-9.945000e-04, 2.866500e-03, 0.743568
-8.775000e-04, 2.866500e-03, 0.912311
-7.605000e-04, 2.866500e-03, 1.000000
-6.435000e-04, 2.866500e-03, 1.000000
-5.265000e-04, 2.866500e-03, 1.000000
-4.095000e-04, 2.866500e-03, 1.000000
-2.925000e-04, 2.866500e-03, 1.000000
-1.755000e-04, 2.866500e-03, 1.000000
-5.850000e-05, 2.866500e-03, 1.000000
5.850000e-05, 2.866500e-03, 1.000000
1.755000e-04, 2.866500e-03, 1.000000
2.925000e-04, 2.866500e-03, 1.000000
4.095000e-04, 2.866500e-03, 1.000000
5.265000e-04, 2.866500e-03, 1.000000
6.435000e-04, 2.866500e-03, 1.000000
7.605000e-04, 2.866500e-03, 1.000000
8.775000e-04, 2.866500e-03, 1.000000
9.945000e-04, 2.866500e-03, 1.000000
1.111500e-03, 2.866500e-03, 1.000000
1.228500e-03, 2.866500e-03, 1.000000
1.345500e-03, 2.866500e-03, 1.000000
1.462500e-03, 2.866500e-03, 1.000000
1.579500e-03, 2.866500e-03, 1.000000
1.696500e-03, 2.866500e-03, 1.000000
1.813500e-03, 2.866500e-03, 1.000000
1.930500e-03, 2.866500e-03, 0.711405
2.047500e-03, 2.866500e-03, 0.803898
2.164500e-03, 2.866500e-03, 1.000000
2.281500e-03, 2.866500e-03, 1.000000
2.398500e-03, 2.866500e-03, 0.712233
2.515500e-03, 2.866500e-03, 0.975593
2.632500e-03, 2.866500e-03, 0.806377
2.749500e-03, 2.866500e-03, 0.314335
2.866500e-03, 2.866500e-03, 0.426910
2.983500e-03, 2.866500e-03, 0.000000
3.100500e-03, 2.866500e-03, 0.819060
3.217500e-03, 2.866500e-03, 1.000000
3.334500e-03, 2.866500e-03, 0.962382
3.451500e-03, 2.866500e-03, 1.000000
3.568500e-03, 2.866500e-03, 1.000000
3.685500e-03, 2.866500e-03, 0.978905
3.802500e-03, 2.866500e-03, 0.997183
3.919500e-03, 2.866500e-03, 1.000000
4.036500e-03, 2.866500e-03, 0.836359
4.153500e-03, 2.866500e-03, 0.953882
4.270500e-03, 2.866500e-03, 0.577204
4.387500e-03, 2.866500e-03, 0.988165
4.504500e-03, 2.866500e-03, 0.849448
4.621500e-03, 2.866500e-03, 0.914727
4.738500e-03, 2.866500e-03, 0.981112
4.855500e-03, 2.866500e-03, 1.000000
4.972500e-03, 2.866500e-03, 0.753268
5.089500e-03, 2.866500e-03, 0.902144
5.206500e-03, 2.866500e-03, 0.990393
5.323500e-03, 2.866500e-03, 0.922102
5.440500e-03, 2.866500e-03, 1.000000
5.557500e-03, 2.866500e-03, 0.887167
5.674500e-03, 2.866500e-03, 0.137790
5.791500e-03, 2.866500e-03, 0.000000
-5.791500e-03, 2.983500e-03, 0.000000
-5.674500e-03, 2.983500e-03, 0.004449
-5.557500e-03, 2.983500e-03, 0.022814
-5.440500e-03, 2.983500e-03, 0.905556
-5.323500e-03, 2.983500e-03, 0.999681
-5.206500e-03, 2.983500e-03, 0.768443
-5.089500e-03, 2.983500e-03, 0.987944
-4.972500e-03, 2.983500e-03, 1.000000
-4.855500e-03, 2.983500e-03, 0.904934
-4.738500e-03, 2.983500e-03, 0.836352
-4.621500e-03, 2.983500e-03, 0.625587
-4.504500e-03, 2.983500e-03, 0.972074
-4.387500e-03, 2.983500e-03, 0.999319
-4.270500e-03, 2.983500e-03, 1.000000
-4.153500e-03, 2.983500e-03, 1.000000
-4.036500e-03, 2.983500e-03, 0.959789
-3.919500e-03, 2.983500e-03, 0.942059
-3.802500e-03, 2.983500e-03, 1.000000
-3.685500e-03, 2.983500e-03, 0.567242
-3.568500e-03, 2.983500e-03, 0.784027
-3.451500e-03, 2.983500e-03, 0.743568
-3.334500e-03, 2.983500e-03, 1.000000
-3.217500e-03, 2.983500e-03, 0.200855
-3.100500e-03, 2.983500e-03, 0.297834
-2.983500e-03, 2.983500e-03, 0.974938
-2.866500e-03, 2.983500e-03, 1.000000
-2.749500e-03, 2.983500e-03, 1.000000
-2.632500e-03, 2.983500e-03, 1.000000
-2.515500e-03, 2.983500e-03, 1.000000
-2.398500e-03, 2.983500e-03, 1.000000
-2.281500e-03, 2.983500e-03, 0.105556
-2.164500e-03, 2.983500e-03, 0.363745
-2.047500e-03, 2.983500e-03, 1.000000
-1.930500e-03, 2.983500e-03, 0.697439
-1.813500e-03, 2.983500e-03, 0.782475
-1.696500e-03, 2.983500e-03, 1.000000
-1.579500e-03, 2.983500e-03, 1.000000
-1.462500e-03, 2.983500e-03, 1.000000
-1.345500e-03, 2.983500e-03, 1.000000
-1.228500e-03, 2.983500e-03, 1.000000
-1.111500e-03, 2.983500e-03, 1.000000
-9.945000e-04, 2.983500e-03, 1.000000
-8.775000e-04, 2.983500e-03, 0.735994
-7.605000e-04, 2.983500e-03, 0.901356
-6.435000e-04, 2.983500e-03, 1.000000
-5.265000e-04, 2.983500e-03, 1.000000
-4.095000e-04, 2.983500e-03, 1.000000
-2.925000e-04, 2.983500e-03, 1.000000
-1.755000e-04, 2.983500e-03, 1.000000
-5.850000e-05, 2.983500e-03, 1.000000
5.850000e-05, 2.983500e-03, 1.000000
1.755000e-04, 2.983500e-03, 1.000000
2.925000e-04, 2.983500e-03, 1.000000
4.095000e-04, 2.983500e-03, 1.000000
5.265000e-04, 2.983500e-03, 1.000000
6.435000e-04, 2.983500e-03, 1.000000
7.605000e-04, 2.983500e-03, 1.000000
8.775000e-04, 2.983500e-03, 1.000000
9.945000e-04, 2.983500e-03, 1.000000
1.111500e-03, 2.983500e-03, 1.000000
1.228500e-03, 2.983500e-03, 1.000000
1.345500e-03, 2.983500e-03, 1.000000
1.462500e-03, 2.983500e-03, 1.000000
1.579500e-03, 2.983500e-03, 1.000000
1.696500e-03, 2.983500e-03, 1.000000
1.813500e-03, 2.983500e-03, 1.000000
1.930500e-03, 2.983500e-03, 1.000000
2.047500e-03, 2.983500e-03, 1.000000
2.164500e-03, 2.983500e-03, 1.000000
2.281500e-03, 2.983500e-03, 0.779264
2.398500e-03, 2.983500e-03, 0.858086
2.515500e-03, 2.983500e-03, 1.000000
2.632500e-03, 2.983500e-03, 0.758157
2.749500e-03, 2.983500e-03, 0.988706
2.866500e-03, 2.983500e-03, 0.144541
2.983500e-03, 2.983500e-03, 0.000000
3.100500e-03, 2.983500e-03, 0.819060
3.217500e-03, 2.983500e-03, 0.984423
3.334500e-03, 2.983500e-03, 0.207150
3.451500e-03, 2.983500e-03, 0.941069
3.568500e-03, 2.983500e-03, 1.000000
3.685500e-03, 2.983500e-03, 0.487495
3.802500e-03, 2.983500e-03, 0.646640
3.919500e-03, 2.983500e-03, 1.000000
4.036500e-03, 2.983500e-03, 1.000000
4.153500e-03, 2.983500e-03, 0.881510
4.270500e-03, 2.983500e-03, 0.999927
4.387500e-03, 2.983500e-03, 0.890861
4.504500e-03, 2.983500e-03, 0.982722
4.621500e-03, 2.983500e-03, 1.000000
4.738500e-03, 2.983500e-03, 0.920673
4.855500e-03, 2.983500e-03, 0.692007
4.972500e-03, 2.983500e-03, 0.736324
5.089500e-03, 2.983500e-03, 0.984784
5.206500e-03, 2.983500e-03, 0.950334
5.323500e-03, 2.983500e-03, 0.982329
5.440500e-03, 2.983500e-03, 0.876917
5.557500e-03, 2.983500e-03, 0.887167
5.674500e-03, 2.983500e-03, 0.886912
5.791500e-03, 2.983500e-03, 0.065722
-5.791500e-03, 3.100500e-03, 0.000000
-5.674500e-03, 3.100500e-03, 0.503270
-5.557500e-03, 3.100500e-03, 0.706187
-5.440500e-03, 3.100500e-03, 0.807603
-5.323500e-03, 3.100500e-03, 0.881901
-5.206500e-03, 3.100500e-03, 0.941014
-5.089500e-03, 3.100500e-03, 0.850323
-4.972500e-03, 3.100500e-03, 1.000000
-4.855500e-03, 3.100500e-03, 0.936218
-4.738500e-03, 3.100500e-03, 0.952656
-4.621500e-03, 3.100500e-03, 0.823511
-4.504500e-03, 3.100500e-03, 0.690278
-4.387500e-03, 3.100500e-03, 0.886138
-4.270500e-03, 3.100500e-03, 0.905040
-4.153500e-03, 3.100500e-03, 1.000000
-4.036500e-03, 3.100500e-03, 1.000000
-3.919500e-03, 3.100500e-03, 1.000000
-3.802500e-03, 3.100500e-03, 1.000000
-3.685500e-03, 3.100500e-03, 0.790744
-3.568500e-03, 3.100500e-03, 0.922871
-3.451500e-03, 3.100500e-03, 0.743568
-3.334500e-03, 3.100500e-03, 1.000000
-3.217500e-03, 3.100500e-03, 0.200855
-3.100500e-03, 3.100500e-03, 0.000000
-2.983500e-03, 3.100500e-03, 0.815983
-2.866500e-03, 3.100500e-03, 1.000000
-2.749500e-03, 3.100500e-03, 1.000000
-2.632500e-03, 3.100500e-03, 0.896451
-2.515500e-03, 3.100500e-03, 0.786667
-2.398500e-03, 3.100500e-03, 0.665736
-2.281500e-03, 3.100500e-03, 0.025554
-2.164500e-03, 3.100500e-03, 0.314411
-2.047500e-03, 3.100500e-03, 0.537259
-1.930500e-03, 3.100500e-03, 0.788162
-1.813500e-03, 3.100500e-03, 1.000000
-1.696500e-03, 3.100500e-03, 1.000000
-1.579500e-03, 3.100500e-03, 1.000000
-1.462500e-03, 3.100500e-03, 1.000000
-1.345500e-03, 3.100500e-03, 0.984599
-1.228500e-03, 3.100500e-03, 0.683608
-1.111500e-03, 3.100500e-03, 0.728874
-9.945000e-04, 3.100500e-03, 0.794514
-8.775000e-04, 3.100500e-03, 1.000000
-7.605000e-04, 3.100500e-03, 0.771767
-6.435000e-04, 3.100500e-03, 0.743568
-5.265000e-04, 3.100500e-03, 0.743568
-4.095000e-04, 3.100500e-03, 0.743568
-2.925000e-04, 3.100500e-03, 0.743568
-1.755000e-04, 3.100500e-03, 0.743568
-5.850000e-05, 3.100500e-03, 0.743631
5.850000e-05, 3.100500e-03, 0.743568
1.755000e-04, 3.100500e-03, 0.743568
2.925000e-04, 3.100500e-03, 0.743568
4.095000e-04, 3.100500e-03, 0.743568
5.265000e-04, 3.100500e-03, 0.743568
6.435000e-04, 3.100500e-03, 0.743568
7.605000e-04, 3.100500e-03, 0.743568
8.775000e-04, 3.100500e-03, 0.743568
9.945000e-04, 3.100500e-03, 0.743568
1.111500e-03, 3.100500e-03, 0.743568
1.228500e-03, 3.100500e-03, 0.743568
1.345500e-03, 3.100500e-03, 0.743568
1.462500e-03, 3.100500e-03, 0.743568
1.579500e-03, 3.100500e-03, 0.743568
1.696500e-03, 3.100500e-03, 0.743568
1.813500e-03, 3.100500e-03, 0.743568
1.930500e-03, 3.100500e-03, 0.743568
2.047500e-03, 3.100500e-03, 0.743568
2.164500e-03, 3.100500e-03, 0.742164
2.281500e-03, 3.100500e-03, 0.859503
2.398500e-03, 3.100500e-03, 1.000000
2.515500e-03, 3.100500e-03, 0.958617
2.632500e-03, 3.100500e-03, 0.263198
2.749500e-03, 3.100500e-03, 0.661667
2.866500e-03, 3.100500e-03, 0.008924
2.983500e-03, 3.100500e-03, 0.000000
3.100500e-03, 3.100500e-03, 0.819060
3.217500e-03, 3.100500e-03, 1.000000
3.334500e-03, 3.100500e-03, 0.969859
3.451500e-03, 3.100500e-03, 1.000000
3.568500e-03, 3.100500e-03, 1.000000
3.685500e-03, 3.100500e-03, 0.963554
3.802500e-03, 3.100500e-03, 0.991108
3.919500e-03, 3.100500e-03, 1.000000
4.036500e-03, 3.100500e-03, 1.000000
4.153500e-03, 3.100500e-03, 1.000000
4.270500e-03, 3.100500e-03, 1.000000
4.387500e-03, 3.100500e-03, 1.000000
4.504500e-03, 3.100500e-03, 1.000000
4.621500e-03, 3.100500e-03, 0.985095
4.738500e-03, 3.100500e-03, 0.946761
4.855500e-03, 3.100500e-03, 0.618323
4.972500e-03, 3.100500e-03, 0.918889
5.089500e-03, 3.100500e-03, 0.895515
5.206500e-03, 3.100500e-03, 0.932953
5.323500e-03, 3.100500e-03, 0.940851
5.440500e-03, 3.100500e-03, 0.816102
5.557500e-03, 3.100500e-03, 0.896935
5.674500e-03, 3.100500e-03, 0.678253
5.791500e-03, 3.100500e-03, 0.046860
-5.791500e-03, 3.217500e-03, 0.001091
-5.674500e-03, 3.217500e-03, 0.941090
-5.557500e-03, 3.217500e-03, 1.000000
-5.440500e-03, 3.217500e-03, 0.776851
-5.323500e-03, 3.217500e-03, 0.906618
-5.206500e-03, 3.217500e-03, 1.000000
-5.089500e-03, 3.217500e-03, 0.910031
-4.972500e-03, 3.217500e-03, 1.000000
-4.855500e-03, 3.217500e-03, 0.562949
-4.738500e-03, 3.217500e-03, 0.614231
-4.621500e-03, 3.217500e-03, 0.998946
-4.504500e-03, 3.217500e-03, 0.844263
-4.387500e-03, 3.217500e-03, 1.000000
-4.270500e-03, 3.217500e-03, 0.951095
-4.153500e-03, 3.217500e-03, 1.000000
-4.036500e-03, 3.217500e-03, 1.000000
-3.919500e-03, 3.217500e-03, 1.000000
-3.802500e-03, 3.217500e-03, 1.000000
-3.685500e-03, 3.217500e-03, 1.000000
-3.568500e-03, 3.217500e-03, 1.000000
-3.451500e-03, 3.217500e-03, 0.743568
-3.334500e-03, 3.217500e-03, 1.000000
-3.217500e-03, 3.217500e-03, 0.200855
-3.100500e-03, 3.217500e-03, 0.000000
-2.983500e-03, 3.217500e-03, 0.815983
-2.866500e-03, 3.217500e-03, 1.000000
-2.749500e-03, 3.217500e-03, 0.824738
-2.632500e-03, 3.217500e-03, 0.083211
-2.515500e-03, 3.217500e-03, 0.000000
-2.398500e-03, 3.217500e-03, 0.000000
-2.281500e-03, 3.217500e-03, 0.413295
-2.164500e-03, 3.217500e-03, 0.996779
-2.047500e-03, 3.217500e-03, 1.000000
-1.930500e-03, 3.217500e-03, 1.000000
-1.813500e-03, 3.217500e-03, 1.000000
-1.696500e-03, 3.217500e-03, 0.886964
-1.579500e-03, 3.217500e-03, 0.508359
-1.462500e-03, 3.217500e-03, 0.572393
-1.345500e-03, 3.217500e-03, 0.342539
-1.228500e-03, 3.217500e-03, 0.746684
-1.111500e-03, 3.217500e-03, 1.000000
-9.945000e-04, 3.217500e-03, 0.842836
-8.775000e-04, 3.217500e-03, 0.794514
-7.605000e-04, 3.217500e-03, 1.000000
-6.435000e-04, 3.217500e-03, 1.000000
-5.265000e-04, 3.217500e-03, 1.000000
-4.095000e-04, 3.217500e-03, 1.000000
-2.925000e-04, 3.217500e-03, 1.000000
-1.755000e-04, 3.217500e-03, 1.000000
-5.850000e-05, 3.217500e-03, 1.000000
5.850000e-05, 3.217500e-03, 1.000000
1.755000e-04, 3.217500e-03, 1.000000
2.925000e-04, 3.217500e-03, 1.000000
4.095000e-04, 3.217500e-03, 1.000000
5.265000e-04, 3.217500e-03, 1.000000
6.435000e-04, 3.217500e-03, 1.000000
7.605000e-04, 3.217500e-03, 1.000000
8.775000e-04, 3.217500e-03, 1.000000
9.945000e-04, 3.217500e-03, 1.000000
1.111500e-03, 3.217500e-03, 1.000000
1.228500e-03, 3.217500e-03, 1.000000
1.345500e-03, 3.217500e-03, 1.000000
1.462500e-03, 3.217500e-03, 0.989120
1.579500e-03, 3.217500e-03, 1.000000
1.696500e-03, 3.217500e-03, 1.000000
1.813500e-03, 3.217500e-03, 0.997797
1.930500e-03, 3.217500e-03, 0.995984
2.047500e-03, 3.217500e-03, 1.000000
2.164500e-03, 3.217500e-03, 1.000000
2.281500e-03, 3.217500e-03, 1.000000
2.398500e-03, 3.217500e-03, 0.958617
2.515500e-03, 3.217500e-03, 0.253691
2.632500e-03, 3.217500e-03, 0.000000
2.749500e-03, 3.217500e-03, 0.558784
2.866500e-03, 3.217500e-03, 0.003887
2.983500e-03, 3.217500e-03, 0.000000
3.100500e-03, 3.217500e-03, 0.819060
3.217500e-03, 3.217500e-03, 1.000000
3.334500e-03, 3.217500e-03, 1.000000
3.451500e-03, 3.217500e-03, 1.000000
3.568500e-03, 3.217500e-03, 1.000000
3.685500e-03, 3.217500e-03, 1.000000
3.802500e-03, 3.217500e-03, 1.000000
3.919500e-03, 3.217500e-03, 1.000000
4.036500e-03, 3.217500e-03, 0.606960
4.153500e-03, 3.217500e-03, 0.903309
4.270500e-03, 3.217500e-03, 1.000000
4.387500e-03, 3.217500e-03, 1.000000
4.504500e-03, 3.217500e-03, 1.000000
4.621500e-03, 3.217500e-03, 0.931350
4.738500e-03, 3.217500e-03, 1.000000
4.855500e-03, 3.217500e-03, 0.998860
4.972500e-03, 3.217500e-03, 0.977630
5.089500e-03, 3.217500e-03, 0.898047
5.206500e-03, 3.217500e-03, 1.000000
5.323500e-03, 3.217500e-03, 0.830496
5.440500e-03, 3.217500e-03, 0.756881
5.557500e-03, 3.217500e-03, 1.000000
5.674500e-03, 3.217500e-03, 0.941090
5.791500e-03, 3.217500e-03, 0.001091
-5.791500e-03, 3.334500e-03, 0.000000
-5.674500e-03, 3.334500e-03, 0.241021
-5.557500e-03, 3.334500e-03, 0.707170
-5.440500e-03, 3.334500e-03, 0.935413
-5.323500e-03, 3.334500e-03, 0.992313
-5.206500e-03, 3.334500e-03, 0.896504
-5.089500e-03, 3.334500e-03, 0.988775
-4.972500e-03, 3.334500e-03, 1.000000
-4.855500e-03, 3.334500e-03, 0.998866
-4.738500e-03, 3.334500e-03, 0.999963
-4.621500e-03, 3.334500e-03, 1.000000
-4.504500e-03, 3.334500e-03, 0.948261
-4.387500e-03, 3.334500e-03, 0.928965
-4.270500e-03, 3.334500e-03, 0.919676
-4.153500e-03, 3.334500e-03, 1.000000
-4.036500e-03, 3.334500e-03, 1.000000
-3.919500e-03, 3.334500e-03, 0.978516
-3.802500e-03, 3.334500e-03, 0.669718
-3.685500e-03, 3.334500e-03, 1.000000
-3.568500e-03, 3.334500e-03, 1.000000
-3.451500e-03, 3.334500e-03, 0.743568
-3.334500e-03, 3.334500e-03, 1.000000
-3.217500e-03, 3.334500e-03, 0.200855
-3.100500e-03, 3.334500e-03, 0.000000
-2.983500e-03, 3.334500e-03, 0.815983
-2.866500e-03, 3.334500e-03, 1.000000
-2.749500e-03, 3.334500e-03, 0.307276
-2.632500e-03, 3.334500e-03, 0.000000
-2.515500e-03, 3.334500e-03, 0.000000
-2.398500e-03, 3.334500e-03, 0.000000
-2.281500e-03, 3.334500e-03, 0.755496
-2.164500e-03, 3.334500e-03, 1.000000
-2.047500e-03, 3.334500e-03, 1.000000
-1.930500e-03, 3.334500e-03, 1.000000
-1.813500e-03, 3.334500e-03, 0.886964
-1.696500e-03, 3.334500e-03, 0.137566
-1.579500e-03, 3.334500e-03, 0.684427
-1.462500e-03, 3.334500e-03, 1.000000
-1.345500e-03, 3.334500e-03, 0.953709
-1.228500e-03, 3.334500e-03, 0.454213
-1.111500e-03, 3.334500e-03, 0.939257
-9.945000e-04, 3.334500e-03, 1.000000
-8.775000e-04, 3.334500e-03, 0.842836
-7.605000e-04, 3.334500e-03, 0.785970
-6.435000e-04, 3.334500e-03, 0.968120
-5.265000e-04, 3.334500e-03, 0.968120
-4.095000e-04, 3.334500e-03, 0.968120
-2.925000e-04, 3.334500e-03, 0.968120
-1.755000e-04, 3.334500e-03, 0.968120
-5.850000e-05, 3.334500e-03, 0.954094
5.850000e-05, 3.334500e-03, 0.849816
1.755000e-04, 3.334500e-03, 0.968120
2.925000e-04, 3.334500e-03, 0.968120
4.095000e-04, 3.334500e-03, 0.970941
5.265000e-04, 3.334500e-03, 1.000000
6.435000e-04, 3.334500e-03, 1.000000
7.605000e-04, 3.334500e-03, 1.000000
8.775000e-04, 3.334500e-03, 1.000000
9.945000e-04, 3.334500e-03, 1.000000
1.111500e-03, 3.334500e-03, 1.000000
1.228500e-03, 3.334500e-03, 1.000000
1.345500e-03, 3.334500e-03, 0.683732
1.462500e-03, 3.334500e-03, 0.782886
1.579500e-03, 3.334500e-03, 0.403409
1.696500e-03, 3.334500e-03, 0.372224
1.813500e-03, 3.334500e-03, 0.611590
1.930500e-03, 3.334500e-03, 0.748206
2.047500e-03, 3.334500e-03, 0.703846
2.164500e-03, 3.334500e-03, 0.676984
2.281500e-03, 3.334500e-03, 0.377862
2.398500e-03, 3.334500e-03, 0.195862
2.515500e-03, 3.334500e-03, 0.000000
2.632500e-03, 3.334500e-03, 0.000000
2.749500e-03, 3.334500e-03, 0.373545
2.866500e-03, 3.334500e-03, 0.181592
2.983500e-03, 3.334500e-03, 0.000000
3.100500e-03, 3.334500e-03, 0.819060
3.217500e-03, 3.334500e-03, 0.835731
3.334500e-03, 3.334500e-03, 0.599301
3.451500e-03, 3.334500e-03, 1.000000
3.568500e-03, 3.334500e-03, 1.000000
3.685500e-03, 3.334500e-03, 1.000000
3.802500e-03, 3.334500e-03, 1.000000
3.919500e-03, 3.334500e-03, 1.000000
4.036500e-03, 3.334500e-03, 0.637660
4.153500e-03, 3.334500e-03, 0.916954
4.270500e-03, 3.334500e-03, 1.000000
4.387500e-03, 3.334500e-03, 1.000000
4.504500e-03, 3.334500e-03, 1.000000
4.621500e-03, 3.334500e-03, 1.000000
4.738500e-03, 3.334500e-03, 0.914393
4.855500e-03, 3.334500e-03, 0.959970
4.972500e-03, 3.334500e-03, 0.977867
5.089500e-03, 3.334500e-03, 0.982483
5.206500e-03, 3.334500e-03, 0.822897
5.323500e-03, 3.334500e-03, 0.949627
5.440500e-03, 3.334500e-03, 0.802481
5.557500e-03, 3.334500e-03, 0.779887
5.674500e-03, 3.334500e-03, 0.739216
5.791500e-03, 3.334500e-03, 0.076275
-5.791500e-03, 3.451500e-03, 0.000000
-5.674500e-03, 3.451500e-03, 0.480200
-5.557500e-03, 3.451500e-03, 0.999800
-5.440500e-03, 3.451500e-03, 1.000000
-5.323500e-03, 3.451500e-03, 0.931482
-5.206500e-03, 3.451500e-03, 0.944383
-5.089500e-03, 3.451500e-03, 0.939420
-4.972500e-03, 3.451500e-03, 1.000000
-4.855500e-03, 3.451500e-03, 0.898067
-4.738500e-03, 3.451500e-03, 0.911113
-4.621500e-03, 3.451500e-03, 1.000000
-4.504500e-03, 3.451500e-03, 0.893834
-4.387500e-03, 3.451500e-03, 0.789284
-4.270500e-03, 3.451500e-03, 0.999424
-4.153500e-03, 3.451500e-03, 1.000000
-4.036500e-03, 3.451500e-03, 1.000000
-3.919500e-03, 3.451500e-03, 0.932698
-3.802500e-03, 3.451500e-03, 0.488795
-3.685500e-03, 3.451500e-03, 0.995157
-3.568500e-03, 3.451500e-03, 1.000000
-3.451500e-03, 3.451500e-03, 0.743568
-3.334500e-03, 3.451500e-03, 1.000000
-3.217500e-03, 3.451500e-03, 0.200855
-3.100500e-03, 3.451500e-03, 0.000000
-2.983500e-03, 3.451500e-03, 0.815983
-2.866500e-03, 3.451500e-03, 1.000000
-2.749500e-03, 3.451500e-03, 0.301624
-2.632500e-03, 3.451500e-03, 0.000000
-2.515500e-03, 3.451500e-03, 0.000000
-2.398500e-03, 3.451500e-03, 0.000000
-2.281500e-03, 3.451500e-03, 0.132866
-2.164500e-03, 3.451500e-03, 0.347265
-2.047500e-03, 3.451500e-03, 0.347265
-1.930500e-03, 3.451500e-03, 0.347265
-1.813500e-03, 3.451500e-03, 0.121854
-1.696500e-03, 3.451500e-03, 0.000000
-1.579500e-03, 3.451500e-03, 0.325993
-1.462500e-03, 3.451500e-03, 0.981966
-1.345500e-03, 3.451500e-03, 1.000000
-1.228500e-03, 3.451500e-03, 0.953709
-1.111500e-03, 3.451500e-03, 0.454213
-9.945000e-04, 3.451500e-03, 0.939257
-8.775000e-04, 3.451500e-03, 1.000000
-7.605000e-04, 3.451500e-03, 0.811071
-6.435000e-04, 3.451500e-03, 0.073981
-5.265000e-04, 3.451500e-03, 0.025483
-4.095000e-04, 3.451500e-03, 0.315855
-2.925000e-04, 3.451500e-03, 0.066179
-1.755000e-04, 3.451500e-03, 0.000000
-5.850000e-05, 3.451500e-03, 0.359127
5.850000e-05, 3.451500e-03, 0.895438
1.755000e-04, 3.451500e-03, 0.023295
2.925000e-04, 3.451500e-03, 0.329306
4.095000e-04, 3.451500e-03, 0.210475
5.265000e-04, 3.451500e-03, 0.502971
6.435000e-04, 3.451500e-03, 0.699487
7.605000e-04, 3.451500e-03, 0.699487
8.775000e-04, 3.451500e-03, 0.699487
9.945000e-04, 3.451500e-03, 0.699487
1.111500e-03, 3.451500e-03, 0.699487
1.228500e-03, 3.451500e-03, 0.467123
1.345500e-03, 3.451500e-03, 0.112147
1.462500e-03, 3.451500e-03, 0.660652
1.579500e-03, 3.451500e-03, 0.378855
1.696500e-03, 3.451500e-03, 0.000000
1.813500e-03, 3.451500e-03, 0.326072
1.930500e-03, 3.451500e-03, 0.630496
2.047500e-03, 3.451500e-03, 0.419931
2.164500e-03, 3.451500e-03, 0.277045
2.281500e-03, 3.451500e-03, 0.566996
2.398500e-03, 3.451500e-03, 0.352817
2.515500e-03, 3.451500e-03, 0.048179
2.632500e-03, 3.451500e-03, 0.000000
2.749500e-03, 3.451500e-03, 0.506686
2.866500e-03, 3.451500e-03, 0.369934
2.983500e-03, 3.451500e-03, 0.000000
3.100500e-03, 3.451500e-03, 0.819060
3.217500e-03, 3.451500e-03, 0.906583
3.334500e-03, 3.451500e-03, 0.723270
3.451500e-03, 3.451500e-03, 1.000000
3.568500e-03, 3.451500e-03, 1.000000
3.685500e-03, 3.451500e-03, 1.000000
3.802500e-03, 3.451500e-03, 1.000000
3.919500e-03, 3.451500e-03, 1.000000
4.036500e-03, 3.451500e-03, 1.000000
4.153500e-03, 3.451500e-03, 1.000000
4.270500e-03, 3.451500e-03, 1.000000
4.387500e-03, 3.451500e-03, 0.918364
4.504500e-03, 3.451500e-03, 0.984300
4.621500e-03, 3.451500e-03, 1.000000
4.738500e-03, 3.451500e-03, 1.000000
4.855500e-03, 3.451500e-03, 1.000000
4.972500e-03, 3.451500e-03, 1.000000
5.089500e-03, 3.451500e-03, 0.891725
5.206500e-03, 3.451500e-03, 0.796759
5.323500e-03, 3.451500e-03, 0.779088
5.440500e-03, 3.451500e-03, 1.000000
5.557500e-03, 3.451500e-03, 0.999712
5.674500e-03, 3.451500e-03, 0.476271
5.791500e-03, 3.451500e-03, 0.000000
-5.791500e-03, 3.568500e-03, 0.030816
-5.674500e-03, 3.568500e-03, 0.999800
-5.557500e-03, 3.568500e-03, 1.000000
-5.440500e-03, 3.568500e-03, 1.000000
-5.323500e-03, 3.568500e-03, 0.953648
-5.206500e-03, 3.568500e-03, 1.000000
-5.089500e-03, 3.568500e-03, 0.890066
-4.972500e-03, 3.568500e-03, 0.938372
-4.855500e-03, 3.568500e-03, 0.995198
-4.738500e-03, 3.568500e-03, 0.984853
-4.621500e-03, 3.568500e-03, 0.978844
-4.504500e-03, 3.568500e-03, 0.986810
-4.387500e-03, 3.568500e-03, 1.000000
-4.270500e-03, 3.568500e-03, 0.934385
-4.153500e-03, 3.568500e-03, 1.000000
-4.036500e-03, 3.568500e-03, 1.000000
-3.919500e-03, 3.568500e-03, 1.000000
-3.802500e-03, 3.568500e-03, 1.000000
-3.685500e-03, 3.568500e-03, 1.000000
-3.568500e-03, 3.568500e-03, 1.000000
-3.451500e-03, 3.568500e-03, 0.773155
-3.334500e-03, 3.568500e-03, 1.000000
-3.217500e-03, 3.568500e-03, 0.200855
-3.100500e-03, 3.568500e-03, 0.000000
-2.983500e-03, 3.568500e-03, 0.815983
-2.866500e-03, 3.568500e-03, 1.000000
-2.749500e-03, 3.568500e-03, 0.301624
-2.632500e-03, 3.568500e-03, 0.000000
-2.515500e-03, 3.568500e-03, 0.000000
-2.398500e-03, 3.568500e-03, 0.000000
-2.281500e-03, 3.568500e-03, 0.000000
-2.164500e-03, 3.568500e-03, 0.000000
-2.047500e-03, 3.568500e-03, 0.000000
-1.930500e-03, 3.568500e-03, 0.000000
-1.813500e-03, 3.568500e-03, 0.000000
-1.696500e-03, 3.568500e-03, 0.000000
-1.579500e-03, 3.568500e-03, 0.000000
-1.462500e-03, 3.568500e-03, 0.382741
-1.345500e-03, 3.568500e-03, 1.000000
-1.228500e-03, 3.568500e-03, 1.000000
-1.111500e-03, 3.568500e-03, 0.953709
-9.945000e-04, 3.568500e-03, 0.474193
-8.775000e-04, 3.568500e-03, 1.000000
-7.605000e-04, 3.568500e-03, 1.000000
-6.435000e-04, 3.568500e-03, 0.363077
-5.265000e-04, 3.568500e-03, 0.472703
-4.095000e-04, 3.568500e-03, 1.000000
-2.925000e-04, 3.568500e-03, 0.642231
-1.755000e-04, 3.568500e-03, 0.072534
-5.850000e-05, 3.568500e-03, 0.981366
5.850000e-05, 3.568500e-03, 0.997179
1.755000e-04, 3.568500e-03, 0.072769
2.925000e-04, 3.568500e-03, 0.919915
4.095000e-04, 3.568500e-03, 0.616752
5.265000e-04, 3.568500e-03, 0.000000
6.435000e-04, 3.568500e-03, 0.000000
7.605000e-04, 3.568500e-03, 0.000000
8.775000e-04, 3.568500e-03, 0.000000
9.945000e-04, 3.568500e-03, 0.000000
1.111500e-03, 3.568500e-03, 0.000000
1.228500e-03, 3.568500e-03, 0.000000
1.345500e-03, 3.568500e-03, 0.000000
1.462500e-03, 3.568500e-03, 0.000000
1.579500e-03, 3.568500e-03, 0.384876
1.696500e-03, 3.568500e-03, 0.540035
1.813500e-03, 3.568500e-03, 0.526755
1.930500e-03, 3.568500e-03, 0.973206
2.047500e-03, 3.568500e-03, 0.995096
2.164500e-03, 3.568500e-03, 0.152821
2.281500e-03, 3.568500e-03, 0.633891
2.398500e-03, 3.568500e-03, 1.000000
2.515500e-03, 3.568500e-03, 0.566721
2.632500e-03, 3.568500e-03, 0.130048
2.749500e-03, 3.568500e-03, 0.992229
2.866500e-03, 3.568500e-03, 0.959303
2.983500e-03, 3.568500e-03, 0.026221
3.100500e-03, 3.568500e-03, 0.819060
3.217500e-03, 3.568500e-03, 1.000000
3.334500e-03, 3.568500e-03, 1.000000
3.451500e-03, 3.568500e-03, 1.000000
3.568500e-03, 3.568500e-03, 1.000000
3.685500e-03, 3.568500e-03, 1.000000
3.802500e-03, 3.568500e-03, 1.000000
3.919500e-03, 3.568500e-03, 1.000000
4.036500e-03, 3.568500e-03, 1.000000
4.153500e-03, 3.568500e-03, 1.000000
4.270500e-03, 3.568500e-03, 1.000000
4.387500e-03, 3.568500e-03, 0.451005
4.504500e-03, 3.568500e-03, 0.714304
4.621500e-03, 3.568500e-03, 1.000000
4.738500e-03, 3.568500e-03, 1.000000
4.855500e-03, 3.568500e-03, 1.000000
4.972500e-03, 3.568500e-03, 1.000000
5.089500e-03, 3.568500e-03, 0.817653
5.206500e-03, 3.568500e-03, 1.000000
5.323500e-03, 3.568500e-03, 0.573594
5.440500e-03, 3.568500e-03, 0.178788
5.557500e-03, 3.568500e-03, 0.158520
5.674500e-03, 3.568500e-03, 0.000000
5.791500e-03, 3.568500e-03, 0.000000
-5.791500e-03, 3.685500e-03, 0.026403
-5.674500e-03, 3.685500e-03, 0.883018
-5.557500e-03, 3.685500e-03, 0.886375
-5.440500e-03, 3.685500e-03, 0.979727
-5.323500e-03, 3.685500e-03, 0.901137
-5.206500e-03, 3.685500e-03, 0.941618
-5.089500e-03, 3.685500e-03, 0.976282
-4.972500e-03, 3.685500e-03, 0.786335
-4.855500e-03, 3.685500e-03, 0.937570
-4.738500e-03, 3.685500e-03, 0.949919
-4.621500e-03, 3.685500e-03, 0.830114
-4.504500e-03, 3.685500e-03, 0.930957
-4.387500e-03, 3.685500e-03, 0.937852
-4.270500e-03, 3.685500e-03, 0.982280
-4.153500e-03, 3.685500e-03, 1.000000
-4.036500e-03, 3.685500e-03, 1.000000
-3.919500e-03, 3.685500e-03, 0.921886
-3.802500e-03, 3.685500e-03, 0.999415
-3.685500e-03, 3.685500e-03, 1.000000
-3.568500e-03, 3.685500e-03, 0.871046
-3.451500e-03, 3.685500e-03, 0.808125
-3.334500e-03, 3.685500e-03, 1.000000
-3.217500e-03, 3.685500e-03, 0.200855
-3.100500e-03, 3.685500e-03, 0.000000
-2.983500e-03, 3.685500e-03, 0.815983
-2.866500e-03, 3.685500e-03, 1.000000
-2.749500e-03, 3.685500e-03, 0.301624
-2.632500e-03, 3.685500e-03, 0.000000
-2.515500e-03, 3.685500e-03, 0.000000
-2.398500e-03, 3.685500e-03, 0.000000
-2.281500e-03, 3.685500e-03, 0.000000
-2.164500e-03, 3.685500e-03, 0.000000
-2.047500e-03, 3.685500e-03, 0.000000
-1.930500e-03, 3.685500e-03, 0.000000
-1.813500e-03, 3.685500e-03, 0.000000
-1.696500e-03, 3.685500e-03, 0.000000
-1.579500e-03, 3.685500e-03, 0.000000
-1.462500e-03, 3.685500e-03, 0.191282
-1.345500e-03, 3.685500e-03, 1.000000
-1.228500e-03, 3.685500e-03, 1.000000
-1.111500e-03, 3.685500e-03, 1.000000
-9.945000e-04, 3.685500e-03, 0.839366
-8.775000e-04, 3.685500e-03, 0.812231
-7.605000e-04, 3.685500e-03, 0.888438
-6.435000e-04, 3.685500e-03, 0.160654
-5.265000e-04, 3.685500e-03, 0.248156
-4.095000e-04, 3.685500e-03, 0.877815
-2.925000e-04, 3.685500e-03, 0.764133
-1.755000e-04, 3.685500e-03, 0.022313
-5.850000e-05, 3.685500e-03, 0.723585
5.850000e-05, 3.685500e-03, 0.723585
1.755000e-04, 3.685500e-03, 0.015798
2.925000e-04, 3.685500e-03, 0.919915
4.095000e-04, 3.685500e-03, 0.659825
5.265000e-04, 3.685500e-03, 0.000000
6.435000e-04, 3.685500e-03, 0.000000
7.605000e-04, 3.685500e-03, 0.000000
8.775000e-04, 3.685500e-03, 0.000000
9.945000e-04, 3.685500e-03, 0.000000
1.111500e-03, 3.685500e-03, 0.000000
1.228500e-03, 3.685500e-03, 0.000000
1.345500e-03, 3.685500e-03, 0.000000
1.462500e-03, 3.685500e-03, 0.000000
1.579500e-03, 3.685500e-03, 0.000000
1.696500e-03, 3.685500e-03, 0.021633
1.813500e-03, 3.685500e-03, 0.065217
1.930500e-03, 3.685500e-03, 0.682299
2.047500e-03, 3.685500e-03, 0.772292
2.164500e-03, 3.685500e-03, 0.052692
2.281500e-03, 3.685500e-03, 0.301244
2.398500e-03, 3.685500e-03, 0.856046
2.515500e-03, 3.685500e-03, 0.321477
2.632500e-03, 3.685500e-03, 0.041753
2.749500e-03, 3.685500e-03, 0.760120
2.866500e-03, 3.685500e-03, 0.675851
2.983500e-03, 3.685500e-03, 0.001042
3.100500e-03, 3.685500e-03, 0.563722
3.217500e-03, 3.685500e-03, 1.000000
3.334500e-03, 3.685500e-03, 1.000000
3.451500e-03, 3.685500e-03, 1.000000
3.568500e-03, 3.685500e-03, 1.000000
3.685500e-03, 3.685500e-03, 1.000000
3.802500e-03, 3.685500e-03, 1.000000
3.919500e-03, 3.685500e-03, 1.000000
4.036500e-03, 3.685500e-03, 1.000000
4.153500e-03, 3.685500e-03, 1.000000
4.270500e-03, 3.685500e-03, 1.000000
4.387500e-03, 3.685500e-03, 0.996911
4.504500e-03, 3.685500e-03, 1.000000
4.621500e-03, 3.685500e-03, 1.000000
4.738500e-03, 3.685500e-03, 1.000000
4.855500e-03, 3.685500e-03, 1.000000
4.972500e-03, 3.685500e-03, 0.919726
5.089500e-03, 3.685500e-03, 0.450396
5.206500e-03, 3.685500e-03, 0.909024
5.323500e-03, 3.685500e-03, 0.606873
5.440500e-03, 3.685500e-03, 0.014861
5.557500e-03, 3.685500e-03, 0.000000
5.674500e-03, 3.685500e-03, 0.000000
5.791500e-03, 3.685500e-03, 0.000000
-5.791500e-03, 3.802500e-03, 0.000000
-5.674500e-03, 3.802500e-03, 0.000000
-5.557500e-03, 3.802500e-03, 0.560297
-5.440500e-03, 3.802500e-03, 0.744398
-5.323500e-03, 3.802500e-03, 1.000000
-5.206500e-03, 3.802500e-03, 0.866712
-5.089500e-03, 3.802500e-03, 0.833265
-4.972500e-03, 3.802500e-03, 0.888828
-4.855500e-03, 3.802500e-03, 0.927122
-4.738500e-03, 3.802500e-03, 0.807411
-4.621500e-03, 3.802500e-03, 1.000000
-4.504500e-03, 3.802500e-03, 1.000000
-4.387500e-03, 3.802500e-03, 0.856822
-4.270500e-03, 3.802500e-03, 0.905607
-4.153500e-03, 3.802500e-03, 1.000000
-4.036500e-03, 3.802500e-03, 1.000000
-3.919500e-03, 3.802500e-03, 0.341942
-3.802500e-03, 3.802500e-03, 0.809216
-3.685500e-03, 3.802500e-03, 0.796901
-3.568500e-03, 3.802500e-03, 0.832938
-3.451500e-03, 3.802500e-03, 1.000000
-3.334500e-03, 3.802500e-03, 0.901734
-3.217500e-03, 3.802500e-03, 0.103687
-3.100500e-03, 3.802500e-03, 0.001670
-2.983500e-03, 3.802500e-03, 0.432992
-2.866500e-03, 3.802500e-03, 0.749919
-2.749500e-03, 3.802500e-03, 0.088025
-2.632500e-03, 3.802500e-03, 0.000000
-2.515500e-03, 3.802500e-03, 0.000000
-2.398500e-03, 3.802500e-03, 0.000000
-2.281500e-03, 3.802500e-03, 0.000000
-2.164500e-03, 3.802500e-03, 0.000000
-2.047500e-03, 3.802500e-03, 0.000000
-1.930500e-03, 3.802500e-03, 0.000000
-1.813500e-03, 3.802500e-03, 0.000000
-1.696500e-03, 3.802500e-03, 0.000000
-1.579500e-03, 3.802500e-03, 0.000000
-1.462500e-03, 3.802500e-03, 0.191282
-1.345500e-03, 3.802500e-03, 1.000000
-1.228500e-03, 3.802500e-03, 1.000000
-1.111500e-03, 3.802500e-03, 1.000000
-9.945000e-04, 3.802500e-03, 1.000000
-8.775000e-04, 3.802500e-03, 0.876680
-7.605000e-04, 3.802500e-03, 0.807275
-6.435000e-04, 3.802500e-03, 0.606998
-5.265000e-04, 3.802500e-03, 0.014702
-4.095000e-04, 3.802500e-03, 0.000000
-2.925000e-04, 3.802500e-03, 0.120156
-1.755000e-04, 3.802500e-03, 0.508422
-5.850000e-05, 3.802500e-03, 0.459710
5.850000e-05, 3.802500e-03, 0.805891
1.755000e-04, 3.802500e-03, 0.051993
2.925000e-04, 3.802500e-03, 0.919915
4.095000e-04, 3.802500e-03, 0.995973
5.265000e-04, 3.802500e-03, 0.458691
6.435000e-04, 3.802500e-03, 0.221496
7.605000e-04, 3.802500e-03, 0.221496
8.775000e-04, 3.802500e-03, 0.221496
9.945000e-04, 3.802500e-03, 0.221496
1.111500e-03, 3.802500e-03, 0.221496
1.228500e-03, 3.802500e-03, 0.204177
1.345500e-03, 3.802500e-03, 0.000626
1.462500e-03, 3.802500e-03, 0.000000
1.579500e-03, 3.802500e-03, 0.000000
1.696500e-03, 3.802500e-03, 0.000000
1.813500e-03, 3.802500e-03, 0.000000
1.930500e-03, 3.802500e-03, 0.000000
2.047500e-03, 3.802500e-03, 0.000000
2.164500e-03, 3.802500e-03, 0.000000
2.281500e-03, 3.802500e-03, 0.000000
2.398500e-03, 3.802500e-03, 0.000000
2.515500e-03, 3.802500e-03, 0.000000
2.632500e-03, 3.802500e-03, 0.000000
2.749500e-03, 3.802500e-03, 0.000000
2.866500e-03, 3.802500e-03, 0.000000
2.983500e-03, 3.802500e-03, 0.000000
3.100500e-03, 3.802500e-03, 0.005454
3.217500e-03, 3.802500e-03, 0.598990
3.334500e-03, 3.802500e-03, 1.000000
3.451500e-03, 3.802500e-03, 1.000000
3.568500e-03, 3.802500e-03, 0.846608
3.685500e-03, 3.802500e-03, 0.754017
3.802500e-03, 3.802500e-03, 0.754017
3.919500e-03, 3.802500e-03, 0.754017
4.036500e-03, 3.802500e-03, 0.819360
4.153500e-03, 3.802500e-03, 1.000000
4.270500e-03, 3.802500e-03, 1.000000
4.387500e-03, 3.802500e-03, 1.000000
4.504500e-03, 3.802500e-03, 1.000000
4.621500e-03, 3.802500e-03, 0.563197
4.738500e-03, 3.802500e-03, 0.233333
4.855500e-03, 3.802500e-03, 0.233333
4.972500e-03, 3.802500e-03, 0.112618
5.089500e-03, 3.802500e-03, 0.000000
5.206500e-03, 3.802500e-03, 0.000000
5.323500e-03, 3.802500e-03, 0.612324
5.440500e-03, 3.802500e-03, 0.758127
5.557500e-03, 3.802500e-03, 0.000000
5.674500e-03, 3.802500e-03, 0.000000
5.791500e-03, 3.802500e-03, 0.000000
-5.791500e-03, 3.919500e-03, 0.000000
-5.674500e-03, 3.919500e-03, 0.661267
-5.557500e-03, 3.919500e-03, 0.997331
-5.440500e-03, 3.919500e-03, 0.747059
-5.323500e-03, 3.919500e-03, 0.996050
-5.206500e-03, 3.919500e-03, 0.969842
-5.089500e-03, 3.919500e-03, 0.996050
-4.972500e-03, 3.919500e-03, 0.996050
-4.855500e-03, 3.919500e-03, 0.983956
-4.738500e-03, 3.919500e-03, 0.985886
-4.621500e-03, 3.919500e-03, 0.996050
-4.504500e-03, 3.919500e-03, 0.894221
-4.387500e-03, 3.919500e-03, 0.966044
-4.270500e-03, 3.919500e-03, 0.780518
-4.153500e-03, 3.919500e-03, 1.000000
-4.036500e-03, 3.919500e-03, 0.999837
-3.919500e-03, 3.919500e-03, 0.992426
-3.802500e-03, 3.919500e-03, 0.833472
-3.685500e-03, 3.919500e-03, 0.840450
-3.568500e-03, 3.919500e-03, 1.000000
-3.451500e-03, 3.919500e-03, 1.000000
-3.334500e-03, 3.919500e-03, 0.691945
-3.217500e-03, 3.919500e-03, 1.000000
-3.100500e-03, 3.919500e-03, 0.607975
-2.983500e-03, 3.919500e-03, 0.002297
-2.866500e-03, 3.919500e-03, 0.718586
-2.749500e-03, 3.919500e-03, 0.802855
-2.632500e-03, 3.919500e-03, 0.048852
-2.515500e-03, 3.919500e-03, 0.347569
-2.398500e-03, 3.919500e-03, 0.898781
-2.281500e-03, 3.919500e-03, 0.326240
-2.164500e-03, 3.919500e-03, 0.092861
-2.047500e-03, 3.919500e-03, 0.815027
-1.930500e-03, 3.919500e-03, 0.696510
-1.813500e-03, 3.919500e-03, 0.000166
-1.696500e-03, 3.919500e-03, 0.486745
-1.579500e-03, 3.919500e-03, 0.887062
-1.462500e-03, 3.919500e-03, 0.390065
-1.345500e-03, 3.919500e-03, 1.000000
-1.228500e-03, 3.919500e-03, 1.000000
-1.111500e-03, 3.919500e-03, 1.000000
-9.945000e-04, 3.919500e-03, 1.000000
-8.775000e-04, 3.919500e-03, 1.000000
-7.605000e-04, 3.919500e-03, 1.000000
-6.435000e-04, 3.919500e-03, 1.000000
-5.265000e-04, 3.919500e-03, 0.643523
-4.095000e-04, 3.919500e-03, 0.897051
-2.925000e-04, 3.919500e-03, 0.527594
-1.755000e-04, 3.919500e-03, 0.310646
-5.850000e-05, 3.919500e-03, 0.228348
5.850000e-05, 3.919500e-03, 0.618608
1.755000e-04, 3.919500e-03, 0.021285
2.925000e-04, 3.919500e-03, 0.919915
4.095000e-04, 3.919500e-03, 1.000000
5.265000e-04, 3.919500e-03, 1.000000
6.435000e-04, 3.919500e-03, 1.000000
7.605000e-04, 3.919500e-03, 1.000000
8.775000e-04, 3.919500e-03, 0.995380
9.945000e-04, 3.919500e-03, 1.000000
1.111500e-03, 3.919500e-03, 1.000000
1.228500e-03, 3.919500e-03, 1.000000
1.345500e-03, 3.919500e-03, 0.421942
1.462500e-03, 3.919500e-03, 0.000000
1.579500e-03, 3.919500e-03, 0.000000
1.696500e-03, 3.919500e-03, 0.000000
1.813500e-03, 3.919500e-03, 0.000166
1.930500e-03, 3.919500e-03, 0.696510
2.047500e-03, 3.919500e-03, 0.815027
2.164500e-03, 3.919500e-03, 0.060886
2.281500e-03, 3.919500e-03, 0.326240
2.398500e-03, 3.919500e-03, 0.898781
2.515500e-03, 3.919500e-03, 0.347569
2.632500e-03, 3.919500e-03, 0.048852
2.749500e-03, 3.919500e-03, 0.802855
2.866500e-03, 3.919500e-03, 0.718586
2.983500e-03, 3.919500e-03, 0.002297
3.100500e-03, 3.919500e-03, 0.000000
3.217500e-03, 3.919500e-03, 0.005454
3.334500e-03, 3.919500e-03, 0.552310
3.451500e-03, 3.919500e-03, 0.642083
3.568500e-03, 3.919500e-03, 0.032111
3.685500e-03, 3.919500e-03, 0.000000
3.802500e-03, 3.919500e-03, 0.000000
3.919500e-03, 3.919500e-03, 0.000000
4.036500e-03, 3.919500e-03, 0.010174
4.153500e-03, 3.919500e-03, 0.542321
4.270500e-03, 3.919500e-03, 0.694701
4.387500e-03, 3.919500e-03, 0.694701
4.504500e-03, 3.919500e-03, 0.484893
4.621500e-03, 3.919500e-03, 0.012402
4.738500e-03, 3.919500e-03, 0.750318
4.855500e-03, 3.919500e-03, 0.780716
4.972500e-03, 3.919500e-03, 0.030255
5.089500e-03, 3.919500e-03, 0.383509
5.206500e-03, 3.919500e-03, 0.897998
5.323500e-03, 3.919500e-03, 0.438270
5.440500e-03, 3.919500e-03, 0.335106
5.557500e-03, 3.919500e-03, 0.833462
5.674500e-03, 3.919500e-03, 0.656724
5.791500e-03, 3.919500e-03, 0.000000
-5.791500e-03, 4.036500e-03, 0.001091
-5.674500e-03, 4.036500e-03, 0.902718
-5.557500e-03, 4.036500e-03, 0.995096
-5.440500e-03, 4.036500e-03, 0.755753
-5.323500e-03, 4.036500e-03, 0.941569
-5.206500e-03, 4.036500e-03, 1.000000
-5.089500e-03, 4.036500e-03, 0.941569
-4.972500e-03, 4.036500e-03, 0.941569
-4.855500e-03, 4.036500e-03, 1.000000
-4.738500e-03, 4.036500e-03, 1.000000
-4.621500e-03, 4.036500e-03, 0.941569
-4.504500e-03, 4.036500e-03, 0.944193
-4.387500e-03, 4.036500e-03, 1.000000
-4.270500e-03, 4.036500e-03, 0.899034
-4.153500e-03, 4.036500e-03, 0.788344
-4.036500e-03, 4.036500e-03, 0.402592
-3.919500e-03, 4.036500e-03, 1.000000
-3.802500e-03, 4.036500e-03, 0.724442
-3.685500e-03, 4.036500e-03, 0.991902
-3.568500e-03, 4.036500e-03, 1.000000
-3.451500e-03, 4.036500e-03, 0.748672
-3.334500e-03, 4.036500e-03, 0.877301
-3.217500e-03, 4.036500e-03, 1.000000
-3.100500e-03, 4.036500e-03, 0.812208
-2.983500e-03, 4.036500e-03, 0.024966
-2.866500e-03, 4.036500e-03, 0.947218
-2.749500e-03, 4.036500e-03, 1.000000
-2.632500e-03, 4.036500e-03, 0.296150
-2.515500e-03, 4.036500e-03, 0.553381
-2.398500e-03, 4.036500e-03, 1.000000
-2.281500e-03, 4.036500e-03, 0.550431
-2.164500e-03, 4.036500e-03, 0.303043
-2.047500e-03, 4.036500e-03, 0.994484
-1.930500e-03, 4.036500e-03, 0.933351
-1.813500e-03, 4.036500e-03, 0.013192
-1.696500e-03, 4.036500e-03, 0.831253
-1.579500e-03, 4.036500e-03, 1.000000
-1.462500e-03, 4.036500e-03, 0.556629
-1.345500e-03, 4.036500e-03, 1.000000
-1.228500e-03, 4.036500e-03, 1.000000
-1.111500e-03, 4.036500e-03, 1.000000
-9.945000e-04, 4.036500e-03, 1.000000
-8.775000e-04, 4.036500e-03, 1.000000
-7.605000e-04, 4.036500e-03, 1.000000
-6.435000e-04, 4.036500e-03, 1.000000
-5.265000e-04, 4.036500e-03, 0.806066
-4.095000e-04, 4.036500e-03, 1.000000
-2.925000e-04, 4.036500e-03, 0.853142
-1.755000e-04, 4.036500e-03, 0.697797
-5.850000e-05, 4.036500e-03, 0.947404
5.850000e-05, 4.036500e-03, 0.989298
1.755000e-04, 4.036500e-03, 0.298909
2.925000e-04, 4.036500e-03, 0.919915
4.095000e-04, 4.036500e-03, 1.000000
5.265000e-04, 4.036500e-03, 1.000000
6.435000e-04, 4.036500e-03, 1.000000
7.605000e-04, 4.036500e-03, 1.000000
8.775000e-04, 4.036500e-03, 0.457830
9.945000e-04, 4.036500e-03, 0.701431
1.111500e-03, 4.036500e-03, 1.000000
1.228500e-03, 4.036500e-03, 1.000000
1.345500e-03, 4.036500e-03, 0.559060
1.462500e-03, 4.036500e-03, 0.000000
1.579500e-03, 4.036500e-03, 0.000000
1.696500e-03, 4.036500e-03, 0.000000
1.813500e-03, 4.036500e-03, 0.013192
1.930500e-03, 4.036500e-03, 0.933351
2.047500e-03, 4.036500e-03, 1.000000
2.164500e-03, 4.036500e-03, 0.243126
2.281500e-03, 4.036500e-03, 0.528321
2.398500e-03, 4.036500e-03, 1.000000
2.515500e-03, 4.036500e-03, 0.553962
2.632500e-03, 4.036500e-03, 0.217485
2.749500e-03, 4.036500e-03, 1.000000
2.866500e-03, 4.036500e-03, 0.947218
2.983500e-03, 4.036500e-03, 0.024966
3.100500e-03, 4.036500e-03, 0.000000
3.217500e-03, 4.036500e-03, 0.000000
3.334500e-03, 4.036500e-03, 0.000000
3.451500e-03, 4.036500e-03, 0.000000
3.568500e-03, 4.036500e-03, 0.000000
3.685500e-03, 4.036500e-03, 0.000000
3.802500e-03, 4.036500e-03, 0.000000
3.919500e-03, 4.036500e-03, 0.000000
4.036500e-03, 4.036500e-03, 0.000000
4.153500e-03, 4.036500e-03, 0.000000
4.270500e-03, 4.036500e-03, 0.000000
4.387500e-03, 4.036500e-03, 0.000000
4.504500e-03, 4.036500e-03, 0.000000
4.621500e-03, 4.036500e-03, 0.050041
4.738500e-03, 4.036500e-03, 0.964878
4.855500e-03, 4.036500e-03, 0.977920
4.972500e-03, 4.036500e-03, 0.088281
5.089500e-03, 4.036500e-03, 0.596116
5.206500e-03, 4.036500e-03, 1.000000
5.323500e-03, 4.036500e-03, 0.485005
5.440500e-03, 4.036500e-03, 0.182216
5.557500e-03, 4.036500e-03, 0.995096
5.674500e-03, 4.036500e-03, 0.902718
5.791500e-03, 4.036500e-03, 0.001091
-5.791500e-03, 4.153500e-03, 0.000000
-5.674500e-03, 4.153500e-03, 0.125939
-5.557500e-03, 4.153500e-03, 0.214433
-5.440500e-03, 4.153500e-03, 0.883692
-5.323500e-03, 4.153500e-03, 1.000000
-5.206500e-03, 4.153500e-03, 0.937619
-5.089500e-03, 4.153500e-03, 1.000000
-4.972500e-03, 4.153500e-03, 1.000000
-4.855500e-03, 4.153500e-03, 0.963571
-4.738500e-03, 4.153500e-03, 0.974048
-4.621500e-03, 4.153500e-03, 1.000000
-4.504500e-03, 4.153500e-03, 0.940725
-4.387500e-03, 4.153500e-03, 0.909729
-4.270500e-03, 4.153500e-03, 0.980821
-4.153500e-03, 4.153500e-03, 0.989932
-4.036500e-03, 4.153500e-03, 0.884180
-3.919500e-03, 4.153500e-03, 0.904991
-3.802500e-03, 4.153500e-03, 0.159103
-3.685500e-03, 4.153500e-03, 0.331584
-3.568500e-03, 4.153500e-03, 0.492198
-3.451500e-03, 4.153500e-03, 0.132838
-3.334500e-03, 4.153500e-03, 0.929960
-3.217500e-03, 4.153500e-03, 0.875384
-3.100500e-03, 4.153500e-03, 0.125385
-2.983500e-03, 4.153500e-03, 0.000000
-2.866500e-03, 4.153500e-03, 0.147436
-2.749500e-03, 4.153500e-03, 0.310947
-2.632500e-03, 4.153500e-03, 0.709067
-2.515500e-03, 4.153500e-03, 0.595871
-2.398500e-03, 4.153500e-03, 0.478154
-2.281500e-03, 4.153500e-03, 0.147551
-2.164500e-03, 4.153500e-03, 0.000000
-2.047500e-03, 4.153500e-03, 0.201144
-1.930500e-03, 4.153500e-03, 0.183705
-1.813500e-03, 4.153500e-03, 0.760420
-1.696500e-03, 4.153500e-03, 0.623376
-1.579500e-03, 4.153500e-03, 0.277601
-1.462500e-03, 4.153500e-03, 0.195243
-1.345500e-03, 4.153500e-03, 1.000000
-1.228500e-03, 4.153500e-03, 1.000000
-1.111500e-03, 4.153500e-03, 1.000000
-9.945000e-04, 4.153500e-03, 1.000000
-8.775000e-04, 4.153500e-03, 0.967819
-7.605000e-04, 4.153500e-03, 0.791389
-6.435000e-04, 4.153500e-03, 1.000000
-5.265000e-04, 4.153500e-03, 0.916062
-4.095000e-04, 4.153500e-03, 0.813490
-2.925000e-04, 4.153500e-03, 0.765985
-1.755000e-04, 4.153500e-03, 0.747779
-5.850000e-05, 4.153500e-03, 0.768996
5.850000e-05, 4.153500e-03, 0.757513
1.755000e-04, 4.153500e-03, 0.265771
2.925000e-04, 4.153500e-03, 0.909556
4.095000e-04, 4.153500e-03, 1.000000
5.265000e-04, 4.153500e-03, 1.000000
6.435000e-04, 4.153500e-03, 1.000000
7.605000e-04, 4.153500e-03, 1.000000
8.775000e-04, 4.153500e-03, 0.925777
9.945000e-04, 4.153500e-03, 0.984466
1.111500e-03, 4.153500e-03, 1.000000
1.228500e-03, 4.153500e-03, 1.000000
1.345500e-03, 4.153500e-03, 0.559060
1.462500e-03, 4.153500e-03, 0.000000
1.579500e-03, 4.153500e-03, 0.000000
1.696500e-03, 4.153500e-03, 0.000000
1.813500e-03, 4.153500e-03, 0.000000
1.930500e-03, 4.153500e-03, 0.139228
2.047500e-03, 4.153500e-03, 0.340696
2.164500e-03, 4.153500e-03, 0.264893
2.281500e-03, 4.153500e-03, 0.047107
2.398500e-03, 4.153500e-03, 0.619572
2.515500e-03, 4.153500e-03, 0.055801
2.632500e-03, 4.153500e-03, 0.285766
2.749500e-03, 4.153500e-03, 0.341254
2.866500e-03, 4.153500e-03, 0.147436
2.983500e-03, 4.153500e-03, 0.000000
3.100500e-03, 4.153500e-03, 0.000000
3.217500e-03, 4.153500e-03, 0.000000
3.334500e-03, 4.153500e-03, 0.000000
3.451500e-03, 4.153500e-03, 0.000000
3.568500e-03, 4.153500e-03, 0.000000
3.685500e-03, 4.153500e-03, 0.000000
3.802500e-03, 4.153500e-03, 0.000000
3.919500e-03, 4.153500e-03, 0.000000
4.036500e-03, 4.153500e-03, 0.000000
4.153500e-03, 4.153500e-03, 0.000000
4.270500e-03, 4.153500e-03, 0.000000
4.387500e-03, 4.153500e-03, 0.000000
4.504500e-03, 4.153500e-03, 0.000000
4.621500e-03, 4.153500e-03, 0.000000
4.738500e-03, 4.153500e-03, 0.161508
4.855500e-03, 4.153500e-03, 0.178864
4.972500e-03, 4.153500e-03, 0.000000
5.089500e-03, 4.153500e-03, 0.044703
5.206500e-03, 4.153500e-03, 0.274066
5.323500e-03, 4.153500e-03, 0.021603
5.440500e-03, 4.153500e-03, 0.000000
5.557500e-03, 4.153500e-03, 0.214433
5.674500e-03, 4.153500e-03, 0.125939
5.791500e-03, 4.153500e-03, 0.000000
-5.791500e-03, 4.270500e-03, 0.000000
-5.674500e-03, 4.270500e-03, 0.275688
-5.557500e-03, 4.270500e-03, 0.415329
-5.440500e-03, 4.270500e-03, 0.866317
-5.323500e-03, 4.270500e-03, 1.000000
-5.206500e-03, 4.270500e-03, 0.937619
-5.089500e-03, 4.270500e-03, 1.000000
-4.972500e-03, 4.270500e-03, 1.000000
-4.855500e-03, 4.270500e-03, 1.000000
-4.738500e-03, 4.270500e-03, 1.000000
-4.621500e-03, 4.270500e-03, 1.000000
-4.504500e-03, 4.270500e-03, 1.000000
-4.387500e-03, 4.270500e-03, 0.937619
-4.270500e-03, 4.270500e-03, 1.000000
-4.153500e-03, 4.270500e-03, 0.858592
-4.036500e-03, 4.270500e-03, 0.751575
-3.919500e-03, 4.270500e-03, 0.369392
-3.802500e-03, 4.270500e-03, 0.000000
-3.685500e-03, 4.270500e-03, 0.228889
-3.568500e-03, 4.270500e-03, 0.447062
-3.451500e-03, 4.270500e-03, 0.020023
-3.334500e-03, 4.270500e-03, 0.088847
-3.217500e-03, 4.270500e-03, 0.501879
-3.100500e-03, 4.270500e-03, 0.172753
-2.983500e-03, 4.270500e-03, 0.000000
-2.866500e-03, 4.270500e-03, 0.311211
-2.749500e-03, 4.270500e-03, 0.384052
-2.632500e-03, 4.270500e-03, 0.153126
-2.515500e-03, 4.270500e-03, 0.800258
-2.398500e-03, 4.270500e-03, 0.086226
-2.281500e-03, 4.270500e-03, 0.248980
-2.164500e-03, 4.270500e-03, 0.631996
-2.047500e-03, 4.270500e-03, 0.452954
-1.930500e-03, 4.270500e-03, 0.323219
-1.813500e-03, 4.270500e-03, 0.585763
-1.696500e-03, 4.270500e-03, 0.305667
-1.579500e-03, 4.270500e-03, 0.468259
-1.462500e-03, 4.270500e-03, 0.234539
-1.345500e-03, 4.270500e-03, 1.000000
-1.228500e-03, 4.270500e-03, 1.000000
-1.111500e-03, 4.270500e-03, 1.000000
-9.945000e-04, 4.270500e-03, 1.000000
-8.775000e-04, 4.270500e-03, 0.832574
-7.605000e-04, 4.270500e-03, 0.473101
-6.435000e-04, 4.270500e-03, 1.000000
-5.265000e-04, 4.270500e-03, 0.991379
-4.095000e-04, 4.270500e-03, 0.918452
-2.925000e-04, 4.270500e-03, 0.916046
-1.755000e-04, 4.270500e-03, 0.841009
-5.850000e-05, 4.270500e-03, 0.900951
5.850000e-05, 4.270500e-03, 0.886038
1.755000e-04, 4.270500e-03, 0.958197
2.925000e-04, 4.270500e-03, 0.543101
4.095000e-04, 4.270500e-03, 0.803794
5.265000e-04, 4.270500e-03, 0.867194
6.435000e-04, 4.270500e-03, 0.974989
7.605000e-04, 4.270500e-03, 0.910872
8.775000e-04, 4.270500e-03, 0.888329
9.945000e-04, 4.270500e-03, 1.000000
1.111500e-03, 4.270500e-03, 1.000000
1.228500e-03, 4.270500e-03, 1.000000
1.345500e-03, 4.270500e-03, 0.559060
1.462500e-03, 4.270500e-03, 0.000000
1.579500e-03, 4.270500e-03, 0.000000
1.696500e-03, 4.270500e-03, 0.000000
1.813500e-03, 4.270500e-03, 0.000000
1.930500e-03, 4.270500e-03, 0.308605
2.047500e-03, 4.270500e-03, 0.396224
2.164500e-03, 4.270500e-03, 0.215683
2.281500e-03, 4.270500e-03, 0.000000
2.398500e-03, 4.270500e-03, 0.213675
2.515500e-03, 4.270500e-03, 0.250480
2.632500e-03, 4.270500e-03, 0.037364
2.749500e-03, 4.270500e-03, 0.384052
2.866500e-03, 4.270500e-03, 0.311211
2.983500e-03, 4.270500e-03, 0.000000
3.100500e-03, 4.270500e-03, 0.172753
3.217500e-03, 4.270500e-03, 0.472095
3.334500e-03, 4.270500e-03, 0.051127
3.451500e-03, 4.270500e-03, 0.020023
3.568500e-03, 4.270500e-03, 0.447062
3.685500e-03, 4.270500e-03, 0.228889
3.802500e-03, 4.270500e-03, 0.000000
3.919500e-03, 4.270500e-03, 0.249868
4.036500e-03, 4.270500e-03, 0.433723
4.153500e-03, 4.270500e-03, 0.012384
4.270500e-03, 4.270500e-03, 0.065706
4.387500e-03, 4.270500e-03, 0.476635
4.504500e-03, 4.270500e-03, 0.153634
4.621500e-03, 4.270500e-03, 0.000000
4.738500e-03, 4.270500e-03, 0.334050
4.855500e-03, 4.270500e-03, 0.361925
4.972500e-03, 4.270500e-03, 0.000000
5.089500e-03, 4.270500e-03, 0.131337
5.206500e-03, 4.270500e-03, 0.479194
5.323500e-03, 4.270500e-03, 0.085444
5.440500e-03, 4.270500e-03, 0.005628
5.557500e-03, 4.270500e-03, 0.414658
5.674500e-03, 4.270500e-03, 0.275688
5.791500e-03, 4.270500e-03, 0.000000
-5.791500e-03, 4.387500e-03, 0.001091
-5.674500e-03, 4.387500e-03, 0.945630
-5.557500e-03, 4.387500e-03, 1.000000
-5.440500e-03, 4.387500e-03, 0.801991
-5.323500e-03, 4.387500e-03, 0.937619
-5.206500e-03, 4.387500e-03, 1.000000
-5.089500e-03, 4.387500e-03, 0.937619
-4.972500e-03, 4.387500e-03, 1.000000
-4.855500e-03, 4.387500e-03, 0.654306
-4.738500e-03, 4.387500e-03, 0.602846
-4.621500e-03, 4.387500e-03, 1.000000
-4.504500e-03, 4.387500e-03, 0.937619
-4.387500e-03, 4.387500e-03, 1.000000
-4.270500e-03, 4.387500e-03, 0.937619
-4.153500e-03, 4.387500e-03, 0.777974
-4.036500e-03, 4.387500e-03, 1.000000
-3.919500e-03, 4.387500e-03, 0.895439
-3.802500e-03, 4.387500e-03, 0.000000
-3.685500e-03, 4.387500e-03, 0.852704
-3.568500e-03, 4.387500e-03, 1.000000
-3.451500e-03, 4.387500e-03, 0.314242
-3.334500e-03, 4.387500e-03, 0.433900
-3.217500e-03, 4.387500e-03, 1.000000
-3.100500e-03, 4.387500e-03, 0.733046
-2.983500e-03, 4.387500e-03, 0.027263
-2.866500e-03, 4.387500e-03, 0.987834
-2.749500e-03, 4.387500e-03, 1.000000
-2.632500e-03, 4.387500e-03, 0.825751
-2.515500e-03, 4.387500e-03, 0.000000
-2.398500e-03, 4.387500e-03, 0.000000
-2.281500e-03, 4.387500e-03, 0.252744
-2.164500e-03, 4.387500e-03, 0.839918
-2.047500e-03, 4.387500e-03, 1.000000
-1.930500e-03, 4.387500e-03, 0.976097
-1.813500e-03, 4.387500e-03, 0.013359
-1.696500e-03, 4.387500e-03, 0.758687
-1.579500e-03, 4.387500e-03, 1.000000
-1.462500e-03, 4.387500e-03, 0.599541
-1.345500e-03, 4.387500e-03, 1.000000
-1.228500e-03, 4.387500e-03, 1.000000
-1.111500e-03, 4.387500e-03, 0.954004
-9.945000e-04, 4.387500e-03, 1.000000
-8.775000e-04, 4.387500e-03, 1.000000
-7.605000e-04, 4.387500e-03, 1.000000
-6.435000e-04, 4.387500e-03, 1.000000
-5.265000e-04, 4.387500e-03, 0.906962
-4.095000e-04, 4.387500e-03, 1.000000
-2.925000e-04, 4.387500e-03, 0.780116
-1.755000e-04, 4.387500e-03, 0.773510
-5.850000e-05, 4.387500e-03, 1.000000
5.850000e-05, 4.387500e-03, 1.000000
1.755000e-04, 4.387500e-03, 0.887172
2.925000e-04, 4.387500e-03, 0.753347
4.095000e-04, 4.387500e-03, 1.000000
5.265000e-04, 4.387500e-03, 0.804489
6.435000e-04, 4.387500e-03, 0.918486
7.605000e-04, 4.387500e-03, 1.000000
8.775000e-04, 4.387500e-03, 0.970974
9.945000e-04, 4.387500e-03, 0.922683
1.111500e-03, 4.387500e-03, 1.000000
1.228500e-03, 4.387500e-03, 1.000000
1.345500e-03, 4.387500e-03, 0.559060
1.462500e-03, 4.387500e-03, 0.000000
1.579500e-03, 4.387500e-03, 0.000000
1.696500e-03, 4.387500e-03, 0.179789
1.813500e-03, 4.387500e-03, 0.388923
1.930500e-03, 4.387500e-03, 0.997614
2.047500e-03, 4.387500e-03, 1.000000
2.164500e-03, 4.387500e-03, 0.391165
2.281500e-03, 4.387500e-03, 0.000000
2.398500e-03, 4.387500e-03, 0.213675
2.515500e-03, 4.387500e-03, 0.213675
2.632500e-03, 4.387500e-03, 0.172551
2.749500e-03, 4.387500e-03, 1.000000
2.866500e-03, 4.387500e-03, 0.987834
2.983500e-03, 4.387500e-03, 0.027263
3.100500e-03, 4.387500e-03, 0.733046
3.217500e-03, 4.387500e-03, 1.000000
3.334500e-03, 4.387500e-03, 0.454610
3.451500e-03, 4.387500e-03, 0.334951
3.568500e-03, 4.387500e-03, 1.000000
3.685500e-03, 4.387500e-03, 0.852704
3.802500e-03, 4.387500e-03, 0.000000
3.919500e-03, 4.387500e-03, 0.895439
4.036500e-03, 4.387500e-03, 1.000000
4.153500e-03, 4.387500e-03, 0.271507
4.270500e-03, 4.387500e-03, 0.482718
4.387500e-03, 4.387500e-03, 1.000000
4.504500e-03, 4.387500e-03, 0.690310
4.621500e-03, 4.387500e-03, 0.072362
4.738500e-03, 4.387500e-03, 0.997465
4.855500e-03, 4.387500e-03, 0.999987
4.972500e-03, 4.387500e-03, 0.109126
5.089500e-03, 4.387500e-03, 0.639028
5.206500e-03, 4.387500e-03, 1.000000
5.323500e-03, 4.387500e-03, 0.527917
5.440500e-03, 4.387500e-03, 0.220225
5.557500e-03, 4.387500e-03, 1.000000
5.674500e-03, 4.387500e-03, 0.945630
5.791500e-03, 4.387500e-03, 0.001091
-5.791500e-03, 4.504500e-03, 0.000016
-5.674500e-03, 4.504500e-03, 0.512346
-5.557500e-03, 4.504500e-03, 0.788467
-5.440500e-03, 4.504500e-03, 0.890806
-5.323500e-03, 4.504500e-03, 1.000000
-5.206500e-03, 4.504500e-03, 0.937619
-5.089500e-03, 4.504500e-03, 1.000000
-4.972500e-03, 4.504500e-03, 1.000000
-4.855500e-03, 4.504500e-03, 0.915801
-4.738500e-03, 4.504500e-03, 0.891932
-4.621500e-03, 4.504500e-03, 1.000000
-4.504500e-03, 4.504500e-03, 1.000000
-4.387500e-03, 4.504500e-03, 0.937619
-4.270500e-03, 4.504500e-03, 1.000000
-4.153500e-03, 4.504500e-03, 0.507834
-4.036500e-03, 4.504500e-03, 0.647398
-3.919500e-03, 4.504500e-03, 0.427284
-3.802500e-03, 4.504500e-03, 0.000000
-3.685500e-03, 4.504500e-03, 0.397173
-3.568500e-03, 4.504500e-03, 0.660738
-3.451500e-03, 4.504500e-03, 0.073251
-3.334500e-03, 4.504500e-03, 0.129924
-3.217500e-03, 4.504500e-03, 0.685770
-3.100500e-03, 4.504500e-03, 0.315469
-2.983500e-03, 4.504500e-03, 0.000000
-2.866500e-03, 4.504500e-03, 0.514195
-2.749500e-03, 4.504500e-03, 0.609118
-2.632500e-03, 4.504500e-03, 0.326344
-2.515500e-03, 4.504500e-03, 0.000000
-2.398500e-03, 4.504500e-03, 0.000000
-2.281500e-03, 4.504500e-03, 0.000000
-2.164500e-03, 4.504500e-03, 0.029026
-2.047500e-03, 4.504500e-03, 0.609899
-1.930500e-03, 4.504500e-03, 0.495248
-1.813500e-03, 4.504500e-03, 0.000000
-1.696500e-03, 4.504500e-03, 0.539419
-1.579500e-03, 4.504500e-03, 0.972429
-1.462500e-03, 4.504500e-03, 0.307856
-1.345500e-03, 4.504500e-03, 1.000000
-1.228500e-03, 4.504500e-03, 0.928467
-1.111500e-03, 4.504500e-03, 0.215874
-9.945000e-04, 4.504500e-03, 0.989979
-8.775000e-04, 4.504500e-03, 1.000000
-7.605000e-04, 4.504500e-03, 1.000000
-6.435000e-04, 4.504500e-03, 1.000000
-5.265000e-04, 4.504500e-03, 0.997035
-4.095000e-04, 4.504500e-03, 0.912206
-2.925000e-04, 4.504500e-03, 0.866605
-1.755000e-04, 4.504500e-03, 0.747384
-5.850000e-05, 4.504500e-03, 0.887487
5.850000e-05, 4.504500e-03, 0.884290
1.755000e-04, 4.504500e-03, 0.951192
2.925000e-04, 4.504500e-03, 0.855388
4.095000e-04, 4.504500e-03, 0.859474
5.265000e-04, 4.504500e-03, 0.543639
6.435000e-04, 4.504500e-03, 0.940239
7.605000e-04, 4.504500e-03, 0.876918
8.775000e-04, 4.504500e-03, 0.999380
9.945000e-04, 4.504500e-03, 0.729792
1.111500e-03, 4.504500e-03, 1.000000
1.228500e-03, 4.504500e-03, 1.000000
1.345500e-03, 4.504500e-03, 0.565726
1.462500e-03, 4.504500e-03, 0.186624
1.579500e-03, 4.504500e-03, 0.384190
1.696500e-03, 4.504500e-03, 0.096776
1.813500e-03, 4.504500e-03, 0.010455
1.930500e-03, 4.504500e-03, 0.519894
2.047500e-03, 4.504500e-03, 0.674589
2.164500e-03, 4.504500e-03, 0.244000
2.281500e-03, 4.504500e-03, 0.000000
2.398500e-03, 4.504500e-03, 0.213675
2.515500e-03, 4.504500e-03, 0.213675
2.632500e-03, 4.504500e-03, 0.252765
2.749500e-03, 4.504500e-03, 0.760057
2.866500e-03, 4.504500e-03, 0.514195
2.983500e-03, 4.504500e-03, 0.000000
3.100500e-03, 4.504500e-03, 0.315469
3.217500e-03, 4.504500e-03, 0.744232
3.334500e-03, 4.504500e-03, 0.467324
3.451500e-03, 4.504500e-03, 0.376302
3.568500e-03, 4.504500e-03, 0.753549
3.685500e-03, 4.504500e-03, 0.397173
3.802500e-03, 4.504500e-03, 0.000000
3.919500e-03, 4.504500e-03, 0.631724
4.036500e-03, 4.504500e-03, 0.741763
4.153500e-03, 4.504500e-03, 0.056481
4.270500e-03, 4.504500e-03, 0.414106
4.387500e-03, 4.504500e-03, 0.808768
4.504500e-03, 4.504500e-03, 0.287218
4.621500e-03, 4.504500e-03, 0.498817
4.738500e-03, 4.504500e-03, 0.981179
4.855500e-03, 4.504500e-03, 0.579437
4.972500e-03, 4.504500e-03, 0.009410
5.089500e-03, 4.504500e-03, 0.257254
5.206500e-03, 4.504500e-03, 0.796067
5.323500e-03, 4.504500e-03, 0.184329
5.440500e-03, 4.504500e-03, 0.038767
5.557500e-03, 4.504500e-03, 0.628333
5.674500e-03, 4.504500e-03, 0.464061
5.791500e-03, 4.504500e-03, 0.000000
-5.791500e-03, 4.621500e-03, 0.135547
-5.674500e-03, 4.621500e-03, 1.000000
-5.557500e-03, 4.621500e-03, 1.000000
-5.440500e-03, 4.621500e-03, 1.000000
-5.323500e-03, 4.621500e-03, 1.000000
-5.206500e-03, 4.621500e-03, 0.937619
-5.089500e-03, 4.621500e-03, 1.000000
-4.972500e-03, 4.621500e-03, 1.000000
-4.855500e-03, 4.621500e-03, 0.963571
-4.738500e-03, 4.621500e-03, 0.974048
-4.621500e-03, 4.621500e-03, 1.000000
-4.504500e-03, 4.621500e-03, 0.995285
-4.387500e-03, 4.621500e-03, 0.801824
-4.270500e-03, 4.621500e-03, 1.000000
-4.153500e-03, 4.621500e-03, 0.537127
-4.036500e-03, 4.621500e-03, 0.419177
-3.919500e-03, 4.621500e-03, 0.011301
-3.802500e-03, 4.621500e-03, 0.000000
-3.685500e-03, 4.621500e-03, 0.000000
-3.568500e-03, 4.621500e-03, 0.000000
-3.451500e-03, 4.621500e-03, 0.000000
-3.334500e-03, 4.621500e-03, 0.000000
-3.217500e-03, 4.621500e-03, 0.059146
-3.100500e-03, 4.621500e-03, 0.002196
-2.983500e-03, 4.621500e-03, 0.000000
-2.866500e-03, 4.621500e-03, 0.022531
-2.749500e-03, 4.621500e-03, 0.038811
-2.632500e-03, 4.621500e-03, 0.000000
-2.515500e-03, 4.621500e-03, 0.000000
-2.398500e-03, 4.621500e-03, 0.000000
-2.281500e-03, 4.621500e-03, 0.000000
-2.164500e-03, 4.621500e-03, 0.000000
-2.047500e-03, 4.621500e-03, 0.000000
-1.930500e-03, 4.621500e-03, 0.000000
-1.813500e-03, 4.621500e-03, 0.000000
-1.696500e-03, 4.621500e-03, 0.189465
-1.579500e-03, 4.621500e-03, 0.494432
-1.462500e-03, 4.621500e-03, 0.191282
-1.345500e-03, 4.621500e-03, 1.000000
-1.228500e-03, 4.621500e-03, 1.000000
-1.111500e-03, 4.621500e-03, 0.976561
-9.945000e-04, 4.621500e-03, 1.000000
-8.775000e-04, 4.621500e-03, 1.000000
-7.605000e-04, 4.621500e-03, 1.000000
-6.435000e-04, 4.621500e-03, 1.000000
-5.265000e-04, 4.621500e-03, 1.000000
-4.095000e-04, 4.621500e-03, 0.939351
-2.925000e-04, 4.621500e-03, 0.959272
-1.755000e-04, 4.621500e-03, 1.000000
-5.850000e-05, 4.621500e-03, 0.983539
5.850000e-05, 4.621500e-03, 0.819531
1.755000e-04, 4.621500e-03, 0.886020
2.925000e-04, 4.621500e-03, 0.829346
4.095000e-04, 4.621500e-03, 0.799408
5.265000e-04, 4.621500e-03, 0.958197
6.435000e-04, 4.621500e-03, 0.559191
7.605000e-04, 4.621500e-03, 0.961751
8.775000e-04, 4.621500e-03, 0.701089
9.945000e-04, 4.621500e-03, 0.681546
1.111500e-03, 4.621500e-03, 0.980002
1.228500e-03, 4.621500e-03, 0.918063
1.345500e-03, 4.621500e-03, 0.947035
1.462500e-03, 4.621500e-03, 0.734207
1.579500e-03, 4.621500e-03, 0.638141
1.696500e-03, 4.621500e-03, 0.252630
1.813500e-03, 4.621500e-03, 0.213675
1.930500e-03, 4.621500e-03, 0.233477
2.047500e-03, 4.621500e-03, 0.239985
2.164500e-03, 4.621500e-03, 0.000000
2.281500e-03, 4.621500e-03, 0.000000
2.398500e-03, 4.621500e-03, 0.226033
2.515500e-03, 4.621500e-03, 0.213675
2.632500e-03, 4.621500e-03, 0.238894
2.749500e-03, 4.621500e-03, 0.000000
2.866500e-03, 4.621500e-03, 0.000000
2.983500e-03, 4.621500e-03, 0.000000
3.100500e-03, 4.621500e-03, 0.002196
3.217500e-03, 4.621500e-03, 0.059146
3.334500e-03, 4.621500e-03, 0.220609
3.451500e-03, 4.621500e-03, 0.220609
3.568500e-03, 4.621500e-03, 0.053122
3.685500e-03, 4.621500e-03, 0.008220
3.802500e-03, 4.621500e-03, 0.000000
3.919500e-03, 4.621500e-03, 0.443184
4.036500e-03, 4.621500e-03, 0.001330
4.153500e-03, 4.621500e-03, 0.018972
4.270500e-03, 4.621500e-03, 0.486232
4.387500e-03, 4.621500e-03, 0.060367
4.504500e-03, 4.621500e-03, 0.000975
4.621500e-03, 4.621500e-03, 0.352240
4.738500e-03, 4.621500e-03, 0.420693
4.855500e-03, 4.621500e-03, 0.033870
4.972500e-03, 4.621500e-03, 0.000000
5.089500e-03, 4.621500e-03, 0.000155
5.206500e-03, 4.621500e-03, 0.061187
5.323500e-03, 4.621500e-03, 0.000000
5.440500e-03, 4.621500e-03, 0.000000
5.557500e-03, 4.621500e-03, 0.000000
5.674500e-03, 4.621500e-03, 0.000000
5.791500e-03, 4.621500e-03, 0.000000
-5.791500e-03, 4.738500e-03, 0.145299
-5.674500e-03, 4.738500e-03, 1.000000
-5.557500e-03, 4.738500e-03, 1.000000
-5.440500e-03, 4.738500e-03, 1.000000
-5.323500e-03, 4.738500e-03, 0.974048
-5.206500e-03, 4.738500e-03, 1.000000
-5.089500e-03, 4.738500e-03, 0.974048
-4.972500e-03, 4.738500e-03, 0.974048
-4.855500e-03, 4.738500e-03, 1.000000
-4.738500e-03, 4.738500e-03, 1.000000
-4.621500e-03, 4.738500e-03, 0.974048
-4.504500e-03, 4.738500e-03, 0.981869
-4.387500e-03, 4.738500e-03, 0.998648
-4.270500e-03, 4.738500e-03, 0.998118
-4.153500e-03, 4.738500e-03, 0.749591
-4.036500e-03, 4.738500e-03, 1.000000
-3.919500e-03, 4.738500e-03, 0.750318
-3.802500e-03, 4.738500e-03, 0.000000
-3.685500e-03, 4.738500e-03, 0.000000
-3.568500e-03, 4.738500e-03, 0.658593
-3.451500e-03, 4.738500e-03, 0.285614
-3.334500e-03, 4.738500e-03, 0.294634
-3.217500e-03, 4.738500e-03, 0.994146
-3.100500e-03, 4.738500e-03, 0.587925
-2.983500e-03, 4.738500e-03, 0.011528
-2.866500e-03, 4.738500e-03, 0.858448
-2.749500e-03, 4.738500e-03, 0.926438
-2.632500e-03, 4.738500e-03, 0.080290
-2.515500e-03, 4.738500e-03, 0.018000
-2.398500e-03, 4.738500e-03, 0.328438
-2.281500e-03, 4.738500e-03, 0.014041
-2.164500e-03, 4.738500e-03, 0.000000
-2.047500e-03, 4.738500e-03, 0.368060
-1.930500e-03, 4.738500e-03, 0.254859
-1.813500e-03, 4.738500e-03, 0.000000
-1.696500e-03, 4.738500e-03, 0.613566
-1.579500e-03, 4.738500e-03, 0.991278
-1.462500e-03, 4.738500e-03, 0.463143
-1.345500e-03, 4.738500e-03, 1.000000
-1.228500e-03, 4.738500e-03, 1.000000
-1.111500e-03, 4.738500e-03, 1.000000
-9.945000e-04, 4.738500e-03, 1.000000
-8.775000e-04, 4.738500e-03, 1.000000
-7.605000e-04, 4.738500e-03, 0.587749
-6.435000e-04, 4.738500e-03, 0.927209
-5.265000e-04, 4.738500e-03, 1.000000
-4.095000e-04, 4.738500e-03, 0.551348
-2.925000e-04, 4.738500e-03, 0.617331
-1.755000e-04, 4.738500e-03, 0.976411
-5.850000e-05, 4.738500e-03, 0.911668
5.850000e-05, 4.738500e-03, 0.999322
1.755000e-04, 4.738500e-03, 0.681341
2.925000e-04, 4.738500e-03, 0.801606
4.095000e-04, 4.738500e-03, 0.998943
5.265000e-04, 4.738500e-03, 0.937930
6.435000e-04, 4.738500e-03, 0.583419
7.605000e-04, 4.738500e-03, 0.868028
8.775000e-04, 4.738500e-03, 0.805535
9.945000e-04, 4.738500e-03, 0.767279
1.111500e-03, 4.738500e-03, 0.867427
1.228500e-03, 4.738500e-03, 0.981047
1.345500e-03, 4.738500e-03, 0.946918
1.462500e-03, 4.738500e-03, 0.257508
1.579500e-03, 4.738500e-03, 0.313379
1.696500e-03, 4.738500e-03, 0.713025
1.813500e-03, 4.738500e-03, 0.390443
1.930500e-03, 4.738500e-03, 0.870551
2.047500e-03, 4.738500e-03, 0.935880
2.164500e-03, 4.738500e-03, 0.096489
2.281500e-03, 4.738500e-03, 0.190272
2.398500e-03, 4.738500e-03, 0.183143
2.515500e-03, 4.738500e-03, 0.188441
2.632500e-03, 4.738500e-03, 0.213675
2.749500e-03, 4.738500e-03, 0.000000
2.866500e-03, 4.738500e-03, 0.000000
2.983500e-03, 4.738500e-03, 0.000000
3.100500e-03, 4.738500e-03, 0.587925
3.217500e-03, 4.738500e-03, 0.994146
3.334500e-03, 4.738500e-03, 0.508309
3.451500e-03, 4.738500e-03, 0.407659
3.568500e-03, 4.738500e-03, 0.975137
3.685500e-03, 4.738500e-03, 0.707583
3.802500e-03, 4.738500e-03, 0.000000
3.919500e-03, 4.738500e-03, 0.443842
4.036500e-03, 4.738500e-03, 0.000000
4.153500e-03, 4.738500e-03, 0.407766
4.270500e-03, 4.738500e-03, 0.431487
4.387500e-03, 4.738500e-03, 0.997465
4.504500e-03, 4.738500e-03, 0.545190
4.621500e-03, 4.738500e-03, 0.027472
4.738500e-03, 4.738500e-03, 0.885239
4.855500e-03, 4.738500e-03, 0.909239
4.972500e-03, 4.738500e-03, 0.054754
5.089500e-03, 4.738500e-03, 0.493908
5.206500e-03, 4.738500e-03, 0.999204
5.323500e-03, 4.738500e-03, 0.383593
5.440500e-03, 4.738500e-03, 0.000000
5.557500e-03, 4.738500e-03, 0.000000
5.674500e-03, 4.738500e-03, 0.000000
5.791500e-03, 4.738500e-03, 0.000000
-5.791500e-03, 4.855500e-03, 0.145299
-5.674500e-03, 4.855500e-03, 1.000000
-5.557500e-03, 4.855500e-03, 0.558691
-5.440500e-03, 4.855500e-03, 0.739907
-5.323500e-03, 4.855500e-03, 0.963571
-5.206500e-03, 4.855500e-03, 1.000000
-5.089500e-03, 4.855500e-03, 0.963571
-4.972500e-03, 4.855500e-03, 0.963571
-4.855500e-03, 4.855500e-03, 1.000000
-4.738500e-03, 4.855500e-03, 1.000000
-4.621500e-03, 4.855500e-03, 0.963571
-4.504500e-03, 4.855500e-03, 0.944962
-4.387500e-03, 4.855500e-03, 1.000000
-4.270500e-03, 4.855500e-03, 0.929876
-4.153500e-03, 4.855500e-03, 0.616556
-4.036500e-03, 4.855500e-03, 0.977920
-3.919500e-03, 4.855500e-03, 0.780716
-3.802500e-03, 4.855500e-03, 0.000000
-3.685500e-03, 4.855500e-03, 0.002439
-3.568500e-03, 4.855500e-03, 0.841002
-3.451500e-03, 4.855500e-03, 0.215280
-3.334500e-03, 4.855500e-03, 0.320318
-3.217500e-03, 4.855500e-03, 0.998860
-3.100500e-03, 4.855500e-03, 0.618323
-2.983500e-03, 4.855500e-03, 0.015735
-2.866500e-03, 4.855500e-03, 0.884639
-2.749500e-03, 4.855500e-03, 0.945616
-2.632500e-03, 4.855500e-03, 0.091510
-2.515500e-03, 4.855500e-03, 0.164385
-2.398500e-03, 4.855500e-03, 0.989540
-2.281500e-03, 4.855500e-03, 0.144705
-2.164500e-03, 4.855500e-03, 0.000000
-2.047500e-03, 4.855500e-03, 0.681809
-1.930500e-03, 4.855500e-03, 0.489061
-1.813500e-03, 4.855500e-03, 0.000000
-1.696500e-03, 4.855500e-03, 0.643964
-1.579500e-03, 4.855500e-03, 0.997307
-1.462500e-03, 4.855500e-03, 0.564635
-1.345500e-03, 4.855500e-03, 1.000000
-1.228500e-03, 4.855500e-03, 1.000000
-1.111500e-03, 4.855500e-03, 1.000000
-9.945000e-04, 4.855500e-03, 1.000000
-8.775000e-04, 4.855500e-03, 1.000000
-7.605000e-04, 4.855500e-03, 0.613356
-6.435000e-04, 4.855500e-03, 0.936570
-5.265000e-04, 4.855500e-03, 1.000000
-4.095000e-04, 4.855500e-03, 0.997713
-2.925000e-04, 4.855500e-03, 0.999869
-1.755000e-04, 4.855500e-03, 0.908564
-5.850000e-05, 4.855500e-03, 0.975993
5.850000e-05, 4.855500e-03, 0.972613
1.755000e-04, 4.855500e-03, 0.707724
2.925000e-04, 4.855500e-03, 0.768881
4.095000e-04, 4.855500e-03, 1.000000
5.265000e-04, 4.855500e-03, 0.960472
6.435000e-04, 4.855500e-03, 0.653783
7.605000e-04, 4.855500e-03, 0.758528
8.775000e-04, 4.855500e-03, 0.791087
9.945000e-04, 4.855500e-03, 0.785929
1.111500e-03, 4.855500e-03, 0.876467
1.228500e-03, 4.855500e-03, 0.992050
1.345500e-03, 4.855500e-03, 0.917214
1.462500e-03, 4.855500e-03, 0.515281
1.579500e-03, 4.855500e-03, 0.732525
1.696500e-03, 4.855500e-03, 0.623830
1.813500e-03, 4.855500e-03, 0.365441
1.930500e-03, 4.855500e-03, 0.892376
2.047500e-03, 4.855500e-03, 0.953744
2.164500e-03, 4.855500e-03, 0.299295
2.281500e-03, 4.855500e-03, 0.183143
2.398500e-03, 4.855500e-03, 0.230950
2.515500e-03, 4.855500e-03, 0.000000
2.632500e-03, 4.855500e-03, 0.213675
2.749500e-03, 4.855500e-03, 0.000000
2.866500e-03, 4.855500e-03, 0.000000
2.983500e-03, 4.855500e-03, 0.000000
3.100500e-03, 4.855500e-03, 0.618323
3.217500e-03, 4.855500e-03, 1.000000
3.334500e-03, 4.855500e-03, 0.721576
3.451500e-03, 4.855500e-03, 0.470854
3.568500e-03, 4.855500e-03, 0.985988
3.685500e-03, 4.855500e-03, 0.854076
3.802500e-03, 4.855500e-03, 0.508655
3.919500e-03, 4.855500e-03, 0.568086
4.036500e-03, 4.855500e-03, 0.396847
4.153500e-03, 4.855500e-03, 0.410454
4.270500e-03, 4.855500e-03, 0.582228
4.387500e-03, 4.855500e-03, 1.000000
4.504500e-03, 4.855500e-03, 0.575588
4.621500e-03, 4.855500e-03, 0.033870
4.738500e-03, 4.855500e-03, 0.909239
4.855500e-03, 4.855500e-03, 0.930609
4.972500e-03, 4.855500e-03, 0.063782
5.089500e-03, 4.855500e-03, 0.524306
5.206500e-03, 4.855500e-03, 1.000000
5.323500e-03, 4.855500e-03, 0.413195
5.440500e-03, 4.855500e-03, 0.000000
5.557500e-03, 4.855500e-03, 0.000000
5.674500e-03, 4.855500e-03, 0.000000
5.791500e-03, 4.855500e-03, 0.000000
-5.791500e-03, 4.972500e-03, 0.145299
-5.674500e-03, 4.972500e-03, 1.000000
-5.557500e-03, 4.972500e-03, 0.836302
-5.440500e-03, 4.972500e-03, 0.929984
-5.323500e-03, 4.972500e-03, 1.000000
-5.206500e-03, 4.972500e-03, 0.937619
-5.089500e-03, 4.972500e-03, 1.000000
-4.972500e-03, 4.972500e-03, 1.000000
-4.855500e-03, 4.972500e-03, 0.963571
-4.738500e-03, 4.972500e-03, 0.974048
-4.621500e-03, 4.972500e-03, 1.000000
-4.504500e-03, 4.972500e-03, 0.999986
-4.387500e-03, 4.972500e-03, 0.926885
-4.270500e-03, 4.972500e-03, 1.000000
-4.153500e-03, 4.972500e-03, 0.437692
-4.036500e-03, 4.972500e-03, 0.088281
-3.919500e-03, 4.972500e-03, 0.030255
-3.802500e-03, 4.972500e-03, 0.000000
-3.685500e-03, 4.972500e-03, 0.105395
-3.568500e-03, 4.972500e-03, 0.590679
-3.451500e-03, 4.972500e-03, 0.000000
-3.334500e-03, 4.972500e-03, 0.000000
-3.217500e-03, 4.972500e-03, 0.105713
-3.100500e-03, 4.972500e-03, 0.012823
-2.983500e-03, 4.972500e-03, 0.000000
-2.866500e-03, 4.972500e-03, 0.047622
-2.749500e-03, 4.972500e-03, 0.070914
-2.632500e-03, 4.972500e-03, 0.000000
-2.515500e-03, 4.972500e-03, 0.000000
-2.398500e-03, 4.972500e-03, 0.686947
-2.281500e-03, 4.972500e-03, 0.000000
-2.164500e-03, 4.972500e-03, 0.000000
-2.047500e-03, 4.972500e-03, 0.437360
-1.930500e-03, 4.972500e-03, 0.246401
-1.813500e-03, 4.972500e-03, 0.000000
-1.696500e-03, 4.972500e-03, 0.015106
-1.579500e-03, 4.972500e-03, 0.103431
-1.462500e-03, 4.972500e-03, 0.294876
-1.345500e-03, 4.972500e-03, 0.994758
-1.228500e-03, 4.972500e-03, 1.000000
-1.111500e-03, 4.972500e-03, 1.000000
-9.945000e-04, 4.972500e-03, 1.000000
-8.775000e-04, 4.972500e-03, 1.000000
-7.605000e-04, 4.972500e-03, 1.000000
-6.435000e-04, 4.972500e-03, 1.000000
-5.265000e-04, 4.972500e-03, 1.000000
-4.095000e-04, 4.972500e-03, 1.000000
-2.925000e-04, 4.972500e-03, 1.000000
-1.755000e-04, 4.972500e-03, 1.000000
-5.850000e-05, 4.972500e-03, 0.937071
5.850000e-05, 4.972500e-03, 0.946239
1.755000e-04, 4.972500e-03, 1.000000
2.925000e-04, 4.972500e-03, 1.000000
4.095000e-04, 4.972500e-03, 0.922749
5.265000e-04, 4.972500e-03, 0.993209
6.435000e-04, 4.972500e-03, 1.000000
7.605000e-04, 4.972500e-03, 0.680675
8.775000e-04, 4.972500e-03, 0.730762
9.945000e-04, 4.972500e-03, 0.819691
1.111500e-03, 4.972500e-03, 0.922633
1.228500e-03, 4.972500e-03, 0.833575
1.345500e-03, 4.972500e-03, 0.709078
1.462500e-03, 4.972500e-03, 0.289296
1.579500e-03, 4.972500e-03, 0.578469
1.696500e-03, 4.972500e-03, 0.076676
1.813500e-03, 4.972500e-03, 0.828430
1.930500e-03, 4.972500e-03, 0.417503
2.047500e-03, 4.972500e-03, 0.329594
2.164500e-03, 4.972500e-03, 0.181834
2.281500e-03, 4.972500e-03, 0.230950
2.398500e-03, 4.972500e-03, 0.000000
2.515500e-03, 4.972500e-03, 0.000000
2.632500e-03, 4.972500e-03, 0.213675
2.749500e-03, 4.972500e-03, 0.000000
2.866500e-03, 4.972500e-03, 0.000000
2.983500e-03, 4.972500e-03, 0.000000
3.100500e-03, 4.972500e-03, 0.012823
3.217500e-03, 4.972500e-03, 0.163035
3.334500e-03, 4.972500e-03, 0.316482
3.451500e-03, 4.972500e-03, 0.331415
3.568500e-03, 4.972500e-03, 0.360122
3.685500e-03, 4.972500e-03, 0.450443
3.802500e-03, 4.972500e-03, 0.460252
3.919500e-03, 4.972500e-03, 0.391699
4.036500e-03, 4.972500e-03, 0.934192
4.153500e-03, 4.972500e-03, 0.598523
4.270500e-03, 4.972500e-03, 0.999506
4.387500e-03, 4.972500e-03, 0.245171
4.504500e-03, 4.972500e-03, 0.009410
4.621500e-03, 4.972500e-03, 0.000000
4.738500e-03, 4.972500e-03, 0.054754
4.855500e-03, 4.972500e-03, 0.063782
4.972500e-03, 4.972500e-03, 0.000000
5.089500e-03, 4.972500e-03, 0.005960
5.206500e-03, 4.972500e-03, 0.111673
5.323500e-03, 4.972500e-03, 0.000903
5.440500e-03, 4.972500e-03, 0.000000
5.557500e-03, 4.972500e-03, 0.000000
5.674500e-03, 4.972500e-03, 0.000000
5.791500e-03, 4.972500e-03, 0.000000
-5.791500e-03, 5.089500e-03, 0.145299
-5.674500e-03, 5.089500e-03, 1.000000
-5.557500e-03, 5.089500e-03, 1.000000
-5.440500e-03, 5.089500e-03, 1.000000
-5.323500e-03, 5.089500e-03, 1.000000
-5.206500e-03, 5.089500e-03, 1.000000
-5.089500e-03, 5.089500e-03, 1.000000
-4.972500e-03, 5.089500e-03, 1.000000
-4.855500e-03, 5.089500e-03, 0.963571
-4.738500e-03, 5.089500e-03, 0.974048
-4.621500e-03, 5.089500e-03, 1.000000
-4.504500e-03, 5.089500e-03, 1.000000
-4.387500e-03, 5.089500e-03, 0.937619
-4.270500e-03, 5.089500e-03, 1.000000
-4.153500e-03, 5.089500e-03, 0.482396
-4.036500e-03, 5.089500e-03, 0.596116
-3.919500e-03, 5.089500e-03, 0.684166
-3.802500e-03, 5.089500e-03, 0.246796
-3.685500e-03, 5.089500e-03, 0.442251
-3.568500e-03, 5.089500e-03, 0.842647
-3.451500e-03, 5.089500e-03, 0.061143
-3.334500e-03, 5.089500e-03, 0.109818
-3.217500e-03, 5.089500e-03, 0.634488
-3.100500e-03, 5.089500e-03, 0.280023
-2.983500e-03, 5.089500e-03, 0.000000
-2.866500e-03, 5.089500e-03, 0.464285
-2.749500e-03, 5.089500e-03, 0.546445
-2.632500e-03, 5.089500e-03, 0.013599
-2.515500e-03, 5.089500e-03, 0.218750
-2.398500e-03, 5.089500e-03, 0.925969
-2.281500e-03, 5.089500e-03, 0.201303
-2.164500e-03, 5.089500e-03, 0.019059
-2.047500e-03, 5.089500e-03, 0.748329
-1.930500e-03, 5.089500e-03, 0.578634
-1.813500e-03, 5.089500e-03, 0.000000
-1.696500e-03, 5.089500e-03, 0.295893
-1.579500e-03, 5.089500e-03, 0.630652
-1.462500e-03, 5.089500e-03, 0.097784
-1.345500e-03, 5.089500e-03, 0.379026
-1.228500e-03, 5.089500e-03, 0.776199
-1.111500e-03, 5.089500e-03, 0.757211
-9.945000e-04, 5.089500e-03, 0.998848
-8.775000e-04, 5.089500e-03, 0.785379
-7.605000e-04, 5.089500e-03, 0.989503
-6.435000e-04, 5.089500e-03, 1.000000
-5.265000e-04, 5.089500e-03, 0.901510
-4.095000e-04, 5.089500e-03, 0.918717
-2.925000e-04, 5.089500e-03, 0.902166
-1.755000e-04, 5.089500e-03, 0.996820
-5.850000e-05, 5.089500e-03, 0.896515
5.850000e-05, 5.089500e-03, 0.929097
1.755000e-04, 5.089500e-03, 0.964944
2.925000e-04, 5.089500e-03, 0.916660
4.095000e-04, 5.089500e-03, 0.885528
5.265000e-04, 5.089500e-03, 0.947953
6.435000e-04, 5.089500e-03, 0.992910
7.605000e-04, 5.089500e-03, 0.892381
8.775000e-04, 5.089500e-03, 0.887539
9.945000e-04, 5.089500e-03, 0.707592
1.111500e-03, 5.089500e-03, 0.341133
1.228500e-03, 5.089500e-03, 0.616348
1.345500e-03, 5.089500e-03, 0.068906
1.462500e-03, 5.089500e-03, 0.097784
1.579500e-03, 5.089500e-03, 0.630652
1.696500e-03, 5.089500e-03, 0.321264
1.813500e-03, 5.089500e-03, 0.500396
1.930500e-03, 5.089500e-03, 0.550672
2.047500e-03, 5.089500e-03, 0.558617
2.164500e-03, 5.089500e-03, 0.233639
2.281500e-03, 5.089500e-03, 0.183602
2.398500e-03, 5.089500e-03, 0.642370
2.515500e-03, 5.089500e-03, 0.198356
2.632500e-03, 5.089500e-03, 0.227274
2.749500e-03, 5.089500e-03, 0.546445
2.866500e-03, 5.089500e-03, 0.464285
2.983500e-03, 5.089500e-03, 0.000000
3.100500e-03, 5.089500e-03, 0.280023
3.217500e-03, 5.089500e-03, 0.634488
3.334500e-03, 5.089500e-03, 0.323493
3.451500e-03, 5.089500e-03, 0.272957
3.568500e-03, 5.089500e-03, 0.609456
3.685500e-03, 5.089500e-03, 0.533924
3.802500e-03, 5.089500e-03, 0.356323
3.919500e-03, 5.089500e-03, 0.383509
4.036500e-03, 5.089500e-03, 0.602742
4.153500e-03, 5.089500e-03, 0.084488
4.270500e-03, 5.089500e-03, 0.383144
4.387500e-03, 5.089500e-03, 0.639028
4.504500e-03, 5.089500e-03, 0.253964
4.621500e-03, 5.089500e-03, 0.000155
4.738500e-03, 5.089500e-03, 0.493908
4.855500e-03, 5.089500e-03, 0.524306
4.972500e-03, 5.089500e-03, 0.005960
5.089500e-03, 5.089500e-03, 0.223339
5.206500e-03, 5.089500e-03, 0.641587
5.323500e-03, 5.089500e-03, 0.159402
5.440500e-03, 5.089500e-03, 0.029620
5.557500e-03, 5.089500e-03, 0.577051
5.674500e-03, 5.089500e-03, 0.417658
5.791500e-03, 5.089500e-03, 0.000000
-5.791500e-03, 5.206500e-03, 0.145299
-5.674500e-03, 5.206500e-03, 1.000000
-5.557500e-03, 5.206500e-03, 1.000000
-5.440500e-03, 5.206500e-03, 1.000000
-5.323500e-03, 5.206500e-03, 1.000000
-5.206500e-03, 5.206500e-03, 1.000000
-5.089500e-03, 5.206500e-03, 1.000000
-4.972500e-03, 5.206500e-03, 0.937619
-4.855500e-03, 5.206500e-03, 1.000000
-4.738500e-03, 5.206500e-03, 1.000000
-4.621500e-03, 5.206500e-03, 0.937619
-4.504500e-03, 5.206500e-03, 0.937619
-4.387500e-03, 5.206500e-03, 1.000000
-4.270500e-03, 5.206500e-03, 0.937619
-4.153500e-03, 5.206500e-03, 0.711758
-4.036500e-03, 5.206500e-03, 1.000000
-3.919500e-03, 5.206500e-03, 0.954719
-3.802500e-03, 5.206500e-03, 0.229734
-3.685500e-03, 5.206500e-03, 0.855263
-3.568500e-03, 5.206500e-03, 1.000000
-3.451500e-03, 5.206500e-03, 0.316801
-3.334500e-03, 5.206500e-03, 0.436459
-3.217500e-03, 5.206500e-03, 1.000000
-3.100500e-03, 5.206500e-03, 0.735605
-2.983500e-03, 5.206500e-03, 0.027263
-2.866500e-03, 5.206500e-03, 0.990393
-2.749500e-03, 5.206500e-03, 1.000000
-2.632500e-03, 5.206500e-03, 0.154408
-2.515500e-03, 5.206500e-03, 0.598852
-2.398500e-03, 5.206500e-03, 1.000000
-2.281500e-03, 5.206500e-03, 0.573211
-2.164500e-03, 5.206500e-03, 0.180049
-2.047500e-03, 5.206500e-03, 1.000000
-1.930500e-03, 5.206500e-03, 0.978656
-1.813500e-03, 5.206500e-03, 0.013359
-1.696500e-03, 5.206500e-03, 0.761246
-1.579500e-03, 5.206500e-03, 1.000000
-1.462500e-03, 5.206500e-03, 0.410818
-1.345500e-03, 5.206500e-03, 0.733377
-1.228500e-03, 5.206500e-03, 1.000000
-1.111500e-03, 5.206500e-03, 0.829622
-9.945000e-04, 5.206500e-03, 0.940876
-8.775000e-04, 5.206500e-03, 0.405148
-7.605000e-04, 5.206500e-03, 0.885033
-6.435000e-04, 5.206500e-03, 1.000000
-5.265000e-04, 5.206500e-03, 0.874351
-4.095000e-04, 5.206500e-03, 1.000000
-2.925000e-04, 5.206500e-03, 0.753495
-1.755000e-04, 5.206500e-03, 0.682127
-5.850000e-05, 5.206500e-03, 1.000000
5.850000e-05, 5.206500e-03, 1.000000
1.755000e-04, 5.206500e-03, 0.949497
2.925000e-04, 5.206500e-03, 0.943362
4.095000e-04, 5.206500e-03, 1.000000
5.265000e-04, 5.206500e-03, 0.922785
6.435000e-04, 5.206500e-03, 0.887971
7.605000e-04, 5.206500e-03, 1.000000
8.775000e-04, 5.206500e-03, 0.952065
9.945000e-04, 5.206500e-03, 0.818993
1.111500e-03, 5.206500e-03, 0.896298
1.228500e-03, 5.206500e-03, 1.000000
1.345500e-03, 5.206500e-03, 0.342442
1.462500e-03, 5.206500e-03, 0.434008
1.579500e-03, 5.206500e-03, 1.000000
1.696500e-03, 5.206500e-03, 0.761246
1.813500e-03, 5.206500e-03, 0.013359
1.930500e-03, 5.206500e-03, 0.978656
2.047500e-03, 5.206500e-03, 1.000000
2.164500e-03, 5.206500e-03, 0.406070
2.281500e-03, 5.206500e-03, 0.602296
2.398500e-03, 5.206500e-03, 1.000000
2.515500e-03, 5.206500e-03, 0.598852
2.632500e-03, 5.206500e-03, 0.397623
2.749500e-03, 5.206500e-03, 1.000000
2.866500e-03, 5.206500e-03, 0.990393
2.983500e-03, 5.206500e-03, 0.061349
3.100500e-03, 5.206500e-03, 0.833326
3.217500e-03, 5.206500e-03, 1.000000
3.334500e-03, 5.206500e-03, 0.650134
3.451500e-03, 5.206500e-03, 0.532224
3.568500e-03, 5.206500e-03, 1.000000
3.685500e-03, 5.206500e-03, 0.855263
3.802500e-03, 5.206500e-03, 0.427350
3.919500e-03, 5.206500e-03, 0.897998
4.036500e-03, 5.206500e-03, 1.000000
4.153500e-03, 5.206500e-03, 0.274066
4.270500e-03, 5.206500e-03, 0.583342
4.387500e-03, 5.206500e-03, 1.000000
4.504500e-03, 5.206500e-03, 0.692869
4.621500e-03, 5.206500e-03, 0.061187
4.738500e-03, 5.206500e-03, 0.999204
4.855500e-03, 5.206500e-03, 1.000000
4.972500e-03, 5.206500e-03, 0.111673
5.089500e-03, 5.206500e-03, 0.641587
5.206500e-03, 5.206500e-03, 1.000000
5.323500e-03, 5.206500e-03, 0.530476
5.440500e-03, 5.206500e-03, 0.222784
5.557500e-03, 5.206500e-03, 1.000000
5.674500e-03, 5.206500e-03, 0.948189
5.791500e-03, 5.206500e-03, 0.001091
-5.791500e-03, 5.323500e-03, 0.145299
-5.674500e-03, 5.323500e-03, 1.000000
-5.557500e-03, 5.323500e-03, 1.000000
-5.440500e-03, 5.323500e-03, 0.789890
-5.323500e-03, 5.323500e-03, 0.929278
-5.206500e-03, 5.323500e-03, 1.000000
-5.089500e-03, 5.323500e-03, 1.000000
-4.972500e-03, 5.323500e-03, 1.000000
-4.855500e-03, 5.323500e-03, 0.963571
-4.738500e-03, 5.323500e-03, 0.974048
-4.621500e-03, 5.323500e-03, 1.000000
-4.504500e-03, 5.323500e-03, 1.000000
-4.387500e-03, 5.323500e-03, 0.937619
-4.270500e-03, 5.323500e-03, 1.000000
-4.153500e-03, 5.323500e-03, 0.423144
-4.036500e-03, 5.323500e-03, 0.485005
-3.919500e-03, 5.323500e-03, 0.291083
-3.802500e-03, 5.323500e-03, 0.081601
-3.685500e-03, 5.323500e-03, 0.268966
-3.568500e-03, 5.323500e-03, 0.498345
-3.451500e-03, 5.323500e-03, 0.031433
-3.334500e-03, 5.323500e-03, 0.068674
-3.217500e-03, 5.323500e-03, 0.523377
-3.100500e-03, 5.323500e-03, 0.205640
-2.983500e-03, 5.323500e-03, 0.000000
-2.866500e-03, 5.323500e-03, 0.358563
-2.749500e-03, 5.323500e-03, 0.435334
-2.632500e-03, 5.323500e-03, 0.003794
-2.515500e-03, 5.323500e-03, 0.139168
-2.398500e-03, 5.323500e-03, 0.531259
-2.281500e-03, 5.323500e-03, 0.127263
-2.164500e-03, 5.323500e-03, 0.006405
-2.047500e-03, 5.323500e-03, 0.447506
-1.930500e-03, 5.323500e-03, 0.343780
-1.813500e-03, 5.323500e-03, 0.000000
-1.696500e-03, 5.323500e-03, 0.218661
-1.579500e-03, 5.323500e-03, 0.519541
-1.462500e-03, 5.323500e-03, 0.059488
-1.345500e-03, 5.323500e-03, 0.049012
-1.228500e-03, 5.323500e-03, 0.505237
-1.111500e-03, 5.323500e-03, 0.254246
-9.945000e-04, 5.323500e-03, 0.927094
-8.775000e-04, 5.323500e-03, 1.000000
-7.605000e-04, 5.323500e-03, 1.000000
-6.435000e-04, 5.323500e-03, 1.000000
-5.265000e-04, 5.323500e-03, 0.961869
-4.095000e-04, 5.323500e-03, 0.840805
-2.925000e-04, 5.323500e-03, 0.747260
-1.755000e-04, 5.323500e-03, 0.810815
-5.850000e-05, 5.323500e-03, 0.833727
5.850000e-05, 5.323500e-03, 0.939976
1.755000e-04, 5.323500e-03, 0.968334
2.925000e-04, 5.323500e-03, 0.770064
4.095000e-04, 5.323500e-03, 0.986904
5.265000e-04, 5.323500e-03, 0.797177
6.435000e-04, 5.323500e-03, 0.997458
7.605000e-04, 5.323500e-03, 0.816116
8.775000e-04, 5.323500e-03, 0.966682
9.945000e-04, 5.323500e-03, 0.723661
1.111500e-03, 5.323500e-03, 0.728471
1.228500e-03, 5.323500e-03, 0.507890
1.345500e-03, 5.323500e-03, 0.141377
1.462500e-03, 5.323500e-03, 0.786431
1.579500e-03, 5.323500e-03, 0.691448
1.696500e-03, 5.323500e-03, 0.218661
1.813500e-03, 5.323500e-03, 0.000000
1.930500e-03, 5.323500e-03, 0.343780
2.047500e-03, 5.323500e-03, 0.447506
2.164500e-03, 5.323500e-03, 0.512562
2.281500e-03, 5.323500e-03, 0.934628
2.398500e-03, 5.323500e-03, 0.596086
2.515500e-03, 5.323500e-03, 0.409398
2.632500e-03, 5.323500e-03, 0.520129
2.749500e-03, 5.323500e-03, 0.700313
2.866500e-03, 5.323500e-03, 0.359954
2.983500e-03, 5.323500e-03, 0.340928
3.100500e-03, 5.323500e-03, 0.974552
3.217500e-03, 5.323500e-03, 0.544282
3.334500e-03, 5.323500e-03, 0.641679
3.451500e-03, 5.323500e-03, 0.423650
3.568500e-03, 5.323500e-03, 0.499533
3.685500e-03, 5.323500e-03, 0.473256
3.802500e-03, 5.323500e-03, 0.495016
3.919500e-03, 5.323500e-03, 0.291203
4.036500e-03, 5.323500e-03, 0.564509
4.153500e-03, 5.323500e-03, 0.037291
4.270500e-03, 5.323500e-03, 0.086826
4.387500e-03, 5.323500e-03, 0.527917
4.504500e-03, 5.323500e-03, 0.184329
4.621500e-03, 5.323500e-03, 0.000000
4.738500e-03, 5.323500e-03, 0.383593
4.855500e-03, 5.323500e-03, 0.413195
4.972500e-03, 5.323500e-03, 0.000903
5.089500e-03, 5.323500e-03, 0.159402
5.206500e-03, 5.323500e-03, 0.530476
5.323500e-03, 5.323500e-03, 0.107812
5.440500e-03, 5.323500e-03, 0.012217
5.557500e-03, 5.323500e-03, 0.465940
5.674500e-03, 5.323500e-03, 0.319533
5.791500e-03, 5.323500e-03, 0.000000
-5.791500e-03, 5.440500e-03, 0.145299
-5.674500e-03, 5.440500e-03, 1.000000
-5.557500e-03, 5.440500e-03, 1.000000
-5.440500e-03, 5.440500e-03, 0.555827
-5.323500e-03, 5.440500e-03, 0.789890
-5.206500e-03, 5.440500e-03, 1.000000
-5.089500e-03, 5.440500e-03, 1.000000
-4.972500e-03, 5.440500e-03, 0.835091
-4.855500e-03, 5.440500e-03, 0.983065
-4.738500e-03, 5.440500e-03, 1.000000
-4.621500e-03, 5.440500e-03, 1.000000
-4.504500e-03, 5.440500e-03, 0.884640
-4.387500e-03, 5.440500e-03, 0.772897
-4.270500e-03, 5.440500e-03, 0.493302
-4.153500e-03, 5.440500e-03, 0.014247
-4.036500e-03, 5.440500e-03, 0.182216
-3.919500e-03, 5.440500e-03, 0.082405
-3.802500e-03, 5.440500e-03, 0.360684
-3.685500e-03, 5.440500e-03, 0.544844
-3.568500e-03, 5.440500e-03, 0.001053
-3.451500e-03, 5.440500e-03, 0.000000
-3.334500e-03, 5.440500e-03, 0.002007
-3.217500e-03, 5.440500e-03, 0.215685
-3.100500e-03, 5.440500e-03, 0.046929
-2.983500e-03, 5.440500e-03, 0.000000
-2.866500e-03, 5.440500e-03, 0.113067
-2.749500e-03, 5.440500e-03, 0.151554
-2.632500e-03, 5.440500e-03, 0.000000
-2.515500e-03, 5.440500e-03, 0.000000
-2.398500e-03, 5.440500e-03, 0.000000
-2.281500e-03, 5.440500e-03, 0.000000
-2.164500e-03, 5.440500e-03, 0.000000
-2.047500e-03, 5.440500e-03, 0.158447
-1.930500e-03, 5.440500e-03, 0.106173
-1.813500e-03, 5.440500e-03, 0.000000
-1.696500e-03, 5.440500e-03, 0.052060
-1.579500e-03, 5.440500e-03, 0.211849
-1.462500e-03, 5.440500e-03, 0.000711
-1.345500e-03, 5.440500e-03, 0.000000
-1.228500e-03, 5.440500e-03, 0.000000
-1.111500e-03, 5.440500e-03, 0.000000
-9.945000e-04, 5.440500e-03, 0.827300
-8.775000e-04, 5.440500e-03, 0.831832
-7.605000e-04, 5.440500e-03, 0.776583
-6.435000e-04, 5.440500e-03, 0.954458
-5.265000e-04, 5.440500e-03, 0.762859
-4.095000e-04, 5.440500e-03, 0.663139
-2.925000e-04, 5.440500e-03, 0.741901
-1.755000e-04, 5.440500e-03, 0.846122
-5.850000e-05, 5.440500e-03, 0.914993
5.850000e-05, 5.440500e-03, 1.000000
1.755000e-04, 5.440500e-03, 1.000000
2.925000e-04, 5.440500e-03, 0.723178
4.095000e-04, 5.440500e-03, 0.536992
5.265000e-04, 5.440500e-03, 0.890885
6.435000e-04, 5.440500e-03, 0.962131
7.605000e-04, 5.440500e-03, 0.625681
8.775000e-04, 5.440500e-03, 0.649500
9.945000e-04, 5.440500e-03, 0.833158
1.111500e-03, 5.440500e-03, 0.996081
1.228500e-03, 5.440500e-03, 0.000000
1.345500e-03, 5.440500e-03, 0.188762
1.462500e-03, 5.440500e-03, 0.785571
1.579500e-03, 5.440500e-03, 0.262702
1.696500e-03, 5.440500e-03, 0.052060
1.813500e-03, 5.440500e-03, 0.000000
1.930500e-03, 5.440500e-03, 0.106173
2.047500e-03, 5.440500e-03, 0.158447
2.164500e-03, 5.440500e-03, 0.433554
2.281500e-03, 5.440500e-03, 0.552604
2.398500e-03, 5.440500e-03, 0.156387
2.515500e-03, 5.440500e-03, 0.486766
2.632500e-03, 5.440500e-03, 0.979600
2.749500e-03, 5.440500e-03, 0.220863
2.866500e-03, 5.440500e-03, 0.113067
2.983500e-03, 5.440500e-03, 0.007651
3.100500e-03, 5.440500e-03, 0.436024
3.217500e-03, 5.440500e-03, 0.376615
3.334500e-03, 5.440500e-03, 0.848752
3.451500e-03, 5.440500e-03, 0.535087
3.568500e-03, 5.440500e-03, 0.000000
3.685500e-03, 5.440500e-03, 0.425549
3.802500e-03, 5.440500e-03, 0.999890
3.919500e-03, 5.440500e-03, 0.211285
4.036500e-03, 5.440500e-03, 0.182216
4.153500e-03, 5.440500e-03, 0.000000
4.270500e-03, 5.440500e-03, 0.005628
4.387500e-03, 5.440500e-03, 0.220225
4.504500e-03, 5.440500e-03, 0.038767
4.621500e-03, 5.440500e-03, 0.000000
4.738500e-03, 5.440500e-03, 0.000000
4.855500e-03, 5.440500e-03, 0.000000
4.972500e-03, 5.440500e-03, 0.000000
5.089500e-03, 5.440500e-03, 0.029620
5.206500e-03, 5.440500e-03, 0.222784
5.323500e-03, 5.440500e-03, 0.012217
5.440500e-03, 5.440500e-03, 0.000000
5.557500e-03, 5.440500e-03, 0.169545
5.674500e-03, 5.440500e-03, 0.095076
5.791500e-03, 5.440500e-03, 0.000000
-5.791500e-03, 5.557500e-03, 0.145299
-5.674500e-03, 5.557500e-03, 1.000000
-5.557500e-03, 5.557500e-03, 1.000000
-5.440500e-03, 5.557500e-03, 1.000000
-5.323500e-03, 5.557500e-03, 1.000000
-5.206500e-03, 5.557500e-03, 1.000000
-5.089500e-03, 5.557500e-03, 1.000000
-4.972500e-03, 5.557500e-03, 0.424617
-4.855500e-03, 5.557500e-03, 0.822111
-4.738500e-03, 5.557500e-03, 1.000000
-4.621500e-03, 5.557500e-03, 1.000000
-4.504500e-03, 5.557500e-03, 0.778974
-4.387500e-03, 5.557500e-03, 1.000000
-4.270500e-03, 5.557500e-03, 0.414658
-4.153500e-03, 5.557500e-03, 0.214433
-4.036500e-03, 5.557500e-03, 0.995096
-3.919500e-03, 5.557500e-03, 0.833462
-3.802500e-03, 5.557500e-03, 0.360684
-3.685500e-03, 5.557500e-03, 1.000000
-3.568500e-03, 5.557500e-03, 0.544844
-3.451500e-03, 5.557500e-03, 0.001053
-3.334500e-03, 5.557500e-03, 0.371923
-3.217500e-03, 5.557500e-03, 1.000000
-3.100500e-03, 5.557500e-03, 0.671068
-2.983500e-03, 5.557500e-03, 0.022814
-2.866500e-03, 5.557500e-03, 0.930305
-2.749500e-03, 5.557500e-03, 0.976088
-2.632500e-03, 5.557500e-03, 0.113784
-2.515500e-03, 5.557500e-03, 0.000000
-2.398500e-03, 5.557500e-03, 0.000000
-2.281500e-03, 5.557500e-03, 0.000000
-2.164500e-03, 5.557500e-03, 0.134147
-2.047500e-03, 5.557500e-03, 0.981366
-1.930500e-03, 5.557500e-03, 0.915123
-1.813500e-03, 5.557500e-03, 0.012356
-1.696500e-03, 5.557500e-03, 0.696709
-1.579500e-03, 5.557500e-03, 1.000000
-1.462500e-03, 5.557500e-03, 0.346282
-1.345500e-03, 5.557500e-03, 0.000000
-1.228500e-03, 5.557500e-03, 0.000000
-1.111500e-03, 5.557500e-03, 0.000000
-9.945000e-04, 5.557500e-03, 0.086284
-8.775000e-04, 5.557500e-03, 0.884616
-7.605000e-04, 5.557500e-03, 0.992229
-6.435000e-04, 5.557500e-03, 0.339631
-5.265000e-04, 5.557500e-03, 0.976950
-4.095000e-04, 5.557500e-03, 1.000000
-2.925000e-04, 5.557500e-03, 0.736646
-1.755000e-04, 5.557500e-03, 0.747339
-5.850000e-05, 5.557500e-03, 0.739222
5.850000e-05, 5.557500e-03, 0.739225
1.755000e-04, 5.557500e-03, 0.739104
2.925000e-04, 5.557500e-03, 0.725552
4.095000e-04, 5.557500e-03, 1.000000
5.265000e-04, 5.557500e-03, 0.696966
6.435000e-04, 5.557500e-03, 0.649312
7.605000e-04, 5.557500e-03, 0.998405
8.775000e-04, 5.557500e-03, 0.865470
9.945000e-04, 5.557500e-03, 0.707149
1.111500e-03, 5.557500e-03, 0.621069
1.228500e-03, 5.557500e-03, 0.129125
1.345500e-03, 5.557500e-03, 0.913161
1.462500e-03, 5.557500e-03, 0.907292
1.579500e-03, 5.557500e-03, 1.000000
1.696500e-03, 5.557500e-03, 0.696709
1.813500e-03, 5.557500e-03, 0.182219
1.930500e-03, 5.557500e-03, 0.938353
2.047500e-03, 5.557500e-03, 0.981366
2.164500e-03, 5.557500e-03, 0.576465
2.281500e-03, 5.557500e-03, 0.927376
2.398500e-03, 5.557500e-03, 0.665981
2.515500e-03, 5.557500e-03, 0.668097
2.632500e-03, 5.557500e-03, 0.261273
2.749500e-03, 5.557500e-03, 0.976088
2.866500e-03, 5.557500e-03, 0.930305
2.983500e-03, 5.557500e-03, 0.022814
3.100500e-03, 5.557500e-03, 0.742548
3.217500e-03, 5.557500e-03, 1.000000
3.334500e-03, 5.557500e-03, 0.371923
3.451500e-03, 5.557500e-03, 0.480315
3.568500e-03, 5.557500e-03, 0.191773
3.685500e-03, 5.557500e-03, 0.811498
3.802500e-03, 5.557500e-03, 0.279337
3.919500e-03, 5.557500e-03, 0.833462
4.036500e-03, 5.557500e-03, 0.995096
4.153500e-03, 5.557500e-03, 0.214433
4.270500e-03, 5.557500e-03, 0.414658
4.387500e-03, 5.557500e-03, 1.000000
4.504500e-03, 5.557500e-03, 0.628333
4.621500e-03, 5.557500e-03, 0.000000
4.738500e-03, 5.557500e-03, 0.000000
4.855500e-03, 5.557500e-03, 0.000000
4.972500e-03, 5.557500e-03, 0.000000
5.089500e-03, 5.557500e-03, 0.577051
5.206500e-03, 5.557500e-03, 1.000000
5.323500e-03, 5.557500e-03, 0.465940
5.440500e-03, 5.557500e-03, 0.169545
5.557500e-03, 5.557500e-03, 0.988703
5.674500e-03, 5.557500e-03, 0.883653
5.791500e-03, 5.557500e-03, 0.001091
-5.791500e-03, 5.674500e-03, 0.054903
-5.674500e-03, 5.674500e-03, 0.849032
-5.557500e-03, 5.674500e-03, 1.000000
-5.440500e-03, 5.674500e-03, 1.000000
-5.323500e-03, 5.674500e-03, 1.000000
-5.206500e-03, 5.674500e-03, 1.000000
-5.089500e-03, 5.674500e-03, 1.000000
-4.972500e-03, 5.674500e-03, 1.000000
-4.855500e-03, 5.674500e-03, 1.000000
-4.738500e-03, 5.674500e-03, 1.000000
-4.621500e-03, 5.674500e-03, 1.000000
-4.504500e-03, 5.674500e-03, 0.570071
-4.387500e-03, 5.674500e-03, 0.945630
-4.270500e-03, 5.674500e-03, 0.275688
-4.153500e-03, 5.674500e-03, 0.125939
-4.036500e-03, 5.674500e-03, 0.902718
-3.919500e-03, 5.674500e-03, 0.656724
-3.802500e-03, 5.674500e-03, 0.360684
-3.685500e-03, 5.674500e-03, 1.000000
-3.568500e-03, 5.674500e-03, 1.000000
-3.451500e-03, 5.674500e-03, 0.544844
-3.334500e-03, 5.674500e-03, 0.242074
-3.217500e-03, 5.674500e-03, 0.941090
-3.100500e-03, 5.674500e-03, 0.503270
-2.983500e-03, 5.674500e-03, 0.004449
-2.866500e-03, 5.674500e-03, 0.769868
-2.749500e-03, 5.674500e-03, 0.853047
-2.632500e-03, 5.674500e-03, 0.058016
-2.515500e-03, 5.674500e-03, 0.000000
-2.398500e-03, 5.674500e-03, 0.000000
-2.281500e-03, 5.674500e-03, 0.000000
-2.164500e-03, 5.674500e-03, 0.071366
-2.047500e-03, 5.674500e-03, 0.865219
-1.930500e-03, 5.674500e-03, 0.747792
-1.813500e-03, 5.674500e-03, 0.001003
-1.696500e-03, 5.674500e-03, 0.527029
-1.579500e-03, 5.674500e-03, 0.937254
-1.462500e-03, 5.674500e-03, 0.221096
-1.345500e-03, 5.674500e-03, 0.000000
-1.228500e-03, 5.674500e-03, 0.000000
-1.111500e-03, 5.674500e-03, 0.000000
-9.945000e-04, 5.674500e-03, 0.005826
-8.775000e-04, 5.674500e-03, 0.720583
-7.605000e-04, 5.674500e-03, 0.893602
-6.435000e-04, 5.674500e-03, 0.110179
-5.265000e-04, 5.674500e-03, 0.318412
-4.095000e-04, 5.674500e-03, 0.947243
-2.925000e-04, 5.674500e-03, 0.440771
-1.755000e-04, 5.674500e-03, 0.000000
-5.850000e-05, 5.674500e-03, 0.000000
5.850000e-05, 5.674500e-03, 0.000000
1.755000e-04, 5.674500e-03, 0.000000
2.925000e-04, 5.674500e-03, 0.440771
4.095000e-04, 5.674500e-03, 0.947243
5.265000e-04, 5.674500e-03, 0.297366
6.435000e-04, 5.674500e-03, 0.110179
7.605000e-04, 5.674500e-03, 0.893602
8.775000e-04, 5.674500e-03, 0.681599
9.945000e-04, 5.674500e-03, 0.000000
1.111500e-03, 5.674500e-03, 0.000000
1.228500e-03, 5.674500e-03, 0.039002
1.345500e-03, 5.674500e-03, 0.515424
1.462500e-03, 5.674500e-03, 0.612759
1.579500e-03, 5.674500e-03, 0.937254
1.696500e-03, 5.674500e-03, 0.527029
1.813500e-03, 5.674500e-03, 0.111431
1.930500e-03, 5.674500e-03, 0.785571
2.047500e-03, 5.674500e-03, 0.865219
2.164500e-03, 5.674500e-03, 0.147726
2.281500e-03, 5.674500e-03, 0.299193
2.398500e-03, 5.674500e-03, 0.136245
2.515500e-03, 5.674500e-03, 0.138803
2.632500e-03, 5.674500e-03, 0.101343
2.749500e-03, 5.674500e-03, 0.853047
2.866500e-03, 5.674500e-03, 0.769868
2.983500e-03, 5.674500e-03, 0.004449
3.100500e-03, 5.674500e-03, 0.503270
3.217500e-03, 5.674500e-03, 0.941090
3.334500e-03, 5.674500e-03, 0.241021
3.451500e-03, 5.674500e-03, 0.867676
3.568500e-03, 5.674500e-03, 0.464615
3.685500e-03, 5.674500e-03, 0.665216
3.802500e-03, 5.674500e-03, 0.104136
3.919500e-03, 5.674500e-03, 0.656724
4.036500e-03, 5.674500e-03, 0.902718
4.153500e-03, 5.674500e-03, 0.125939
4.270500e-03, 5.674500e-03, 0.275688
4.387500e-03, 5.674500e-03, 0.945630
4.504500e-03, 5.674500e-03, 0.464061
4.621500e-03, 5.674500e-03, 0.000000
4.738500e-03, 5.674500e-03, 0.000000
4.855500e-03, 5.674500e-03, 0.000000
4.972500e-03, 5.674500e-03, 0.000000
5.089500e-03, 5.674500e-03, 0.417658
5.206500e-03, 5.674500e-03, 0.948189
5.323500e-03, 5.674500e-03, 0.319533
5.440500e-03, 5.674500e-03, 0.095076
5.557500e-03, 5.674500e-03, 0.883653
5.674500e-03, 5.674500e-03, 0.706651
5.791500e-03, 5.674500e-03, 0.000000
-5.791500e-03, 5.791500e-03, 0.000000
-5.674500e-03, 5.791500e-03, 0.054065
-5.557500e-03, 5.791500e-03, 0.142564
-5.440500e-03, 5.791500e-03, 0.142564
-5.323500e-03, 5.791500e-03, 0.142564
-5.206500e-03, 5.791500e-03, 0.142564
-5.089500e-03, 5.791500e-03, 0.142564
-4.972500e-03, 5.791500e-03, 0.142564
-4.855500e-03, 5.791500e-03, 0.142564
-4.738500e-03, 5.791500e-03, 0.142564
-4.621500e-03, 5.791500e-03, 0.142564
-4.504500e-03, 5.791500e-03, 0.013211
-4.387500e-03, 5.791500e-03, 0.001091
-4.270500e-03, 5.791500e-03, 0.000000
-4.153500e-03, 5.791500e-03, 0.000000
-4.036500e-03, 5.791500e-03, 0.001091
-3.919500e-03, 5.791500e-03, 0.000000
-3.802500e-03, 5.791500e-03, 0.004408
-3.685500e-03, 5.791500e-03, 0.012222
-3.568500e-03, 5.791500e-03, 0.012222
-3.451500e-03, 5.791500e-03, 0.012222
-3.334500e-03, 5.791500e-03, 0.000636
-3.217500e-03, 5.791500e-03, 0.001091
-3.100500e-03, 5.791500e-03, 0.000000
-2.983500e-03, 5.791500e-03, 0.000000
-2.866500e-03, 5.791500e-03, 0.000000
-2.749500e-03, 5.791500e-03, 0.001091
-2.632500e-03, 5.791500e-03, 0.000000
-2.515500e-03, 5.791500e-03, 0.000000
-2.398500e-03, 5.791500e-03, 0.000000
-2.281500e-03, 5.791500e-03, 0.000000
-2.164500e-03, 5.791500e-03, 0.000000
-2.047500e-03, 5.791500e-03, 0.001091
-1.930500e-03, 5.791500e-03, 0.000000
-1.813500e-03, 5.791500e-03, 0.000000
-1.696500e-03, 5.791500e-03, 0.000000
-1.579500e-03, 5.791500e-03, 0.001091
-1.462500e-03, 5.791500e-03, 0.000000
-1.345500e-03, 5.791500e-03, 0.000000
-1.228500e-03, 5.791500e-03, 0.000000
-1.111500e-03, 5.791500e-03, 0.000000
-9.945000e-04, 5.791500e-03, 0.000000
-8.775000e-04, 5.791500e-03, 0.000000
-7.605000e-04, 5.791500e-03, 0.001091
-6.435000e-04, 5.791500e-03, 0.000000
-5.265000e-04, 5.791500e-03, 0.000000
-4.095000e-04, 5.791500e-03, 0.001091
-2.925000e-04, 5.791500e-03, 0.000000
-1.755000e-04, 5.791500e-03, 0.000000
-5.850000e-05, 5.791500e-03, 0.000000
5.850000e-05, 5.791500e-03, 0.000000
1.755000e-04, 5.791500e-03, 0.000000
2.925000e-04, 5.791500e-03, 0.000000
4.095000e-04, 5.791500e-03, 0.001091
5.265000e-04, 5.791500e-03, 0.000000
6.435000e-04, 5.791500e-03, 0.000000
7.605000e-04, 5.791500e-03, 0.001091
8.775000e-04, 5.791500e-03, 0.000000
9.945000e-04, 5.791500e-03, 0.000000
1.111500e-03, 5.791500e-03, 0.000000
1.228500e-03, 5.791500e-03, 0.000000
1.345500e-03, 5.791500e-03, 0.000000
1.462500e-03, 5.791500e-03, 0.000000
1.579500e-03, 5.791500e-03, 0.001091
1.696500e-03, 5.791500e-03, 0.000000
1.813500e-03, 5.791500e-03, 0.000000
1.930500e-03, 5.791500e-03, 0.000000
2.047500e-03, 5.791500e-03, 0.001091
2.164500e-03, 5.791500e-03, 0.000000
2.281500e-03, 5.791500e-03, 0.000000
2.398500e-03, 5.791500e-03, 0.000000
2.515500e-03, 5.791500e-03, 0.000000
2.632500e-03, 5.791500e-03, 0.000000
2.749500e-03, 5.791500e-03, 0.001091
2.866500e-03, 5.791500e-03, 0.000000
2.983500e-03, 5.791500e-03, 0.000000
3.100500e-03, 5.791500e-03, 0.000000
3.217500e-03, 5.791500e-03, 0.001091
3.334500e-03, 5.791500e-03, 0.000000
3.451500e-03, 5.791500e-03, 0.013627
3.568500e-03, 5.791500e-03, 0.000000
3.685500e-03, 5.791500e-03, 0.000000
3.802500e-03, 5.791500e-03, 0.000000
3.919500e-03, 5.791500e-03, 0.000000
4.036500e-03, 5.791500e-03, 0.001091
4.153500e-03, 5.791500e-03, 0.000000
4.270500e-03, 5.791500e-03, 0.000000
4.387500e-03, 5.791500e-03, 0.001091
4.504500e-03, 5.791500e-03, 0.000000
4.621500e-03, 5.791500e-03, 0.000000
4.738500e-03, 5.791500e-03, 0.000000
4.855500e-03, 5.791500e-03, 0.000000
4.972500e-03, 5.791500e-03, 0.000000
5.089500e-03, 5.791500e-03, 0.000000
5.206500e-03, 5.791500e-03, 0.001091
5.323500e-03, 5.791500e-03, 0.000000
5.440500e-03, 5.791500e-03, 0.000000
5.557500e-03, 5.791500e-03, 0.001091
5.674500e-03, 5.791500e-03, 0.000000
5.791500e-03, 5.791500e-03, 0.000000
