-0.005791, -0.005791, 500000000.000104, 500000000.000111, 499999999.999987
-0.005674, -0.005791, 541687884.030043, 533182780.080709, 540122991.026082
-0.005557, -0.005791, 768093118.388035, 601003182.405375, 619267618.550659
-0.005441, -0.005791, 768093118.388031, 601003182.405125, 619267618.550501
-0.005324, -0.005791, 768093118.388026, 601003182.405968, 619267618.550548
-0.005207, -0.005791, 768093118.388021, 601003182.405917, 619267618.550658
-0.005089, -0.005791, 768093118.388037, 601003182.405102, 619267618.550546
-0.004972, -0.005791, 768093118.388027, 601003182.404914, 619267618.550488
-0.004855, -0.005791, 768093118.388069, 601003182.405025, 619267618.550495
-0.004738, -0.005791, 768093118.388044, 601003182.404468, 619267618.550529
-0.004621, -0.005791, 563248276.009733, 536277566.235707, 543739152.538236
-0.004504, -0.005791, 500000000.000104, 500000000.000098, 499999999.999987
-0.004387, -0.005791, 503592356.115262, 501929463.005072, 504327581.100364
-0.004270, -0.005791, 500000000.000096, 500000000.000111, 499999999.999988
-0.004154, -0.005791, 500000000.000101, 500000000.000097, 499999999.999987
-0.004036, -0.005791, 500000000.000104, 500000000.000101, 499999999.999988
-0.003920, -0.005791, 500000000.000098, 500000000.000094, 499999999.999926
-0.003803, -0.005791, 500000000.000097, 499999999.999744, 499999999.999988
-0.003686, -0.005791, 523431762.166336, 511961725.102597, 518214349.097172
-0.003569, -0.005791, 601789656.941934, 524683165.966844, 536696873.207371
-0.003452, -0.005791, 500000000.000095, 500000000.000101, 499999999.999988
-0.003335, -0.005791, 500000000.000107, 500000000.000109, 499999999.999987
-0.003218, -0.005791, 503551389.181934, 501937554.988756, 504327104.976963
-0.003101, -0.005791, 500000000.000102, 500000000.000099, 499999999.999987
-0.002984, -0.005791, 500000000.000099, 500000000.000112, 499999999.999987
-0.002867, -0.005791, 500000000.000102, 499999999.999747, 499999999.999987
-0.002750, -0.005791, 500000000.000101, 500000000.000113, 499999999.999987
-0.002633, -0.005791, 500000000.000100, 500000000.000110, 499999999.999987
-0.002516, -0.005791, 500000000.000100, 500000000.000109, 499999999.999988
-0.002399, -0.005791, 503581617.453144, 501931523.293010, 504329150.001917
-0.002282, -0.005791, 500000000.000099, 500000000.000101, 499999999.999987
-0.002165, -0.005791, 500000000.000100, 500000000.000110, 499999999.999987
-0.002048, -0.005791, 502827283.455174, 501863214.813319, 504179494.147090
-0.001931, -0.005791, 500000000.000096, 500000000.000110, 499999999.999987
-0.001814, -0.005791, 500000000.000103, 500000000.000110, 499999999.999988
-0.001697, -0.005791, 500000000.000102, 500000000.000098, 499999999.999987
-0.001580, -0.005791, 500000000.000093, 500000000.000107, 499999999.999987
-0.001463, -0.005791, 500000000.000096, 500000000.000091, 499999999.999987
-0.001345, -0.005791, 499999999.999745, 500000000.000101, 499999999.999987
-0.001228, -0.005791, 503464211.463417, 501922590.383358, 504317419.312941
-0.001112, -0.005791, 500000000.000100, 500000000.000101, 499999999.999987
-0.000995, -0.005791, 500000000.000101, 500000000.000109, 499999999.999987
-0.000878, -0.005791, 500000000.000096, 500000000.000100, 499999999.999987
-0.000761, -0.005791, 503724690.701961, 501910886.466359, 504291796.969737
-0.000644, -0.005791, 500000000.000097, 500000000.000111, 499999999.999987
-0.000527, -0.005791, 500000000.000100, 500000000.000096, 499999999.999987
-0.000410, -0.005791, 500000000.000101, 500000000.000095, 499999999.999987
-0.000293, -0.005791, 500000000.000096, 500000000.000100, 499999999.999988
-0.000176, -0.005791, 500000000.000099, 500000000.000098, 499999999.999987
-0.000058, -0.005791, 501112658.706737, 500881394.508886, 502084718.927191
0.000058, -0.005791, 501798000.263092, 500881394.509095, 502084718.927188
0.000175, -0.005791, 500000000.000098, 500000000.000100, 499999999.999988
0.000292, -0.005791, 500000000.000099, 500000000.000102, 499999999.999988
0.000409, -0.005791, 503599773.610470, 501937407.418116, 504329286.628455
0.000526, -0.005791, 500000000.000100, 500000000.000099, 499999999.999987
0.000643, -0.005791, 500000000.000098, 500000000.000099, 499999999.999987
0.000760, -0.005791, 500000000.000100, 500000000.000095, 499999999.999987
0.000877, -0.005791, 500000000.000104, 500000000.000099, 499999999.999987
0.000994, -0.005791, 500000000.000102, 500000000.000097, 499999999.999988
0.001112, -0.005791, 500000000.000101, 500000000.000103, 499999999.999987
0.001228, -0.005791, 503625271.264060, 501922590.383511, 504317419.312933
0.001345, -0.005791, 500000000.000102, 500000000.000099, 499999999.999987
0.001462, -0.005791, 500000000.000099, 500000000.000094, 499999999.999987
0.001579, -0.005791, 503531012.448934, 501927087.519933, 504326997.245939
0.001696, -0.005791, 500000000.000095, 500000000.000097, 499999999.999987
0.001813, -0.005791, 500000000.000101, 500000000.000106, 499999999.999987
0.001930, -0.005791, 500000000.000096, 500000000.000108, 499999999.999988
0.002048, -0.005791, 500000000.000097, 500000000.000096, 499999999.999987
0.002164, -0.005791, 500000000.000101, 500000000.000111, 499999999.999987
0.002282, -0.005791, 500000000.000099, 500000000.000101, 499999999.999987
0.002398, -0.005791, 503577624.259070, 501931523.293243, 504329150.001955
0.002515, -0.005791, 500000000.000098, 500000000.000108, 499999999.999988
0.002632, -0.005791, 500000000.000099, 500000000.000109, 499999999.999987
0.002749, -0.005791, 502556687.124361, 501790285.180588, 503831924.940194
0.002866, -0.005791, 500000000.000098, 500000000.000096, 499999999.999988
0.002983, -0.005791, 500000000.000098, 500000000.000110, 499999999.999987
0.003101, -0.005791, 500000000.000104, 500000000.000110, 499999999.999924
0.003217, -0.005791, 500000000.000101, 500000000.000098, 499999999.999988
0.003335, -0.005791, 500000000.000098, 500000000.000101, 499999999.999925
0.003451, -0.005791, 500000000.000103, 500000000.000101, 499999999.999987
0.003569, -0.005791, 503439440.896728, 501929481.216437, 504313797.454927
0.003685, -0.005791, 500000000.000098, 500000000.000111, 499999999.999986
0.003802, -0.005791, 500000000.000104, 500000000.000113, 499999999.999987
0.003919, -0.005791, 500000000.000102, 500000000.000109, 499999999.999987
0.004037, -0.005791, 503684700.705887, 501918843.505994, 504301619.723133
0.004153, -0.005791, 500000000.000100, 500000000.000098, 499999999.999988
0.004270, -0.005791, 500000000.000101, 500000000.000107, 499999999.999988
0.004388, -0.005791, 500000000.000101, 500000000.000096, 499999999.999987
0.004504, -0.005791, 500000000.000100, 500000000.000111, 499999999.999987
0.004622, -0.005791, 500000000.000096, 500000000.000110, 499999999.999988
0.004738, -0.005791, 500554818.371863, 500468454.505687, 501301707.160892
0.004856, -0.005791, 502965126.679654, 501280395.171374, 502823148.414993
0.004972, -0.005791, 500000000.000099, 500000000.000099, 499999999.999987
0.005090, -0.005791, 500000000.000098, 500000000.000109, 499999999.999987
0.005206, -0.005791, 503593047.266508, 501929703.444263, 504331636.027463
0.005324, -0.005791, 500000000.000100, 500000000.000111, 499999999.999988
0.005440, -0.005791, 500000000.000098, 500000000.000109, 499999999.999987
0.005557, -0.005791, 503130556.466576, 501897533.295258, 504277697.418437
0.005675, -0.005791, 500000000.000099, 500000000.000096, 499999999.999987
0.005791, -0.005791, 500000000.000102, 500000000.000098, 499999999.999987
-0.005791, -0.005674, 533182780.071714, 541687884.027327, 540122991.027249
-0.005674, -0.005674, 32684983872.948658, 32684983873.403999, 3766234925.100215
-0.005557, -0.005674, 119999999999.961212, 119999999999.969238, 119999999999.980698
-0.005441, -0.005674, 120000000000.053589, 120000000000.061768, 119999999999.980698
-0.005324, -0.005674, 120000000000.053497, 120000000000.061584, 119999999999.980652
-0.005207, -0.005674, 120000000000.053619, 119999999999.970184, 119999999999.980408
-0.005089, -0.005674, 120000000000.053345, 120000000000.061859, 119999999999.968964
-0.004972, -0.005674, 113360805558.375214, 59863976133.193459, 87776904620.502914
-0.004855, -0.005674, 120000000000.053146, 120000000000.061783, 119999999999.980499
-0.004738, -0.005674, 120000000000.054733, 120000000000.062180, 119999999999.980728
-0.004621, -0.005674, 3850090649.439139, 39579307781.116982, 4261011761.298970
-0.004504, -0.005674, 1120223629.167045, 1230933800.544217, 1186149173.792105
-0.004387, -0.005674, 25664436914.755459, 49191627642.445702, 18081252072.640350
-0.004270, -0.005674, 717062769.511919, 754906126.078004, 739953911.225200
-0.004154, -0.005674, 500000000.000100, 500000000.000095, 499999999.999987
-0.004036, -0.005674, 500000000.000099, 500000000.000103, 499999999.999988
-0.003920, -0.005674, 500000000.000100, 500000000.000112, 499999999.999988
-0.003803, -0.005674, 562485816.914082, 562485816.916095, 569941120.127408
-0.003686, -0.005674, 33942873491.609997, 33942873492.050930, 3849940583.691417
-0.003569, -0.005674, 37695987334.899353, 113830925919.600876, 52824070369.367462
-0.003452, -0.005674, 828160653.643726, 827099560.272578, 847820061.207405
-0.003335, -0.005674, 678967542.624805, 714246878.237974, 700508588.106579
-0.003218, -0.005674, 63471715648.308266, 38241339199.002174, 15884529051.909943
-0.003101, -0.005674, 1109449504.672955, 1171061873.403634, 1150350312.734797
-0.002984, -0.005674, 500000000.000099, 500000000.000110, 499999999.999987
-0.002867, -0.005674, 500000000.000101, 500000000.000096, 499999999.999988
-0.002750, -0.005674, 500000000.000106, 500000000.000106, 499999999.999987
-0.002633, -0.005674, 500000000.000101, 500000000.000111, 499999999.999987
-0.002516, -0.005674, 850529623.266658, 901101596.117413, 885126714.264991
-0.002399, -0.005674, 36653415688.280586, 69616191156.176926, 20281918822.354118
-0.002282, -0.005674, 820884649.280807, 866681983.708978, 849641104.979830
-0.002165, -0.005674, 544787755.380366, 564780480.812151, 555143707.368664
-0.002048, -0.005674, 56398299111.243980, 8505932902.291672, 5089076772.955800
-0.001931, -0.005674, 2476401030.674320, 2583504151.987090, 2576152483.674835
-0.001814, -0.005674, 501511541.887729, 501754916.267045, 502837545.148161
-0.001697, -0.005674, 500000000.000101, 500000000.000098, 499999999.999987
-0.001580, -0.005674, 500000000.000098, 500000000.000110, 499999999.999987
-0.001463, -0.005674, 500000000.000099, 500000000.000095, 499999999.999988
-0.001345, -0.005674, 616648371.901543, 645692254.998746, 633207360.047615
-0.001228, -0.005674, 76978556831.038589, 21772469258.815056, 10562829294.799465
-0.001112, -0.005674, 1397184810.929447, 1499937303.273594, 1457509718.896865
-0.000995, -0.005674, 500000000.000100, 500000000.000113, 499999999.999988
-0.000878, -0.005674, 1950362251.434796, 2030983107.971722, 1985686608.470302
-0.000761, -0.005674, 6837292013.876433, 12991783388.091288, 6777242277.440878
-0.000644, -0.005674, 571987193.337823, 593748973.790423, 583131145.352154
-0.000527, -0.005674, 500000000.000102, 500000000.000103, 499999999.999988
-0.000410, -0.005674, 499999999.999743, 500000000.000100, 499999999.999987
-0.000293, -0.005674, 500000000.000096, 500000000.000099, 499999999.999988
-0.000176, -0.005674, 517439760.807813, 530141441.681294, 524472228.327928
-0.000058, -0.005674, 35085803527.916397, 4306968228.865650, 3569350811.303249
0.000058, -0.005674, 3522277333.994743, 4306968229.161724, 3569350811.326539
0.000175, -0.005674, 518732858.351453, 530141441.678535, 524472228.328124
0.000292, -0.005674, 958593059.210784, 1014418901.713023, 998890566.380347
0.000409, -0.005674, 29120407797.229660, 56250717610.683311, 19001944157.981201
0.000526, -0.005674, 741770432.648696, 782635781.956761, 766760957.342917
0.000643, -0.005674, 500000000.000099, 500000000.000095, 499999999.999987
0.000760, -0.005674, 500000000.000097, 500000000.000099, 499999999.999987
0.000877, -0.005674, 500000000.000106, 500000000.000097, 499999999.999988
0.000994, -0.005674, 500000000.000101, 500000000.000110, 499999999.999987
0.001112, -0.005674, 1405588791.747681, 1499937303.830775, 1457509718.917083
0.001228, -0.005674, 11222809970.157339, 21772469259.183727, 10562829294.986662
0.001345, -0.005674, 617815246.100450, 645692254.980808, 633207360.047789
0.001462, -0.005674, 660346387.927735, 694094271.382465, 680356369.560199
0.001579, -0.005674, 68621204933.261162, 32710771151.502743, 14416800948.454506
0.001696, -0.005674, 1202288027.375851, 1274980202.214447, 1252139341.114501
0.001813, -0.005674, 500000000.000099, 500000000.000104, 499999999.999988
0.001930, -0.005674, 500000000.000101, 500000000.000104, 499999999.999987
0.002048, -0.005674, 500000000.000102, 500000000.000110, 499999999.999987
0.002164, -0.005674, 500000000.000100, 500000000.000094, 499999999.999988
0.002282, -0.005674, 816886521.227066, 866681983.860298, 849641104.976611
0.002398, -0.005674, 39640402179.843063, 69616191156.416275, 20281918822.563911
0.002515, -0.005674, 855263708.208241, 901101595.855989, 885126714.268063
0.002632, -0.005674, 536483464.661829, 555077067.573929, 545995066.681163
0.002749, -0.005674, 50272460057.915123, 7051645389.657558, 4596161215.900290
0.002866, -0.005674, 2732264578.938713, 2884295519.915202, 2817970327.851855
0.002983, -0.005674, 508306877.411554, 508582955.197704, 510289175.685428
0.003101, -0.005674, 500000000.000094, 500000000.000095, 499999999.999987
0.003217, -0.005674, 500000000.000100, 500000000.000097, 499999999.999988
0.003335, -0.005674, 500000000.000094, 500000000.000110, 499999999.999987
0.003451, -0.005674, 602338132.394203, 629298807.564200, 617713841.370559
0.003569, -0.005674, 77564093278.930817, 18813804822.073982, 9291396462.528093
0.003685, -0.005674, 1501215933.413852, 1621117267.979043, 1571485195.141178
0.003802, -0.005674, 500000000.000102, 500000000.000105, 499999999.999987
0.003919, -0.005674, 1756305238.428730, 1858282700.199509, 1805476646.615451
0.004037, -0.005674, 7769974103.316950, 14922571769.899857, 7634065412.537032
0.004153, -0.005674, 583180348.407480, 606696693.006895, 595438895.136003
0.004270, -0.005674, 500000000.000100, 500000000.000097, 499999999.999988
0.004388, -0.005674, 500000000.000106, 500000000.000106, 499999999.999987
0.004504, -0.005674, 500000000.000100, 500000000.000100, 499999999.999988
0.004622, -0.005674, 512715514.119173, 519916129.212103, 518315512.832354
0.004738, -0.005674, 24834299042.874664, 3660078885.423717, 3280633793.819520
0.004856, -0.005674, 3887452698.317278, 5161379891.368052, 3925353134.375464
0.004972, -0.005674, 525569000.564993, 539889807.886642, 532224342.052849
0.005090, -0.005674, 915659332.866251, 970790199.513252, 954045698.139777
0.005206, -0.005674, 31550829146.509624, 62809255606.375587, 19689667961.256371
0.005324, -0.005674, 769566551.074988, 812865389.247418, 796048035.074557
0.005440, -0.005674, 560245330.189944, 582621522.975379, 572089925.005825
0.005557, -0.005674, 66587177806.028839, 11275504219.314695, 6082527878.887608
0.005675, -0.005674, 2076391507.576959, 2206997568.959097, 2187472649.688846
0.005791, -0.005674, 500000000.000099, 500000000.000101, 499999999.999988
-0.005791, -0.005557, 601003182.411856, 768093118.386720, 619267618.535270
-0.005674, -0.005557, 120000000000.054474, 120000000000.062073, 119999999999.969177
-0.005557, -0.005557, 120000000000.054108, 119999999999.969299, 119999999999.980774
-0.005441, -0.005557, 120000000000.053955, 120000000000.062149, 119999999999.980728
-0.005324, -0.005557, 120000000000.053925, 120000000000.062469, 119999999999.980667
-0.005207, -0.005557, 120000000000.052887, 120000000000.062424, 119999999999.980728
-0.005089, -0.005557, 119999999999.961182, 120000000000.062149, 119999999999.980652
-0.004972, -0.005557, 1139976676.568326, 2002629064.100951, 1073423437.061786
-0.004855, -0.005557, 2628987264.977556, 8422831134.880757, 2013095954.331525
-0.004738, -0.005557, 119999999999.960693, 120000000000.062073, 119999999999.969284
-0.004621, -0.005557, 120000000000.053864, 120000000000.062515, 119999999999.980850
-0.004504, -0.005557, 2426050892.937357, 9668684140.628220, 3224773243.301776
-0.004387, -0.005557, 120000000000.052979, 120000000000.061768, 119999999999.980667
-0.004270, -0.005557, 889802568.830673, 1138579080.506269, 939542674.554063
-0.004154, -0.005557, 500000000.000100, 500000000.000112, 499999999.999988
-0.004036, -0.005557, 500000000.000098, 500000000.000096, 499999999.999988
-0.003920, -0.005557, 499999999.999735, 500000000.000098, 499999999.999987
-0.003803, -0.005557, 2262350679.150275, 11201021116.320562, 2417292770.246109
-0.003686, -0.005557, 120000000000.053467, 120000000000.061829, 119999999999.980408
-0.003569, -0.005557, 120000000000.055222, 120000000000.061615, 119999999999.980484
-0.003452, -0.005557, 37695987334.899292, 113830925919.601120, 52824070369.368599
-0.003335, -0.005557, 1412352483.042233, 2137016454.242348, 1550837613.626632
-0.003218, -0.005557, 120000000000.053299, 120000000000.062103, 119999999999.980652
-0.003101, -0.005557, 1623103653.771772, 2391031609.807388, 1803138463.265279
-0.002984, -0.005557, 500000000.000104, 500000000.000111, 499999999.999988
-0.002867, -0.005557, 500000000.000099, 500000000.000099, 499999999.999987
-0.002750, -0.005557, 500000000.000094, 500000000.000099, 499999999.999987
-0.002633, -0.005557, 538615692.382258, 538614061.596414, 544573207.846449
-0.002516, -0.005557, 19281719657.776760, 61447030683.680992, 3721091694.773621
-0.002399, -0.005557, 120000000000.053436, 120000000000.062103, 119999999999.980698
-0.002282, -0.005557, 4798684136.364944, 66359927199.601921, 5341472752.889971
-0.002165, -0.005557, 824842178.647273, 940369506.325165, 844900150.131895
-0.002048, -0.005557, 110693059880.184189, 28126157962.305992, 38209920023.148628
-0.001931, -0.005557, 6767350814.479834, 7639548690.625012, 8392277542.435864
-0.001814, -0.005557, 510153591.675250, 529614770.815202, 515113758.639089
-0.001697, -0.005557, 500000000.000102, 500000000.000112, 499999999.999988
-0.001580, -0.005557, 500000000.000103, 500000000.000099, 499999999.999987
-0.001463, -0.005557, 500000000.000101, 500000000.000096, 499999999.999987
-0.001345, -0.005557, 1133223573.897672, 6835408247.009386, 1203133106.316207
-0.001228, -0.005557, 120000000000.054474, 120000000000.061584, 119999999999.980698
-0.001112, -0.005557, 2328511814.912728, 3470745717.216900, 2705113995.186695
-0.000995, -0.005557, 500000000.000094, 500000000.000109, 499999999.999987
-0.000878, -0.005557, 113175620979.136948, 118378421844.357925, 112196982510.108032
-0.000761, -0.005557, 55401637000.944618, 55401637000.945335, 77960765277.375458
-0.000644, -0.005557, 634250145.917277, 738344574.570144, 656571882.443775
-0.000527, -0.005557, 500000000.000103, 500000000.000094, 499999999.999987
-0.000410, -0.005557, 500000000.000097, 500000000.000097, 499999999.999987
-0.000293, -0.005557, 500000000.000102, 500000000.000111, 499999999.999987
-0.000176, -0.005557, 541516971.758206, 597617941.931301, 553959406.549165
-0.000058, -0.005557, 97217392243.977676, 13562345231.723892, 16838465846.056280
0.000058, -0.005557, 13562335679.761343, 13562345231.724058, 16838465846.056482
0.000175, -0.005557, 542298672.431982, 597617941.930606, 553959406.549494
0.000292, -0.005557, 1339246332.383249, 1894621240.554466, 1449588664.201325
0.000409, -0.005557, 120000000000.053543, 119999999999.968765, 119999999999.980652
0.000526, -0.005557, 931387499.960621, 1205630469.381903, 986194207.805736
0.000643, -0.005557, 500000000.000100, 500000000.000096, 499999999.999925
0.000760, -0.005557, 500000000.000100, 500000000.000100, 499999999.999987
0.000877, -0.005557, 500000000.000100, 500000000.000099, 499999999.999988
0.000994, -0.005557, 500000000.000102, 500000000.000097, 499999999.999987
0.001112, -0.005557, 2392304113.562138, 3470745717.218217, 2705113995.189117
0.001228, -0.005557, 118516610634.256927, 118516610634.263641, 119886309901.139648
0.001345, -0.005557, 716043975.124438, 864442402.696967, 747300173.510199
0.001462, -0.005557, 793931348.765203, 984581326.838976, 832657445.902314
0.001579, -0.005557, 120000000000.055344, 120000000000.061890, 119999999999.980667
0.001696, -0.005557, 2130858177.267565, 2845110383.570107, 2433197902.369708
0.001813, -0.005557, 500000000.000100, 500000000.000100, 499999999.999987
0.001930, -0.005557, 500000000.000092, 500000000.000111, 499999999.999988
0.002048, -0.005557, 500000000.000090, 500000000.000096, 499999999.999987
0.002164, -0.005557, 500000000.000100, 500000000.000092, 499999999.999987
0.002282, -0.005557, 1068139172.340023, 1430621847.614139, 1138720733.859373
0.002398, -0.005557, 119999999999.961212, 120000000000.061768, 119999999999.980499
0.002515, -0.005557, 1128000185.912966, 1540686895.503341, 1210729744.125476
0.002632, -0.005557, 574388266.447366, 648161254.894553, 590816778.722759
0.002749, -0.005557, 107662787132.831421, 22301290437.180519, 29481879952.502098
0.002866, -0.005557, 120000000000.053070, 120000000000.061905, 119999999999.980576
0.002983, -0.005557, 2362811246.184208, 2264781902.151121, 2121187714.978451
0.003101, -0.005557, 620186786.857339, 600915618.908053, 613128443.588345
0.003217, -0.005557, 500000000.000094, 500000000.000097, 499999999.999987
0.003335, -0.005557, 500000000.000097, 500000000.000095, 499999999.999988
0.003451, -0.005557, 690941468.391405, 826785490.250452, 719881194.600723
0.003569, -0.005557, 119403399709.309769, 106141579483.684830, 118003071897.054306
0.003685, -0.005557, 2637577728.236317, 3869637652.149789, 3119695842.802524
0.003802, -0.005557, 500000000.000097, 500000000.000100, 499999999.999987
0.003919, -0.005557, 3653005499.213802, 4731784610.653557, 4169158403.932333
0.004037, -0.005557, 120000000000.054535, 120000000000.062515, 119999999999.980728
0.004153, -0.005557, 4936996094.394588, 14779178601.783354, 4410959454.114480
0.004270, -0.005557, 544944073.548331, 563423098.010119, 554156837.877541
0.004388, -0.005557, 500000000.000102, 500000000.000110, 499999999.999987
0.004504, -0.005557, 525567628.246413, 529564670.449989, 531538813.924742
0.004622, -0.005557, 14056345262.932199, 2214024441.783194, 1723062347.685093
0.004738, -0.005557, 119999999999.961517, 120000000000.062134, 119999999999.969299
0.004856, -0.005557, 16120872688.915462, 16120872688.915295, 20490571537.433064
0.004972, -0.005557, 553626147.636315, 616309545.753250, 567040950.208328
0.005090, -0.005557, 1251682132.587075, 1743902492.573408, 1348515503.175026
0.005206, -0.005557, 119999999999.960693, 120000000000.061569, 119999999999.980331
0.005324, -0.005557, 978021909.947483, 1284189612.081628, 1038964158.765648
0.005440, -0.005557, 615391129.880641, 709706209.407855, 636197687.257649
0.005557, -0.005557, 114667270897.599930, 41667633432.129028, 58790171868.280495
0.005675, -0.005557, 4949156579.077445, 6107218143.263369, 6082527878.936530
0.005791, -0.005557, 502026607.853125, 503805791.821435, 504277697.418402
-0.005791, -0.005441, 601003182.411210, 768093118.386720, 619267618.535309
-0.005674, -0.005441, 120000000000.052658, 120000000000.062302, 119999999999.980423
-0.005557, -0.005441, 120000000000.054047, 120000000000.061371, 119999999999.980667
-0.005441, -0.005441, 1462983206.779632, 1462983206.779161, 1319907247.482428
-0.005324, -0.005441, 15564250360.719978, 3806939279.683821, 2940573469.891233
-0.005207, -0.005441, 120000000000.054031, 120000000000.063583, 119999999999.980652
-0.005089, -0.005441, 120000000000.054047, 120000000000.062622, 119999999999.980667
-0.004972, -0.005441, 16201228589.541058, 76634410950.972382, 11293500111.478268
-0.004855, -0.005441, 113787442844.784424, 113787442844.835144, 52682952891.519928
-0.004738, -0.005441, 120000000000.055222, 120000000000.062057, 119999999999.980499
-0.004621, -0.005441, 120000000000.054718, 120000000000.063232, 119999999999.969177
-0.004504, -0.005441, 1285335937.351215, 2622620014.472769, 1402186574.572764
-0.004387, -0.005441, 855912085.768948, 658598472.459482, 684093634.441728
-0.004270, -0.005441, 505787648.346113, 505787648.346092, 506701540.954873
-0.004154, -0.005441, 500000000.000095, 500000000.000109, 499999999.999987
-0.004036, -0.005441, 500000000.000095, 500000000.000098, 499999999.999988
-0.003920, -0.005441, 500000000.000100, 500000000.000109, 499999999.999987
-0.003803, -0.005441, 3025119024.722254, 14166631100.186920, 3546285049.956131
-0.003686, -0.005441, 120000000000.053314, 120000000000.061646, 119999999999.980728
-0.003569, -0.005441, 120000000000.055450, 119999999999.969055, 119999999999.980545
-0.003452, -0.005441, 120000000000.053741, 119999999999.969162, 119999999999.980728
-0.003335, -0.005441, 748244909.478195, 1145449499.197817, 780425619.199843
-0.003218, -0.005441, 819622424.016290, 654801020.203312, 680451622.847110
-0.003101, -0.005441, 543654111.232805, 531819406.125635, 535906711.671838
-0.002984, -0.005441, 499999999.999738, 500000000.000110, 499999999.999988
-0.002867, -0.005441, 500000000.000100, 500000000.000097, 499999999.999926
-0.002750, -0.005441, 500000000.000099, 500000000.000111, 499999999.999987
-0.002633, -0.005441, 2569584131.223322, 13528426991.093319, 2655440123.605515
-0.002516, -0.005441, 6710752171.652113, 6710530411.267359, 7763305672.610364
-0.002399, -0.005441, 1345851389.288904, 837240283.246542, 831944214.560146
-0.002282, -0.005441, 29896899907.472466, 2663265057.614016, 2967430307.434017
-0.002165, -0.005441, 4562420485.344070, 13519858275.010757, 6149476214.585659
-0.002048, -0.005441, 659284244.898165, 606873968.392698, 625792593.232073
-0.001931, -0.005441, 609228399.832846, 569114466.793871, 580794963.297279
-0.001814, -0.005441, 583475180.719861, 592744043.791393, 594451452.405016
-0.001697, -0.005441, 1583452100.815319, 1103256192.496242, 1166448585.219269
-0.001580, -0.005441, 507208729.749834, 509529348.189225, 509955780.367264
-0.001463, -0.005441, 700124221.957550, 738819361.157763, 722651956.273019
-0.001345, -0.005441, 113928649462.159805, 115563663052.947723, 60884702255.526642
-0.001228, -0.005441, 1322987482.016400, 1235283310.335001, 1283212615.974507
-0.001112, -0.005441, 564124045.135114, 543824048.881088, 550324361.782897
-0.000995, -0.005441, 661136536.149113, 689862666.618843, 690085145.634527
-0.000878, -0.005441, 1105515442.782752, 756299534.544070, 775074643.593373
-0.000761, -0.005441, 726739938.154239, 623845277.799480, 645799809.726938
-0.000644, -0.005441, 500000000.000101, 500000000.000099, 499999999.999987
-0.000527, -0.005441, 500000000.000101, 500000000.000094, 499999999.999987
-0.000410, -0.005441, 500000000.000100, 500000000.000116, 499999999.999987
-0.000293, -0.005441, 500000000.000098, 500000000.000109, 499999999.999987
-0.000176, -0.005441, 500000000.000099, 500000000.000098, 499999999.999987
-0.000058, -0.005441, 626517583.192049, 587257817.917679, 602504264.223708
0.000058, -0.005441, 643978600.424737, 587257817.917483, 602504264.224088
0.000175, -0.005441, 500000000.000099, 499999999.999745, 499999999.999987
0.000292, -0.005441, 524539043.004207, 524191367.465737, 526870548.803988
0.000409, -0.005441, 862774788.579673, 660016917.334554, 685425798.085452
0.000526, -0.005441, 508145124.660024, 508145124.659954, 508972741.214656
0.000643, -0.005441, 500000000.000097, 500000000.000101, 499999999.999987
0.000760, -0.005441, 500000000.000101, 500000000.000098, 499999999.999987
0.000877, -0.005441, 500000000.000096, 500000000.000110, 499999999.999925
0.000994, -0.005441, 500000000.000097, 500000000.000095, 499999999.999987
0.001112, -0.005441, 553229256.828382, 543824048.881181, 550324361.782686
0.001228, -0.005441, 785351227.017628, 640437151.539273, 665318540.350245
0.001345, -0.005441, 500000000.000098, 500000000.000101, 499999999.999987
0.001462, -0.005441, 500897684.646664, 501205996.849784, 502014741.268984
0.001579, -0.005441, 783411310.422490, 651681183.740906, 677312798.436183
0.001696, -0.005441, 548822809.001172, 534919297.374256, 539621928.521697
0.001813, -0.005441, 500000000.000099, 500000000.000100, 499999999.999987
0.001930, -0.005441, 500000000.000100, 500000000.000096, 499999999.999987
0.002048, -0.005441, 499999999.999739, 500000000.000109, 499999999.999988
0.002164, -0.005441, 535696472.692798, 515164161.789932, 522757177.384294
0.002282, -0.005441, 512687073.873594, 514622119.803963, 515854639.934328
0.002398, -0.005441, 873465906.638824, 661655849.183797, 687039793.183938
0.002515, -0.005441, 520226705.550355, 517203686.955136, 518776781.137540
0.002632, -0.005441, 500000000.000101, 500000000.000103, 499999999.999987
0.002749, -0.005441, 649875488.870315, 601329595.512249, 619249061.023603
0.002866, -0.005441, 1570475603.943382, 792393256.229777, 819118834.448344
0.002983, -0.005441, 63364619931.554901, 4120969130.435677, 4795097395.418604
0.003101, -0.005441, 1122603690.501667, 1584874886.885528, 1197012241.301213
0.003217, -0.005441, 500000000.000101, 500000000.000098, 499999999.999987
0.003335, -0.005441, 500000000.000098, 500000000.000099, 499999999.999987
0.003451, -0.005441, 500000000.000103, 500000000.000097, 499999999.999926
0.003569, -0.005441, 713713653.626997, 635546862.868824, 659549543.782067
0.003685, -0.005441, 570153956.986135, 547297109.926705, 554513874.700473
0.003802, -0.005441, 500000000.000098, 500000000.000111, 499999999.999987
0.003919, -0.005441, 568898385.352640, 553680455.371076, 562219079.415728
0.004037, -0.005441, 1281774740.824163, 735914505.761763, 746951882.593678
0.004153, -0.005441, 2034016349.451784, 1210190085.924106, 1304365025.228623
0.004270, -0.005441, 524395413.079821, 539364456.499173, 528940162.349474
0.004388, -0.005441, 499999999.999743, 500000000.000111, 499999999.999987
0.004504, -0.005441, 583014700.950960, 643523339.006093, 597495397.110121
0.004622, -0.005441, 11904326496.992258, 4155087348.003873, 5466010340.554764
0.004738, -0.005441, 1152911975.310243, 864352399.791129, 903221228.517858
0.004856, -0.005441, 654622543.293076, 592489596.395210, 608766250.417934
0.004972, -0.005441, 500000000.000092, 500000000.000102, 499999999.999988
0.005090, -0.005441, 520894035.666176, 521435316.654640, 523648746.548917
0.005206, -0.005441, 867218302.310895, 660915655.815412, 686304195.413928
0.005324, -0.005441, 511087651.492941, 510717798.069804, 511590491.946120
0.005440, -0.005441, 500000000.000104, 500000000.000113, 499999999.999987
0.005557, -0.005441, 674491642.852224, 615759979.330223, 636197687.259161
0.005675, -0.005441, 596090233.260477, 561883155.216018, 572089925.002902
0.005791, -0.005441, 500000000.000094, 500000000.000095, 499999999.999988
-0.005791, -0.005324, 601003182.411442, 768093118.386760, 619267618.535271
-0.005674, -0.005324, 120000000000.052536, 120000000000.063644, 119999999999.980667
-0.005557, -0.005324, 120000000000.053299, 120000000000.063782, 119999999999.980606
-0.005441, -0.005324, 3806939279.682728, 15564250360.106882, 2940573469.893328
-0.005324, -0.005324, 78761749838.064240, 78761749838.290573, 9410014922.677771
-0.005207, -0.005324, 120000000000.053833, 120000000000.063248, 119999999999.969254
-0.005089, -0.005324, 120000000000.052948, 120000000000.062271, 119999999999.980698
-0.004972, -0.005324, 120000000000.055054, 120000000000.062347, 119999999999.980499
-0.004855, -0.005324, 32330032612.133907, 81576955931.960312, 31884072382.015118
-0.004738, -0.005324, 110088157207.922775, 93508535424.610504, 47459791778.729355
-0.004621, -0.005324, 119999999999.962311, 120000000000.061890, 119999999999.980728
-0.004504, -0.005324, 1671785166.026498, 2602051389.366179, 1907919443.390518
-0.004387, -0.005324, 6419310636.832451, 1293997490.126701, 1358498809.638844
-0.004270, -0.005324, 12989587069.079870, 11205547888.614935, 8579233763.425291
-0.004154, -0.005324, 591217406.035318, 625483446.642849, 611074097.611873
-0.004036, -0.005324, 2098347914.707800, 1014809535.368226, 1078856577.186283
-0.003920, -0.005324, 788630720.260039, 733577019.005547, 758008325.747862
-0.003803, -0.005324, 3025119024.721144, 14166631100.186945, 3546285049.955623
-0.003686, -0.005324, 118499462925.938751, 119450731104.549744, 119727270224.668762
-0.003569, -0.005324, 101407712039.977737, 40917388858.954346, 23617592884.213284
-0.003452, -0.005324, 120000000000.053146, 120000000000.062134, 119999999999.980728
-0.003335, -0.005324, 846676705.074638, 1393647608.590923, 902222613.137633
-0.003218, -0.005324, 2266826584.018106, 1095336549.964828, 1167525869.267028
-0.003101, -0.005324, 665687283.078644, 648278336.914106, 663205688.152365
-0.002984, -0.005324, 500000000.000100, 500000000.000114, 499999999.999988
-0.002867, -0.005324, 884133638.538185, 817362834.536843, 853442336.226978
-0.002750, -0.005324, 1149573808.331052, 927498349.369848, 979514108.872439
-0.002633, -0.005324, 903270777.621534, 857877369.441566, 885364948.463701
-0.002516, -0.005324, 820252156.111858, 806574907.414157, 834804720.368614
-0.002399, -0.005324, 2047731669.709375, 1115424831.222735, 1187210269.634647
-0.002282, -0.005324, 635903987.863654, 629398487.517982, 642758845.202414
-0.002165, -0.005324, 665327077.656577, 599264956.636086, 617574307.687424
-0.002048, -0.005324, 1548884586.627691, 948121926.979682, 1002920971.740368
-0.001931, -0.005324, 897125944.296760, 798662561.828876, 832249100.178489
-0.001814, -0.005324, 664653238.307686, 734880846.029679, 685934681.517429
-0.001697, -0.005324, 113594186977.147629, 50206670337.031960, 66999752979.758293
-0.001580, -0.005324, 1856273958.617854, 1968196698.836480, 1583794868.506323
-0.001463, -0.005324, 658716941.822364, 670904292.242439, 672810103.945863
-0.001345, -0.005324, 1626923410.682427, 1149261763.306932, 1256360857.092970
-0.001228, -0.005324, 2281988176.693476, 1073046217.283965, 1152361212.402632
-0.001112, -0.005324, 729871335.620204, 694679958.048672, 714441773.776384
-0.000995, -0.005324, 673798691.170578, 1654424456.469643, 721184388.928866
-0.000878, -0.005324, 788637270.103414, 749708388.088561, 776326096.518955
-0.000761, -0.005324, 1338759281.601951, 997835661.393873, 1059502050.804103
-0.000644, -0.005324, 514041365.400605, 511374759.054071, 514750308.713180
-0.000527, -0.005324, 563935409.804819, 564081376.341329, 571625988.923812
-0.000410, -0.005324, 2188420216.223704, 1110563297.836243, 1182373116.962084
-0.000293, -0.005324, 630378755.462152, 620082406.693660, 632123672.279305
-0.000176, -0.005324, 500254656.900663, 500270501.379589, 500768999.172113
-0.000058, -0.005324, 997310660.459429, 872398182.455768, 916438449.078823
0.000058, -0.005324, 1031832291.816875, 872398182.278835, 916438449.067808
0.000175, -0.005324, 500319263.305574, 500270501.379621, 500768999.172111
0.000292, -0.005324, 624951670.946362, 620082406.756488, 632123672.282913
0.000409, -0.005324, 1942555709.004979, 1110563297.796610, 1182373116.963807
0.000526, -0.005324, 568498218.304586, 564081376.319710, 571625988.923895
0.000643, -0.005324, 511272480.768612, 511374759.053941, 514750308.714140
0.000760, -0.005324, 1983394048.737547, 997835661.543756, 1059502050.803717
0.000877, -0.005324, 814187310.304460, 749708387.933199, 776326096.508982
0.000994, -0.005324, 500000000.000098, 500000000.000111, 499999999.999987
0.001112, -0.005324, 715703980.130987, 694679958.172886, 714441773.784360
0.001228, -0.005324, 1556330414.975091, 1055764647.449948, 1124805424.622103
0.001345, -0.005324, 529358404.358137, 525062095.896066, 529904520.073714
0.001462, -0.005324, 538906863.003306, 539034704.500392, 544928312.263555
0.001579, -0.005324, 2285336543.013702, 1086898659.408925, 1158691524.401849
0.001696, -0.005324, 682126621.766995, 660550458.981035, 676633304.420370
0.001813, -0.005324, 500000000.000095, 500000000.000110, 499999999.999986
0.001930, -0.005324, 856543044.758052, 797884289.450489, 831183634.235152
0.002048, -0.005324, 16217105034.312365, 1526264001.976300, 1580472524.530920
0.002164, -0.005324, 20345791690.652496, 98628569942.628326, 25832318941.486980
0.002282, -0.005324, 672058821.778129, 739258258.847175, 707186774.799142
0.002398, -0.005324, 2084626855.251796, 1115424831.089354, 1187210269.617679
0.002515, -0.005324, 601414364.192596, 595197741.083830, 604915632.199836
0.002632, -0.005324, 503030818.111993, 503114717.738421, 505008093.724002
0.002749, -0.005324, 1364460510.492629, 927498349.628327, 979514108.898755
0.002866, -0.005324, 929802729.424469, 817362834.354081, 853442336.216475
0.002983, -0.005324, 517653506.268271, 511222732.821629, 516114964.781352
0.003101, -0.005324, 671204844.713272, 653538211.137618, 672011396.691865
0.003217, -0.005324, 1788709482.727675, 1095336549.896074, 1167525869.267255
0.003335, -0.005324, 549666144.066728, 544784318.261711, 551131741.741927
0.003451, -0.005324, 520472902.704057, 520575069.274765, 525023593.322692
0.003569, -0.005324, 2221546284.349521, 1041050018.577950, 1108367059.128958
0.003685, -0.005324, 749165768.319782, 707998945.984185, 729476334.150920
0.003802, -0.005324, 500000000.000100, 500000000.000097, 499999999.999988
0.003919, -0.005324, 766707345.829888, 733577019.084973, 758008325.754323
0.004037, -0.005324, 1393858261.103520, 1014809535.220094, 1078856577.188228
0.004153, -0.005324, 517616360.643775, 514447646.949997, 518245491.087207
0.004270, -0.005324, 556629969.466070, 556764909.255997, 563769211.180650
0.004388, -0.005324, 2224801764.242473, 1106520486.382750, 1178480495.069585
0.004504, -0.005324, 643225160.828015, 630563382.313754, 643649228.077528
0.004622, -0.005324, 500000000.000103, 500000000.000111, 499999999.999987
0.004738, -0.005324, 938383074.067514, 852808934.109020, 893911543.253924
0.004856, -0.005324, 1076686797.781674, 894198807.831598, 941338270.672684
0.004972, -0.005324, 501277451.487066, 501086240.307429, 502225782.042913
0.005090, -0.005324, 614025302.190678, 610604838.940496, 621728138.385709
0.005206, -0.005324, 1982631803.260039, 1113321837.202319, 1185065918.512336
0.005324, -0.005324, 577040315.116492, 572601062.690656, 580555468.962265
0.005440, -0.005324, 508490733.353477, 508596364.756718, 511590491.946497
0.005557, -0.005324, 1841361933.595896, 979673282.653046, 1038964158.780905
0.005675, -0.005324, 843327035.997962, 767223554.749627, 796048035.076467
0.005791, -0.005324, 500000000.000097, 500000000.000111, 499999999.999987
-0.005791, -0.005207, 601003182.411125, 768093118.386748, 619267618.535266
-0.005674, -0.005207, 119999999999.961517, 120000000000.062805, 119999999999.980453
-0.005557, -0.005207, 120000000000.054688, 120000000000.062561, 119999999999.980621
-0.005441, -0.005207, 120000000000.053741, 120000000000.062149, 119999999999.980743
-0.005324, -0.005207, 120000000000.053467, 120000000000.061829, 119999999999.980621
-0.005207, -0.005207, 120000000000.054886, 120000000000.063202, 119999999999.980576
-0.005089, -0.005207, 119999999999.961212, 120000000000.062180, 119999999999.980743
-0.004972, -0.005207, 52205519965.563004, 96131123587.521118, 23526190869.758125
-0.004855, -0.005207, 120000000000.053314, 120000000000.063232, 119999999999.980423
-0.004738, -0.005207, 120000000000.053375, 120000000000.061493, 119999999999.980576
-0.004621, -0.005207, 86548732620.176804, 94650167140.615723, 23707126559.972069
-0.004504, -0.005207, 3487419873.885440, 26736714979.078907, 5028067463.831967
-0.004387, -0.005207, 120000000000.054153, 120000000000.061905, 119999999999.980728
-0.004270, -0.005207, 1962877613.765322, 2220937608.897484, 2043642473.990934
-0.004154, -0.005207, 743642842.213094, 1088313932.654716, 783778305.059214
-0.004036, -0.005207, 119999999999.961182, 120000000000.062439, 119999999999.980606
-0.003920, -0.005207, 5704236130.454784, 23909197493.258862, 8085074896.018189
-0.003803, -0.005207, 2840604094.245779, 14104963865.872997, 3399300617.325253
-0.003686, -0.005207, 87334376720.901306, 98109714392.429916, 30166313775.847462
-0.003569, -0.005207, 120000000000.053711, 120000000000.061569, 119999999999.980652
-0.003452, -0.005207, 78098429990.431778, 97426997310.354630, 23996405779.150185
-0.003335, -0.005207, 2314953728.820256, 17071728208.386419, 2932917563.119943
-0.003218, -0.005207, 120000000000.054733, 120000000000.062073, 119999999999.980621
-0.003101, -0.005207, 2010328618.085943, 5983180774.087245, 2290413176.443818
-0.002984, -0.005207, 521864172.178474, 547492370.248682, 531338822.443772
-0.002867, -0.005207, 109529298769.354858, 110266520441.768021, 93128425857.088379
-0.002750, -0.005207, 120000000000.053909, 120000000000.061707, 119999999999.980667
-0.002633, -0.005207, 606485315.837247, 734728937.517747, 627514683.212741
-0.002516, -0.005207, 1314545907.683614, 2857441984.924561, 1413104274.888077
-0.002399, -0.005207, 120000000000.053589, 120000000000.062027, 119999999999.980667
-0.002282, -0.005207, 1221214616.941468, 2556040925.347968, 1317758392.462638
-0.002165, -0.005207, 625953972.730249, 782860554.486549, 648407498.175280
-0.002048, -0.005207, 120000000000.053757, 120000000000.062500, 119999999999.980362
-0.001931, -0.005207, 93413215161.093399, 118703426708.702377, 113473965048.234360
-0.001814, -0.005207, 571536948.618404, 625820035.037943, 588587040.741651
-0.001697, -0.005207, 2693232617.534551, 7212278449.373773, 3067108046.625545
-0.001580, -0.005207, 120000000000.054642, 120000000000.062271, 119999999999.969254
-0.001463, -0.005207, 877424309.089461, 1438553377.401714, 924043110.959031
-0.001345, -0.005207, 784794036.448662, 1187025291.267315, 820636825.359618
-0.001228, -0.005207, 120000000000.054245, 119999999999.969177, 119999999999.980545
-0.001112, -0.005207, 3221100547.363611, 12098797135.430742, 3952318672.625065
-0.000995, -0.005207, 673798691.169683, 1654424456.469642, 721184388.928751
-0.000878, -0.005207, 41472804798.136658, 109753286264.036575, 17803547145.519611
-0.000761, -0.005207, 120000000000.054398, 120000000000.061661, 119999999999.980545
-0.000644, -0.005207, 684067213.647535, 931736159.887170, 711382175.802395
-0.000527, -0.005207, 1053081054.058555, 1955184357.110573, 1117457489.966614
-0.000410, -0.005207, 120000000000.055374, 120000000000.062271, 119999999999.980545
-0.000293, -0.005207, 1579906474.923687, 4000675724.726375, 1748889645.285152
-0.000176, -0.005207, 560205134.278763, 648525877.267453, 577387511.078580
-0.000058, -0.005207, 119999999999.961395, 119999999999.968719, 119999999999.980576
0.000058, -0.005207, 120000000000.053345, 120000000000.061890, 119999999999.980286
0.000175, -0.005207, 1963309753.579833, 1700841143.750993, 1766232278.485190
0.000292, -0.005207, 1606679332.093309, 4000675724.729424, 1748889645.302998
0.000409, -0.005207, 120000000000.054474, 120000000000.062057, 119999999999.980728
0.000526, -0.005207, 1048505146.735754, 1955184357.107761, 1117457489.953291
0.000643, -0.005207, 684310082.830285, 931736159.887970, 711382175.796999
0.000760, -0.005207, 120000000000.053741, 119999999999.969009, 119999999999.969208
0.000877, -0.005207, 7953073974.083614, 32833339931.380920, 12092807521.151865
0.000994, -0.005207, 500000000.000103, 500000000.000099, 499999999.999987
0.001112, -0.005207, 3477863457.711702, 12098797135.435070, 3952318672.661742
0.001228, -0.005207, 120000000000.053665, 120000000000.062180, 119999999999.980453
0.001345, -0.005207, 784050610.191529, 1187025291.266413, 820636825.368507
0.001462, -0.005207, 879045925.884299, 1438553377.401514, 924043110.948693
0.001579, -0.005207, 120000000000.053375, 120000000000.062225, 119999999999.980606
0.001696, -0.005207, 2239765875.727019, 7125584780.475483, 2588773058.462414
0.001813, -0.005207, 511947817.194089, 526533018.352574, 518549681.214598
0.001930, -0.005207, 95773247939.184204, 85203022903.830185, 54052299968.210152
0.002048, -0.005207, 119999999999.961945, 119999999999.969238, 119999999999.969330
0.002164, -0.005207, 1231231266.950238, 1172275018.780390, 1181190076.796630
0.002282, -0.005207, 1351067974.720755, 3797302704.977630, 1481288373.012766
0.002398, -0.005207, 120000000000.054108, 120000000000.062500, 119999999999.980743
0.002515, -0.005207, 1301957041.095276, 2857441984.921596, 1413104274.876304
0.002632, -0.005207, 606543373.974686, 734728937.518036, 627514683.210612
0.002749, -0.005207, 120000000000.054352, 120000000000.061691, 119999999999.980728
0.002866, -0.005207, 56915535721.246635, 110266520441.676178, 93128425856.921799
0.002983, -0.005207, 522229474.753595, 547492370.251953, 531338822.441737
0.003101, -0.005207, 2070866574.528472, 5983180774.089917, 2290413176.461081
0.003217, -0.005207, 120000000000.054474, 119999999999.969086, 119999999999.980499
0.003335, -0.005207, 918339843.514770, 1553865287.276364, 969878311.996880
0.003451, -0.005207, 754670961.919723, 1108981959.931209, 787754234.337941
0.003569, -0.005207, 120000000000.052704, 120000000000.062180, 119999999999.980301
0.003685, -0.005207, 3851287490.760774, 15276211556.996065, 4910808825.399381
0.003802, -0.005207, 500000000.000099, 500000000.000101, 499999999.999988
0.003919, -0.005207, 7676214458.368607, 29734252042.136162, 8380859220.823965
0.004037, -0.005207, 120000000000.054001, 120000000000.062195, 119999999999.980606
0.004153, -0.005207, 708729448.262512, 994473917.381365, 738177668.669606
0.004270, -0.005207, 999089070.888963, 1786736064.399765, 1057157373.002336
0.004388, -0.005207, 120000000000.052856, 120000000000.062027, 119999999999.980667
0.004504, -0.005207, 1717178776.718263, 4620201977.961321, 1918678151.160621
0.004622, -0.005207, 544288715.203377, 596681647.096221, 559157856.347684
0.004738, -0.005207, 119625443232.833588, 119857431380.316757, 119821972639.229935
0.004856, -0.005207, 120000000000.054474, 120000000000.062073, 119999999999.980606
0.004972, -0.005207, 576705462.689312, 672937746.490951, 595346733.708319
0.005090, -0.005207, 1482463466.053688, 3508717518.706109, 1605578266.769091
0.005206, -0.005207, 120000000000.054535, 120000000000.061890, 119999999999.980667
0.005324, -0.005207, 1107315920.384160, 2152382412.509445, 1185065918.511120
0.005440, -0.005207, 661089277.789404, 873347785.829990, 686304195.415858
0.005557, -0.005207, 120000000000.053619, 120000000000.062134, 119999999999.980484
0.005675, -0.005207, 11990084683.066790, 46176297114.013046, 19689667961.312366
0.005791, -0.005207, 502078442.670016, 503575841.799876, 504331636.027451
-0.005791, -0.005089, 601003182.411351, 768093118.386758, 619267618.535262
-0.005674, -0.005089, 120000000000.054764, 120000000000.062149, 119999999999.980484
-0.005557, -0.005089, 6199379576.399877, 6194657247.535498, 7102679246.170946
-0.005441, -0.005089, 70614491941.934525, 6680423074.184999, 7727682856.922640
-0.005324, -0.005089, 120000000000.053665, 119999999999.969910, 119999999999.980621
-0.005207, -0.005089, 120000000000.054398, 120000000000.062271, 119999999999.980301
-0.005089, -0.005089, 120000000000.053802, 120000000000.062027, 119999999999.980652
-0.004972, -0.005089, 120000000000.053497, 120000000000.061951, 119999999999.980286
-0.004855, -0.005089, 31971238854.469433, 72802921438.019211, 31541917589.202106
-0.004738, -0.005089, 108823869225.984116, 88257047043.967545, 47241544278.648781
-0.004621, -0.005089, 120000000000.053619, 120000000000.062881, 119999999999.980698
-0.004504, -0.005089, 3639837987.313781, 6416127786.336844, 4735280444.361451
-0.004387, -0.005089, 15587895479.287933, 3276340331.655143, 4511252900.048855
-0.004270, -0.005089, 935498523.251642, 728359611.087477, 759404538.716059
-0.004154, -0.005089, 528024771.242094, 536848252.529208, 533877360.069049
-0.004036, -0.005089, 3925398484.962582, 1302238691.789220, 1416509221.527265
-0.003920, -0.005089, 933559382.354199, 868458813.914015, 891203890.816303
-0.003803, -0.005089, 2839982376.347108, 7540540381.832905, 3275084559.609851
-0.003686, -0.005089, 118531339682.720123, 119446975760.846359, 119727796933.364624
-0.003569, -0.005089, 98265072758.034607, 35762859513.969498, 23682037062.808781
-0.003452, -0.005089, 120000000000.053421, 120000000000.061859, 119999999999.980728
-0.003335, -0.005089, 3297007061.534690, 18575317084.252827, 4219655583.746845
-0.003218, -0.005089, 4094894063.083810, 1826485151.241985, 2178612310.535549
-0.003101, -0.005089, 743232627.709220, 731371550.240317, 742017116.723345
-0.002984, -0.005089, 500000000.000102, 500000000.000103, 499999999.999986
-0.002867, -0.005089, 1093879178.083990, 998660801.581807, 1051434241.685811
-0.002750, -0.005089, 1515505297.784507, 1163292586.976435, 1249863287.236353
-0.002633, -0.005089, 510453798.128647, 515038397.183244, 512681784.332035
-0.002516, -0.005089, 644602479.453050, 651238986.847674, 656377984.099219
-0.002399, -0.005089, 3259230986.520038, 1465687961.422331, 1609493049.070505
-0.002282, -0.005089, 633707769.287748, 638077328.917502, 642469850.507404
-0.002165, -0.005089, 512386429.009368, 519341934.716501, 516528084.736011
-0.002048, -0.005089, 3271279496.729043, 1196097882.574772, 1288828553.095819
-0.001931, -0.005089, 1105177136.042720, 968822187.552142, 1015292369.527352
-0.001814, -0.005089, 500000000.000101, 500000000.000098, 499999999.999987
-0.001697, -0.005089, 754147846.615209, 750503784.928861, 762058820.334776
-0.001580, -0.005089, 2576534365.439495, 1419971592.406437, 1557605741.799834
-0.001463, -0.005089, 567575078.173371, 573263072.119386, 572179040.400362
-0.001345, -0.005089, 546377287.033674, 555277917.636154, 554941094.348228
-0.001228, -0.005089, 4208620750.786248, 1469522146.326218, 1673922269.903895
-0.001112, -0.005089, 1025809325.474320, 973067767.864234, 1030999318.939224
-0.000995, -0.005089, 916074893.571616, 993694766.188635, 835265368.972683
-0.000878, -0.005089, 5756558637.729800, 1982227353.215334, 2154296079.765723
-0.000761, -0.005089, 1843918901.532128, 1284351637.536486, 1395140915.760919
-0.000644, -0.005089, 526427662.879267, 531861880.601946, 528673341.556145
-0.000527, -0.005089, 598648590.851246, 607306640.561849, 609271450.655432
-0.000410, -0.005089, 3596623929.193990, 1458331758.034856, 1600685549.484181
-0.000293, -0.005089, 969194696.773316, 909778670.514184, 963105344.938792
-0.000176, -0.005089, 715026863.848994, 666019200.586008, 684068503.501993
-0.000058, -0.005089, 2059809621.074575, 1079510886.580032, 1150132215.091567
0.000058, -0.005089, 3336893550.633295, 1374349759.045393, 1426021698.745169
0.000175, -0.005089, 1443738702.902087, 1168698767.685263, 1219720436.390059
0.000292, -0.005089, 684929168.033277, 688415353.861887, 696278202.716397
0.000409, -0.005089, 3121600507.129282, 1529888504.951682, 1734866245.921190
0.000526, -0.005089, 601482758.474896, 607306640.561654, 609271450.655684
0.000643, -0.005089, 523298537.310813, 531861880.602094, 528673341.555962
0.000760, -0.005089, 3810364979.059090, 1275616942.557675, 1384208108.500055
0.000877, -0.005089, 972518929.492413, 893312287.767418, 920571852.905827
0.000994, -0.005089, 500000000.000100, 500000000.000098, 499999999.999988
0.001112, -0.005089, 817898299.712665, 805313263.775717, 820827558.873593
0.001228, -0.005089, 2239191345.769325, 1368915355.265200, 1496924106.913351
0.001345, -0.005089, 547785093.767042, 553313218.157839, 550894330.878016
0.001462, -0.005089, 563722876.811170, 573263072.120811, 572179040.401066
0.001579, -0.005089, 3899714213.929923, 1419971592.406763, 1557605741.799823
0.001696, -0.005089, 767432360.882628, 750503784.927576, 762058820.332427
0.001813, -0.005089, 500000000.000101, 500000000.000106, 499999999.999988
0.001930, -0.005089, 1042447245.513866, 968760290.127659, 1012962901.781692
0.002048, -0.005089, 1601325891.598039, 1196097882.574006, 1288828553.095829
0.002164, -0.005089, 533661572.241158, 539157558.608629, 540596447.527711
0.002282, -0.005089, 3718042143.008146, 3717738987.109580, 1783126022.832078
0.002398, -0.005089, 3414524116.137290, 1628079811.160367, 1797445850.640514
0.002515, -0.005089, 729337907.538879, 729168271.358682, 747709278.661265
0.002632, -0.005089, 840908226.349398, 718120874.985917, 741525695.500121
0.002749, -0.005089, 2978730659.419491, 1163292586.976988, 1249863287.236326
0.002866, -0.005089, 1160663497.161361, 998660801.580987, 1051434241.685810
0.002983, -0.005089, 500000000.000100, 500000000.000096, 499999999.999987
0.003101, -0.005089, 732673523.105255, 731371550.240956, 742017116.724034
0.003217, -0.005089, 2704076505.829904, 1434037393.199666, 1573840764.841826
0.003335, -0.005089, 575853256.880619, 581506760.575167, 581172751.032512
0.003451, -0.005089, 538999271.942629, 552854153.396478, 547058187.862514
0.003569, -0.005089, 39085824922.798874, 59363476942.104958, 22468692701.971455
0.003685, -0.005089, 1189500531.564186, 1827828787.808966, 1261599282.520990
0.003802, -0.005089, 500000000.000099, 500000000.000094, 499999999.999987
0.003919, -0.005089, 1038683279.535064, 1004740564.179042, 1016892205.890181
0.004037, -0.005089, 1937537385.650406, 1302238691.788597, 1416509221.527276
0.004153, -0.005089, 531519922.055195, 536848252.529022, 533877360.069223
0.004270, -0.005089, 588576736.494508, 597649081.630961, 598524550.287112
0.004388, -0.005089, 3689474338.526205, 1451947056.697662, 1593550316.382632
0.004504, -0.005089, 708959913.465227, 703532279.593015, 712423774.439826
0.004622, -0.005089, 500422974.811830, 500760555.199651, 501190404.329467
0.004738, -0.005089, 1480809256.200902, 1049489151.967495, 1114524446.207033
0.004856, -0.005089, 1397085682.549933, 1111868839.266670, 1188604904.964849
0.004972, -0.005089, 505162890.269268, 509167944.382646, 507340169.271443
0.005090, -0.005089, 668614586.145513, 673563762.675743, 680346636.833017
0.005206, -0.005089, 3115590702.410248, 1462548652.841736, 1605578266.767089
0.005324, -0.005089, 613354446.058819, 619137072.767661, 621728138.381882
0.005440, -0.005089, 518730356.441954, 526670172.760543, 523648746.548840
0.005557, -0.005089, 3656002092.408307, 1245803921.353431, 1348515503.177522
0.005675, -0.005089, 1019430706.267997, 921856662.446553, 954045698.143640
0.005791, -0.005089, 500000000.000099, 500000000.000097, 499999999.999988
-0.005791, -0.004972, 601003182.411289, 768093118.386759, 619267618.535291
-0.005674, -0.004972, 120000000000.053558, 120000000000.061829, 119999999999.980728
-0.005557, -0.004972, 1525596738.830301, 8187428869.966989, 1537666362.245728
-0.005441, -0.004972, 1891731362.067188, 9441313987.808290, 1606835173.377479
-0.005324, -0.004972, 120000000000.054245, 120000000000.062180, 119999999999.980621
-0.005207, -0.004972, 96131123587.629944, 52205519965.515114, 23526190869.757927
-0.005089, -0.004972, 120000000000.054611, 120000000000.061890, 119999999999.980530
-0.004972, -0.004972, 120000000000.054688, 120000000000.062180, 119999999999.980667
-0.004855, -0.004972, 112610138799.513351, 110794214509.616837, 117920735608.755386
-0.004738, -0.004972, 21637500306.932102, 3434554483.222939, 4626983033.661815
-0.004621, -0.004972, 112154304873.666321, 26324075952.268074, 36915511243.446083
-0.004504, -0.004972, 120000000000.054520, 120000000000.063568, 119999999999.969254
-0.004387, -0.004972, 97394005409.479431, 51323267949.390053, 23626099827.552013
-0.004270, -0.004972, 38173967432.983231, 113956182036.709869, 53497952062.812721
-0.004154, -0.004972, 829781898.847338, 828716799.781734, 849415332.861371
-0.004036, -0.004972, 500000000.000100, 500000000.000097, 499999999.999987
-0.003920, -0.004972, 500000000.000102, 500000000.000095, 499999999.999987
-0.003803, -0.004972, 656764632.828385, 658053204.028546, 669107777.931550
-0.003686, -0.004972, 8542226854.780700, 2346484779.471874, 2871329820.214548
-0.003569, -0.004972, 20084521808.310402, 3007791486.437901, 4159669611.399974
-0.003452, -0.004972, 114247801576.685760, 42577775885.148834, 58021939894.653259
-0.003335, -0.004972, 120000000000.054077, 120000000000.061951, 119999999999.980606
-0.003218, -0.004972, 3683441848.703718, 36647595983.497009, 4059171768.527020
-0.003101, -0.004972, 571313487.565312, 566791480.620680, 574530619.475593
-0.002984, -0.004972, 500000000.000103, 500000000.000112, 499999999.999987
-0.002867, -0.004972, 500000000.000093, 500000000.000110, 499999999.999987
-0.002750, -0.004972, 500000000.000089, 500000000.000111, 499999999.999987
-0.002633, -0.004972, 500000000.000097, 500000000.000101, 499999999.999988
-0.002516, -0.004972, 503730698.022765, 502971187.452459, 505175173.357393
-0.002399, -0.004972, 676744652.598650, 577257454.973811, 595927741.762740
-0.002282, -0.004972, 503774135.394149, 502151682.611140, 503975962.577685
-0.002165, -0.004972, 500000000.000100, 500000000.000098, 499999999.999988
-0.002048, -0.004972, 584341972.600572, 548508790.591557, 561680501.824945
-0.001931, -0.004972, 561132291.251732, 528130221.138990, 537068244.488005
-0.001814, -0.004972, 500000000.000096, 500000000.000100, 499999999.999987
-0.001697, -0.004972, 500000000.000104, 500000000.000100, 499999999.999987
-0.001580, -0.004972, 500000000.000103, 500000000.000111, 499999999.999988
-0.001463, -0.004972, 500000000.000103, 500000000.000099, 499999999.999987
-0.001345, -0.004972, 1023305573.731150, 1637356245.464770, 1077188505.063018
-0.001228, -0.004972, 4250546269.028146, 25480983247.177753, 4862030016.411776
-0.001112, -0.004972, 821938505.709962, 817232694.148195, 723049285.175563
-0.000995, -0.004972, 766583440.496263, 1449446332.390787, 823680668.307695
-0.000878, -0.004972, 1393972870.111156, 807511645.079332, 880420403.317171
-0.000761, -0.004972, 3569883747.313531, 1051391211.737095, 1216359778.606500
-0.000644, -0.004972, 1408118002.383951, 673052273.834267, 720517372.711430
-0.000527, -0.004972, 1411316393.598304, 673779324.848565, 722942885.540808
-0.000410, -0.004972, 3254411317.426541, 822529906.661307, 932802712.653357
-0.000293, -0.004972, 15618648664.475159, 2449996213.649549, 2339261521.121419
-0.000176, -0.004972, 1932259274.915533, 3151141266.856960, 2187175877.152873
-0.000058, -0.004972, 500000000.000089, 500000000.000099, 499999999.999987
0.000058, -0.004972, 500000000.000103, 500000000.000098, 499999999.999987
0.000175, -0.004972, 500000000.000103, 500000000.000097, 499999999.999987
0.000292, -0.004972, 993207569.784143, 1255920757.839720, 1048042415.440793
0.000409, -0.004972, 2833709779.247177, 13949320044.590912, 3365661293.850878
0.000526, -0.004972, 591823569.344072, 560806529.755116, 573957267.678320
0.000643, -0.004972, 517081098.615884, 510823210.600325, 514704632.326545
0.000760, -0.004972, 600969009.460818, 556331290.124534, 570869304.016941
0.000877, -0.004972, 1642539161.220401, 946229690.459704, 998290343.893842
0.000994, -0.004972, 2731822864.512291, 2217653523.275974, 2320600657.217884
0.001112, -0.004972, 522880375.703132, 514675786.054219, 520516562.490810
0.001228, -0.004972, 648305113.927168, 564570910.027933, 580947293.497537
0.001345, -0.004972, 500000000.000104, 500000000.000110, 499999999.999987
0.001462, -0.004972, 500000000.000097, 500000000.000097, 499999999.999987
0.001579, -0.004972, 500000000.000100, 500000000.000099, 499999999.999987
0.001696, -0.004972, 500000000.000100, 500000000.000095, 499999999.999987
0.001813, -0.004972, 500000000.000102, 500000000.000100, 499999999.999988
0.001930, -0.004972, 500000000.000098, 500000000.000098, 499999999.999987
0.002048, -0.004972, 500000000.000101, 500000000.000111, 499999999.999987
0.002164, -0.004972, 811313473.178867, 1317896320.544815, 847293335.860455
0.002282, -0.004972, 589214335.511734, 654933315.927813, 599412085.200186
0.002398, -0.004972, 715372499.084869, 594721453.520323, 614990790.974474
0.002515, -0.004972, 2371184296.992608, 13516030900.295424, 1518491076.064583
0.002632, -0.004972, 7425558521.159188, 9571316713.623299, 10046064278.512428
0.002749, -0.004972, 581333947.903592, 548995962.648383, 563068350.194483
0.002866, -0.004972, 730259609.856343, 615564903.719864, 635157787.271690
0.002983, -0.004972, 804378470.230990, 700387697.681375, 724002480.267561
0.003101, -0.004972, 500000000.000098, 500000000.000098, 499999999.999988
0.003217, -0.004972, 500000000.000103, 500000000.000110, 499999999.999987
0.003335, -0.004972, 500000000.000103, 500000000.000112, 499999999.999987
0.003451, -0.004972, 500000000.000096, 500000000.000102, 499999999.999987
0.003569, -0.004972, 11967426718.775436, 103523510515.887268, 17987024539.881340
0.003685, -0.004972, 962408257.485223, 1910707010.823702, 1005898155.937584
0.003802, -0.004972, 500000000.000104, 500000000.000112, 499999999.999987
0.003919, -0.004972, 531870103.001911, 519763497.900787, 526845239.378222
0.004037, -0.004972, 630121327.421330, 558173258.623526, 573200954.469869
0.004153, -0.004972, 500000000.000100, 500000000.000110, 499999999.999987
0.004270, -0.004972, 500000000.000102, 500000000.000108, 499999999.999987
0.004388, -0.004972, 667391072.159668, 574912201.652956, 593563817.738769
0.004504, -0.004972, 514305839.987297, 506765226.345583, 510357493.222713
0.004622, -0.004972, 500000000.000093, 500000000.000112, 499999999.999987
0.004738, -0.004972, 560539618.060488, 535242914.607516, 545675636.140414
0.004856, -0.004972, 587683102.165100, 540987396.809981, 552612194.052904
0.004972, -0.004972, 500000000.000099, 500000000.000098, 499999999.999988
0.005090, -0.004972, 506019455.770853, 504519903.276367, 507340169.271762
0.005206, -0.004972, 678523931.133946, 576705909.432936, 595346733.721313
0.005324, -0.004972, 501552296.779731, 501013912.051174, 502225782.042911
0.005440, -0.004972, 500000000.000103, 500000000.000112, 499999999.999987
0.005557, -0.004972, 500000000.000101, 500000000.000096, 499999999.999987
0.005675, -0.004972, 500000000.000097, 500000000.000098, 499999999.999987
0.005791, -0.004972, 500000000.000098, 500000000.000101, 499999999.999987
-0.005791, -0.004855, 601003182.411167, 768093118.386767, 619267618.535274
-0.005674, -0.004855, 119999999999.961380, 119999999999.969086, 119999999999.980606
-0.005557, -0.004855, 120000000000.053635, 120000000000.061768, 119999999999.980545
-0.005441, -0.004855, 120000000000.054291, 120000000000.061859, 119999999999.980621
-0.005324, -0.004855, 81576955932.159363, 32330032612.135124, 31884072382.016151
-0.005207, -0.004855, 120000000000.053635, 120000000000.062225, 119999999999.969330
-0.005089, -0.004855, 72802921438.128799, 31971238854.467407, 31541917589.202091
-0.004972, -0.004855, 13562672877.797489, 95109738716.635300, 19397614707.690125
-0.004855, -0.004855, 97331146941.923233, 85472884950.758072, 29484908815.970932
-0.004738, -0.004855, 78284018330.888596, 118310769124.751877, 103371502980.104736
-0.004621, -0.004855, 2877306590.227606, 11531487603.746458, 3827594704.198393
-0.004504, -0.004855, 84652584124.713104, 31658032593.094215, 31395771699.121494
-0.004387, -0.004855, 120000000000.053680, 120000000000.061829, 119999999999.980484
-0.004270, -0.004855, 80136912086.961807, 32577141760.186104, 32175520956.214424
-0.004154, -0.004855, 38173967432.983154, 113956182036.709534, 53497952062.812653
-0.004036, -0.004855, 829781898.847330, 828716799.778935, 849415332.861368
-0.003920, -0.004855, 500000000.000092, 500000000.000099, 499999999.999987
-0.003803, -0.004855, 500000000.000102, 500000000.000099, 499999999.999987
-0.003686, -0.004855, 2144027724.527667, 18391900172.922913, 2380310715.372806
-0.003569, -0.004855, 35606886258.106804, 113223071878.091019, 49446798019.004234
-0.003452, -0.004855, 2794335300.839031, 5940757203.655820, 3894175564.865466
-0.003335, -0.004855, 120000000000.053375, 120000000000.061783, 119999999999.980728
-0.003218, -0.004855, 120000000000.055054, 119999999999.969284, 119999999999.980743
-0.003101, -0.004855, 2690003869.726830, 20762709765.813801, 3117093980.533388
-0.002984, -0.004855, 500000000.000103, 500000000.000111, 499999999.999987
-0.002867, -0.004855, 500000000.000101, 500000000.000095, 499999999.999988
-0.002750, -0.004855, 500000000.000097, 500000000.000098, 499999999.999987
-0.002633, -0.004855, 500000000.000100, 500000000.000111, 499999999.999988
-0.002516, -0.004855, 1018822490.374691, 1740858017.841517, 1080059929.410746
-0.002399, -0.004855, 119999999999.961273, 119999999999.969086, 119999999999.980728
-0.002282, -0.004855, 965752607.283789, 1441472182.531307, 1022416446.386787
-0.002165, -0.004855, 570201003.296850, 609139077.570928, 585037426.018688
-0.002048, -0.004855, 94082752024.705246, 94082752024.860657, 14929085485.718182
-0.001931, -0.004855, 4281646664.348446, 50525085141.371918, 4992075017.082280
-0.001814, -0.004855, 506963084.965331, 510035105.506494, 510199663.479697
-0.001697, -0.004855, 500000000.000094, 500000000.000110, 499999999.999988
-0.001580, -0.004855, 500000000.000103, 500000000.000110, 499999999.999987
-0.001463, -0.004855, 500000000.000098, 500000000.000099, 499999999.999987
-0.001345, -0.004855, 593523173.034571, 589753156.901510, 596847765.842923
-0.001228, -0.004855, 968625707.374158, 889125219.006249, 907289410.965438
-0.001112, -0.004855, 34240649799.011169, 4021662809.559556, 4853217682.747194
-0.000995, -0.004855, 1256707161.127681, 3936525134.746828, 1465127697.445841
-0.000878, -0.004855, 3367832738.718606, 35047537820.111069, 3823540573.148973
-0.000761, -0.004855, 119999910667.687851, 119999910774.297501, 119999910951.023529
-0.000644, -0.004855, 624855319.615272, 750099366.682802, 649823184.240976
-0.000527, -0.004855, 854106329.585414, 979840509.445757, 897120410.543581
-0.000410, -0.004855, 120000000000.052948, 120000000000.062393, 119999999999.969238
-0.000293, -0.004855, 1225434422.716917, 3006878346.507135, 1323485663.145915
-0.000176, -0.004855, 533379193.451985, 513374739.327213, 518482877.494289
-0.000058, -0.004855, 500000000.000098, 500000000.000098, 499999999.999987
0.000058, -0.004855, 500000000.000096, 500000000.000099, 499999999.999987
0.000175, -0.004855, 504516228.437722, 508642072.257316, 508400238.564781
0.000292, -0.004855, 1558751734.444782, 1447218789.119443, 1010368146.427296
0.000409, -0.004855, 821413145.713609, 728241944.349370, 750659129.352005
0.000526, -0.004855, 43983574348.008347, 95786349379.839859, 13491615822.039829
0.000643, -0.004855, 1335030705.892560, 2913795592.090017, 1498420760.298124
0.000760, -0.004855, 105395002290.843002, 105395002290.938934, 25634405249.689026
0.000877, -0.004855, 119995009912.967545, 119995028648.306702, 119995506446.545853
0.000994, -0.004855, 1342808428.286700, 1217156610.542986, 1303623174.551560
0.001112, -0.004855, 1932173121.995939, 13884038223.215179, 2133687270.124464
0.001228, -0.004855, 45843139118.942650, 115320954853.355530, 64860050608.079948
0.001345, -0.004855, 672902579.028414, 732255415.499717, 696944726.711620
0.001462, -0.004855, 500000000.000106, 500000000.000098, 499999999.999988
0.001579, -0.004855, 500000000.000092, 500000000.000097, 499999999.999987
0.001696, -0.004855, 500000000.000103, 500000000.000110, 499999999.999987
0.001813, -0.004855, 500000000.000099, 500000000.000096, 499999999.999987
0.001930, -0.004855, 500000000.000101, 500000000.000101, 499999999.999987
0.002048, -0.004855, 500000000.000101, 500000000.000109, 499999999.999987
0.002164, -0.004855, 826931554.049987, 1359881267.978835, 860691996.758097
0.002282, -0.004855, 1149902850.068963, 4267127146.013429, 1288439103.862462
0.002398, -0.004855, 120000000000.054199, 119999999999.969849, 119999999999.980728
0.002515, -0.004855, 2625613841.968141, 4806118665.604996, 2903873762.387728
0.002632, -0.004855, 674661691.691199, 654951183.931411, 642384275.362086
0.002749, -0.004855, 88950120446.656860, 88950120446.834167, 12382030296.781939
0.002866, -0.004855, 119999999999.961212, 120000000000.061935, 119999999999.980499
0.002983, -0.004855, 3856685396.756570, 5831497889.338500, 4885641252.453551
0.003101, -0.004855, 500000000.000097, 500000000.000101, 499999999.999987
0.003217, -0.004855, 500000000.000099, 500000000.000110, 499999999.999988
0.003335, -0.004855, 500000000.000100, 500000000.000101, 499999999.999988
0.003451, -0.004855, 500000000.000099, 500000000.000111, 499999999.999988
0.003569, -0.004855, 1219565504.595919, 1106894428.711285, 1160395862.133638
0.003685, -0.004855, 649809853.037870, 666315584.525782, 658696003.158632
0.003802, -0.004855, 563532693.005905, 582838430.008773, 575243351.467333
0.003919, -0.004855, 62898814645.256447, 30768467567.127594, 4616811101.605550
0.004037, -0.004855, 23912128876.740005, 108726452040.674179, 31936029102.421818
0.004153, -0.004855, 622749951.007912, 671945682.661959, 642083969.787971
0.004270, -0.004855, 819337650.309439, 912916978.585571, 858826524.410599
0.004388, -0.004855, 119998423795.393387, 119998423795.400223, 119998478044.920456
0.004504, -0.004855, 1252621692.331406, 3667085563.844632, 1351815705.713789
0.004622, -0.004855, 522585658.248205, 539560790.291602, 530872702.983558
0.004738, -0.004855, 59581209859.916862, 67334776047.510933, 7253869019.059299
0.004856, -0.004855, 8142311841.452561, 79591232665.981018, 9587530365.261196
0.004972, -0.004855, 542225644.902467, 571043724.107173, 552612194.049210
0.005090, -0.004855, 1115119234.058294, 2415623215.047565, 1188604904.964833
0.005206, -0.004855, 120000000000.053635, 120000000000.061646, 119999999999.980530
0.005324, -0.004855, 893451167.063246, 1104165063.016582, 941338270.668698
0.005440, -0.004855, 500000000.000102, 500000000.000107, 499999999.999987
0.005557, -0.004855, 500000000.000102, 500000000.000098, 499999999.999987
0.005675, -0.004855, 500000000.000098, 499999999.999755, 499999999.999987
0.005791, -0.004855, 500000000.000105, 500000000.000113, 499999999.999988
-0.005791, -0.004738, 601003182.411202, 768093118.386721, 619267618.535241
-0.005674, -0.004738, 120000000000.053391, 120000000000.062347, 119999999999.980728
-0.005557, -0.004738, 120000000000.055344, 120000000000.061951, 119999999999.980652
-0.005441, -0.004738, 120000000000.053375, 120000000000.062057, 119999999999.980743
-0.005324, -0.004738, 93508535424.405380, 110088157207.959778, 47459791778.727364
-0.005207, -0.004738, 119999999999.961258, 120000000000.062180, 119999999999.980606
-0.005089, -0.004738, 88257047043.855911, 108823869226.059998, 47241544278.649597
-0.004972, -0.004738, 14557182233.873474, 97419553649.582718, 22084186060.345417
-0.004855, -0.004738, 97593090306.170029, 30344595910.676521, 24974637533.201405
-0.004738, -0.004738, 109727341942.191650, 98207691351.248703, 116135834735.641861
-0.004621, -0.004738, 59422691016.329781, 89300974776.860092, 17644415463.031052
-0.004504, -0.004738, 95576165756.891876, 107416202660.942032, 46829678142.547218
-0.004387, -0.004738, 120000000000.053635, 120000000000.062515, 119999999999.980576
-0.004270, -0.004738, 92694599911.930206, 110345166583.804230, 47476162198.359329
-0.004154, -0.004738, 120000000000.056442, 119999999999.968796, 119999999999.980576
-0.004036, -0.004738, 38173967432.983223, 113956182036.708939, 53497952062.813240
-0.003920, -0.004738, 829781898.847340, 828716799.779023, 849415332.861373
-0.003803, -0.004738, 500000000.000099, 500000000.000112, 499999999.999987
-0.003686, -0.004738, 1919955414.790341, 2321416472.257688, 2101173950.782910
-0.003569, -0.004738, 22282698322.206142, 22042626166.579063, 29421272332.190388
-0.003452, -0.004738, 1451481329.158791, 3051318195.466000, 1653228943.826637
-0.003335, -0.004738, 120000000000.053131, 120000000000.062439, 119999999999.980728
-0.003218, -0.004738, 120000000000.054642, 120000000000.063156, 119999999999.969040
-0.003101, -0.004738, 5124351867.904427, 33068121603.828506, 6835427285.034630
-0.002984, -0.004738, 500000000.000099, 500000000.000113, 499999999.999988
-0.002867, -0.004738, 500000000.000097, 500000000.000098, 499999999.999987
-0.002750, -0.004738, 500000000.000107, 500000000.000099, 499999999.999987
-0.002633, -0.004738, 537562217.381604, 539759496.029168, 544576821.124870
-0.002516, -0.004738, 23081056039.221073, 64685044668.368484, 4134609851.015674
-0.002399, -0.004738, 119963614912.569626, 119963564918.555573, 119978220039.365143
-0.002282, -0.004738, 918464843.565384, 1084481135.550877, 967212102.952469
-0.002165, -0.004738, 561532133.229206, 609728133.097072, 574844410.733767
-0.002048, -0.004738, 83455775433.696121, 8924382420.421602, 10641124653.700674
-0.001931, -0.004738, 120000000000.053864, 120000000000.063278, 119999999999.980667
-0.001814, -0.004738, 678499745.300633, 703926015.153660, 616048374.590751
-0.001697, -0.004738, 626076780.465446, 535181599.493718, 549401139.826145
-0.001580, -0.004738, 626076780.465467, 535181599.493307, 549401139.826130
-0.001463, -0.004738, 626076780.465431, 535181599.493668, 549401139.826140
-0.001345, -0.004738, 626076780.465383, 535181599.493055, 549401139.826145
-0.001228, -0.004738, 672099803.646072, 582914159.693020, 592012973.512609
-0.001112, -0.004738, 5953796060.919211, 1371080846.071214, 1581604385.565435
-0.000995, -0.004738, 936048336.638850, 1161352413.460173, 874369332.123318
-0.000878, -0.004738, 2682570593.544780, 2940359463.753125, 2881313086.598933
-0.000761, -0.004738, 13556170701.356894, 13457775278.054613, 16817268512.319300
-0.000644, -0.004738, 595081030.134619, 650173036.743590, 610628644.688300
-0.000527, -0.004738, 901945642.659464, 1091393463.981259, 939972763.446278
-0.000410, -0.004738, 119739732183.984634, 112895366464.303268, 119418234774.908890
-0.000293, -0.004738, 1107273933.358217, 1346525860.607473, 1180171276.833334
-0.000176, -0.004738, 682816700.416467, 654557013.252702, 673506119.193989
-0.000058, -0.004738, 661008697.861147, 630646487.393030, 645808614.549959
0.000058, -0.004738, 500000000.000097, 500000000.000098, 499999999.999988
0.000175, -0.004738, 518605713.323470, 602271450.258415, 531688703.747804
0.000292, -0.004738, 640004587.516824, 871532850.542634, 660643109.314776
0.000409, -0.004738, 913882080.517651, 930390362.434043, 962234395.322336
0.000526, -0.004738, 1093013393.566332, 808526665.419375, 835793395.328502
0.000643, -0.004738, 651406004.131813, 734037439.544938, 668879969.340540
0.000760, -0.004738, 97218632904.365448, 13457775278.056986, 16817268512.319477
0.000877, -0.004738, 2546584148.479765, 2940399261.539959, 2890902573.049688
0.000994, -0.004738, 500000000.000101, 500000000.000110, 499999999.999987
0.001112, -0.004738, 1748505497.851362, 2147113183.570724, 1905474949.993590
0.001228, -0.004738, 28094161132.934227, 27704264203.929127, 38106293991.217514
0.001345, -0.004738, 653960619.208881, 725491095.969923, 675033831.521624
0.001462, -0.004738, 500000000.000097, 500000000.000096, 499999999.999988
0.001579, -0.004738, 500000000.000097, 500000000.000106, 499999999.999987
0.001696, -0.004738, 622519628.208659, 664018214.888070, 641892942.189989
0.001813, -0.004738, 8273216070.278453, 4403277491.729984, 4735246295.583578
0.001930, -0.004738, 559152287.347778, 584412633.242089, 570757228.849420
0.002048, -0.004738, 500000000.000099, 500000000.000095, 499999999.999988
0.002164, -0.004738, 826931554.050393, 1359881267.978812, 860691996.758093
0.002282, -0.004738, 1083791634.154243, 2074394072.442303, 1202273130.955885
0.002398, -0.004738, 119973838560.657394, 119962280420.019302, 119976992361.524338
0.002515, -0.004738, 964439805.774178, 1147855517.012710, 1018699936.207501
0.002632, -0.004738, 550948150.496496, 596210280.204827, 563160451.545164
0.002749, -0.004738, 77594213108.851456, 7720294731.317864, 9085894422.245119
0.002866, -0.004738, 4051995187.268169, 4186687391.226538, 4606620338.121877
0.002983, -0.004738, 560837151.626230, 536436208.618768, 542191968.017960
0.003101, -0.004738, 500000000.000100, 500000000.000105, 499999999.999988
0.003217, -0.004738, 500000000.000101, 500000000.000099, 499999999.999987
0.003335, -0.004738, 500000000.000100, 500000000.000094, 499999999.999987
0.003451, -0.004738, 500000000.000101, 500000000.000109, 499999999.999987
0.003569, -0.004738, 500000000.000102, 500000000.000099, 499999999.999987
0.003685, -0.004738, 500000000.000103, 500000000.000107, 499999999.999988
0.003802, -0.004738, 550065366.051118, 574350694.793714, 559728887.932614
0.003919, -0.004738, 43801152890.060181, 3068286665.869443, 3468818614.689250
0.004037, -0.004738, 16112798803.184649, 15982124885.252378, 20461481333.669552
0.004153, -0.004738, 609183011.883649, 667752661.961527, 626170669.371030
0.004270, -0.004738, 783658707.791108, 901175254.980487, 818160353.256189
0.004388, -0.004738, 119364636883.338364, 100885855425.253876, 117222917011.556213
0.004504, -0.004738, 1174031394.388330, 1439923261.053818, 1257120900.689627
0.004622, -0.004738, 518581379.840299, 545195507.552759, 525886614.635380
0.004738, -0.004738, 47361296885.910172, 5011605976.664182, 5660986728.525126
0.004856, -0.004738, 6314003406.574520, 6291963842.797202, 7253869019.124320
0.004972, -0.004738, 536628371.318672, 575754677.605858, 545675636.138648
0.005090, -0.004738, 1052046782.461592, 1267223026.544728, 1114524446.203825
0.005206, -0.004738, 118927586522.276123, 118954715576.037735, 119821972639.229202
0.005324, -0.004738, 852603795.011376, 994565470.914654, 893911543.242788
0.005440, -0.004738, 500000000.000100, 500000000.000100, 499999999.999988
0.005557, -0.004738, 500000000.000098, 500000000.000111, 499999999.999987
0.005675, -0.004738, 500000000.000092, 500000000.000106, 499999999.999987
0.005791, -0.004738, 500000000.000100, 500000000.000095, 499999999.999987
-0.005791, -0.004621, 600572345.043357, 764873849.260348, 619026407.005721
-0.005674, -0.004621, 120000000000.053223, 120000000000.063278, 119999999999.980667
-0.005557, -0.004621, 120000000000.053543, 120000000000.063370, 119999999999.980667
-0.005441, -0.004621, 120000000000.054657, 120000000000.062271, 119999999999.980698
-0.005324, -0.004621, 120000000000.054108, 119999999999.971008, 119999999999.980240
-0.005207, -0.004621, 94650167140.390198, 86548732620.034729, 23707126559.970486
-0.005089, -0.004621, 120000000000.053955, 119999999999.969131, 119999999999.980530
-0.004972, -0.004621, 120000000000.053268, 120000000000.063736, 119999999999.980499
-0.004855, -0.004621, 117592883036.072617, 117593041056.269562, 119024330439.945358
-0.004738, -0.004621, 81141434704.952545, 36477086811.678680, 12509295415.501255
-0.004621, -0.004621, 110971550724.797318, 17856947174.382465, 27532275588.241642
-0.004504, -0.004621, 120000000000.053543, 120000000000.061981, 119999999999.969177
-0.004387, -0.004621, 95412104437.904648, 85155904334.501266, 23626352154.583603
-0.004270, -0.004621, 119999999999.962082, 119999999999.969116, 119999999999.980728
-0.004154, -0.004621, 120000000000.052979, 120000000000.062149, 119999999999.980698
-0.004036, -0.004621, 119999999999.962357, 120000000000.061951, 119999999999.980698
-0.003920, -0.004621, 38173967432.983231, 113956182036.707626, 53497952062.812279
-0.003803, -0.004621, 829781898.847338, 828716799.778742, 849415332.861365
-0.003686, -0.004621, 510234645.512553, 507132117.441010, 510281252.055614
-0.003569, -0.004621, 593254983.716225, 536750376.142061, 547977533.919133
-0.003452, -0.004621, 889322485.262089, 1545512729.187276, 929558012.777516
-0.003335, -0.004621, 120000000000.053741, 119999999999.969299, 119999999999.980530
-0.003218, -0.004621, 120000000000.054901, 120000000000.063583, 119999999999.980545
-0.003101, -0.004621, 5124351867.904428, 33068121603.828442, 6835427285.034294
-0.002984, -0.004621, 500000000.000096, 500000000.000111, 499999999.999987
-0.002867, -0.004621, 500000000.000097, 500000000.000100, 499999999.999987
-0.002750, -0.004621, 500000000.000100, 500000000.000098, 499999999.999987
-0.002633, -0.004621, 1445186269.027623, 3819949878.999274, 1547266202.097659
-0.002516, -0.004621, 6912018938.980346, 7691462541.841238, 8276357678.399199
-0.002399, -0.004621, 695886115.916058, 634292551.916772, 655388552.917384
-0.002282, -0.004621, 500000000.000103, 500000000.000110, 499999999.999987
-0.002165, -0.004621, 500000000.000100, 500000000.000100, 499999999.999988
-0.002048, -0.004621, 549847846.133931, 529253097.096743, 537658076.262925
-0.001931, -0.004621, 753121178.468716, 591788097.754754, 607214499.484918
-0.001814, -0.004621, 1463783138.724264, 910561549.262295, 991508083.292303
-0.001697, -0.004621, 2623672339.933344, 903716962.812975, 1042032779.617190
-0.001580, -0.004621, 2623672339.933349, 903716962.812899, 1042032779.617192
-0.001463, -0.004621, 4014725586.751098, 1046536680.944493, 1267519328.305968
-0.001345, -0.004621, 12435163832.028934, 1423094342.518375, 1975521279.727720
-0.001228, -0.004621, 12435163832.028893, 1423094342.515816, 1975521279.727418
-0.001112, -0.004621, 10122595727.788790, 1405800381.247363, 1939926528.215272
-0.000995, -0.004621, 2847753543.266215, 933344526.388726, 1088721541.019794
-0.000878, -0.004621, 3385169312.633290, 959503569.373129, 1140986173.203046
-0.000761, -0.004621, 3591997033.696196, 1041613874.599327, 1284749394.803275
-0.000644, -0.004621, 2838861292.297878, 925505911.993565, 1071434288.313656
-0.000527, -0.004621, 2838861292.297894, 925505911.993172, 1071434288.313657
-0.000410, -0.004621, 4807987584.856971, 1094975759.439293, 1370658549.148149
-0.000293, -0.004621, 2406095391.439093, 888467996.762265, 1008636016.424114
-0.000176, -0.004621, 50297589840.194443, 3426888365.902102, 3217747124.239743
-0.000058, -0.004621, 1347995788.188728, 1981059633.149433, 1461020723.601520
0.000058, -0.004621, 500000000.000095, 499999999.999756, 499999999.999987
0.000175, -0.004621, 648316884.286301, 706623378.936099, 675612054.117721
0.000292, -0.004621, 563787627.407643, 602610875.032057, 572630833.321650
0.000409, -0.004621, 956777423.743686, 3128313338.568673, 1052104976.604345
0.000526, -0.004621, 500000000.000098, 500000000.000095, 499999999.999987
0.000643, -0.004621, 500000000.000104, 500000000.000109, 499999999.999987
0.000760, -0.004621, 557336849.499814, 532945414.361040, 542876059.120019
0.000877, -0.004621, 524641862.807566, 510711260.071065, 514690442.871721
0.000994, -0.004621, 725798818.684762, 681331918.589782, 714217058.377864
0.001112, -0.004621, 1748681763.106361, 683625480.211221, 739863793.603882
0.001228, -0.004621, 2402012955.305528, 808081677.430956, 931372681.758803
0.001345, -0.004621, 1666124106.565898, 683104537.907256, 738618564.410587
0.001462, -0.004621, 1757572222.497404, 684441644.457879, 741044131.027253
0.001579, -0.004621, 1683351721.722273, 691301833.520735, 751593435.520983
0.001696, -0.004621, 1915743335.513027, 990308153.947917, 835503617.797632
0.001813, -0.004621, 1602751913.858981, 1034409946.097671, 1100812448.195369
0.001930, -0.004621, 542400391.639183, 549680634.440471, 548845819.025600
0.002048, -0.004621, 662370472.061559, 589006991.321589, 604438674.615817
0.002164, -0.004621, 826931554.051258, 1359881267.978826, 860691996.758045
0.002282, -0.004621, 543003299.517581, 638405478.995518, 556416160.643095
0.002398, -0.004621, 605596549.654014, 544966743.327872, 560293002.194361
0.002515, -0.004621, 500000000.000103, 500000000.000100, 499999999.999925
0.002632, -0.004621, 500000000.000107, 500000000.000110, 499999999.999988
0.002749, -0.004621, 545187098.447366, 526969594.418947, 534882379.428441
0.002866, -0.004621, 538190062.664408, 516673637.061803, 522001321.478617
0.002983, -0.004621, 500000000.000103, 500000000.000112, 499999999.999987
0.003101, -0.004621, 500000000.000102, 500000000.000098, 499999999.999987
0.003217, -0.004621, 499999999.999740, 500000000.000116, 499999999.999987
0.003335, -0.004621, 500000000.000098, 500000000.000111, 499999999.999988
0.003451, -0.004621, 500000000.000102, 500000000.000114, 499999999.999987
0.003569, -0.004621, 500000000.000101, 500000000.000111, 499999999.999987
0.003685, -0.004621, 500000000.000100, 500000000.000111, 499999999.999987
0.003802, -0.004621, 503043574.295432, 502145433.839165, 504178020.404562
0.003919, -0.004621, 587566258.037906, 534280763.758244, 548181886.756271
0.004037, -0.004621, 585577390.001315, 534450617.192095, 544884261.872396
0.004153, -0.004621, 500000000.000104, 500000000.000099, 499999999.999987
0.004270, -0.004621, 500000000.000100, 500000000.000100, 499999999.999988
0.004388, -0.004621, 588760444.358500, 543292224.804769, 557191692.920440
0.004504, -0.004621, 502809792.394949, 501482950.163980, 502793463.276318
0.004622, -0.004621, 500000000.000098, 500000000.000097, 499999999.999987
0.004738, -0.004621, 532215212.454297, 519901406.633592, 525886614.635468
0.004856, -0.004621, 554256334.470006, 523921458.889008, 530872702.982351
0.004972, -0.004621, 500000000.000102, 500000000.000098, 499999999.999988
0.005090, -0.004621, 500489289.074303, 500497329.098567, 501190404.329465
0.005206, -0.004621, 618658563.575579, 544445412.825632, 559157856.347726
0.005324, -0.004621, 500000000.000096, 500000000.000098, 499999999.999987
0.005440, -0.004621, 500000000.000101, 500000000.000094, 499999999.999988
0.005557, -0.004621, 500000000.000098, 500000000.000098, 499999999.999987
0.005675, -0.004621, 500000000.000103, 500000000.000097, 499999999.999988
0.005791, -0.004621, 500000000.000099, 500000000.000096, 499999999.999988
-0.005791, -0.004504, 504681256.403289, 504572105.548594, 506342731.657418
-0.005674, -0.004504, 2530601148.868655, 1211485227.168887, 1320524786.678292
-0.005557, -0.004504, 11387639342.725176, 2757066144.140176, 3839232110.976898
-0.005441, -0.004504, 24124268370.703224, 6996442984.330157, 6932073914.777423
-0.005324, -0.004504, 120000000000.053680, 119999999999.968689, 119999999999.980453
-0.005207, -0.004504, 89147569417.789520, 81443372802.462219, 23402487695.436123
-0.005089, -0.004504, 120000000000.054291, 120000000000.062271, 119999999999.980606
-0.004972, -0.004504, 120000000000.054031, 120000000000.062149, 119999999999.980423
-0.004855, -0.004504, 120000000000.054474, 120000000000.062225, 119999999999.980576
-0.004738, -0.004504, 3884750779.033876, 6553732094.796512, 5408753929.288933
-0.004621, -0.004504, 8140765168.738219, 4425311234.603154, 6703890035.574121
-0.004504, -0.004504, 18138842237.758106, 2658787556.972383, 3359866694.003976
-0.004387, -0.004504, 31969713162.611782, 14057763723.177576, 16112237075.889902
-0.004270, -0.004504, 34018527739.205914, 21398330188.737106, 15584838332.460732
-0.004154, -0.004504, 24740197327.342682, 102228357478.781128, 34110232256.469364
-0.004036, -0.004504, 1161771323.493057, 939211171.545807, 871244429.070497
-0.003920, -0.004504, 91917909764.484985, 87303826138.849014, 20083360537.933800
-0.003803, -0.004504, 5338428155.868514, 35033808000.309082, 7176769540.572772
-0.003686, -0.004504, 910282997.310695, 885736109.230770, 913489538.991356
-0.003569, -0.004504, 2573825864.013844, 1576789400.452833, 1727928638.704834
-0.003452, -0.004504, 1055693342.470847, 2101832986.853573, 1136459260.381604
-0.003335, -0.004504, 120000000000.053711, 119999999999.968597, 119999999999.980698
-0.003218, -0.004504, 120000000000.053223, 120000000000.062256, 119999999999.980453
-0.003101, -0.004504, 4053229395.047604, 8644198854.152912, 5140957486.311843
-0.002984, -0.004504, 500000000.000107, 500000000.000099, 499999999.999987
-0.002867, -0.004504, 1248289276.194139, 1115062878.552089, 1178373048.338800
-0.002750, -0.004504, 1758778565.404634, 1326675463.133620, 1432639371.743829
-0.002633, -0.004504, 655661379.852264, 637730352.291446, 653445663.109138
-0.002516, -0.004504, 1006595725.823833, 928429276.655132, 982103497.001076
-0.002399, -0.004504, 4229392567.786689, 1758633176.270057, 1924357088.262442
-0.002282, -0.004504, 656483882.094530, 659724677.615681, 667683714.097457
-0.002165, -0.004504, 516545698.060476, 520209004.862554, 521571065.876794
-0.002048, -0.004504, 5126025070.977351, 1373038660.202211, 1489349833.357391
-0.001931, -0.004504, 15160525319.923986, 2398707853.720922, 2664391229.789610
-0.001814, -0.004504, 604879370.056632, 665830923.007423, 612809136.202114
-0.001697, -0.004504, 500000000.000092, 500000000.000097, 499999999.999987
-0.001580, -0.004504, 559151012.133439, 559151012.119940, 568373526.515242
-0.001463, -0.004504, 850225207.590608, 830185106.918465, 735865840.498296
-0.001345, -0.004504, 700333065.482317, 590187386.312368, 610726914.026053
-0.001228, -0.004504, 12738788924.734276, 1917882548.481185, 2321915149.493065
-0.001112, -0.004504, 1506391350.042978, 963058748.770693, 1037764932.595121
-0.000995, -0.004504, 613958276.412614, 528328323.495440, 541796791.544047
-0.000878, -0.004504, 4629404110.517769, 1162629019.049010, 1310930608.588091
-0.000761, -0.004504, 4126984126.340037, 1739324381.526403, 2065820872.978474
-0.000644, -0.004504, 696767737.780642, 563021584.466916, 579991747.978544
-0.000527, -0.004504, 827980124.929859, 663146124.166151, 692712977.100606
-0.000410, -0.004504, 10461275389.902655, 2106781367.716986, 2576516104.980769
-0.000293, -0.004504, 1364848135.047022, 908641785.665429, 938609268.380153
-0.000176, -0.004504, 5667285503.506649, 2183510257.156952, 2437125190.081897
-0.000058, -0.004504, 720924279.704637, 716720440.506487, 719751640.103818
0.000058, -0.004504, 641242806.522911, 641242806.579529, 662124174.549225
0.000175, -0.004504, 624025730.120857, 624025730.120327, 615222143.292348
0.000292, -0.004504, 746187188.870416, 770475377.778578, 772277821.583146
0.000409, -0.004504, 9553882963.231710, 86059557818.020355, 9815281257.637386
0.000526, -0.004504, 627341955.742921, 641958489.522117, 642065886.859121
0.000643, -0.004504, 529623354.005814, 533825788.192480, 535988802.304008
0.000760, -0.004504, 6334359491.586260, 1490177569.719650, 1631029549.602045
0.000877, -0.004504, 30298493445.787842, 2555846466.492984, 2812128804.107942
0.000994, -0.004504, 552833084.383118, 552833084.382818, 554192621.443525
0.001112, -0.004504, 877290888.523380, 858314856.059399, 883199012.306630
0.001228, -0.004504, 86347941727.300354, 69049767789.958130, 8215728840.178081
0.001345, -0.004504, 959402970.039113, 1635334520.747907, 1012440679.861656
0.001462, -0.004504, 1380208142.286608, 4068634485.917322, 1487130973.330969
0.001579, -0.004504, 1681200351.245649, 5431307812.148783, 1869892319.530797
0.001696, -0.004504, 664454295.769821, 632666724.636395, 650511690.465848
0.001813, -0.004504, 585625582.766947, 567670381.880975, 577735344.003718
0.001930, -0.004504, 1435809913.592495, 8496781657.541648, 1556290674.137321
0.002048, -0.004504, 12817290946.938911, 103995341097.909760, 19078671842.532116
0.002164, -0.004504, 876291105.567178, 1522292208.579267, 927008797.230010
0.002282, -0.004504, 729356279.574558, 998142256.446923, 774246311.553527
0.002398, -0.004504, 4377668825.042914, 1758633176.279441, 1924357088.262446
0.002515, -0.004504, 673726776.596557, 675391836.546708, 684162257.477051
0.002632, -0.004504, 512451223.873772, 515790566.298326, 516942477.530882
0.002749, -0.004504, 4426418854.531363, 1326675463.159040, 1432639371.744371
0.002866, -0.004504, 9763905118.639706, 2023329540.676644, 2181427903.410376
0.002983, -0.004504, 856864740.104387, 865266235.153094, 860953202.603819
0.003101, -0.004504, 500000000.000103, 500000000.000099, 499999999.999925
0.003217, -0.004504, 500000000.000102, 500000000.000106, 499999999.999988
0.003335, -0.004504, 500000000.000100, 499999999.999745, 499999999.999987
0.003451, -0.004504, 546371686.258591, 551123802.294080, 554112287.004936
0.003569, -0.004504, 5581938781.342166, 1576789400.702810, 1727928638.751222
0.003685, -0.004504, 942954527.960256, 885736108.946526, 913489538.986418
0.003802, -0.004504, 881579631.645470, 1308732483.921597, 922610106.293146
0.003919, -0.004504, 8654660920.274284, 76047095460.466003, 9180995205.558876
0.004037, -0.004504, 2316048549.635722, 1514641683.195797, 1655241962.598115
0.004153, -0.004504, 538514375.134991, 539579972.969411, 542101528.897845
0.004270, -0.004504, 605199400.350048, 611401406.729869, 616822116.437030
0.004388, -0.004504, 4913499233.875329, 1734924311.232505, 1901761811.310556
0.004504, -0.004504, 745572641.890720, 736735763.537217, 750503751.353488
0.004622, -0.004504, 501286351.172061, 501714775.767540, 502793463.276281
0.004738, -0.004504, 2215538568.601595, 1178872148.940872, 1257120900.685663
0.004856, -0.004504, 1603500138.047685, 1258564813.247734, 1351815705.719243
0.004972, -0.004504, 507611140.346862, 509578651.231442, 510357493.222521
0.005090, -0.004504, 698068762.535464, 701650960.019014, 712423774.440806
0.005206, -0.004504, 4010080705.415429, 1752751899.689643, 1918678151.152439
0.005324, -0.004504, 632715595.268629, 637163684.505087, 643649228.074382
0.005440, -0.004504, 524165030.314074, 528133120.876861, 530033726.292911
0.005557, -0.004504, 5257080917.084888, 1436035457.569706, 1562566035.720672
0.005675, -0.004504, 1124231278.139595, 1009615492.737305, 1051996131.305679
0.005791, -0.004504, 500000000.000105, 500000000.000113, 499999999.999987
-0.005791, -0.004387, 501929463.004922, 503592356.115230, 504327581.100361
-0.005674, -0.004387, 49191627642.567253, 25664436914.759247, 18081252072.641743
-0.005557, -0.004387, 120000000000.054352, 120000000000.062271, 119999999999.980408
-0.005441, -0.004387, 2640778727.360645, 12210587753.541658, 3435316513.599426
-0.005324, -0.004387, 75845938007.554611, 98416890130.070816, 23754636224.211502
-0.005207, -0.004387, 120000000000.054123, 120000000000.062180, 119999999999.980774
-0.005089, -0.004387, 66737820071.946815, 94781793995.173279, 23664419692.396355
-0.004972, -0.004387, 120000000000.053467, 119999999999.968796, 119999999999.980545
-0.004855, -0.004387, 120000000000.053070, 120000000000.063126, 119999999999.980545
-0.004738, -0.004387, 3583017135.927069, 14365202001.798874, 5245718286.246650
-0.004621, -0.004387, 2158235036.284051, 1224741293.680587, 1365253570.994679
-0.004504, -0.004387, 14529059665.577045, 4690356243.451438, 4316556394.478942
-0.004387, -0.004387, 120000000000.053680, 120000000000.062149, 119999999999.980728
-0.004270, -0.004387, 6700548252.447014, 64894441331.547920, 9933511444.078262
-0.004154, -0.004387, 119999999999.960861, 120000000000.062439, 119999999999.980728
-0.004036, -0.004387, 32229039737.842491, 27983124109.385960, 3111445091.856280
-0.003920, -0.004387, 120000000000.053497, 119999999999.969421, 119999999999.980499
-0.003803, -0.004387, 6243671831.800727, 101493742401.738480, 8496464037.475230
-0.003686, -0.004387, 4202867716.732233, 10616629960.243464, 4951374462.650376
-0.003569, -0.004387, 120000000000.054535, 120000000000.062073, 119999999999.980576
-0.003452, -0.004387, 2189754914.233871, 9390214715.392073, 2727554766.463365
-0.003335, -0.004387, 120000000000.055664, 120000000000.062256, 119999999999.980576
-0.003218, -0.004387, 32349079799.428116, 83829394105.393204, 59272198436.704140
-0.003101, -0.004387, 659008940.938076, 659008940.937564, 670246328.072277
-0.002984, -0.004387, 521732157.730038, 554296529.161946, 531265854.118369
-0.002867, -0.004387, 103964628154.740509, 62474280000.770851, 73643043089.568680
-0.002750, -0.004387, 119999999999.960648, 120000000000.061584, 119999999999.980667
-0.002633, -0.004387, 643743842.424491, 860173774.446135, 667221343.229695
-0.002516, -0.004387, 1305041083.513634, 2437930812.714848, 1403845475.750200
-0.002399, -0.004387, 120000000000.053757, 120000000000.061905, 119999999999.980728
-0.002282, -0.004387, 1213853054.635237, 2206489566.175704, 1309692328.076247
-0.002165, -0.004387, 623854441.875930, 782728118.530465, 646413772.494512
-0.002048, -0.004387, 120000000000.053131, 119999999999.969528, 119999999999.980728
-0.001931, -0.004387, 27838568795.370743, 44236997143.873276, 44979226123.250877
-0.001814, -0.004387, 521770493.944553, 570885627.298306, 530575868.185368
-0.001697, -0.004387, 559151012.120052, 559151012.120002, 568373526.515275
-0.001580, -0.004387, 827050565.671254, 827050565.668647, 727388498.381003
-0.001463, -0.004387, 500000000.000101, 500000000.000101, 499999999.999988
-0.001345, -0.004387, 781484626.828490, 1112189395.491730, 817480186.228326
-0.001228, -0.004387, 120000000000.054398, 120000000000.062393, 119999999999.980652
-0.001112, -0.004387, 6330503094.833703, 9929848662.596443, 8674633925.760042
-0.000995, -0.004387, 522870769.583928, 566551779.210594, 531874707.397060
-0.000878, -0.004387, 77100172553.919434, 19533914950.308460, 16722240887.224302
-0.000761, -0.004387, 120000000000.054886, 120000000000.062302, 119999999999.980728
-0.000644, -0.004387, 681630892.224115, 903224424.099596, 709025881.114795
-0.000527, -0.004387, 1047130742.221035, 1737128864.462450, 1111671284.889047
-0.000410, -0.004387, 120000000000.053543, 120000000000.062073, 119999999999.980698
-0.000293, -0.004387, 1895181751.128581, 7896390385.693564, 2116519401.346569
-0.000176, -0.004387, 1615392045.926908, 1440102696.766289, 1515077864.383618
-0.000058, -0.004387, 1058178239.354387, 1145315093.447829, 1162505216.856807
0.000058, -0.004387, 624025730.120861, 624025730.120329, 615222143.292345
0.000175, -0.004387, 500000000.000097, 500000000.000112, 499999999.999987
0.000292, -0.004387, 1592168493.073317, 3279665412.070897, 1734928238.081720
0.000409, -0.004387, 120000000000.054443, 120000000000.062393, 119999999999.980545
0.000526, -0.004387, 1043023396.340221, 1737128864.461191, 1111671284.892069
0.000643, -0.004387, 681848284.757816, 903224424.100622, 709025881.110146
0.000760, -0.004387, 119999999999.961349, 120000000000.062347, 119999999999.980423
0.000877, -0.004387, 10407614611.211409, 19425553340.196949, 14639250741.381891
0.000994, -0.004387, 500000000.000099, 500000000.000107, 499999999.999988
0.001112, -0.004387, 3399145090.024909, 8498350358.648993, 3882459513.726393
0.001228, -0.004387, 120000000000.055145, 120000000000.062668, 119999999999.969284
0.001345, -0.004387, 948092125.671785, 1425856432.803864, 1027532096.904229
0.001462, -0.004387, 1587672724.783958, 1138203315.382896, 989061599.103378
0.001579, -0.004387, 692354379.213547, 650121550.632289, 666193695.277599
0.001696, -0.004387, 4174944570.111842, 75169628330.545029, 5082397469.195591
0.001813, -0.004387, 1205463282.744721, 1914769912.273299, 1314187628.638853
0.001930, -0.004387, 87609302458.984222, 44138504530.917244, 43969960483.261345
0.002048, -0.004387, 120000000000.052765, 120000000000.062439, 119999999999.980743
0.002164, -0.004387, 1256680445.373004, 4627023832.510330, 1422435431.981802
0.002282, -0.004387, 1516278387.780861, 5143396469.440786, 1763326841.905398
0.002398, -0.004387, 120000000000.055298, 119999999999.969360, 119999999999.980362
0.002515, -0.004387, 1293721546.743692, 2437930812.713170, 1403845475.743603
0.002632, -0.004387, 604598563.101884, 741205122.626704, 625648937.658641
0.002749, -0.004387, 120000000000.054077, 120000000000.062302, 119999999999.980499
0.002866, -0.004387, 45027916127.261276, 62509782705.096970, 73701561910.257904
0.002983, -0.004387, 761407582.247046, 773882371.205684, 762575769.404456
0.003101, -0.004387, 500000000.000099, 500000000.000111, 499999999.999987
0.003217, -0.004387, 500000000.000096, 500000000.000110, 499999999.999987
0.003335, -0.004387, 500000000.000102, 500000000.000097, 499999999.999988
0.003451, -0.004387, 751700654.601225, 1048053834.230359, 784891308.009288
0.003569, -0.004387, 119999999999.961472, 119999999999.967850, 119999999999.980652
0.003685, -0.004387, 5411003966.458038, 46239841370.805298, 7475763317.132681
0.003802, -0.004387, 557847181.065213, 559313717.131824, 562966626.247269
0.003919, -0.004387, 21818335444.389362, 15057555123.497673, 10617051932.628338
0.004037, -0.004387, 120000000000.054108, 120000000000.062500, 119999999999.980789
0.004153, -0.004387, 706101680.393867, 953911254.840626, 735642067.620272
0.004270, -0.004387, 993730205.978782, 1603064787.667875, 1051939256.606040
0.004388, -0.004387, 119999999999.963303, 120000000000.062149, 119999999999.980530
0.004504, -0.004387, 2488582830.785504, 58556807429.837410, 2847900758.290606
0.004622, -0.004387, 544134187.205931, 615061149.806153, 559273047.710406
0.004738, -0.004387, 118120911977.582977, 104842350436.600006, 117222917011.556351
0.004856, -0.004387, 119998388866.253326, 119998388866.261322, 119998478044.920578
0.004972, -0.004387, 574912880.722215, 676935177.950956, 593563817.726274
0.005090, -0.004387, 1469910347.058126, 2919685119.400077, 1593550316.386079
0.005206, -0.004387, 120000000000.053009, 120000000000.062637, 119999999999.980743
0.005324, -0.004387, 1101121829.951176, 1892832299.779159, 1178480495.070562
0.005440, -0.004387, 658753831.977092, 855912085.769789, 684093634.443247
0.005557, -0.004387, 119999999999.962128, 120000000000.063004, 119999999999.980606
0.005675, -0.004387, 11329991050.675438, 25664436914.756485, 18081252072.633785
0.005791, -0.004387, 502077484.270048, 503592356.115164, 504327581.100365
-0.005791, -0.004270, 500000000.000098, 500000000.000111, 499999999.999988
-0.005674, -0.004270, 754906126.127686, 717062769.512536, 739953911.227848
-0.005557, -0.004270, 1138579080.506421, 889802568.830370, 939542674.554407
-0.005441, -0.004270, 1211614080.719532, 2589417016.416375, 1298492829.823084
-0.005324, -0.004270, 120000000000.054413, 120000000000.061462, 119999999999.980728
-0.005207, -0.004270, 96649613858.166168, 73919153586.976700, 24009516134.200081
-0.005089, -0.004270, 120000000000.054230, 119999999999.968933, 119999999999.969254
-0.004972, -0.004270, 120000000000.052490, 120000000000.062027, 119999999999.980408
-0.004855, -0.004270, 120000000000.053467, 120000000000.061981, 119999999999.980576
-0.004738, -0.004270, 2912189949.684720, 11801200265.175180, 3912577845.153651
-0.004621, -0.004270, 112272443404.104019, 113996685241.293488, 55030410426.091469
-0.004504, -0.004270, 1631780973.771041, 2549636318.730735, 1807926344.030350
-0.004387, -0.004270, 28713853880.621452, 14546407283.031691, 14837606306.720032
-0.004270, -0.004270, 37272376706.857590, 67893887314.801018, 17460315494.753437
-0.004154, -0.004270, 120000000000.053635, 120000000000.062180, 119999999999.980545
-0.004036, -0.004270, 120000000000.053680, 120000000000.063278, 119999999999.969208
-0.003920, -0.004270, 120000000000.053467, 119999999999.969040, 119999999999.980789
-0.003803, -0.004270, 120000000000.053543, 120000000000.062073, 119999999999.980820
-0.003686, -0.004270, 2260887818.853572, 6402979598.064440, 2916991368.993912
-0.003569, -0.004270, 5611536276.178383, 21549632271.622368, 6834035140.582179
-0.003452, -0.004270, 948473288.317494, 1652235441.740887, 1008382558.997228
-0.003335, -0.004270, 120000000000.054855, 120000000000.062057, 119999999999.969238
-0.003218, -0.004270, 12300010724.860657, 81442143611.602463, 26867383600.563324
-0.003101, -0.004270, 500000000.000095, 500000000.000111, 499999999.999987
-0.002984, -0.004270, 500000000.000100, 500000000.000096, 499999999.999988
-0.002867, -0.004270, 812121619.047802, 756356748.484949, 785096346.203425
-0.002750, -0.004270, 3841536498.460032, 1208903255.051640, 1264322515.197526
-0.002633, -0.004270, 1224873909.141246, 2662718238.921897, 1197994042.635503
-0.002516, -0.004270, 671731419.448089, 820075474.235917, 697663834.519421
-0.002399, -0.004270, 120000000000.053741, 120000000000.061981, 119999999999.980774
-0.002282, -0.004270, 690577899.174518, 871311901.049734, 713842354.693382
-0.002165, -0.004270, 501916034.113702, 502565313.138037, 503482803.194861
-0.002048, -0.004270, 1132148799.472081, 863583762.438400, 909597857.804646
-0.001931, -0.004270, 821662551.084950, 741784488.167489, 768170264.456166
-0.001814, -0.004270, 559151012.120049, 559151012.120320, 568373526.515211
-0.001697, -0.004270, 827050565.671239, 827050565.668652, 727388498.381002
-0.001580, -0.004270, 500000000.000099, 500000000.000097, 499999999.999987
-0.001463, -0.004270, 500318979.513028, 500318979.513029, 500946956.089793
-0.001345, -0.004270, 800105453.818721, 680681463.912423, 708656056.599334
-0.001228, -0.004270, 12098455326.463705, 1824393123.462255, 2199497631.620559
-0.001112, -0.004270, 1725693083.283297, 983241318.054886, 1066618934.409717
-0.000995, -0.004270, 927910499.632969, 664805448.279570, 687392982.230067
-0.000878, -0.004270, 2096261842.615178, 1090161550.610892, 1194545458.758936
-0.000761, -0.004270, 4276830898.105361, 1659237216.831976, 1963904958.598094
-0.000644, -0.004270, 956854733.582558, 678502498.112213, 704514791.897516
-0.000527, -0.004270, 1119421690.697055, 761712798.803591, 799621669.643813
-0.000410, -0.004270, 17900578406.948746, 2111077565.267435, 2656684776.580444
-0.000293, -0.004270, 6107240059.536121, 2455864676.466317, 2441536453.627880
-0.000176, -0.004270, 4080754156.056041, 1005679661.586742, 1176675420.114614
-0.000058, -0.004270, 1401803992.713490, 900031569.588717, 922284289.996754
0.000058, -0.004270, 3103666178.436382, 1168315993.035374, 1246667850.470772
0.000175, -0.004270, 1540532860.932007, 1508886193.513242, 1490105362.834792
0.000292, -0.004270, 600684471.566621, 598912323.661015, 606895638.401260
0.000409, -0.004270, 1640408855.550489, 993684841.564844, 1055047311.565177
0.000526, -0.004270, 554608486.706898, 554608486.706578, 556350174.575275
0.000643, -0.004270, 506285415.939679, 508145124.660160, 508972741.214591
0.000760, -0.004270, 1500506763.592142, 904052680.090440, 955752465.753386
0.000877, -0.004270, 756895379.243558, 703551691.529429, 724854791.925825
0.000994, -0.004270, 500000000.000095, 500000000.000098, 499999999.999987
0.001112, -0.004270, 676482899.732755, 658904598.502934, 674717010.829643
0.001228, -0.004270, 1806403179.166432, 1166802424.340513, 1305753439.915426
0.001345, -0.004270, 1252025048.319656, 1333026037.722958, 1149556805.133169
0.001462, -0.004270, 8953701225.434782, 4804202177.849053, 5114862631.788554
0.001579, -0.004270, 929403380.063705, 1215517550.677553, 1005265199.920409
0.001696, -0.004270, 802125447.519129, 668115583.500642, 688296463.660350
0.001813, -0.004270, 761777490.637767, 606525806.836746, 630705494.189192
0.001930, -0.004270, 790871447.819611, 741784488.167741, 768170264.457126
0.002048, -0.004270, 1275847480.219278, 1018607735.108901, 1088362911.005951
0.002164, -0.004270, 20485554083.055824, 22665422986.664829, 3029176717.311711
0.002282, -0.004270, 638549311.685580, 682398729.983939, 664183057.937549
0.002398, -0.004270, 5788856798.134071, 3916458245.285948, 3469712214.312476
0.002515, -0.004270, 593324391.320504, 600566870.998847, 601740826.341196
0.002632, -0.004270, 500897684.646236, 501205996.849783, 502014741.268984
0.002749, -0.004270, 1129938535.857541, 877790503.067767, 942138206.123854
0.002866, -0.004270, 847586347.874132, 756356748.484357, 785096346.202564
0.002983, -0.004270, 500000000.000105, 500000000.000111, 499999999.999926
0.003101, -0.004270, 500000000.000101, 500000000.000105, 499999999.999987
0.003217, -0.004270, 500000000.000100, 500000000.000097, 499999999.999988
0.003335, -0.004270, 500000000.000103, 500000000.000096, 499999999.999987
0.003451, -0.004270, 513359952.245348, 516613109.075045, 517140294.933844
0.003569, -0.004270, 1949614603.613676, 947925037.229212, 1005821779.185627
0.003685, -0.004270, 1110707406.606514, 952336275.779076, 976621297.337446
0.003802, -0.004270, 500000000.000101, 500000000.000109, 499999999.999987
0.003919, -0.004270, 717790929.593745, 689979568.972779, 709624990.634104
0.004037, -0.004270, 1225547855.351714, 918351403.909469, 972061137.980376
0.004153, -0.004270, 511135545.376768, 511135545.376724, 511839185.465028
0.004270, -0.004270, 543099258.658803, 548193263.242049, 549369461.790409
0.004388, -0.004270, 9199670359.427309, 1187313194.674359, 1280843386.776022
0.004504, -0.004270, 117991978130.464661, 78561449185.168350, 102676684485.634430
0.004622, -0.004270, 850244235.729838, 953722396.215492, 886789273.888028
0.004738, -0.004270, 855969482.438337, 784559689.682063, 818160353.258901
0.004856, -0.004270, 970388759.905050, 819137926.859855, 858826524.418167
0.004972, -0.004270, 500000000.000093, 500000000.000097, 499999999.999988
0.005090, -0.004270, 592951635.474203, 592239375.068262, 599347812.134987
0.005206, -0.004270, 1978593466.100043, 1163348169.185275, 1250584075.317997
0.005324, -0.004270, 561793754.269900, 561427149.439120, 563769211.179347
0.005440, -0.004270, 504405991.136745, 505787648.346144, 506701540.954866
0.005557, -0.004270, 1366274346.330793, 889802568.830913, 939542674.554413
0.005675, -0.004270, 779112888.451246, 717062769.511993, 739953911.226247
0.005791, -0.004270, 500000000.000098, 500000000.000097, 499999999.999988
-0.005791, -0.004154, 500000000.000100, 500000000.000112, 499999999.999987
-0.005674, -0.004154, 606696692.990932, 581719392.704654, 595438895.143941
-0.005557, -0.004154, 1245098320.361074, 842905526.216619, 883642032.166826
-0.005441, -0.004154, 1276012854.897177, 3021276322.261839, 1379573141.080565
-0.005324, -0.004154, 119998700426.351379, 119998694702.691956, 119998729191.931381
-0.005207, -0.004154, 79541614787.123474, 27352930305.582344, 14865788220.936491
-0.005089, -0.004154, 119956108718.952103, 119945592081.197357, 119961895310.946594
-0.004972, -0.004154, 120000000000.053436, 120000000000.061768, 119999999999.980423
-0.004855, -0.004154, 31975965471.132427, 72759152052.966858, 31756909230.918869
-0.004738, -0.004154, 9440596107.814270, 73230469073.669861, 11333597029.399027
-0.004621, -0.004154, 15789562386.839600, 2730690727.396794, 3814031322.518410
-0.004504, -0.004154, 3794007243.214649, 4102391105.029185, 2511098577.105441
-0.004387, -0.004154, 72449474106.342987, 4803244768.063847, 5858463398.472980
-0.004270, -0.004154, 118953601966.347916, 118369125061.392746, 119452949845.813507
-0.004154, -0.004154, 120000000000.054153, 120000000000.061951, 119999999999.980728
-0.004036, -0.004154, 1875221491.080817, 1947921054.146639, 1971989544.852936
-0.003920, -0.004154, 11933172128.097620, 2370603807.450880, 2396178464.011578
-0.003803, -0.004154, 120000000000.054245, 120000000000.061707, 119999999999.980576
-0.003686, -0.004154, 2026213842.820661, 10938834567.456177, 2532507022.049362
-0.003569, -0.004154, 5356493270.592998, 56226347556.576897, 7241155001.613887
-0.003452, -0.004154, 889522310.562230, 1546953743.034281, 929899982.822450
-0.003335, -0.004154, 120000000000.053467, 120000000000.062424, 119999999999.980545
-0.003218, -0.004154, 12300010724.860659, 81442143611.601776, 26867383600.563072
-0.003101, -0.004154, 500000000.000099, 500000000.000112, 499999999.999987
-0.002984, -0.004154, 500000000.000102, 500000000.000112, 499999999.999987
-0.002867, -0.004154, 500000000.000103, 500000000.000098, 499999999.999987
-0.002750, -0.004154, 500000000.000097, 500000000.000105, 499999999.999987
-0.002633, -0.004154, 684091164.922078, 684986851.288188, 697866118.534737
-0.002516, -0.004154, 1242779972.068102, 1204242532.411737, 1179176512.149676
-0.002399, -0.004154, 3187731843.337787, 892344339.794384, 974768888.908884
-0.002282, -0.004154, 2185492065.317657, 1197372745.494461, 1289816052.844187
-0.002165, -0.004154, 541943714.993705, 547168781.556804, 547165322.161383
-0.002048, -0.004154, 706727105.756930, 642230717.264808, 665466734.634875
-0.001931, -0.004154, 1425914584.010077, 802664105.533904, 828993104.516585
-0.001814, -0.004154, 833537750.837121, 877439273.823424, 741648180.952329
-0.001697, -0.004154, 553861817.044476, 545834793.978212, 554272197.966829
-0.001580, -0.004154, 1225900912.935441, 768863855.257315, 801978661.258488
-0.001463, -0.004154, 2173900229.392120, 1033444432.842178, 1075848553.771867
-0.001345, -0.004154, 8954207828.760008, 2426214678.981974, 2958882414.762897
-0.001228, -0.004154, 11152680647.260939, 2304311426.498471, 2544441840.880211
-0.001112, -0.004154, 11337804150.371172, 2285157038.835684, 2646278810.459935
-0.000995, -0.004154, 11689441705.309135, 2707422781.848441, 3118940819.692296
-0.000878, -0.004154, 8126285460.900593, 2137035216.339275, 2567695498.335927
-0.000761, -0.004154, 7802334803.036311, 2409029464.577982, 2706132961.299545
-0.000644, -0.004154, 2597152842.971685, 1858552503.520666, 1959059873.912012
-0.000527, -0.004154, 541306680.100488, 544490601.762979, 549442917.601216
-0.000410, -0.004154, 997331704.293567, 708075948.100281, 737191320.459117
-0.000293, -0.004154, 542325474.613211, 531741203.076382, 538096738.445473
-0.000176, -0.004154, 500000000.000096, 500000000.000098, 499999999.999988
-0.000058, -0.004154, 661587415.499534, 615406611.159430, 634276532.395361
0.000058, -0.004154, 1374783835.709240, 1050533762.373576, 1152484143.751393
0.000175, -0.004154, 987477445.361006, 906702855.378004, 915039631.147562
0.000292, -0.004154, 535081449.790502, 531741203.090098, 538096738.446840
0.000409, -0.004154, 964679981.431966, 708075948.023757, 737191320.450876
0.000526, -0.004154, 514462531.447538, 511498445.180134, 514990319.514463
0.000643, -0.004154, 500000000.000093, 500000000.000098, 499999999.999987
0.000760, -0.004154, 500000000.000094, 500000000.000112, 499999999.999987
0.000877, -0.004154, 500000000.000103, 500000000.000100, 499999999.999987
0.000994, -0.004154, 500000000.000092, 500000000.000099, 499999999.999987
0.001112, -0.004154, 578719049.934107, 568225074.780210, 579629548.968990
0.001228, -0.004154, 1816489849.681395, 7613842789.874873, 1291220436.218500
0.001345, -0.004154, 722405368.813636, 1222038937.295441, 760389722.088410
0.001462, -0.004154, 1674317136.882692, 1088593495.995641, 1179521326.204880
0.001579, -0.004154, 2761857954.198833, 19786290000.888767, 1956183885.387260
0.001696, -0.004154, 922132900.208755, 1317500290.016011, 998768701.224383
0.001813, -0.004154, 44285002389.368431, 94820072117.027328, 66646555622.034683
0.001930, -0.004154, 679034787.527165, 709830772.235424, 688401521.459785
0.002048, -0.004154, 915476834.243939, 851240711.658573, 835719140.823578
0.002164, -0.004154, 5952872336.542114, 2400162564.306378, 2823841942.218366
0.002282, -0.004154, 565025121.290117, 605763811.944656, 576075148.821878
0.002398, -0.004154, 951272964.708899, 3153858384.647467, 1047185593.034315
0.002515, -0.004154, 500000000.000101, 500000000.000095, 499999999.999988
0.002632, -0.004154, 517932736.700105, 534958574.363920, 526414093.014828
0.002749, -0.004154, 75911795674.127289, 66023269635.850533, 11290624196.204939
0.002866, -0.004154, 808488225.754318, 923957559.107173, 850624395.978939
0.002983, -0.004154, 500000000.000103, 500000000.000099, 499999999.999988
0.003101, -0.004154, 500000000.000098, 500000000.000107, 499999999.999988
0.003217, -0.004154, 500000000.000098, 500000000.000102, 499999999.999987
0.003335, -0.004154, 500000000.000096, 500000000.000097, 499999999.999987
0.003451, -0.004154, 500000000.000100, 500000000.000110, 499999999.999987
0.003569, -0.004154, 500000000.000100, 500000000.000112, 499999999.999987
0.003685, -0.004154, 500000000.000099, 500000000.000097, 499999999.999988
0.003802, -0.004154, 596777350.468530, 585594593.548312, 597634920.961040
0.003919, -0.004154, 505679647.170498, 504285383.030896, 507093460.985460
0.004037, -0.004154, 913247454.083161, 672640879.590241, 720184612.186491
0.004153, -0.004154, 513563523.123948, 514932867.616318, 516053485.749543
0.004270, -0.004154, 508721070.681366, 508721070.681930, 511839185.465417
0.004388, -0.004154, 992773947.763197, 706399989.833644, 735642067.632072
0.004504, -0.004154, 1066646521.819269, 902601828.347798, 959215589.922307
0.004622, -0.004154, 596054203.334078, 594576970.210968, 597658086.775995
0.004738, -0.004154, 500000000.000100, 500000000.000100, 499999999.999987
0.004856, -0.004154, 500000000.000100, 500000000.000111, 499999999.999987
0.004972, -0.004154, 500000000.000104, 500000000.000098, 499999999.999987
0.005090, -0.004154, 530414102.667420, 528024771.236027, 533877360.070220
0.005206, -0.004154, 972150087.201387, 709062452.857747, 738177668.680943
0.005324, -0.004154, 517967627.776831, 514327915.817133, 518245491.087208
0.005440, -0.004154, 500000000.000094, 500000000.000099, 499999999.999987
0.005557, -0.004154, 722175040.146998, 653210746.061194, 678047782.252260
0.005675, -0.004154, 620364592.817850, 581719392.679189, 595438895.142641
0.005791, -0.004154, 500000000.000103, 499999999.999741, 499999999.999987
-0.005791, -0.004036, 501918843.505732, 503339623.026243, 504301619.723140
-0.005674, -0.004036, 14922571769.221703, 75266637722.371796, 7634065412.544039
-0.005557, -0.004036, 120000000000.055511, 120000000000.061646, 119999999999.980728
-0.005441, -0.004036, 2700190111.051487, 21134608832.745007, 3657676166.807340
-0.005324, -0.004036, 48554582036.345573, 86977640860.483612, 14145438416.931704
-0.005207, -0.004036, 120000000000.054474, 120000000000.062134, 119999999999.980789
-0.005089, -0.004036, 45769359427.110809, 87136284844.163208, 13906565761.369032
-0.004972, -0.004036, 23873720761.774700, 66390022631.707581, 23414396880.206123
-0.004855, -0.004036, 120000000000.053864, 120000000000.061768, 119999999999.969086
-0.004738, -0.004036, 120000000000.054047, 119999999999.969131, 119999999999.980652
-0.004621, -0.004036, 55763441823.549637, 65943491640.014221, 23251678311.898235
-0.004504, -0.004036, 3376221967.873389, 42544519095.998367, 4794419852.951227
-0.004387, -0.004036, 120000000000.054245, 119999999999.968689, 119999999999.980774
-0.004270, -0.004036, 25114466183.183399, 77098077459.583801, 12633847035.526705
-0.004154, -0.004036, 120000000000.055344, 120000000000.061905, 119999999999.980453
-0.004036, -0.004036, 2703178493.970460, 19286397074.573395, 2865325727.631467
-0.003920, -0.004036, 30564187148.056351, 30564187148.527081, 3617785688.006863
-0.003803, -0.004036, 119999999999.961395, 119999999999.968796, 119999999999.980789
-0.003686, -0.004036, 1595697976.241873, 7298757412.174475, 1891307297.202662
-0.003569, -0.004036, 17527271954.910633, 114080196332.866150, 36324265768.504066
-0.003452, -0.004036, 899263958.683663, 1572348191.213139, 945275828.848210
-0.003335, -0.004036, 120000000000.053543, 120000000000.062271, 119999999999.969208
-0.003218, -0.004036, 5236863825.639808, 6929912286.815971, 6997289013.914401
-0.003101, -0.004036, 500000000.000094, 500000000.000109, 499999999.999987
-0.002984, -0.004036, 500000000.000102, 500000000.000102, 499999999.999987
-0.002867, -0.004036, 500000000.000100, 500000000.000099, 499999999.999987
-0.002750, -0.004036, 500000000.000099, 499999999.999742, 499999999.999987
-0.002633, -0.004036, 500000000.000097, 500000000.000098, 499999999.999987
-0.002516, -0.004036, 647557976.637159, 632431741.308079, 645261207.738230
-0.002399, -0.004036, 2554131317.731968, 915648068.165467, 940509651.490804
-0.002282, -0.004036, 7018648457.900767, 2526933696.226461, 2998302678.374774
-0.002165, -0.004036, 713898984.078469, 969777653.708456, 762198131.500795
-0.002048, -0.004036, 115320954853.338379, 115320954853.380386, 64860050608.189896
-0.001931, -0.004036, 119999999999.961716, 120000000000.062378, 119999999999.980652
-0.001814, -0.004036, 540015715.532684, 632364722.298159, 554305732.983789
-0.001697, -0.004036, 1916972114.223018, 9579715182.918505, 2133913386.221277
-0.001580, -0.004036, 120000000000.054047, 120000000000.061661, 119999999999.980743
-0.001463, -0.004036, 2698938355.360143, 17198225048.641384, 3678940567.684794
-0.001345, -0.004036, 13873071430.062073, 42333589242.235222, 13396978814.491432
-0.001228, -0.004036, 120000000000.054123, 119999999999.969131, 119999999999.980621
-0.001112, -0.004036, 37012355930.680504, 68796698190.811279, 32356816093.038120
-0.000995, -0.004036, 12786949766.031937, 17295522507.360027, 17265580649.072044
-0.000878, -0.004036, 84278328248.685944, 81565397096.700668, 77329338988.643494
-0.000761, -0.004036, 92742304023.936600, 118914211040.875290, 113007142944.086426
-0.000644, -0.004036, 90184307246.287506, 63881272981.804634, 43569291151.434769
-0.000527, -0.004036, 1440383288.089029, 8222599721.068239, 1669318236.055357
-0.000410, -0.004036, 120000000000.054642, 120000000000.061981, 119999999999.969284
-0.000293, -0.004036, 1414061092.953727, 5458804368.928877, 1550558949.365350
-0.000176, -0.004036, 545710357.872527, 583495900.879145, 559027695.022747
-0.000058, -0.004036, 105392376158.621750, 105395001936.306488, 25634392165.256706
0.000058, -0.004036, 19734410870.516178, 105395001936.344376, 25634392165.829494
0.000175, -0.004036, 549051444.033504, 589891012.825955, 562002670.460687
0.000292, -0.004036, 1406806634.675158, 4634352360.779641, 1528830420.033500
0.000409, -0.004036, 120000000000.052902, 120000000000.062073, 119999999999.980652
0.000526, -0.004036, 971555024.415328, 1990104418.881443, 1033163387.334955
0.000643, -0.004036, 500000000.000101, 499999999.999740, 499999999.999987
0.000760, -0.004036, 500000000.000100, 500000000.000097, 499999999.999987
0.000877, -0.004036, 500000000.000101, 500000000.000097, 499999999.999987
0.000994, -0.004036, 499999999.999736, 500000000.000095, 499999999.999987
0.001112, -0.004036, 2623526463.168815, 18832973177.656208, 2989713411.589885
0.001228, -0.004036, 120000000000.054642, 120000000000.061935, 119999999999.980743
0.001345, -0.004036, 1186474530.976649, 6510125094.181840, 1426242779.292928
0.001462, -0.004036, 817152360.891751, 1199771158.762722, 858672575.794326
0.001579, -0.004036, 120000000000.054291, 120000000000.062347, 119999999999.980667
0.001696, -0.004036, 2100914008.943394, 9800732485.075224, 2510782876.786917
0.001813, -0.004036, 1216507633.806636, 1869177673.394806, 1125688538.693328
0.001930, -0.004036, 41645753242.599541, 88725129842.477188, 11126779760.332611
0.002048, -0.004036, 45843139118.942719, 115320954853.355865, 64860050608.079475
0.002164, -0.004036, 3073690713.811278, 1714174894.642089, 1876157042.641910
0.002282, -0.004036, 546240259.599698, 557665283.112351, 553402796.949685
0.002398, -0.004036, 986904099.392616, 4590149458.286613, 1078227191.603324
0.002515, -0.004036, 500000000.000100, 500000000.000100, 499999999.999987
0.002632, -0.004036, 581514327.493254, 635689156.242910, 599198415.647694
0.002749, -0.004036, 117373098036.618042, 118722870042.115234, 113787220390.625061
0.002866, -0.004036, 10971744863.686325, 94001632019.567413, 14215886720.170532
0.002983, -0.004036, 518644972.222479, 532145279.754785, 525894631.718707
0.003101, -0.004036, 500000000.000098, 500000000.000096, 499999999.999988
0.003217, -0.004036, 500000000.000093, 500000000.000113, 499999999.999987
0.003335, -0.004036, 500000000.000093, 500000000.000113, 499999999.999987
0.003451, -0.004036, 500000000.000097, 500000000.000106, 499999999.999987
0.003569, -0.004036, 500000000.000102, 500000000.000102, 499999999.999988
0.003685, -0.004036, 500000000.000102, 500000000.000097, 499999999.999987
0.003802, -0.004036, 852358244.612057, 727355579.916049, 771505865.853974
0.003919, -0.004036, 5827527300.620505, 5437450575.892985, 2270785636.102134
0.004037, -0.004036, 1198921477.193419, 733916815.497563, 777038200.447001
0.004153, -0.004036, 511386508.445496, 511918319.710584, 514230573.214152
0.004270, -0.004036, 919600913.179073, 1618012387.032895, 972061137.972537
0.004388, -0.004036, 120000000000.055267, 120000000000.061462, 119999999999.969284
0.004504, -0.004036, 1500432684.581252, 5547099113.217310, 1655241962.606326
0.004622, -0.004036, 500000000.000101, 500000000.000096, 499999999.999987
0.004738, -0.004036, 500000000.000103, 500000000.000111, 499999999.999988
0.004856, -0.004036, 500000000.000104, 500000000.000101, 499999999.999987
0.004972, -0.004036, 500000000.000101, 500000000.000108, 499999999.999987
0.005090, -0.004036, 1310105309.836388, 3925398484.954508, 1416509221.527976
0.005206, -0.004036, 120000000000.054153, 119999999999.969360, 119999999999.980698
0.005324, -0.004036, 1012558608.234542, 2098347914.689651, 1078856577.184652
0.005440, -0.004036, 626226418.065580, 694635947.483398, 648850728.988052
0.005557, -0.004036, 117877911801.204834, 117877911801.233032, 96537602980.497040
0.005675, -0.004036, 5982221581.847772, 75266637722.389709, 7634065412.563323
0.005791, -0.004036, 502053827.819988, 503339623.026720, 504301619.723161
-0.005791, -0.003920, 500000000.000097, 500000000.000096, 499999999.999987
-0.005674, -0.003920, 1858282700.246736, 1715904999.493866, 1805476646.605114
-0.005557, -0.003920, 6297721364.610871, 4108215841.787734, 5800591046.689094
-0.005441, -0.003920, 6505055200.988469, 39740349885.968918, 4824398645.380713
-0.005324, -0.003920, 14973437283.384289, 18452155808.344921, 9643952210.575705
-0.005207, -0.003920, 102937328613.422699, 45510983979.274513, 66905883186.772240
-0.005089, -0.003920, 30877243579.049068, 15598779353.973604, 10124779300.456448
-0.004972, -0.003920, 116447619599.910339, 118796610159.998550, 117401826997.373764
-0.004855, -0.003920, 99364989340.824249, 45989136677.553993, 74235067021.394653
-0.004738, -0.003920, 114849995880.478928, 50455056252.402428, 75806460419.043503
-0.004621, -0.003920, 117897634194.373550, 118763238096.148132, 117469493482.389252
-0.004504, -0.003920, 17046618309.171272, 13445433258.299511, 11830894267.802513
-0.004387, -0.003920, 76704870657.775146, 21133836593.266273, 48412828857.615952
-0.004270, -0.003920, 74867878219.235641, 36603452131.456566, 12779957148.808264
-0.004154, -0.003920, 120000000000.053375, 120000000000.062714, 119999999999.980621
-0.004036, -0.003920, 120000000000.055099, 120000000000.061859, 119999999999.980728
-0.003920, -0.003920, 120000000000.055450, 120000000000.062714, 119999999999.980576
-0.003803, -0.003920, 120000000000.053101, 120000000000.062180, 119999999999.980545
-0.003686, -0.003920, 2485122198.661595, 16368525160.886385, 3210603001.907652
-0.003569, -0.003920, 119811068798.445801, 117967949499.582352, 119831749052.813843
-0.003452, -0.003920, 1089009442.810615, 1859182810.348687, 1165027217.621865
-0.003335, -0.003920, 6634898899.219560, 3450468669.506096, 4193925247.791151
-0.003218, -0.003920, 631078679.384498, 631078679.383969, 640127141.359431
-0.003101, -0.003920, 500000000.000092, 500000000.000106, 499999999.999987
-0.002984, -0.003920, 500000000.000098, 500000000.000105, 499999999.999987
-0.002867, -0.003920, 500000000.000091, 500000000.000100, 499999999.999987
-0.002750, -0.003920, 500000000.000097, 500000000.000097, 499999999.999987
-0.002633, -0.003920, 500000000.000104, 500000000.000097, 499999999.999987
-0.002516, -0.003920, 500000000.000101, 500000000.000094, 499999999.999987
-0.002399, -0.003920, 500000000.000100, 500000000.000098, 499999999.999987
-0.002282, -0.003920, 500000000.000091, 500000000.000096, 499999999.999987
-0.002165, -0.003920, 538009068.293146, 565849033.681856, 547144933.345828
-0.002048, -0.003920, 38418682567.732414, 3042119853.207468, 3639032868.359503
-0.001931, -0.003920, 2118194075.908522, 1899990398.597614, 2075608871.376663
-0.001814, -0.003920, 500513277.315921, 500801739.147050, 501225370.611484
-0.001697, -0.003920, 1072811662.195395, 1153859709.040854, 1106650030.017841
-0.001580, -0.003920, 10896622649.929087, 5112888876.689189, 7026719661.746547
-0.001463, -0.003920, 1114705281.341495, 2064222879.896076, 1224092382.933530
-0.001345, -0.003920, 56356479227.478233, 99888045262.826187, 59796463590.409081
-0.001228, -0.003920, 82489086539.174026, 9597897904.160109, 13829024038.551325
-0.001112, -0.003920, 3898877303.252310, 31876842778.257320, 4994998086.344810
-0.000995, -0.003920, 1666452375.715887, 1552650305.322036, 1672723649.426412
-0.000878, -0.003920, 116623899168.366257, 118390593770.308884, 93001561338.473038
-0.000761, -0.003920, 99334214388.299362, 22140895284.933994, 35437037338.970200
-0.000644, -0.003920, 30374514827.730114, 54859825829.049416, 12955748390.720030
-0.000527, -0.003920, 938500601.977607, 1665369383.233604, 1019845962.858604
-0.000410, -0.003920, 95208518034.119568, 7593431784.516374, 11261872676.379850
-0.000293, -0.003920, 2266527657.773355, 17654312514.739067, 2493425097.540430
-0.000176, -0.003920, 513910720.376506, 534574816.840114, 520021773.925970
-0.000058, -0.003920, 24586209689.676121, 2387053401.177539, 2738568681.394645
0.000058, -0.003920, 104669620478.839218, 22723992339.058182, 70863073176.367661
0.000175, -0.003920, 631805873.862335, 877154201.432964, 643840747.652233
0.000292, -0.003920, 896408107.965826, 972463196.905851, 928893216.737103
0.000409, -0.003920, 99989776092.275436, 11181729446.275116, 19686331552.993050
0.000526, -0.003920, 1333044036.356256, 5169806235.259499, 1390490617.580894
0.000643, -0.003920, 500000000.000100, 500000000.000097, 499999999.999987
0.000760, -0.003920, 500000000.000101, 500000000.000098, 499999999.999987
0.000877, -0.003920, 500000000.000106, 500000000.000097, 499999999.999987
0.000994, -0.003920, 500000000.000099, 500000000.000099, 499999999.999988
0.001112, -0.003920, 1258377689.472250, 1321008240.785686, 1287084203.501859
0.001228, -0.003920, 7881203755.767324, 4509000623.004605, 5963694181.690557
0.001345, -0.003920, 1014890651.941715, 1981198975.133055, 1132453078.549255
0.001462, -0.003920, 640413465.274707, 679830815.651608, 657794901.227929
0.001579, -0.003920, 33855249737.870853, 5112888876.689593, 7026719661.746511
0.001696, -0.003920, 1529021427.105596, 1647443268.569145, 1694293316.837019
0.001813, -0.003920, 691836646.792251, 741674899.997982, 659108547.389765
0.001930, -0.003920, 2802347411.489619, 1899990398.598634, 2075608871.376626
0.002048, -0.003920, 5119727667.272609, 3208763097.260642, 3891258615.021904
0.002164, -0.003920, 3848487333.294074, 1754522412.929365, 1970296370.741167
0.002282, -0.003920, 969735068.439530, 1095695374.934839, 1024564689.144369
0.002398, -0.003920, 737104787.170430, 739890553.108935, 748240264.285147
0.002515, -0.003920, 500000000.000094, 500000000.000098, 499999999.999988
0.002632, -0.003920, 530705613.690029, 557383711.648970, 539091839.605156
0.002749, -0.003920, 35004255604.867302, 2850785893.893218, 3368006795.120561
0.002866, -0.003920, 2315205169.740445, 2012900051.488880, 2240940252.693268
0.002983, -0.003920, 502665547.765167, 505527667.895216, 504488490.210586
0.003101, -0.003920, 500000000.000094, 500000000.000098, 499999999.999926
0.003217, -0.003920, 500000000.000099, 500000000.000097, 499999999.999987
0.003335, -0.003920, 500000000.000101, 500000000.000096, 499999999.999988
0.003451, -0.003920, 500000000.000093, 500000000.000111, 499999999.999988
0.003569, -0.003920, 500000000.000091, 500000000.000097, 499999999.999987
0.003685, -0.003920, 500000000.000102, 500000000.000098, 499999999.999925
0.003802, -0.003920, 692720915.575227, 623068423.907350, 651115744.886918
0.003919, -0.003920, 626135808.186877, 534252769.013714, 550953639.247289
0.004037, -0.003920, 2130331739.030633, 735584405.459323, 825143052.147788
0.004153, -0.003920, 514287827.321975, 515694375.742009, 517358555.286912
0.004270, -0.003920, 688563883.320060, 735196907.284436, 709624990.631444
0.004388, -0.003920, 28054467308.623283, 5551871446.331319, 7802298701.819469
0.004504, -0.003920, 950266555.864941, 1018296456.484683, 971701163.954773
0.004622, -0.003920, 500000000.000102, 500000000.000098, 499999999.999987
0.004738, -0.003920, 500000000.000101, 500000000.000115, 499999999.999987
0.004856, -0.003920, 500000000.000093, 500000000.000110, 499999999.999988
0.004972, -0.003920, 500000000.000104, 500000000.000099, 499999999.999988
0.005090, -0.003920, 860079435.676467, 933559382.354606, 891203890.815861
0.005206, -0.003920, 17562365331.805923, 5704236130.455047, 8085074896.040456
0.005324, -0.003920, 735821892.743257, 788630720.259484, 758008325.743652
0.005440, -0.003920, 551763484.399139, 581495812.959853, 562219079.415540
0.005557, -0.003920, 42056375514.038490, 3400976042.866806, 4169158403.932214
0.005675, -0.003920, 1805155379.475291, 1715904999.493103, 1805476646.605239
0.005791, -0.003920, 500000000.000094, 500000000.000101, 499999999.999988
-0.005791, -0.003803, 580783371.165266, 645928807.742635, 596490562.520266
-0.005674, -0.003803, 15673833730.529732, 3211543352.833064, 3802862508.627691
-0.005557, -0.003803, 102238305474.803696, 12483759853.807371, 8725318337.733484
-0.005441, -0.003803, 119999999999.961182, 120000000000.061859, 119999999999.980667
-0.005324, -0.003803, 38987631432.719963, 113589380379.007065, 53885643240.356750
-0.005207, -0.003803, 15138468815.629402, 2696695864.708662, 3600993518.856799
-0.005089, -0.003803, 107625875488.747528, 103043515163.252090, 25837104976.584217
-0.004972, -0.003803, 120000000000.054657, 120000000000.061935, 119999999999.980545
-0.004855, -0.003803, 27951521637.704342, 109317650206.288635, 34974354777.951530
-0.004738, -0.003803, 114390124506.829056, 114390124506.879898, 57496252780.431129
-0.004621, -0.003803, 120000000000.054169, 119999999999.969131, 119999999999.980652
-0.004504, -0.003803, 119438411213.042572, 118465991835.091202, 119295179115.010696
-0.004387, -0.003803, 120000000000.053299, 120000000000.061813, 119999999999.980728
-0.004270, -0.003803, 120000000000.054901, 120000000000.062134, 119999999999.980728
-0.004154, -0.003803, 120000000000.052979, 120000000000.061951, 119999999999.980606
-0.004036, -0.003803, 120000000000.054276, 119999999999.968689, 119999999999.980652
-0.003920, -0.003803, 80882196923.039017, 8107041205.425308, 9329612796.385733
-0.003803, -0.003803, 120000000000.053268, 120000000000.062149, 119999999999.980698
-0.003686, -0.003803, 14197438830.876253, 99474571713.649429, 17120624164.214691
-0.003569, -0.003803, 744324041.360809, 714151755.621253, 709599476.527272
-0.003452, -0.003803, 500000000.000096, 500000000.000102, 499999999.999988
-0.003335, -0.003803, 500000000.000097, 500000000.000099, 499999999.999987
-0.003218, -0.003803, 500000000.000099, 500000000.000094, 499999999.999987
-0.003101, -0.003803, 500000000.000099, 500000000.000098, 499999999.999987
-0.002984, -0.003803, 500000000.000102, 500000000.000115, 499999999.999988
-0.002867, -0.003803, 500000000.000102, 500000000.000096, 499999999.999987
-0.002750, -0.003803, 500000000.000098, 500000000.000096, 499999999.999988
-0.002633, -0.003803, 500000000.000100, 500000000.000110, 499999999.999987
-0.002516, -0.003803, 500000000.000101, 500000000.000109, 499999999.999987
-0.002399, -0.003803, 500000000.000091, 500000000.000096, 499999999.999987
-0.002282, -0.003803, 500000000.000097, 500000000.000109, 499999999.999987
-0.002165, -0.003803, 500000000.000097, 500000000.000097, 499999999.999987
-0.002048, -0.003803, 500000000.000096, 500000000.000097, 499999999.999987
-0.001931, -0.003803, 580820647.277314, 512869788.971702, 524121955.416374
-0.001814, -0.003803, 581677553.761781, 512889879.213817, 524159068.028372
-0.001697, -0.003803, 581677553.761774, 512889879.213953, 524159068.028369
-0.001580, -0.003803, 581677553.761771, 512889879.213811, 524159068.028369
-0.001463, -0.003803, 581156580.623144, 587989261.546078, 584432165.025885
-0.001345, -0.003803, 48707721381.700249, 4494936491.319849, 5031410575.903789
-0.001228, -0.003803, 3469189004.664571, 6253459840.484694, 4060935497.231258
-0.001112, -0.003803, 6636745427.626370, 2502166923.038408, 3058201752.138885
-0.000995, -0.003803, 2244036011.617529, 2060718566.528067, 2165102604.757958
-0.000878, -0.003803, 5684875863.392120, 2592885238.606275, 3336350374.499259
-0.000761, -0.003803, 73790539581.311386, 60206412565.323380, 9278700919.952993
-0.000644, -0.003803, 2906490033.449846, 3076695248.947994, 3181928467.759469
-0.000527, -0.003803, 549002466.626311, 566026566.788239, 558313398.664389
-0.000410, -0.003803, 1404434756.868992, 848894220.324095, 887625604.973124
-0.000293, -0.003803, 613135029.750742, 614320619.008070, 622957942.329518
-0.000176, -0.003803, 879003147.804615, 721069316.107281, 751622044.590601
-0.000058, -0.003803, 500000000.000096, 500000000.000111, 499999999.999987
0.000058, -0.003803, 500000000.000101, 500000000.000097, 499999999.999926
0.000175, -0.003803, 733803090.454409, 902022738.432090, 759642918.171381
0.000292, -0.003803, 1307987300.712897, 677915090.860597, 725039678.211603
0.000409, -0.003803, 1307987300.712879, 677915090.860457, 725039678.211602
0.000526, -0.003803, 1945777111.975036, 866022238.383249, 933587803.955658
0.000643, -0.003803, 6157079188.748895, 1035835364.050156, 1294052330.050059
0.000760, -0.003803, 6157079188.748893, 1035835364.051560, 1294052330.050061
0.000877, -0.003803, 6157079188.748925, 1035835364.050308, 1294052330.050021
0.000994, -0.003803, 6157079188.748904, 1035835364.051726, 1294052330.050196
0.001112, -0.003803, 6157079188.748906, 1035835364.052390, 1294052330.050121
0.001228, -0.003803, 8023011125.036033, 1058012793.989722, 1318738768.300210
0.001345, -0.003803, 1526445857.448767, 772330547.140703, 841586435.163796
0.001462, -0.003803, 1307987300.712892, 677915090.861004, 725039678.211677
0.001579, -0.003803, 1560957291.122852, 693152671.839674, 736403949.750847
0.001696, -0.003803, 743831445.249979, 743831445.248786, 686616057.934452
0.001813, -0.003803, 1073402414.571715, 1153363509.648666, 1128060230.587005
0.001930, -0.003803, 1843218566.175883, 1975780168.211568, 1878370812.238538
0.002048, -0.003803, 508310381.475004, 515939745.236769, 513758412.184539
0.002164, -0.003803, 42714923736.546478, 18280960691.415710, 6297917220.109176
0.002282, -0.003803, 1040449639.871424, 1570269689.212094, 1088505842.810161
0.002398, -0.003803, 500000000.000093, 500000000.000097, 499999999.999988
0.002515, -0.003803, 500000000.000103, 500000000.000109, 499999999.999987
0.002632, -0.003803, 500000000.000102, 500000000.000108, 499999999.999987
0.002749, -0.003803, 499999999.999741, 500000000.000111, 499999999.999987
0.002866, -0.003803, 500000000.000094, 500000000.000109, 499999999.999988
0.002983, -0.003803, 500000000.000096, 500000000.000101, 499999999.999987
0.003101, -0.003803, 500000000.000092, 500000000.000099, 499999999.999987
0.003217, -0.003803, 500000000.000099, 500000000.000098, 499999999.999987
0.003335, -0.003803, 500000000.000095, 500000000.000110, 499999999.999988
0.003451, -0.003803, 500000000.000093, 500000000.000094, 499999999.999988
0.003569, -0.003803, 500000000.000102, 500000000.000099, 499999999.999987
0.003685, -0.003803, 500000000.000096, 500000000.000109, 499999999.999987
0.003802, -0.003803, 849302886.194437, 729657188.971233, 773318285.332855
0.003919, -0.003803, 5914674445.905229, 7543538485.415840, 2512440942.854202
0.004037, -0.003803, 1204410511.074194, 749303153.907914, 791330777.481707
0.004153, -0.003803, 512248087.462214, 512890992.188506, 515526269.481337
0.004270, -0.003803, 500000000.000095, 500000000.000110, 499999999.999987
0.004388, -0.003803, 500000000.000102, 500000000.000098, 499999999.999987
0.004504, -0.003803, 500000000.000100, 500000000.000099, 499999999.999988
0.004622, -0.003803, 500000000.000100, 500000000.000095, 499999999.999987
0.004738, -0.003803, 500000000.000098, 500000000.000097, 499999999.999988
0.004856, -0.003803, 500000000.000098, 500000000.000101, 499999999.999988
0.004972, -0.003803, 500000000.000100, 500000000.000097, 499999999.999987
0.005090, -0.003803, 500000000.000099, 500000000.000111, 499999999.999987
0.005206, -0.003803, 500000000.000100, 500000000.000110, 499999999.999987
0.005324, -0.003803, 500000000.000101, 500000000.000103, 499999999.999987
0.005440, -0.003803, 500000000.000105, 500000000.000095, 499999999.999988
0.005557, -0.003803, 500000000.000099, 500000000.000110, 499999999.999987
0.005675, -0.003803, 500000000.000100, 500000000.000097, 499999999.999988
0.005791, -0.003803, 500000000.000097, 500000000.000098, 499999999.999988
-0.005791, -0.003686, 601003182.412133, 768093118.386726, 619267618.535303
-0.005674, -0.003686, 119999999999.960892, 119999999999.969086, 119999999999.980331
-0.005557, -0.003686, 120000000000.053375, 120000000000.062393, 119999999999.980667
-0.005441, -0.003686, 120000000000.054077, 120000000000.061584, 119999999999.980698
-0.005324, -0.003686, 119450731104.550598, 118499462925.948364, 119727270224.667862
-0.005207, -0.003686, 98109714392.284149, 87334376720.859940, 30166313775.846985
-0.005089, -0.003686, 119446975760.839233, 118531339682.727859, 119727796933.364822
-0.004972, -0.003686, 76077731242.938705, 84255245618.580048, 100295643104.432434
-0.004855, -0.003686, 37633684190.183083, 42734855114.361351, 12158285688.574839
-0.004738, -0.003686, 24572140392.388466, 21369086163.686333, 12342952944.092682
-0.004621, -0.003686, 115525831692.325485, 117972107332.162888, 118304382355.116516
-0.004504, -0.003686, 16155463204.894115, 30522757260.405186, 14092669192.853338
-0.004387, -0.003686, 92444679585.672287, 74828503940.699966, 37693244322.034248
-0.004270, -0.003686, 69724996412.845764, 35568801495.287766, 12386104582.074028
-0.004154, -0.003686, 120000000000.054047, 120000000000.062836, 119999999999.980621
-0.004036, -0.003686, 10104536909.431965, 88786876618.822998, 11991701686.793922
-0.003920, -0.003686, 729248284.921572, 727371149.668254, 736712519.311886
-0.003803, -0.003686, 115121067814.643173, 114841529623.647171, 72849665170.567307
-0.003686, -0.003686, 120000000000.053802, 120000000000.061768, 119999999999.980789
-0.003569, -0.003686, 605885355.634306, 759385029.628682, 630461399.226021
-0.003452, -0.003686, 1240305051.848535, 783891306.703191, 817386282.614266
-0.003335, -0.003686, 1266094852.022174, 791361973.882241, 823375985.505412
-0.003218, -0.003686, 1266094852.022162, 791361973.881665, 823375985.505490
-0.003101, -0.003686, 1266094852.022167, 791361973.879130, 823375985.505500
-0.002984, -0.003686, 1266094852.022179, 791361973.880527, 823375985.505521
-0.002867, -0.003686, 1266094852.022168, 791361973.882058, 823375985.505567
-0.002750, -0.003686, 1266094852.022197, 791361973.880267, 823375985.505484
-0.002633, -0.003686, 1266094852.022174, 791361973.879331, 823375985.505438
-0.002516, -0.003686, 1266094852.022162, 791361973.881307, 823375985.505569
-0.002399, -0.003686, 1266094852.022165, 791361973.880156, 823375985.505529
-0.002282, -0.003686, 558399920.978027, 551942904.167685, 558905278.459652
-0.002165, -0.003686, 500000000.000101, 500000000.000096, 499999999.999987
-0.002048, -0.003686, 849537083.971174, 909745581.559819, 877844929.705868
-0.001931, -0.003686, 119996304569.971909, 119996304569.978989, 119996595526.392029
-0.001814, -0.003686, 119999999999.960114, 120000000000.062180, 119999999999.980484
-0.001697, -0.003686, 120000000000.054642, 120000000000.062866, 119999999999.980606
-0.001580, -0.003686, 120000000000.053589, 120000000000.061935, 119999999999.980606
-0.001463, -0.003686, 1751790837.037668, 5074811580.446527, 1809737544.221012
-0.001345, -0.003686, 1457444881.847975, 881459270.147530, 938381068.443366
-0.001228, -0.003686, 7949037608.170590, 1528687505.197702, 1796614091.744277
-0.001112, -0.003686, 5347443790.493566, 1428637238.605103, 1594275567.420359
-0.000995, -0.003686, 107561723878.048813, 22083647211.827301, 29203905547.145683
-0.000878, -0.003686, 119999999999.960327, 120000000000.061707, 119999999999.980728
-0.000761, -0.003686, 120000000000.054413, 120000000000.061539, 119999999999.969254
-0.000644, -0.003686, 994524853.132784, 1882337800.889070, 1045739029.494591
-0.000527, -0.003686, 1132391312.724348, 2410680380.771811, 1190930696.101990
-0.000410, -0.003686, 120000000000.052521, 120000000000.062271, 119999999999.980652
-0.000293, -0.003686, 2963239258.739840, 24807967359.021973, 3218268000.725488
-0.000176, -0.003686, 606137509.639223, 601699029.413619, 612405068.216470
-0.000058, -0.003686, 967188151.198130, 667067814.369818, 704265727.780181
0.000058, -0.003686, 1698988332.659481, 830570410.101678, 921567301.200364
0.000175, -0.003686, 2991149983.693032, 889475305.631364, 1003291283.441491
0.000292, -0.003686, 2991149983.692530, 889475305.632606, 1003291283.441525
0.000409, -0.003686, 3269260974.925266, 898176842.207823, 1011172181.762574
0.000526, -0.003686, 3189739982.136577, 1007677051.436613, 1155773909.703104
0.000643, -0.003686, 2991149983.692853, 889475305.632484, 1003291283.441494
0.000760, -0.003686, 2991149983.693011, 889475305.631803, 1003291283.441473
0.000877, -0.003686, 2991149983.692582, 889475305.631877, 1003291283.441417
0.000994, -0.003686, 2991149983.692606, 889475305.630725, 1003291283.441439
0.001112, -0.003686, 2991149983.692646, 889475305.631928, 1003291283.441541
0.001228, -0.003686, 2991149983.692981, 889475305.631721, 1003291283.441515
0.001345, -0.003686, 2991149983.692625, 889475305.632319, 1003291283.441596
0.001462, -0.003686, 2991149983.692639, 889475305.631902, 1003291283.441495
0.001579, -0.003686, 2991149983.692851, 889475305.629817, 1003291283.441553
0.001696, -0.003686, 2995550173.300324, 890138204.479088, 1003413759.179500
0.001813, -0.003686, 6611083366.784914, 1116975745.844557, 1258372519.858751
0.001930, -0.003686, 2190911962.861278, 1232545475.179647, 1313377700.730682
0.002048, -0.003686, 800627660.969788, 614966472.554419, 633772250.724168
0.002164, -0.003686, 3853416376.757813, 1276118723.278629, 1421097583.688279
0.002282, -0.003686, 2562533511.813362, 1606572293.201646, 1578201935.161804
0.002398, -0.003686, 70016333593.286224, 9984409992.131287, 18631856544.454964
0.002515, -0.003686, 70016333593.286407, 9984409992.130730, 18631856544.454166
0.002632, -0.003686, 70016333593.285797, 9984409992.132874, 18631856544.454197
0.002749, -0.003686, 70016333593.286057, 9984409992.133116, 18631856544.454334
0.002866, -0.003686, 70016333593.286011, 9984409992.133858, 18631856544.454113
0.002983, -0.003686, 70016333593.286377, 9984409992.133823, 18631856544.453690
0.003101, -0.003686, 70016333593.285950, 9984409992.132544, 18631856544.454304
0.003217, -0.003686, 27001085885.841099, 9292369686.720297, 15242394751.822725
0.003335, -0.003686, 792389014.819452, 791406662.951859, 810388113.601647
0.003451, -0.003686, 500000000.000102, 500000000.000111, 499999999.999987
0.003569, -0.003686, 500000000.000093, 500000000.000106, 499999999.999987
0.003685, -0.003686, 500000000.000099, 500000000.000099, 499999999.999987
0.003802, -0.003686, 814417276.579267, 643809502.486690, 679708102.458748
0.003919, -0.003686, 1990346933.722260, 737551016.742854, 803427363.342457
0.004037, -0.003686, 2059556978.687829, 996112361.492453, 1079129824.045116
0.004153, -0.003686, 513663727.215353, 515360122.221318, 516117313.507880
0.004270, -0.003686, 668616552.612694, 691170396.432763, 687285390.859416
0.004388, -0.003686, 17306068285.483757, 4182137634.248780, 4805068149.429464
0.004504, -0.003686, 898929829.555470, 910282997.182850, 913489538.986275
0.004622, -0.003686, 506421932.571331, 510234645.513072, 510281252.055309
0.004738, -0.003686, 10740123163.413645, 1919955414.827804, 2101173950.775363
0.004856, -0.003686, 2697203324.237633, 2144027724.606544, 2380310715.341079
0.004972, -0.003686, 517750571.985692, 525967693.643755, 522744239.263442
0.005090, -0.003686, 818172785.486875, 844214355.345286, 844678914.115422
0.005206, -0.003686, 11801877742.241753, 4307566130.205315, 4910808825.379608
0.005324, -0.003686, 709950033.199741, 732897302.301585, 729476334.145986
0.005440, -0.003686, 500000000.000101, 500000000.000110, 499999999.999987
0.005557, -0.003686, 500000000.000099, 500000000.000096, 499999999.999988
0.005675, -0.003686, 500000000.000099, 500000000.000096, 499999999.999987
0.005791, -0.003686, 500000000.000093, 500000000.000099, 499999999.999988
-0.005791, -0.003569, 601003182.411174, 768093118.386756, 619267618.535311
-0.005674, -0.003569, 120000000000.053619, 120000000000.062073, 119999999999.980621
-0.005557, -0.003569, 119999999999.961670, 120000000000.062225, 119999999999.980606
-0.005441, -0.003569, 120000000000.055084, 120000000000.061523, 119999999999.980301
-0.005324, -0.003569, 40917388858.730499, 101407712040.126312, 23617592884.213924
-0.005207, -0.003569, 120000000000.053558, 120000000000.061462, 119999999999.968994
-0.005089, -0.003569, 35762859513.636703, 98265072758.006180, 23682037062.808804
-0.004972, -0.003569, 9581394734.756140, 87473170635.561111, 12795150565.134993
-0.004855, -0.003569, 119032004667.689957, 118460660769.892914, 119540210621.933197
-0.004738, -0.003569, 120000000000.056107, 120000000000.061951, 119999999999.980652
-0.004621, -0.003569, 3107168081.584950, 3015881830.349065, 2870442325.674427
-0.004504, -0.003569, 10393276223.589926, 65976883509.877037, 5920880417.980621
-0.004387, -0.003569, 120000000000.053268, 120000000000.062134, 119999999999.980652
-0.004270, -0.003569, 15575241276.073431, 39938485607.819893, 12651287360.289795
-0.004154, -0.003569, 119999999999.961456, 120000000000.061691, 119999999999.969177
-0.004036, -0.003569, 120000000000.052689, 120000000000.062790, 119999999999.980423
-0.003920, -0.003569, 117413718276.686127, 117570521658.048477, 102282028937.943481
-0.003803, -0.003569, 120000000000.053665, 120000000000.062439, 119999999999.980728
-0.003686, -0.003569, 120000000000.053467, 119999999999.968887, 119999999999.980652
-0.003569, -0.003569, 950906629.625982, 3225450070.956250, 1050102437.548970
-0.003452, -0.003569, 120000000000.053909, 120000000000.062225, 119999999999.980652
-0.003335, -0.003569, 120000000000.054565, 120000000000.061890, 119999999999.980743
-0.003218, -0.003569, 119999999999.961304, 120000000000.062424, 119999999999.980652
-0.003101, -0.003569, 119999999999.962982, 120000000000.062134, 119999999999.969284
-0.002984, -0.003569, 120000000000.053833, 120000000000.061981, 119999999999.969238
-0.002867, -0.003569, 120000000000.052780, 119999999999.970825, 119999999999.969238
-0.002750, -0.003569, 120000000000.055023, 120000000000.061768, 119999999999.980286
-0.002633, -0.003569, 120000000000.054001, 119999999999.971191, 119999999999.980499
-0.002516, -0.003569, 120000000000.053375, 120000000000.063522, 119999999999.969299
-0.002399, -0.003569, 120000000000.054413, 119999999999.969376, 119999999999.969299
-0.002282, -0.003569, 3161572093.213758, 28223589106.724281, 3447714850.044036
-0.002165, -0.003569, 558649855.218821, 553704210.442563, 560640230.716130
-0.002048, -0.003569, 670571865.697020, 688571595.100930, 684759795.651805
-0.001931, -0.003569, 94851014924.935623, 12461882585.233007, 15356392442.753130
-0.001814, -0.003569, 119122230019.387009, 118341023921.147186, 118948580121.145416
-0.001697, -0.003569, 119540185437.707932, 119105882152.456406, 119434971019.233139
-0.001580, -0.003569, 120000000000.053909, 120000000000.062073, 119999999999.980652
-0.001463, -0.003569, 119999999999.960785, 120000000000.061905, 119999999999.980728
-0.001345, -0.003569, 120000000000.054047, 120000000000.062744, 119999999999.980698
-0.001228, -0.003569, 120000000000.055252, 119999999999.970428, 119999999999.980728
-0.001112, -0.003569, 10803351757.846788, 90425627687.016708, 13098113025.266436
-0.000995, -0.003569, 1273458474.871352, 1250880519.600677, 1358585110.200110
-0.000878, -0.003569, 107561723878.043564, 22083647211.827194, 29203905547.145683
-0.000761, -0.003569, 120000000000.054535, 120000000000.062256, 119999999999.980667
-0.000644, -0.003569, 898444429.042362, 1206822600.439322, 939366957.655983
-0.000527, -0.003569, 1212950977.438601, 1987852043.822484, 1289108955.239804
-0.000410, -0.003569, 120000000000.055374, 120000000000.062347, 119999999999.969177
-0.000293, -0.003569, 120000000000.054413, 120000000000.061768, 119999999999.980652
-0.000176, -0.003569, 773839520.512844, 1120781730.626521, 806155962.825913
-0.000058, -0.003569, 824781459.030642, 824781459.290116, 845142472.844564
0.000058, -0.003569, 113541177746.087158, 113541177746.142975, 51689987492.141411
0.000175, -0.003569, 120000000000.053101, 120000000000.061768, 119999999999.969299
0.000292, -0.003569, 120000000000.053925, 120000000000.062256, 119999999999.980621
0.000409, -0.003569, 120000000000.053589, 120000000000.062378, 119999999999.980667
0.000526, -0.003569, 120000000000.054108, 119999999999.969910, 119999999999.980545
0.000643, -0.003569, 120000000000.054230, 120000000000.061768, 119999999999.980652
0.000760, -0.003569, 120000000000.053864, 120000000000.062180, 119999999999.980652
0.000877, -0.003569, 120000000000.052521, 120000000000.061951, 119999999999.969238
0.000994, -0.003569, 120000000000.053802, 120000000000.061768, 119999999999.980667
0.001112, -0.003569, 119999999999.960007, 120000000000.061859, 119999999999.980408
0.001228, -0.003569, 120000000000.053711, 120000000000.062317, 119999999999.980728
0.001345, -0.003569, 120000000000.054413, 120000000000.061783, 119999999999.980698
0.001462, -0.003569, 120000000000.054153, 120000000000.061859, 119999999999.980698
0.001579, -0.003569, 120000000000.054657, 120000000000.061890, 119999999999.980774
0.001696, -0.003569, 120000000000.053467, 120000000000.062439, 119999999999.980545
0.001813, -0.003569, 120000000000.054077, 120000000000.061661, 119999999999.980728
0.001930, -0.003569, 120000000000.053741, 120000000000.061691, 119999999999.980743
0.002048, -0.003569, 120000000000.053146, 120000000000.061951, 119999999999.980606
0.002164, -0.003569, 120000000000.054535, 120000000000.063950, 119999999999.980484
0.002282, -0.003569, 120000000000.053680, 120000000000.062057, 119999999999.980652
0.002398, -0.003569, 120000000000.053635, 120000000000.061569, 119999999999.980545
0.002515, -0.003569, 119999999999.961426, 120000000000.061707, 119999999999.980728
0.002632, -0.003569, 119999999999.961746, 120000000000.062134, 119999999999.980743
0.002749, -0.003569, 120000000000.054489, 120000000000.061493, 119999999999.980484
0.002866, -0.003569, 120000000000.054642, 120000000000.062057, 119999999999.980362
0.002983, -0.003569, 119999999999.961716, 120000000000.063110, 119999999999.969177
0.003101, -0.003569, 120000000000.053467, 120000000000.062073, 119999999999.980499
0.003217, -0.003569, 120000000000.053757, 120000000000.062195, 119999999999.980728
0.003335, -0.003569, 28385936431.976559, 110913477494.817139, 38668627909.164848
0.003451, -0.003569, 792389014.819448, 791406662.951379, 810388113.601650
0.003569, -0.003569, 500000000.000100, 500000000.000097, 499999999.999988
0.003685, -0.003569, 500000000.000097, 500000000.000094, 499999999.999987
0.003802, -0.003569, 801132245.147847, 733134662.326990, 768836400.398668
0.003919, -0.003569, 3976398679.355875, 1604270385.931431, 1557104699.985225
0.004037, -0.003569, 1184388008.274758, 752264318.644186, 794408546.511991
0.004153, -0.003569, 512307538.565464, 512945342.225671, 515645681.076793
0.004270, -0.003569, 940735448.053036, 1300550408.372510, 995657335.732878
0.004388, -0.003569, 120000000000.054031, 120000000000.061615, 119999999999.980576
0.004504, -0.003569, 3970189744.506620, 78231126721.489822, 4605419450.515910
0.004622, -0.003569, 582044551.291091, 647016673.019199, 597849601.076600
0.004738, -0.003569, 102879007167.844879, 22282698322.206902, 29421272332.190414
0.004856, -0.003569, 49190564099.866676, 56592125962.525368, 74763401986.381195
0.004972, -0.003569, 562484154.650140, 641668071.218775, 578119477.870744
0.005090, -0.003569, 1355480157.348949, 2122820947.864957, 1468799953.618083
0.005206, -0.003569, 120000000000.055008, 119999999999.968765, 119999999999.980530
0.005324, -0.003569, 1038198735.168482, 1491963591.796085, 1108367059.130130
0.005440, -0.003569, 500000000.000104, 500000000.000110, 499999999.999987
0.005557, -0.003569, 500000000.000101, 500000000.000106, 499999999.999925
0.005675, -0.003569, 500000000.000092, 500000000.000111, 499999999.999987
0.005791, -0.003569, 500000000.000102, 499999999.999745, 499999999.999987
-0.005791, -0.003452, 553165997.718928, 604736672.511745, 563525269.569765
-0.005674, -0.003452, 78950517930.208893, 8055603514.516450, 9462063433.610676
-0.005557, -0.003452, 119999999999.961426, 120000000000.062424, 119999999999.969254
-0.005441, -0.003452, 120000000000.054047, 120000000000.062347, 119999999999.980606
-0.005324, -0.003452, 120000000000.053955, 120000000000.062134, 119999999999.980728
-0.005207, -0.003452, 97426997310.337860, 78098429990.405319, 23996405779.149799
-0.005089, -0.003452, 120000000000.053558, 120000000000.062302, 119999999999.980850
-0.004972, -0.003452, 120000000000.054443, 120000000000.062027, 119999999999.969254
-0.004855, -0.003452, 5367201616.654284, 7117055754.319395, 4285478622.058306
-0.004738, -0.003452, 4106193967.179426, 2224679662.432148, 2573784514.203227
-0.004621, -0.003452, 966611673.472353, 1576875439.478101, 1048786829.637768
-0.004504, -0.003452, 11251845163.387341, 13488821402.545794, 15174180623.433512
-0.004387, -0.003452, 11898170549.880617, 4634276158.299000, 4230629798.253092
-0.004270, -0.003452, 116035668528.438812, 116728867319.174713, 117691485435.748703
-0.004154, -0.003452, 119999999999.961761, 120000000000.061951, 119999999999.980576
-0.004036, -0.003452, 120000000000.054443, 119999999999.969238, 119999999999.969208
-0.003920, -0.003452, 120000000000.053177, 120000000000.062256, 119999999999.980377
-0.003803, -0.003452, 120000000000.054733, 120000000000.062424, 119999999999.980652
-0.003686, -0.003452, 120000000000.055420, 120000000000.062866, 119999999999.980774
-0.003569, -0.003452, 956401337.440375, 3243401847.411025, 1054825113.043803
-0.003452, -0.003452, 120000000000.054276, 120000000000.062439, 119999999999.980499
-0.003335, -0.003452, 120000000000.052765, 120000000000.062103, 119999999999.980621
-0.003218, -0.003452, 120000000000.052948, 120000000000.062347, 119999999999.980530
-0.003101, -0.003452, 120000000000.053741, 120000000000.062134, 119999999999.980545
-0.002984, -0.003452, 120000000000.052826, 120000000000.062546, 119999999999.980743
-0.002867, -0.003452, 120000000000.055252, 120000000000.061661, 119999999999.980728
-0.002750, -0.003452, 120000000000.054642, 120000000000.063278, 119999999999.980499
-0.002633, -0.003452, 120000000000.053299, 120000000000.062225, 119999999999.980652
-0.002516, -0.003452, 119999999999.962601, 120000000000.061661, 119999999999.969254
-0.002399, -0.003452, 119999999999.962372, 120000000000.062225, 119999999999.980743
-0.002282, -0.003452, 119999999999.962555, 120000000000.062027, 119999999999.980667
-0.002165, -0.003452, 3162921454.470739, 28223621921.874657, 3447858795.129086
-0.002048, -0.003452, 1545479635.347068, 889368257.708990, 929611455.859762
-0.001931, -0.003452, 1545479635.347077, 889368257.709848, 929611455.859676
-0.001814, -0.003452, 1545479635.347076, 889368257.708859, 929611455.859548
-0.001697, -0.003452, 912140609.960099, 830410353.458355, 869236437.372564
-0.001580, -0.003452, 13714654129.311609, 2356331378.060062, 2687756502.413531
-0.001463, -0.003452, 17305779560.257885, 3407500431.213987, 4080057835.067100
-0.001345, -0.003452, 17305779560.257877, 3407500431.213984, 4080057835.067100
-0.001228, -0.003452, 94169942242.241730, 5309808601.323433, 6451300152.984374
-0.001112, -0.003452, 120000000000.054230, 120000000000.062439, 119999999999.969299
-0.000995, -0.003452, 10803351757.846798, 90425627687.016235, 13098113025.266140
-0.000878, -0.003452, 2270539171.834618, 1412775290.889174, 1562495686.071786
-0.000761, -0.003452, 4547778828.234781, 1557609262.643266, 1792213910.234234
-0.000644, -0.003452, 1006422295.508949, 696905269.159966, 724197556.733817
-0.000527, -0.003452, 1133858912.110854, 760456701.091362, 795757550.467791
-0.000410, -0.003452, 8388819727.410331, 1568327219.651518, 1855237155.253782
-0.000293, -0.003452, 5327124892.993919, 1500847652.407820, 1745413765.169010
-0.000176, -0.003452, 2563406041.305373, 989496544.895137, 1023848642.800725
-0.000058, -0.003452, 113541177746.088776, 113541177746.141281, 51689987492.133415
0.000058, -0.003452, 119999999999.961594, 120000000000.062805, 119999999999.980667
0.000175, -0.003452, 120000000000.054565, 120000000000.062912, 119999999999.980453
0.000292, -0.003452, 120000000000.053711, 120000000000.061981, 119999999999.980667
0.000409, -0.003452, 120000000000.053345, 120000000000.062302, 119999999999.980698
0.000526, -0.003452, 71348105298.159882, 6058797069.267211, 6727014683.088174
0.000643, -0.003452, 120000000000.052368, 120000000000.061981, 119999999999.980621
0.000760, -0.003452, 120000000000.054352, 120000000000.061707, 119999999999.980499
0.000877, -0.003452, 120000000000.053543, 120000000000.062759, 119999999999.980423
0.000994, -0.003452, 6878400857.521801, 5093147275.354590, 5698219798.001451
0.001112, -0.003452, 98329034415.853455, 14041588911.817375, 17559794153.567669
0.001228, -0.003452, 120000000000.054535, 120000000000.062027, 119999999999.980530
0.001345, -0.003452, 120000000000.053375, 120000000000.061951, 119999999999.980652
0.001462, -0.003452, 11471906773.127501, 11471906773.127394, 13998010430.059715
0.001579, -0.003452, 33667315841.671761, 2855440737.106040, 2977856212.188453
0.001696, -0.003452, 120000000000.053589, 120000000000.062149, 119999999999.980728
0.001813, -0.003452, 120000000000.054901, 120000000000.062180, 119999999999.980499
0.001930, -0.003452, 119995738767.365326, 119995738767.374329, 119996327620.945389
0.002048, -0.003452, 39205339535.856766, 3255701781.414751, 3392488330.588689
0.002164, -0.003452, 119999999999.961151, 119999999999.968765, 119999999999.980576
0.002282, -0.003452, 120000000000.054047, 120000000000.061890, 119999999999.980621
0.002398, -0.003452, 120000000000.054001, 120000000000.061768, 119999999999.980453
0.002515, -0.003452, 10176789310.331152, 10176789310.331036, 12258923805.816044
0.002632, -0.003452, 27843254974.299049, 2551465785.349295, 2646415791.620888
0.002749, -0.003452, 120000000000.054810, 119999999999.970337, 119999999999.980499
0.002866, -0.003452, 120000000000.053055, 119999999999.969742, 119999999999.980652
0.002983, -0.003452, 11354884339.585943, 2624562963.338131, 2616525323.334205
0.003101, -0.003452, 115430094748.576965, 46153137997.404709, 65388175818.323509
0.003217, -0.003452, 120000000000.054474, 120000000000.062546, 119999999999.980698
0.003335, -0.003452, 120000000000.054855, 120000000000.062149, 119999999999.980728
0.003451, -0.003452, 28385936431.976509, 110913477494.816864, 38668627909.166985
0.003569, -0.003452, 792389014.819442, 791406662.950391, 810388113.601643
0.003685, -0.003452, 500000000.000101, 500000000.000101, 499999999.999988
0.003802, -0.003452, 612704620.621007, 616926600.955060, 624807432.335929
0.003919, -0.003452, 608828903.390817, 605316853.924260, 619061817.312922
0.004037, -0.003452, 1304101559.048420, 749662723.572079, 800508840.200544
0.004153, -0.003452, 504662521.373673, 504691827.149134, 506355574.435140
0.004270, -0.003452, 513359952.245350, 516613109.075058, 517140294.933868
0.004388, -0.003452, 1825401576.692832, 811469521.718988, 850027724.137805
0.004504, -0.003452, 73903352151.089264, 7305119364.593375, 8484041758.706118
0.004622, -0.003452, 2588650375.110446, 16448870879.190496, 2716772071.188474
0.004738, -0.003452, 758868081.296272, 697438685.484549, 724603192.019497
0.004856, -0.003452, 766976443.400587, 663125281.454174, 687982008.833091
0.004972, -0.003452, 500000000.000100, 499999999.999741, 499999999.999988
0.005090, -0.003452, 540119940.546153, 541392043.093088, 544104569.191689
0.005206, -0.003452, 1072482402.373471, 754115057.612477, 787754234.346039
0.005324, -0.003452, 524848293.512879, 524528577.693331, 525023593.321862
0.005440, -0.003452, 500000000.000097, 500000000.000110, 499999999.999987
0.005557, -0.003452, 500000000.000105, 500000000.000100, 499999999.999987
0.005675, -0.003452, 500000000.000099, 500000000.000095, 499999999.999988
0.005791, -0.003452, 500000000.000097, 500000000.000110, 499999999.999925
-0.005791, -0.003335, 500000000.000100, 500000000.000102, 499999999.999987
-0.005674, -0.003335, 836732258.474009, 713803272.661565, 758114050.460190
-0.005557, -0.003335, 14766260898.221264, 2428419302.105627, 3097720165.558247
-0.005441, -0.003335, 7913154849.535984, 7277341481.404140, 5087903902.384964
-0.005324, -0.003335, 16365193524.690811, 26680913859.462250, 17162620501.982927
-0.005207, -0.003335, 93548020540.789322, 45561170591.640640, 30617902234.031826
-0.005089, -0.003335, 42134985258.288017, 11084904753.202572, 12605938635.629116
-0.004972, -0.003335, 120000000000.053665, 120000000000.061905, 119999999999.980667
-0.004855, -0.003335, 3505299222.550806, 11987178622.357937, 4997958587.809774
-0.004738, -0.003335, 14979970669.939934, 3932266430.205775, 4225452988.322998
-0.004621, -0.003335, 695692463.873235, 743940692.576525, 727281501.537678
-0.004504, -0.003335, 1009557484.681033, 717704592.979901, 773215153.677702
-0.004387, -0.003335, 20567531245.419754, 4647752409.768187, 5613031559.411899
-0.004270, -0.003335, 75867334885.388824, 10774237115.679012, 14684471885.453753
-0.004154, -0.003335, 120000000000.053223, 120000000000.061813, 119999999999.980698
-0.004036, -0.003335, 28898381518.437668, 41429559737.280785, 38433118538.162178
-0.003920, -0.003335, 3031223489.844460, 1274522392.240005, 1181688862.357021
-0.003803, -0.003335, 99674415684.779694, 21903011604.885067, 21349598067.394440
-0.003686, -0.003335, 120000000000.054688, 120000000000.062256, 119999999999.980728
-0.003569, -0.003335, 956401337.439648, 3243401847.410792, 1054825113.043836
-0.003452, -0.003335, 120000000000.054321, 120000000000.061905, 119999999999.980652
-0.003335, -0.003335, 2389702020.680098, 2402667065.100935, 2753938522.326548
-0.003218, -0.003335, 4481017614.578070, 1269326580.789057, 1424412880.855747
-0.003101, -0.003335, 4503951712.588003, 1227332219.790629, 1384381549.791051
-0.002984, -0.003335, 4503951712.588038, 1227332219.790915, 1384381549.791131
-0.002867, -0.003335, 4503951712.588014, 1227332219.789295, 1384381549.791413
-0.002750, -0.003335, 2845696552.197227, 1176515474.128011, 1291253369.701052
-0.002633, -0.003335, 5910366919.873670, 1941786891.448132, 2128859475.668537
-0.002516, -0.003335, 120000000000.054611, 120000000000.062561, 119999999999.980423
-0.002399, -0.003335, 120000000000.053635, 120000000000.062134, 119999999999.980576
-0.002282, -0.003335, 120000000000.053146, 119999999999.968719, 119999999999.980484
-0.002165, -0.003335, 119999999999.960571, 120000000000.064072, 119999999999.980606
-0.002048, -0.003335, 120000000000.054031, 120000000000.061768, 119999999999.969238
-0.001931, -0.003335, 120000000000.054276, 119999999999.968674, 119999999999.980728
-0.001814, -0.003335, 119999999999.961700, 120000000000.061646, 119999999999.980530
-0.001697, -0.003335, 24497613000.114754, 108976308169.143311, 32710483746.413010
-0.001580, -0.003335, 7099343500.494720, 2089949970.764984, 2306973149.389481
-0.001463, -0.003335, 7097662593.959738, 2052323820.445681, 2279681199.467859
-0.001345, -0.003335, 7097662593.959714, 2052323820.446212, 2279681199.467799
-0.001228, -0.003335, 1370355793.065861, 1245032452.086266, 1311347597.765220
-0.001112, -0.003335, 9661567299.766058, 2070908467.358716, 2237880719.821293
-0.000995, -0.003335, 119999999999.961914, 120000000000.063049, 119999999999.980698
-0.000878, -0.003335, 120000000000.053711, 120000000000.062317, 119999999999.980499
-0.000761, -0.003335, 120000000000.054199, 120000000000.061661, 119999999999.980698
-0.000644, -0.003335, 120000000000.053299, 120000000000.062469, 119999999999.980545
-0.000527, -0.003335, 120000000000.053741, 120000000000.061981, 119999999999.980377
-0.000410, -0.003335, 120000000000.054810, 120000000000.061691, 119999999999.980545
-0.000293, -0.003335, 120000000000.053070, 120000000000.062134, 119999999999.969162
-0.000176, -0.003335, 120000000000.055176, 120000000000.061951, 119999999999.980652
-0.000058, -0.003335, 6957774760.055769, 6957774760.055681, 8066820975.177203
0.000058, -0.003335, 38631435882.460693, 3233376338.537410, 3545659545.720846
0.000175, -0.003335, 119999999999.961548, 119999999999.969574, 119999999999.980621
0.000292, -0.003335, 120000000000.053864, 120000000000.062180, 119999999999.980545
0.000409, -0.003335, 5962551150.369605, 70398764541.528946, 6599305690.094092
0.000526, -0.003335, 792529441.402933, 792729244.119416, 803494889.390315
0.000643, -0.003335, 119694622431.417572, 119674884022.865509, 119723753248.047089
0.000760, -0.003335, 120000000000.054733, 120000000000.061935, 119999999999.980606
0.000877, -0.003335, 120000000000.055206, 120000000000.062103, 119999999999.980698
0.000994, -0.003335, 1232021592.881623, 3276562612.771035, 1191535985.347480
0.001112, -0.003335, 3683185034.697720, 20017190544.403954, 2129090666.085672
0.001228, -0.003335, 120000000000.052460, 120000000000.062256, 119999999999.980621
0.001345, -0.003335, 120000000000.053177, 120000000000.062180, 119999999999.980576
0.001462, -0.003335, 3134218683.419784, 38771138193.837303, 3312956983.517728
0.001579, -0.003335, 2052476660.054768, 1798395898.749663, 1202640607.633035
0.001696, -0.003335, 120000000000.054855, 120000000000.062256, 119999999999.980621
0.001813, -0.003335, 120000000000.053391, 120000000000.061890, 119999999999.969177
0.001930, -0.003335, 11504032786.534023, 95445168231.090942, 13900206650.957705
0.002048, -0.003335, 1063967827.539530, 879516315.956966, 857797473.516467
0.002164, -0.003335, 112676814535.591156, 113440403958.424057, 56639878155.053841
0.002282, -0.003335, 120000000000.053833, 119999999999.969360, 119999999999.980652
0.002398, -0.003335, 120000000000.052704, 120000000000.061813, 119999999999.980453
0.002515, -0.003335, 3349340571.776048, 42198632939.490601, 3607363836.336507
0.002632, -0.003335, 2583654319.715275, 1750989493.034903, 1242419719.197635
0.002749, -0.003335, 120000000000.053711, 119999999999.969131, 119999999999.980545
0.002866, -0.003335, 104159072787.049881, 119128802741.267105, 117868282827.169907
0.002983, -0.003335, 1420072701.538859, 1032362713.781353, 986302788.346475
0.003101, -0.003335, 50793187734.953049, 80355797018.147156, 7595840613.859721
0.003217, -0.003335, 120000000000.055344, 120000000000.062439, 119999999999.980789
0.003335, -0.003335, 120000000000.053513, 120000000000.062500, 119999999999.980255
0.003451, -0.003335, 120000000000.052643, 120000000000.061783, 119999999999.980667
0.003569, -0.003335, 28385936431.976589, 110913477494.816177, 38668627909.165489
0.003685, -0.003335, 564264345.727558, 614663528.052494, 577549669.751083
0.003802, -0.003335, 786711985.478415, 1043587977.002842, 778229385.012097
0.003919, -0.003335, 966806022.102876, 1017728236.671088, 764917619.039190
0.004037, -0.003335, 687333815.620868, 955062901.805476, 713749745.074891
0.004153, -0.003335, 522841710.568773, 553492974.945308, 529754220.464269
0.004270, -0.003335, 533197747.344988, 533197747.346534, 538842950.964521
0.004388, -0.003335, 1590229604.089331, 916072402.942301, 965548369.315888
0.004504, -0.003335, 827517453.915387, 814416425.286669, 838772077.670190
0.004622, -0.003335, 9322596100.340433, 3215567692.253253, 3988464270.853528
0.004738, -0.003335, 1037054322.714849, 1060508293.180782, 1016072096.170087
0.004856, -0.003335, 893248901.515413, 764829324.508994, 799231211.665698
0.004972, -0.003335, 500000000.000093, 500000000.000099, 499999999.999987
0.005090, -0.003335, 575343513.037839, 572188405.580223, 581172751.033332
0.005206, -0.003335, 1464103789.959436, 920508277.689898, 969878312.001544
0.005324, -0.003335, 549959811.139656, 544668090.424971, 551131741.741910
0.005440, -0.003335, 501916034.114394, 501916034.114435, 503482803.194820
0.005557, -0.003335, 1077268131.236321, 827784921.337903, 869854152.310031
0.005675, -0.003335, 734022025.695694, 678967542.566345, 700508588.121583
0.005791, -0.003335, 500000000.000093, 500000000.000098, 499999999.999987
-0.005791, -0.003218, 501937554.988728, 503551389.181891, 504327104.976982
-0.005674, -0.003218, 38241339198.475967, 63471715648.337204, 15884529052.125547
-0.005557, -0.003218, 120000000000.053436, 120000000000.061615, 119999999999.980667
-0.005441, -0.003218, 2565805450.843663, 16979890847.057869, 3369271275.432569
-0.005324, -0.003218, 12529580614.477541, 36179628098.322044, 13209806932.644485
-0.005207, -0.003218, 120000000000.052689, 120000000000.062271, 119999999999.980484
-0.005089, -0.003218, 27078367449.579124, 22185778267.662868, 19076289373.439880
-0.004972, -0.003218, 120000000000.052826, 120000000000.062073, 119999999999.969254
-0.004855, -0.003218, 6669785806.097966, 84810203857.449203, 9622582675.926111
-0.004738, -0.003218, 21903271773.929913, 3202269301.583100, 4507087352.556304
-0.004621, -0.003218, 8107414034.055312, 2497735031.765482, 2895761148.997292
-0.004504, -0.003218, 54051637369.730919, 10997628075.027864, 10745815946.901348
-0.004387, -0.003218, 120000000000.052979, 120000000000.061905, 119999999999.969254
-0.004270, -0.003218, 18133718360.117771, 54856304260.254730, 19722594626.623257
-0.004154, -0.003218, 120000000000.052948, 120000000000.062271, 119999999999.969284
-0.004036, -0.003218, 76136874128.802963, 118105314874.227921, 101264951887.075623
-0.003920, -0.003218, 7481448991.207355, 1934249899.187073, 1656410221.783899
-0.003803, -0.003218, 114566588994.947464, 114566588994.996841, 58385623785.236053
-0.003686, -0.003218, 120000000000.053055, 120000000000.062195, 119999999999.980499
-0.003569, -0.003218, 956401337.440070, 3243401847.410914, 1054825113.043912
-0.003452, -0.003218, 120000000000.053558, 120000000000.061935, 119999999999.980606
-0.003335, -0.003218, 2203896095.835389, 15779987663.972818, 2797402870.591366
-0.003218, -0.003218, 119999999999.961594, 120000000000.062225, 119999999999.980545
-0.003101, -0.003218, 120000000000.054077, 120000000000.062424, 119999999999.980545
-0.002984, -0.003218, 120000000000.052933, 120000000000.062103, 119999999999.980774
-0.002867, -0.003218, 120000000000.054932, 120000000000.062302, 119999999999.980606
-0.002750, -0.003218, 119999999999.961700, 119999999999.969330, 119999999999.980728
-0.002633, -0.003218, 1141352486.252086, 4046280460.899711, 1268926868.615083
-0.002516, -0.003218, 118676628828.801041, 85854527837.073715, 109108402957.432968
-0.002399, -0.003218, 120000000000.053055, 120000000000.062271, 119999999999.980331
-0.002282, -0.003218, 120000000000.053131, 120000000000.062469, 119999999999.980499
-0.002165, -0.003218, 119999999999.959946, 120000000000.062439, 119999999999.969254
-0.002048, -0.003218, 119999999999.962082, 120000000000.062622, 119999999999.980576
-0.001931, -0.003218, 120000000000.053680, 120000000000.062134, 119999999999.969254
-0.001814, -0.003218, 120000000000.054001, 120000000000.061890, 119999999999.980408
-0.001697, -0.003218, 120000000000.053635, 120000000000.062149, 119999999999.980728
-0.001580, -0.003218, 120000000000.052536, 120000000000.062271, 119999999999.980652
-0.001463, -0.003218, 120000000000.052765, 120000000000.063324, 119999999999.980621
-0.001345, -0.003218, 120000000000.053253, 120000000000.062180, 119999999999.980728
-0.001228, -0.003218, 119999999999.961761, 120000000000.061768, 119999999999.980576
-0.001112, -0.003218, 1412136217.194487, 1791557840.159722, 1517204826.507290
-0.000995, -0.003218, 9661567299.774214, 2070908467.358749, 2237880719.821300
-0.000878, -0.003218, 120000000000.053223, 120000000000.062347, 119999999999.980621
-0.000761, -0.003218, 120000000000.053299, 120000000000.061813, 119999999999.980606
-0.000644, -0.003218, 119999999999.961151, 120000000000.062057, 119999999999.980545
-0.000527, -0.003218, 120000000000.054489, 119999999999.969009, 119999999999.980606
-0.000410, -0.003218, 120000000000.053909, 120000000000.061813, 119999999999.980667
-0.000293, -0.003218, 120000000000.053391, 120000000000.061951, 119999999999.980484
-0.000176, -0.003218, 120000000000.054352, 120000000000.061951, 119999999999.980652
-0.000058, -0.003218, 2250052868.098824, 21405538792.107063, 2366635202.849359
0.000058, -0.003218, 2292338650.513449, 3932946245.154919, 1391127669.050466
0.000175, -0.003218, 120000000000.053253, 120000000000.062515, 119999999999.980652
0.000292, -0.003218, 119999999999.960846, 120000000000.061951, 119999999999.980652
0.000409, -0.003218, 119999999999.960236, 120000000000.061905, 119999999999.980743
0.000526, -0.003218, 119590343103.598389, 119613417050.919266, 119590353805.200089
0.000643, -0.003218, 120000000000.053986, 120000000000.062180, 119999999999.980743
0.000760, -0.003218, 120000000000.054733, 119999999999.969238, 119999999999.980484
0.000877, -0.003218, 120000000000.054611, 119999999999.969116, 119999999999.980698
0.000994, -0.003218, 119999999999.961502, 120000000000.062378, 119999999999.980576
0.001112, -0.003218, 120000000000.054047, 120000000000.061371, 119999999999.980499
0.001228, -0.003218, 120000000000.053635, 120000000000.062057, 119999999999.980530
0.001345, -0.003218, 119999999999.962082, 120000000000.062759, 119999999999.980499
0.001462, -0.003218, 120000000000.053055, 120000000000.062073, 119999999999.980499
0.001579, -0.003218, 120000000000.052460, 120000000000.062302, 119999999999.980484
0.001696, -0.003218, 120000000000.053009, 120000000000.062744, 119999999999.980530
0.001813, -0.003218, 120000000000.053055, 120000000000.062180, 119999999999.980545
0.001930, -0.003218, 120000000000.054077, 120000000000.062180, 119999999999.980484
0.002048, -0.003218, 120000000000.055511, 120000000000.062103, 119999999999.980789
0.002164, -0.003218, 120000000000.052658, 120000000000.062180, 119999999999.980545
0.002282, -0.003218, 119999999999.961517, 120000000000.062439, 119999999999.980667
0.002398, -0.003218, 120000000000.053665, 120000000000.061783, 119999999999.969376
0.002515, -0.003218, 120000000000.053543, 120000000000.061737, 119999999999.980652
0.002632, -0.003218, 120000000000.053757, 120000000000.061981, 119999999999.969254
0.002749, -0.003218, 120000000000.054474, 119999999999.968918, 119999999999.980728
0.002866, -0.003218, 120000000000.053543, 120000000000.061737, 119999999999.969284
0.002983, -0.003218, 120000000000.053543, 120000000000.061951, 119999999999.980774
0.003101, -0.003218, 119999999999.961792, 120000000000.061951, 119999999999.969330
0.003217, -0.003218, 19215415766.655643, 19215415766.655533, 24902628354.850189
0.003335, -0.003218, 90343446182.116852, 9179864108.014257, 10966494674.302259
0.003451, -0.003218, 120000000000.053635, 120000000000.061768, 119999999999.980652
0.003569, -0.003218, 120000000000.054245, 120000000000.062057, 119999999999.980728
0.003685, -0.003218, 587207153.057217, 730012049.023408, 603852454.807241
0.003802, -0.003218, 799102225.841413, 649034641.367525, 686733917.029282
0.003919, -0.003218, 1209598747.794747, 718209857.626590, 780108444.183981
0.004037, -0.003218, 683366629.221906, 587383312.474717, 608285333.134360
0.004153, -0.003218, 500000000.000100, 500000000.000098, 499999999.999987
0.004270, -0.003218, 984819492.990484, 1859259191.706178, 1043250729.173463
0.004388, -0.003218, 120000000000.053467, 120000000000.061890, 119999999999.980743
0.004504, -0.003218, 2098563871.723271, 43466507292.040665, 2381968399.864291
0.004622, -0.003218, 544824378.057138, 585249136.463806, 559484553.417580
0.004738, -0.003218, 115770331731.748871, 117865148115.780701, 95920957159.322327
0.004856, -0.003218, 111188871207.935776, 119591929915.822845, 119083362784.875305
0.004972, -0.003218, 572111233.551609, 644310221.785445, 590463838.835418
0.005090, -0.003218, 1453625224.786329, 3826634062.067986, 1578072792.222981
0.005206, -0.003218, 120000000000.053741, 119999999999.968765, 119999999999.980652
0.005324, -0.003218, 1090571774.117761, 2266826584.017724, 1167525869.265501
0.005440, -0.003218, 654937175.494723, 819622424.039410, 680451622.849109
0.005557, -0.003218, 120000000000.055374, 120000000000.062134, 119999999999.980499
0.005675, -0.003218, 10334065175.181618, 63471715648.308678, 15884529052.065237
0.005791, -0.003218, 502081032.531369, 503551389.181960, 504327104.976963
-0.005791, -0.003101, 500000000.000101, 500000000.000101, 499999999.999987
-0.005674, -0.003101, 1171061873.927954, 1109449504.673762, 1150350312.741393
-0.005557, -0.003101, 2391031609.807408, 1623103653.771595, 1803138463.271172
-0.005441, -0.003101, 1741964088.473715, 4289732924.261696, 1996290735.778416
-0.005324, -0.003101, 76644956698.822113, 94195942179.308701, 71221500153.339890
-0.005207, -0.003101, 73613455852.553757, 7271414166.313469, 9624174821.463240
-0.005089, -0.003101, 3277975439.716012, 17498122663.331108, 4684629845.493463
-0.004972, -0.003101, 120000000000.054932, 120000000000.062378, 119999999999.980728
-0.004855, -0.003101, 7866825593.784221, 12904488741.091393, 11322995312.301237
-0.004738, -0.003101, 14038822673.775200, 3138893278.359041, 4247105641.063735
-0.004621, -0.003101, 6824355122.606908, 4785466387.625715, 5115108725.903712
-0.004504, -0.003101, 12566791698.062374, 32239276382.928703, 8156155930.138227
-0.004387, -0.003101, 35396107404.152740, 6076769581.856366, 10118122196.931351
-0.004270, -0.003101, 21083545954.973930, 35880395429.914467, 11181335577.902412
-0.004154, -0.003101, 119999999999.961273, 120000000000.061951, 119999999999.980774
-0.004036, -0.003101, 120000000000.053314, 120000000000.062424, 119999999999.980545
-0.003920, -0.003101, 120000000000.054199, 120000000000.062149, 119999999999.980698
-0.003803, -0.003101, 120000000000.054245, 120000000000.063156, 119999999999.980255
-0.003686, -0.003101, 120000000000.055222, 120000000000.061371, 119999999999.980652
-0.003569, -0.003101, 1088387629.314684, 5012522437.097848, 1213642186.155338
-0.003452, -0.003101, 120000000000.054779, 120000000000.063202, 119999999999.980652
-0.003335, -0.003101, 2180667386.573347, 5586949138.274787, 2666497965.683043
-0.003218, -0.003101, 92837449280.511429, 12486604440.018473, 14473327229.961437
-0.003101, -0.003101, 120000000000.053741, 119999999999.970795, 119999999999.980606
-0.002984, -0.003101, 3673411860.774104, 1730434720.795418, 1697569747.892062
-0.002867, -0.003101, 92352260237.395004, 11471906773.128508, 13998010430.059740
-0.002750, -0.003101, 120000000000.054153, 120000000000.062149, 119999999999.980606
-0.002633, -0.003101, 4498673032.796412, 48802277123.456596, 5036190898.557834
-0.002516, -0.003101, 2197818162.366331, 1126869594.626609, 1240056789.014170
-0.002399, -0.003101, 4857094873.600317, 1176224714.676705, 1329219395.123544
-0.002282, -0.003101, 4857094873.599819, 1176224714.676032, 1329219395.123749
-0.002165, -0.003101, 4629641051.241045, 1171762214.128389, 1325492257.332979
-0.002048, -0.003101, 14277218589.522766, 2205287170.243583, 2428515483.356256
-0.001931, -0.003101, 119999999999.960617, 120000000000.062469, 119999999999.980652
-0.001814, -0.003101, 120000000000.054596, 120000000000.063248, 119999999999.980728
-0.001697, -0.003101, 120000000000.053543, 120000000000.061768, 119999999999.980286
-0.001580, -0.003101, 120000000000.054718, 120000000000.061981, 119999999999.980606
-0.001463, -0.003101, 120000000000.053131, 120000000000.061951, 119999999999.980667
-0.001345, -0.003101, 120000000000.053955, 120000000000.062683, 119999999999.980698
-0.001228, -0.003101, 120000000000.055252, 120000000000.061859, 119999999999.980667
-0.001112, -0.003101, 120000000000.052658, 120000000000.062027, 119999999999.980530
-0.000995, -0.003101, 1412136217.193836, 1791557840.160803, 1517204826.507315
-0.000878, -0.003101, 7786498229.579602, 1796129988.221629, 1985907566.940758
-0.000761, -0.003101, 28665156766.003746, 4659514397.281738, 6029043211.594135
-0.000644, -0.003101, 28665156766.003708, 4659514397.281735, 6029043211.594135
-0.000527, -0.003101, 28665156766.003708, 4659514397.281738, 6029043211.594134
-0.000410, -0.003101, 28665156766.003742, 4659514397.281744, 6029043211.594135
-0.000293, -0.003101, 28665156766.003876, 4659514397.281736, 6029043211.594135
-0.000176, -0.003101, 28665156766.004002, 4659514397.281743, 6029043211.594134
-0.000058, -0.003101, 28665156766.004051, 4659514397.281736, 6029043211.594134
0.000058, -0.003101, 28665156766.003857, 4659514397.281738, 6029043211.594135
0.000175, -0.003101, 28665156766.003658, 4659514397.281738, 6029043211.594135
0.000292, -0.003101, 28665156766.003723, 4659514397.281741, 6029043211.594135
0.000409, -0.003101, 28665156766.003834, 4659514397.281736, 6029043211.594134
0.000526, -0.003101, 28665156766.003845, 4659514397.281739, 6029043211.594135
0.000643, -0.003101, 28665156766.003708, 4659514397.281740, 6029043211.594135
0.000760, -0.003101, 28665156766.003674, 4659514397.281740, 6029043211.594135
0.000877, -0.003101, 28665156766.003822, 4659514397.281737, 6029043211.594135
0.000994, -0.003101, 28665156766.003979, 4659514397.281743, 6029043211.594134
0.001112, -0.003101, 28665156766.003685, 4659514397.281738, 6029043211.594135
0.001228, -0.003101, 28665156766.003708, 4659514397.281740, 6029043211.594134
0.001345, -0.003101, 28665156766.003696, 4659514397.281735, 6029043211.594135
0.001462, -0.003101, 28665156766.003696, 4659514397.281737, 6029043211.594135
0.001579, -0.003101, 28665156766.003677, 4659514397.281738, 6029043211.594135
0.001696, -0.003101, 28665156766.003880, 4659514397.281739, 6029043211.594134
0.001813, -0.003101, 28665156766.003807, 4659514397.281737, 6029043211.594134
0.001930, -0.003101, 28665156766.003956, 4659514397.281736, 6029043211.594135
0.002048, -0.003101, 28665156766.003819, 4659514397.281739, 6029043211.594135
0.002164, -0.003101, 28665156766.003880, 4659514397.281738, 6029043211.594135
0.002282, -0.003101, 28665156766.003796, 4659514397.281740, 6029043211.594135
0.002398, -0.003101, 28665156766.003662, 4659514397.281738, 6029043211.594134
0.002515, -0.003101, 28665156766.003780, 4659514397.281736, 6029043211.594135
0.002632, -0.003101, 28665156766.003685, 4659514397.281741, 6029043211.594135
0.002749, -0.003101, 115923943843.992844, 47960541035.377632, 67713502502.662544
0.002866, -0.003101, 119999999999.963058, 119999999999.969162, 119999999999.969208
0.002983, -0.003101, 120000000000.053055, 119999999999.968765, 119999999999.968964
0.003101, -0.003101, 120000000000.054031, 120000000000.062073, 119999999999.969177
0.003217, -0.003101, 1774733451.676455, 12939727479.893860, 1717985408.292028
0.003335, -0.003101, 1289850431.895161, 4190662630.977672, 1210893750.952774
0.003451, -0.003101, 120000000000.053955, 120000000000.062073, 119999999999.980301
0.003569, -0.003101, 120000000000.054352, 120000000000.062103, 119999999999.980499
0.003685, -0.003101, 587207153.057219, 730012049.024143, 603852454.807239
0.003802, -0.003101, 734809370.342826, 642091257.579255, 679983719.457375
0.003919, -0.003101, 1836233055.655704, 720203408.568168, 788910467.476138
0.004037, -0.003101, 1158702765.242181, 828211857.099184, 847920059.494024
0.004153, -0.003101, 512031820.222067, 520162398.151105, 515174717.275798
0.004270, -0.003101, 619867387.639070, 636530276.456104, 633075660.139711
0.004388, -0.003101, 21485278537.548428, 2219634420.370525, 2525690988.498513
0.004504, -0.003101, 116938498475.944305, 54539497323.149460, 78182980223.710175
0.004622, -0.003101, 1592405875.308892, 1898227299.369672, 1625972634.200512
0.004738, -0.003101, 3496281232.128282, 1446835057.510756, 1630102966.192839
0.004856, -0.003101, 1815904643.375549, 1400938734.443210, 1526569380.103036
0.004972, -0.003101, 509888472.215922, 519273293.132359, 513162286.994280
0.005090, -0.003101, 725214372.324021, 743232627.709362, 742017116.724039
0.005206, -0.003101, 5075886680.622128, 2010328618.086057, 2290413176.451492
0.005324, -0.003101, 742515194.877368, 743342247.284456, 757353122.131629
0.005440, -0.003101, 701693017.848246, 657321654.871691, 665837217.649907
0.005557, -0.003101, 7418679509.164031, 1623103653.772369, 1803138463.271144
0.005675, -0.003101, 1225567047.556255, 1109449504.672891, 1150350312.741350
0.005791, -0.003101, 500000000.000105, 500000000.000108, 499999999.999987
-0.005791, -0.002984, 500000000.000103, 500000000.000097, 499999999.999988
-0.005674, -0.002984, 505857236.737840, 503874311.091023, 506749873.809802
-0.005557, -0.002984, 544962130.129669, 516383332.804917, 523354788.227631
-0.005441, -0.002984, 1542791324.780991, 4175680731.155136, 1664481521.716618
-0.005324, -0.002984, 120000000000.053543, 120000000000.062073, 119999999999.980652
-0.005207, -0.002984, 9593865788.587233, 7110395268.069291, 5566316421.290290
-0.005089, -0.002984, 60307615804.389618, 13731404217.222548, 7271621511.530210
-0.004972, -0.002984, 4273271621.582394, 5583820242.656013, 5837162541.156738
-0.004855, -0.002984, 2881074278.584347, 1921573913.260655, 2069316334.685530
-0.004738, -0.002984, 4649841593.840137, 1791665939.091974, 2058674389.377472
-0.004621, -0.002984, 3099347355.375159, 3167568965.368948, 2320517611.254542
-0.004504, -0.002984, 11050061818.586931, 2689571046.998459, 3491937117.428043
-0.004387, -0.002984, 86084081636.023758, 6911369912.053391, 10724701826.480978
-0.004270, -0.002984, 120000000000.054565, 119999999999.968933, 119999999999.980331
-0.004154, -0.002984, 119999999999.959503, 120000000000.061905, 119999999999.980621
-0.004036, -0.002984, 120000000000.053864, 120000000000.062057, 119999999999.980698
-0.003920, -0.002984, 76316831405.249619, 8408889638.101877, 9727298752.361881
-0.003803, -0.002984, 120000000000.053909, 120000000000.063461, 119999999999.980606
-0.003686, -0.002984, 120000000000.052856, 119999999999.969421, 119999999999.980698
-0.003569, -0.002984, 4696713354.257438, 44042784032.565445, 5637675676.508565
-0.003452, -0.002984, 4661122819.066249, 2452164318.985861, 2918627787.100069
-0.003335, -0.002984, 10846210575.760651, 10949076920.982679, 13287959615.181076
-0.003218, -0.002984, 2545957296.396588, 44133609401.573997, 2734845807.648147
-0.003101, -0.002984, 119986697929.256454, 119987426104.511566, 119989476644.817001
-0.002984, -0.002984, 2384257924.536849, 1433679685.209275, 1327342510.093123
-0.002867, -0.002984, 72256191334.310440, 78460722332.667664, 8293785221.064075
-0.002750, -0.002984, 120000000000.054413, 120000000000.062256, 119999999999.980576
-0.002633, -0.002984, 120000000000.052979, 120000000000.061813, 119999999999.980408
-0.002516, -0.002984, 120000000000.054398, 120000000000.061981, 119999999999.980728
-0.002399, -0.002984, 120000000000.052734, 119999999999.969177, 119999999999.980240
-0.002282, -0.002984, 120000000000.053711, 120000000000.062469, 119999999999.969177
-0.002165, -0.002984, 120000000000.055756, 120000000000.062347, 119999999999.980621
-0.002048, -0.002984, 2038163821.890677, 3193768620.058590, 1977034751.164653
-0.001931, -0.002984, 6819892064.433498, 1405426847.428727, 1630071017.466063
-0.001814, -0.002984, 6819892064.433281, 1405426847.432352, 1630071017.465973
-0.001697, -0.002984, 6819892064.433504, 1405426847.431303, 1630071017.466182
-0.001580, -0.002984, 6819892064.433555, 1405426847.429005, 1630071017.466092
-0.001463, -0.002984, 6820238435.280697, 1405432927.749764, 1630084988.576674
-0.001345, -0.002984, 7449656243.416228, 2413464831.638504, 2928718761.254619
-0.001228, -0.002984, 120000000000.054413, 120000000000.061707, 119999999999.980621
-0.001112, -0.002984, 120000000000.052933, 120000000000.062805, 119999999999.980621
-0.000995, -0.002984, 120000000000.053299, 120000000000.061279, 119999999999.980499
-0.000878, -0.002984, 2501425237.271386, 1962879433.539174, 1773514764.175318
-0.000761, -0.002984, 2269251157.518905, 1104958546.919107, 1167352165.191878
-0.000644, -0.002984, 2269251157.518938, 1104958546.917668, 1167352165.191571
-0.000527, -0.002984, 2269251157.518915, 1104958546.920939, 1167352165.191657
-0.000410, -0.002984, 2269251157.518904, 1104958546.914306, 1167352165.191793
-0.000293, -0.002984, 2269251157.518906, 1104958546.915856, 1167352165.191574
-0.000176, -0.002984, 2269251157.518897, 1104958546.921045, 1167352165.191712
-0.000058, -0.002984, 2269251157.518943, 1104958546.919251, 1167352165.191571
0.000058, -0.002984, 2269251157.518912, 1104958546.920495, 1167352165.191540
0.000175, -0.002984, 2269251157.518893, 1104958546.914747, 1167352165.191556
0.000292, -0.002984, 2269251157.518915, 1104958546.915846, 1167352165.191504
0.000409, -0.002984, 2269251157.518941, 1104958546.916574, 1167352165.191630
0.000526, -0.002984, 2269251157.518933, 1104958546.922597, 1167352165.191610
0.000643, -0.002984, 2269251157.518899, 1104958546.916059, 1167352165.191635
0.000760, -0.002984, 2269251157.518952, 1104958546.920384, 1167352165.191543
0.000877, -0.002984, 2269251157.518943, 1104958546.917946, 1167352165.191624
0.000994, -0.002984, 2269251157.518894, 1104958546.918488, 1167352165.191792
0.001112, -0.002984, 2269251157.518890, 1104958546.914628, 1167352165.191678
0.001228, -0.002984, 2269251157.518899, 1104958546.921062, 1167352165.191616
0.001345, -0.002984, 2269251157.518934, 1104958546.915396, 1167352165.191646
0.001462, -0.002984, 2269251157.518904, 1104958546.917866, 1167352165.191538
0.001579, -0.002984, 2269251157.518915, 1104958546.917509, 1167352165.191635
0.001696, -0.002984, 2269251157.518915, 1104958546.919019, 1167352165.191759
0.001813, -0.002984, 2269251157.518927, 1104958546.916299, 1167352165.191722
0.001930, -0.002984, 2269251157.518952, 1104958546.919256, 1167352165.191566
0.002048, -0.002984, 2269251157.518917, 1104958546.914266, 1167352165.191792
0.002164, -0.002984, 2269251157.518932, 1104958546.914590, 1167352165.191601
0.002282, -0.002984, 2269251157.518918, 1104958546.920467, 1167352165.191555
0.002398, -0.002984, 2269251157.518929, 1104958546.915763, 1167352165.191711
0.002515, -0.002984, 2269251157.518954, 1104958546.918451, 1167352165.191690
0.002632, -0.002984, 1270928563.307791, 963035950.227628, 1004784622.067527
0.002749, -0.002984, 890011757.378815, 879095423.470636, 909427540.531075
0.002866, -0.002984, 115613178339.096283, 47927090700.377914, 67650304600.634499
0.002983, -0.002984, 120000000000.054047, 120000000000.061569, 119999999999.980667
0.003101, -0.002984, 120000000000.053741, 120000000000.061813, 119999999999.980698
0.003217, -0.002984, 119997611203.109116, 119997688243.955963, 119997803966.616302
0.003335, -0.002984, 118594072646.254013, 117385757651.528976, 110098781372.999588
0.003451, -0.002984, 120000000000.053741, 120000000000.062180, 119999999999.980545
0.003569, -0.002984, 120000000000.053177, 120000000000.062073, 119999999999.980576
0.003685, -0.002984, 587207153.057220, 730012049.023569, 603852454.807241
0.003802, -0.002984, 500000000.000100, 500000000.000099, 499999999.999988
0.003919, -0.002984, 503357043.160413, 502342467.518859, 504488490.210252
0.004037, -0.002984, 552463020.896616, 518238868.655232, 525894631.721088
0.004153, -0.002984, 500000000.000094, 500000000.000110, 499999999.999987
0.004270, -0.002984, 500000000.000104, 500000000.000100, 499999999.999987
0.004388, -0.002984, 500000000.000096, 500000000.000104, 499999999.999987
0.004504, -0.002984, 802640369.171340, 770524448.047037, 801978134.382080
0.004622, -0.002984, 101335413289.555115, 15524361889.409719, 19202989052.084152
0.004738, -0.002984, 1046859298.654084, 1880788694.711842, 1114542717.758838
0.004856, -0.002984, 529009674.086020, 529009674.089527, 534305705.518294
0.004972, -0.002984, 2711160951.509222, 1068468648.128792, 1151699827.045678
0.005090, -0.002984, 3085988484.347602, 948194852.668610, 1043494908.037905
0.005206, -0.002984, 3479072441.310740, 1028615320.497815, 1183510645.551889
0.005324, -0.002984, 65334785425.894485, 3448792860.334510, 2514980670.786392
0.005440, -0.002984, 2967841721.847714, 7060509502.421172, 3619277411.208927
0.005557, -0.002984, 527941189.515318, 516383332.813817, 523354788.225884
0.005675, -0.002984, 509634342.575226, 503874311.090561, 506749873.809861
0.005791, -0.002984, 500000000.000099, 500000000.000100, 499999999.999987
-0.005791, -0.002867, 500000000.000102, 500000000.000100, 499999999.999988
-0.005674, -0.002867, 2884295519.891327, 8426992625.558118, 2817970327.876865
-0.005557, -0.002867, 8908899382.123907, 50571229173.489021, 10281513528.557653
-0.005441, -0.002867, 2141373604.200254, 5901550924.785025, 2610804953.561676
-0.005324, -0.002867, 61581636170.557060, 34110915261.294811, 19682757243.625843
-0.005207, -0.002867, 119979649606.343628, 119979590781.612717, 119981561714.972977
-0.005089, -0.002867, 52575328098.695679, 33927498674.200203, 19630671792.978035
-0.004972, -0.002867, 2834604290.413006, 25079657791.729820, 3871099872.432462
-0.004855, -0.002867, 119999999999.962524, 120000000000.062469, 119999999999.969360
-0.004738, -0.002867, 4186687391.225892, 19876033923.597424, 4606620338.150502
-0.004621, -0.002867, 3326775725.449087, 23828048713.062160, 4802255373.307759
-0.004504, -0.002867, 6062943874.447385, 11292795773.424950, 5190388112.268248
-0.004387, -0.002867, 119579188546.799957, 119335419373.961472, 119621495238.450424
-0.004270, -0.002867, 40146639041.310165, 57468935285.211517, 12811796008.777670
-0.004154, -0.002867, 120000000000.053635, 120000000000.062073, 119999999999.980667
-0.004036, -0.002867, 88746730456.015640, 118344728669.327194, 112267433300.121201
-0.003920, -0.002867, 772950204.348353, 742641219.033243, 753511013.481558
-0.003803, -0.002867, 76716858009.488785, 77735204814.369629, 8329764834.267563
-0.003686, -0.002867, 120000000000.053131, 120000000000.062103, 119999999999.980698
-0.003569, -0.002867, 120000000000.052948, 120000000000.061539, 119999999999.980530
-0.003452, -0.002867, 4602738809.684785, 43957398281.617302, 5416096823.526795
-0.003335, -0.002867, 1370593125.551658, 1222737800.998057, 1179155094.819921
-0.003218, -0.002867, 119671177505.587173, 119671177505.599213, 119469419429.041031
-0.003101, -0.002867, 119999999999.963181, 119999999999.969086, 119999999999.980606
-0.002984, -0.002867, 120000000000.053909, 120000000000.061783, 119999999999.980728
-0.002867, -0.002867, 120000000000.054352, 120000000000.061813, 119999999999.980545
-0.002750, -0.002867, 120000000000.052765, 120000000000.061462, 119999999999.980698
-0.002633, -0.002867, 120000000000.054840, 120000000000.062668, 119999999999.980728
-0.002516, -0.002867, 120000000000.053299, 120000000000.062073, 119999999999.969330
-0.002399, -0.002867, 120000000000.053619, 120000000000.061859, 119999999999.980545
-0.002282, -0.002867, 119999999999.962845, 120000000000.062134, 119999999999.980484
-0.002165, -0.002867, 119999999999.961838, 120000000000.061829, 119999999999.980331
-0.002048, -0.002867, 11500899702.291723, 4217163516.155716, 4338683365.934346
-0.001931, -0.002867, 113274258667.774902, 35922604871.325981, 49901724509.045837
-0.001814, -0.002867, 120000000000.052490, 120000000000.062271, 119999999999.980408
-0.001697, -0.002867, 120000000000.053558, 120000000000.062271, 119999999999.980728
-0.001580, -0.002867, 119999999999.960541, 120000000000.062347, 119999999999.980743
-0.001463, -0.002867, 119999999999.960617, 120000000000.061569, 119999999999.980621
-0.001345, -0.002867, 4941734904.314060, 63429152256.344627, 6040193686.633349
-0.001228, -0.002867, 3858893661.828638, 2285435188.974034, 2691118692.116564
-0.001112, -0.002867, 120000000000.053741, 120000000000.063644, 119999999999.980743
-0.000995, -0.002867, 120000000000.053741, 120000000000.063568, 119999999999.980728
-0.000878, -0.002867, 120000000000.054230, 120000000000.062057, 119999999999.980728
-0.000761, -0.002867, 120000000000.053879, 120000000000.061859, 119999999999.980698
-0.000644, -0.002867, 120000000000.054276, 120000000000.062546, 119999999999.980667
-0.000527, -0.002867, 119999999999.961426, 120000000000.062057, 119999999999.980743
-0.000410, -0.002867, 120000000000.054108, 120000000000.063705, 119999999999.969360
-0.000293, -0.002867, 120000000000.054230, 120000000000.061829, 119999999999.969330
-0.000176, -0.002867, 119999999999.960861, 120000000000.062561, 119999999999.980652
-0.000058, -0.002867, 119999999999.962769, 120000000000.061981, 119999999999.980698
0.000058, -0.002867, 120000000000.053864, 120000000000.061829, 119999999999.980652
0.000175, -0.002867, 120000000000.054535, 120000000000.061646, 119999999999.980698
0.000292, -0.002867, 120000000000.053391, 119999999999.969162, 119999999999.980576
0.000409, -0.002867, 120000000000.054474, 120000000000.061890, 119999999999.969406
0.000526, -0.002867, 120000000000.053467, 120000000000.061737, 119999999999.980728
0.000643, -0.002867, 120000000000.053131, 119999999999.969040, 119999999999.969284
0.000760, -0.002867, 120000000000.054596, 120000000000.062225, 119999999999.980774
0.000877, -0.002867, 120000000000.053055, 120000000000.061646, 119999999999.980499
0.000994, -0.002867, 120000000000.053909, 120000000000.062759, 119999999999.969299
0.001112, -0.002867, 119999999999.960938, 119999999999.968796, 119999999999.980408
0.001228, -0.002867, 119999999999.961700, 120000000000.061661, 119999999999.980743
0.001345, -0.002867, 119999999999.961182, 120000000000.062668, 119999999999.980667
0.001462, -0.002867, 120000000000.053955, 120000000000.061981, 119999999999.969040
0.001579, -0.002867, 120000000000.053635, 119999999999.968719, 119999999999.980652
0.001696, -0.002867, 120000000000.054153, 120000000000.062271, 119999999999.969330
0.001813, -0.002867, 120000000000.053665, 120000000000.062347, 119999999999.980652
0.001930, -0.002867, 120000000000.054169, 120000000000.062057, 119999999999.980423
0.002048, -0.002867, 120000000000.053253, 120000000000.061905, 119999999999.980606
0.002164, -0.002867, 120000000000.053711, 120000000000.062561, 119999999999.980499
0.002282, -0.002867, 119999999999.960892, 119999999999.969177, 119999999999.980743
0.002398, -0.002867, 120000000000.053635, 120000000000.062073, 119999999999.980453
0.002515, -0.002867, 120000000000.053741, 120000000000.061890, 119999999999.980698
0.002632, -0.002867, 119999999999.961502, 120000000000.062439, 119999999999.969254
0.002749, -0.002867, 1487925268.265564, 2917719270.952003, 1559560013.887947
0.002866, -0.002867, 890011757.379926, 879095423.470826, 909427540.531085
0.002983, -0.002867, 115613178339.099182, 47927090700.378052, 67650304600.634460
0.003101, -0.002867, 120000000000.052704, 120000000000.062378, 119999999999.969177
0.003217, -0.002867, 120000000000.054230, 120000000000.062073, 119999999999.980545
0.003335, -0.002867, 120000000000.054245, 120000000000.062180, 119999999999.980408
0.003451, -0.002867, 120000000000.053833, 120000000000.062866, 119999999999.980606
0.003569, -0.002867, 119999999999.962311, 120000000000.061737, 119999999999.980728
0.003685, -0.002867, 587207153.057219, 730012049.023413, 603852454.807238
0.003802, -0.002867, 500000000.000098, 500000000.000111, 499999999.999987
0.003919, -0.002867, 2079763547.231724, 5295662465.353355, 2240940252.705967
0.004037, -0.002867, 12568018382.714687, 62619699926.462463, 14354244197.073641
0.004153, -0.002867, 918038978.153645, 789012324.644680, 819058209.570309
0.004270, -0.002867, 768093118.388041, 601003182.406791, 619267618.550486
0.004388, -0.002867, 768093118.388030, 601003182.406000, 619267618.550500
0.004504, -0.002867, 768093118.388041, 601003182.404696, 619267618.550453
0.004622, -0.002867, 1241669364.171044, 770079509.048873, 825374750.243471
0.004738, -0.002867, 1085095514.167245, 686720267.380865, 714136110.405178
0.004856, -0.002867, 2006109313.382859, 2006109313.383601, 1248837169.753504
0.004972, -0.002867, 535707806.942408, 535707806.942177, 536248755.136566
0.005090, -0.002867, 999611045.922265, 1093879178.108913, 1051434241.684788
0.005206, -0.002867, 80833306079.059296, 109529298769.272537, 93128425856.983383
0.005324, -0.002867, 898725146.170556, 988813229.845561, 944967716.819677
0.005440, -0.002867, 717384484.056420, 694815596.052711, 690390306.510151
0.005557, -0.002867, 83392223997.878296, 50571229173.871201, 10281513528.481241
0.005675, -0.002867, 2515532962.097145, 8426992625.137484, 2817970327.852819
0.005791, -0.002867, 500000000.000102, 500000000.000112, 499999999.999987
-0.005791, -0.002750, 501790285.180823, 505105174.217399, 503831924.940146
-0.005674, -0.002750, 7051645389.561138, 4561934906.896139, 4596161215.914546
-0.005557, -0.002750, 22301290437.183186, 22301290437.183201, 29481879952.502674
-0.005441, -0.002750, 2930743467.989277, 20586785690.009315, 3975096142.295797
-0.005324, -0.002750, 97331840849.685684, 114833022795.392456, 74440872345.142532
-0.005207, -0.002750, 120000000000.053757, 120000000000.062744, 119999999999.980743
-0.005089, -0.002750, 92572276723.539444, 114500265653.761658, 74536180091.559326
-0.004972, -0.002750, 8843989254.283056, 82363642337.988770, 23041309515.421116
-0.004855, -0.002750, 88962700561.736908, 10511949538.279806, 13306792613.496206
-0.004738, -0.002750, 16639142194.547480, 16393999750.010275, 36279802738.570694
-0.004621, -0.002750, 16736449692.757252, 78829827766.909821, 9389794241.948030
-0.004504, -0.002750, 18289703453.174774, 62952064208.918449, 9457172220.097519
-0.004387, -0.002750, 120000000000.054001, 120000000000.062180, 119999999999.980530
-0.004270, -0.002750, 13843205464.930454, 21680834972.564003, 12270034424.933136
-0.004154, -0.002750, 120000000000.054688, 120000000000.062134, 119999999999.980606
-0.004036, -0.002750, 120000000000.054810, 120000000000.062378, 119999999999.980743
-0.003920, -0.002750, 116920246521.998962, 117174094706.522186, 97170057215.935425
-0.003803, -0.002750, 120000000000.054764, 120000000000.061707, 119999999999.980652
-0.003686, -0.002750, 119999999999.960205, 119999999999.969238, 119999999999.980255
-0.003569, -0.002750, 53829691434.861694, 4760690734.879486, 5141133373.408177
-0.003452, -0.002750, 120000000000.053299, 120000000000.062347, 119999999999.980698
-0.003335, -0.002750, 1625350634.745915, 5881031055.627752, 1900606476.004627
-0.003218, -0.002750, 120000000000.055740, 119999999999.968521, 119999999999.969254
-0.003101, -0.002750, 120000000000.053665, 120000000000.062271, 119999999999.980576
-0.002984, -0.002750, 120000000000.054352, 120000000000.061569, 119999999999.969177
-0.002867, -0.002750, 120000000000.054291, 120000000000.062180, 119999999999.980652
-0.002750, -0.002750, 119999999999.961014, 120000000000.062271, 119999999999.980652
-0.002633, -0.002750, 120000000000.054276, 119999999999.968445, 119999999999.980545
-0.002516, -0.002750, 120000000000.052582, 120000000000.061951, 119999999999.969330
-0.002399, -0.002750, 120000000000.055298, 120000000000.062393, 119999999999.980484
-0.002282, -0.002750, 114381570975.686310, 42380868040.580116, 62918792307.401039
-0.002165, -0.002750, 120000000000.052948, 120000000000.062561, 119999999999.980652
-0.002048, -0.002750, 1061416631.360068, 1196609110.979920, 983746934.670525
-0.001931, -0.002750, 12942716884.530901, 45203325374.686241, 3567872176.841051
-0.001814, -0.002750, 119999999999.961227, 120000000000.062805, 119999999999.969177
-0.001697, -0.002750, 120000000000.053635, 120000000000.061401, 119999999999.980621
-0.001580, -0.002750, 120000000000.054657, 120000000000.061981, 119999999999.980743
-0.001463, -0.002750, 119999999999.962112, 120000000000.062134, 119999999999.980667
-0.001345, -0.002750, 120000000000.053986, 120000000000.061569, 119999999999.968964
-0.001228, -0.002750, 4734061410.159369, 46630376110.292236, 5631231742.502203
-0.001112, -0.002750, 3858893661.826378, 2285435188.975123, 2691118692.116491
-0.000995, -0.002750, 120000000000.054153, 120000000000.061859, 119999999999.980530
-0.000878, -0.002750, 120000000000.052368, 120000000000.061890, 119999999999.980606
-0.000761, -0.002750, 120000000000.054169, 120000000000.062073, 119999999999.969238
-0.000644, -0.002750, 120000000000.053879, 120000000000.061951, 119999999999.980499
-0.000527, -0.002750, 120000000000.053375, 120000000000.061859, 119999999999.980667
-0.000410, -0.002750, 120000000000.054153, 120000000000.061859, 119999999999.980530
-0.000293, -0.002750, 120000000000.052689, 120000000000.062271, 119999999999.980743
-0.000176, -0.002750, 120000000000.055344, 119999999999.968872, 119999999999.980453
-0.000058, -0.002750, 120000000000.053253, 120000000000.061859, 119999999999.980667
0.000058, -0.002750, 120000000000.053055, 120000000000.062225, 119999999999.980286
0.000175, -0.002750, 120000000000.054169, 120000000000.061584, 119999999999.969330
0.000292, -0.002750, 120000000000.054642, 120000000000.062073, 119999999999.980728
0.000409, -0.002750, 119999999999.960281, 119999999999.969360, 119999999999.980621
0.000526, -0.002750, 120000000000.054611, 119999999999.969238, 119999999999.980789
0.000643, -0.002750, 120000000000.054642, 120000000000.061951, 119999999999.980698
0.000760, -0.002750, 120000000000.054474, 119999999999.970459, 119999999999.969254
0.000877, -0.002750, 119999999999.961136, 120000000000.062225, 119999999999.980606
0.000994, -0.002750, 120000000000.053680, 120000000000.062271, 119999999999.980484
0.001112, -0.002750, 120000000000.053680, 120000000000.062271, 119999999999.969208
0.001228, -0.002750, 120000000000.054642, 120000000000.061951, 119999999999.980652
0.001345, -0.002750, 120000000000.053268, 120000000000.061829, 119999999999.969360
0.001462, -0.002750, 120000000000.055328, 120000000000.062073, 119999999999.980545
0.001579, -0.002750, 120000000000.052811, 120000000000.061783, 119999999999.980728
0.001696, -0.002750, 119999999999.961060, 120000000000.062073, 119999999999.980743
0.001813, -0.002750, 120000000000.053955, 120000000000.061768, 119999999999.969238
0.001930, -0.002750, 120000000000.054642, 120000000000.062073, 119999999999.980698
0.002048, -0.002750, 119999999999.960541, 120000000000.061829, 119999999999.980820
0.002164, -0.002750, 119999999999.960648, 120000000000.062027, 119999999999.980652
0.002282, -0.002750, 120000000000.052856, 120000000000.062302, 119999999999.980743
0.002398, -0.002750, 119999999999.960693, 120000000000.062073, 119999999999.980728
0.002515, -0.002750, 119999999999.962250, 120000000000.061859, 119999999999.980728
0.002632, -0.002750, 120000000000.054474, 120000000000.061905, 119999999999.980408
0.002749, -0.002750, 120000000000.055130, 120000000000.062225, 119999999999.980606
0.002866, -0.002750, 1487925268.265561, 2917719270.966021, 1559560013.888186
0.002983, -0.002750, 914804405.460786, 972999214.058439, 946584194.909792
0.003101, -0.002750, 120000000000.054901, 119999999999.968872, 119999999999.980728
0.003217, -0.002750, 120000000000.053665, 120000000000.061737, 119999999999.980453
0.003335, -0.002750, 1018645066.193523, 1161181182.441047, 973608451.118553
0.003451, -0.002750, 10952895919.928839, 11577863842.232668, 3448760779.340951
0.003569, -0.002750, 120000000000.053345, 120000000000.062195, 119999999999.980484
0.003685, -0.002750, 587207153.057219, 730012049.023525, 603852454.807250
0.003802, -0.002750, 500000000.000099, 500000000.000102, 499999999.999987
0.003919, -0.002750, 2992578109.680943, 3670773294.185900, 3368006795.120495
0.004037, -0.002750, 39562936043.211113, 36593312736.089645, 50984890019.514565
0.004153, -0.002750, 1254357647.452942, 1004825500.361174, 1058387614.329502
0.004270, -0.002750, 1801704820.625710, 998329717.131419, 1080629698.346816
0.004388, -0.002750, 10616725237.135223, 1793732835.524023, 2173415000.719292
0.004504, -0.002750, 10616725237.135250, 1793732835.524805, 2173415000.719153
0.004622, -0.002750, 10616725237.135281, 1793732835.524298, 2173415000.719052
0.004738, -0.002750, 10350621825.144526, 1790699297.431130, 2170387614.481536
0.004856, -0.002750, 1605641838.203281, 958476450.383928, 1016466312.723045
0.004972, -0.002750, 1326416829.728409, 847596316.603477, 887230514.254802
0.005090, -0.002750, 1330883054.955433, 1781608371.950399, 1468786253.655843
0.005206, -0.002750, 120000000000.053635, 120000000000.062805, 119999999999.980728
0.005324, -0.002750, 926447473.748434, 1149573808.331220, 979514108.874406
0.005440, -0.002750, 600797516.081137, 673946895.631677, 619249061.022828
0.005557, -0.002750, 107662787132.830002, 22301290437.180531, 29481879952.502094
0.005675, -0.002750, 3872816068.844841, 4561934906.894878, 4596161215.914560
0.005791, -0.002750, 501908603.829277, 505105174.217345, 503831924.940136
-0.005791, -0.002633, 500000000.000099, 500000000.000099, 499999999.999987
-0.005674, -0.002633, 797056710.891496, 748552647.585745, 781290635.782278
-0.005557, -0.002633, 30717419930.035614, 3183582026.990071, 4349840360.990568
-0.005441, -0.002633, 119150539823.275223, 118868155820.672409, 114205729565.906403
-0.005324, -0.002633, 120000000000.055130, 120000000000.061829, 119999999999.980576
-0.005207, -0.002633, 32673638260.756050, 4227039890.023559, 4520280862.587584
-0.005089, -0.002633, 116954694837.622452, 116617472043.037750, 105801728694.281326
-0.004972, -0.002633, 119999999999.960739, 120000000000.062057, 119999999999.980652
-0.004855, -0.002633, 24005283472.573326, 9823053798.130375, 16622457750.864025
-0.004738, -0.002633, 56504270025.522644, 14124464789.329885, 9623226542.458708
-0.004621, -0.002633, 120000000000.054047, 120000000000.061646, 119999999999.969177
-0.004504, -0.002633, 28250315714.493797, 95312903687.890427, 39612012083.043785
-0.004387, -0.002633, 101576807276.663315, 24499777027.509415, 14718433504.878731
-0.004270, -0.002633, 118882096533.662766, 115905096149.112793, 116066514824.863678
-0.004154, -0.002633, 120000000000.053467, 120000000000.061783, 119999999999.969254
-0.004036, -0.002633, 120000000000.053833, 120000000000.061646, 119999999999.969208
-0.003920, -0.002633, 120000000000.053864, 120000000000.061707, 119999999999.980774
-0.003803, -0.002633, 120000000000.052536, 120000000000.062988, 119999999999.980301
-0.003686, -0.002633, 31432461958.304188, 111201208825.141907, 45199706835.112503
-0.003569, -0.002633, 789500061.089293, 772478661.145280, 781927896.647279
-0.003452, -0.002633, 93918274544.802414, 97377297382.208984, 16452839312.828442
-0.003335, -0.002633, 3662938710.469140, 33653337584.951019, 4656827852.948945
-0.003218, -0.002633, 872783049.515792, 663284211.047030, 686729401.872063
-0.003101, -0.002633, 948888634.871170, 672669904.926560, 694921135.805640
-0.002984, -0.002633, 948888634.871165, 672669904.926559, 694921135.805640
-0.002867, -0.002633, 948888634.871158, 672669904.926555, 694921135.805640
-0.002750, -0.002633, 1160359648.587288, 701593505.910143, 716553769.709649
-0.002633, -0.002633, 31455403525.092167, 3336711288.169098, 3657497874.900692
-0.002516, -0.002633, 120000000000.053741, 120000000000.062881, 119999999999.980743
-0.002399, -0.002633, 2633556425.564614, 20236366099.934200, 2678112102.672544
-0.002282, -0.002633, 975201603.522501, 1397878737.070436, 931883248.640860
-0.002165, -0.002633, 120000000000.052536, 119999999999.968506, 119999999999.980576
-0.002048, -0.002633, 119999999999.961700, 120000000000.061707, 119999999999.980652
-0.001931, -0.002633, 120000000000.054535, 120000000000.062393, 119999999999.980728
-0.001814, -0.002633, 120000000000.053909, 120000000000.062180, 119999999999.969177
-0.001697, -0.002633, 120000000000.052979, 120000000000.062424, 119999999999.980484
-0.001580, -0.002633, 119999999999.960602, 120000000000.062515, 119999999999.980728
-0.001463, -0.002633, 1765928890.110095, 2663907212.597743, 1815809937.018092
-0.001345, -0.002633, 1967066838.397735, 2081200688.126971, 1511013822.006280
-0.001228, -0.002633, 119999999999.961136, 120000000000.061890, 119999999999.980698
-0.001112, -0.002633, 4734061410.157960, 46630376110.289597, 5631231742.502185
-0.000995, -0.002633, 2250229625.989814, 1412935711.225807, 1591192281.814654
-0.000878, -0.002633, 3084984159.146594, 1305102459.737992, 1395349174.825456
-0.000761, -0.002633, 3084984159.146632, 1305102459.737996, 1395349174.825455
-0.000644, -0.002633, 3084984159.146634, 1305102459.737992, 1395349174.825456
-0.000527, -0.002633, 3084984159.146637, 1305102459.737995, 1395349174.825456
-0.000410, -0.002633, 3084984159.146621, 1305102459.738000, 1395349174.825455
-0.000293, -0.002633, 58119353469.189117, 4018319628.862742, 4530216161.181007
-0.000176, -0.002633, 120000000000.053177, 120000000000.062180, 119999999999.980652
-0.000058, -0.002633, 119999999999.961227, 120000000000.062073, 119999999999.980728
0.000058, -0.002633, 120000000000.052765, 120000000000.062256, 119999999999.980621
0.000175, -0.002633, 1212948132.414344, 1045305390.440867, 994287156.758749
0.000292, -0.002633, 26284045623.115814, 11445670544.960121, 4742085788.524755
0.000409, -0.002633, 120000000000.054031, 120000000000.063293, 119999999999.980652
0.000526, -0.002633, 2368556764.138853, 4010076166.516944, 2430915330.005187
0.000643, -0.002633, 1607975940.824330, 1573068933.208272, 1250506593.654299
0.000760, -0.002633, 120000000000.055695, 120000000000.062149, 119999999999.980408
0.000877, -0.002633, 33532192159.296337, 108791727881.244690, 48629388884.515663
0.000994, -0.002633, 1125168730.869783, 933410894.232774, 868900807.683509
0.001112, -0.002633, 75987191045.531464, 76906379244.338242, 15413139511.646524
0.001228, -0.002633, 120000000000.055252, 120000000000.062180, 119999999999.980606
0.001345, -0.002633, 1483623204.314999, 2081200688.125362, 1511013822.006250
0.001462, -0.002633, 3095986653.097767, 2663907212.599576, 1815809937.018112
0.001579, -0.002633, 120000000000.053146, 120000000000.062561, 119999999999.969208
0.001696, -0.002633, 7599561284.026216, 32808985574.183681, 8424966739.006340
0.001813, -0.002633, 1194917258.230882, 949332785.885891, 905829387.266659
0.001930, -0.002633, 118198177122.147385, 117971354490.345352, 110025556927.606888
0.002048, -0.002633, 120000000000.053055, 120000000000.062073, 119999999999.980667
0.002164, -0.002633, 120000000000.054047, 120000000000.061691, 119999999999.969208
0.002282, -0.002633, 22421348541.474857, 100166880374.758682, 30426442886.204411
0.002398, -0.002633, 1121208155.376537, 930534214.490342, 863447593.826166
0.002515, -0.002633, 96249728746.223129, 91583811132.586151, 22277147021.854641
0.002632, -0.002633, 120000000000.053253, 120000000000.061905, 119999999999.980667
0.002749, -0.002633, 120000000000.052902, 120000000000.062439, 119999999999.980453
0.002866, -0.002633, 120000000000.055252, 120000000000.062439, 119999999999.980530
0.002983, -0.002633, 966087229.610529, 3251095334.870353, 1063459503.787184
0.003101, -0.002633, 120000000000.053619, 120000000000.062500, 119999999999.980576
0.003217, -0.002633, 120000000000.054047, 120000000000.062149, 119999999999.980652
0.003335, -0.002633, 12986821119.841751, 25154977984.436382, 4798393332.762947
0.003451, -0.002633, 114269505222.218643, 114269505222.271225, 56666238324.887085
0.003569, -0.002633, 120000000000.055084, 119999999999.970795, 119999999999.980545
0.003685, -0.002633, 587207153.057218, 730012049.023594, 603852454.807242
0.003802, -0.002633, 500000000.000101, 500000000.000111, 499999999.999988
0.003919, -0.002633, 545149128.735602, 532385544.393921, 539091839.605314
0.004037, -0.002633, 667669394.546539, 581777391.307932, 599198415.645117
0.004153, -0.002633, 645658034.883012, 645658034.890575, 657531894.653729
0.004270, -0.002633, 1064884836.713471, 1057910107.475790, 995747543.830837
0.004388, -0.002633, 615703052.023261, 530141199.966580, 541985101.088537
0.004504, -0.002633, 638452594.465230, 545902221.466903, 563250442.391367
0.004622, -0.002633, 1688279310.454904, 704355792.770434, 752802533.093801
0.004738, -0.002633, 1689590837.364509, 705501790.295254, 753566609.378597
0.004856, -0.002633, 4329806146.100964, 958600391.822957, 1057232249.106279
0.004972, -0.002633, 3656888105.786559, 1841413828.469259, 2024212017.357690
0.005090, -0.002633, 2327199568.592721, 2035364988.833785, 1354155212.764627
0.005206, -0.002633, 6988150982.226044, 1375691141.544185, 1564153150.072542
0.005324, -0.002633, 27809806580.510376, 4387853140.053814, 4853493914.782202
0.005440, -0.002633, 754933759.573620, 800935245.950814, 778160204.008152
0.005557, -0.002633, 621629405.497317, 574825342.121164, 590816778.723070
0.005675, -0.002633, 568422813.520447, 538076260.899907, 545995066.679699
0.005791, -0.002633, 500000000.000101, 500000000.000111, 499999999.999987
-0.005791, -0.002516, 559797463.150341, 592297990.389400, 571386318.560167
-0.005674, -0.002516, 92569862017.171417, 92568968250.421173, 14065051834.577312
-0.005557, -0.002516, 120000000000.053391, 120000000000.062393, 119999999999.980652
-0.005441, -0.002516, 120000000000.053375, 119999999999.968918, 119999999999.980698
-0.005324, -0.002516, 120000000000.053055, 120000000000.062317, 119999999999.980621
-0.005207, -0.002516, 94771694346.837463, 79020175601.071350, 24027847943.996922
-0.005089, -0.002516, 120000000000.053635, 120000000000.062561, 119999999999.980774
-0.004972, -0.002516, 13241008703.334934, 11725164428.451324, 16168132025.728758
-0.004855, -0.002516, 84543142753.659393, 80765564982.056442, 66949815038.707741
-0.004738, -0.002516, 95385860067.027222, 32342744971.745499, 14327274723.481873
-0.004621, -0.002516, 119893957616.811722, 119306870935.275116, 119925064300.400955
-0.004504, -0.002516, 120000000000.055420, 120000000000.062180, 119999999999.969254
-0.004387, -0.002516, 8781789722.311899, 6732004919.390451, 7733124947.172781
-0.004270, -0.002516, 102968347313.017029, 17284534526.657818, 22143598256.748619
-0.004154, -0.002516, 120000000000.055252, 120000000000.062271, 119999999999.980698
-0.004036, -0.002516, 120000000000.053986, 120000000000.062881, 119999999999.980301
-0.003920, -0.002516, 120000000000.053345, 120000000000.062271, 119999999999.969330
-0.003803, -0.002516, 120000000000.053146, 120000000000.061829, 119999999999.980698
-0.003686, -0.002516, 120000000000.054245, 120000000000.061951, 119999999999.980728
-0.003569, -0.002516, 120000000000.055008, 119999999999.970642, 119999999999.969284
-0.003452, -0.002516, 120000000000.055206, 120000000000.062073, 119999999999.980667
-0.003335, -0.002516, 7245934086.639202, 51446496040.968376, 11134915762.905317
-0.003218, -0.002516, 512744038.266894, 525996077.689237, 519402313.194113
-0.003101, -0.002516, 16200761626.601091, 2705165964.568083, 2854742112.653663
-0.002984, -0.002516, 21988038693.537369, 3944208892.192083, 4870300465.294559
-0.002867, -0.002516, 21988038693.537319, 3944208892.195371, 4870300465.294195
-0.002750, -0.002516, 1746127225.064407, 1614434297.053078, 1668743592.058392
-0.002633, -0.002516, 580748326.424932, 580979108.584853, 588440742.183865
-0.002516, -0.002516, 31455403525.090820, 3336711288.169093, 3657497874.900692
-0.002399, -0.002516, 100137288262.548050, 119189035335.802094, 116195459398.779800
-0.002282, -0.002516, 95562850932.848236, 67003365107.029030, 12942914382.592251
-0.002165, -0.002516, 120000000000.053131, 120000000000.062424, 119999999999.980530
-0.002048, -0.002516, 2830295414.629189, 3238682893.145282, 3089750879.641974
-0.001931, -0.002516, 4757859568.815562, 1555663115.827127, 1536565034.426032
-0.001814, -0.002516, 120000000000.053314, 120000000000.062271, 119999999999.980652
-0.001697, -0.002516, 120000000000.054886, 120000000000.062027, 119999999999.980621
-0.001580, -0.002516, 120000000000.053467, 120000000000.062317, 119999999999.969299
-0.001463, -0.002516, 6194468010.219114, 66440301778.414459, 7102118614.730293
-0.001345, -0.002516, 54139038932.810440, 49784322702.181877, 5210577681.794392
-0.001228, -0.002516, 120000000000.054474, 120000000000.061935, 119999999999.969177
-0.001112, -0.002516, 120000000000.053680, 120000000000.062256, 119999999999.969360
-0.000995, -0.002516, 9799676945.497959, 47245863599.301422, 7061332229.731214
-0.000878, -0.002516, 8900377236.036432, 2329337261.382400, 2622621188.066691
-0.000761, -0.002516, 8900377236.036430, 2329337261.380673, 2622621188.066340
-0.000644, -0.002516, 8900377236.036436, 2329337261.382180, 2622621188.066163
-0.000527, -0.002516, 8900377236.036427, 2329337261.382311, 2622621188.066286
-0.000410, -0.002516, 8900377236.036427, 2329337261.380860, 2622621188.066515
-0.000293, -0.002516, 972236216.120568, 1008510197.242848, 1022601649.893727
-0.000176, -0.002516, 39486280725.739006, 4316106561.487812, 4407683055.760280
-0.000058, -0.002516, 120000000000.053711, 120000000000.061768, 119999999999.980728
0.000058, -0.002516, 120000000000.053925, 120000000000.062302, 119999999999.980698
0.000175, -0.002516, 10078600277.218546, 10129585096.227718, 3264900109.023681
0.000292, -0.002516, 112902821970.908951, 112902821970.967209, 47446840992.397446
0.000409, -0.002516, 120000000000.053665, 120000000000.062103, 119999999999.980698
0.000526, -0.002516, 10155861322.082317, 88235407034.783646, 12226807517.466253
0.000643, -0.002516, 47239158349.105598, 29839720279.547482, 3985598312.288063
0.000760, -0.002516, 120000000000.053375, 120000000000.062149, 119999999999.980652
0.000877, -0.002516, 120000000000.054932, 120000000000.061768, 119999999999.980728
0.000994, -0.002516, 31875736100.518532, 20990101570.667618, 3203822218.219537
0.001112, -0.002516, 119994883819.271683, 119994883819.278320, 119995431984.092850
0.001228, -0.002516, 120000000000.053146, 119999999999.968933, 119999999999.980728
0.001345, -0.002516, 4791586638.674990, 49784322701.775505, 5210577681.781220
0.001462, -0.002516, 66440301778.692986, 66440301778.975365, 7102118615.056233
0.001579, -0.002516, 120000000000.052887, 120000000000.061905, 119999999999.980621
0.001696, -0.002516, 89712683894.264496, 118789576668.977249, 111228697604.969833
0.001813, -0.002516, 38145690568.767235, 6592966348.006234, 3192014096.860882
0.001930, -0.002516, 120000000000.053497, 120000000000.062057, 119999999999.980652
0.002048, -0.002516, 119999999999.961914, 119999999999.969299, 119999999999.980728
0.002164, -0.002516, 120000000000.053543, 120000000000.062302, 119999999999.980667
0.002282, -0.002516, 120000000000.053925, 120000000000.062500, 119999999999.980545
0.002398, -0.002516, 33930570214.745979, 31043381740.856789, 3204044012.712122
0.002515, -0.002516, 120000000000.053513, 120000000000.061691, 119999999999.980621
0.002632, -0.002516, 120000000000.054779, 120000000000.062180, 119999999999.980774
0.002749, -0.002516, 120000000000.053558, 120000000000.061951, 119999999999.980423
0.002866, -0.002516, 120000000000.053391, 120000000000.062103, 119999999999.980240
0.002983, -0.002516, 1008897126.830997, 3559853481.110082, 1118264661.647034
0.003101, -0.002516, 120000000000.053589, 120000000000.062149, 119999999999.980499
0.003217, -0.002516, 120000000000.053009, 120000000000.061340, 119999999999.969238
0.003335, -0.002516, 120000000000.053741, 120000000000.061768, 119999999999.980499
0.003451, -0.002516, 120000000000.055511, 120000000000.064545, 119999999999.969254
0.003569, -0.002516, 120000000000.054153, 120000000000.061890, 119999999999.980530
0.003685, -0.002516, 587207153.057216, 730012049.024006, 603852454.807242
0.003802, -0.002516, 500000000.000099, 500000000.000105, 499999999.999987
0.003919, -0.002516, 840711739.775521, 804638426.059382, 833521394.656772
0.004037, -0.002516, 4448485393.021308, 1568881545.255916, 1704840372.635995
0.004153, -0.002516, 1183084379.506439, 1488515143.210001, 1129433051.218799
0.004270, -0.002516, 575375653.397939, 577014342.573883, 584107732.168540
0.004388, -0.002516, 4248419684.577828, 1371032280.276899, 1485821560.099896
0.004504, -0.002516, 4633173321.677945, 4099316623.191362, 1964674562.805654
0.004622, -0.002516, 923539432.055093, 683353596.366924, 697999610.157420
0.004738, -0.002516, 912240120.874400, 656639499.856601, 678349456.129312
0.004856, -0.002516, 1828003448.278348, 872424550.771910, 916166199.075918
0.004972, -0.002516, 1611429009.597793, 1325098310.515097, 1380202807.904842
0.005090, -0.002516, 659943819.344309, 650513737.942252, 668524842.132388
0.005206, -0.002516, 4966979632.271335, 1484300134.360079, 1701111197.010151
0.005324, -0.002516, 2017073000.300411, 1273734797.236623, 1430736033.886078
0.005440, -0.002516, 588637630.261373, 593948653.407301, 593362502.334911
0.005557, -0.002516, 500000000.000093, 500000000.000110, 499999999.999987
0.005675, -0.002516, 500000000.000103, 500000000.000096, 499999999.999988
0.005791, -0.002516, 500000000.000097, 500000000.000097, 499999999.999987
-0.005791, -0.002399, 601003182.411244, 768093118.386756, 619267618.535280
-0.005674, -0.002399, 120000000000.054276, 119999999999.969055, 119999999999.980606
-0.005557, -0.002399, 119999999999.962372, 120000000000.063416, 119999999999.980621
-0.005441, -0.002399, 120000000000.055252, 120000000000.062149, 119999999999.980484
-0.005324, -0.002399, 77787425054.449692, 97130347003.392136, 23739868326.893196
-0.005207, -0.002399, 120000000000.053024, 120000000000.061462, 119999999999.980698
-0.005089, -0.002399, 67829719684.897987, 94024744604.520432, 23709036742.375980
-0.004972, -0.002399, 2812208334.182747, 19367349973.922207, 3736534914.257991
-0.004855, -0.002399, 120000000000.053802, 120000000000.062103, 119999999999.969177
-0.004738, -0.002399, 119998714721.062637, 119998736917.325806, 119998771876.368149
-0.004621, -0.002399, 23145562942.412327, 78225075239.898788, 14422610099.528742
-0.004504, -0.002399, 120000000000.054001, 119999999999.969238, 119999999999.980728
-0.004387, -0.002399, 1211995475.078059, 3611762769.359105, 1183760468.205955
-0.004270, -0.002399, 2490963131.641327, 16783903603.850681, 1933397811.718794
-0.004154, -0.002399, 120000000000.055176, 120000000000.061935, 119999999999.980728
-0.004036, -0.002399, 120000000000.054413, 119999999999.969086, 119999999999.980545
-0.003920, -0.002399, 120000000000.054932, 120000000000.063690, 119999999999.969330
-0.003803, -0.002399, 120000000000.053055, 120000000000.061707, 119999999999.980728
-0.003686, -0.002399, 120000000000.054077, 120000000000.062225, 119999999999.980743
-0.003569, -0.002399, 120000000000.054840, 120000000000.062103, 119999999999.980652
-0.003452, -0.002399, 120000000000.054108, 119999999999.970398, 119999999999.980499
-0.003335, -0.002399, 7245934086.639200, 51446496040.968491, 11134915762.905251
-0.003218, -0.002399, 529956904.381499, 620858745.156151, 544110917.571569
-0.003101, -0.002399, 120000000000.054779, 119999999999.968994, 119999999999.980698
-0.002984, -0.002399, 120000000000.054169, 120000000000.062668, 119999999999.969360
-0.002867, -0.002399, 120000000000.053467, 120000000000.062347, 119999999999.980606
-0.002750, -0.002399, 120000000000.053635, 119999999999.968719, 119999999999.980728
-0.002633, -0.002399, 738272493.804191, 1115091970.961062, 767996473.108054
-0.002516, -0.002399, 820187789.963117, 1323350899.659188, 850101296.529497
-0.002399, -0.002399, 120000000000.053879, 120000000000.061646, 119999999999.980576
-0.002282, -0.002399, 120000000000.054718, 120000000000.063293, 119999999999.980743
-0.002165, -0.002399, 119999999999.963089, 120000000000.062759, 119999999999.980728
-0.002048, -0.002399, 5273763727.528118, 57551151234.444756, 5970310722.410206
-0.001931, -0.002399, 20994522378.000488, 11068412197.442335, 2470265626.224631
-0.001814, -0.002399, 120000000000.053986, 120000000000.062302, 119999999999.980667
-0.001697, -0.002399, 120000000000.053741, 120000000000.062668, 119999999999.980652
-0.001580, -0.002399, 120000000000.052948, 120000000000.062912, 119999999999.980652
-0.001463, -0.002399, 120000000000.053802, 120000000000.061859, 119999999999.980728
-0.001345, -0.002399, 120000000000.052689, 120000000000.062180, 119999999999.980652
-0.001228, -0.002399, 120000000000.052948, 120000000000.062469, 119999999999.980530
-0.001112, -0.002399, 120000000000.052567, 120000000000.062195, 119999999999.980545
-0.000995, -0.002399, 120000000000.054855, 120000000000.062271, 119999999999.980667
-0.000878, -0.002399, 119999999999.961380, 120000000000.061859, 119999999999.969040
-0.000761, -0.002399, 120000000000.053589, 120000000000.062057, 119999999999.980728
-0.000644, -0.002399, 120000000000.053986, 119999999999.969254, 119999999999.980499
-0.000527, -0.002399, 120000000000.055252, 120000000000.062073, 119999999999.980698
-0.000410, -0.002399, 120000000000.053955, 120000000000.062515, 119999999999.969238
-0.000293, -0.002399, 2702870697.174519, 11688522618.277912, 3118824972.262437
-0.000176, -0.002399, 1146702946.302083, 2364898857.981577, 1208307930.796864
-0.000058, -0.002399, 120000000000.054321, 119999999999.968307, 119999999999.980576
0.000058, -0.002399, 120000000000.054291, 120000000000.062271, 119999999999.969177
0.000175, -0.002399, 119999999999.959747, 119999999999.968597, 119999999999.969299
0.000292, -0.002399, 120000000000.054199, 120000000000.062180, 119999999999.969208
0.000409, -0.002399, 120000000000.055267, 119999999999.969055, 119999999999.980545
0.000526, -0.002399, 120000000000.055450, 120000000000.061859, 119999999999.980576
0.000643, -0.002399, 120000000000.054688, 119999999999.970276, 119999999999.980331
0.000760, -0.002399, 120000000000.054733, 120000000000.062469, 119999999999.980499
0.000877, -0.002399, 120000000000.055420, 120000000000.062225, 119999999999.980423
0.000994, -0.002399, 120000000000.054810, 120000000000.061890, 119999999999.980667
0.001112, -0.002399, 119999999999.960739, 119999999999.968674, 119999999999.969208
0.001228, -0.002399, 120000000000.053741, 120000000000.063354, 119999999999.980606
0.001345, -0.002399, 120000000000.053909, 120000000000.062271, 119999999999.980545
0.001462, -0.002399, 120000000000.054596, 120000000000.062073, 119999999999.980499
0.001579, -0.002399, 120000000000.053955, 120000000000.061859, 119999999999.980728
0.001696, -0.002399, 119999999999.963089, 119999999999.968918, 119999999999.980621
0.001813, -0.002399, 119999999999.959961, 120000000000.062271, 119999999999.980423
0.001930, -0.002399, 120000000000.052765, 120000000000.062302, 119999999999.980576
0.002048, -0.002399, 120000000000.054977, 120000000000.062149, 119999999999.980728
0.002164, -0.002399, 120000000000.053558, 120000000000.061661, 119999999999.980728
0.002282, -0.002399, 119999999999.962128, 120000000000.061905, 119999999999.980423
0.002398, -0.002399, 120000000000.053864, 119999999999.968521, 119999999999.980545
0.002515, -0.002399, 120000000000.053345, 120000000000.062134, 119999999999.969376
0.002632, -0.002399, 116645432336.438278, 58895885640.193214, 86502566989.820724
0.002749, -0.002399, 119999999999.961105, 120000000000.061813, 119999999999.969238
0.002866, -0.002399, 119999999999.961151, 120000000000.062271, 119999999999.980499
0.002983, -0.002399, 1008897126.831199, 3559853481.110049, 1118264661.647011
0.003101, -0.002399, 120000000000.053146, 120000000000.061813, 119999999999.980499
0.003217, -0.002399, 120000000000.053864, 120000000000.062073, 119999999999.980728
0.003335, -0.002399, 120000000000.053802, 120000000000.063568, 119999999999.980743
0.003451, -0.002399, 120000000000.053955, 120000000000.062424, 119999999999.969299
0.003569, -0.002399, 120000000000.053467, 120000000000.062057, 119999999999.980530
0.003685, -0.002399, 587207153.057219, 730012049.023582, 603852454.807243
0.003802, -0.002399, 500000000.000100, 500000000.000110, 499999999.999987
0.003919, -0.002399, 7795151176.316470, 19768417086.901436, 8184203909.919299
0.004037, -0.002399, 120000000000.054855, 120000000000.061935, 119999999999.980698
0.004153, -0.002399, 743079300.283539, 1022244081.569117, 775780404.790781
0.004270, -0.002399, 1000823637.356995, 1715139718.848284, 1058883358.040673
0.004388, -0.002399, 120000000000.053925, 120000000000.061615, 119999999999.980606
0.004504, -0.002399, 1946757557.791343, 4294423536.258798, 2190179970.732216
0.004622, -0.002399, 500000000.000100, 500000000.000101, 499999999.999988
0.004738, -0.002399, 717778055.166660, 695213658.588322, 715206587.203600
0.004856, -0.002399, 18561501268.123772, 1661572354.125349, 1841609280.395395
0.004972, -0.002399, 2148837968.192125, 3273384722.518716, 2387520356.215961
0.005090, -0.002399, 1486392836.807891, 3259230986.521087, 1609493049.074831
0.005206, -0.002399, 120000000000.053741, 120000000000.062469, 119999999999.980667
0.005324, -0.002399, 1109180961.360110, 2047731669.708628, 1187210269.617734
0.005440, -0.002399, 500000000.000093, 500000000.000097, 499999999.999988
0.005557, -0.002399, 500000000.000099, 500000000.000097, 499999999.999988
0.005675, -0.002399, 500000000.000098, 500000000.000113, 499999999.999988
0.005791, -0.002399, 500000000.000099, 500000000.000101, 499999999.999987
-0.005791, -0.002282, 601003182.411899, 768093118.386749, 619267618.535249
-0.005674, -0.002282, 120000000000.053741, 119999999999.967987, 119999999999.980743
-0.005557, -0.002282, 120000000000.054199, 120000000000.062180, 119999999999.980698
-0.005441, -0.002282, 119999999999.961502, 120000000000.062347, 119999999999.980728
-0.005324, -0.002282, 120000000000.052811, 119999999999.968842, 119999999999.980728
-0.005207, -0.002282, 95295074221.824417, 70698514645.906677, 23474212433.778336
-0.005089, -0.002282, 119999999999.961838, 120000000000.061859, 119999999999.980301
-0.004972, -0.002282, 7050913190.218801, 66679188283.943756, 8866608583.393686
-0.004855, -0.002282, 101167563800.535233, 61084606326.431915, 18986324952.586826
-0.004738, -0.002282, 74278188778.221054, 45482807113.841629, 14892888904.354780
-0.004621, -0.002282, 120000000000.054230, 120000000000.062546, 119999999999.969040
-0.004504, -0.002282, 120000000000.054443, 120000000000.060883, 119999999999.980652
-0.004387, -0.002282, 119834622010.638779, 119848719368.936188, 119896516889.357925
-0.004270, -0.002282, 119999999999.961151, 120000000000.061646, 119999999999.980728
-0.004154, -0.002282, 120000000000.053833, 120000000000.062134, 119999999999.980255
-0.004036, -0.002282, 120000000000.053299, 120000000000.061707, 119999999999.980499
-0.003920, -0.002282, 120000000000.054886, 120000000000.061523, 119999999999.980774
-0.003803, -0.002282, 119999999999.961395, 120000000000.061691, 119999999999.980820
-0.003686, -0.002282, 60399947224.981285, 79176450990.325485, 84579671351.833176
-0.003569, -0.002282, 2915848604.869087, 1328843455.894266, 1255589128.656199
-0.003452, -0.002282, 91667538299.734558, 12911051832.562643, 14219274890.953243
-0.003335, -0.002282, 7245934086.639192, 51446496040.968483, 11134915762.905050
-0.003218, -0.002282, 529956904.381382, 620858745.156160, 544110917.571582
-0.003101, -0.002282, 120000000000.053375, 119999999999.969040, 119999999999.980743
-0.002984, -0.002282, 120000000000.053955, 120000000000.061707, 119999999999.980286
-0.002867, -0.002282, 120000000000.052856, 119999999999.968719, 119999999999.980423
-0.002750, -0.002282, 120000000000.053268, 120000000000.062378, 119999999999.980576
-0.002633, -0.002282, 744313630.824514, 1140123163.701261, 772666219.579798
-0.002516, -0.002282, 813515073.801641, 1322174158.837912, 846186878.179971
-0.002399, -0.002282, 119999999999.962723, 120000000000.061905, 119999999999.980621
-0.002282, -0.002282, 13138168512.025053, 13138168512.024830, 16303429677.570024
-0.002165, -0.002282, 38102156948.480988, 3087307711.831563, 3221312785.516043
-0.002048, -0.002282, 120000000000.054291, 119999999999.969131, 119999999999.980530
-0.001931, -0.002282, 120000000000.055145, 120000000000.061981, 119999999999.980728
-0.001814, -0.002282, 15901278635.160162, 2802045901.224344, 2831561106.002504
-0.001697, -0.002282, 117712399905.828751, 69423145445.497696, 94847598983.601624
-0.001580, -0.002282, 120000000000.053513, 120000000000.062073, 119999999999.980652
-0.001463, -0.002282, 5518737982.351203, 5518737982.351129, 6272491213.853343
-0.001345, -0.002282, 47993078121.848801, 4166125941.020894, 4651161318.206128
-0.001228, -0.002282, 119999999999.961014, 119999999999.969177, 119999999999.969009
-0.001112, -0.002282, 117895885598.653152, 117895885598.662689, 119833040437.839264
-0.000995, -0.002282, 31046063492.894333, 2760948357.387102, 2837402894.731924
-0.000878, -0.002282, 119999999999.961182, 120000000000.061661, 119999999999.980652
-0.000761, -0.002282, 120000000000.053391, 120000000000.062073, 119999999999.980743
-0.000644, -0.002282, 4373842356.618390, 3320445664.364649, 3612140201.036930
-0.000527, -0.002282, 82637000399.677948, 8694316648.506062, 10309014467.841404
-0.000410, -0.002282, 119999999999.962479, 120000000000.061859, 119999999999.980667
-0.000293, -0.002282, 2702870697.174520, 11688522618.277910, 3118824972.262433
-0.000176, -0.002282, 1129522610.941754, 2359803716.389948, 1194542139.968919
-0.000058, -0.002282, 120000000000.053497, 120000000000.063889, 119999999999.980606
0.000058, -0.002282, 120000000000.053741, 120000000000.061279, 119999999999.980652
0.000175, -0.002282, 8201491031.849113, 2931597410.493143, 2931989510.127388
0.000292, -0.002282, 110296422004.978851, 27298572431.064945, 36865252631.648003
0.000409, -0.002282, 120000000000.053223, 120000000000.062073, 119999999999.980255
0.000526, -0.002282, 8694316648.504913, 8694316648.504814, 10309014467.841496
0.000643, -0.002282, 41304463247.697990, 3320445664.365747, 3612140201.036925
0.000760, -0.002282, 120000000000.053497, 120000000000.062439, 119999999999.980606
0.000877, -0.002282, 120000000000.054321, 120000000000.062073, 119999999999.980576
0.000994, -0.002282, 25694703938.332870, 2760948357.387032, 2837402894.731927
0.001112, -0.002282, 119818092915.855362, 117895885598.666595, 119833040437.839081
0.001228, -0.002282, 120000000000.055328, 119999999999.969376, 119999999999.980743
0.001345, -0.002282, 4300243181.753915, 4166125941.019637, 4651161318.206150
0.001462, -0.002282, 60152466401.510620, 5518737982.352455, 6272491213.853326
0.001579, -0.002282, 120000000000.054413, 120000000000.062271, 119999999999.980606
0.001696, -0.002282, 69423145445.496399, 69423145445.499390, 94847598983.601151
0.001813, -0.002282, 32850960051.234646, 2802045901.224501, 2831561106.002474
0.001930, -0.002282, 120000000000.053757, 120000000000.061737, 119999999999.980377
0.002048, -0.002282, 120000000000.054276, 120000000000.061661, 119999999999.980545
0.002164, -0.002282, 5242517351.160031, 3087307711.830463, 3221312785.516061
0.002282, -0.002282, 96583891549.715866, 13138168512.025976, 16303429677.570013
0.002398, -0.002282, 120000000000.053955, 120000000000.063705, 119999999999.980530
0.002515, -0.002282, 2244698356.153454, 10753373749.404707, 2219316959.891115
0.002632, -0.002282, 1077566627.247118, 1755519856.895154, 1020790428.333637
0.002749, -0.002282, 120000000000.054001, 120000000000.062347, 119999999999.980621
0.002866, -0.002282, 120000000000.054047, 120000000000.061905, 119999999999.980621
0.002983, -0.002282, 1008897126.832021, 3559853481.110168, 1118264661.647008
0.003101, -0.002282, 120000000000.053802, 120000000000.061981, 119999999999.980698
0.003217, -0.002282, 59739115466.678307, 115787997690.145676, 87535623594.561401
0.003335, -0.002282, 909324656.802179, 882401196.976410, 832380373.506550
0.003451, -0.002282, 67160250830.877525, 68327593891.767601, 10555542292.930416
0.003569, -0.002282, 120000000000.053177, 119999999999.969254, 119999999999.980667
0.003685, -0.002282, 587207153.057219, 730012049.023512, 603852454.807243
0.003802, -0.002282, 499999999.999741, 500000000.000098, 499999999.999988
0.003919, -0.002282, 812039870.667610, 780992194.108568, 803993806.485079
0.004037, -0.002282, 1567876104.230541, 1107163661.707781, 1187481461.241774
0.004153, -0.002282, 522814781.007312, 524592202.080470, 523889806.905194
0.004270, -0.002282, 568260565.441086, 574335523.743393, 576363673.140151
0.004388, -0.002282, 2657179982.435526, 1213853054.635477, 1309692328.083510
0.004504, -0.002282, 665841405.516582, 656483882.094897, 667683714.099044
0.004622, -0.002282, 755895616.872800, 755895617.070582, 778530828.737971
0.004738, -0.002282, 800590552.154061, 800590552.153556, 803731497.350924
0.004856, -0.002282, 657041694.308180, 641107453.806992, 659321625.227279
0.004972, -0.002282, 2234235088.403498, 1307799012.535108, 1393772350.284149
0.005090, -0.002282, 651622800.720779, 646658462.052648, 660761063.224587
0.005206, -0.002282, 2325038667.400309, 1221214616.941589, 1317758392.471463
0.005324, -0.002282, 589984069.357425, 591496187.720690, 595309508.876114
0.005440, -0.002282, 500000000.000102, 500000000.000110, 499999999.999988
0.005557, -0.002282, 500000000.000100, 500000000.000110, 499999999.999987
0.005675, -0.002282, 500000000.000093, 500000000.000099, 499999999.999986
0.005791, -0.002282, 500000000.000092, 500000000.000099, 499999999.999987
-0.005791, -0.002165, 551505176.488338, 601790399.200494, 561289404.811053
-0.005674, -0.002165, 4451662775.192248, 1469652375.519007, 1667106509.775848
-0.005557, -0.002165, 26364105359.130650, 3124560643.855039, 4474970035.595932
-0.005441, -0.002165, 118801659580.926376, 86951547781.693222, 109942225377.355087
-0.005324, -0.002165, 120000000000.054199, 119999999999.969406, 119999999999.980621
-0.005207, -0.002165, 96933483916.114624, 61832298235.544815, 23883861002.118073
-0.005089, -0.002165, 120000000000.054535, 120000000000.062302, 119999999999.980652
-0.004972, -0.002165, 120000000000.053986, 120000000000.061783, 119999999999.980530
-0.004855, -0.002165, 120000000000.053391, 120000000000.061768, 119999999999.980606
-0.004738, -0.002165, 119999999999.960693, 120000000000.062057, 119999999999.980743
-0.004621, -0.002165, 120000000000.055328, 120000000000.062103, 119999999999.980545
-0.004504, -0.002165, 13749018955.752432, 9272090435.511974, 16655861890.028828
-0.004387, -0.002165, 34202490107.866879, 3716040631.458856, 5667945872.904499
-0.004270, -0.002165, 98266259484.495193, 10680814270.037741, 13964565551.614056
-0.004154, -0.002165, 120000000000.053741, 120000000000.063324, 119999999999.980545
-0.004036, -0.002165, 57056569205.827873, 13744741142.922171, 12652009775.145214
-0.003920, -0.002165, 99939964687.855606, 19339485491.976276, 29914213211.756653
-0.003803, -0.002165, 120000000000.054153, 120000000000.061951, 119999999999.980652
-0.003686, -0.002165, 108905717297.590897, 119526767776.866028, 118725175850.238235
-0.003569, -0.002165, 4936008297.442837, 1807036444.915896, 1593572355.225891
-0.003452, -0.002165, 106080238780.461472, 106080238780.550873, 26503152881.048100
-0.003335, -0.002165, 7245934086.639196, 51446496040.968292, 11134915762.905016
-0.003218, -0.002165, 529956904.381946, 620858745.156193, 544110917.571566
-0.003101, -0.002165, 120000000000.054352, 119999999999.969009, 119999999999.969284
-0.002984, -0.002165, 119999999999.961273, 120000000000.061905, 119999999999.980499
-0.002867, -0.002165, 119999999999.961517, 119999999999.968719, 119999999999.969177
-0.002750, -0.002165, 120000000000.052704, 120000000000.064056, 119999999999.980698
-0.002633, -0.002165, 744313630.824514, 1140123163.701260, 772666219.579741
-0.002516, -0.002165, 813515073.800167, 1322174158.837917, 846186878.179998
-0.002399, -0.002165, 120000000000.054169, 120000000000.061890, 119999999999.980728
-0.002282, -0.002165, 3087307711.830585, 38102156947.962349, 3221312785.531941
-0.002165, -0.002165, 1740612555.029676, 1740612555.841815, 1163164366.494367
-0.002048, -0.002165, 120000000000.053955, 120000000000.061813, 119999999999.980698
-0.001931, -0.002165, 84913647054.395340, 118217637408.811646, 110274662218.640503
-0.001814, -0.002165, 1303536807.699348, 982048494.209032, 943332452.669478
-0.001697, -0.002165, 51216891965.398911, 84045860038.485092, 8521647111.665093
-0.001580, -0.002165, 120000000000.055054, 120000000000.062302, 119999999999.980789
-0.001463, -0.002165, 1807498421.106021, 12534931396.609045, 1880439830.656002
-0.001345, -0.002165, 2364887060.483566, 7071853617.257504, 1565627289.602892
-0.001228, -0.002165, 120000000000.053497, 120000000000.062393, 119999999999.980667
-0.001112, -0.002165, 12616806901.741072, 98527324016.641663, 15413251679.044025
-0.000995, -0.002165, 1346237366.920292, 943975776.435415, 905328927.428238
-0.000878, -0.002165, 110389636868.893768, 112509066141.475510, 48607592727.193703
-0.000761, -0.002165, 120000000000.054474, 120000000000.062302, 119999999999.980728
-0.000644, -0.002165, 1374765067.593289, 3046757123.942869, 1291751797.044215
-0.000527, -0.002165, 9058833237.756668, 24950694847.013309, 2511312396.104384
-0.000410, -0.002165, 119999999999.960037, 120000000000.061981, 119999999999.980499
-0.000293, -0.002165, 2702870697.174520, 11688522618.277897, 3118824972.262555
-0.000176, -0.002165, 1129522610.943218, 2359803716.389926, 1194542139.968762
-0.000058, -0.002165, 120000000000.055130, 120000000000.062668, 119999999999.980499
0.000058, -0.002165, 120000000000.055344, 120000000000.061737, 119999999999.969238
0.000175, -0.002165, 1319021197.717122, 1109163128.151241, 1029782903.539436
0.000292, -0.002165, 30508605170.641766, 60571675169.936203, 4849713787.763257
0.000409, -0.002165, 120000000000.053253, 120000000000.062271, 119999999999.980499
0.000526, -0.002165, 2408413020.438310, 24950694846.240032, 2511312396.080381
0.000643, -0.002165, 1901552744.427842, 3046757124.972438, 1291751797.079247
0.000760, -0.002165, 120000000000.053680, 120000000000.062347, 119999999999.980728
0.000877, -0.002165, 33479527986.945484, 112509066141.517502, 48607592727.194481
0.000994, -0.002165, 1302127200.593356, 943975776.321579, 905328927.424354
0.001112, -0.002165, 69176219277.697601, 98527324016.809052, 15413251679.092310
0.001228, -0.002165, 119999999999.961273, 120000000000.061813, 119999999999.980789
0.001345, -0.002165, 1521145972.326744, 7071853616.341907, 1565627289.571833
0.001462, -0.002165, 3823324002.272717, 12534931397.498430, 1880439830.677342
0.001579, -0.002165, 120000000000.055054, 120000000000.061661, 119999999999.980377
0.001696, -0.002165, 7769441692.249057, 84045860038.459213, 8521647111.723639
0.001813, -0.002165, 1427314921.016017, 982048494.504914, 943332452.672762
0.001930, -0.002165, 118180567784.853882, 118217637408.822189, 110274662218.641159
0.002048, -0.002165, 120000000000.054489, 120000000000.061569, 119999999999.980255
0.002164, -0.002165, 1341773953.262946, 1740612554.887918, 1163164366.465361
0.002282, -0.002165, 15860436302.137743, 38102156948.168007, 3221312785.512775
0.002398, -0.002165, 120000000000.054153, 120000000000.062271, 119999999999.980728
0.002515, -0.002165, 50216866677.211937, 115879975223.700073, 70960239146.722687
0.002632, -0.002165, 92269962930.395630, 71153296389.682114, 10903517264.316423
0.002749, -0.002165, 120000000000.053986, 120000000000.061768, 119999999999.980621
0.002866, -0.002165, 119999999999.961823, 120000000000.062271, 119999999999.980606
0.002983, -0.002165, 1008897126.831200, 3559853481.110166, 1118264661.647147
0.003101, -0.002165, 120000000000.052811, 120000000000.062225, 119999999999.980255
0.003217, -0.002165, 120000000000.053864, 120000000000.061768, 119999999999.969299
0.003335, -0.002165, 40117988878.314369, 33380198104.703609, 4107294046.267626
0.003451, -0.002165, 119999647846.943680, 119999647846.950684, 119999650591.801468
0.003569, -0.002165, 120000000000.054657, 120000000000.061768, 119999999999.980621
0.003685, -0.002165, 587207153.057217, 730012049.024111, 603852454.807237
0.003802, -0.002165, 500000000.000093, 500000000.000106, 499999999.999987
0.003919, -0.002165, 500000000.000096, 500000000.000113, 499999999.999988
0.004037, -0.002165, 500000000.000100, 500000000.000106, 499999999.999987
0.004153, -0.002165, 500000000.000101, 499999999.999740, 499999999.999988
0.004270, -0.002165, 501916034.114390, 501916034.114440, 503482803.194824
0.004388, -0.002165, 815679153.518795, 638581757.646947, 662956668.915548
0.004504, -0.002165, 2131201626.877217, 860228075.339438, 901187786.890087
0.004622, -0.002165, 882164493.084345, 882164493.088444, 900982452.287989
0.004738, -0.002165, 2023335297.840818, 866997840.394880, 974866000.782012
0.004856, -0.002165, 16734367499.614901, 1201155275.116194, 1280337014.907589
0.004972, -0.002165, 118785314433.882629, 78759646989.582153, 106094079916.130600
0.005090, -0.002165, 693915236.929930, 875808859.977524, 725692765.228513
0.005206, -0.002165, 788502080.444690, 625953972.644155, 648407498.190115
0.005324, -0.002165, 506543663.126010, 504818326.939182, 507212734.345358
0.005440, -0.002165, 500000000.000098, 500000000.000099, 499999999.999987
0.005557, -0.002165, 500000000.000096, 500000000.000096, 499999999.999987
0.005675, -0.002165, 500000000.000097, 500000000.000100, 499999999.999987
0.005791, -0.002165, 500000000.000103, 500000000.000099, 499999999.999987
-0.005791, -0.002048, 501863214.814431, 502827283.456314, 504179494.146842
-0.005674, -0.002048, 8505932901.982879, 56398299111.555260, 5089076772.993319
-0.005557, -0.002048, 28126157962.309238, 110693059880.271011, 38209920023.229515
-0.005441, -0.002048, 3040020254.988996, 6928647058.573123, 4242580967.995740
-0.005324, -0.002048, 64931285346.223495, 40332139388.677902, 25331332761.863628
-0.005207, -0.002048, 120000000000.053909, 120000000000.062439, 119999999999.980728
-0.005089, -0.002048, 52692188104.561806, 38829149788.568077, 25041902678.990665
-0.004972, -0.002048, 7971983675.601103, 15010747421.510605, 11486374722.440403
-0.004855, -0.002048, 37091123711.451904, 4265075874.328622, 6631393106.371041
-0.004738, -0.002048, 10214765984.477995, 2745553586.442451, 3557503274.331630
-0.004621, -0.002048, 5215896944.472689, 2802601720.973855, 3379827964.877161
-0.004504, -0.002048, 6924929197.170259, 13048753391.365309, 4488502953.510794
-0.004387, -0.002048, 120000000000.053375, 120000000000.062225, 119999999999.969299
-0.004270, -0.002048, 3549766117.221066, 16168040597.017767, 5338586508.324985
-0.004154, -0.002048, 19025629006.151443, 24000916528.695187, 14999274834.469961
-0.004036, -0.002048, 115402687973.286469, 115435245563.468521, 107619839280.311142
-0.003920, -0.002048, 20772103215.969357, 86021938969.813446, 16384404645.656317
-0.003803, -0.002048, 120000000000.053268, 120000000000.062515, 119999999999.980545
-0.003686, -0.002048, 120000000000.053955, 120000000000.061661, 119999999999.980743
-0.003569, -0.002048, 120000000000.053802, 120000000000.061981, 119999999999.969177
-0.003452, -0.002048, 120000000000.054474, 120000000000.062378, 119999999999.980545
-0.003335, -0.002048, 7245934086.639189, 51446496040.968163, 11134915762.904715
-0.003218, -0.002048, 506402531.206837, 517378400.465305, 510188098.135458
-0.003101, -0.002048, 6659645127.870781, 1677741935.760425, 1821227273.736741
-0.002984, -0.002048, 107572971690.424652, 9447304367.410126, 12802439541.056089
-0.002867, -0.002048, 120000000000.053131, 120000000000.062469, 119999999999.980698
-0.002750, -0.002048, 120000000000.052948, 120000000000.061661, 119999999999.980545
-0.002633, -0.002048, 744313630.824515, 1140123163.701266, 772666219.579820
-0.002516, -0.002048, 813515073.800644, 1322174158.837939, 846186878.180032
-0.002399, -0.002048, 120000000000.054413, 120000000000.062393, 119999999999.980667
-0.002282, -0.002048, 120000000000.053513, 120000000000.061768, 119999999999.969284
-0.002165, -0.002048, 120000000000.054276, 120000000000.062958, 119999999999.980698
-0.002048, -0.002048, 120000000000.054474, 119999999999.968887, 119999999999.980698
-0.001931, -0.002048, 120000000000.054321, 119999999999.970703, 119999999999.980774
-0.001814, -0.002048, 120000000000.053589, 120000000000.061340, 119999999999.980652
-0.001697, -0.002048, 120000000000.054474, 120000000000.062515, 119999999999.980743
-0.001580, -0.002048, 120000000000.054352, 120000000000.062424, 119999999999.980652
-0.001463, -0.002048, 120000000000.053345, 120000000000.062469, 119999999999.980606
-0.001345, -0.002048, 120000000000.053421, 120000000000.062439, 119999999999.980728
-0.001228, -0.002048, 120000000000.054153, 120000000000.062057, 119999999999.980728
-0.001112, -0.002048, 120000000000.054596, 120000000000.062027, 119999999999.969162
-0.000995, -0.002048, 119999999999.960815, 120000000000.062393, 119999999999.980331
-0.000878, -0.002048, 120000000000.055222, 120000000000.062302, 119999999999.969452
-0.000761, -0.002048, 120000000000.055054, 120000000000.062195, 119999999999.980743
-0.000644, -0.002048, 120000000000.054352, 119999999999.968399, 119999999999.980545
-0.000527, -0.002048, 120000000000.056076, 120000000000.061340, 119999999999.980728
-0.000410, -0.002048, 120000000000.054901, 120000000000.061859, 119999999999.980698
-0.000293, -0.002048, 2702870697.174520, 11688522618.277830, 3118824972.262422
-0.000176, -0.002048, 1129522610.940718, 2359803716.389938, 1194542139.968715
-0.000058, -0.002048, 120000000000.053268, 119999999999.968307, 119999999999.980728
0.000058, -0.002048, 120000000000.053314, 120000000000.062668, 119999999999.980774
0.000175, -0.002048, 120000000000.052979, 120000000000.062561, 119999999999.980728
0.000292, -0.002048, 120000000000.053925, 119999999999.968765, 119999999999.980286
0.000409, -0.002048, 120000000000.053467, 120000000000.062744, 119999999999.980743
0.000526, -0.002048, 120000000000.053024, 119999999999.969254, 119999999999.980728
0.000643, -0.002048, 120000000000.053864, 120000000000.063400, 119999999999.980408
0.000760, -0.002048, 120000000000.054443, 120000000000.062073, 119999999999.980728
0.000877, -0.002048, 120000000000.053864, 120000000000.061890, 119999999999.980728
0.000994, -0.002048, 120000000000.053757, 119999999999.969284, 119999999999.980576
0.001112, -0.002048, 120000000000.053833, 120000000000.062271, 119999999999.980652
0.001228, -0.002048, 119999999999.960968, 119999999999.969009, 119999999999.980789
0.001345, -0.002048, 120000000000.053268, 120000000000.062073, 119999999999.980728
0.001462, -0.002048, 120000000000.054596, 120000000000.061951, 119999999999.980698
0.001579, -0.002048, 120000000000.052948, 120000000000.062149, 119999999999.980698
0.001696, -0.002048, 120000000000.054474, 120000000000.061737, 119999999999.980576
0.001813, -0.002048, 120000000000.053223, 120000000000.062195, 119999999999.969238
0.001930, -0.002048, 120000000000.053635, 120000000000.062256, 119999999999.969238
0.002048, -0.002048, 120000000000.053635, 120000000000.062302, 119999999999.980576
0.002164, -0.002048, 120000000000.054352, 120000000000.062424, 119999999999.980576
0.002282, -0.002048, 120000000000.054077, 120000000000.062439, 119999999999.980545
0.002398, -0.002048, 120000000000.053497, 120000000000.062271, 119999999999.980850
0.002515, -0.002048, 120000000000.054840, 120000000000.062302, 119999999999.980576
0.002632, -0.002048, 120000000000.055252, 120000000000.062027, 119999999999.980652
0.002749, -0.002048, 120000000000.054977, 120000000000.062439, 119999999999.980652
0.002866, -0.002048, 120000000000.054031, 120000000000.062866, 119999999999.980423
0.002983, -0.002048, 1008897126.830991, 3559853481.110200, 1118264661.647055
0.003101, -0.002048, 120000000000.054565, 120000000000.062073, 119999999999.980698
0.003217, -0.002048, 120000000000.053467, 120000000000.062180, 119999999999.980499
0.003335, -0.002048, 120000000000.053421, 120000000000.061539, 119999999999.980652
0.003451, -0.002048, 120000000000.053741, 120000000000.062225, 119999999999.980652
0.003569, -0.002048, 120000000000.054352, 120000000000.062180, 119999999999.980652
0.003685, -0.002048, 587207153.057218, 730012049.023411, 603852454.807242
0.003802, -0.002048, 500000000.000102, 500000000.000099, 499999999.999987
0.003919, -0.002048, 500000000.000095, 500000000.000102, 499999999.999988
0.004037, -0.002048, 500000000.000101, 500000000.000098, 499999999.999987
0.004153, -0.002048, 500000000.000094, 500000000.000098, 499999999.999987
0.004270, -0.002048, 864216560.902334, 1132148799.406734, 909597857.814001
0.004388, -0.002048, 120000000000.054596, 120000000000.062073, 119999999999.980621
0.004504, -0.002048, 2322903778.769461, 7860904159.476522, 2600324805.661543
0.004622, -0.002048, 812764927.257449, 1705925370.587579, 897591620.355641
0.004738, -0.002048, 76036956663.228027, 83455775433.797684, 10641124653.572311
0.004856, -0.002048, 12163192042.812191, 94082752024.694351, 14929085485.943956
0.004972, -0.002048, 709667357.103225, 677861524.997669, 677436368.665526
0.005090, -0.002048, 1202847650.027819, 3273619518.159441, 1295704703.368125
0.005206, -0.002048, 119999999999.961014, 120000000000.062057, 119999999999.980667
0.005324, -0.002048, 946869860.845030, 1548884586.601757, 1002920971.735379
0.005440, -0.002048, 500000000.000099, 500000000.000110, 499999999.999987
0.005557, -0.002048, 500000000.000100, 500000000.000101, 499999999.999987
0.005675, -0.002048, 500000000.000100, 500000000.000106, 499999999.999987
0.005791, -0.002048, 500000000.000102, 500000000.000097, 499999999.999988
-0.005791, -0.001931, 500000000.000093, 500000000.000112, 499999999.999988
-0.005674, -0.001931, 2583504152.479967, 2476401030.675750, 2576152483.687197
-0.005557, -0.001931, 7639548690.625158, 6767350814.479815, 8392277542.435845
-0.005441, -0.001931, 2702030173.222537, 10011971506.766102, 3604866134.471976
-0.005324, -0.001931, 106491944720.938782, 114911311293.381393, 80446255357.936722
-0.005207, -0.001931, 119831169223.489334, 119711035232.622589, 119865252680.454239
-0.005089, -0.001931, 104677910974.140488, 114649091660.341263, 80064675517.154770
-0.004972, -0.001931, 5811473551.615015, 71536976243.452774, 8826757568.478418
-0.004855, -0.001931, 12430089143.681995, 3734432867.195670, 5271333197.150485
-0.004738, -0.001931, 1589733395.416334, 1008614498.982846, 1134529653.475823
-0.004621, -0.001931, 1002416141.598880, 675004898.170079, 705423663.179094
-0.004504, -0.001931, 10706288893.532740, 1580457606.527259, 1762374109.656518
-0.004387, -0.001931, 44138504530.916061, 25577757449.998207, 43969960483.259171
-0.004270, -0.001931, 2550243337.810286, 5088268443.586602, 3069682888.900555
-0.004154, -0.001931, 2803730992.850587, 16473361948.561026, 3782575721.790972
-0.004036, -0.001931, 120000000000.052948, 120000000000.061859, 119999999999.980606
-0.003920, -0.001931, 10013301330.580830, 32297550143.484688, 11797891908.933886
-0.003803, -0.001931, 104975885988.008255, 116341731673.408386, 69577251503.713455
-0.003686, -0.001931, 119999999999.961792, 120000000000.061737, 119999999999.980484
-0.003569, -0.001931, 120000000000.053558, 120000000000.061569, 119999999999.980743
-0.003452, -0.001931, 120000000000.053513, 120000000000.062347, 119999999999.969238
-0.003335, -0.001931, 7245934086.639191, 51446496040.968735, 11134915762.905579
-0.003218, -0.001931, 500000000.000093, 500000000.000113, 499999999.999987
-0.003101, -0.001931, 1189687286.691580, 1376379744.103299, 1251279299.418455
-0.002984, -0.001931, 3381292563.484166, 5923714120.113348, 5041524119.058585
-0.002867, -0.001931, 119916529684.424072, 119933161085.397583, 119945871719.100082
-0.002750, -0.001931, 120000000000.054153, 120000000000.062439, 119999999999.980667
-0.002633, -0.001931, 744313630.824514, 1140123163.701280, 772666219.579878
-0.002516, -0.001931, 588971336.451653, 603514830.195050, 598603130.430422
-0.002399, -0.001931, 3313231110.764174, 1351698411.734983, 1449799906.433960
-0.002282, -0.001931, 3323769941.655429, 1361464464.340178, 1456261867.984544
-0.002165, -0.001931, 3323769941.655463, 1361464464.340178, 1456261867.984543
-0.002048, -0.001931, 3323769941.655473, 1361464464.340183, 1456261867.984544
-0.001931, -0.001931, 3323769941.655444, 1361464464.340182, 1456261867.984544
-0.001814, -0.001931, 3323769941.655431, 1361464464.340179, 1456261867.984543
-0.001697, -0.001931, 65523064115.758728, 5102441143.491450, 5808516021.211274
-0.001580, -0.001931, 120000000000.053146, 120000000000.062180, 119999999999.980698
-0.001463, -0.001931, 120000000000.053314, 120000000000.061707, 119999999999.980774
-0.001345, -0.001931, 119999999999.960892, 120000000000.062271, 119999999999.969238
-0.001228, -0.001931, 120000000000.054245, 120000000000.061951, 119999999999.980530
-0.001112, -0.001931, 120000000000.054001, 120000000000.063705, 119999999999.980652
-0.000995, -0.001931, 120000000000.054398, 120000000000.062195, 119999999999.980667
-0.000878, -0.001931, 120000000000.053375, 120000000000.061737, 119999999999.980698
-0.000761, -0.001931, 120000000000.053757, 120000000000.062271, 119999999999.980606
-0.000644, -0.001931, 117567270077.018005, 84233487517.097519, 109888631337.448654
-0.000527, -0.001931, 120000000000.054779, 120000000000.062103, 119999999999.969299
-0.000410, -0.001931, 120000000000.054398, 120000000000.061691, 119999999999.980667
-0.000293, -0.001931, 2702870697.174518, 11688522618.277969, 3118824972.262537
-0.000176, -0.001931, 1129522610.944805, 2359803716.389937, 1194542139.968709
-0.000058, -0.001931, 119999999999.961990, 120000000000.062912, 119999999999.980652
0.000058, -0.001931, 120000000000.055344, 119999999999.969116, 119999999999.980621
0.000175, -0.001931, 118059159706.920181, 83754899745.106583, 109620526681.130524
0.000292, -0.001931, 120000000000.052856, 120000000000.062500, 119999999999.980774
0.000409, -0.001931, 120000000000.054718, 120000000000.062546, 119999999999.980743
0.000526, -0.001931, 120000000000.054489, 120000000000.060974, 119999999999.980377
0.000643, -0.001931, 118321168688.614716, 84233487517.096375, 109888631337.449432
0.000760, -0.001931, 120000000000.053391, 120000000000.061768, 119999999999.980667
0.000877, -0.001931, 120000000000.053345, 120000000000.063904, 119999999999.969330
0.000994, -0.001931, 120000000000.054657, 120000000000.061569, 119999999999.980698
0.001112, -0.001931, 120000000000.053436, 120000000000.063126, 119999999999.980728
0.001228, -0.001931, 119999999999.961884, 120000000000.062546, 119999999999.980621
0.001345, -0.001931, 120000000000.053375, 120000000000.061935, 119999999999.980728
0.001462, -0.001931, 120000000000.053467, 120000000000.062439, 119999999999.969238
0.001579, -0.001931, 119999999999.961594, 120000000000.062180, 119999999999.969238
0.001696, -0.001931, 119999999999.960648, 120000000000.062393, 119999999999.969284
0.001813, -0.001931, 120000000000.055054, 120000000000.061783, 119999999999.969330
0.001930, -0.001931, 120000000000.053864, 120000000000.062103, 119999999999.980728
0.002048, -0.001931, 120000000000.053635, 120000000000.062027, 119999999999.969284
0.002164, -0.001931, 117912247941.497421, 84913647054.400818, 110274662218.639908
0.002282, -0.001931, 120000000000.055252, 120000000000.061951, 119999999999.980728
0.002398, -0.001931, 120000000000.051880, 120000000000.062073, 119999999999.969299
0.002515, -0.001931, 2014334792.620728, 2048417828.178361, 2134484256.934949
0.002632, -0.001931, 13330409304.257013, 2349235281.411105, 2459069679.137734
0.002749, -0.001931, 120000000000.053635, 119999999999.969009, 119999999999.980530
0.002866, -0.001931, 120000000000.054398, 120000000000.061829, 119999999999.980728
0.002983, -0.001931, 1008897126.832152, 3559853481.110110, 1118264661.646976
0.003101, -0.001931, 119999999999.960419, 120000000000.062225, 119999999999.968994
0.003217, -0.001931, 120000000000.053619, 120000000000.061615, 119999999999.980606
0.003335, -0.001931, 15719610870.437162, 2312557298.078656, 2321089923.216786
0.003451, -0.001931, 118589393362.517181, 84977773038.173416, 108390964100.535126
0.003569, -0.001931, 120000000000.053955, 120000000000.062057, 119999999999.969208
0.003685, -0.001931, 587207153.057218, 730012049.023607, 603852454.807241
0.003802, -0.001931, 500000000.000100, 500000000.000098, 499999999.999987
0.003919, -0.001931, 500000000.000098, 500000000.000101, 499999999.999987
0.004037, -0.001931, 500000000.000094, 500000000.000113, 499999999.999987
0.004153, -0.001931, 500000000.000096, 500000000.000110, 499999999.999987
0.004270, -0.001931, 740215124.183984, 821662551.084862, 768170264.454157
0.004388, -0.001931, 97535464857.521561, 25577757449.998505, 43969960483.259102
0.004504, -0.001931, 1073416413.207703, 1229067854.063747, 1127996175.167332
0.004622, -0.001931, 705655518.507048, 1608617646.177169, 770294707.641277
0.004738, -0.001931, 32627852948.490246, 3563818123.905057, 4070638606.496452
0.004856, -0.001931, 120000000000.052765, 120000000000.061783, 119999999999.980728
0.004972, -0.001931, 662705356.905840, 1006192451.892992, 675014213.813481
0.005090, -0.001931, 966585792.319263, 1102264427.012872, 1012962901.779848
0.005206, -0.001931, 57014512766.790741, 29228529622.553959, 54052299968.287994
0.005324, -0.001931, 1000763386.977886, 1062335102.829976, 1001402053.462162
0.005440, -0.001931, 507611452.242961, 504464515.714964, 507024452.255933
0.005557, -0.001931, 500000000.000099, 500000000.000095, 499999999.999987
0.005675, -0.001931, 500000000.000094, 500000000.000097, 499999999.999987
0.005791, -0.001931, 500000000.000092, 500000000.000115, 499999999.999988
-0.005791, -0.001814, 500000000.000090, 500000000.000100, 499999999.999988
-0.005674, -0.001814, 501754916.266912, 501511541.887792, 502837545.148176
-0.005557, -0.001814, 529614770.815441, 510153591.675222, 515113758.639099
-0.005441, -0.001814, 2570817314.080183, 10660075012.499802, 2938452692.237903
-0.005324, -0.001814, 120000000000.053741, 120000000000.061768, 119999999999.980652
-0.005207, -0.001814, 83549667065.841843, 81744089698.031677, 22741358269.607548
-0.005089, -0.001814, 120000000000.054245, 120000000000.061859, 119999999999.980576
-0.004972, -0.001814, 120000000000.054977, 120000000000.063492, 119999999999.980774
-0.004855, -0.001814, 2309666517.151993, 8108770191.592620, 2682462554.210146
-0.004738, -0.001814, 94008441355.943436, 116053837121.708939, 91435249153.531784
-0.004621, -0.001814, 2950323222.470710, 1292882904.093599, 1459060097.033684
-0.004504, -0.001814, 5029805496.145905, 1157362752.674323, 1396900910.426115
-0.004387, -0.001814, 5264916936.627460, 1230421774.986793, 1545655914.639761
-0.004270, -0.001814, 7365898553.445366, 1255648106.383988, 1602615945.447870
-0.004154, -0.001814, 7918668359.177671, 2189874883.909442, 2338627337.517140
-0.004036, -0.001814, 39065687460.162811, 2924259614.887125, 4088678166.321827
-0.003920, -0.001814, 114296518730.024811, 108387980643.641785, 54867479012.697937
-0.003803, -0.001814, 120000000000.053070, 120000000000.061783, 119999999999.980576
-0.003686, -0.001814, 120000000000.053024, 120000000000.061951, 119999999999.980423
-0.003569, -0.001814, 120000000000.054535, 120000000000.062073, 119999999999.980652
-0.003452, -0.001814, 120000000000.053543, 120000000000.062347, 119999999999.969254
-0.003335, -0.001814, 7245934086.639189, 51446496040.968079, 11134915762.905449
-0.003218, -0.001814, 670043432.023065, 670043432.031576, 683089193.976687
-0.003101, -0.001814, 5015040575.491632, 4006787734.560143, 3832541022.682806
-0.002984, -0.001814, 12090796227.927441, 5649569200.654553, 5332809689.601852
-0.002867, -0.001814, 120000000000.053711, 120000000000.062317, 119999999999.969330
-0.002750, -0.001814, 120000000000.053345, 120000000000.062622, 119999999999.969254
-0.002633, -0.001814, 744313630.824514, 1140123163.701254, 772666219.579838
-0.002516, -0.001814, 500000000.000097, 499999999.999749, 499999999.999988
-0.002399, -0.001814, 500000000.000101, 500000000.000109, 499999999.999987
-0.002282, -0.001814, 500000000.000101, 500000000.000110, 499999999.999987
-0.002165, -0.001814, 500000000.000103, 500000000.000110, 499999999.999987
-0.002048, -0.001814, 500000000.000096, 500000000.000097, 499999999.999988
-0.001931, -0.001814, 500000000.000102, 500000000.000110, 499999999.999988
-0.001814, -0.001814, 500000000.000093, 500000000.000108, 499999999.999987
-0.001697, -0.001814, 550432795.099326, 533788127.965682, 541278552.545206
-0.001580, -0.001814, 697435284.843420, 573744366.455669, 589371650.723386
-0.001463, -0.001814, 697435284.842993, 573744366.455670, 589371650.723386
-0.001345, -0.001814, 697435284.843378, 573744366.455668, 589371650.723384
-0.001228, -0.001814, 697435284.843374, 573744366.455668, 589371650.723385
-0.001112, -0.001814, 703799885.529393, 575214786.905743, 590077993.349120
-0.000995, -0.001814, 3025354809.852565, 1500083252.125499, 1573851152.626972
-0.000878, -0.001814, 120000000000.054443, 120000000000.061707, 119999999999.969360
-0.000761, -0.001814, 120000000000.054276, 120000000000.062424, 119999999999.969284
-0.000644, -0.001814, 1109335842.934290, 1798271344.713224, 1058676445.988485
-0.000527, -0.001814, 2918815093.290189, 8270541643.903569, 2144765954.968659
-0.000410, -0.001814, 120000000000.055618, 120000000000.062439, 119999999999.980698
-0.000293, -0.001814, 2702870697.174519, 11688522618.277847, 3118824972.262435
-0.000176, -0.001814, 1129522610.942197, 2359803716.389925, 1194542139.968775
-0.000058, -0.001814, 119999999999.963089, 120000000000.062103, 119999999999.980652
0.000058, -0.001814, 120000000000.053864, 120000000000.061661, 119999999999.980362
0.000175, -0.001814, 866675234.979769, 861873040.851648, 825507138.048385
0.000292, -0.001814, 30387771275.315941, 42844299004.872696, 4568995708.970573
0.000409, -0.001814, 120000000000.054153, 120000000000.064316, 119999999999.980331
0.000526, -0.001814, 2183843830.839427, 8270541643.829306, 2144765954.968299
0.000643, -0.001814, 1115097225.114907, 1798271344.739088, 1058676445.996142
0.000760, -0.001814, 120000000000.052948, 120000000000.062347, 119999999999.980743
0.000877, -0.001814, 120000000000.053955, 120000000000.062134, 119999999999.980743
0.000994, -0.001814, 77473162449.493195, 77473162449.495010, 102644594875.129791
0.001112, -0.001814, 6599078015.627065, 2175223138.566520, 2395534845.160447
0.001228, -0.001814, 6579802959.172986, 1967436543.036380, 2178344351.718494
0.001345, -0.001814, 6579802959.172979, 1967436543.036380, 2178344351.718494
0.001462, -0.001814, 6579802959.172986, 1967436543.036380, 2178344351.718494
0.001579, -0.001814, 6579802959.172973, 1967436543.036382, 2178344351.718494
0.001696, -0.001814, 75284683148.863602, 3903356386.710217, 4420818980.548775
0.001813, -0.001814, 120000000000.053833, 119999999999.968811, 119999999999.980576
0.001930, -0.001814, 120000000000.054398, 120000000000.061890, 119999999999.980484
0.002048, -0.001814, 120000000000.053543, 120000000000.062637, 119999999999.980621
0.002164, -0.001814, 988759088.450528, 1303536807.676616, 943332452.668352
0.002282, -0.001814, 5140474806.568434, 15901278635.271729, 2831561106.002700
0.002398, -0.001814, 120000000000.054474, 119999999999.968506, 119999999999.980667
0.002515, -0.001814, 2556461355.558719, 17395821863.371143, 2730048322.586856
0.002632, -0.001814, 24490794173.215832, 24490794173.697132, 3185002179.818669
0.002749, -0.001814, 120000000000.053299, 120000000000.062225, 119999999999.980652
0.002866, -0.001814, 120000000000.055176, 120000000000.062134, 119999999999.980606
0.002983, -0.001814, 1008897126.832013, 3559853481.110023, 1118264661.647044
0.003101, -0.001814, 119999999999.961594, 120000000000.061737, 119999999999.980728
0.003217, -0.001814, 34862712448.657379, 113206486067.922424, 50719498503.345627
0.003335, -0.001814, 1701170931.763086, 1040766416.691811, 981717371.214589
0.003451, -0.001814, 77932957003.754791, 99444965130.004715, 15000140316.430817
0.003569, -0.001814, 120000000000.053864, 120000000000.061935, 119999999999.980698
0.003685, -0.001814, 587207153.057218, 730012049.023486, 603852454.807251
0.003802, -0.001814, 500000000.000101, 500000000.000096, 499999999.999987
0.003919, -0.001814, 500000000.000101, 500000000.000101, 499999999.999988
0.004037, -0.001814, 500000000.000101, 500000000.000096, 499999999.999987
0.004153, -0.001814, 500000000.000100, 500000000.000096, 499999999.999987
0.004270, -0.001814, 500000000.000100, 500000000.000103, 499999999.999987
0.004388, -0.001814, 525746662.815176, 512205216.696191, 518511092.171290
0.004504, -0.001814, 515956297.592665, 515956297.594930, 520039012.312299
0.004622, -0.001814, 761527154.677750, 1103112103.550552, 736519216.576227
0.004738, -0.001814, 506828445.469073, 504976272.501592, 507542090.105626
0.004856, -0.001814, 657699837.766153, 553647228.064897, 563375136.890554
0.004972, -0.001814, 2073025183.455837, 1370119679.238816, 1124614026.544142
0.005090, -0.001814, 2805852387.701842, 951924029.864319, 1048086501.404198
0.005206, -0.001814, 5616718612.301315, 1056931747.422029, 1190653670.255250
0.005324, -0.001814, 102070010091.122482, 88376118528.892242, 20076100764.511513
0.005440, -0.001814, 829106672.871169, 1195545858.866625, 867988070.788198
0.005557, -0.001814, 500000000.000100, 500000000.000109, 499999999.999988
0.005675, -0.001814, 500000000.000096, 500000000.000111, 499999999.999987
0.005791, -0.001814, 500000000.000100, 500000000.000098, 499999999.999987
-0.005791, -0.001697, 500000000.000100, 500000000.000102, 499999999.999987
-0.005674, -0.001697, 1247824639.892273, 1173747955.219039, 1221383592.943285
-0.005557, -0.001697, 2629536224.530497, 1792531182.360238, 1983979516.698424
-0.005441, -0.001697, 2636184843.894912, 6741655732.767789, 3342629787.083721
-0.005324, -0.001697, 119999999999.960541, 120000000000.062424, 119999999999.980728
-0.005207, -0.001697, 70469307932.467300, 83549889066.361420, 22844841448.701557
-0.005089, -0.001697, 120000000000.053680, 120000000000.063614, 119999999999.980728
-0.004972, -0.001697, 120000000000.054733, 120000000000.061691, 119999999999.980728
-0.004855, -0.001697, 8855765206.718105, 75850733915.042953, 12414006757.783482
-0.004738, -0.001697, 24737751399.520416, 3191811958.765511, 4392404564.119272
-0.004621, -0.001697, 73562889103.112076, 65431400271.540474, 9986161067.670732
-0.004504, -0.001697, 2907975970.385221, 2789582356.543382, 3671269158.086929
-0.004387, -0.001697, 19228041608.936577, 3282329419.207726, 4537380320.049430
-0.004270, -0.001697, 6202094377.523603, 4906689060.911141, 5277081178.927101
-0.004154, -0.001697, 14062897672.094587, 13430758686.180096, 15470313391.544659
-0.004036, -0.001697, 18952427373.108364, 14575355995.141783, 12400243634.671659
-0.003920, -0.001697, 12363049751.478395, 19393649912.384544, 11460874347.941513
-0.003803, -0.001697, 111660652524.877258, 118177751749.423538, 108140032024.364227
-0.003686, -0.001697, 119999999999.963135, 120000000000.063126, 119999999999.980621
-0.003569, -0.001697, 120000000000.054642, 120000000000.061813, 119999999999.980652
-0.003452, -0.001697, 120000000000.053436, 120000000000.062225, 119999999999.980484
-0.003335, -0.001697, 7245934086.639191, 51446496040.968193, 11134915762.904734
-0.003218, -0.001697, 2074171487.393025, 10065323890.985422, 2482095839.529252
-0.003101, -0.001697, 4143744268.626096, 23264947948.485039, 5032988043.122778
-0.002984, -0.001697, 120000000000.054443, 120000000000.062759, 119999999999.980667
-0.002867, -0.001697, 119999999999.960892, 120000000000.062378, 119999999999.980652
-0.002750, -0.001697, 120000000000.053497, 120000000000.063858, 119999999999.969284
-0.002633, -0.001697, 744313630.824515, 1140123163.701288, 772666219.579824
-0.002516, -0.001697, 687518430.928865, 627680487.433288, 645438628.390262
-0.002399, -0.001697, 951221029.970191, 673293792.937482, 695952696.239160
-0.002282, -0.001697, 819480601.937888, 649418397.441296, 671252525.506169
-0.002165, -0.001697, 500000000.000098, 500000000.000110, 499999999.999988
-0.002048, -0.001697, 500000000.000100, 500000000.000100, 499999999.999987
-0.001931, -0.001697, 500000000.000102, 500000000.000111, 499999999.999987
-0.001814, -0.001697, 514552342.651238, 514552342.653356, 518466291.298258
-0.001697, -0.001697, 4878071175.473644, 1608864889.016181, 1666196682.470885
-0.001580, -0.001697, 19623974660.441051, 3671126711.683446, 4466543059.013306
-0.001463, -0.001697, 19623974660.441025, 3671126711.683280, 4466543059.013196
-0.001345, -0.001697, 19623974660.441044, 3671126711.682193, 4466543059.013038
-0.001228, -0.001697, 19623974660.441067, 3671126711.682760, 4466543059.013060
-0.001112, -0.001697, 2071240868.032394, 1827712540.121215, 1889502054.966173
-0.000995, -0.001697, 534824333.511541, 622768762.923873, 553988108.144461
-0.000878, -0.001697, 120000000000.054321, 119999999999.969009, 119999999999.969177
-0.000761, -0.001697, 120000000000.054779, 120000000000.062271, 119999999999.980728
-0.000644, -0.001697, 14135637016.821997, 66867409108.998459, 9184028393.441122
-0.000527, -0.001697, 112902821970.909241, 112902821970.967209, 47446840992.400604
-0.000410, -0.001697, 120000000000.053741, 120000000000.061569, 119999999999.980576
-0.000293, -0.001697, 2702870697.174520, 11688522618.277882, 3118824972.262542
-0.000176, -0.001697, 1129522610.940270, 2359803716.389932, 1194542139.968768
-0.000058, -0.001697, 120000000000.053497, 120000000000.063278, 119999999999.980499
0.000058, -0.001697, 120000000000.053375, 120000000000.062622, 119999999999.980652
0.000175, -0.001697, 61117378465.073730, 52550486981.966545, 8453228459.053551
0.000292, -0.001697, 119994883819.270706, 119994883819.278549, 119995431984.092804
0.000409, -0.001697, 120000000000.055344, 119999999999.969818, 119999999999.980652
0.000526, -0.001697, 34159651639.207737, 112902821970.816391, 47446840992.047462
0.000643, -0.001697, 86920586305.698471, 66867409109.498543, 9184028393.695108
0.000760, -0.001697, 120000000000.054642, 120000000000.062347, 119999999999.969177
0.000877, -0.001697, 120000000000.054153, 120000000000.062195, 119999999999.980667
0.000994, -0.001697, 1349088745.002290, 1394078148.848272, 1489298158.331806
0.001112, -0.001697, 58158000052.136650, 13915152991.198393, 6127447435.201727
0.001228, -0.001697, 114147548730.656097, 38792052165.966393, 106819465995.238159
0.001345, -0.001697, 114147548730.655502, 38792052165.961525, 106819465995.238388
0.001462, -0.001697, 114147548730.656082, 38792052165.964119, 106819465995.237976
0.001579, -0.001697, 114147548730.653519, 38792052165.965256, 106819465995.238174
0.001696, -0.001697, 1937878540.751409, 2282927365.180254, 2161308694.100358
0.001813, -0.001697, 18847233204.846355, 3758211300.772668, 3504979959.017102
0.001930, -0.001697, 120000000000.053345, 119999999999.968765, 119999999999.980652
0.002048, -0.001697, 119999999999.960068, 120000000000.061890, 119999999999.980652
0.002164, -0.001697, 24877431960.621925, 51216891965.489578, 8521647111.647264
0.002282, -0.001697, 117712399905.819122, 117712399905.846359, 94847598983.601318
0.002398, -0.001697, 120000000000.054688, 120000000000.061295, 119999999999.980606
0.002515, -0.001697, 120000000000.053665, 120000000000.062637, 119999999999.980652
0.002632, -0.001697, 120000000000.053070, 120000000000.061813, 119999999999.980606
0.002749, -0.001697, 120000000000.053177, 120000000000.061859, 119999999999.980667
0.002866, -0.001697, 120000000000.054153, 120000000000.062424, 119999999999.980728
0.002983, -0.001697, 1008897126.832089, 3559853481.110151, 1118264661.647157
0.003101, -0.001697, 120000000000.054764, 120000000000.062225, 119999999999.969208
0.003217, -0.001697, 120000000000.054688, 120000000000.062027, 119999999999.980499
0.003335, -0.001697, 120000000000.053986, 120000000000.062134, 119999999999.980499
0.003451, -0.001697, 120000000000.053986, 120000000000.062637, 119999999999.980621
0.003569, -0.001697, 120000000000.054047, 120000000000.062347, 119999999999.980286
0.003685, -0.001697, 587207153.057217, 730012049.023416, 603852454.807242
0.003802, -0.001697, 500000000.000102, 500000000.000113, 499999999.999987
0.003919, -0.001697, 500000000.000101, 500000000.000097, 499999999.999988
0.004037, -0.001697, 499999999.999743, 500000000.000099, 499999999.999987
0.004153, -0.001697, 500000000.000094, 500000000.000109, 499999999.999988
0.004270, -0.001697, 629864087.198161, 641325881.431818, 644015517.712037
0.004388, -0.001697, 15028317757.870924, 2466167787.957345, 2828435037.175440
0.004504, -0.001697, 2957992597.560444, 4522412949.276674, 2175342637.325977
0.004622, -0.001697, 506860438.534793, 508278771.309691, 510321881.644517
0.004738, -0.001697, 4121822229.630281, 1407495177.383082, 1516570836.607798
0.004856, -0.001697, 3835606322.974865, 1776786621.939998, 1927279417.773207
0.004972, -0.001697, 2282262770.092806, 1477583122.502238, 1582881448.558914
0.005090, -0.001697, 769847417.897472, 799826286.702249, 799396764.566135
0.005206, -0.001697, 5950249041.239459, 2323778933.637651, 2588773058.449790
0.005324, -0.001697, 1224204466.951621, 1024290001.136809, 1104753134.274822
0.005440, -0.001697, 579937004.709389, 586114986.939895, 587182807.916206
0.005557, -0.001697, 9314636917.695656, 1792531182.493396, 1983979516.698672
0.005675, -0.001697, 1298687071.618172, 1173747954.885604, 1221383592.935089
0.005791, -0.001697, 500000000.000100, 500000000.000109, 499999999.999987
-0.005791, -0.001580, 501927087.520195, 503610440.574120, 504326997.245973
-0.005674, -0.001580, 32710771151.084988, 16933695201.738655, 14416800948.677074
-0.005557, -0.001580, 120000000000.054733, 120000000000.062149, 119999999999.968994
-0.005441, -0.001580, 2917327225.061123, 19154313555.436630, 4022955036.779511
-0.005324, -0.001580, 71308634175.563889, 99570412333.804108, 23830606235.574745
-0.005207, -0.001580, 119999999999.961670, 119999999999.968842, 119999999999.980499
-0.005089, -0.001580, 63919806980.570152, 95750978386.089310, 23572945344.753815
-0.004972, -0.001580, 120000000000.053375, 120000000000.061859, 119999999999.980545
-0.004855, -0.001580, 5911585855.097980, 16796170797.355850, 9425193403.797592
-0.004738, -0.001580, 20960475686.669006, 4386904440.958617, 6674977704.802790
-0.004621, -0.001580, 5393239202.111083, 1664938810.661851, 1950751669.770177
-0.004504, -0.001580, 89571622002.778336, 14372501747.548220, 10656100005.554672
-0.004387, -0.001580, 120000000000.053879, 120000000000.062073, 119999999999.980667
-0.004270, -0.001580, 2080634004.838163, 3773210552.683631, 2458688370.723336
-0.004154, -0.001580, 2494202910.123726, 9448115830.885248, 3287850081.628128
-0.004036, -0.001580, 119999999999.961884, 119999999999.968811, 119999999999.980743
-0.003920, -0.001580, 22923697322.093040, 58593822261.035179, 45533684863.723572
-0.003803, -0.001580, 119967144780.984955, 119973613063.042145, 119974677040.761169
-0.003686, -0.001580, 120000000000.053558, 120000000000.061829, 119999999999.969238
-0.003569, -0.001580, 120000000000.055206, 120000000000.061615, 119999999999.980698
-0.003452, -0.001580, 120000000000.054047, 120000000000.061569, 119999999999.980606
-0.003335, -0.001580, 7245934086.639200, 51446496040.968178, 11134915762.905153
-0.003218, -0.001580, 1820282406.225728, 10192941852.615183, 2204871978.211640
-0.003101, -0.001580, 8397092881.227917, 59906416796.678452, 13975577461.100706
-0.002984, -0.001580, 120000000000.055252, 120000000000.062759, 119999999999.980652
-0.002867, -0.001580, 120000000000.053864, 120000000000.061813, 119999999999.980667
-0.002750, -0.001580, 120000000000.054123, 120000000000.061859, 119999999999.980576
-0.002633, -0.001580, 984779980.369018, 2269985414.872326, 1081531967.474946
-0.002516, -0.001580, 116754197987.112579, 116754197987.149704, 80228102117.571289
-0.002399, -0.001580, 120000000000.054245, 120000000000.062668, 119999999999.980728
-0.002282, -0.001580, 119980383546.707611, 119984973508.079086, 119988564310.442032
-0.002165, -0.001580, 859370410.603861, 915867297.840925, 889452692.986376
-0.002048, -0.001580, 500000000.000099, 500000000.000104, 499999999.999987
-0.001931, -0.001580, 514552342.651499, 514552342.653179, 518466291.298220
-0.001814, -0.001580, 6031536404.341410, 6031536404.932644, 1887323048.016635
-0.001697, -0.001580, 120000000000.053497, 120000000000.062073, 119999999999.980652
-0.001580, -0.001580, 120000000000.055344, 120000000000.061951, 119999999999.980652
-0.001463, -0.001580, 120000000000.055252, 120000000000.061768, 119999999999.980728
-0.001345, -0.001580, 120000000000.054932, 120000000000.061829, 119999999999.980667
-0.001228, -0.001580, 120000000000.054398, 120000000000.062393, 119999999999.969406
-0.001112, -0.001580, 120000000000.053101, 120000000000.061661, 119999999999.980499
-0.000995, -0.001580, 592762974.342078, 1155571077.486592, 620690818.069330
-0.000878, -0.001580, 111928042270.068069, 31076759108.050030, 42752268903.970459
-0.000761, -0.001580, 120000000000.054657, 120000000000.062103, 119999999999.980652
-0.000644, -0.001580, 120000000000.054199, 120000000000.062271, 119999999999.980698
-0.000527, -0.001580, 120000000000.053497, 119999999999.969116, 119999999999.980606
-0.000410, -0.001580, 119999999999.960907, 120000000000.062134, 119999999999.969208
-0.000293, -0.001580, 2375680831.179417, 5172210453.376112, 2724552393.092994
-0.000176, -0.001580, 1129522610.943330, 2359803716.389920, 1194542139.968769
-0.000058, -0.001580, 119999999999.961838, 120000000000.062134, 119999999999.980576
0.000058, -0.001580, 120000000000.054108, 120000000000.061905, 119999999999.980453
0.000175, -0.001580, 120000000000.053955, 120000000000.061951, 119999999999.980652
0.000292, -0.001580, 120000000000.055740, 120000000000.062073, 119999999999.980698
0.000409, -0.001580, 120000000000.054474, 120000000000.061768, 119999999999.969299
0.000526, -0.001580, 120000000000.053375, 120000000000.061707, 119999999999.980667
0.000643, -0.001580, 120000000000.053375, 120000000000.062180, 119999999999.980652
0.000760, -0.001580, 120000000000.053055, 120000000000.062073, 119999999999.980820
0.000877, -0.001580, 120000000000.053909, 119999999999.970917, 119999999999.980728
0.000994, -0.001580, 1443915453.313813, 6716714499.076931, 1680346687.023624
0.001112, -0.001580, 120000000000.053635, 120000000000.062057, 119999999999.980728
0.001228, -0.001580, 120000000000.053635, 120000000000.062103, 119999999999.980331
0.001345, -0.001580, 120000000000.054245, 120000000000.063126, 119999999999.980652
0.001462, -0.001580, 120000000000.053925, 120000000000.061661, 119999999999.980667
0.001579, -0.001580, 119999999999.960602, 120000000000.061768, 119999999999.980667
0.001696, -0.001580, 120000000000.054321, 120000000000.060928, 119999999999.969360
0.001813, -0.001580, 1333890287.257214, 3082911429.254521, 1481826844.006350
0.001930, -0.001580, 119036121231.893448, 94388145966.394913, 113959920196.743454
0.002048, -0.001580, 120000000000.052811, 120000000000.063156, 119999999999.980698
0.002164, -0.001580, 120000000000.053833, 119999999999.969116, 119999999999.980545
0.002282, -0.001580, 120000000000.052765, 120000000000.062180, 119999999999.980576
0.002398, -0.001580, 120000000000.054031, 120000000000.062500, 119999999999.980652
0.002515, -0.001580, 120000000000.053680, 120000000000.061783, 119999999999.980728
0.002632, -0.001580, 120000000000.054047, 120000000000.063416, 119999999999.980484
0.002749, -0.001580, 119999999999.960190, 120000000000.062500, 119999999999.980576
0.002866, -0.001580, 119999999999.961945, 119999999999.970032, 119999999999.980545
0.002983, -0.001580, 1008897126.832050, 3559853481.110144, 1118264661.647000
0.003101, -0.001580, 120000000000.054474, 120000000000.062027, 119999999999.980606
0.003217, -0.001580, 120000000000.052948, 120000000000.061783, 119999999999.980698
0.003335, -0.001580, 116043794413.404633, 59526259861.840042, 87439756514.025696
0.003451, -0.001580, 120000000000.053253, 120000000000.061890, 119999999999.980652
0.003569, -0.001580, 120000000000.054520, 120000000000.062073, 119999999999.980667
0.003685, -0.001580, 587207153.057222, 730012049.023938, 603852454.807243
0.003802, -0.001580, 500000000.000099, 499999999.999742, 499999999.999987
0.003919, -0.001580, 500000000.000098, 500000000.000094, 499999999.999987
0.004037, -0.001580, 500000000.000099, 500000000.000098, 499999999.999987
0.004153, -0.001580, 500000000.000097, 500000000.000098, 499999999.999987
0.004270, -0.001580, 977992033.941283, 1481008247.880651, 1036145869.642673
0.004388, -0.001580, 119999999999.960785, 120000000000.061768, 119999999999.969177
0.004504, -0.001580, 1745710593.275569, 3225012180.770041, 1953087062.376930
0.004622, -0.001580, 540827408.846917, 606924119.403774, 553846525.945915
0.004738, -0.001580, 113842472425.500427, 55222082527.592674, 77523705972.125763
0.004856, -0.001580, 92742304023.996140, 92742304023.998825, 113007142944.092072
0.004972, -0.001580, 2515677552.437678, 1707195428.898302, 1887627641.332286
0.005090, -0.001580, 1884810677.835379, 5792781080.116082, 2191546292.294064
0.005206, -0.001580, 120000000000.054153, 120000000000.062622, 119999999999.980423
0.005324, -0.001580, 1082560923.293207, 1727881735.739423, 1158691524.403226
0.005440, -0.001580, 718260462.306746, 1208123555.360084, 739912909.632753
0.005557, -0.001580, 120000000000.053589, 120000000000.062378, 119999999999.980728
0.005675, -0.001580, 9663485023.692932, 16933695201.739239, 14416800948.680597
0.005791, -0.001580, 502072986.640522, 503610440.573672, 504326997.245935
-0.005791, -0.001463, 527107505.145429, 532249636.203580, 532635270.020845
-0.005674, -0.001463, 2460446556.380988, 1178799555.523743, 1303522845.530004
-0.005557, -0.001463, 13428876168.015478, 2727024758.025859, 3822321664.875232
-0.005441, -0.001463, 90929064247.420471, 93637847902.250626, 15718173103.847404
-0.005324, -0.001463, 120000000000.054535, 120000000000.061951, 119999999999.980667
-0.005207, -0.001463, 97120704715.597656, 75653954468.290649, 23764780584.153347
-0.005089, -0.001463, 119999999999.962128, 120000000000.062347, 119999999999.980545
-0.004972, -0.001463, 120000000000.053421, 120000000000.062195, 119999999999.980576
-0.004855, -0.001463, 7684453088.377667, 83512650687.019257, 12819428816.770853
-0.004738, -0.001463, 10067676429.167379, 3633666003.828958, 4983816803.254992
-0.004621, -0.001463, 1257426879.802375, 1306382240.574252, 1320596912.885914
-0.004504, -0.001463, 2688379612.048506, 1876466161.071809, 2334007414.771247
-0.004387, -0.001463, 8516822026.044352, 1612484401.712503, 2110011551.867958
-0.004270, -0.001463, 3294354050.238612, 1169350787.648971, 1491041906.667048
-0.004154, -0.001463, 17192116734.765751, 2759973616.986065, 3621740952.460085
-0.004036, -0.001463, 89780957945.446091, 6377965449.658564, 6878395390.986198
-0.003920, -0.001463, 47110394865.579086, 75745967361.552994, 12956747329.631527
-0.003803, -0.001463, 120000000000.054153, 120000000000.061813, 119999999999.980576
-0.003686, -0.001463, 120000000000.052902, 120000000000.061768, 119999999999.980606
-0.003569, -0.001463, 3145836257.873860, 3304617038.170007, 3452613315.951654
-0.003452, -0.001463, 6898592256.101316, 1613730029.240050, 1671661525.013347
-0.003335, -0.001463, 7245934086.639189, 51446496040.968224, 11134915762.904842
-0.003218, -0.001463, 1820282406.226389, 10192941852.615192, 2204871978.211565
-0.003101, -0.001463, 8397092881.227073, 59906416796.678490, 13975577461.100775
-0.002984, -0.001463, 6407328611.160793, 6407328611.160606, 7379662675.375877
-0.002867, -0.001463, 13871907945.143158, 1855986709.531305, 1915711302.930073
-0.002750, -0.001463, 120000000000.053375, 119999999999.968811, 119999999999.980530
-0.002633, -0.001463, 1056226591.920053, 3970006005.870650, 1179305697.374549
-0.002516, -0.001463, 120000000000.053268, 120000000000.063400, 119999999999.980652
-0.002399, -0.001463, 119999999999.960495, 120000000000.061768, 119999999999.980774
-0.002282, -0.001463, 120000000000.053375, 120000000000.062378, 119999999999.980453
-0.002165, -0.001463, 3607245114.992057, 44777008136.978859, 4003798644.140089
-0.002048, -0.001463, 568595681.293537, 563979967.692121, 571596616.636655
-0.001931, -0.001463, 709584192.200588, 1042902079.867464, 736094002.731111
-0.001814, -0.001463, 120000000000.054245, 120000000000.061859, 119999999999.980362
-0.001697, -0.001463, 120000000000.053757, 120000000000.061569, 119999999999.980362
-0.001580, -0.001463, 120000000000.054108, 119999999999.968811, 119999999999.969330
-0.001463, -0.001463, 120000000000.054031, 120000000000.061661, 119999999999.980667
-0.001345, -0.001463, 120000000000.052780, 120000000000.061905, 119999999999.980545
-0.001228, -0.001463, 119999999999.961212, 120000000000.061539, 119999999999.980545
-0.001112, -0.001463, 120000000000.054199, 120000000000.061813, 119999999999.969086
-0.000995, -0.001463, 1786667182.223797, 6103114220.122125, 1890599438.367194
-0.000878, -0.001463, 803614593.267379, 767892546.525037, 795263377.596525
-0.000761, -0.001463, 1758745457.457748, 1055495146.524874, 1135133872.754728
-0.000644, -0.001463, 7429077439.462916, 1678783468.403255, 1878557059.544275
-0.000527, -0.001463, 2359733339.451191, 1234346251.386313, 1327465959.729044
-0.000410, -0.001463, 2103198058.313422, 1057673922.612036, 1116103685.501161
-0.000293, -0.001463, 768176271.973666, 764497868.947928, 787405928.770224
-0.000176, -0.001463, 53431459862.524765, 54444797808.975746, 5493215285.181753
-0.000058, -0.001463, 120000000000.054245, 119999999999.968842, 119999999999.980621
0.000058, -0.001463, 120000000000.054077, 120000000000.062271, 119999999999.969208
0.000175, -0.001463, 3116637194.392528, 1691202498.151985, 1684137205.489095
0.000292, -0.001463, 82637000399.677933, 8694316648.506060, 10309014467.841408
0.000409, -0.001463, 119999999999.961273, 120000000000.062180, 119999999999.980621
0.000526, -0.001463, 4146724973.149737, 4146724973.149708, 4612364885.539364
0.000643, -0.001463, 13921611914.702055, 1960619953.494347, 2091440274.137478
0.000760, -0.001463, 120000000000.053864, 120000000000.062515, 119999999999.969284
0.000877, -0.001463, 119999999999.962128, 120000000000.062195, 119999999999.980621
0.000994, -0.001463, 1440403784.018181, 4889195975.035760, 1641827103.130618
0.001112, -0.001463, 120000000000.053955, 120000000000.061646, 119999999999.980576
0.001228, -0.001463, 120000000000.054520, 120000000000.062149, 119999999999.980606
0.001345, -0.001463, 120000000000.054489, 120000000000.061981, 119999999999.980545
0.001462, -0.001463, 120000000000.055084, 119999999999.969406, 119999999999.980530
0.001579, -0.001463, 119999999999.962067, 120000000000.062302, 119999999999.980652
0.001696, -0.001463, 119999999999.961060, 120000000000.061813, 119999999999.980789
0.001813, -0.001463, 5464929254.786094, 59478682685.849174, 6199455719.294347
0.001930, -0.001463, 1533934196.234553, 1394110741.469050, 1532463852.667597
0.002048, -0.001463, 18915176744.647213, 3601714642.969187, 4347196109.985173
0.002164, -0.001463, 18915176744.647102, 3601714642.969189, 4347196109.985173
0.002282, -0.001463, 18915176744.647152, 3601714642.969187, 4347196109.985173
0.002398, -0.001463, 92334358538.907455, 4867546303.400189, 5953521897.112514
0.002515, -0.001463, 119999999999.961456, 120000000000.061462, 119999999999.980576
0.002632, -0.001463, 119999999999.961304, 120000000000.062317, 119999999999.980652
0.002749, -0.001463, 119999999999.959915, 120000000000.062439, 119999999999.980530
0.002866, -0.001463, 120000000000.052765, 120000000000.063614, 119999999999.980530
0.002983, -0.001463, 1008897126.831203, 3559853481.110160, 1118264661.647208
0.003101, -0.001463, 120000000000.053635, 120000000000.061890, 119999999999.980698
0.003217, -0.001463, 119988242351.854874, 119989018354.887543, 119990309418.957001
0.003335, -0.001463, 824405409.183381, 795799141.189926, 784475833.785293
0.003451, -0.001463, 58380419624.772095, 55209498574.665840, 5608955689.498789
0.003569, -0.001463, 119999999999.963013, 120000000000.063538, 119999999999.980652
0.003685, -0.001463, 587207153.057218, 730012049.023298, 603852454.807245
0.003802, -0.001463, 500000000.000104, 500000000.000113, 499999999.999987
0.003919, -0.001463, 500000000.000105, 500000000.000097, 499999999.999987
0.004037, -0.001463, 500000000.000101, 500000000.000099, 499999999.999988
0.004153, -0.001463, 500000000.000098, 500000000.000102, 499999999.999987
0.004270, -0.001463, 528452306.452704, 533236216.197942, 533655188.651043
0.004388, -0.001463, 1465098672.008222, 873408957.679172, 920029615.181978
0.004504, -0.001463, 589234580.879246, 579710142.682068, 586414343.943886
0.004622, -0.001463, 500000000.000097, 500000000.000096, 499999999.999987
0.004738, -0.001463, 769329469.433151, 711252892.865124, 737328546.725221
0.004856, -0.001463, 853593764.432104, 737320746.359565, 767854410.613868
0.004972, -0.001463, 599015165.412665, 599015165.419385, 608432744.157642
0.005090, -0.001463, 2123624445.778347, 1547318295.787545, 1361324968.361282
0.005206, -0.001463, 1388779443.528762, 916359566.285129, 967806674.561995
0.005324, -0.001463, 556008441.020493, 555589925.125301, 560572091.186629
0.005440, -0.001463, 4736702806.984012, 27142241866.089161, 2404945959.311554
0.005557, -0.001463, 3956173789.111950, 4469037053.423049, 4503322551.222244
0.005675, -0.001463, 712657135.516739, 664170401.418943, 684257735.452900
0.005791, -0.001463, 500000000.000097, 500000000.000098, 499999999.999987
-0.005791, -0.001345, 601003182.411289, 768093118.386705, 619267618.535283
-0.005674, -0.001345, 120000000000.053955, 119999999999.968918, 119999999999.980576
-0.005557, -0.001345, 120000000000.055267, 119999999999.968674, 119999999999.980728
-0.005441, -0.001345, 120000000000.055344, 120000000000.061584, 119999999999.980499
-0.005324, -0.001345, 119999999999.960968, 120000000000.062225, 119999999999.980698
-0.005207, -0.001345, 97331057719.881805, 71784116213.493332, 23451070670.970726
-0.005089, -0.001345, 120000000000.053223, 120000000000.062302, 119999999999.980499
-0.004972, -0.001345, 120000000000.054047, 120000000000.061951, 119999999999.980652
-0.004855, -0.001345, 36633337956.866890, 15053410935.117235, 12812850817.192804
-0.004738, -0.001345, 33152244515.287212, 15574352888.847404, 12888671916.504625
-0.004621, -0.001345, 2826156160.411460, 4337131327.120888, 2954637275.067114
-0.004504, -0.001345, 1322891708.174878, 1187409914.090686, 1296222295.696451
-0.004387, -0.001345, 27140228129.502819, 2096399536.867801, 2933380986.930996
-0.004270, -0.001345, 58688347349.643982, 7673178938.513167, 9757957118.023817
-0.004154, -0.001345, 120000000000.053375, 120000000000.061890, 119999999999.969254
-0.004036, -0.001345, 120000000000.055130, 120000000000.062271, 119999999999.980576
-0.003920, -0.001345, 120000000000.052521, 120000000000.062103, 119999999999.980576
-0.003803, -0.001345, 116496161166.405869, 62766770670.837204, 91288469914.743744
-0.003686, -0.001345, 120000000000.054047, 120000000000.061859, 119999999999.969238
-0.003569, -0.001345, 4465026200.795200, 47926317526.177635, 4989676305.078200
-0.003452, -0.001345, 15379945070.238914, 7614002409.002475, 2162051748.002904
-0.003335, -0.001345, 7245934086.639194, 51446496040.968597, 11134915762.905645
-0.003218, -0.001345, 1820282406.226273, 10192941852.615189, 2204871978.211720
-0.003101, -0.001345, 8397092881.232199, 59906416796.678490, 13975577461.100958
-0.002984, -0.001345, 4222844533.305455, 50931123489.554726, 4732385503.524679
-0.002867, -0.001345, 5999155118.505041, 1968313406.981040, 1468122291.020496
-0.002750, -0.001345, 119999999999.961472, 120000000000.061737, 119999999999.969360
-0.002633, -0.001345, 1056226591.918493, 3970006005.870277, 1179305697.374609
-0.002516, -0.001345, 120000000000.053543, 119999999999.968506, 119999999999.980652
-0.002399, -0.001345, 119999999999.963089, 120000000000.062683, 119999999999.980728
-0.002282, -0.001345, 35193805847.202492, 5028320141.548965, 5415893987.648785
-0.002165, -0.001345, 119460479165.635529, 107786772239.764771, 118427323501.547653
-0.002048, -0.001345, 3566913458.381345, 34945778557.481087, 3924619195.797469
-0.001931, -0.001345, 711389369.071925, 789134862.065582, 738058640.060889
-0.001814, -0.001345, 18195421964.846306, 3818074244.922106, 4785457162.824151
-0.001697, -0.001345, 2163809704.251809, 1444524423.588627, 1551000109.179815
-0.001580, -0.001345, 11013504700.415737, 2130888175.286493, 2689665167.007199
-0.001463, -0.001345, 8613332257.600185, 1824043073.347835, 2041109859.147907
-0.001345, -0.001345, 120000000000.054199, 120000000000.062256, 119999999999.980576
-0.001228, -0.001345, 119999999999.962402, 119999999999.969162, 119999999999.980728
-0.001112, -0.001345, 120000000000.054321, 120000000000.061859, 119999999999.980728
-0.000995, -0.001345, 119999999999.963379, 120000000000.062378, 119999999999.980743
-0.000878, -0.001345, 85722834707.645599, 23322472732.867641, 38286604783.555061
-0.000761, -0.001345, 113667257418.728333, 20983738516.285233, 36689941664.342743
-0.000644, -0.001345, 120000000000.053253, 120000000000.062195, 119999999999.980545
-0.000527, -0.001345, 88237927134.157761, 109944342053.201859, 83728075818.997314
-0.000410, -0.001345, 85098203917.991196, 13523324269.862331, 30749766961.965286
-0.000293, -0.001345, 116292441319.455521, 62694091641.433357, 53633390280.276421
-0.000176, -0.001345, 120000000000.053268, 120000000000.062515, 119999999999.980545
-0.000058, -0.001345, 120000000000.054474, 120000000000.062180, 119999999999.980698
0.000058, -0.001345, 120000000000.054123, 120000000000.062988, 119999999999.980652
0.000175, -0.001345, 2327548191.031175, 1498929895.282983, 1402681916.660531
0.000292, -0.001345, 66450033851.783890, 70984981148.063889, 7187037916.605909
0.000409, -0.001345, 120000000000.053864, 120000000000.062378, 119999999999.980545
0.000526, -0.001345, 3234904233.460843, 32979907464.276546, 3549146064.404974
0.000643, -0.001345, 7853993079.849092, 4293154725.449411, 1738435611.014676
0.000760, -0.001345, 120000000000.054291, 120000000000.062027, 119999999999.980774
0.000877, -0.001345, 120000000000.052902, 119999999999.968796, 119999999999.980576
0.000994, -0.001345, 3478842046.134046, 8478544286.448271, 3117140889.164789
0.001112, -0.001345, 10600654495.025883, 1794057191.132248, 2173798556.091923
0.001228, -0.001345, 10600654495.026310, 1794057191.132316, 2173798556.091896
0.001345, -0.001345, 3504946569.775578, 1484738697.488327, 1662001881.210332
0.001462, -0.001345, 114805819818.102798, 118627919016.269638, 118649357400.893845
0.001579, -0.001345, 119999999999.960663, 120000000000.062347, 119999999999.980820
0.001696, -0.001345, 120000000000.054245, 120000000000.062149, 119999999999.980606
0.001813, -0.001345, 120000000000.052948, 119999999999.969543, 119999999999.980652
0.001930, -0.001345, 8150823941.585662, 59724967918.641426, 7365793860.731427
0.002048, -0.001345, 6484386698.415082, 1958976431.259797, 2158833302.044714
0.002164, -0.001345, 6484386698.415071, 1958976431.262453, 2158833302.044385
0.002282, -0.001345, 6484386698.415112, 1958976431.263119, 2158833302.044534
0.002398, -0.001345, 1837725864.198076, 1433177242.561074, 1538520703.333148
0.002515, -0.001345, 4093783956.427016, 1757383332.500299, 1913030771.747583
0.002632, -0.001345, 119999999999.961212, 120000000000.061951, 119999999999.980652
0.002749, -0.001345, 120000000000.054245, 120000000000.061829, 119999999999.969254
0.002866, -0.001345, 120000000000.054535, 120000000000.061890, 119999999999.980484
0.002983, -0.001345, 1008897126.831015, 3559853481.110177, 1118264661.646989
0.003101, -0.001345, 120000000000.053741, 120000000000.062073, 119999999999.969177
0.003217, -0.001345, 120000000000.054489, 120000000000.061813, 119999999999.980499
0.003335, -0.001345, 74865253327.237839, 79282956931.190567, 10322201465.274981
0.003451, -0.001345, 120000000000.054352, 120000000000.061707, 119999999999.980362
0.003569, -0.001345, 120000000000.053589, 120000000000.063354, 119999999999.980698
0.003685, -0.001345, 587207153.057218, 730012049.023989, 603852454.807243
0.003802, -0.001345, 500000000.000100, 500000000.000105, 499999999.999987
0.003919, -0.001345, 500000000.000100, 500000000.000093, 499999999.999988
0.004037, -0.001345, 500000000.000098, 500000000.000107, 499999999.999988
0.004153, -0.001345, 500000000.000102, 500000000.000111, 499999999.999987
0.004270, -0.001345, 500000000.000097, 500000000.000099, 499999999.999987
0.004388, -0.001345, 500000000.000097, 500000000.000112, 499999999.999988
0.004504, -0.001345, 500000000.000098, 500000000.000109, 499999999.999988
0.004622, -0.001345, 500000000.000099, 499999999.999738, 499999999.999987
0.004738, -0.001345, 500000000.000093, 500000000.000110, 499999999.999987
0.004856, -0.001345, 599015165.412730, 599015165.419384, 608432744.157633
0.004972, -0.001345, 1271818753.273130, 1271818753.272514, 1103601425.616490
0.005090, -0.001345, 550103112.619752, 547351240.663809, 555667478.566133
0.005206, -0.001345, 1141252134.276666, 784794036.341506, 820636825.376809
0.005324, -0.001345, 662187758.795304, 791738486.460578, 687495419.792648
0.005440, -0.001345, 53807185930.708893, 40956147127.410469, 65573492385.285500
0.005557, -0.001345, 678506623.181424, 751945860.290055, 709969365.944056
0.005675, -0.001345, 500000000.000099, 500000000.000102, 499999999.999987
0.005791, -0.001345, 500000000.000100, 500000000.000099, 499999999.999988
-0.005791, -0.001228, 601003182.411079, 768093118.386746, 619267618.535356
-0.005674, -0.001228, 120000000000.054489, 119999999999.969116, 119999999999.969238
-0.005557, -0.001228, 3094918377.846220, 1594609159.236804, 1570684279.567101
-0.005441, -0.001228, 84777359046.220078, 9164801128.078423, 10930187309.748409
-0.005324, -0.001228, 50241910172.278603, 78793857824.085083, 23711410434.927364
-0.005207, -0.001228, 120000000000.054642, 120000000000.062180, 119999999999.969376
-0.005089, -0.001228, 46420656941.692810, 71485455327.082336, 23562573291.847523
-0.004972, -0.001228, 9276859923.161610, 21486889506.364021, 10865058419.916222
-0.004855, -0.001228, 118711443177.361282, 119182084519.733658, 119364676331.921722
-0.004738, -0.001228, 51441048945.208992, 111900729822.040527, 76553450902.539215
-0.004621, -0.001228, 89617119347.570923, 51039631692.805000, 56213938655.264557
-0.004504, -0.001228, 2311605966.078751, 14823178386.505213, 2950508770.922247
-0.004387, -0.001228, 120000000000.053299, 119999999999.968918, 119999999999.980667
-0.004270, -0.001228, 3938805696.991067, 33430422155.130760, 5975778227.332417
-0.004154, -0.001228, 120000000000.053711, 120000000000.061890, 119999999999.980499
-0.004036, -0.001228, 120000000000.054153, 120000000000.062225, 119999999999.969254
-0.003920, -0.001228, 57696726753.213684, 115964285111.275955, 85281133607.901672
-0.003803, -0.001228, 750081681.115795, 751677969.769227, 735211419.346904
-0.003686, -0.001228, 85791776847.699280, 80718765896.315704, 10641765023.350258
-0.003569, -0.001228, 119999999999.960815, 120000000000.062073, 119999999999.980453
-0.003452, -0.001228, 120000000000.054153, 120000000000.061935, 119999999999.980667
-0.003335, -0.001228, 7245934086.639191, 51446496040.968437, 11134915762.905005
-0.003218, -0.001228, 1820282406.225387, 10192941852.615185, 2204871978.211679
-0.003101, -0.001228, 8397092881.232531, 59906416796.678581, 13975577461.100878
-0.002984, -0.001228, 120000000000.052582, 120000000000.063370, 119999999999.980698
-0.002867, -0.001228, 120000000000.053589, 120000000000.062149, 119999999999.980621
-0.002750, -0.001228, 120000000000.053864, 120000000000.063614, 119999999999.980652
-0.002633, -0.001228, 1056226591.920080, 3970006005.870492, 1179305697.374695
-0.002516, -0.001228, 119999999999.961090, 119999999999.969177, 119999999999.980499
-0.002399, -0.001228, 120000000000.053375, 120000000000.062180, 119999999999.980423
-0.002282, -0.001228, 891781557.701423, 876317390.236102, 862274864.954202
-0.002165, -0.001228, 18400461550.110683, 61447441417.545654, 5143130933.128067
-0.002048, -0.001228, 120000000000.054565, 120000000000.063156, 119999999999.980667
-0.001931, -0.001228, 17695231566.409698, 37266443804.467010, 8789377844.916233
-0.001814, -0.001228, 17230857496.725632, 3405735578.897036, 4067346002.345508
-0.001697, -0.001228, 104049579709.093658, 69548507657.120697, 12487683711.520424
-0.001580, -0.001228, 120000000000.053925, 120000000000.062180, 119999999999.980728
-0.001463, -0.001228, 2156447531.836681, 11581817776.315472, 2458660865.509367
-0.001345, -0.001228, 4016018289.685637, 4991797363.448686, 2762904069.551747
-0.001228, -0.001228, 120000000000.053513, 119999999999.969086, 119999999999.980667
-0.001112, -0.001228, 120000000000.052444, 120000000000.061905, 119999999999.980606
-0.000995, -0.001228, 120000000000.053146, 120000000000.062027, 119999999999.980621
-0.000878, -0.001228, 120000000000.053055, 120000000000.061905, 119999999999.980606
-0.000761, -0.001228, 120000000000.055267, 120000000000.062271, 119999999999.969238
-0.000644, -0.001228, 120000000000.053070, 120000000000.062180, 119999999999.980667
-0.000527, -0.001228, 120000000000.054932, 120000000000.061813, 119999999999.980728
-0.000410, -0.001228, 120000000000.053131, 119999999999.969177, 119999999999.980652
-0.000293, -0.001228, 120000000000.054047, 119999999999.968964, 119999999999.980728
-0.000176, -0.001228, 119999999999.960495, 120000000000.062134, 119999999999.980698
-0.000058, -0.001228, 120000000000.054047, 120000000000.063049, 119999999999.980728
0.000058, -0.001228, 120000000000.053391, 119999999999.968811, 119999999999.980667
0.000175, -0.001228, 119999999999.962814, 120000000000.062469, 119999999999.980530
0.000292, -0.001228, 120000000000.053879, 120000000000.062393, 119999999999.980820
0.000409, -0.001228, 119999999999.960724, 120000000000.062515, 119999999999.980621
0.000526, -0.001228, 120000000000.054474, 120000000000.063522, 119999999999.980728
0.000643, -0.001228, 120000000000.054474, 120000000000.061707, 119999999999.969040
0.000760, -0.001228, 120000000000.053635, 120000000000.061905, 119999999999.980408
0.000877, -0.001228, 120000000000.054886, 120000000000.061737, 119999999999.969177
0.000994, -0.001228, 120000000000.054276, 120000000000.061691, 119999999999.969177
0.001112, -0.001228, 120000000000.054001, 120000000000.062317, 119999999999.980820
0.001228, -0.001228, 120000000000.055344, 120000000000.061768, 119999999999.980667
0.001345, -0.001228, 1967246234.976845, 6577584852.323519, 2177966182.910048
0.001462, -0.001228, 109139660636.440430, 118293992934.500916, 117037622692.087494
0.001579, -0.001228, 119999999999.961151, 119999999999.968552, 119999999999.980545
0.001696, -0.001228, 120000000000.053711, 120000000000.061890, 119999999999.980728
0.001813, -0.001228, 120000000000.053986, 120000000000.061890, 119999999999.980545
0.001930, -0.001228, 120000000000.053146, 120000000000.061523, 119999999999.980774
0.002048, -0.001228, 120000000000.053635, 120000000000.061768, 119999999999.980820
0.002164, -0.001228, 120000000000.054733, 120000000000.061829, 119999999999.980530
0.002282, -0.001228, 120000000000.053543, 119999999999.968842, 119999999999.980698
0.002398, -0.001228, 120000000000.053421, 120000000000.062027, 119999999999.980576
0.002515, -0.001228, 1801212918.388520, 6241151936.604702, 2006490011.071264
0.002632, -0.001228, 7365087101.445810, 17599371091.843601, 5654668905.725317
0.002749, -0.001228, 119999999999.962326, 120000000000.062073, 119999999999.980530
0.002866, -0.001228, 119999999999.960968, 119999999999.968887, 119999999999.969238
0.002983, -0.001228, 1008897126.831254, 3559853481.110124, 1118264661.646945
0.003101, -0.001228, 120000000000.053146, 120000000000.062195, 119999999999.980789
0.003217, -0.001228, 120000000000.054932, 120000000000.062134, 119999999999.980530
0.003335, -0.001228, 119999999999.961700, 120000000000.063522, 119999999999.980743
0.003451, -0.001228, 120000000000.053436, 120000000000.062271, 119999999999.980728
0.003569, -0.001228, 120000000000.054108, 120000000000.062027, 119999999999.980576
0.003685, -0.001228, 587207153.057219, 730012049.023938, 603852454.807244
0.003802, -0.001228, 500000000.000098, 500000000.000113, 499999999.999987
0.003919, -0.001228, 500000000.000101, 500000000.000112, 499999999.999987
0.004037, -0.001228, 500000000.000103, 500000000.000099, 499999999.999987
0.004153, -0.001228, 500000000.000096, 500000000.000100, 499999999.999987
0.004270, -0.001228, 500000000.000104, 500000000.000099, 499999999.999987
0.004388, -0.001228, 500000000.000098, 500000000.000109, 499999999.999988
0.004504, -0.001228, 500000000.000098, 500000000.000109, 499999999.999988
0.004622, -0.001228, 500000000.000100, 500000000.000106, 499999999.999987
0.004738, -0.001228, 500000000.000100, 500000000.000097, 499999999.999987
0.004856, -0.001228, 1063127037.996612, 3088940835.626210, 1172770443.507866
0.004972, -0.001228, 502972102.992302, 502972102.992284, 503927684.315099
0.005090, -0.001228, 1380030470.111273, 4013268901.624590, 1496924106.916504
0.005206, -0.001228, 120000000000.054153, 119999999999.970520, 119999999999.980667
0.005324, -0.001228, 1052534251.497488, 2265813814.209547, 1124805424.619572
0.005440, -0.001228, 575938696.413595, 534932346.232280, 547025855.904731
0.005557, -0.001228, 500000000.000098, 500000000.000107, 499999999.999987
0.005675, -0.001228, 500000000.000097, 500000000.000098, 499999999.999987
0.005791, -0.001228, 500000000.000094, 500000000.000098, 499999999.999987
-0.005791, -0.001112, 601003182.411302, 768093118.386754, 619267618.535285
-0.005674, -0.001112, 119999767978.716141, 119999768328.396667, 119999769153.048019
-0.005557, -0.001112, 2655482479.811547, 1532488501.430258, 1431147465.640164
-0.005441, -0.001112, 77157556580.217712, 79028347628.965607, 9051064029.462656
-0.005324, -0.001112, 119892549688.558334, 119916677347.890335, 119933325096.389145
-0.005207, -0.001112, 90773474450.564423, 22290115080.092766, 25506753022.393921
-0.005089, -0.001112, 119890890534.346390, 119915936430.126770, 119933085090.577469
-0.004972, -0.001112, 3401335938.588490, 19144275245.334587, 4875556705.868071
-0.004855, -0.001112, 42938441132.726723, 33626659470.646427, 47095928729.076965
-0.004738, -0.001112, 58333661460.075096, 18037281709.969978, 19665199946.069939
-0.004621, -0.001112, 6685950104.906097, 12873480727.891792, 6772724260.839926
-0.004504, -0.001112, 34770395647.858582, 74168024323.412811, 6946870387.255598
-0.004387, -0.001112, 13043109815.767382, 6560034225.880717, 9483117277.983648
-0.004270, -0.001112, 7342954146.380164, 17397039544.036236, 6046415018.468187
-0.004154, -0.001112, 119999999999.961349, 120000000000.063354, 119999999999.980652
-0.004036, -0.001112, 120000000000.053177, 120000000000.062271, 119999999999.980667
-0.003920, -0.001112, 120000000000.053635, 120000000000.062515, 119999999999.980621
-0.003803, -0.001112, 79359844620.192139, 84480383642.763092, 10127277400.899973
-0.003686, -0.001112, 120000000000.053070, 120000000000.062302, 119999999999.980728
-0.003569, -0.001112, 51436797961.359718, 4418006153.665956, 4737959803.147292
-0.003452, -0.001112, 120000000000.054840, 119999999999.970352, 119999999999.980255
-0.003335, -0.001112, 7245934086.639189, 51446496040.968132, 11134915762.905111
-0.003218, -0.001112, 1820282406.225804, 10192941852.615189, 2204871978.211398
-0.003101, -0.001112, 8397092881.226998, 59906416796.678596, 13975577461.100912
-0.002984, -0.001112, 61113177980.729424, 61113177980.731277, 85183563490.738831
-0.002867, -0.001112, 105936942168.547577, 17267092971.394650, 21248837053.230915
-0.002750, -0.001112, 120000000000.054733, 120000000000.062195, 119999999999.980728
-0.002633, -0.001112, 1056226591.919470, 3970006005.870660, 1179305697.374624
-0.002516, -0.001112, 120000000000.054077, 120000000000.061951, 119999999999.980728
-0.002399, -0.001112, 120000000000.052887, 120000000000.062180, 119999999999.980728
-0.002282, -0.001112, 119999076863.763565, 119999078723.597946, 119999088602.179047
-0.002165, -0.001112, 120000000000.052368, 119999999999.970749, 119999999999.980530
-0.002048, -0.001112, 120000000000.054535, 119999999999.970184, 119999999999.969299
-0.001931, -0.001112, 120000000000.053024, 120000000000.062347, 119999999999.980545
-0.001814, -0.001112, 119999999999.960785, 120000000000.062347, 119999999999.980652
-0.001697, -0.001112, 120000000000.054718, 120000000000.063324, 119999999999.980667
-0.001580, -0.001112, 120000000000.053955, 120000000000.061905, 119999999999.980789
-0.001463, -0.001112, 50242325327.086502, 117501874033.425369, 71740968568.012268
-0.001345, -0.001112, 1398221787.056346, 1458816555.943386, 1546758617.475364
-0.001228, -0.001112, 84514920255.720734, 9124426374.133091, 10877322268.433926
-0.001112, -0.001112, 120000000000.053345, 120000000000.061859, 119999999999.980621
-0.000995, -0.001112, 120000000000.053299, 120000000000.061859, 119999999999.969284
-0.000878, -0.001112, 120000000000.054611, 120000000000.061646, 119999999999.980652
-0.000761, -0.001112, 120000000000.054657, 120000000000.062180, 119999999999.980728
-0.000644, -0.001112, 29331867976.229797, 13163178495.328426, 15442995279.793676
-0.000527, -0.001112, 117712399905.828049, 69423145445.497528, 94847598983.601532
-0.000410, -0.001112, 120000000000.054108, 120000000000.061890, 119999999999.980545
-0.000293, -0.001112, 120000000000.053268, 120000000000.063492, 119999999999.980652
-0.000176, -0.001112, 96586167073.647507, 12520102205.342402, 15383532090.719059
-0.000058, -0.001112, 120000000000.053055, 120000000000.062317, 119999999999.980606
0.000058, -0.001112, 120000000000.053375, 120000000000.062149, 119999999999.969208
0.000175, -0.001112, 86483805327.172836, 12520102205.342720, 15383532090.718960
0.000292, -0.001112, 119999999999.961945, 120000000000.061707, 119999999999.980652
0.000409, -0.001112, 120000000000.054352, 119999999999.968994, 119999999999.980545
0.000526, -0.001112, 69423145445.497162, 69423145445.499191, 94847598983.601212
0.000643, -0.001112, 100498184973.501785, 13163178495.328985, 15442995279.793636
0.000760, -0.001112, 120000000000.054657, 120000000000.062134, 119999999999.980743
0.000877, -0.001112, 120000000000.054474, 119999999999.969742, 119999999999.980484
0.000994, -0.001112, 92998747638.065689, 12631949686.461964, 15502921045.355219
0.001112, -0.001112, 120000000000.054718, 120000000000.061783, 119999999999.980743
0.001228, -0.001112, 120000000000.053268, 120000000000.062744, 119999999999.980667
0.001345, -0.001112, 1967246234.976845, 6577584852.323555, 2177966182.909896
0.001462, -0.001112, 116577448424.270370, 118810395667.391891, 118469644768.531311
0.001579, -0.001112, 120000000000.055099, 120000000000.061813, 119999999999.980530
0.001696, -0.001112, 120000000000.053146, 120000000000.061813, 119999999999.969208
0.001813, -0.001112, 95195324426.706482, 12695597539.653561, 15578247409.009958
0.001930, -0.001112, 120000000000.054321, 120000000000.062302, 119999999999.980545
0.002048, -0.001112, 120000000000.053558, 120000000000.061737, 119999999999.969040
0.002164, -0.001112, 64582458207.625755, 12616806901.742678, 15413251679.107054
0.002282, -0.001112, 119818092915.855530, 117895885598.664429, 119833040437.839127
0.002398, -0.001112, 119999999999.960236, 120000000000.062668, 119999999999.980484
0.002515, -0.001112, 6361966385.307460, 43997396905.002441, 9185440042.861240
0.002632, -0.001112, 3424860351.407012, 17468856455.654381, 4105355355.738476
0.002749, -0.001112, 120000000000.053543, 120000000000.062271, 119999999999.980728
0.002866, -0.001112, 120000000000.054352, 120000000000.061951, 119999999999.980820
0.002983, -0.001112, 1008897126.832079, 3559853481.110087, 1118264661.646999
0.003101, -0.001112, 120000000000.054047, 120000000000.064423, 119999999999.980530
0.003217, -0.001112, 119999999999.961014, 120000000000.062668, 119999999999.980408
0.003335, -0.001112, 105764176067.808029, 22325016068.604679, 30311652874.474426
0.003451, -0.001112, 120000000000.053314, 120000000000.061813, 119999999999.969009
0.003569, -0.001112, 120000000000.053757, 120000000000.062027, 119999999999.980606
0.003685, -0.001112, 587207153.057219, 730012049.023482, 603852454.807245
0.003802, -0.001112, 500000000.000098, 500000000.000101, 499999999.999988
0.003919, -0.001112, 500000000.000096, 500000000.000110, 499999999.999987
0.004037, -0.001112, 500000000.000104, 500000000.000109, 499999999.999987
0.004153, -0.001112, 500000000.000102, 500000000.000100, 499999999.999987
0.004270, -0.001112, 500000000.000102, 500000000.000098, 499999999.999987
0.004388, -0.001112, 500000000.000099, 500000000.000111, 499999999.999987
0.004504, -0.001112, 500000000.000105, 500000000.000104, 499999999.999987
0.004622, -0.001112, 500000000.000101, 500000000.000107, 499999999.999988
0.004738, -0.001112, 582242976.952412, 610341336.441250, 597044931.843298
0.004856, -0.001112, 8036415104.369579, 83416367609.278687, 5954223232.303823
0.004972, -0.001112, 559312439.908089, 579708768.076308, 569814160.111126
0.005090, -0.001112, 796800279.686281, 840960143.499571, 820827558.871853
0.005206, -0.001112, 9592186233.905954, 3221100547.363962, 3952318672.632664
0.005324, -0.001112, 696691783.959838, 729871335.620494, 714441773.774957
0.005440, -0.001112, 500000000.000097, 500000000.000109, 499999999.999987
0.005557, -0.001112, 500000000.000101, 500000000.000095, 499999999.999987
0.005675, -0.001112, 500000000.000098, 500000000.000109, 499999999.999987
0.005791, -0.001112, 500000000.000099, 500000000.000112, 499999999.999987
-0.005791, -0.000995, 578671528.783140, 682039878.116083, 593911074.871748
-0.005674, -0.000995, 13168544510.131327, 2856840848.500791, 3320635343.623447
-0.005557, -0.000995, 98624964738.928940, 5643067011.894285, 7202908289.361027
-0.005441, -0.000995, 120000000000.055023, 120000000000.062347, 119999999999.980728
-0.005324, -0.000995, 120000000000.053833, 120000000000.062271, 119999999999.980453
-0.005207, -0.000995, 96450166814.654770, 15645512757.429991, 17985127950.049503
-0.005089, -0.000995, 120000000000.053589, 119999999999.970673, 119999999999.980652
-0.004972, -0.000995, 13948814357.270840, 83928236090.428223, 15038786373.437204
-0.004855, -0.000995, 18730105575.244106, 2775130596.096853, 4068017635.011028
-0.004738, -0.000995, 108434320774.520676, 12424882214.876886, 16069653251.140095
-0.004621, -0.000995, 6809482825.821343, 73302132127.949661, 11612081097.740913
-0.004504, -0.000995, 21909416499.932480, 3974514545.559334, 5582638059.602255
-0.004387, -0.000995, 7155414362.875309, 12242117353.457867, 6412091165.179706
-0.004270, -0.000995, 120000000000.054291, 120000000000.062027, 119999999999.980743
-0.004154, -0.000995, 120000000000.055084, 120000000000.063354, 119999999999.980545
-0.004036, -0.000995, 48117008905.043182, 33294449362.616207, 52475378124.944519
-0.003920, -0.000995, 109546703225.436218, 17994863684.907322, 22853361664.232250
-0.003803, -0.000995, 120000000000.053101, 119999999999.969116, 119999999999.980743
-0.003686, -0.000995, 23550950353.468742, 107870995654.926682, 32281209495.432850
-0.003569, -0.000995, 803462569.664278, 781387299.546215, 788366207.246221
-0.003452, -0.000995, 99619045964.349899, 102129059395.057343, 21258403027.888786
-0.003335, -0.000995, 7245934086.639194, 51446496040.967911, 11134915762.905033
-0.003218, -0.000995, 1820282406.225709, 10192941852.615192, 2204871978.211713
-0.003101, -0.000995, 8397092881.231337, 59906416796.678535, 13975577461.100428
-0.002984, -0.000995, 1867475486.518699, 12453037425.159277, 1824809745.911669
-0.002867, -0.000995, 1201672872.442076, 2772554651.295900, 1106467412.790016
-0.002750, -0.000995, 120000000000.053680, 120000000000.061813, 119999999999.969208
-0.002633, -0.000995, 1056226591.920154, 3970006005.870566, 1179305697.374616
-0.002516, -0.000995, 120000000000.054153, 119999999999.969330, 119999999999.980667
-0.002399, -0.000995, 119999999999.960907, 120000000000.061523, 119999999999.980652
-0.002282, -0.000995, 120000000000.054489, 119999999999.969299, 119999999999.980743
-0.002165, -0.000995, 8404723316.403280, 8111249938.209039, 9576057665.584688
-0.002048, -0.000995, 4748523349.726149, 1647310192.654320, 1793726685.128582
-0.001931, -0.000995, 25128918510.997486, 1896878495.275177, 2060559098.646817
-0.001814, -0.000995, 118768543865.099426, 88913127940.024475, 110787567932.976944
-0.001697, -0.000995, 120000000000.053009, 120000000000.062103, 119999999999.980331
-0.001580, -0.000995, 120000000000.055084, 120000000000.062180, 119999999999.980621
-0.001463, -0.000995, 119999999999.960480, 120000000000.061523, 119999999999.980774
-0.001345, -0.000995, 44722577935.808525, 115057954594.455139, 63017553228.807220
-0.001228, -0.000995, 2914422346.347749, 1454511599.495184, 1618615172.159769
-0.001112, -0.000995, 2107068309.587732, 1363762458.243864, 1504811322.694981
-0.000995, -0.000995, 119484599064.220276, 108255585344.082535, 118552143953.458572
-0.000878, -0.000995, 120000000000.052948, 120000000000.062073, 119999999999.980652
-0.000761, -0.000995, 120000000000.053986, 120000000000.062180, 119999999999.980728
-0.000644, -0.000995, 1102543721.996477, 2171037429.248360, 1020637986.710838
-0.000527, -0.000995, 3103493281.545548, 19530608858.777523, 2116683547.446189
-0.000410, -0.000995, 120000000000.054153, 119999999999.969086, 119999999999.980499
-0.000293, -0.000995, 4287972388.189925, 52377638809.454102, 4583935957.511476
-0.000176, -0.000995, 792786554.925477, 814992816.591698, 797834472.533927
-0.000058, -0.000995, 120000000000.053146, 120000000000.062424, 119999999999.980530
0.000058, -0.000995, 120000000000.055222, 120000000000.062103, 119999999999.980728
0.000175, -0.000995, 851198772.224739, 814992816.460577, 797834472.529874
0.000292, -0.000995, 51076165997.593254, 52377638809.824135, 4583935957.511685
0.000409, -0.000995, 120000000000.054657, 120000000000.061935, 119999999999.980728
0.000526, -0.000995, 2130042004.249655, 19530608857.953819, 2116683547.392684
0.000643, -0.000995, 1090999673.508193, 2171037429.520302, 1020637986.733387
0.000760, -0.000995, 120000000000.053146, 119999999999.968933, 119999999999.980621
0.000877, -0.000995, 33478997688.550251, 111508525253.814072, 48594138103.804314
0.000994, -0.000995, 722233651.765723, 708528574.244259, 709181557.977475
0.001112, -0.000995, 96470776378.775757, 94386209267.275925, 15502921045.355286
0.001228, -0.000995, 120000000000.053864, 120000000000.062180, 119999999999.980652
0.001345, -0.000995, 1967246234.976846, 6577584852.323555, 2177966182.909767
0.001462, -0.000995, 116577448424.269913, 118810395667.390015, 118469644768.531097
0.001579, -0.000995, 120000000000.054276, 120000000000.062027, 119999999999.980408
0.001696, -0.000995, 7510488643.481284, 77418116236.227417, 8551889527.653086
0.001813, -0.000995, 724153760.019288, 728936001.828823, 733881697.790454
0.001930, -0.000995, 118258101134.113571, 118143556719.586136, 110204937968.539871
0.002048, -0.000995, 120000000000.054489, 119999999999.968811, 119999999999.980652
0.002164, -0.000995, 973898851.903315, 1346237366.683937, 905328927.411101
0.002282, -0.000995, 6405736698.031269, 31046063493.218555, 2837402894.735837
0.002398, -0.000995, 120000000000.054611, 120000000000.061859, 119999999999.969208
0.002515, -0.000995, 6361730925.374026, 43996822145.385155, 9185072452.821650
0.002632, -0.000995, 3424860351.406050, 17468856455.654377, 4105355355.738333
0.002749, -0.000995, 120000000000.054932, 120000000000.061783, 119999999999.980606
0.002866, -0.000995, 120000000000.053146, 120000000000.063828, 119999999999.980652
0.002983, -0.000995, 1008897126.831139, 3559853481.110166, 1118264661.646970
0.003101, -0.000995, 120000000000.053467, 120000000000.062225, 119999999999.969177
0.003217, -0.000995, 34552392602.730904, 111663693047.684540, 50273820858.809929
0.003335, -0.000995, 720043759.357372, 713063390.321261, 705401447.780613
0.003451, -0.000995, 96201877150.619980, 93068722883.129044, 15145693293.389570
0.003569, -0.000995, 120000000000.053864, 120000000000.062149, 119999999999.969208
0.003685, -0.000995, 587207153.057217, 730012049.023573, 603852454.807242
0.003802, -0.000995, 500000000.000098, 500000000.000115, 499999999.999987
0.003919, -0.000995, 500000000.000100, 500000000.000112, 499999999.999987
0.004037, -0.000995, 500000000.000094, 500000000.000106, 499999999.999988
0.004153, -0.000995, 500000000.000099, 500000000.000106, 499999999.999987
0.004270, -0.000995, 500000000.000100, 500000000.000108, 499999999.999987
0.004388, -0.000995, 500000000.000102, 500000000.000109, 499999999.999987
0.004504, -0.000995, 500000000.000100, 500000000.000107, 499999999.999987
0.004622, -0.000995, 500000000.000096, 500000000.000098, 499999999.999925
0.004738, -0.000995, 546335983.313471, 565769931.282324, 555056470.567454
0.004856, -0.000995, 2206895372.343903, 1228824501.773468, 1327385750.613342
0.004972, -0.000995, 534204113.394438, 550084602.798109, 539306417.236945
0.005090, -0.000995, 500000000.000103, 500000000.000096, 499999999.999987
0.005206, -0.000995, 500000000.000100, 500000000.000098, 499999999.999987
0.005324, -0.000995, 500000000.000097, 500000000.000097, 499999999.999987
0.005440, -0.000995, 895999582.549981, 855434914.671849, 882531288.839415
0.005557, -0.000995, 2454492490.185830, 1154808727.805501, 1222424441.426814
0.005675, -0.000995, 641240126.534363, 636461150.099856, 648151781.085761
0.005791, -0.000995, 500000000.000096, 500000000.000101, 499999999.999987
-0.005791, -0.000878, 500000000.000101, 500000000.000100, 499999999.999987
-0.005674, -0.000878, 2030983107.544406, 1950362251.859262, 1985686608.471292
-0.005557, -0.000878, 6928003307.141628, 5591148867.292136, 7046866459.706087
-0.005441, -0.000878, 6266996827.300042, 6237084021.167201, 4986414775.386036
-0.005324, -0.000878, 115247161681.413239, 94146629159.040237, 112163860927.838989
-0.005207, -0.000878, 113268971982.277557, 101589471442.522858, 85841989596.733887
-0.005089, -0.000878, 114983498785.238525, 94348325101.592346, 112303912240.664734
-0.004972, -0.000878, 5840754603.021039, 11083241309.483852, 8649447056.965769
-0.004855, -0.000878, 36731145430.541069, 5709241557.169934, 7898666297.638114
-0.004738, -0.000878, 6460697854.267440, 5575670521.666134, 7863917328.020713
-0.004621, -0.000878, 38588625888.273338, 13522328430.415434, 9004498062.579782
-0.004504, -0.000878, 39212790834.110764, 10349666780.765905, 15610275244.551702
-0.004387, -0.000878, 102965306738.308136, 10222147995.262976, 18621545044.484116
-0.004270, -0.000878, 120000000000.054153, 120000000000.061783, 119999999999.980423
-0.004154, -0.000878, 3451160805.989447, 3633298722.536067, 4372917619.257268
-0.004036, -0.000878, 80647870490.231476, 87646067902.676132, 59104461780.758354
-0.003920, -0.000878, 21812312119.200352, 25024648691.356998, 15018687652.499697
-0.003803, -0.000878, 109302198828.288162, 28859787413.212669, 37525660572.706528
-0.003686, -0.000878, 119999999999.961029, 120000000000.062180, 119999999999.980652
-0.003569, -0.000878, 120000000000.053864, 120000000000.061661, 119999999999.980286
-0.003452, -0.000878, 120000000000.053757, 120000000000.062515, 119999999999.980576
-0.003335, -0.000878, 7245934086.639194, 51446496040.967850, 11134915762.904938
-0.003218, -0.000878, 1820282406.225310, 10192941852.615181, 2204871978.211828
-0.003101, -0.000878, 8397092881.230811, 59906416796.678551, 13975577461.100605
-0.002984, -0.000878, 92156648028.782532, 118880610353.369019, 112650943158.951965
-0.002867, -0.000878, 111131271584.042313, 103228014858.821335, 33174887195.444359
-0.002750, -0.000878, 120000000000.053268, 120000000000.063690, 119999999999.980667
-0.002633, -0.000878, 1056226591.919122, 3970006005.870443, 1179305697.374588
-0.002516, -0.000878, 120000000000.053619, 120000000000.062103, 119999999999.980652
-0.002399, -0.000878, 119999999999.960449, 119999999999.969498, 119999999999.980621
-0.002282, -0.000878, 15548423202.203581, 34220399953.133575, 21006952538.825119
-0.002165, -0.000878, 1018251903.585031, 1018251903.590710, 1061694669.089264
-0.002048, -0.000878, 38007461596.718353, 5277736489.853661, 6505188694.490779
-0.001931, -0.000878, 2209360506.732069, 2152317497.302255, 2161214928.591812
-0.001814, -0.000878, 1113695962.833071, 1058158571.509918, 1114324814.009899
-0.001697, -0.000878, 118768543865.101746, 88913127940.025864, 110787567932.976959
-0.001580, -0.000878, 120000000000.052979, 120000000000.062073, 119999999999.980606
-0.001463, -0.000878, 120000000000.053497, 120000000000.061951, 119999999999.980774
-0.001345, -0.000878, 119999999999.962128, 120000000000.062271, 119999999999.969009
-0.001228, -0.000878, 120000000000.053986, 120000000000.062180, 119999999999.980728
-0.001112, -0.000878, 4052374689.715604, 42371351274.508362, 4494302578.270994
-0.000995, -0.000878, 1883356266.787455, 3592592227.824882, 1988719146.872303
-0.000878, -0.000878, 119999999999.962433, 120000000000.061737, 119999999999.980820
-0.000761, -0.000878, 120000000000.053879, 120000000000.062225, 119999999999.980667
-0.000644, -0.000878, 100602414617.962799, 105700661240.938522, 48567742702.603195
-0.000527, -0.000878, 119994883819.271439, 119994883819.278732, 119995431984.092758
-0.000410, -0.000878, 120000000000.053833, 120000000000.061661, 119999999999.980728
-0.000293, -0.000878, 120000000000.053268, 120000000000.062836, 119999999999.980621
-0.000176, -0.000878, 111945804864.034805, 111608712913.005600, 48909037402.320801
-0.000058, -0.000878, 120000000000.053680, 120000000000.063324, 119999999999.969238
0.000058, -0.000878, 120000000000.053513, 120000000000.061951, 119999999999.980423
0.000175, -0.000878, 110188737961.922775, 111608712912.967880, 48909037402.321533
0.000292, -0.000878, 120000000000.053879, 120000000000.062378, 119999999999.980408
0.000409, -0.000878, 119999999999.962250, 120000000000.062256, 119999999999.980774
0.000526, -0.000878, 119994466115.502060, 119994883819.281372, 119995431984.092682
0.000643, -0.000878, 113242264715.020523, 105700661241.232162, 48567742702.620880
0.000760, -0.000878, 120000000000.054489, 120000000000.062302, 119999999999.980652
0.000877, -0.000878, 120000000000.053925, 120000000000.062271, 119999999999.980530
0.000994, -0.000878, 111274161716.967606, 112157807047.257706, 48594138103.804268
0.001112, -0.000878, 120000000000.053375, 119999999999.968201, 119999999999.980728
0.001228, -0.000878, 120000000000.055634, 120000000000.062347, 119999999999.980499
0.001345, -0.000878, 1967246234.976848, 6577584852.323507, 2177966182.909723
0.001462, -0.000878, 116577448424.272141, 118810395667.393555, 118469644768.531311
0.001579, -0.000878, 120000000000.053741, 120000000000.061615, 119999999999.980728
0.001696, -0.000878, 120000000000.054321, 120000000000.064301, 119999999999.980652
0.001813, -0.000878, 111648433828.195602, 112041217045.525665, 48701085204.106857
0.001930, -0.000878, 120000000000.055618, 120000000000.062195, 119999999999.980377
0.002048, -0.000878, 120000000000.053146, 120000000000.062027, 119999999999.980408
0.002164, -0.000878, 107835848597.713882, 110389636868.901184, 48607592727.193146
0.002282, -0.000878, 120000000000.054047, 120000000000.061493, 119999999999.969086
0.002398, -0.000878, 119999999999.962555, 119999999999.968842, 119999999999.980621
0.002515, -0.000878, 6361730925.374025, 43996822145.385246, 9185072452.821840
0.002632, -0.000878, 3424860351.406071, 17468856455.654392, 4105355355.738457
0.002749, -0.000878, 120000000000.053375, 120000000000.061951, 119999999999.980728
0.002866, -0.000878, 120000000000.054245, 119999999999.968918, 119999999999.980652
0.002983, -0.000878, 1008897126.831046, 3559853481.110156, 1118264661.646969
0.003101, -0.000878, 120000000000.054596, 120000000000.061737, 119999999999.980743
0.003217, -0.000878, 119999999999.961960, 120000000000.062057, 119999999999.980774
0.003335, -0.000878, 100806224889.854233, 103183582315.672028, 22468716752.441204
0.003451, -0.000878, 120000000000.053268, 120000000000.061462, 119999999999.980576
0.003569, -0.000878, 120000000000.054855, 119999999999.969421, 119999999999.969177
0.003685, -0.000878, 587207153.057217, 730012049.023527, 603852454.807243
0.003802, -0.000878, 500000000.000106, 500000000.000107, 499999999.999987
0.003919, -0.000878, 500000000.000105, 500000000.000100, 499999999.999987
0.004037, -0.000878, 500000000.000099, 500000000.000099, 499999999.999988
0.004153, -0.000878, 500000000.000099, 500000000.000100, 499999999.999987
0.004270, -0.000878, 702062801.255775, 736558337.120695, 724854791.918074
0.004388, -0.000878, 38575758327.081459, 23101383132.616623, 11471844410.193138
0.004504, -0.000878, 1000838507.821676, 1046220656.060365, 1035205161.918481
0.004622, -0.000878, 500000000.000098, 500000000.000097, 499999999.999988
0.004738, -0.000878, 500000000.000097, 500000000.000110, 499999999.999988
0.004856, -0.000878, 500000000.000101, 500000000.000098, 499999999.999987
0.004972, -0.000878, 755820198.588483, 797447826.946170, 781263724.183302
0.005090, -0.000878, 22341745579.961197, 3683904590.961619, 4191562789.656947
0.005206, -0.000878, 23220122531.209988, 32222610503.619125, 12092807521.158529
0.005324, -0.000878, 751963077.276102, 788637270.028145, 776326096.507020
0.005440, -0.000878, 6343702527.338830, 43544101232.540596, 9105997980.297861
0.005557, -0.000878, 120000000000.054047, 120000000000.061646, 119999999999.980576
0.005675, -0.000878, 7723394001.793583, 77240488951.141556, 9047240696.653572
0.005791, -0.000878, 523940717.893068, 548400426.711049, 532440251.192150
-0.005791, -0.000761, 501910886.466315, 503724690.702012, 504291796.969752
-0.005674, -0.000761, 12991783388.384954, 6837292013.878429, 6777242277.477862
-0.005557, -0.000761, 120000000000.054642, 120000000000.061905, 119999999999.980545
-0.005441, -0.000761, 2796910804.902212, 18894825764.309410, 3891630910.046581
-0.005324, -0.000761, 49873126536.563232, 102959870216.293640, 23591163650.734940
-0.005207, -0.000761, 120000000000.053375, 120000000000.061905, 119999999999.980743
-0.005089, -0.000761, 38974087873.417084, 100222725479.574463, 23508745774.386379
-0.004972, -0.000761, 3548735965.398291, 48800934007.822426, 5142687964.654070
-0.004855, -0.000761, 105395002290.881577, 19734426585.083511, 25634405250.152889
-0.004738, -0.000761, 14141640173.845514, 14358792359.452021, 17910245272.093044
-0.004621, -0.000761, 5070208594.366717, 54758668800.705330, 7835584434.444420
-0.004504, -0.000761, 6393612871.177301, 33290901476.354923, 10115392818.013330
-0.004387, -0.000761, 4451210262.432446, 10825609244.694151, 5359884963.988914
-0.004270, -0.000761, 9083843369.184103, 1384064384.708549, 1916965550.812338
-0.004154, -0.000761, 19655849781.504868, 2820055851.953837, 2801635230.281625
-0.004036, -0.000761, 119996795510.204056, 119996642777.711304, 119997015570.149277
-0.003920, -0.000761, 26298048821.470524, 70877187324.976410, 49502475729.405151
-0.003803, -0.000761, 94073602561.527283, 112588786179.511978, 29589553363.573872
-0.003686, -0.000761, 120000000000.053299, 119999999999.969009, 119999999999.980667
-0.003569, -0.000761, 120000000000.053421, 120000000000.061691, 119999999999.980667
-0.003452, -0.000761, 120000000000.052658, 120000000000.061829, 119999999999.980743
-0.003335, -0.000761, 7245934086.639196, 51446496040.968277, 11134915762.904934
-0.003218, -0.000761, 1820282406.225606, 10192941852.615192, 2204871978.211551
-0.003101, -0.000761, 8397092881.227558, 59906416796.678658, 13975577461.100748
-0.002984, -0.000761, 120000000000.053741, 120000000000.061691, 119999999999.980652
-0.002867, -0.000761, 120000000000.053680, 119999999999.969620, 119999999999.980545
-0.002750, -0.000761, 120000000000.055496, 120000000000.061615, 119999999999.980728
-0.002633, -0.000761, 1056226591.919801, 3970006005.870944, 1179305697.374509
-0.002516, -0.000761, 120000000000.053055, 120000000000.063446, 119999999999.980774
-0.002399, -0.000761, 120000000000.054535, 120000000000.063049, 119999999999.980728
-0.002282, -0.000761, 5122999040.087834, 33026805780.095932, 6830716365.620536
-0.002165, -0.000761, 2127249467.209008, 7645836869.022235, 2378994348.133751
-0.002048, -0.000761, 120000000000.053711, 120000000000.062271, 119999999999.980621
-0.001931, -0.000761, 120000000000.052902, 120000000000.062134, 119999999999.980728
-0.001814, -0.000761, 946491689.786512, 1742042103.094531, 996218904.213726
-0.001697, -0.000761, 5730959224.182253, 37654715456.353546, 7864926768.055515
-0.001580, -0.000761, 120000000000.052948, 120000000000.061981, 119999999999.969254
-0.001463, -0.000761, 120000000000.052277, 120000000000.062027, 119999999999.980621
-0.001345, -0.000761, 120000000000.053757, 120000000000.062500, 119999999999.980728
-0.001228, -0.000761, 120000000000.052521, 120000000000.061951, 119999999999.969238
-0.001112, -0.000761, 120000000000.053375, 120000000000.062149, 119999999999.969177
-0.000995, -0.000761, 1679812847.369575, 9362117839.710773, 2008426785.087677
-0.000878, -0.000761, 120000000000.053467, 120000000000.061661, 119999999999.980255
-0.000761, -0.000761, 120000000000.053955, 120000000000.061707, 119999999999.980652
-0.000644, -0.000761, 120000000000.053864, 120000000000.061935, 119999999999.980667
-0.000527, -0.000761, 120000000000.054245, 120000000000.062347, 119999999999.969299
-0.000410, -0.000761, 120000000000.056152, 120000000000.061905, 119999999999.980606
-0.000293, -0.000761, 120000000000.053619, 120000000000.062073, 119999999999.980408
-0.000176, -0.000761, 120000000000.054123, 120000000000.061172, 119999999999.980774
-0.000058, -0.000761, 119999999999.960373, 120000000000.062469, 119999999999.980453
0.000058, -0.000761, 120000000000.052658, 120000000000.063354, 119999999999.980255
0.000175, -0.000761, 120000000000.054535, 119999999999.969376, 119999999999.980698
0.000292, -0.000761, 120000000000.052734, 120000000000.062317, 119999999999.980698
0.000409, -0.000761, 120000000000.053375, 120000000000.062271, 119999999999.969284
0.000526, -0.000761, 120000000000.053070, 120000000000.062256, 119999999999.980301
0.000643, -0.000761, 120000000000.053391, 120000000000.062424, 119999999999.980255
0.000760, -0.000761, 119999999999.962067, 120000000000.062103, 119999999999.980408
0.000877, -0.000761, 120000000000.055023, 120000000000.061935, 119999999999.980774
0.000994, -0.000761, 120000000000.054001, 120000000000.061951, 119999999999.980652
0.001112, -0.000761, 120000000000.052933, 120000000000.061768, 119999999999.980728
0.001228, -0.000761, 120000000000.053070, 120000000000.061951, 119999999999.980621
0.001345, -0.000761, 1967246234.976845, 6577584852.323575, 2177966182.909949
0.001462, -0.000761, 116577448424.268860, 118810395667.391174, 118469644768.531387
0.001579, -0.000761, 120000000000.055496, 120000000000.062271, 119999999999.980606
0.001696, -0.000761, 120000000000.055008, 120000000000.062027, 119999999999.980499
0.001813, -0.000761, 120000000000.053421, 120000000000.063782, 119999999999.969238
0.001930, -0.000761, 120000000000.056961, 119999999999.970276, 119999999999.980621
0.002048, -0.000761, 120000000000.053375, 120000000000.062347, 119999999999.980789
0.002164, -0.000761, 120000000000.054520, 120000000000.061859, 119999999999.980698
0.002282, -0.000761, 120000000000.053253, 120000000000.061905, 119999999999.980728
0.002398, -0.000761, 120000000000.052948, 120000000000.061661, 119999999999.980698
0.002515, -0.000761, 7132064537.476379, 44190325912.112732, 10808068400.307743
0.002632, -0.000761, 3424206964.910623, 17467054721.095547, 4103945366.820797
0.002749, -0.000761, 120000000000.052780, 119999999999.968994, 119999999999.969254
0.002866, -0.000761, 119999999999.964249, 120000000000.061951, 119999999999.969238
0.002983, -0.000761, 1008897126.831034, 3559853481.110041, 1118264661.646970
0.003101, -0.000761, 120000000000.054352, 119999999999.970459, 119999999999.980698
0.003217, -0.000761, 120000000000.053879, 120000000000.061768, 119999999999.980667
0.003335, -0.000761, 120000000000.055496, 119999999999.968506, 119999999999.980728
0.003451, -0.000761, 120000000000.055344, 119999999999.970016, 119999999999.980652
0.003569, -0.000761, 119999999999.962112, 120000000000.062561, 119999999999.980499
0.003685, -0.000761, 587207153.057217, 730012049.023564, 603852454.807241
0.003802, -0.000761, 500000000.000102, 500000000.000109, 499999999.999987
0.003919, -0.000761, 500000000.000099, 500000000.000096, 499999999.999987
0.004037, -0.000761, 500000000.000100, 500000000.000111, 499999999.999988
0.004153, -0.000761, 500000000.000102, 500000000.000110, 499999999.999987
0.004270, -0.000761, 905117182.243580, 1179762477.111511, 955752465.747859
0.004388, -0.000761, 120000000000.054901, 120000000000.062668, 119999999999.980652
0.004504, -0.000761, 60371457268.736908, 112747723096.992477, 76410464057.939926
0.004622, -0.000761, 2306758342.848049, 1614838059.208940, 1814484415.968841
0.004738, -0.000761, 525001872.329704, 532294389.347870, 530004952.558687
0.004856, -0.000761, 500000000.000094, 500000000.000096, 499999999.999987
0.004972, -0.000761, 615667840.721920, 628910631.524833, 626410551.439434
0.005090, -0.000761, 37237045635.743576, 2520021394.294903, 2746519050.449252
0.005206, -0.000761, 119999999999.961136, 120000000000.061935, 119999999999.969238
0.005324, -0.000761, 995902846.077663, 1338759281.602095, 1059502050.805386
0.005440, -0.000761, 6343702527.342177, 43544101232.540550, 9105997980.328712
0.005557, -0.000761, 120000000000.054977, 120000000000.062180, 119999999999.980423
0.005675, -0.000761, 30769568459.635571, 30769568459.636238, 42209047007.526001
0.005791, -0.000761, 532636284.086261, 607332540.407702, 543996241.646742
-0.005791, -0.000644, 499999999.999738, 500000000.000099, 499999999.999987
-0.005674, -0.000644, 604760387.128266, 583471876.032660, 595524153.941276
-0.005557, -0.000644, 1517235639.690758, 1006809455.156452, 1067936090.990281
-0.005441, -0.000644, 2390094374.493432, 9500300838.451384, 2887021588.280033
-0.005324, -0.000644, 120000000000.052948, 120000000000.062195, 119999999999.980728
-0.005207, -0.000644, 97311175870.622665, 80009423434.742432, 24047612884.120171
-0.005089, -0.000644, 120000000000.055145, 120000000000.061859, 119999999999.969299
-0.004972, -0.000644, 119837877641.505356, 119940638963.310196, 119958046074.899765
-0.004855, -0.000644, 6767911439.358057, 3556959937.569486, 4563100663.671184
-0.004738, -0.000644, 22778574722.375393, 3077206906.118068, 4234270771.071639
-0.004621, -0.000644, 119198277912.319550, 119377075032.183594, 116937309223.504578
-0.004504, -0.000644, 12415862453.218624, 17888983106.505161, 13379640306.133924
-0.004387, -0.000644, 29162160570.782539, 7615871364.527369, 9099676482.077448
-0.004270, -0.000644, 119974442812.490677, 119975757836.428543, 119982233150.994904
-0.004154, -0.000644, 13499770233.821272, 87515842688.026215, 15395287613.615349
-0.004036, -0.000644, 79811046361.854797, 23766956886.477951, 19030770016.171867
-0.003920, -0.000644, 57081768127.698509, 24913558393.430737, 12646332646.854822
-0.003803, -0.000644, 120000000000.054153, 120000000000.062378, 119999999999.969254
-0.003686, -0.000644, 120000000000.054123, 120000000000.062500, 119999999999.980545
-0.003569, -0.000644, 54085291104.222786, 4660601571.340730, 5025329250.953409
-0.003452, -0.000644, 120000000000.053986, 120000000000.061935, 119999999999.980728
-0.003335, -0.000644, 7245934086.639196, 51446496040.968315, 11134915762.905540
-0.003218, -0.000644, 1820282406.225548, 10192941852.615183, 2204871978.211726
-0.003101, -0.000644, 8397092881.229134, 59906416796.678841, 13975577461.100769
-0.002984, -0.000644, 3568679584.974707, 4363285830.084371, 3936433385.171839
-0.002867, -0.000644, 3827126269.754519, 1384409186.917910, 1339669720.754802
-0.002750, -0.000644, 120000000000.053833, 120000000000.062134, 119999999999.980652
-0.002633, -0.000644, 1056226591.920400, 3970006005.870266, 1179305697.374517
-0.002516, -0.000644, 120000000000.054840, 120000000000.063232, 119999999999.980453
-0.002399, -0.000644, 120000000000.054932, 120000000000.062714, 119999999999.980499
-0.002282, -0.000644, 5122999040.087835, 33026805780.096008, 6830716365.620465
-0.002165, -0.000644, 2139272332.576607, 7660505033.708679, 2388006401.846311
-0.002048, -0.000644, 120000000000.053635, 120000000000.061890, 119999999999.980255
-0.001931, -0.000644, 120000000000.053024, 120000000000.061768, 119999999999.980820
-0.001814, -0.000644, 973672270.939631, 1809627009.072020, 1021947476.809396
-0.001697, -0.000644, 5665177388.259274, 37650180767.821327, 7782597364.687936
-0.001580, -0.000644, 120000000000.054398, 119999999999.970520, 119999999999.980789
-0.001463, -0.000644, 1960619953.493287, 2357612815.022071, 2091440274.137505
-0.001345, -0.000644, 4293154725.412653, 1916070351.759294, 1738435611.011434
-0.001228, -0.000644, 120000000000.055389, 120000000000.061813, 119999999999.980576
-0.001112, -0.000644, 120000000000.053665, 120000000000.061569, 119999999999.980774
-0.000995, -0.000644, 1679812847.369895, 9362117839.710812, 2008426785.088028
-0.000878, -0.000644, 120000000000.055008, 120000000000.061707, 119999999999.980652
-0.000761, -0.000644, 120000000000.053024, 120000000000.062103, 119999999999.980530
-0.000644, -0.000644, 1537682982.028650, 1537682982.028451, 1433910279.424672
-0.000527, -0.000644, 15445302400.715818, 3290929928.988296, 2818616243.386735
-0.000410, -0.000644, 120000000000.054932, 119999999999.969116, 119999999999.980652
-0.000293, -0.000644, 4922951533.584279, 7175860497.778255, 5423466782.660725
-0.000176, -0.000644, 2800051024.433860, 1200417194.195884, 1155048205.749730
-0.000058, -0.000644, 120000000000.053955, 120000000000.061951, 119999999999.980606
0.000058, -0.000644, 120000000000.054047, 119999999999.969894, 119999999999.980530
0.000175, -0.000644, 1652767659.132668, 1200417194.195277, 1155048205.749848
0.000292, -0.000644, 44146481348.367256, 7175860497.780589, 5423466782.660746
0.000409, -0.000644, 120000000000.053955, 120000000000.061813, 119999999999.980652
0.000526, -0.000644, 2614232491.927012, 3290929928.987226, 2818616243.386760
0.000643, -0.000644, 3350122172.388566, 1537682982.029426, 1433910279.424647
0.000760, -0.000644, 120000000000.052979, 120000000000.062057, 119999999999.980774
0.000877, -0.000644, 33546944530.354843, 100602414617.968292, 48567742702.602486
0.000994, -0.000644, 1934714361.321170, 1102543721.996395, 1020637986.724745
0.001112, -0.000644, 83158424573.317474, 29331867976.235401, 15442995279.793657
0.001228, -0.000644, 119999999999.961502, 120000000000.061661, 119999999999.980667
0.001345, -0.000644, 1967246234.976846, 6577584852.323558, 2177966182.909806
0.001462, -0.000644, 116577448424.270004, 118810395667.393112, 118469644768.531387
0.001579, -0.000644, 120000000000.053955, 120000000000.061829, 119999999999.980606
0.001696, -0.000644, 8166577519.772334, 14135637016.825262, 9184028393.468836
0.001813, -0.000644, 2401890370.031554, 1109335842.934285, 1058676445.993738
0.001930, -0.000644, 118062856575.483398, 117567270077.029922, 109888631337.449570
0.002048, -0.000644, 119999999999.961700, 120000000000.062180, 119999999999.969208
0.002164, -0.000644, 1555512729.846931, 1374765067.593503, 1291751797.064032
0.002282, -0.000644, 25291176060.013828, 4373842356.619492, 3612140201.036906
0.002398, -0.000644, 120000000000.053253, 119999999999.968796, 119999999999.980652
0.002515, -0.000644, 6361730925.374029, 43996822145.385162, 9185072452.822201
0.002632, -0.000644, 3424860351.408642, 17468856455.654408, 4105355355.738126
0.002749, -0.000644, 120000000000.055206, 120000000000.061691, 119999999999.980606
0.002866, -0.000644, 120000000000.054535, 120000000000.061172, 119999999999.980698
0.002983, -0.000644, 1008897126.832266, 3559853481.110193, 1118264661.646959
0.003101, -0.000644, 120000000000.054169, 120000000000.061813, 119999999999.980652
0.003217, -0.000644, 119999999999.961823, 120000000000.062759, 119999999999.980667
0.003335, -0.000644, 120000000000.054413, 120000000000.061890, 119999999999.980728
0.003451, -0.000644, 120000000000.053375, 120000000000.061783, 119999999999.969116
0.003569, -0.000644, 120000000000.053589, 120000000000.062134, 119999999999.980606
0.003685, -0.000644, 587207153.057216, 730012049.024017, 603852454.807240
0.003802, -0.000644, 500000000.000100, 500000000.000096, 499999999.999987
0.003919, -0.000644, 500000000.000101, 500000000.000101, 499999999.999987
0.004037, -0.000644, 500000000.000096, 500000000.000111, 499999999.999987
0.004153, -0.000644, 500000000.000096, 500000000.000097, 499999999.999987
0.004270, -0.000644, 506285415.941165, 508145124.660167, 508972741.214729
0.004388, -0.000644, 1427046921.011371, 867096433.206772, 939368557.450602
0.004504, -0.000644, 3127253699.019883, 1179321872.145086, 1337665799.494796
0.004622, -0.000644, 4014561438.272617, 2007291139.372320, 2294236937.469352
0.004738, -0.000644, 538769286.907735, 570618497.050459, 546947263.568963
0.004856, -0.000644, 500000000.000104, 500000000.000099, 499999999.999987
0.004972, -0.000644, 500000000.000099, 500000000.000110, 499999999.999987
0.005090, -0.000644, 525639363.329445, 526427662.879209, 528673341.556033
0.005206, -0.000644, 917668453.510855, 684067213.647826, 711382175.802285
0.005324, -0.000644, 514418962.448206, 514041365.400607, 514750308.713189
0.005440, -0.000644, 2792776003.091902, 2895843757.839070, 2757807425.529021
0.005557, -0.000644, 30694100934.002975, 30331604077.717571, 41961869381.522797
0.005675, -0.000644, 802409204.057640, 802409204.057157, 820664738.689664
0.005791, -0.000644, 500000000.000104, 500000000.000096, 499999999.999987
-0.005791, -0.000527, 500000000.000097, 500000000.000111, 499999999.999988
-0.005674, -0.000527, 782635782.017746, 740063742.341763, 766760957.356005
-0.005557, -0.000527, 3171954008.645000, 1397329050.993672, 1508318617.168880
-0.005441, -0.000527, 2311802127.799900, 4553244813.384301, 2912157609.956554
-0.005324, -0.000527, 22184027048.655251, 20716165338.795853, 12395459279.025415
-0.005207, -0.000527, 20600280607.514210, 38354244222.331848, 15728626299.105724
-0.005089, -0.000527, 85233260989.552704, 52501296814.790779, 35214900418.163246
-0.004972, -0.000527, 120000000000.052948, 120000000000.061523, 119999999999.980728
-0.004855, -0.000527, 48943450955.993652, 48943450955.994514, 69038421476.952545
-0.004738, -0.000527, 70067693313.819733, 5607667068.682135, 5921619376.334946
-0.004621, -0.000527, 120000000000.052567, 120000000000.061646, 119999999999.980606
-0.004504, -0.000527, 13450514152.663563, 9854009886.247063, 11862704302.373344
-0.004387, -0.000527, 55707514207.249268, 6528420390.132280, 9500173177.738819
-0.004270, -0.000527, 51024948230.607368, 8997988082.782471, 14886618089.004429
-0.004154, -0.000527, 7128245900.495422, 2922113827.808037, 3685597949.519031
-0.004036, -0.000527, 47322310077.126770, 60833907648.647209, 40733549746.743782
-0.003920, -0.000527, 79849247609.887070, 25175612993.551762, 13792399029.675127
-0.003803, -0.000527, 120000000000.053467, 120000000000.063354, 119999999999.980698
-0.003686, -0.000527, 23551642969.691597, 107799609972.957428, 32282011202.318821
-0.003569, -0.000527, 786512439.250241, 771204369.686203, 780361036.018781
-0.003452, -0.000527, 99976602790.973129, 102008472037.805222, 21259404406.658089
-0.003335, -0.000527, 7245934086.639202, 51446496040.968567, 11134915762.905586
-0.003218, -0.000527, 1820282406.225534, 10192941852.615192, 2204871978.211606
-0.003101, -0.000527, 8397092900.791694, 59906416918.852592, 13975577550.550186
-0.002984, -0.000527, 7903088013.905143, 78348232149.271332, 9268213802.086233
-0.002867, -0.000527, 20602155105.616592, 6727653935.467276, 2281590268.927047
-0.002750, -0.000527, 120000000000.053589, 120000000000.063446, 119999999999.980621
-0.002633, -0.000527, 1056226591.919567, 3970006005.870489, 1179305697.374636
-0.002516, -0.000527, 119999999999.962067, 120000000000.061813, 119999999999.980774
-0.002399, -0.000527, 120000000000.053619, 120000000000.062378, 119999999999.969208
-0.002282, -0.000527, 5122999040.087833, 33026805780.096016, 6830716365.620636
-0.002165, -0.000527, 2139272332.577620, 7660505033.708673, 2388006401.845613
-0.002048, -0.000527, 120000000000.053421, 120000000000.062134, 119999999999.980453
-0.001931, -0.000527, 120000000000.054245, 120000000000.061539, 119999999999.980698
-0.001814, -0.000527, 973672270.939628, 1809627009.072006, 1021947476.809368
-0.001697, -0.000527, 5665177388.263400, 37650180767.821274, 7782597364.688271
-0.001580, -0.000527, 120000000000.054276, 120000000000.062134, 119999999999.980728
-0.001463, -0.000527, 4146724973.149030, 43807051879.874321, 4612364885.511590
-0.001345, -0.000527, 32979907464.294735, 29578818292.804699, 3549146064.424635
-0.001228, -0.000527, 119999999999.961823, 119999999999.968887, 119999999999.969208
-0.001112, -0.000527, 120000000000.053467, 120000000000.062271, 119999999999.980728
-0.000995, -0.000527, 1679812847.369456, 9362117839.710550, 2008426785.087882
-0.000878, -0.000527, 120000000000.052933, 120000000000.061584, 119999999999.980576
-0.000761, -0.000527, 120000000000.054291, 120000000000.062378, 119999999999.980545
-0.000644, -0.000527, 3290929928.986906, 15445302400.100685, 2818616243.357003
-0.000527, -0.000527, 66440301778.693710, 66440301778.983360, 7102118615.055575
-0.000410, -0.000527, 120000000000.054596, 120000000000.061981, 119999999999.980698
-0.000293, -0.000527, 15863328594.918877, 100992279181.279388, 20074020163.301071
-0.000176, -0.000527, 22794566497.180538, 4421320951.676030, 2275383572.608723
-0.000058, -0.000527, 120000000000.053757, 120000000000.061569, 119999999999.980774
0.000058, -0.000527, 120000000000.054642, 120000000000.061172, 119999999999.969254
0.000175, -0.000527, 5148265133.822871, 4421320951.274542, 2275383572.669623
0.000292, -0.000527, 100992279181.290558, 100992279181.410660, 20074020162.978153
0.000409, -0.000527, 120000000000.054474, 120000000000.062225, 119999999999.980743
0.000526, -0.000527, 6194468010.219116, 66440301778.417145, 7102118614.730247
0.000643, -0.000527, 27445112607.003944, 15445302400.823914, 2818616243.356958
0.000760, -0.000527, 120000000000.054855, 120000000000.062546, 119999999999.980743
0.000877, -0.000527, 119994466115.502045, 119994883819.280243, 119995431984.092560
0.000994, -0.000527, 12676900298.609957, 3103493282.253349, 2116683547.422960
0.001112, -0.000527, 117712399905.819901, 117712399905.847672, 94847598983.601318
0.001228, -0.000527, 120000000000.052948, 119999999999.970917, 119999999999.980606
0.001345, -0.000527, 1967246234.976844, 6577584852.323513, 2177966182.909896
0.001462, -0.000527, 116577448424.271530, 118810395667.390991, 118469644768.531311
0.001579, -0.000527, 120000000000.053864, 120000000000.061661, 119999999999.980774
0.001696, -0.000527, 34159651639.207996, 112902821970.816040, 47446840992.048386
0.001813, -0.000527, 21084021799.269924, 2918815093.348311, 2144765954.931705
0.001930, -0.000527, 120000000000.054047, 120000000000.062500, 119999999999.969086
0.002048, -0.000527, 120000000000.054932, 120000000000.061890, 119999999999.980576
0.002164, -0.000527, 3718961411.733611, 9058833237.545540, 2511312396.084392
0.002282, -0.000527, 82637000399.748489, 82637000399.952133, 10309014468.152269
0.002398, -0.000527, 120000000000.054352, 120000000000.061691, 119999999999.980774
0.002515, -0.000527, 6361730925.374029, 43996822145.385185, 9185072452.821913
0.002632, -0.000527, 3424860351.402743, 17468856455.654377, 4105355355.738290
0.002749, -0.000527, 120000000000.054733, 120000000000.062424, 119999999999.980667
0.002866, -0.000527, 120000000000.054245, 120000000000.061859, 119999999999.980652
0.002983, -0.000527, 1008897126.831054, 3559853481.110220, 1118264661.646953
0.003101, -0.000527, 120000000000.054489, 120000000000.062195, 119999999999.980408
0.003217, -0.000527, 120000000000.052780, 120000000000.062073, 119999999999.980728
0.003335, -0.000527, 120000000000.053146, 120000000000.062134, 119999999999.968994
0.003451, -0.000527, 120000000000.054153, 120000000000.061768, 119999999999.980621
0.003569, -0.000527, 120000000000.055176, 120000000000.062347, 119999999999.980530
0.003685, -0.000527, 587207153.057218, 730012049.024096, 603852454.807242
0.003802, -0.000527, 500000000.000102, 500000000.000100, 499999999.999987
0.003919, -0.000527, 742028410.775158, 710536838.449728, 733370302.670921
0.004037, -0.000527, 1305462591.701113, 965023775.543113, 1022769435.656616
0.004153, -0.000527, 514462531.446966, 511498445.180138, 514990319.514456
0.004270, -0.000527, 549593143.215607, 549593143.217106, 556350174.576114
0.004388, -0.000527, 21406833689.696331, 59374316055.969513, 3564722852.950581
0.004504, -0.000527, 1712137458.234642, 3611037685.049607, 1910602175.054886
0.004622, -0.000527, 500000000.000103, 500000000.000108, 499999999.999987
0.004738, -0.000527, 894664123.195014, 815989480.670076, 853849804.092831
0.004856, -0.000527, 1018118028.439030, 854106329.475178, 897120410.549093
0.004972, -0.000527, 500536084.238421, 500401344.844340, 501165613.927414
0.005090, -0.000527, 602060052.033114, 598648590.837862, 609271450.659246
0.005206, -0.000527, 1812823143.506283, 1053081054.000225, 1117457489.970745
0.005324, -0.000527, 568807762.207314, 563935409.784888, 571625988.923933
0.005440, -0.000527, 506285415.939460, 506285415.940130, 508972741.214605
0.005557, -0.000527, 1582910882.151334, 932606606.902833, 986194207.821790
0.005675, -0.000527, 809327148.058588, 740063742.205111, 766760957.345534
0.005791, -0.000527, 500000000.000100, 500000000.000111, 499999999.999987
-0.005791, -0.000410, 501937407.417934, 503573032.754006, 504329286.628453
-0.005674, -0.000410, 56250717610.682411, 50447490151.485222, 19001944158.000565
-0.005557, -0.000410, 119999999999.962204, 120000000000.062515, 119999999999.980621
-0.005441, -0.000410, 2734160776.147532, 17312634490.935715, 3709744625.291247
-0.005324, -0.000410, 63156354628.133842, 46642505332.137939, 42231314336.731514
-0.005207, -0.000410, 120000000000.054413, 120000000000.061829, 119999999999.980652
-0.005089, -0.000410, 4654771440.731133, 21613195875.785969, 5837660142.545796
-0.004972, -0.000410, 120000000000.053711, 120000000000.061890, 119999999999.980576
-0.004855, -0.000410, 3099688072.586095, 38241090309.449493, 3122084285.411888
-0.004738, -0.000410, 1012371517.268973, 1315037419.285107, 958272759.231289
-0.004621, -0.000410, 120000000000.053635, 120000000000.062271, 119999999999.980652
-0.004504, -0.000410, 10287713357.937653, 36147930455.955063, 15654217237.249359
-0.004387, -0.000410, 119999999999.960892, 120000000000.061646, 119999999999.980698
-0.004270, -0.000410, 1558610148.081995, 4405361545.504864, 1789771890.972532
-0.004154, -0.000410, 103243812534.829269, 58583756623.691391, 19670857953.230137
-0.004036, -0.000410, 120000000000.052856, 120000000000.062317, 119999999999.980621
-0.003920, -0.000410, 13263337627.650908, 87445007726.599991, 23277547274.821659
-0.003803, -0.000410, 92972970622.448700, 105135004093.018738, 19535004297.801224
-0.003686, -0.000410, 120000000000.054245, 120000000000.063461, 119999999999.980545
-0.003569, -0.000410, 119999999999.961258, 120000000000.062988, 119999999999.980576
-0.003452, -0.000410, 120000000000.055222, 119999999999.969604, 119999999999.969360
-0.003335, -0.000410, 7245934086.639192, 51446496040.968170, 11134915762.868473
-0.003218, -0.000410, 1820282406.225460, 10192941852.615189, 2204871978.211584
-0.003101, -0.000410, 8397092881.228488, 59906416796.678642, 13975577461.100992
-0.002984, -0.000410, 120000000000.053543, 120000000000.062073, 119999999999.980484
-0.002867, -0.000410, 120000000000.052765, 120000000000.061951, 119999999999.980255
-0.002750, -0.000410, 120000000000.054733, 120000000000.061661, 119999999999.980606
-0.002633, -0.000410, 1056226591.920192, 3970006005.870478, 1179305697.374574
-0.002516, -0.000410, 120000000000.055466, 120000000000.061951, 119999999999.980621
-0.002399, -0.000410, 120000000000.053635, 120000000000.062027, 119999999999.980545
-0.002282, -0.000410, 5122999040.087834, 33026805780.096043, 6830716365.620496
-0.002165, -0.000410, 2139272332.575511, 7660505033.708681, 2388006401.845743
-0.002048, -0.000410, 119999999999.961594, 120000000000.062149, 119999999999.980774
-0.001931, -0.000410, 120000000000.053711, 120000000000.062134, 119999999999.980530
-0.001814, -0.000410, 973672270.939626, 1809627009.071984, 1021947476.809441
-0.001697, -0.000410, 5665177388.264939, 37650180767.821335, 7782597364.688026
-0.001580, -0.000410, 119999999999.962570, 120000000000.062073, 119999999999.980728
-0.001463, -0.000410, 120000000000.053741, 120000000000.062439, 119999999999.980545
-0.001345, -0.000410, 120000000000.053543, 120000000000.061951, 119999999999.969055
-0.001228, -0.000410, 119999999999.960495, 120000000000.061935, 119999999999.969177
-0.001112, -0.000410, 120000000000.054596, 119999999999.968887, 119999999999.980728
-0.000995, -0.000410, 1533125790.700027, 4822917734.830136, 1737931412.574137
-0.000878, -0.000410, 120000000000.054474, 120000000000.062073, 119999999999.980530
-0.000761, -0.000410, 120000000000.053513, 120000000000.062180, 119999999999.980652
-0.000644, -0.000410, 120000000000.055252, 120000000000.061768, 119999999999.980606
-0.000527, -0.000410, 119999999999.961380, 119999999999.968842, 119999999999.980743
-0.000410, -0.000410, 120000000000.053467, 120000000000.063583, 119999999999.980453
-0.000293, -0.000410, 120000000000.054047, 120000000000.061661, 119999999999.980576
-0.000176, -0.000410, 120000000000.053055, 119999999999.969177, 119999999999.980667
-0.000058, -0.000410, 119999999999.962814, 120000000000.061890, 119999999999.980652
0.000058, -0.000410, 120000000000.056473, 120000000000.062347, 119999999999.980728
0.000175, -0.000410, 103314415636.629807, 21995466769.458900, 29719994336.155506
0.000292, -0.000410, 119999999999.962128, 120000000000.061951, 119999999999.969177
0.000409, -0.000410, 119999999999.961594, 119999999999.968887, 119999999999.980652
0.000526, -0.000410, 120000000000.053101, 120000000000.061569, 119999999999.980530
0.000643, -0.000410, 120000000000.054108, 120000000000.062378, 119999999999.980698
0.000760, -0.000410, 119999999999.961395, 120000000000.062378, 119999999999.980652
0.000877, -0.000410, 120000000000.053864, 120000000000.061691, 119999999999.980774
0.000994, -0.000410, 119999999999.962280, 120000000000.061661, 119999999999.980774
0.001112, -0.000410, 120000000000.053436, 120000000000.061768, 119999999999.980667
0.001228, -0.000410, 120000000000.054596, 120000000000.062073, 119999999999.980301
0.001345, -0.000410, 1967246234.976845, 6577584852.323566, 2177966182.909876
0.001462, -0.000410, 116577448424.270081, 118810395667.391739, 118469644768.531387
0.001579, -0.000410, 119999999999.961273, 120000000000.061768, 119999999999.980652
0.001696, -0.000410, 119999999999.962311, 119999999999.970184, 119999999999.980789
0.001813, -0.000410, 120000000000.054398, 119999999999.968796, 119999999999.980545
0.001930, -0.000410, 120000000000.054047, 120000000000.061829, 119999999999.980728
0.002048, -0.000410, 120000000000.054001, 120000000000.061569, 119999999999.980530
0.002164, -0.000410, 120000000000.054779, 120000000000.062195, 119999999999.980728
0.002282, -0.000410, 120000000000.054779, 120000000000.061981, 119999999999.980667
0.002398, -0.000410, 120000000000.054443, 120000000000.063446, 119999999999.980530
0.002515, -0.000410, 6235859244.786697, 43755344122.070793, 8911756140.995245
0.002632, -0.000410, 3743778986.049132, 19113213337.661400, 4534975020.022567
0.002749, -0.000410, 120000000000.054535, 120000000000.061951, 119999999999.980576
0.002866, -0.000410, 119999999999.961472, 120000000000.061462, 119999999999.980545
0.002983, -0.000410, 1008897126.832105, 3559853481.110194, 1118264661.647011
0.003101, -0.000410, 120000000000.054245, 120000000000.061981, 119999999999.980423
0.003217, -0.000410, 120000000000.054047, 120000000000.062073, 119999999999.980728
0.003335, -0.000410, 2265286374.197093, 1711004020.756659, 1792644052.769020
0.003451, -0.000410, 49331869154.281181, 4564067032.099483, 5105613223.531108
0.003569, -0.000410, 120000000000.053986, 120000000000.061523, 119999999999.980728
0.003685, -0.000410, 587207153.057219, 730012049.023550, 603852454.807243
0.003802, -0.000410, 500000000.000097, 500000000.000110, 499999999.999987
0.003919, -0.000410, 8885701403.011169, 95208518034.110092, 11261872676.408136
0.004037, -0.000410, 120000000000.054840, 120000000000.062180, 119999999999.969208
0.004153, -0.000410, 707757841.143710, 997331704.290618, 737191320.440057
0.004270, -0.000410, 996986537.021191, 1812663582.031582, 1055047311.555059
0.004388, -0.000410, 120000000000.053375, 120000000000.061905, 119999999999.980728
0.004504, -0.000410, 1711739000.785202, 4770836496.541142, 1911945755.439940
0.004622, -0.000410, 543759561.063127, 592622137.684487, 558247311.901690
0.004738, -0.000410, 119037455375.294601, 119739732184.003143, 119418234774.912354
0.004856, -0.000410, 119999999999.962204, 120000000000.061661, 119999999999.980774
0.004972, -0.000410, 837969501.692773, 906784997.534647, 835914146.569471
0.005090, -0.000410, 1503118675.930588, 3885837379.952687, 1632839198.538401
0.005206, -0.000410, 120000000000.053497, 120000000000.064545, 119999999999.980850
0.005324, -0.000410, 1104824133.118646, 2188420216.223938, 1182373116.963144
0.005440, -0.000410, 974355856.113256, 1587963100.543159, 1017131155.294832
0.005557, -0.000410, 120000000000.054443, 120000000000.062134, 119999999999.980499
0.005675, -0.000410, 11724059702.679426, 50447490151.471992, 19001944157.909660
0.005791, -0.000410, 502083043.100472, 503573032.753953, 504329286.628451
-0.005791, -0.000293, 505782668.511291, 505009615.924120, 507644934.203342
-0.005674, -0.000293, 2422325345.240808, 1180066346.065630, 1279119013.326702
-0.005557, -0.000293, 11309367067.512613, 2641340678.714743, 3664944472.811366
-0.005441, -0.000293, 26199643399.755527, 59489017582.011101, 6895501676.807890
-0.005324, -0.000293, 26191064728.106144, 73992953449.727509, 14937883855.536642
-0.005207, -0.000293, 21498027768.077625, 5938276122.081043, 7941038286.674762
-0.005089, -0.000293, 4205237097.710478, 2987709832.890657, 2531894297.058454
-0.004972, -0.000293, 29435049575.912380, 4108780759.642079, 5547710463.116138
-0.004855, -0.000293, 120000000000.053070, 120000000000.061691, 119999999999.980530
-0.004738, -0.000293, 119957681358.407501, 119959881376.335587, 119970199226.283447
-0.004621, -0.000293, 120000000000.053467, 120000000000.062134, 119999999999.980576
-0.004504, -0.000293, 9122887404.523129, 17425936681.065403, 11505538735.580902
-0.004387, -0.000293, 21050769788.375511, 3418629572.480130, 4751087718.112137
-0.004270, -0.000293, 1641682391.576083, 1987711793.437707, 1881362464.547562
-0.004154, -0.000293, 13021450814.950083, 2544277763.761121, 3293754112.281642
-0.004036, -0.000293, 92008242399.697296, 21295115562.764004, 17073090663.820862
-0.003920, -0.000293, 65649774864.522095, 17487111948.908253, 12775061567.707941
-0.003803, -0.000293, 120000000000.053299, 120000000000.061691, 119999999999.980606
-0.003686, -0.000293, 120000000000.052811, 120000000000.061951, 119999999999.980621
-0.003569, -0.000293, 120000000000.055374, 120000000000.061584, 119999999999.969238
-0.003452, -0.000293, 120000000000.054977, 120000000000.062347, 119999999999.980621
-0.003335, -0.000293, 7245934086.639192, 51446496040.968040, 11134915762.905602
-0.003218, -0.000293, 1820282406.225060, 10192941852.615189, 2204871978.211508
-0.003101, -0.000293, 8397092881.228308, 59906416796.678551, 13975577461.100868
-0.002984, -0.000293, 16100304416.650425, 16100304416.650200, 20456298486.307804
-0.002867, -0.000293, 75511909660.659470, 6205833792.953103, 7083048284.786487
-0.002750, -0.000293, 120000000000.055923, 120000000000.062546, 119999999999.980453
-0.002633, -0.000293, 1056226591.919535, 3970006005.870848, 1179305697.374552
-0.002516, -0.000293, 120000000000.054642, 120000000000.061859, 119999999999.980728
-0.002399, -0.000293, 120000000000.053391, 120000000000.062393, 119999999999.969360
-0.002282, -0.000293, 5122999040.087833, 33026805780.095997, 6830716365.620775
-0.002165, -0.000293, 2139272332.574813, 7660505033.708673, 2388006401.846413
-0.002048, -0.000293, 120000000000.053513, 120000000000.062103, 119999999999.980606
-0.001931, -0.000293, 119999999999.962814, 120000000000.062149, 119999999999.980743
-0.001814, -0.000293, 973672270.939628, 1809627009.072014, 1021947476.809379
-0.001697, -0.000293, 5665177388.261834, 37650180767.821289, 7782597364.688156
-0.001580, -0.000293, 120000000000.054199, 120000000000.062027, 119999999999.980728
-0.001463, -0.000293, 8694316648.504913, 8694316648.504807, 10309014467.841496
-0.001345, -0.000293, 70984981148.271744, 6239417929.660862, 7187037916.695522
-0.001228, -0.000293, 120000000000.054733, 120000000000.062347, 119999999999.980728
-0.001112, -0.000293, 119999999999.960724, 119999999999.969131, 119999999999.980728
-0.000995, -0.000293, 3569767748.199244, 32389496616.543018, 4055601398.543379
-0.000878, -0.000293, 2655583201.824853, 1743770819.082035, 1975233040.658060
-0.000761, -0.000293, 32204246031.070538, 5076415119.339752, 6705925342.490960
-0.000644, -0.000293, 32204246031.070511, 5076415119.339752, 6705925342.490961
-0.000527, -0.000293, 101202127232.256042, 6585195883.429658, 8809668850.995138
-0.000410, -0.000293, 120000000000.054153, 119999999999.969009, 119999999999.980423
-0.000293, -0.000293, 120000000000.053543, 120000000000.061401, 119999999999.980606
-0.000176, -0.000293, 120000000000.053375, 120000000000.061340, 119999999999.980606
-0.000058, -0.000293, 120000000000.053680, 120000000000.062622, 119999999999.980499
0.000058, -0.000293, 120000000000.054932, 120000000000.062225, 119999999999.980728
0.000175, -0.000293, 830625421.104389, 780961532.275109, 777476364.690492
0.000292, -0.000293, 59180749142.846512, 55644614093.028130, 5179872691.646372
0.000409, -0.000293, 120000000000.054321, 120000000000.061859, 119999999999.968964
0.000526, -0.000293, 120000000000.053757, 120000000000.061951, 119999999999.980652
0.000643, -0.000293, 120000000000.054276, 120000000000.062134, 119999999999.980652
0.000760, -0.000293, 120000000000.053986, 120000000000.062317, 119999999999.969330
0.000877, -0.000293, 120000000000.054855, 120000000000.061813, 119999999999.980362
0.000994, -0.000293, 120000000000.053467, 120000000000.061691, 119999999999.980530
0.001112, -0.000293, 120000000000.054108, 120000000000.061661, 119999999999.980743
0.001228, -0.000293, 120000000000.052124, 120000000000.062393, 119999999999.980408
0.001345, -0.000293, 1967246234.976844, 6577584852.323533, 2177966182.909781
0.001462, -0.000293, 116577448424.269516, 118810395667.392807, 118469644768.531387
0.001579, -0.000293, 120000000000.053619, 120000000000.061981, 119999999999.969116
0.001696, -0.000293, 119994466115.498474, 119994466115.507828, 119995431984.092697
0.001813, -0.000293, 54324700655.972015, 4276754925.272399, 4568995708.970427
0.001930, -0.000293, 120000000000.053314, 120000000000.061691, 119999999999.980667
0.002048, -0.000293, 120000000000.054153, 119999999999.968887, 119999999999.980728
0.002164, -0.000293, 9749339947.826597, 4623261755.719588, 4849713787.736941
0.002282, -0.000293, 110296422004.979324, 27298572431.064957, 36865252631.647995
0.002398, -0.000293, 120000000000.052948, 120000000000.062500, 119999999999.980530
0.002515, -0.000293, 6361730925.374026, 43996822145.385323, 9185072452.822157
0.002632, -0.000293, 3424860351.409488, 17468856455.654385, 4105355355.738225
0.002749, -0.000293, 120000000000.054031, 120000000000.062073, 119999999999.980530
0.002866, -0.000293, 120000000000.054642, 120000000000.062073, 119999999999.980728
0.002983, -0.000293, 1008897126.831940, 3559853481.110091, 1118264661.646992
0.003101, -0.000293, 120000000000.053802, 120000000000.062027, 119999999999.980621
0.003217, -0.000293, 120000000000.053635, 119999999999.969116, 119999999999.980408
0.003335, -0.000293, 2148052026.574517, 3049322523.140066, 1711364897.674586
0.003451, -0.000293, 45638766296.452690, 46149138347.021622, 4784620392.576566
0.003569, -0.000293, 120000000000.053864, 120000000000.061935, 119999999999.980774
0.003685, -0.000293, 587207153.057219, 730012049.023543, 603852454.807239
0.003802, -0.000293, 599015165.412728, 599015165.419458, 608432744.157624
0.003919, -0.000293, 6938684623.789351, 2678824119.113666, 2984226188.938696
0.004037, -0.000293, 2124056653.442134, 1414061092.953669, 1550558949.382343
0.004153, -0.000293, 535122462.738999, 542325474.613397, 538096738.444799
0.004270, -0.000293, 596112302.392864, 606596827.819738, 606895638.401405
0.004388, -0.000293, 4249742348.343990, 1568085017.065890, 1734928238.077138
0.004504, -0.000293, 727626075.417397, 724602077.091598, 731341375.097540
0.004622, -0.000293, 500808326.661636, 501615382.993245, 501958594.620650
0.004738, -0.000293, 1788285357.096700, 1107273933.358697, 1180171276.834844
0.004856, -0.000293, 54310355905.121155, 2704879253.060057, 2926665729.115314
0.004972, -0.000293, 3094963216.840109, 4735572646.845186, 3751984131.633659
0.005090, -0.000293, 683947783.200940, 690893992.452374, 697277466.344773
0.005206, -0.000293, 3514822789.974937, 1579906474.923882, 1748889645.301141
0.005324, -0.000293, 622449287.614703, 630378755.462582, 632123672.278165
0.005440, -0.000293, 1070286716.023448, 1129072692.579396, 1076926743.685358
0.005557, -0.000293, 5832973816.006005, 1919822932.479747, 2067789983.929122
0.005675, -0.000293, 1066554616.132816, 964808124.490520, 998890566.381642
0.005791, -0.000293, 500000000.000101, 500000000.000107, 499999999.999987
-0.005791, -0.000176, 600753725.703445, 767600762.095170, 619141098.372976
-0.005674, -0.000176, 120000000000.053635, 120000000000.062393, 119999999999.980667
-0.005557, -0.000176, 120000000000.053802, 119999999999.969330, 119999999999.980728
-0.005441, -0.000176, 120000000000.054688, 120000000000.061905, 119999999999.980423
-0.005324, -0.000176, 119999999999.962006, 120000000000.061859, 119999999999.980576
-0.005207, -0.000176, 42609522242.468956, 9043191200.045197, 12486905578.797556
-0.005089, -0.000176, 15002765240.124540, 59343591328.897469, 17689569470.642712
-0.004972, -0.000176, 1864311326.105195, 1890130069.685036, 2037095730.275783
-0.004855, -0.000176, 9849622761.758410, 2650943764.141464, 3612595188.021379
-0.004738, -0.000176, 109657137572.144363, 12739812797.503235, 16966397217.721823
-0.004621, -0.000176, 120000000000.054764, 120000000000.062225, 119999999999.980652
-0.004504, -0.000176, 19636270569.202011, 11011280696.285749, 12772423486.104933
-0.004387, -0.000176, 50206637862.050446, 25441655631.350777, 17518910169.607533
-0.004270, -0.000176, 117378657525.133194, 110304454373.526352, 67632672766.714180
-0.004154, -0.000176, 120000000000.053467, 120000000000.061661, 119999999999.980606
-0.004036, -0.000176, 42483237724.416275, 6749965936.794821, 11052947547.084463
-0.003920, -0.000176, 89837043923.272308, 7506699521.766403, 11392865829.080681
-0.003803, -0.000176, 119999999999.962479, 120000000000.062180, 119999999999.980621
-0.003686, -0.000176, 114036761228.209106, 114036761228.217117, 119486613508.976044
-0.003569, -0.000176, 7018880410.664881, 1809812472.690411, 1755601973.564767
-0.003452, -0.000176, 112545270424.326401, 33423810841.900955, 46168539546.590080
-0.003335, -0.000176, 7245934086.639189, 51446496040.968346, 11134915762.904802
-0.003218, -0.000176, 1820282406.225011, 10192941852.615189, 2204871978.211534
-0.003101, -0.000176, 8397092881.229635, 59906416796.678642, 13975577461.100725
-0.002984, -0.000176, 2007507645.088671, 17402689463.464169, 1969619744.167416
-0.002867, -0.000176, 1283453450.072270, 3603657981.691070, 1187239228.951583
-0.002750, -0.000176, 120000000000.054489, 119999999999.968918, 119999999999.969177
-0.002633, -0.000176, 1056226591.919671, 3970006005.870721, 1179305697.374537
-0.002516, -0.000176, 120000000000.054520, 120000000000.061813, 119999999999.969254
-0.002399, -0.000176, 120000000000.052887, 120000000000.062134, 119999999999.980652
-0.002282, -0.000176, 5122999040.087833, 33026805780.096062, 6830716365.621082
-0.002165, -0.000176, 2139272332.575318, 7660505033.708686, 2388006401.845790
-0.002048, -0.000176, 120000000000.053467, 120000000000.061905, 119999999999.980728
-0.001931, -0.000176, 120000000000.054291, 120000000000.062271, 119999999999.980576
-0.001814, -0.000176, 973672270.939631, 1809627009.072002, 1021947476.809425
-0.001697, -0.000176, 5665177388.262303, 37650180767.821274, 7782597364.687984
-0.001580, -0.000176, 120000000000.053543, 120000000000.062180, 119999999999.980606
-0.001463, -0.000176, 1691202498.152141, 11377578365.693281, 1684137205.463428
-0.001345, -0.000176, 1498929895.567282, 6428344639.505012, 1402681916.694357
-0.001228, -0.000176, 120000000000.053680, 120000000000.062271, 119999999999.969284
-0.001112, -0.000176, 120000000000.054153, 120000000000.062546, 119999999999.980728
-0.000995, -0.000176, 120000000000.053513, 120000000000.062149, 119999999999.980667
-0.000878, -0.000176, 21796693190.824833, 35299759531.340012, 9765524040.699551
-0.000761, -0.000176, 21324238443.534645, 3883522242.954181, 4755733853.545878
-0.000644, -0.000176, 21324238443.534687, 3883522242.948565, 4755733853.546456
-0.000527, -0.000176, 1564949118.836311, 1485821476.380674, 1558104479.788230
-0.000410, -0.000176, 3740623414.317172, 1639129424.773752, 1759101976.865344
-0.000293, -0.000176, 119999999999.961823, 120000000000.062180, 119999999999.980576
-0.000176, -0.000176, 120000000000.054153, 120000000000.061691, 119999999999.980499
-0.000058, -0.000176, 119999999999.961212, 120000000000.061905, 119999999999.980652
0.000058, -0.000176, 120000000000.054169, 120000000000.062057, 119999999999.980606
0.000175, -0.000176, 98422344732.881409, 101773549280.485458, 23191680043.526978
0.000292, -0.000176, 120000000000.055145, 120000000000.062225, 119999999999.980621
0.000409, -0.000176, 120000000000.054901, 120000000000.062378, 119999999999.980774
0.000526, -0.000176, 119999999999.960785, 120000000000.062134, 119999999999.980621
0.000643, -0.000176, 16313037169.292337, 5676433585.947783, 6845906536.602098
0.000760, -0.000176, 16045428772.598164, 3249598747.631017, 3857469348.865964
0.000877, -0.000176, 16045428772.598146, 3249598747.631020, 3857469348.865965
0.000994, -0.000176, 110796688974.655289, 24059081716.874313, 32206125025.877342
0.001112, -0.000176, 120000000000.053925, 120000000000.061905, 119999999999.969284
0.001228, -0.000176, 120000000000.055450, 120000000000.062073, 119999999999.980698
0.001345, -0.000176, 1895748679.938637, 4763535941.134045, 2114899813.392534
0.001462, -0.000176, 116633976298.155228, 118859184223.667450, 118489012691.871826
0.001579, -0.000176, 120000000000.053375, 120000000000.062225, 119999999999.980606
0.001696, -0.000176, 7425289407.918515, 81107004278.286057, 8453228459.052128
0.001813, -0.000176, 845543331.330419, 824713861.178017, 825507138.066632
0.001930, -0.000176, 118226611893.090759, 118170374054.126480, 109620526681.130768
0.002048, -0.000176, 120000000000.054108, 120000000000.061768, 119999999999.980499
0.002164, -0.000176, 1078771094.704725, 1585460130.444317, 1029782903.535785
0.002282, -0.000176, 8130529903.984740, 35125002461.728958, 2931989510.162260
0.002398, -0.000176, 120000000000.053925, 120000000000.062561, 119999999999.980743
0.002515, -0.000176, 6361730925.374025, 43996822145.385452, 9185072452.821543
0.002632, -0.000176, 3424860351.406206, 17468856455.654373, 4105355355.738367
0.002749, -0.000176, 120000000000.053635, 120000000000.062256, 119999999999.980652
0.002866, -0.000176, 120000000000.053268, 120000000000.061768, 119999999999.980545
0.002983, -0.000176, 1008897126.832260, 3559853481.110324, 1118264661.646999
0.003101, -0.000176, 120000000000.053543, 120000000000.061905, 119999999999.980576
0.003217, -0.000176, 120000000000.053513, 120000000000.063156, 119999999999.980728
0.003335, -0.000176, 120000000000.054291, 119999999999.969498, 119999999999.980652
0.003451, -0.000176, 120000000000.055511, 120000000000.061859, 119999999999.980667
0.003569, -0.000176, 3682563662.238181, 3682563662.238148, 4058014291.863832
0.003685, -0.000176, 646911883.862004, 693029829.486982, 666689415.966316
0.003802, -0.000176, 1271818753.273125, 1271818753.272515, 1103601425.616524
0.003919, -0.000176, 502972102.992304, 502972102.992286, 503927684.315099
0.004037, -0.000176, 500000000.000099, 500000000.000107, 499999999.999988
0.004153, -0.000176, 500000000.000098, 500000000.000106, 499999999.999987
0.004270, -0.000176, 500000000.000102, 500000000.000098, 499999999.999987
0.004388, -0.000176, 628253513.978580, 558535689.657203, 575412635.799324
0.004504, -0.000176, 509510596.515874, 503831941.042640, 506692224.618451
0.004622, -0.000176, 500000000.000094, 500000000.000095, 499999999.999987
0.004738, -0.000176, 547557390.001723, 526650638.925953, 535852029.268938
0.004856, -0.000176, 575066439.236494, 533059159.016435, 544906135.463334
0.004972, -0.000176, 540918630.957798, 513683639.876859, 519846558.855220
0.005090, -0.000176, 503313315.645125, 502311941.560928, 504443251.728208
0.005206, -0.000176, 645697668.985468, 560205134.229902, 577387511.089349
0.005324, -0.000176, 500383906.516577, 500254656.900697, 500768999.172113
0.005440, -0.000176, 500000000.000101, 500000000.000111, 499999999.999926
0.005557, -0.000176, 500000000.000100, 500000000.000113, 499999999.999987
0.005675, -0.000176, 500000000.000100, 500000000.000110, 499999999.999987
0.005791, -0.000176, 500000000.000104, 500000000.000095, 499999999.999988
-0.005791, -0.000058, 601003182.411231, 768093118.386757, 619267618.535272
-0.005674, -0.000058, 119999999999.963425, 119999999999.968964, 119999999999.980423
-0.005557, -0.000058, 120000000000.054031, 120000000000.061981, 119999999999.980667
-0.005441, -0.000058, 120000000000.052734, 120000000000.061981, 119999999999.980652
-0.005324, -0.000058, 27299397978.853809, 67494568424.986588, 12912866462.121778
-0.005207, -0.000058, 120000000000.054474, 120000000000.062866, 119999999999.969254
-0.005089, -0.000058, 14229697170.399046, 20850429960.636723, 9228424980.428766
-0.004972, -0.000058, 51803521619.128578, 115456401871.098358, 71769591594.975357
-0.004855, -0.000058, 2532422141.854388, 5454129840.507895, 2961866389.308775
-0.004738, -0.000058, 13898069674.168873, 7529388732.268686, 12745857319.209663
-0.004621, -0.000058, 24942045817.727417, 71558134190.965347, 15310976346.889513
-0.004504, -0.000058, 1129411986.264759, 2461008666.187705, 1054524870.601778
-0.004387, -0.000058, 2733878670.200956, 18540276528.917072, 2031018156.129019
-0.004270, -0.000058, 120000000000.055511, 120000000000.062469, 119999999999.980652
-0.004154, -0.000058, 6592783073.048775, 10705356699.476870, 10495530065.274620
-0.004036, -0.000058, 105408369139.298889, 105409035900.563980, 30339826335.847233
-0.003920, -0.000058, 7485090322.871897, 32464496807.756310, 13783358329.558619
-0.003803, -0.000058, 80801314546.769135, 27580416406.073311, 18283111587.612137
-0.003686, -0.000058, 43329382275.583885, 115553339123.530502, 62334167815.936394
-0.003569, -0.000058, 2569215757.297152, 1247447185.546560, 1153121864.142727
-0.003452, -0.000058, 90233486947.572800, 99272608827.236313, 15015717442.975809
-0.003335, -0.000058, 7245934086.639196, 51446496040.967941, 11134915762.905155
-0.003218, -0.000058, 1882575251.419353, 14777461222.318781, 2289704870.286656
-0.003101, -0.000058, 6300001138.928638, 8737275603.295061, 7126716092.745906
-0.002984, -0.000058, 120000000000.053131, 120000000000.061813, 119999999999.980774
-0.002867, -0.000058, 119977629690.059814, 119978721430.276840, 119982845914.826035
-0.002750, -0.000058, 119999999999.961304, 120000000000.061859, 119999999999.969299
-0.002633, -0.000058, 1056226591.920420, 3970006005.870522, 1179305697.374572
-0.002516, -0.000058, 120000000000.055466, 119999999999.969238, 119999999999.980362
-0.002399, -0.000058, 120000000000.053467, 120000000000.062424, 119999999999.980408
-0.002282, -0.000058, 5122999040.087834, 33026805780.096153, 6830716365.620728
-0.002165, -0.000058, 2139272332.576089, 7660505033.708670, 2388006401.846690
-0.002048, -0.000058, 120000000000.054642, 120000000000.062103, 119999999999.980606
-0.001931, -0.000058, 119999999999.963287, 120000000000.062271, 119999999999.980576
-0.001814, -0.000058, 973672270.939627, 1809627009.072026, 1021947476.809402
-0.001697, -0.000058, 5665177388.260726, 37650180767.821381, 7782597364.688056
-0.001580, -0.000058, 120000000000.053497, 120000000000.061829, 119999999999.980774
-0.001463, -0.000058, 120000000000.054535, 120000000000.062180, 119999999999.980820
-0.001345, -0.000058, 120000000000.055710, 120000000000.062195, 119999999999.980499
-0.001228, -0.000058, 120000000000.053467, 120000000000.061935, 119999999999.980606
-0.001112, -0.000058, 90711568667.000793, 118043065552.037750, 113334086344.186188
-0.000995, -0.000058, 1839875003.549746, 1123852905.363314, 1076015759.647075
-0.000878, -0.000058, 66858378922.275650, 13055708577.472675, 8968369530.519499
-0.000761, -0.000058, 120000000000.054657, 120000000000.062057, 119999999999.980621
-0.000644, -0.000058, 120000000000.054642, 120000000000.063080, 119999999999.980484
-0.000527, -0.000058, 120000000000.053146, 120000000000.062057, 119999999999.980530
-0.000410, -0.000058, 1989157283.710974, 3253830150.601069, 1856665067.582574
-0.000293, -0.000058, 14744382760.739819, 2134738916.417747, 2651097670.076936
-0.000176, -0.000058, 15953112863.146515, 2264290667.644935, 2907984211.068353
-0.000058, -0.000058, 15953112863.146442, 2264290667.645332, 2907984211.068172
0.000058, -0.000058, 15953112863.145622, 2264290667.645161, 2907984211.068305
0.000175, -0.000058, 15953112863.146433, 2264290667.645749, 2907984211.068249
0.000292, -0.000058, 15953112863.145529, 2264290667.645876, 2907984211.068269
0.000409, -0.000058, 15953112863.145538, 2264290667.644815, 2907984211.068341
0.000526, -0.000058, 15378840857.380062, 2260827300.559536, 2904740947.691612
0.000643, -0.000058, 16420973575.953533, 3146921583.899445, 3606677975.389088
0.000760, -0.000058, 50597537923.996834, 7204798653.080279, 10960790847.457308
0.000877, -0.000058, 34905308871.984398, 7066099630.863152, 10644888885.670712
0.000994, -0.000058, 3630898543.392807, 1995534666.738713, 2388299471.328826
0.001112, -0.000058, 12875637659.466215, 1998313400.351940, 2481684788.042780
0.001228, -0.000058, 12875637659.466627, 1998313400.350037, 2481684788.042692
0.001345, -0.000058, 10135835971.064810, 2611052014.521664, 2512835289.097757
0.001462, -0.000058, 120000000000.054733, 120000000000.061661, 119999999999.980728
0.001579, -0.000058, 119999999999.961105, 120000000000.061951, 119999999999.980728
0.001696, -0.000058, 120000000000.054932, 119999999999.968887, 119999999999.980728
0.001813, -0.000058, 120000000000.054489, 120000000000.062225, 119999999999.980499
0.001930, -0.000058, 120000000000.055573, 120000000000.062195, 119999999999.980728
0.002048, -0.000058, 120000000000.053345, 120000000000.062302, 119999999999.969177
0.002164, -0.000058, 120000000000.054245, 120000000000.062027, 119999999999.980484
0.002282, -0.000058, 120000000000.054855, 120000000000.061661, 119999999999.980698
0.002398, -0.000058, 120000000000.053177, 120000000000.062057, 119999999999.980545
0.002515, -0.000058, 6361730925.374029, 43996822145.385056, 9185072452.821880
0.002632, -0.000058, 3424860351.407268, 17468856455.654369, 4105355355.738256
0.002749, -0.000058, 120000000000.054047, 120000000000.062256, 119999999999.980652
0.002866, -0.000058, 120000000000.053665, 120000000000.061447, 119999999999.980728
0.002983, -0.000058, 1008897126.831020, 3559853481.110015, 1118264661.646999
0.003101, -0.000058, 119999999999.961182, 120000000000.061859, 119999999999.980652
0.003217, -0.000058, 120000000000.053864, 120000000000.062134, 119999999999.980621
0.003335, -0.000058, 120000000000.054535, 120000000000.062195, 119999999999.980621
0.003451, -0.000058, 3696099657.690396, 3789977761.867576, 4089140325.428951
0.003569, -0.000058, 710884429.043316, 710884429.048864, 723738237.087191
0.003685, -0.000058, 1271818753.273133, 1271818753.272515, 1103601425.616504
0.003802, -0.000058, 502972102.991936, 502972102.992286, 503927684.315100
0.003919, -0.000058, 500000000.000100, 500000000.000096, 499999999.999988
0.004037, -0.000058, 500000000.000093, 500000000.000110, 499999999.999987
0.004153, -0.000058, 500000000.000097, 500000000.000111, 499999999.999987
0.004270, -0.000058, 800743622.789483, 883082973.269377, 838015882.820263
0.004388, -0.000058, 119861700618.083282, 119861512772.979065, 119886172227.500458
0.004504, -0.000058, 1220623631.515199, 3242869734.986053, 1313632382.473387
0.004622, -0.000058, 520580671.387821, 535989717.454200, 528384653.509121
0.004738, -0.000058, 53352637542.003212, 60985621482.597305, 6329611069.232366
0.004856, -0.000058, 7108826739.931273, 73523183401.076157, 8257243155.947392
0.004972, -0.000058, 539403085.839680, 565712965.466128, 549082987.820700
0.005090, -0.000058, 1082404517.424186, 2059809621.065285, 1150132215.092915
0.005206, -0.000058, 120000000000.054413, 120000000000.062027, 119999999999.980545
0.005324, -0.000058, 1447934542.398192, 1416438744.601589, 1429931934.927215
0.005440, -0.000058, 500000000.000104, 500000000.000096, 499999999.999987
0.005557, -0.000058, 500000000.000098, 500000000.000093, 499999999.999988
0.005675, -0.000058, 500000000.000101, 500000000.000112, 499999999.999987
0.005791, -0.000058, 500000000.000106, 500000000.000110, 499999999.999987
-0.005791, 0.000058, 601003182.412051, 768093118.386708, 619267618.535265
-0.005674, 0.000058, 120000000000.054840, 120000000000.062546, 119999999999.980286
-0.005557, 0.000058, 120000000000.054535, 120000000000.061859, 119999999999.980728
-0.005441, 0.000058, 120000000000.054031, 120000000000.062439, 119999999999.969299
-0.005324, 0.000058, 26609745732.749779, 38901165098.506821, 12700407498.616137
-0.005207, 0.000058, 120000000000.053635, 120000000000.061981, 119999999999.969208
-0.005089, 0.000058, 8497085432.232008, 89978559498.577042, 9508638277.979445
-0.004972, 0.000058, 8628486201.759287, 5337976855.365327, 6473256943.931024
-0.004855, 0.000058, 9717716271.059015, 36413614663.158684, 19896943090.406384
-0.004738, 0.000058, 14441869188.301003, 6561738984.514067, 8333449097.499261
-0.004621, 0.000058, 64086246049.961472, 115989489390.058899, 45346905428.336166
-0.004504, 0.000058, 108746342483.698883, 112479274807.469635, 69701620549.756348
-0.004387, 0.000058, 69419303620.899902, 113320820822.162796, 103411427767.828033
-0.004270, 0.000058, 4403189950.091289, 3363903454.536933, 4334238359.101304
-0.004154, 0.000058, 1503964589.289622, 1903738042.822705, 1510944862.272263
-0.004036, 0.000058, 120000000000.054123, 120000000000.062180, 119999999999.969330
-0.003920, 0.000058, 6984703861.335860, 10153492591.205288, 10745171517.314894
-0.003803, 0.000058, 101865164105.011826, 115504539242.492371, 45027058434.746948
-0.003686, 0.000058, 120000000000.053375, 120000000000.062637, 119999999999.980652
-0.003569, 0.000058, 120000000000.054169, 119999999999.969086, 119999999999.980499
-0.003452, 0.000058, 120000000000.053711, 119999999999.968796, 119999999999.980698
-0.003335, 0.000058, 7245934086.639194, 51446496040.968330, 11134915762.905563
-0.003218, 0.000058, 1181263595.579686, 1340368028.960823, 1175574447.684882
-0.003101, 0.000058, 4391351348.836102, 3211373352.423089, 3267766125.608636
-0.002984, 0.000058, 27074305326.385372, 6099875247.748350, 7717332493.171074
-0.002867, 0.000058, 120000000000.053345, 119999999999.969299, 119999999999.980621
-0.002750, 0.000058, 120000000000.054886, 120000000000.062439, 119999999999.980667
-0.002633, 0.000058, 1056226591.920182, 3970006005.870467, 1179305697.374654
-0.002516, 0.000058, 120000000000.053467, 120000000000.061859, 119999999999.980698
-0.002399, 0.000058, 120000000000.054077, 120000000000.062805, 119999999999.980728
-0.002282, 0.000058, 5122999040.087833, 33026805780.096043, 6830716365.620783
-0.002165, 0.000058, 2139272332.578025, 7660505033.708686, 2388006401.846502
-0.002048, 0.000058, 120000000000.053741, 120000000000.061905, 119999999999.980530
-0.001931, 0.000058, 120000000000.053314, 120000000000.061890, 119999999999.980484
-0.001814, 0.000058, 973672270.939625, 1809627009.071997, 1021947476.809342
-0.001697, 0.000058, 5665177388.263207, 37650180767.821259, 7782597364.688245
-0.001580, 0.000058, 120000000000.053680, 119999999999.968140, 119999999999.969299
-0.001463, 0.000058, 120000000000.052521, 120000000000.061890, 119999999999.980499
-0.001345, 0.000058, 120000000000.053802, 120000000000.062515, 119999999999.969254
-0.001228, 0.000058, 120000000000.054245, 120000000000.061249, 119999999999.980606
-0.001112, 0.000058, 120000000000.053741, 120000000000.062149, 119999999999.980179
-0.000995, 0.000058, 7645572099.175606, 2831033238.699796, 2106525139.098583
-0.000878, 0.000058, 111767582938.128647, 111767582938.197189, 42351355752.188637
-0.000761, 0.000058, 120000000000.053101, 120000000000.062546, 119999999999.980698
-0.000644, 0.000058, 120000000000.054733, 119999999999.969604, 119999999999.980408
-0.000527, 0.000058, 120000000000.053802, 120000000000.062027, 119999999999.980652
-0.000410, 0.000058, 120000000000.052765, 120000000000.061951, 119999999999.980606
-0.000293, 0.000058, 120000000000.053375, 120000000000.062149, 119999999999.980728
-0.000176, 0.000058, 119999999999.961273, 120000000000.061768, 119999999999.980698
-0.000058, 0.000058, 120000000000.054123, 120000000000.061295, 119999999999.969208
0.000058, 0.000058, 120000000000.053619, 119999999999.969131, 119999999999.980545
0.000175, 0.000058, 120000000000.053543, 120000000000.061646, 119999999999.969254
0.000292, 0.000058, 119999999999.960938, 120000000000.061890, 119999999999.969177
0.000409, 0.000058, 120000000000.053864, 120000000000.061859, 119999999999.980606
0.000526, 0.000058, 120000000000.053833, 120000000000.062347, 119999999999.980652
0.000643, 0.000058, 119999999999.960480, 119999999999.968933, 119999999999.980728
0.000760, 0.000058, 119999999999.961472, 120000000000.061783, 119999999999.980499
0.000877, 0.000058, 120000000000.053268, 120000000000.062073, 119999999999.980698
0.000994, 0.000058, 120000000000.054123, 120000000000.061951, 119999999999.980606
0.001112, 0.000058, 120000000000.054230, 120000000000.062103, 119999999999.969162
0.001228, 0.000058, 120000000000.052765, 120000000000.062073, 119999999999.980743
0.001345, 0.000058, 120000000000.053268, 120000000000.061768, 119999999999.980499
0.001462, 0.000058, 120000000000.053589, 120000000000.062027, 119999999999.980621
0.001579, 0.000058, 120000000000.053253, 120000000000.062180, 119999999999.980667
0.001696, 0.000058, 120000000000.052826, 120000000000.062378, 119999999999.980545
0.001813, 0.000058, 120000000000.054565, 120000000000.061859, 119999999999.969299
0.001930, 0.000058, 120000000000.054153, 120000000000.062073, 119999999999.980743
0.002048, 0.000058, 120000000000.054276, 120000000000.062225, 119999999999.980606
0.002164, 0.000058, 119999999999.961349, 120000000000.062180, 119999999999.980667
0.002282, 0.000058, 119999999999.961273, 119999999999.970825, 119999999999.980698
0.002398, 0.000058, 120000000000.055084, 120000000000.062073, 119999999999.980652
0.002515, 0.000058, 6361730925.374025, 43996822145.385201, 9185072452.821957
0.002632, 0.000058, 3424860351.409921, 17468856455.654423, 4105355355.738278
0.002749, 0.000058, 120000000000.053101, 120000000000.061661, 119999999999.980698
0.002866, 0.000058, 120000000000.054657, 120000000000.062256, 119999999999.969238
0.002983, 0.000058, 1008897126.831187, 3559853481.110091, 1118264661.646990
0.003101, 0.000058, 119999999999.961426, 119999999999.968552, 119999999999.980728
0.003217, 0.000058, 120000000000.054230, 120000000000.061951, 119999999999.980499
0.003335, 0.000058, 120000000000.053177, 120000000000.061890, 119999999999.980652
0.003451, 0.000058, 1057298827.828819, 2099543819.722019, 1115369529.763837
0.003569, 0.000058, 998035178.737104, 2735547012.883147, 1099898576.297438
0.003685, 0.000058, 502972102.992303, 502972102.992288, 503927684.315100
0.003802, 0.000058, 510670059.426239, 510543488.662399, 513968324.192811
0.003919, 0.000058, 936061898.660513, 667505499.417244, 691223080.758541
0.004037, 0.000058, 949373642.641694, 672700888.330323, 695167388.537943
0.004153, 0.000058, 938513282.738206, 671458527.806180, 694377038.647691
0.004270, 0.000058, 883447085.518281, 1016218492.544884, 923827169.096927
0.004388, 0.000058, 119861700618.080338, 118516459694.487030, 119886172227.500656
0.004504, 0.000058, 16451961895.290598, 102535848808.501617, 20105033121.099186
0.004622, 0.000058, 944167137.370573, 984111545.003408, 948084361.360610
0.004738, 0.000058, 53352637541.870697, 5561751604.573387, 6329611068.954639
0.004856, 0.000058, 120000000000.053864, 119999999999.969009, 119999999999.980652
0.004972, 0.000058, 606634073.267251, 721124821.918301, 612419213.249075
0.005090, 0.000058, 1082404517.607305, 1327986813.199548, 1150132215.088819
0.005206, 0.000058, 120000000000.054199, 120000000000.061951, 119999999999.980530
0.005324, 0.000058, 1664026833.232327, 1550246687.683389, 1611730681.161587
0.005440, 0.000058, 500000000.000099, 500000000.000098, 499999999.999988
0.005557, 0.000058, 500000000.000095, 500000000.000110, 499999999.999988
0.005675, 0.000058, 500000000.000102, 500000000.000111, 499999999.999987
0.005791, 0.000058, 500000000.000104, 499999999.999741, 499999999.999987
-0.005791, 0.000175, 570917965.502592, 657487653.760287, 584474346.912663
-0.005674, 0.000175, 6968859043.760198, 2081900799.056668, 2373674521.185207
-0.005557, 0.000175, 21147166304.268513, 3000161324.182115, 4029934952.254823
-0.005441, 0.000175, 117174230076.177078, 69188624221.652634, 93186407443.013535
-0.005324, 0.000175, 40195329102.962624, 9902969585.233614, 12852471847.923203
-0.005207, 0.000175, 23045740945.240616, 10451866752.170935, 10663312794.463619
-0.005089, 0.000175, 7309310585.594699, 3889636188.502360, 4702571154.219673
-0.004972, 0.000175, 6195646748.449044, 6076287953.075751, 6814586043.613041
-0.004855, 0.000175, 120000000000.054810, 120000000000.062256, 119999999999.980499
-0.004738, 0.000175, 119999999999.961838, 120000000000.061768, 119999999999.980545
-0.004621, 0.000175, 7884751642.719109, 8695834242.747536, 10099815595.525732
-0.004504, 0.000175, 16519912216.328527, 4901835017.219776, 7796266194.183722
-0.004387, 0.000175, 100028153127.963562, 18279890097.489510, 22950014317.834312
-0.004270, 0.000175, 3609889066.809000, 3506841225.449420, 4072347819.627388
-0.004154, 0.000175, 2188786146.228639, 4161219992.635279, 1878114820.030799
-0.004036, 0.000175, 8045942969.199250, 1999015964.828429, 2330481307.553813
-0.003920, 0.000175, 3586585337.724905, 12851396845.877367, 3479103106.630428
-0.003803, 0.000175, 120000000000.053589, 120000000000.061951, 119999999999.980331
-0.003686, 0.000175, 58129328798.972862, 18444294153.138268, 28817471679.283146
-0.003569, 0.000175, 56585172046.986954, 8059779921.992647, 12885333454.865608
-0.003452, 0.000175, 56585172046.986595, 8059779921.992657, 12885333454.865606
-0.003335, 0.000175, 2972150213.382766, 3008172411.622838, 3631770673.132303
-0.003218, 0.000175, 4706193966.420536, 4194424758.277969, 2477609712.446814
-0.003101, 0.000175, 64136190853.729866, 5086608975.611721, 6188094336.062828
-0.002984, 0.000175, 3458620268.063436, 11956293810.394350, 4863291607.647662
-0.002867, 0.000175, 120000000000.054489, 120000000000.062073, 119999999999.980728
-0.002750, 0.000175, 120000000000.053467, 120000000000.061768, 119999999999.969086
-0.002633, 0.000175, 1056226591.919465, 3970006005.870951, 1179305697.374658
-0.002516, 0.000175, 120000000000.053543, 120000000000.062714, 119999999999.980499
-0.002399, 0.000175, 120000000000.054199, 120000000000.062546, 119999999999.980499
-0.002282, 0.000175, 5122999040.087835, 33026805780.096077, 6830716365.620756
-0.002165, 0.000175, 2139272332.578929, 7660505033.708691, 2388006401.846437
-0.002048, 0.000175, 120000000000.054733, 120000000000.062271, 119999999999.969254
-0.001931, 0.000175, 120000000000.055695, 120000000000.061569, 119999999999.980728
-0.001814, 0.000175, 973672270.939629, 1809627009.072023, 1021947476.809350
-0.001697, 0.000175, 5665177388.261024, 37650180767.821365, 7782597364.687997
-0.001580, 0.000175, 119999999999.961472, 120000000000.061951, 119999999999.980652
-0.001463, 0.000175, 1691202498.152289, 3116637194.387905, 1684137205.488940
-0.001345, 0.000175, 1498929895.896907, 2327548191.032242, 1402681916.673754
-0.001228, 0.000175, 120000000000.053543, 120000000000.061783, 119999999999.980499
-0.001112, 0.000175, 120000000000.055130, 120000000000.062103, 119999999999.969086
-0.000995, 0.000175, 119999999999.961884, 120000000000.062500, 119999999999.968964
-0.000878, 0.000175, 83763197886.502731, 23456332464.995068, 46792566022.518135
-0.000761, 0.000175, 91836128639.889023, 12549284780.197508, 27899942440.294308
-0.000644, 0.000175, 82163127159.236710, 12399074150.149921, 27342730865.815403
-0.000527, 0.000175, 82161607359.455948, 12348394746.288967, 27227866138.010078
-0.000410, 0.000175, 82161607359.455566, 12348394746.288925, 27227866138.010086
-0.000293, 0.000175, 82161607359.455765, 12348394746.288954, 27227866138.010086
-0.000176, 0.000175, 82161607359.455673, 12348394746.288958, 27227866138.010082
-0.000058, 0.000175, 82161607359.455765, 12348394746.288975, 27227866138.010086
0.000058, 0.000175, 82161607359.455200, 12348394746.288933, 27227866138.010082
0.000175, 0.000175, 82161607359.456024, 12348394746.288948, 27227866138.010078
0.000292, 0.000175, 82161607359.456177, 12348394746.288975, 27227866138.010082
0.000409, 0.000175, 82161607359.455963, 12348394746.288963, 27227866138.010078
0.000526, 0.000175, 82161607359.456223, 12348394746.288940, 27227866138.010086
0.000643, 0.000175, 82161607359.455582, 12348394746.288942, 27227866138.010094
0.000760, 0.000175, 82161607359.455780, 12348394746.288933, 27227866138.010078
0.000877, 0.000175, 82161607359.455490, 12348394746.288948, 27227866138.010086
0.000994, 0.000175, 82161607359.455307, 12348394746.288973, 27227866138.010078
0.001112, 0.000175, 82161607359.455734, 12348394746.288912, 27227866138.010086
0.001228, 0.000175, 82161607359.455948, 12348394746.288948, 27227866138.010082
0.001345, 0.000175, 116079986510.229141, 24349770380.656231, 48177762470.564911
0.001462, 0.000175, 119999999999.961090, 120000000000.061905, 119999999999.969238
0.001579, 0.000175, 120000000000.053558, 120000000000.061783, 119999999999.980423
0.001696, 0.000175, 7425289407.917998, 61117378465.064819, 8453228459.053521
0.001813, 0.000175, 845543331.259444, 866675234.977472, 825507138.052523
0.001930, 0.000175, 118226611893.098557, 118059159706.938141, 109620526681.130676
0.002048, 0.000175, 119999999999.960739, 120000000000.062668, 119999999999.980652
0.002164, 0.000175, 1078771094.708025, 1319021197.706618, 1029782903.544999
0.002282, 0.000175, 8130529904.166237, 8201491031.868900, 2931989510.127482
0.002398, 0.000175, 120000000000.053177, 120000000000.061615, 119999999999.980621
0.002515, 0.000175, 6361730925.374025, 43996822145.385429, 9185072452.821709
0.002632, 0.000175, 3424860351.409666, 17468856455.654396, 4105355355.738286
0.002749, 0.000175, 119999999999.961334, 119999999999.969376, 119999999999.980606
0.002866, 0.000175, 119999999999.960693, 120000000000.062225, 119999999999.980743
0.002983, 0.000175, 1008897126.830962, 3559853481.110124, 1118264661.646988
0.003101, 0.000175, 120000000000.054077, 120000000000.061829, 119999999999.980728
0.003217, 0.000175, 120000000000.054276, 120000000000.061951, 119999999999.980652
0.003335, 0.000175, 120000000000.054199, 120000000000.061890, 119999999999.969254
0.003451, 0.000175, 1057298827.828822, 2099543819.722016, 1115369529.763843
0.003569, 0.000175, 952101896.295497, 2745995209.207048, 1048405347.721617
0.003685, 0.000175, 510751568.991042, 510751568.992310, 514160574.823574
0.003802, 0.000175, 3865736667.798292, 3865736668.259751, 1671486113.528900
0.003919, 0.000175, 6770383639.118051, 2644927474.308596, 3444474653.632910
0.004037, 0.000175, 23592899485.943691, 2889544764.887408, 4027701292.857987
0.004153, 0.000175, 18655366740.822315, 2797596730.666708, 3827771745.856620
0.004270, 0.000175, 4900484047.126233, 4111289200.410155, 2896367106.979286
0.004388, 0.000175, 1502013555.405830, 890608328.843227, 1003041488.578039
0.004504, 0.000175, 4549044135.538509, 1318734038.106014, 1435064563.888824
0.004622, 0.000175, 111409589913.250519, 119516581473.395111, 119049624405.019012
0.004738, 0.000175, 1207382751.373446, 1458342865.941624, 1294663461.439831
0.004856, 0.000175, 64019785475.631165, 23866950429.082405, 22539497788.583591
0.004972, 0.000175, 970780504.973826, 1643119207.354412, 1045369465.903339
0.005090, 0.000175, 2723285392.764727, 1182121205.303754, 1265165345.870676
0.005206, 0.000175, 9262160764.243416, 2143873860.023585, 2628022673.637899
0.005324, 0.000175, 3748858049.543680, 1457026481.444183, 1570602378.606419
0.005440, 0.000175, 933534906.606381, 865044191.096661, 895931600.794946
0.005557, 0.000175, 500000000.000100, 500000000.000109, 499999999.999988
0.005675, 0.000175, 500000000.000101, 500000000.000097, 499999999.999988
0.005791, 0.000175, 500000000.000101, 500000000.000112, 499999999.999987
-0.005791, 0.000292, 500000000.000100, 500000000.000096, 499999999.999987
-0.005674, 0.000292, 1147406420.856949, 1753803248.997967, 1207884138.625735
-0.005557, 0.000292, 31364289400.170261, 112094621325.807632, 43204605051.862854
-0.005441, 0.000292, 2489743537.825339, 8228247026.695332, 3466497137.041303
-0.005324, 0.000292, 3632359141.372415, 4085430337.678285, 4355726684.852374
-0.005207, 0.000292, 31041473287.458736, 6555107396.098656, 7299669891.492785
-0.005089, 0.000292, 36484815123.205925, 23472705360.745083, 15099272338.808735
-0.004972, 0.000292, 119969546654.398621, 119967551814.944412, 119975538508.055206
-0.004855, 0.000292, 32465518683.500381, 84242639717.748566, 32226840932.888020
-0.004738, 0.000292, 108272818772.813828, 95300528808.134628, 47440381728.086739
-0.004621, 0.000292, 4415742381.635141, 13896082478.308359, 6951766177.097259
-0.004504, 0.000292, 105434179120.372604, 21604411710.942413, 29816132988.171150
-0.004387, 0.000292, 35171459955.413757, 5490610058.974502, 5585021115.468731
-0.004270, 0.000292, 55182406894.757294, 20101481151.383297, 23105702696.159184
-0.004154, 0.000292, 4687870276.306396, 30279165857.818024, 6051199062.112941
-0.004036, 0.000292, 1649756731.613248, 1754986328.914924, 1543979324.964468
-0.003920, 0.000292, 92415727380.844330, 27147809506.798866, 21689287707.894970
-0.003803, 0.000292, 7055145491.069968, 10329440554.216469, 8357282201.365589
-0.003686, 0.000292, 2657432704.592406, 2115266066.260716, 2459337016.473992
-0.003569, 0.000292, 15553648395.298597, 3202373258.963529, 3784219391.199416
-0.003452, 0.000292, 15553648395.298584, 3202373258.964491, 3784219391.200713
-0.003335, 0.000292, 4248404493.039526, 4049433962.596647, 3211175172.630120
-0.003218, 0.000292, 584343429.896394, 584343429.895961, 588866055.720418
-0.003101, 0.000292, 9014406713.532688, 1917614151.160718, 2105214499.865867
-0.002984, 0.000292, 113549645491.570511, 83794975625.783051, 26786962799.992859
-0.002867, 0.000292, 120000000000.055344, 120000000000.062378, 119999999999.980499
-0.002750, 0.000292, 120000000000.054657, 120000000000.061707, 119999999999.980789
-0.002633, 0.000292, 1056226591.919946, 3970006005.870770, 1179305697.374598
-0.002516, 0.000292, 120000000000.053436, 120000000000.061813, 119999999999.980652
-0.002399, 0.000292, 119999999999.962372, 120000000000.062149, 119999999999.980255
-0.002282, 0.000292, 5122999040.087835, 33026805780.095985, 6830716365.620286
-0.002165, 0.000292, 2139272332.573477, 7660505033.708689, 2388006401.845854
-0.002048, 0.000292, 120000000000.054123, 120000000000.061584, 119999999999.980408
-0.001931, 0.000292, 119999999999.961884, 120000000000.062027, 119999999999.980728
-0.001814, 0.000292, 973672270.939625, 1809627009.071993, 1021947476.809340
-0.001697, 0.000292, 5665177388.261778, 37650180767.821251, 7782597364.688056
-0.001580, 0.000292, 120000000000.054733, 120000000000.062103, 119999999999.980408
-0.001463, 0.000292, 8694316648.504171, 82637000399.525162, 10309014467.759161
-0.001345, 0.000292, 70984981147.795364, 66450033852.062683, 7187037916.587711
-0.001228, 0.000292, 120000000000.054153, 120000000000.062073, 119999999999.980408
-0.001112, 0.000292, 120000000000.052902, 120000000000.062225, 119999999999.980698
-0.000995, 0.000292, 4923781697.805176, 4923781697.811763, 5977801849.278995
-0.000878, 0.000292, 3903957499.559859, 2072702599.366159, 2425410078.736226
-0.000761, 0.000292, 11617821854.099445, 2702811901.015601, 3108791188.427810
-0.000644, 0.000292, 11617821854.099443, 2702811901.017596, 3108791188.428330
-0.000527, 0.000292, 11617821854.099453, 2702811901.015582, 3108791188.427881
-0.000410, 0.000292, 11617821854.099455, 2702811901.016500, 3108791188.427051
-0.000293, 0.000292, 11617821854.099440, 2702811901.016670, 3108791188.428226
-0.000176, 0.000292, 11617821854.099443, 2702811901.012956, 3108791188.428530
-0.000058, 0.000292, 11617821854.099438, 2702811901.016606, 3108791188.427240
0.000058, 0.000292, 11617821854.099443, 2702811901.014797, 3108791188.428940
0.000175, 0.000292, 11617821854.099440, 2702811901.014117, 3108791188.427969
0.000292, 0.000292, 11617821854.099447, 2702811901.017083, 3108791188.428260
0.000409, 0.000292, 11617821854.099434, 2702811901.015285, 3108791188.427271
0.000526, 0.000292, 11617821854.099447, 2702811901.014418, 3108791188.428966
0.000643, 0.000292, 11617821854.099449, 2702811901.016957, 3108791188.428780
0.000760, 0.000292, 11617821854.099432, 2702811901.015345, 3108791188.427954
0.000877, 0.000292, 11617821854.099457, 2702811901.017151, 3108791188.428639
0.000994, 0.000292, 11617821854.099445, 2702811901.015204, 3108791188.428592
0.001112, 0.000292, 11617821854.099438, 2702811901.013916, 3108791188.428764
0.001228, 0.000292, 11617934170.868027, 2702816175.083451, 3108800434.412534
0.001345, 0.000292, 1953546452.002905, 1823360485.369386, 1985181287.795492
0.001462, 0.000292, 58809550727.756134, 83287403917.184830, 47753410060.201530
0.001579, 0.000292, 120000000000.054733, 119999999999.969421, 119999999999.980499
0.001696, 0.000292, 119994466115.502167, 119994883819.281174, 119995431984.092636
0.001813, 0.000292, 54324700655.606743, 30387771276.097378, 4568995708.970429
0.001930, 0.000292, 120000000000.054047, 120000000000.061661, 119999999999.980698
0.002048, 0.000292, 120000000000.052948, 120000000000.061783, 119999999999.980743
0.002164, 0.000292, 9749339947.825014, 30508605171.381832, 4849713787.747526
0.002282, 0.000292, 110296422004.949615, 110296422005.017761, 36865252631.206665
0.002398, 0.000292, 120000000000.055344, 120000000000.061859, 119999999999.980453
0.002515, 0.000292, 6361730925.374028, 43996822145.385574, 9185072452.821871
0.002632, 0.000292, 3424860351.402766, 17468856455.654369, 4105355355.738438
0.002749, 0.000292, 120000000000.054779, 119999999999.968719, 119999999999.980728
0.002866, 0.000292, 120000000000.054688, 119999999999.969055, 119999999999.980728
0.002983, 0.000292, 1008897126.831179, 3559853481.110096, 1118264661.647011
0.003101, 0.000292, 120000000000.054199, 120000000000.061935, 119999999999.980698
0.003217, 0.000292, 120000000000.054718, 120000000000.062271, 119999999999.969254
0.003335, 0.000292, 119999999999.961823, 119999999999.969009, 119999999999.980652
0.003451, 0.000292, 1057298827.828822, 2099543819.722019, 1115369529.763831
0.003569, 0.000292, 964814037.584541, 3217641705.382739, 1057157516.948989
0.003685, 0.000292, 845080605.269105, 1377306697.286704, 885075467.576568
0.003802, 0.000292, 2445187762.570365, 4185040831.325180, 3149542327.855242
0.003919, 0.000292, 82827199307.646774, 75036305857.575577, 14862142044.638968
0.004037, 0.000292, 25216405788.065289, 31233366634.610985, 16325973067.546810
0.004153, 0.000292, 116035512229.964233, 117427761382.108871, 112769398831.152451
0.004270, 0.000292, 6115470243.172633, 12412805390.880457, 6010912073.922491
0.004388, 0.000292, 8420402088.473464, 2341147435.231242, 3364238030.203237
0.004504, 0.000292, 2208645975.514876, 1597200568.407428, 1839463414.143322
0.004622, 0.000292, 5657465311.730089, 1611344358.319525, 1813819795.317148
0.004738, 0.000292, 1532332887.883772, 984867507.165008, 1039807266.731739
0.004856, 0.000292, 1769654212.852522, 924494988.396700, 1003562826.877066
0.004972, 0.000292, 5560633665.896967, 5202285391.949789, 2388624101.437920
0.005090, 0.000292, 1376698089.350470, 1278806228.791456, 1391939974.777330
0.005206, 0.000292, 9042127239.283081, 2145738983.552752, 2625214792.263498
0.005324, 0.000292, 976378527.642807, 691014131.417467, 724628493.921210
0.005440, 0.000292, 1400258242.926389, 1447651174.813890, 1342799018.488193
0.005557, 0.000292, 6195112784.894046, 2298949191.731011, 2507511671.423273
0.005675, 0.000292, 1066554616.132497, 958593059.233532, 998890566.378251
0.005791, 0.000292, 500000000.000098, 500000000.000110, 499999999.999987
-0.005791, 0.000409, 501937407.417883, 503599773.610515, 504329286.628454
-0.005674, 0.000409, 56250717610.794411, 29120407797.234497, 19001944157.984695
-0.005557, 0.000409, 120000000000.054886, 120000000000.063538, 119999999999.980652
-0.005441, 0.000409, 2553021107.264520, 19163711593.990040, 3369861558.072170
-0.005324, 0.000409, 6418851186.449748, 21092470613.725407, 6349876685.306709
-0.005207, 0.000409, 120000000000.052979, 119999999999.968765, 119999999999.980530
-0.005089, 0.000409, 53267370539.247162, 92407300880.837128, 42325509066.012627
-0.004972, 0.000409, 52047311946.797623, 97256246092.726013, 23813637408.648758
-0.004855, 0.000409, 120000000000.054245, 120000000000.061783, 119999999999.969254
-0.004738, 0.000409, 119999999999.962921, 120000000000.061691, 119999999999.980667
-0.004621, 0.000409, 43115187812.373032, 93590050360.710373, 20677212928.912266
-0.004504, 0.000409, 5899089488.026123, 46719835721.596680, 6734407309.482593
-0.004387, 0.000409, 120000000000.053299, 120000000000.062302, 119999999999.980606
-0.004270, 0.000409, 46781371640.291161, 107352535926.877060, 20925373678.419991
-0.004154, 0.000409, 120000000000.053635, 120000000000.061768, 119999999999.980652
-0.004036, 0.000409, 2076247657.889780, 18458085950.063442, 2978115099.094154
-0.003920, 0.000409, 4281317475.129929, 25145002201.661045, 5405541237.985343
-0.003803, 0.000409, 2331062780.515399, 8971577624.827286, 2634150922.674282
-0.003686, 0.000409, 38344616439.470871, 113445807749.227234, 105068518830.150803
-0.003569, 0.000409, 120000000000.053635, 120000000000.061890, 119999999999.969208
-0.003452, 0.000409, 120000000000.054352, 120000000000.062378, 119999999999.969284
-0.003335, 0.000409, 960570538.624983, 1758835990.842298, 1006122782.563601
-0.003218, 0.000409, 500000000.000099, 500000000.000110, 499999999.999987
-0.003101, 0.000409, 109579976901.370834, 117878550097.856247, 116913229641.984680
-0.002984, 0.000409, 120000000000.054855, 119999999999.969086, 119999999999.980667
-0.002867, 0.000409, 120000000000.053146, 120000000000.062057, 119999999999.969208
-0.002750, 0.000409, 120000000000.054047, 120000000000.062515, 119999999999.980743
-0.002633, 0.000409, 1056226591.918944, 3970006005.870667, 1179305697.374543
-0.002516, 0.000409, 120000000000.053375, 120000000000.061447, 119999999999.980728
-0.002399, 0.000409, 120000000000.054230, 120000000000.062180, 119999999999.980743
-0.002282, 0.000409, 5122999040.087834, 33026805780.096027, 6830716365.621052
-0.002165, 0.000409, 2139272332.577762, 7660505033.708678, 2388006401.846620
-0.002048, 0.000409, 119999999999.961456, 120000000000.062103, 119999999999.980652
-0.001931, 0.000409, 120000000000.053421, 120000000000.064056, 119999999999.980743
-0.001814, 0.000409, 973672270.939625, 1809627009.071985, 1021947476.809311
-0.001697, 0.000409, 5665177388.264429, 37650180767.821381, 7782597364.688231
-0.001580, 0.000409, 120000000000.054001, 120000000000.061783, 119999999999.980667
-0.001463, 0.000409, 120000000000.053955, 119999999999.968811, 119999999999.980743
-0.001345, 0.000409, 120000000000.053741, 120000000000.062180, 119999999999.980576
-0.001228, 0.000409, 120000000000.053299, 120000000000.062317, 119999999999.980652
-0.001112, 0.000409, 120000000000.052826, 119999999999.968918, 119999999999.980545
-0.000995, 0.000409, 2107612596.578652, 10005295104.497387, 2564548924.945164
-0.000878, 0.000409, 120000000000.054718, 120000000000.062180, 119999999999.980667
-0.000761, 0.000409, 120000000000.053024, 120000000000.061661, 119999999999.980698
-0.000644, 0.000409, 120000000000.052933, 120000000000.061691, 119999999999.969238
-0.000527, 0.000409, 120000000000.053635, 119999999999.969116, 119999999999.980606
-0.000410, 0.000409, 120000000000.053299, 120000000000.063568, 119999999999.980530
-0.000293, 0.000409, 120000000000.054535, 120000000000.062027, 119999999999.980453
-0.000176, 0.000409, 120000000000.054352, 120000000000.063400, 119999999999.980377
-0.000058, 0.000409, 120000000000.053680, 119999999999.968674, 119999999999.980820
0.000058, 0.000409, 120000000000.053055, 120000000000.061707, 119999999999.980774
0.000175, 0.000409, 120000000000.053467, 120000000000.063736, 119999999999.980606
0.000292, 0.000409, 120000000000.053421, 120000000000.061905, 119999999999.980576
0.000409, 0.000409, 119999999999.961136, 120000000000.062180, 119999999999.980408
0.000526, 0.000409, 120000000000.053299, 120000000000.061584, 119999999999.980576
0.000643, 0.000409, 120000000000.053864, 120000000000.062561, 119999999999.980576
0.000760, 0.000409, 120000000000.054520, 119999999999.969177, 119999999999.980576
0.000877, 0.000409, 120000000000.054733, 120000000000.061172, 119999999999.980698
0.000994, 0.000409, 120000000000.053223, 120000000000.061859, 119999999999.980362
0.001112, 0.000409, 120000000000.052200, 120000000000.061783, 119999999999.980667
0.001228, 0.000409, 120000000000.055145, 120000000000.061493, 119999999999.980545
0.001345, 0.000409, 2701844979.586336, 11669960842.837904, 3116400331.618534
0.001462, 0.000409, 12313867027.244061, 81526813713.403122, 26912847466.069839
0.001579, 0.000409, 120000000000.054047, 120000000000.061905, 119999999999.969284
0.001696, 0.000409, 120000000000.053757, 120000000000.061981, 119999999999.980743
0.001813, 0.000409, 120000000000.052490, 120000000000.062180, 119999999999.980850
0.001930, 0.000409, 120000000000.053635, 120000000000.062302, 119999999999.969254
0.002048, 0.000409, 120000000000.053177, 120000000000.062103, 119999999999.980530
0.002164, 0.000409, 120000000000.054886, 120000000000.062073, 119999999999.980606
0.002282, 0.000409, 120000000000.053421, 120000000000.062103, 119999999999.980728
0.002398, 0.000409, 120000000000.053635, 120000000000.063828, 119999999999.980698
0.002515, 0.000409, 6361730925.374025, 43996822145.385246, 9185072452.821772
0.002632, 0.000409, 3424860351.406940, 17468856455.654377, 4105355355.738115
0.002749, 0.000409, 120000000000.053345, 120000000000.062546, 119999999999.969238
0.002866, 0.000409, 120000000000.053619, 120000000000.062180, 119999999999.980728
0.002983, 0.000409, 1008897126.831207, 3559853481.110017, 1118264661.647016
0.003101, 0.000409, 120000000000.054245, 119999999999.969177, 119999999999.980698
0.003217, 0.000409, 120000000000.054077, 120000000000.061859, 119999999999.980743
0.003335, 0.000409, 120000000000.054169, 120000000000.062180, 119999999999.980621
0.003451, 0.000409, 1239632906.781672, 3144889188.430468, 1381256912.577103
0.003569, 0.000409, 43418514772.798676, 85002887686.314804, 10171021496.615694
0.003685, 0.000409, 1606375626.274477, 4303914905.496052, 1838989859.945791
0.003802, 0.000409, 2752032543.215394, 21998714176.672882, 3776976234.461450
0.003919, 0.000409, 87390059133.690353, 55628516362.460205, 55607962209.721336
0.004037, 0.000409, 119999999999.960846, 120000000000.062149, 119999999999.980774
0.004153, 0.000409, 34303339906.852592, 23768181307.490719, 13218923257.867641
0.004270, 0.000409, 120000000000.054489, 120000000000.062393, 119999999999.980652
0.004388, 0.000409, 102547318197.536148, 118806874678.089706, 116362940987.716263
0.004504, 0.000409, 4103352103.714092, 2856582219.057247, 3811417184.157856
0.004622, 0.000409, 22108313515.061508, 2730477173.613653, 3741482271.674460
0.004738, 0.000409, 21638270650.263279, 2701215454.870976, 3763384249.466722
0.004856, 0.000409, 22153107186.677578, 2754201954.774492, 3790869386.987229
0.004972, 0.000409, 2395345384.384104, 1338249928.320752, 1465567924.236169
0.005090, 0.000409, 1814182229.671264, 4742923340.197629, 2121106471.454702
0.005206, 0.000409, 120000000000.054810, 119999999999.969086, 119999999999.980728
0.005324, 0.000409, 1159605632.921107, 2040551002.983300, 1243664488.005387
0.005440, 0.000409, 797044754.858807, 934302721.788038, 753985237.586680
0.005557, 0.000409, 120000000000.052658, 120000000000.061981, 119999999999.980652
0.005675, 0.000409, 11724059702.679621, 29120407797.230476, 19001944157.972557
0.005791, 0.000409, 502083043.100492, 503599773.610480, 504329286.628450
-0.005791, 0.000526, 500000000.000102, 500000000.000112, 499999999.999988
-0.005674, 0.000526, 782635782.038630, 741770432.649339, 766760957.345195
-0.005557, 0.000526, 1205630469.381512, 931387499.960073, 986194207.803992
-0.005441, 0.000526, 2785682920.273040, 13700339603.397263, 3383990721.992178
-0.005324, 0.000526, 54742505161.308624, 90029911911.249023, 88459897195.369278
-0.005207, 0.000526, 100899923612.269653, 21265873779.159031, 12691202565.525524
-0.005089, 0.000526, 44261230582.304588, 74792676854.900528, 12427936963.449898
-0.004972, 0.000526, 120000000000.054291, 120000000000.062027, 119999999999.969238
-0.004855, 0.000526, 32216133233.091080, 79510019263.362793, 31973436550.761475
-0.004738, 0.000526, 110226998976.412292, 92230208249.895370, 47038853663.797714
-0.004621, 0.000526, 120000000000.052368, 120000000000.061935, 119999999999.969284
-0.004504, 0.000526, 21223920222.819538, 38056664373.406967, 15004672882.226423
-0.004387, 0.000526, 92663121044.289734, 61754360281.898605, 41985324737.562111
-0.004270, 0.000526, 50993886179.750992, 54378467187.274048, 12272097320.212357
-0.004154, 0.000526, 120000000000.053955, 120000000000.062958, 119999999999.980530
-0.004036, 0.000526, 2098315266.668616, 18564270711.686588, 3024581968.516794
-0.003920, 0.000526, 4281317475.129429, 25145002201.661053, 5405541237.985508
-0.003803, 0.000526, 7502506493.860559, 94330138950.051147, 8937387623.866024
-0.003686, 0.000526, 4809000096.581933, 1995791236.703610, 2439008127.777866
-0.003569, 0.000526, 15103972136.468279, 2265772418.070032, 2909418546.682628
-0.003452, 0.000526, 89238682231.368195, 10628920834.265104, 13539596414.999184
-0.003335, 0.000526, 956768661.833648, 1758460212.639878, 1004158272.045455
-0.003218, 0.000526, 500000000.000098, 500000000.000108, 499999999.999987
-0.003101, 0.000526, 109579976901.369339, 117878550097.856354, 116913229641.984741
-0.002984, 0.000526, 8161086858.034754, 8161086858.034665, 9615812550.184778
-0.002867, 0.000526, 33740218656.869720, 2893233562.818606, 3105796435.044167
-0.002750, 0.000526, 120000000000.052826, 120000000000.061462, 119999999999.980743
-0.002633, 0.000526, 1056226591.920499, 3970006005.870568, 1179305697.374846
-0.002516, 0.000526, 120000000000.053345, 120000000000.062302, 119999999999.980652
-0.002399, 0.000526, 120000000000.053101, 120000000000.061615, 119999999999.980652
-0.002282, 0.000526, 5122999040.087834, 33026805780.096027, 6830716365.620702
-0.002165, 0.000526, 2139272332.578622, 7660505033.708678, 2388006401.846283
-0.002048, 0.000526, 120000000000.053711, 120000000000.062057, 119999999999.980576
-0.001931, 0.000526, 120000000000.053925, 120000000000.062866, 119999999999.980652
-0.001814, 0.000526, 973672270.939633, 1809627009.072000, 1021947476.809329
-0.001697, 0.000526, 5665177388.263510, 37650180767.821259, 7782597364.687885
-0.001580, 0.000526, 120000000000.053864, 120000000000.061768, 119999999999.980652
-0.001463, 0.000526, 4146724973.149733, 4146724973.149683, 4612364885.539363
-0.001345, 0.000526, 32979907464.785309, 3234904233.462538, 3549146064.427041
-0.001228, 0.000526, 120000000000.054108, 119999999999.970093, 119999999999.969254
-0.001112, 0.000526, 120000000000.053345, 120000000000.062073, 119999999999.980743
-0.000995, 0.000526, 2271877118.452297, 15984803046.681303, 2923507636.951460
-0.000878, 0.000526, 120000000000.053131, 120000000000.061203, 119999999999.980728
-0.000761, 0.000526, 120000000000.054352, 120000000000.061951, 119999999999.980652
-0.000644, 0.000526, 3290929928.987082, 2614232491.927041, 2818616243.386771
-0.000527, 0.000526, 66440301778.603111, 6194468010.221099, 7102118614.781104
-0.000410, 0.000526, 120000000000.053741, 119999999999.969727, 119999999999.980621
-0.000293, 0.000526, 15863328594.919764, 15863328594.919563, 20074020163.407318
-0.000176, 0.000526, 22794566497.762363, 2290690302.873051, 2275383572.676290
-0.000058, 0.000526, 120000000000.053543, 120000000000.061905, 119999999999.980545
0.000058, 0.000526, 119999999999.960495, 120000000000.062027, 119999999999.969376
0.000175, 0.000526, 5148265133.824623, 2290690302.872444, 2275383572.676348
0.000292, 0.000526, 100992279181.502167, 15863328594.922377, 20074020163.407650
0.000409, 0.000526, 120000000000.055099, 119999999999.969284, 119999999999.980728
0.000526, 0.000526, 6194468010.220364, 6194468010.220255, 7102118614.781185
0.000643, 0.000526, 27445112607.545399, 2614232491.928139, 2818616243.386735
0.000760, 0.000526, 120000000000.054123, 120000000000.062271, 119999999999.969254
0.000877, 0.000526, 119994466115.499847, 119994466115.508041, 119995431984.092682
0.000994, 0.000526, 12676900298.728376, 2130042004.249369, 2116683547.422899
0.001112, 0.000526, 117712399905.829895, 69423145445.497498, 94847598983.601669
0.001228, 0.000526, 120000000000.053864, 120000000000.062057, 119999999999.980545
0.001345, 0.000526, 2701844979.586336, 11669960842.837915, 3116400331.618402
0.001462, 0.000526, 12313867027.247513, 81526813713.403305, 26912847466.069649
0.001579, 0.000526, 120000000000.054398, 120000000000.062347, 119999999999.980728
0.001696, 0.000526, 34159651639.208817, 34159651639.209385, 47446840992.129669
0.001813, 0.000526, 21084021799.812309, 2183843830.839390, 2144765954.968404
0.001930, 0.000526, 120000000000.054123, 120000000000.061951, 119999999999.980743
0.002048, 0.000526, 120000000000.053589, 120000000000.062546, 119999999999.980667
0.002164, 0.000526, 3718961411.732391, 2408413020.438362, 2511312396.110052
0.002282, 0.000526, 82637000399.679794, 8694316648.506073, 10309014467.841404
0.002398, 0.000526, 120000000000.053558, 120000000000.061691, 119999999999.980576
0.002515, 0.000526, 6361730925.374029, 43996822145.385078, 9185072452.822306
0.002632, 0.000526, 3424860351.405466, 17468856455.654396, 4105355355.738367
0.002749, 0.000526, 119999999999.961334, 119999999999.968552, 119999999999.980621
0.002866, 0.000526, 120000000000.054108, 119999999999.968964, 119999999999.980286
0.002983, 0.000526, 1008897126.832074, 3559853481.110205, 1118264661.647012
0.003101, 0.000526, 120000000000.054810, 120000000000.062347, 119999999999.980789
0.003217, 0.000526, 120000000000.054855, 120000000000.061859, 119999999999.980530
0.003335, 0.000526, 120000000000.054047, 120000000000.062180, 119999999999.980255
0.003451, 0.000526, 1091405689.937079, 2158661011.570690, 1172413316.022778
0.003569, 0.000526, 1624896209.341808, 954373676.865939, 1007473332.683401
0.003685, 0.000526, 1075967141.169980, 1856876433.874073, 1159725616.400346
0.003802, 0.000526, 2752032543.214634, 21998714176.673187, 3776976234.461326
0.003919, 0.000526, 77045826036.996399, 78606585701.130600, 19549233941.162743
0.004037, 0.000526, 24202862241.195305, 8975647510.541153, 7719454244.145960
0.004153, 0.000526, 2515989040.378757, 1342278345.878810, 1374127688.144502
0.004270, 0.000526, 10251971778.401308, 1215160322.499645, 1682157297.674372
0.004388, 0.000526, 10698871546.757238, 1200823617.078566, 1697607588.785362
0.004504, 0.000526, 8860272273.247923, 1222125998.574658, 1694767007.268409
0.004622, 0.000526, 4889247102.940917, 1766351374.022270, 2231588679.583839
0.004738, 0.000526, 9664550584.976212, 3000654917.715387, 4139616315.211408
0.004856, 0.000526, 3691741021.754362, 4621027156.670890, 4672979080.670018
0.004972, 0.000526, 120000000000.053864, 120000000000.062347, 119999999999.969208
0.005090, 0.000526, 4653193522.743272, 12116461870.295971, 5439340713.626945
0.005206, 0.000526, 22043428018.090084, 3084490332.518176, 4315541049.019878
0.005324, 0.000526, 18853647399.339451, 15984005289.875425, 5832700071.708434
0.005440, 0.000526, 7234716144.096243, 75210578403.389160, 9816835754.865433
0.005557, 0.000526, 14336085046.811903, 2635668604.631867, 3568432791.070048
0.005675, 0.000526, 5675902907.102153, 2149449522.280285, 2691923330.852127
0.005791, 0.000526, 553702103.725458, 578770491.077705, 563436681.824674
-0.005791, 0.000643, 500000000.000100, 500000000.000098, 499999999.999987
-0.005674, 0.000643, 616468829.954635, 617765271.500930, 617905122.677432
-0.005557, 0.000643, 17574190229.072968, 4760648533.167874, 5008862276.116316
-0.005441, 0.000643, 2501877861.441227, 5553168217.594136, 3246763167.953509
-0.005324, 0.000643, 120000000000.053146, 120000000000.062561, 119999999999.980499
-0.005207, 0.000643, 97311175870.629410, 67288109756.673889, 24047612884.120605
-0.005089, 0.000643, 120000000000.053833, 120000000000.061646, 119999999999.980728
-0.004972, 0.000643, 120000000000.053879, 120000000000.062103, 119999999999.980453
-0.004855, 0.000643, 32525185167.542568, 70797567679.431625, 32226898101.614391
-0.004738, 0.000643, 110448483069.064407, 85943445840.798721, 47486182633.998131
-0.004621, 0.000643, 120000000000.053101, 120000000000.062302, 119999999999.980743
-0.004504, 0.000643, 18076489998.203854, 10579896997.467894, 14436132264.623041
-0.004387, 0.000643, 65703859503.345215, 53354075747.537453, 64671582419.283829
-0.004270, 0.000643, 88214564135.887589, 12671780353.269854, 15668445071.263153
-0.004154, 0.000643, 16020452797.137180, 20003478808.434826, 20817654005.708290
-0.004036, 0.000643, 2875205397.993920, 7499276954.807649, 3252754853.551446
-0.003920, 0.000643, 2685706536.573575, 2999604866.954706, 3340926310.686821
-0.003803, 0.000643, 120000000000.053375, 120000000000.062424, 119999999999.980698
-0.003686, 0.000643, 120000000000.054840, 120000000000.062073, 119999999999.980728
-0.003569, 0.000643, 120000000000.054688, 120000000000.061859, 119999999999.969299
-0.003452, 0.000643, 2616725150.307439, 3832797443.460420, 3373468875.962681
-0.003335, 0.000643, 2326233687.696869, 8014369859.775924, 2183673885.333078
-0.003218, 0.000643, 533502462.586006, 528709002.572049, 533949463.315825
-0.003101, 0.000643, 109579976901.372238, 117878550097.855774, 116913229641.984741
-0.002984, 0.000643, 2644255386.646699, 29249558500.130581, 2806377987.892700
-0.002867, 0.000643, 2355484386.620818, 2694070448.753028, 1313007884.985449
-0.002750, 0.000643, 120000000000.053833, 120000000000.062256, 119999999999.980728
-0.002633, 0.000643, 1056226591.920723, 3970006005.870821, 1179305697.374743
-0.002516, 0.000643, 120000000000.053345, 120000000000.062439, 119999999999.980743
-0.002399, 0.000643, 120000000000.052536, 119999999999.969452, 119999999999.980377
-0.002282, 0.000643, 5122999040.087835, 33026805780.095989, 6830716365.620051
-0.002165, 0.000643, 2139272332.576479, 7660505033.708683, 2388006401.846106
-0.002048, 0.000643, 120000000000.052948, 120000000000.061859, 119999999999.980530
-0.001931, 0.000643, 120000000000.054398, 120000000000.062073, 119999999999.980423
-0.001814, 0.000643, 973672270.939629, 1809627009.071995, 1021947476.809364
-0.001697, 0.000643, 5665177388.257809, 37650180767.821350, 7782597364.687985
-0.001580, 0.000643, 120000000000.052826, 120000000000.062073, 119999999999.980286
-0.001463, 0.000643, 1960619953.493096, 13921611914.019285, 2091440274.117999
-0.001345, 0.000643, 4293154724.770236, 7853993080.546145, 1738435611.011137
-0.001228, 0.000643, 120000000000.053543, 120000000000.062271, 119999999999.980576
-0.001112, 0.000643, 119999999999.961029, 120000000000.061890, 119999999999.980499
-0.000995, 0.000643, 2271877118.450736, 15984803046.681408, 2923507636.951320
-0.000878, 0.000643, 120000000000.053131, 120000000000.062027, 119999999999.980743
-0.000761, 0.000643, 119999999999.961792, 120000000000.062180, 119999999999.969238
-0.000644, 0.000643, 1537682982.028407, 3350122171.640142, 1433910279.407153
-0.000527, 0.000643, 15445302400.270042, 27445112607.643093, 2818616243.375247
-0.000410, 0.000643, 120000000000.053421, 120000000000.062256, 119999999999.980728
-0.000293, 0.000643, 4922951533.583821, 64180644574.263802, 5423466782.621490
-0.000176, 0.000643, 2800051023.904603, 1247484727.624246, 1155048205.748772
-0.000058, 0.000643, 119999999999.961517, 119999999999.969406, 119999999999.980728
0.000058, 0.000643, 120000000000.053741, 120000000000.062302, 119999999999.980743
0.000175, 0.000643, 1652767659.129537, 1247484726.803354, 1155048205.740674
0.000292, 0.000643, 44146481348.563728, 64180644574.829895, 5423466782.923979
0.000409, 0.000643, 120000000000.055176, 120000000000.062073, 119999999999.980576
0.000526, 0.000643, 2614232491.926780, 27445112606.994114, 2818616243.364699
0.000643, 0.000643, 3350122171.791931, 3350122172.599032, 1433910279.436537
0.000760, 0.000643, 120000000000.056198, 120000000000.062027, 119999999999.980652
0.000877, 0.000643, 33546944530.354713, 113242264714.927734, 48567742702.590645
0.000994, 0.000643, 1934714361.351958, 1090999673.474543, 1020637986.724274
0.001112, 0.000643, 83158424573.236664, 100498184973.383240, 15442995279.688148
0.001228, 0.000643, 120000000000.053558, 119999999999.969696, 119999999999.980408
0.001345, 0.000643, 2701844979.586337, 11669960842.837898, 3116400331.618528
0.001462, 0.000643, 12313867027.244949, 81526813713.403214, 26912847466.070816
0.001579, 0.000643, 120000000000.052979, 120000000000.061813, 119999999999.980743
0.001696, 0.000643, 8166577519.771216, 86920586305.504730, 9184028393.366034
0.001813, 0.000643, 2401890369.780138, 1115097225.245905, 1058676445.983460
0.001930, 0.000643, 118062856575.472839, 118321168688.629395, 109888631337.450699
0.002048, 0.000643, 120000000000.053391, 119999999999.967941, 119999999999.980255
0.002164, 0.000643, 1555512729.845509, 1901552744.154354, 1291751797.044384
0.002282, 0.000643, 25291176060.095127, 41304463248.010551, 3612140201.028207
0.002398, 0.000643, 120000000000.054001, 120000000000.062271, 119999999999.980820
0.002515, 0.000643, 6361730925.374027, 43996822145.385399, 9185072452.822268
0.002632, 0.000643, 3424860351.407354, 17468856455.654369, 4105355355.738137
0.002749, 0.000643, 120000000000.054565, 119999999999.968597, 119999999999.980728
0.002866, 0.000643, 120000000000.053741, 120000000000.062302, 119999999999.980652
0.002983, 0.000643, 1008897126.832091, 3559853481.110281, 1118264661.647203
0.003101, 0.000643, 120000000000.054245, 120000000000.061981, 119999999999.980820
0.003217, 0.000643, 120000000000.053665, 119999999999.969376, 119999999999.980576
0.003335, 0.000643, 119999999999.960541, 120000000000.062347, 119999999999.980286
0.003451, 0.000643, 1057298827.828819, 2099543819.722023, 1115369529.763837
0.003569, 0.000643, 514863223.829890, 514863223.832513, 518798609.543316
0.003685, 0.000643, 4877753023.919157, 9779164277.747799, 1902893161.565333
0.003802, 0.000643, 1829031392.414324, 3910906582.983282, 2094293910.917291
0.003919, 0.000643, 57516806116.815147, 67279796972.362656, 63426346328.405746
0.004037, 0.000643, 22373024417.525120, 2958361596.586759, 4137240477.732864
0.004153, 0.000643, 2379393277.317910, 2212799680.254807, 2118470381.899695
0.004270, 0.000643, 18681006523.634892, 3216774594.628618, 4143934274.822017
0.004388, 0.000643, 13121323517.645170, 4093658088.718792, 4542121460.413541
0.004504, 0.000643, 5796299147.479851, 3340014651.425551, 4055132251.809290
0.004622, 0.000643, 1336908696.568694, 1430671633.943789, 1203920164.255709
0.004738, 0.000643, 4215782952.465604, 1373107232.605798, 1550179922.590664
0.004856, 0.000643, 2398261375.275799, 3725127133.481410, 2770663761.270339
0.004972, 0.000643, 120000000000.053864, 120000000000.061783, 119999999999.980728
0.005090, 0.000643, 120000000000.054108, 119999999999.968506, 119999999999.969238
0.005206, 0.000643, 98407437958.848038, 55430547727.213043, 20357213274.979622
0.005324, 0.000643, 119999999999.961090, 119999999999.969940, 119999999999.980453
0.005440, 0.000643, 27008541094.188206, 25072763213.103683, 33813382507.661377
0.005557, 0.000643, 7509992347.764492, 2861419207.066535, 3996015135.776624
0.005675, 0.000643, 17956511020.423672, 2831212261.147933, 3897693451.873940
0.005791, 0.000643, 581243915.046592, 687466523.849457, 597080120.300247
-0.005791, 0.000760, 501910886.466388, 503257837.058717, 504291796.969728
-0.005674, 0.000760, 12991783388.183542, 71674333045.320816, 6777242277.489880
-0.005557, 0.000760, 120000000000.054535, 119999999999.968811, 119999999999.980728
-0.005441, 0.000760, 2811270714.707633, 22121665397.796288, 3787913263.493748
-0.005324, 0.000760, 49873126536.846565, 56722907527.292694, 23591163650.737480
-0.005207, 0.000760, 120000000000.054245, 120000000000.061935, 119999999999.980408
-0.005089, 0.000760, 38974087873.548965, 49416467007.935295, 23508745774.386189
-0.004972, 0.000760, 24571595427.892551, 58582248408.689980, 23406569754.738300
-0.004855, 0.000760, 120000000000.053543, 120000000000.061691, 119999999999.980728
-0.004738, 0.000760, 120000000000.054474, 120000000000.062180, 119999999999.980728
-0.004621, 0.000760, 61051201318.725983, 58303546450.376114, 23231675101.627235
-0.004504, 0.000760, 91619297510.735748, 61133405529.156227, 58512401231.887672
-0.004387, 0.000760, 120000000000.053741, 119999999999.969650, 119999999999.980728
-0.004270, 0.000760, 93702811079.403336, 70385056368.666824, 57132000224.265854
-0.004154, 0.000760, 29210910986.764660, 70253828911.951706, 27727853368.006741
-0.004036, 0.000760, 119818224973.093430, 119855116010.261414, 119877743584.720673
-0.003920, 0.000760, 28201836061.600895, 79759559738.793259, 28458632153.942673
-0.003803, 0.000760, 119994540744.640533, 119994287991.180466, 119995020601.242447
-0.003686, 0.000760, 120000000000.053879, 120000000000.063110, 119999999999.980408
-0.003569, 0.000760, 119999999999.963043, 119999999999.970627, 119999999999.980301
-0.003452, 0.000760, 120000000000.053955, 120000000000.061783, 119999999999.980545
-0.003335, 0.000760, 1003456906.518568, 1581967266.130534, 1089842111.857749
-0.003218, 0.000760, 1631804936.261337, 5852940486.145613, 1696125396.370396
-0.003101, 0.000760, 109579976901.372330, 117878550097.856705, 116913229641.984680
-0.002984, 0.000760, 120000000000.053055, 119999999999.968811, 119999999999.969009
-0.002867, 0.000760, 120000000000.054474, 120000000000.063416, 119999999999.969208
-0.002750, 0.000760, 120000000000.054932, 120000000000.062805, 119999999999.980728
-0.002633, 0.000760, 1056226591.919884, 3970006005.870965, 1179305697.374667
-0.002516, 0.000760, 120000000000.054398, 120000000000.061935, 119999999999.980576
-0.002399, 0.000760, 120000000000.052811, 120000000000.063232, 119999999999.980667
-0.002282, 0.000760, 5122999040.087835, 33026805780.095985, 6830716365.620802
-0.002165, 0.000760, 2139272332.577812, 7660505033.708683, 2388006401.845798
-0.002048, 0.000760, 120000000000.054245, 120000000000.062134, 119999999999.980652
-0.001931, 0.000760, 120000000000.055511, 120000000000.062027, 119999999999.969177
-0.001814, 0.000760, 973672270.939624, 1809627009.071989, 1021947476.809444
-0.001697, 0.000760, 5665177388.260878, 37650180767.821259, 7782597364.688161
-0.001580, 0.000760, 120000000000.053589, 120000000000.062134, 119999999999.980530
-0.001463, 0.000760, 120000000000.054230, 120000000000.062546, 119999999999.980743
-0.001345, 0.000760, 120000000000.053589, 120000000000.061935, 119999999999.980728
-0.001228, 0.000760, 120000000000.054153, 120000000000.062546, 119999999999.980667
-0.001112, 0.000760, 120000000000.053925, 119999999999.970596, 119999999999.969040
-0.000995, 0.000760, 2271877118.450608, 15984803046.681705, 2923507636.951186
-0.000878, 0.000760, 120000000000.053146, 120000000000.062271, 119999999999.980652
-0.000761, 0.000760, 120000000000.054230, 119999999999.970627, 119999999999.980728
-0.000644, 0.000760, 120000000000.055756, 120000000000.061829, 119999999999.980728
-0.000527, 0.000760, 120000000000.055023, 120000000000.062195, 119999999999.980774
-0.000410, 0.000760, 119999999999.960602, 119999999999.969009, 119999999999.980743
-0.000293, 0.000760, 120000000000.052246, 120000000000.061951, 119999999999.980499
-0.000176, 0.000760, 120000000000.054169, 120000000000.061325, 119999999999.980499
-0.000058, 0.000760, 120000000000.055054, 120000000000.062668, 119999999999.980728
0.000058, 0.000760, 120000000000.054108, 119999999999.968765, 119999999999.969254
0.000175, 0.000760, 120000000000.055267, 120000000000.060486, 119999999999.980774
0.000292, 0.000760, 120000000000.054855, 120000000000.061615, 119999999999.980255
0.000409, 0.000760, 119999999999.959717, 120000000000.062469, 119999999999.980698
0.000526, 0.000760, 120000000000.053177, 119999999999.969299, 119999999999.969254
0.000643, 0.000760, 120000000000.053299, 120000000000.062180, 119999999999.980728
0.000760, 0.000760, 120000000000.054398, 120000000000.063202, 119999999999.980545
0.000877, 0.000760, 120000000000.054855, 120000000000.062317, 119999999999.980728
0.000994, 0.000760, 120000000000.053589, 120000000000.062347, 119999999999.980530
0.001112, 0.000760, 119999999999.961227, 119999999999.968887, 119999999999.980774
0.001228, 0.000760, 120000000000.054535, 120000000000.061249, 119999999999.980621
0.001345, 0.000760, 2701844979.586336, 11669960842.837917, 3116400331.618535
0.001462, 0.000760, 12313867027.240370, 81526813713.402985, 26912847466.070259
0.001579, 0.000760, 120000000000.054901, 120000000000.062500, 119999999999.980652
0.001696, 0.000760, 120000000000.053589, 120000000000.062469, 119999999999.980728
0.001813, 0.000760, 120000000000.052856, 120000000000.062103, 119999999999.980652
0.001930, 0.000760, 120000000000.054535, 120000000000.062225, 119999999999.980576
0.002048, 0.000760, 120000000000.053741, 120000000000.062271, 119999999999.980576
0.002164, 0.000760, 119999999999.961548, 120000000000.062103, 119999999999.969238
0.002282, 0.000760, 120000000000.055450, 120000000000.062561, 119999999999.980728
0.002398, 0.000760, 120000000000.054245, 120000000000.062317, 119999999999.980576
0.002515, 0.000760, 6361730925.374028, 43996822145.385475, 9185072452.821840
0.002632, 0.000760, 3424860351.412089, 17468856455.654408, 4105355355.738288
0.002749, 0.000760, 120000000000.054031, 120000000000.061447, 119999999999.980652
0.002866, 0.000760, 120000000000.053864, 119999999999.969986, 119999999999.980408
0.002983, 0.000760, 1008897126.832011, 3559853481.110211, 1118264661.646975
0.003101, 0.000760, 120000000000.053375, 120000000000.062073, 119999999999.969254
0.003217, 0.000760, 120000000000.052948, 120000000000.062180, 119999999999.980667
0.003335, 0.000760, 120000000000.053635, 120000000000.062317, 119999999999.980774
0.003451, 0.000760, 1125260189.369990, 2364758921.051342, 1213458593.612149
0.003569, 0.000760, 4823949410.747322, 4823949411.111866, 1784659176.977745
0.003685, 0.000760, 739957189.229352, 739957189.228809, 755447651.599730
0.003802, 0.000760, 1061720670.728111, 2181644593.421610, 1133457360.339299
0.003919, 0.000760, 16775622555.744900, 61888734808.154755, 11767123839.930780
0.004037, 0.000760, 120000000000.054077, 120000000000.061935, 119999999999.980621
0.004153, 0.000760, 3011673450.419241, 36502701154.832504, 4242801669.541670
0.004270, 0.000760, 20593878924.834335, 87778309696.547684, 14617753888.559769
0.004388, 0.000760, 120000000000.054276, 120000000000.063278, 119999999999.969177
0.004504, 0.000760, 10335139049.164082, 28442606706.187687, 7969504973.380692
0.004622, 0.000760, 3046593349.173959, 11843858053.417681, 3722071952.655073
0.004738, 0.000760, 119999305723.355713, 119999312181.919006, 119999322614.924423
0.004856, 0.000760, 3882229182.097196, 22729802781.024517, 5367772340.376272
0.004972, 0.000760, 119999999999.961212, 120000000000.062027, 119999999999.980286
0.005090, 0.000760, 37677588935.865486, 54929057226.261497, 20351200087.059071
0.005206, 0.000760, 120000000000.053223, 120000000000.062302, 119999999999.980789
0.005324, 0.000760, 15020321881.670347, 19681241096.736153, 7852023227.079501
0.005440, 0.000760, 2651284677.431417, 6595177488.943954, 3665028698.025167
0.005557, 0.000760, 116479205121.826035, 116479205121.864288, 77960765277.337265
0.005675, 0.000760, 5424360863.817926, 71674333045.080276, 6777242277.449115
0.005791, 0.000760, 502043290.353849, 503257837.058662, 504291796.969739
-0.005791, 0.000877, 500000000.000098, 500000000.000113, 499999999.999988
-0.005674, 0.000877, 2030983108.014454, 1882123719.301359, 1985686608.463541
-0.005557, 0.000877, 7135263233.390887, 4958206862.636433, 7180410235.216414
-0.005441, 0.000877, 5559021249.193479, 38897241212.304810, 4837593357.793327
-0.005324, 0.000877, 115247161681.376877, 118043708608.727020, 112163860927.840836
-0.005207, 0.000877, 113268971982.312210, 45805504072.989281, 85841989596.737579
-0.005089, 0.000877, 114983498785.222610, 118020293386.563263, 112303912240.664734
-0.004972, 0.000877, 112709225745.408157, 117967014672.489441, 112304090645.000031
-0.004855, 0.000877, 115746815952.441162, 66312839328.095024, 100119400248.724716
-0.004738, 0.000877, 116905231942.816132, 66290907012.663727, 99985494028.811935
-0.004621, 0.000877, 116386579724.437897, 117886085798.143646, 112103913483.644669
-0.004504, 0.000877, 33399859372.368286, 83982492793.805740, 13885204549.180250
-0.004387, 0.000877, 115121404448.910568, 26847361716.031403, 52078546595.821373
-0.004270, 0.000877, 2922459802.251946, 14020166617.522411, 3983740288.418933
-0.004154, 0.000877, 8749322865.083736, 47151457840.355156, 12498184996.262976
-0.004036, 0.000877, 80076666165.255554, 28145823854.312271, 54240572241.099388
-0.003920, 0.000877, 10616047299.747448, 25987020297.206215, 11087811298.592499
-0.003803, 0.000877, 102107350641.772247, 116359296664.445160, 68562309997.027092
-0.003686, 0.000877, 120000000000.053467, 119999999999.968933, 119999999999.980240
-0.003569, 0.000877, 66517878516.110222, 6048532444.862971, 6708131683.648444
-0.003452, 0.000877, 120000000000.053009, 120000000000.062271, 119999999999.980606
-0.003335, 0.000877, 682680833.185634, 975045269.684320, 705861353.313277
-0.003218, 0.000877, 2116081882.029561, 22334491826.977528, 2605332264.299734
-0.003101, 0.000877, 30289154924.634998, 4038958597.353532, 4681692648.642128
-0.002984, 0.000877, 120000000000.053955, 120000000000.062073, 119999999999.980728
-0.002867, 0.000877, 120000000000.053467, 120000000000.062515, 119999999999.980621
-0.002750, 0.000877, 120000000000.054565, 120000000000.062393, 119999999999.969177
-0.002633, 0.000877, 1056226591.919949, 3970006005.870811, 1179305697.374546
-0.002516, 0.000877, 120000000000.053070, 120000000000.061661, 119999999999.980728
-0.002399, 0.000877, 120000000000.054901, 120000000000.063354, 119999999999.980530
-0.002282, 0.000877, 5122999040.087834, 33026805780.096016, 6830716365.620627
-0.002165, 0.000877, 2139272332.576598, 7660505033.708674, 2388006401.846010
-0.002048, 0.000877, 120000000000.053467, 120000000000.062469, 119999999999.980667
-0.001931, 0.000877, 120000000000.053680, 120000000000.061935, 119999999999.980606
-0.001814, 0.000877, 973672270.939628, 1809627009.072031, 1021947476.809360
-0.001697, 0.000877, 5665177388.263556, 37650180767.821159, 7782597364.687964
-0.001580, 0.000877, 120000000000.053299, 120000000000.061539, 119999999999.980652
-0.001463, 0.000877, 69423145445.496628, 69423145445.498978, 94847598983.601105
-0.001345, 0.000877, 114761505895.208801, 37129626086.857513, 51698203300.679298
-0.001228, 0.000877, 120000000000.054245, 120000000000.062393, 119999999999.980774
-0.001112, 0.000877, 120000000000.055222, 120000000000.062424, 119999999999.980743
-0.000995, 0.000877, 1468812334.686109, 2903957263.522779, 1616280079.885025
-0.000878, 0.000877, 87016392099.730255, 9730779721.837996, 11672525578.964865
-0.000761, 0.000877, 120000000000.053543, 120000000000.061295, 119999999999.980545
-0.000644, 0.000877, 119999999999.962402, 120000000000.062149, 119999999999.980774
-0.000527, 0.000877, 120000000000.054230, 120000000000.062424, 119999999999.969360
-0.000410, 0.000877, 120000000000.054657, 120000000000.062393, 119999999999.980652
-0.000293, 0.000877, 120000000000.054047, 120000000000.062256, 119999999999.980606
-0.000176, 0.000877, 120000000000.053375, 120000000000.061707, 119999999999.980408
-0.000058, 0.000877, 120000000000.053497, 120000000000.061661, 119999999999.980545
0.000058, 0.000877, 120000000000.053299, 120000000000.061691, 119999999999.980652
0.000175, 0.000877, 120000000000.052856, 120000000000.061981, 119999999999.980728
0.000292, 0.000877, 120000000000.053558, 120000000000.062546, 119999999999.980621
0.000409, 0.000877, 120000000000.054352, 120000000000.062073, 119999999999.980774
0.000526, 0.000877, 120000000000.054169, 120000000000.061783, 119999999999.969284
0.000643, 0.000877, 119999999999.961212, 120000000000.062378, 119999999999.980408
0.000760, 0.000877, 120000000000.053421, 120000000000.062546, 119999999999.969040
0.000877, 0.000877, 120000000000.053268, 120000000000.061951, 119999999999.980728
0.000994, 0.000877, 111274161717.119492, 33478997688.553078, 48594138103.803490
0.001112, 0.000877, 120000000000.052856, 120000000000.062073, 119999999999.980743
0.001228, 0.000877, 119999999999.961105, 120000000000.062180, 119999999999.980743
0.001345, 0.000877, 2931661332.361582, 41317634471.527489, 3385696252.068794
0.001462, 0.000877, 9508240811.393585, 12294081670.603861, 11453150293.614389
0.001579, 0.000877, 119999999999.961060, 120000000000.062103, 119999999999.980576
0.001696, 0.000877, 119999999999.961426, 120000000000.062180, 119999999999.969330
0.001813, 0.000877, 120000000000.053055, 119999999999.970749, 119999999999.980606
0.001930, 0.000877, 120000000000.054855, 120000000000.062057, 119999999999.980728
0.002048, 0.000877, 119999999999.961182, 120000000000.061829, 119999999999.980652
0.002164, 0.000877, 120000000000.053375, 120000000000.061340, 119999999999.980453
0.002282, 0.000877, 120000000000.052979, 120000000000.062393, 119999999999.969254
0.002398, 0.000877, 120000000000.053665, 119999999999.968750, 119999999999.980728
0.002515, 0.000877, 6361730925.374028, 43996822145.385239, 9185072452.821966
0.002632, 0.000877, 3424860351.407750, 17468856455.654377, 4105355355.738483
0.002749, 0.000877, 120000000000.053375, 120000000000.061737, 119999999999.980301
0.002866, 0.000877, 119998900242.206940, 119998900242.215576, 119998942256.510849
0.002983, 0.000877, 1106058205.808366, 3551390171.610118, 1246123807.381275
0.003101, 0.000877, 119999999999.961014, 120000000000.061691, 119999999999.980728
0.003217, 0.000877, 120000000000.054901, 120000000000.061951, 119999999999.980652
0.003335, 0.000877, 5633013219.023881, 5633013219.036238, 7267983705.550492
0.003451, 0.000877, 6055970547.657653, 6055970547.898911, 3748648287.385455
0.003569, 0.000877, 739957189.229353, 739957189.228812, 755447651.599725
0.003685, 0.000877, 500000000.000101, 500000000.000107, 499999999.999987
0.003802, 0.000877, 1081347128.366711, 2183928930.828187, 1141232322.245758
0.003919, 0.000877, 43076098968.130150, 35219311680.258408, 12552040128.453917
0.004037, 0.000877, 16453870417.957834, 9254548665.243292, 14711191084.684139
0.004153, 0.000877, 79809619837.482590, 108207515323.293716, 54571194969.033310
0.004270, 0.000877, 17012585757.955242, 59069539227.582405, 12850000274.011696
0.004388, 0.000877, 108627184250.366898, 27080796275.254478, 57089118538.018074
0.004504, 0.000877, 119989583958.297729, 119990357949.117645, 119991723565.066818
0.004622, 0.000877, 2483483123.440261, 14299340777.505171, 3416114573.328760
0.004738, 0.000877, 25995276708.984798, 3942218179.837608, 5528486473.727097
0.004856, 0.000877, 74123023269.423660, 76178282275.040024, 19826117266.170567
0.004972, 0.000877, 120000000000.054001, 120000000000.062195, 119999999999.969330
0.005090, 0.000877, 115689738124.190491, 118466846923.213623, 115767641469.596756
0.005206, 0.000877, 113250271605.646347, 30125586038.420483, 51487977503.958847
0.005324, 0.000877, 60794865281.726433, 98427206546.917114, 15260791237.694075
0.005440, 0.000877, 3358765279.192667, 35939116547.608612, 4755144774.516311
0.005557, 0.000877, 55332476224.561348, 4877317015.938184, 6988261189.866783
0.005675, 0.000877, 2883471155.974782, 2602011875.595547, 3030375262.190432
0.005791, 0.000877, 515155767.504836, 513814771.725205, 516545256.412477
-0.005791, 0.000994, 552671689.313519, 609613532.856412, 566462918.680469
-0.005674, 0.000994, 17559215777.269718, 3428301397.478827, 4113412771.612298
-0.005557, 0.000994, 98699770539.607086, 12323090030.528244, 7356891683.816073
-0.005441, 0.000994, 119999999999.962082, 120000000000.062469, 119999999999.980621
-0.005324, 0.000994, 120000000000.054840, 120000000000.062744, 119999999999.980728
-0.005207, 0.000994, 96450166814.597366, 44377759643.632530, 17985127950.049450
-0.005089, 0.000994, 119999999999.962799, 119999999999.968445, 119999999999.980667
-0.004972, 0.000994, 120000000000.054276, 120000000000.061783, 119999999999.980621
-0.004855, 0.000994, 21902674978.658958, 106085408395.448700, 27047821008.849438
-0.004738, 0.000994, 112078459740.174271, 112078459740.234100, 43127956781.545387
-0.004621, 0.000994, 29495372250.777538, 25869953741.500870, 34989370529.057411
-0.004504, 0.000994, 22018171528.611279, 3722246663.229954, 5502165182.887543
-0.004387, 0.000994, 14372832871.186056, 2997722711.243752, 3604516867.690705
-0.004270, 0.000994, 99956592191.316238, 71589402074.136063, 12415699920.839645
-0.004154, 0.000994, 120000000000.053986, 120000000000.062561, 119999999999.980408
-0.004036, 0.000994, 41019910109.958931, 31972463453.149017, 12150777776.158882
-0.003920, 0.000994, 118512168848.809769, 117238371249.087158, 100300113653.448425
-0.003803, 0.000994, 120000000000.052689, 120000000000.061813, 119999999999.969177
-0.003686, 0.000994, 23496762297.710972, 107438093846.788498, 32105725920.789783
-0.003569, 0.000994, 748676291.183682, 734955564.027440, 747979797.636027
-0.003452, 0.000994, 101299571510.853561, 101683315499.263351, 21228090499.399841
-0.003335, 0.000994, 682680833.185635, 975045269.684180, 705861353.313260
-0.003218, 0.000994, 849085423.129949, 852023853.909522, 871354633.271007
-0.003101, 0.000994, 4268757150.027660, 4152513162.587921, 3117287642.792412
-0.002984, 0.000994, 14592733984.114264, 4551674321.787218, 5971377644.950778
-0.002867, 0.000994, 120000000000.053619, 119999999999.968842, 119999999999.980652
-0.002750, 0.000994, 120000000000.053497, 120000000000.062180, 119999999999.980774
-0.002633, 0.000994, 1056226591.919977, 3970006005.870506, 1179305697.374724
-0.002516, 0.000994, 120000000000.053497, 120000000000.061661, 119999999999.980728
-0.002399, 0.000994, 120000000000.055145, 120000000000.062302, 119999999999.980667
-0.002282, 0.000994, 5122999040.087835, 33026805780.095989, 6830716365.620876
-0.002165, 0.000994, 2139272332.577100, 7660505033.708691, 2388006401.846407
-0.002048, 0.000994, 120000000000.053314, 120000000000.062073, 119999999999.980667
-0.001931, 0.000994, 120000000000.053467, 119999999999.969009, 119999999999.980530
-0.001814, 0.000994, 973672270.939634, 1809627009.071995, 1021947476.809368
-0.001697, 0.000994, 5665177388.262063, 37650180767.821297, 7782597364.688090
-0.001580, 0.000994, 120000000000.053635, 120000000000.062317, 119999999999.980499
-0.001463, 0.000994, 1603867340.804172, 5551903005.748608, 1528735842.370269
-0.001345, 0.000994, 1391693217.642483, 3441166969.122186, 1264006329.418038
-0.001228, 0.000994, 120000000000.053741, 120000000000.062439, 119999999999.980698
-0.001112, 0.000994, 120000000000.055328, 119999999999.969299, 119999999999.980652
-0.000995, 0.000994, 29165036959.351761, 111203893060.084274, 39746438424.312103
-0.000878, 0.000994, 1285959193.204405, 1313315981.025402, 1398779730.347411
-0.000761, 0.000994, 3065002346.864713, 1302561748.669968, 1390852063.574093
-0.000644, 0.000994, 3065002346.864709, 1302561748.669970, 1390852063.574093
-0.000527, 0.000994, 3065002346.864709, 1302561748.669970, 1390852063.574093
-0.000410, 0.000994, 3065002346.864703, 1302561748.669970, 1390852063.574093
-0.000293, 0.000994, 3065002346.864710, 1302561748.669972, 1390852063.574094
-0.000176, 0.000994, 3065002346.864706, 1302561748.669971, 1390852063.574094
-0.000058, 0.000994, 3065002346.864709, 1302561748.669979, 1390852063.574093
0.000058, 0.000994, 3065002346.864704, 1302561748.669970, 1390852063.574094
0.000175, 0.000994, 3065002346.864710, 1302561748.669969, 1390852063.574094
0.000292, 0.000994, 3065002346.864708, 1302561748.669970, 1390852063.574094
0.000409, 0.000994, 3198693695.431437, 1306952522.244183, 1393160428.972034
0.000526, 0.000994, 77161481523.023132, 7715780623.804424, 9035947611.274281
0.000643, 0.000994, 120000000000.054932, 120000000000.061905, 119999999999.980576
0.000760, 0.000994, 120000000000.054565, 120000000000.060928, 119999999999.969238
0.000877, 0.000994, 33478997688.543388, 111274161716.976303, 48594138103.803650
0.000994, 0.000994, 722233651.763156, 722233651.741518, 709181557.974683
0.001112, 0.000994, 96470776378.786484, 92998747638.026413, 15502921045.355270
0.001228, 0.000994, 120000000000.054321, 119999999999.969177, 119999999999.980728
0.001345, 0.000994, 100557869380.612701, 119209360345.621674, 116371606489.103638
0.001462, 0.000994, 1980500543.648384, 2156460973.208370, 2372464170.490408
0.001579, 0.000994, 14020169817.756500, 2907534197.694691, 3426871958.190705
0.001696, 0.000994, 14184832210.072330, 3021363979.711236, 3548681912.196194
0.001813, 0.000994, 14184832210.072306, 3021363979.711237, 3548681912.196194
0.001930, 0.000994, 14184832210.072317, 3021363979.711235, 3548681912.196195
0.002048, 0.000994, 75669393267.042770, 3480090670.769554, 4130828970.484373
0.002164, 0.000994, 120000000000.054153, 119999999999.969040, 119999999999.980698
0.002282, 0.000994, 119999999999.961212, 120000000000.061707, 119999999999.980652
0.002398, 0.000994, 120000000000.054153, 120000000000.061935, 119999999999.980667
0.002515, 0.000994, 6361730925.374025, 43996822145.385193, 9185072452.821791
0.002632, 0.000994, 3424860351.407839, 17468856455.654377, 4105355355.738521
0.002749, 0.000994, 119998900242.206238, 119998900242.215698, 119998942256.510849
0.002866, 0.000994, 1697001752.740136, 1697001752.745541, 1918554684.321521
0.002983, 0.000994, 57701736300.140205, 57701736300.461098, 5982543279.313853
0.003101, 0.000994, 120000000000.054565, 120000000000.063354, 119999999999.980530
0.003217, 0.000994, 5633013219.028637, 5633013219.036799, 7267983705.550489
0.003335, 0.000994, 6055970547.659837, 6055970547.899156, 3748648287.385153
0.003451, 0.000994, 739957189.229355, 739957189.228812, 755447651.599733
0.003569, 0.000994, 500000000.000100, 500000000.000093, 499999999.999987
0.003685, 0.000994, 500000000.000101, 500000000.000099, 499999999.999987
0.003802, 0.000994, 1081347128.366328, 2183928930.828189, 1141232322.245242
0.003919, 0.000994, 120000000000.054733, 120000000000.062271, 119999999999.969177
0.004037, 0.000994, 112625394939.402374, 94409496162.190781, 38567084958.111191
0.004153, 0.000994, 120000000000.052658, 120000000000.062073, 119999999999.980545
0.004270, 0.000994, 120000000000.054733, 120000000000.062439, 119999999999.969238
0.004388, 0.000994, 2638961414.131785, 3777059846.135797, 3039022444.324969
0.004504, 0.000994, 3536040857.924530, 1488790680.608602, 1621195778.659261
0.004622, 0.000994, 3662712879.833425, 10955099617.122021, 4276083104.017516
0.004738, 0.000994, 119238455589.628403, 99782880326.436951, 117531118565.856369
0.004856, 0.000994, 119999999999.962601, 120000000000.062515, 119999999999.969086
0.004972, 0.000994, 120000000000.054688, 120000000000.061859, 119999999999.980362
0.005090, 0.000994, 119844828309.646729, 119820497411.488892, 119958659002.738861
0.005206, 0.000994, 103094630371.139023, 79257281140.597168, 19945349073.925232
0.005324, 0.000994, 120000000000.054535, 120000000000.062057, 119999999999.980728
0.005440, 0.000994, 120000000000.054840, 119999999999.968689, 119999999999.980850
0.005557, 0.000994, 17987267882.462994, 11956023197.402763, 7121273350.710122
0.005675, 0.000994, 105562343608.850555, 55810879995.999123, 12894869819.469820
0.005791, 0.000994, 601480164.475188, 768089771.288332, 619267331.874982
-0.005791, 0.001112, 565535117.651039, 680130789.981914, 581363273.383540
-0.005674, 0.001112, 120000000000.053467, 120000000000.061539, 119999999999.969330
-0.005557, 0.001112, 36362754382.817551, 3777521766.837762, 3988808350.767754
-0.005441, 0.001112, 119928656241.550354, 119768260913.472427, 119952379133.815811
-0.005324, 0.001112, 119892549688.560989, 119854384061.968002, 119933325096.389160
-0.005207, 0.001112, 90773474450.462112, 86121773825.406174, 25506753022.394112
-0.005089, 0.001112, 119890890534.341721, 119842459870.425781, 119933085090.576828
-0.004972, 0.001112, 120000000000.054291, 120000000000.062668, 119999999999.980667
-0.004855, 0.001112, 119999999999.961700, 120000000000.062073, 119999999999.969360
-0.004738, 0.001112, 120000000000.054398, 120000000000.062134, 119999999999.980698
-0.004621, 0.001112, 3603230487.353922, 23448739652.879082, 5232338057.293894
-0.004504, 0.001112, 118191815108.386948, 118191815108.415039, 102246943546.418182
-0.004387, 0.001112, 80455905591.353058, 49540250688.962593, 13891197561.933144
-0.004270, 0.001112, 18421202796.830067, 29528442985.090366, 12456183700.253487
-0.004154, 0.001112, 119892488187.314896, 119860317348.442169, 119933241799.442352
-0.004036, 0.001112, 30901137992.100422, 53180794513.466850, 24944122299.312679
-0.003920, 0.001112, 118636790746.698380, 117478470467.823349, 117440135838.850418
-0.003803, 0.001112, 120000000000.054733, 119999999999.968643, 119999999999.980545
-0.003686, 0.001112, 120000000000.053131, 119999999999.969177, 119999999999.980545
-0.003569, 0.001112, 119597866790.254578, 119627485189.986496, 119609363386.865417
-0.003452, 0.001112, 120000000000.053909, 119999999999.969330, 119999999999.980652
-0.003335, 0.001112, 682680833.185639, 975045269.684467, 705861353.313275
-0.003218, 0.001112, 500000000.000105, 500000000.000106, 499999999.999988
-0.003101, 0.001112, 1688999591.064111, 2105196524.648350, 1813393245.670075
-0.002984, 0.001112, 3325713543.144511, 8842514067.090246, 4541872054.156176
-0.002867, 0.001112, 119999999999.962082, 120000000000.062469, 119999999999.980698
-0.002750, 0.001112, 120000000000.054413, 120000000000.062103, 119999999999.980728
-0.002633, 0.001112, 1056226591.919780, 3970006005.870564, 1179305697.374560
-0.002516, 0.001112, 120000000000.053955, 120000000000.061584, 119999999999.980743
-0.002399, 0.001112, 120000000000.053741, 120000000000.062195, 119999999999.980499
-0.002282, 0.001112, 5122999040.087834, 33026805780.096043, 6830716365.620663
-0.002165, 0.001112, 2139272332.574068, 7660505033.708672, 2388006401.845827
-0.002048, 0.001112, 120000000000.054855, 120000000000.062225, 119999999999.980408
-0.001931, 0.001112, 120000000000.054474, 120000000000.061172, 119999999999.980576
-0.001814, 0.001112, 973672270.939622, 1809627009.072004, 1021947476.809367
-0.001697, 0.001112, 5665177388.260949, 37650180767.821312, 7782597364.688254
-0.001580, 0.001112, 120000000000.053711, 119999999999.970184, 119999999999.980774
-0.001463, 0.001112, 27298572431.063175, 110296422004.945877, 36865252631.542030
-0.001345, 0.001112, 104115950782.727982, 101004555119.931870, 20773262213.604172
-0.001228, 0.001112, 120000000000.053558, 120000000000.061661, 119999999999.980545
-0.001112, 0.001112, 120000000000.054199, 120000000000.062073, 119999999999.980698
-0.000995, 0.001112, 120000000000.054596, 120000000000.061859, 119999999999.980652
-0.000878, 0.001112, 73316270335.261185, 111411224497.071228, 71236167584.060745
-0.000761, 0.001112, 69921379049.995148, 9978391437.095432, 18599097571.823627
-0.000644, 0.001112, 69921379049.995422, 9978391437.095316, 18599097571.824223
-0.000527, 0.001112, 69921379049.995209, 9978391437.097345, 18599097571.824688
-0.000410, 0.001112, 69921379049.995926, 9978391437.093737, 18599097571.824211
-0.000293, 0.001112, 69921379049.995239, 9978391437.098482, 18599097571.824066
-0.000176, 0.001112, 69921379049.994965, 9978391437.095110, 18599097571.823982
-0.000058, 0.001112, 69921379049.995239, 9978391437.096193, 18599097571.824062
0.000058, 0.001112, 69921379049.995377, 9978391437.096407, 18599097571.823551
0.000175, 0.001112, 69921379049.995499, 9978391437.096985, 18599097571.824211
0.000292, 0.001112, 69921379049.994873, 9978391437.094902, 18599097571.825020
0.000409, 0.001112, 32756669247.995079, 9481406698.910391, 16281115609.363867
0.000526, 0.001112, 1220560537.610678, 1543459137.591908, 1363254736.322455
0.000643, 0.001112, 120000000000.055054, 119999999999.968643, 119999999999.969238
0.000760, 0.001112, 120000000000.054810, 120000000000.062271, 119999999999.980698
0.000877, 0.001112, 120000000000.053421, 119999999999.968719, 119999999999.980453
0.000994, 0.001112, 92998747637.842422, 96470776378.776291, 15502921045.355055
0.001112, 0.001112, 120000000000.054321, 120000000000.062378, 119999999999.980652
0.001228, 0.001112, 120000000000.053543, 120000000000.062439, 119999999999.980545
0.001345, 0.001112, 120000000000.054153, 120000000000.061768, 119999999999.980728
0.001462, 0.001112, 100557869380.613708, 119209360345.527451, 116371606489.103409
0.001579, 0.001112, 56419599034.938721, 8085032749.421011, 12894690525.620182
0.001696, 0.001112, 56416383477.633705, 8042907625.872907, 12821844628.895071
0.001813, 0.001112, 56416383477.634010, 8042907625.876248, 12821844628.893700
0.001930, 0.001112, 56416383477.633095, 8042907625.873308, 12821844628.894033
0.002048, 0.001112, 7676412987.529989, 5802303368.346075, 6426069039.997873
0.002164, 0.001112, 3029261876.793084, 2459271731.468788, 2685800549.914853
0.002282, 0.001112, 120000000000.053864, 119999999999.969086, 119999999999.969360
0.002398, 0.001112, 120000000000.054047, 120000000000.061569, 119999999999.980545
0.002515, 0.001112, 6361730925.374027, 43996822145.385628, 9185072452.821886
0.002632, 0.001112, 3424860351.406101, 17468856455.654377, 4105355355.738471
0.002749, 0.001112, 3769227229.220585, 16845902192.851946, 4535587003.628094
0.002866, 0.001112, 4498037900.131888, 35509067965.237000, 4577860905.122659
0.002983, 0.001112, 119999999999.960815, 120000000000.061615, 119999999999.980240
0.003101, 0.001112, 5633013219.027027, 5633013219.036178, 7267983705.550612
0.003217, 0.001112, 6055970547.655877, 6055970547.899936, 3748648287.385504
0.003335, 0.001112, 739957189.229348, 739957189.228806, 755447651.599728
0.003451, 0.001112, 573270098.698280, 587137132.142913, 584628104.034474
0.003569, 0.001112, 18148617577.051090, 2814901446.340760, 3221951995.097581
0.003685, 0.001112, 1191554210.817595, 1153181615.969674, 1173625548.315217
0.003802, 0.001112, 1081347128.368565, 2183928930.828229, 1141232322.245630
0.003919, 0.001112, 120000000000.054276, 120000000000.062225, 119999999999.980698
0.004037, 0.001112, 120000000000.055832, 120000000000.062103, 119999999999.980728
0.004153, 0.001112, 120000000000.054230, 120000000000.061691, 119999999999.980698
0.004270, 0.001112, 23126833574.017937, 22436917845.281403, 14501110865.132448
0.004388, 0.001112, 90366041104.561295, 66889928683.731033, 14067438092.400259
0.004504, 0.001112, 17990670631.106693, 17990670631.106564, 23106373482.368298
0.004622, 0.001112, 2829757899.863783, 24048199797.347347, 3761525568.243461
0.004738, 0.001112, 33563240719.129799, 17083043539.171480, 11410487895.686720
0.004856, 0.001112, 17898217707.246422, 53296344047.206474, 15292615249.708401
0.004972, 0.001112, 60290245580.477066, 90390002448.448120, 37907953981.690361
0.005090, 0.001112, 26551315184.065086, 38429954013.404572, 28145540780.112553
0.005206, 0.001112, 97598464899.201370, 47946065266.379272, 13942395638.594606
0.005324, 0.001112, 42121073081.397507, 44250824803.884720, 12774251222.980507
0.005440, 0.001112, 119999999999.961716, 120000000000.063614, 119999999999.980453
0.005557, 0.001112, 120000000000.055130, 119999999999.969284, 119999999999.980789
0.005675, 0.001112, 2026660554.243150, 2026660554.243100, 2155871767.733553
0.005791, 0.001112, 519672111.137951, 524839446.408101, 521720876.420474
-0.005791, 0.001228, 565535117.651413, 680130789.981937, 581363273.383572
-0.005674, 0.001228, 74292496341.639908, 117508086861.783630, 102678204555.519760
-0.005557, 0.001228, 941333383.877737, 858691032.940908, 848291019.548562
-0.005441, 0.001228, 43211433869.158035, 84340168256.915268, 9274660913.591940
-0.005324, 0.001228, 50241910171.812553, 100919436163.544495, 23711410434.925999
-0.005207, 0.001228, 119999999999.963043, 120000000000.063232, 119999999999.980621
-0.005089, 0.001228, 46420656941.608749, 97469912143.663910, 23562573291.847107
-0.004972, 0.001228, 120000000000.053131, 120000000000.061829, 119999999999.969284
-0.004855, 0.001228, 56794318981.243462, 56794318981.265602, 80069858891.136154
-0.004738, 0.001228, 109528121211.427475, 21759765068.204552, 28166493160.967758
-0.004621, 0.001228, 15811652674.620226, 108480525243.106979, 23129322020.604816
-0.004504, 0.001228, 41914553435.069748, 40654639437.182838, 7946871080.230271
-0.004387, 0.001228, 120000000000.053543, 120000000000.061890, 119999999999.980728
-0.004270, 0.001228, 35716078922.737526, 32479868823.601055, 32479741954.976326
-0.004154, 0.001228, 48138702329.068596, 101641539286.064468, 23574405836.802807
-0.004036, 0.001228, 120000000000.055099, 120000000000.061951, 119999999999.980728
-0.003920, 0.001228, 28590458986.814865, 111710747790.513550, 54638432790.683495
-0.003803, 0.001228, 103306800428.389694, 106257428836.592148, 27580928992.530895
-0.003686, 0.001228, 120000000000.053146, 120000000000.062073, 119999999999.980652
-0.003569, 0.001228, 120000000000.053055, 120000000000.062378, 119999999999.980621
-0.003452, 0.001228, 120000000000.052948, 120000000000.062149, 119999999999.980667
-0.003335, 0.001228, 682680833.185638, 975045269.684198, 705861353.313253
-0.003218, 0.001228, 500000000.000105, 500000000.000112, 499999999.999988
-0.003101, 0.001228, 2589671559.132079, 1415748967.117401, 1488096989.412785
-0.002984, 0.001228, 112093676989.039551, 48172674707.784630, 21355335969.204472
-0.002867, 0.001228, 120000000000.054001, 119999999999.969330, 119999999999.980621
-0.002750, 0.001228, 120000000000.054474, 120000000000.062180, 119999999999.980576
-0.002633, 0.001228, 1056226591.919631, 3970006005.870214, 1179305697.374639
-0.002516, 0.001228, 120000000000.053391, 120000000000.062073, 119999999999.980530
-0.002399, 0.001228, 120000000000.054169, 120000000000.062424, 119999999999.969254
-0.002282, 0.001228, 5122999040.087833, 33026805780.096081, 6830716365.620747
-0.002165, 0.001228, 2139272332.574148, 7660505033.708679, 2388006401.845614
-0.002048, 0.001228, 120000000000.053589, 120000000000.061493, 119999999999.980499
-0.001931, 0.001228, 120000000000.053543, 120000000000.062073, 119999999999.980728
-0.001814, 0.001228, 973672270.939630, 1809627009.072008, 1021947476.809433
-0.001697, 0.001228, 5665177388.264359, 37650180767.821312, 7782597364.688210
-0.001580, 0.001228, 120000000000.053391, 120000000000.061829, 119999999999.980774
-0.001463, 0.001228, 119999999999.960449, 120000000000.062180, 119999999999.980728
-0.001345, 0.001228, 119999999999.961594, 119999999999.968689, 119999999999.980667
-0.001228, 0.001228, 120000000000.054291, 120000000000.062683, 119999999999.969238
-0.001112, 0.001228, 120000000000.054489, 120000000000.061981, 119999999999.980499
-0.000995, 0.001228, 120000000000.053375, 120000000000.062073, 119999999999.980377
-0.000878, 0.001228, 120000000000.054565, 120000000000.061890, 119999999999.969376
-0.000761, 0.001228, 120000000000.055344, 120000000000.061981, 119999999999.980652
-0.000644, 0.001228, 120000000000.053665, 120000000000.061951, 119999999999.969208
-0.000527, 0.001228, 120000000000.054764, 120000000000.061646, 119999999999.980652
-0.000410, 0.001228, 119999999999.961670, 120000000000.061859, 119999999999.980621
-0.000293, 0.001228, 120000000000.053314, 120000000000.061981, 119999999999.980728
-0.000176, 0.001228, 120000000000.053421, 119999999999.968994, 119999999999.980774
-0.000058, 0.001228, 120000000000.053543, 120000000000.061325, 119999999999.980530
0.000058, 0.001228, 120000000000.053253, 120000000000.062439, 119999999999.980606
0.000175, 0.001228, 119999999999.961105, 120000000000.061661, 119999999999.980698
0.000292, 0.001228, 120000000000.055054, 120000000000.062103, 119999999999.980667
0.000409, 0.001228, 120000000000.054352, 120000000000.064880, 119999999999.980652
0.000526, 0.001228, 1528290392.552369, 7587063425.019621, 1796655634.876958
0.000643, 0.001228, 120000000000.053864, 120000000000.061905, 119999999999.980530
0.000760, 0.001228, 120000000000.054001, 119999999999.968964, 119999999999.980652
0.000877, 0.001228, 120000000000.054245, 119999999999.968994, 119999999999.980743
0.000994, 0.001228, 120000000000.054596, 119999999999.969040, 119999999999.980621
0.001112, 0.001228, 120000000000.052460, 120000000000.062271, 119999999999.969330
0.001228, 0.001228, 120000000000.054535, 120000000000.061890, 119999999999.980453
0.001345, 0.001228, 120000000000.054474, 120000000000.062103, 119999999999.980743
0.001462, 0.001228, 120000000000.053864, 120000000000.062103, 119999999999.980576
0.001579, 0.001228, 120000000000.052933, 120000000000.063782, 119999999999.980499
0.001696, 0.001228, 120000000000.053177, 119999999999.969009, 119999999999.969284
0.001813, 0.001228, 120000000000.053802, 120000000000.061859, 119999999999.980423
0.001930, 0.001228, 120000000000.053741, 120000000000.062546, 119999999999.980652
0.002048, 0.001228, 120000000000.054321, 120000000000.062347, 119999999999.980621
0.002164, 0.001228, 2352607556.012376, 16834011141.836994, 3045577019.578106
0.002282, 0.001228, 120000000000.054047, 120000000000.061951, 119999999999.980576
0.002398, 0.001228, 120000000000.053055, 119999999999.968842, 119999999999.969208
0.002515, 0.001228, 6361730925.374026, 43996822145.385521, 9185072452.821831
0.002632, 0.001228, 3424860351.405622, 17468856455.654388, 4105355355.738233
0.002749, 0.001228, 3354204857.158521, 16812405021.925928, 3991424007.542173
0.002866, 0.001228, 7190519159.248359, 50402395800.873459, 10914556304.005787
0.002983, 0.001228, 5633013219.024509, 5633013219.036540, 7267983705.550420
0.003101, 0.001228, 6055970547.660638, 6055970547.899909, 3748648287.385576
0.003217, 0.001228, 739957189.229351, 739957189.228823, 755447651.599728
0.003335, 0.001228, 500000000.000096, 500000000.000099, 499999999.999987
0.003451, 0.001228, 828948817.007870, 1393737142.113118, 867001348.624669
0.003569, 0.001228, 120000000000.053421, 120000000000.062027, 119999999999.980499
0.003685, 0.001228, 3259811938.882128, 6029711463.982835, 4030659501.799402
0.003802, 0.001228, 1081347128.367251, 2183928930.828176, 1141232322.245579
0.003919, 0.001228, 120000000000.053131, 120000000000.063461, 119999999999.969040
0.004037, 0.001228, 120000000000.053833, 120000000000.061081, 119999999999.980652
0.004153, 0.001228, 119999999999.960693, 120000000000.062561, 119999999999.980652
0.004270, 0.001228, 63484579076.971245, 63516859562.240242, 37635229759.975632
0.004388, 0.001228, 120000000000.054001, 120000000000.062180, 119999999999.980728
0.004504, 0.001228, 9340696005.806259, 52477516087.474373, 9377438532.935904
0.004622, 0.001228, 2619899357.477627, 7093105494.228006, 3485985318.852625
0.004738, 0.001228, 120000000000.054642, 120000000000.062469, 119999999999.980530
0.004856, 0.001228, 45843139118.943176, 45843139118.931778, 64860050608.064339
0.004972, 0.001228, 21368657810.723278, 47424772374.633690, 13629182953.491127
0.005090, 0.001228, 14985673372.095442, 88953724977.958603, 13768420583.345001
0.005206, 0.001228, 120000000000.053635, 120000000000.062073, 119999999999.969254
0.005324, 0.001228, 13916568470.602352, 18731748319.827404, 10250296017.144655
0.005440, 0.001228, 119999999999.960846, 120000000000.062180, 119999999999.969254
0.005557, 0.001228, 2026660554.243155, 2026660554.243150, 2155871767.733554
0.005675, 0.001228, 525934202.946957, 525934202.946786, 526262453.430167
0.005791, 0.001228, 500000000.000098, 500000000.000102, 499999999.999987
-0.005791, 0.001345, 565535117.651046, 680130789.981946, 581363273.383367
-0.005674, 0.001345, 120000000000.053864, 120000000000.062256, 119999999999.969330
-0.005557, 0.001345, 120000000000.054932, 119999999999.968887, 119999999999.980545
-0.005441, 0.001345, 120000000000.054031, 120000000000.062683, 119999999999.980774
-0.005324, 0.001345, 119999999999.960770, 120000000000.062180, 119999999999.980789
-0.005207, 0.001345, 97331057719.779190, 77292435140.776093, 23451070670.969906
-0.005089, 0.001345, 120000000000.054718, 120000000000.062347, 119999999999.980652
-0.004972, 0.001345, 120000000000.053314, 120000000000.062393, 119999999999.980774
-0.004855, 0.001345, 1719812130.589736, 8669182117.835356, 1656792099.041038
-0.004738, 0.001345, 1289193753.180640, 3201051222.203683, 1175301504.570814
-0.004621, 0.001345, 120000000000.053375, 120000000000.062347, 119999999999.980530
-0.004504, 0.001345, 20922462015.774067, 61294403663.937950, 27667061528.463734
-0.004387, 0.001345, 103755164725.059937, 32258625304.657856, 17421136887.287079
-0.004270, 0.001345, 91833255403.738052, 55921784400.699341, 15277184510.409233
-0.004154, 0.001345, 120000000000.054596, 119999999999.969009, 119999999999.980484
-0.004036, 0.001345, 66140181266.709999, 46493040467.092636, 23606912708.718914
-0.003920, 0.001345, 118832398229.824951, 117386587699.105316, 117320359288.167343
-0.003803, 0.001345, 120000000000.054932, 120000000000.061981, 119999999999.980728
-0.003686, 0.001345, 120000000000.053345, 120000000000.062180, 119999999999.980621
-0.003569, 0.001345, 120000000000.054535, 119999999999.969330, 119999999999.980545
-0.003452, 0.001345, 120000000000.053711, 120000000000.062378, 119999999999.980652
-0.003335, 0.001345, 682680833.185638, 975045269.684462, 705861353.313253
-0.003218, 0.001345, 499999999.999734, 500000000.000095, 499999999.999988
-0.003101, 0.001345, 109579976901.371414, 117878550097.856766, 116913229641.984726
-0.002984, 0.001345, 2752187552.586200, 2793980104.387638, 2984148987.485993
-0.002867, 0.001345, 9387476486.605520, 1860399355.371200, 1966972069.462624
-0.002750, 0.001345, 120000000000.053558, 120000000000.061890, 119999999999.980545
-0.002633, 0.001345, 1056226591.920127, 3970006005.870770, 1179305697.374772
-0.002516, 0.001345, 119999999999.961273, 120000000000.061951, 119999999999.980545
-0.002399, 0.001345, 120000000000.054535, 120000000000.061569, 119999999999.980698
-0.002282, 0.001345, 5122999040.087835, 33026805780.096027, 6830716365.620516
-0.002165, 0.001345, 2139272332.575975, 7660505033.708686, 2388006401.846069
-0.002048, 0.001345, 119999999999.961502, 119999999999.968353, 119999999999.980606
-0.001931, 0.001345, 120000000000.054779, 120000000000.062134, 119999999999.980667
-0.001814, 0.001345, 973672270.939631, 1809627009.072005, 1021947476.809391
-0.001697, 0.001345, 5665177388.264076, 37650180767.821205, 7782597364.688202
-0.001580, 0.001345, 120000000000.055511, 120000000000.061890, 119999999999.980667
-0.001463, 0.001345, 2411919616.316159, 2458738358.286193, 2596032829.408051
-0.001345, 0.001345, 10049035765.974771, 2020057421.306258, 2121684631.274374
-0.001228, 0.001345, 119999999999.961380, 120000000000.061859, 119999999999.980408
-0.001112, 0.001345, 16309600388.708389, 17851416261.261593, 20773262214.098774
-0.000995, 0.001345, 4487871501.514455, 1352449709.900932, 1264006329.406311
-0.000878, 0.001345, 112918751348.853256, 43628534716.431786, 51698203300.679359
-0.000761, 0.001345, 120000000000.054123, 120000000000.061768, 119999999999.969254
-0.000644, 0.001345, 1916070351.758597, 1658838870.061651, 1738435611.011478
-0.000527, 0.001345, 29578818292.762730, 3319212560.964084, 3549146064.427047
-0.000410, 0.001345, 120000000000.054535, 120000000000.062103, 119999999999.980576
-0.000293, 0.001345, 6239417929.659038, 6505862590.611617, 7187037916.695492
-0.000176, 0.001345, 6428344639.188670, 1417056141.136012, 1402681916.673646
-0.000058, 0.001345, 120000000000.052658, 120000000000.062271, 119999999999.980530
0.000058, 0.001345, 120000000000.054977, 120000000000.062149, 119999999999.969330
0.000175, 0.001345, 119999999999.960327, 120000000000.061905, 119999999999.969299
0.000292, 0.001345, 20263617223.028782, 9290918165.279015, 11578909430.408564
0.000409, 0.001345, 9104052229.381054, 3320083172.089246, 4016598146.466461
0.000526, 0.001345, 2309328296.341947, 3137442426.734923, 2426385689.813047
0.000643, 0.001345, 120000000000.054901, 120000000000.062515, 119999999999.980621
0.000760, 0.001345, 119999999999.961060, 119999999999.969406, 119999999999.980728
0.000877, 0.001345, 37129626086.857079, 43628534716.431122, 51698203300.679329
0.000994, 0.001345, 3441166969.071936, 1352449709.900901, 1264006329.406333
0.001112, 0.001345, 101004555119.864700, 17851416261.260208, 20773262214.098480
0.001228, 0.001345, 119999999999.961227, 120000000000.063660, 119999999999.969299
0.001345, 0.001345, 2020057421.305103, 2020057421.305107, 2121684631.274410
0.001462, 0.001345, 15273511821.588711, 2458738358.287364, 2596032829.408007
0.001579, 0.001345, 120000000000.054077, 120000000000.062271, 119999999999.980728
0.001696, 0.001345, 10314499525.585241, 11011274684.696608, 12491629254.599833
0.001813, 0.001345, 5404433367.670486, 1360326181.411734, 1300863570.116968
0.001930, 0.001345, 117746380832.060394, 100660162716.374237, 108734955262.953049
0.002048, 0.001345, 120000000000.054489, 120000000000.062073, 119999999999.980743
0.002164, 0.001345, 2352607556.012906, 16834011141.837021, 3045577019.578004
0.002282, 0.001345, 120000000000.053680, 119999999999.969254, 119999999999.969208
0.002398, 0.001345, 120000000000.053055, 120000000000.061859, 119999999999.980408
0.002515, 0.001345, 6361730925.374025, 43996822145.385246, 9185072452.821516
0.002632, 0.001345, 3424860351.404974, 17468856455.654388, 4105355355.738166
0.002749, 0.001345, 3354204857.158521, 16812405021.925917, 3991424007.542389
0.002866, 0.001345, 7190519159.249381, 50402395800.873550, 10914556304.005249
0.002983, 0.001345, 2620991009.420497, 19394179735.169418, 3455061244.326162
0.003101, 0.001345, 2001001545.644049, 2973246340.562384, 2378536911.983517
0.003217, 0.001345, 2060045309.545846, 1575069509.010287, 1703416853.893854
0.003335, 0.001345, 1054690565.978684, 713645124.961816, 738763816.636610
0.003451, 0.001345, 2121180012.249280, 2207293685.915496, 1266861639.915278
0.003569, 0.001345, 1389161465.901454, 867144004.811531, 908301921.088032
0.003685, 0.001345, 618574316.763100, 592151595.713055, 603264311.091379
0.003802, 0.001345, 1081347128.367486, 2183928930.828228, 1141232322.245103
0.003919, 0.001345, 120000000000.053055, 119999999999.968567, 119999999999.980530
0.004037, 0.001345, 120000000000.055374, 119999999999.968842, 119999999999.980728
0.004153, 0.001345, 119999999999.962494, 120000000000.061569, 119999999999.980530
0.004270, 0.001345, 11027665618.537430, 71187627402.217575, 12683664688.682444
0.004388, 0.001345, 49955430898.959503, 61096461517.102127, 44312210484.335335
0.004504, 0.001345, 45228360871.427986, 46750815891.916435, 13957308626.672367
0.004622, 0.001345, 2552297299.573190, 5411757900.897651, 3093171828.667818
0.004738, 0.001345, 3762697166.173673, 2481391589.647871, 3073941837.619146
0.004856, 0.001345, 90006998052.142273, 49786751922.625359, 34863619363.155510
0.004972, 0.001345, 119982542751.381561, 119981216881.039383, 119986239102.196655
0.005090, 0.001345, 7162792344.625721, 59906240705.316887, 10190894819.245136
0.005206, 0.001345, 13426853699.812984, 9030673274.920824, 6403045364.213616
0.005324, 0.001345, 2664939930.996522, 17907592746.994610, 3511672052.085338
0.005440, 0.001345, 2883601638.393031, 4849010469.320498, 3196469615.293669
0.005557, 0.001345, 660451096.935493, 606410350.602491, 622536078.042029
0.005675, 0.001345, 526713668.748663, 519406824.334986, 523999556.043741
0.005791, 0.001345, 500000000.000099, 500000000.000106, 499999999.999987
-0.005791, 0.001462, 512124449.920921, 520980847.274610, 516100592.309215
-0.005674, 0.001462, 1854256187.857507, 987111794.380933, 1081432287.399281
-0.005557, 0.001462, 13833934645.710518, 2611649787.494443, 3403912178.402513
-0.005441, 0.001462, 28976895559.008160, 8376666677.520075, 7360902420.939570
-0.005324, 0.001462, 120000000000.055389, 120000000000.062225, 119999999999.980667
-0.005207, 0.001462, 97120704715.626740, 74209811390.412659, 23764780584.153370
-0.005089, 0.001462, 120000000000.055389, 119999999999.969086, 119999999999.969284
-0.004972, 0.001462, 120000000000.052856, 119999999999.969009, 119999999999.980621
-0.004855, 0.001462, 56236229919.969749, 116608785240.574615, 79212664414.347641
-0.004738, 0.001462, 109279802237.841202, 103838179538.491943, 27569593847.011032
-0.004621, 0.001462, 119999999999.961700, 120000000000.062073, 119999999999.980576
-0.004504, 0.001462, 9853522751.725508, 22696320600.164341, 17246933934.238003
-0.004387, 0.001462, 23113398855.256680, 7098686654.244375, 9985170342.492731
-0.004270, 0.001462, 24798743571.035259, 21215420942.884975, 29326979603.649536
-0.004154, 0.001462, 2953618027.413929, 3275998673.845181, 3231152432.093139
-0.004036, 0.001462, 5357500751.584596, 1563131990.046384, 1571129001.873132
-0.003920, 0.001462, 120000000000.055832, 120000000000.062027, 119999999999.980576
-0.003803, 0.001462, 120000000000.053619, 120000000000.063568, 119999999999.980652
-0.003686, 0.001462, 120000000000.054321, 119999999999.969055, 119999999999.980698
-0.003569, 0.001462, 120000000000.053879, 120000000000.062057, 119999999999.980667
-0.003452, 0.001462, 120000000000.055801, 120000000000.062180, 119999999999.980576
-0.003335, 0.001462, 682680833.185636, 975045269.684471, 705861353.313276
-0.003218, 0.001462, 500000000.000104, 500000000.000099, 499999999.999988
-0.003101, 0.001462, 109579976901.371994, 117878550097.853256, 116913229641.984680
-0.002984, 0.001462, 3323260243.869795, 30968300418.402275, 3639314744.248822
-0.002867, 0.001462, 14930585937.424442, 10594712571.126963, 2297448433.528301
-0.002750, 0.001462, 120000000000.053223, 120000000000.062073, 119999999999.980667
-0.002633, 0.001462, 1056226591.919169, 3970006005.870924, 1179305697.374738
-0.002516, 0.001462, 120000000000.054047, 119999999999.969055, 119999999999.980667
-0.002399, 0.001462, 120000000000.053467, 120000000000.062103, 119999999999.980820
-0.002282, 0.001462, 4095212118.672827, 8922326387.486008, 5204678594.256984
-0.002165, 0.001462, 2139272332.575374, 7660505033.708678, 2388006401.846496
-0.002048, 0.001462, 119999999999.960495, 120000000000.062134, 119999999999.980743
-0.001931, 0.001462, 120000000000.055389, 120000000000.062180, 119999999999.980545
-0.001814, 0.001462, 973672270.939627, 1809627009.072004, 1021947476.809412
-0.001697, 0.001462, 5665177388.264045, 37650180767.821167, 7782597364.688207
-0.001580, 0.001462, 120000000000.054001, 119999999999.969116, 119999999999.980255
-0.001463, 0.001462, 2981351405.103108, 25056894330.080265, 3239624362.718820
-0.001345, 0.001462, 17444734718.049805, 15273511821.621071, 2596032829.406549
-0.001228, 0.001462, 120000000000.052933, 120000000000.061859, 119999999999.980652
-0.001112, 0.001462, 27298572431.063061, 110296422004.944794, 36865252631.542778
-0.000995, 0.001462, 8231597871.331104, 1741189973.250659, 1528735842.359655
-0.000878, 0.001462, 117712399905.819046, 117712399905.847458, 94847598983.601334
-0.000761, 0.001462, 119999999999.960251, 120000000000.062317, 119999999999.969177
-0.000644, 0.001462, 2357612815.021801, 6959798601.221146, 2091440274.114053
-0.000527, 0.001462, 43807051879.892647, 43807051880.262230, 4612364885.522943
-0.000410, 0.001462, 120000000000.053467, 119999999999.969299, 119999999999.980545
-0.000293, 0.001462, 8694316648.504177, 82637000399.521225, 10309014467.758856
-0.000176, 0.001462, 11377578365.734734, 2017030989.312322, 1684137205.445826
-0.000058, 0.001462, 120000000000.054733, 120000000000.063354, 119999999999.980667
0.000058, 0.001462, 120000000000.053833, 120000000000.061615, 119999999999.980606
0.000175, 0.001462, 5568329356.561515, 5568329356.564398, 6767022142.053156
0.000292, 0.001462, 3800780228.376411, 2446284022.708201, 2742614343.579375
0.000409, 0.001462, 80586448242.035614, 6094491607.591189, 8279885351.762136
0.000526, 0.001462, 119811395141.249725, 119811395141.265106, 119822537388.414200
0.000643, 0.001462, 120000000000.055984, 120000000000.061768, 119999999999.980728
0.000760, 0.001462, 120000000000.053864, 120000000000.062073, 119999999999.980728
0.000877, 0.001462, 69423145445.492325, 117712399905.825211, 94847598983.600800
0.000994, 0.001462, 5551903005.745908, 1741189973.236731, 1528735842.376415
0.001112, 0.001462, 110296422004.950699, 110296422005.016678, 36865252631.213989
0.001228, 0.001462, 120000000000.053055, 119999999999.969040, 119999999999.980652
0.001345, 0.001462, 2458738358.285894, 15273511820.952379, 2596032829.389372
0.001462, 0.001462, 25056894329.847790, 25056894330.327446, 3239624362.853210
0.001579, 0.001462, 120000000000.054199, 120000000000.061539, 119999999999.980606
0.001696, 0.001462, 15863328594.918850, 100992279181.279129, 20074020163.299541
0.001813, 0.001462, 10245070032.079943, 1772204340.196192, 1579665438.386016
0.001930, 0.001462, 119818092915.947876, 119818092915.963318, 119833040437.847763
0.002048, 0.001462, 119999999999.961517, 119999999999.968765, 119999999999.980652
0.002164, 0.001462, 2352607556.013218, 16834011141.837030, 3045577019.578137
0.002282, 0.001462, 120000000000.052856, 119999999999.969406, 119999999999.980499
0.002398, 0.001462, 120000000000.053299, 120000000000.061951, 119999999999.969208
0.002515, 0.001462, 6361730925.374029, 43996822145.385208, 9185072452.821859
0.002632, 0.001462, 3071552164.916779, 6912324390.656560, 3522922617.044977
0.002749, 0.001462, 3131669442.585101, 9282350246.002207, 3729060445.015037
0.002866, 0.001462, 7398535833.085313, 75083448139.261322, 11221240329.672264
0.002983, 0.001462, 2756747683.304724, 22167310365.665581, 3792200922.859718
0.003101, 0.001462, 1054992901.383832, 1708492262.219452, 1136799344.362083
0.003217, 0.001462, 1430687118.514753, 1122012010.800792, 1199320750.829368
0.003335, 0.001462, 781015147.512670, 608514566.692628, 625927283.467461
0.003451, 0.001462, 543622656.299954, 532676607.724409, 539351153.486570
0.003569, 0.001462, 1299766708.038121, 833785013.879345, 876789735.197421
0.003685, 0.001462, 655850347.902235, 624854982.319881, 640373619.403518
0.003802, 0.001462, 1081347128.368170, 2183928930.828187, 1141232322.245370
0.003919, 0.001462, 120000000000.053711, 120000000000.063110, 119999999999.969254
0.004037, 0.001462, 120000000000.053467, 119999999999.968689, 119999999999.980606
0.004153, 0.001462, 120000000000.053925, 120000000000.062103, 119999999999.980728
0.004270, 0.001462, 60802627167.761734, 22444245148.856449, 31956338970.251831
0.004388, 0.001462, 42382416508.964668, 11659736643.670980, 12984687833.456379
0.004504, 0.001462, 112400067456.075500, 102697548689.242020, 90575657147.251678
0.004622, 0.001462, 2664790251.856009, 4203983554.546224, 3440769579.538439
0.004738, 0.001462, 4213690537.998748, 1695335465.715510, 1820468823.140637
0.004856, 0.001462, 28776963184.027489, 33130352269.600693, 24840833253.313984
0.004972, 0.001462, 111342358687.299393, 29603379143.692760, 34073473458.402504
0.005090, 0.001462, 11872675051.074068, 14066693064.532747, 21415719949.680790
0.005206, 0.001462, 4046151651.009881, 1667466299.592550, 1711869321.388753
0.005324, 0.001462, 1996494867.795558, 2217622080.064662, 1950278855.235231
0.005440, 0.001462, 2034579725.467658, 8746988062.549767, 2465662605.969288
0.005557, 0.001462, 102109444335.430817, 102109444335.543228, 21068066967.226604
0.005675, 0.001462, 2077918997.898755, 10014419642.871368, 2213725393.880479
0.005791, 0.001462, 500000000.000099, 500000000.000099, 499999999.999987
-0.005791, 0.001579, 501927087.519600, 503531012.449019, 504326997.246006
-0.005674, 0.001579, 32710771151.568565, 68621204933.349892, 14416800948.660456
-0.005557, 0.001579, 120000000000.054977, 120000000000.062225, 119999999999.980606
-0.005441, 0.001579, 2570880290.413383, 17634652250.196774, 3412778273.540057
-0.005324, 0.001579, 71308634175.572006, 91583646038.092072, 23830606235.573940
-0.005207, 0.001579, 120000000000.056274, 120000000000.062225, 119999999999.980576
-0.005089, 0.001579, 63919806980.490929, 88384491203.303024, 23572945344.754337
-0.004972, 0.001579, 120000000000.054077, 120000000000.061951, 119999999999.980621
-0.004855, 0.001579, 120000000000.053986, 120000000000.062103, 119999999999.980728
-0.004738, 0.001579, 120000000000.054169, 120000000000.062546, 119999999999.980652
-0.004621, 0.001579, 33596640533.109062, 9058528126.671457, 13597201200.221615
-0.004504, 0.001579, 8128817071.236796, 8621803600.364080, 7427878801.744014
-0.004387, 0.001579, 19326557387.138126, 3993521411.282340, 5274549085.865515
-0.004270, 0.001579, 2818122341.067599, 12017213583.670841, 3682537311.585278
-0.004154, 0.001579, 5037533836.299522, 54879443645.324875, 5679759079.527524
-0.004036, 0.001579, 18915688291.854622, 9630376045.011524, 2349023836.293855
-0.003920, 0.001579, 120000000000.053833, 119999999999.969040, 119999999999.969299
-0.003803, 0.001579, 120000000000.052948, 119999999999.970749, 119999999999.980667
-0.003686, 0.001579, 1895084374.626015, 2734202101.733325, 1971394094.933960
-0.003569, 0.001579, 2198693085.337961, 1907143197.576248, 1496559914.609016
-0.003452, 0.001579, 119999999999.961624, 120000000000.061768, 119999999999.980484
-0.003335, 0.001579, 1571653583.583098, 3998037299.994528, 1627474728.031344
-0.003218, 0.001579, 500000000.000093, 500000000.000098, 499999999.999987
-0.003101, 0.001579, 109579976901.370468, 117878550097.855576, 116913229641.984741
-0.002984, 0.001579, 120000000000.055084, 120000000000.062103, 119999999999.980728
-0.002867, 0.001579, 120000000000.053070, 120000000000.061691, 119999999999.980530
-0.002750, 0.001579, 120000000000.054855, 120000000000.062317, 119999999999.980606
-0.002633, 0.001579, 1126026555.168542, 5638063867.650513, 1265562292.822302
-0.002516, 0.001579, 120000000000.053635, 120000000000.062347, 119999999999.980453
-0.002399, 0.001579, 9399850050.410646, 9399850050.410486, 11209130265.839058
-0.002282, 0.001579, 662730486.838803, 662730486.838309, 674045490.350393
-0.002165, 0.001579, 2139272332.578918, 7660505033.708697, 2388006401.846114
-0.002048, 0.001579, 119999999999.960739, 120000000000.061935, 119999999999.980530
-0.001931, 0.001579, 120000000000.053177, 119999999999.971405, 119999999999.980728
-0.001814, 0.001579, 973672270.939624, 1809627009.072017, 1021947476.809370
-0.001697, 0.001579, 5665177388.263753, 37650180767.821335, 7782597364.688220
-0.001580, 0.001579, 120000000000.053467, 120000000000.062256, 119999999999.980408
-0.001463, 0.001579, 120000000000.055267, 119999999999.968796, 119999999999.980545
-0.001345, 0.001579, 120000000000.054153, 120000000000.062180, 119999999999.980652
-0.001228, 0.001579, 120000000000.055298, 120000000000.062073, 119999999999.980453
-0.001112, 0.001579, 119999999999.960739, 120000000000.062500, 119999999999.980499
-0.000995, 0.001579, 119999999999.961014, 120000000000.061768, 119999999999.969330
-0.000878, 0.001579, 120000000000.053680, 120000000000.062469, 119999999999.969254
-0.000761, 0.001579, 120000000000.054352, 120000000000.061325, 119999999999.980667
-0.000644, 0.001579, 120000000000.053925, 120000000000.061905, 119999999999.980667
-0.000527, 0.001579, 120000000000.053177, 120000000000.061813, 119999999999.980576
-0.000410, 0.001579, 120000000000.053513, 120000000000.062057, 119999999999.980667
-0.000293, 0.001579, 120000000000.053314, 120000000000.062988, 119999999999.980789
-0.000176, 0.001579, 119999999999.960693, 120000000000.061981, 119999999999.980728
-0.000058, 0.001579, 120000000000.053589, 120000000000.061859, 119999999999.980576
0.000058, 0.001579, 120000000000.052536, 120000000000.062378, 119999999999.980286
0.000175, 0.001579, 2202096512.774246, 14610370527.493635, 2752526218.124962
0.000292, 0.001579, 120000000000.053177, 120000000000.061813, 119999999999.980652
0.000409, 0.001579, 120000000000.053421, 120000000000.062134, 119999999999.980621
0.000526, 0.001579, 120000000000.053619, 120000000000.062622, 119999999999.980576
0.000643, 0.001579, 120000000000.054535, 120000000000.061951, 119999999999.980698
0.000760, 0.001579, 120000000000.053268, 119999999999.968796, 119999999999.980652
0.000877, 0.001579, 120000000000.054520, 120000000000.061768, 119999999999.980652
0.000994, 0.001579, 120000000000.052948, 120000000000.062073, 119999999999.980698
0.001112, 0.001579, 120000000000.054977, 120000000000.061691, 119999999999.969254
0.001228, 0.001579, 120000000000.054932, 120000000000.062317, 119999999999.980576
0.001345, 0.001579, 120000000000.054077, 120000000000.063049, 119999999999.980652
0.001462, 0.001579, 120000000000.056610, 120000000000.062302, 119999999999.980728
0.001579, 0.001579, 120000000000.053467, 120000000000.062302, 119999999999.980484
0.001696, 0.001579, 120000000000.053635, 120000000000.061691, 119999999999.980576
0.001813, 0.001579, 119999999999.961502, 120000000000.062180, 119999999999.980652
0.001930, 0.001579, 120000000000.053558, 119999999999.969254, 119999999999.980652
0.002048, 0.001579, 119999999999.961472, 120000000000.063400, 119999999999.980423
0.002164, 0.001579, 2352607556.013160, 16834011141.836987, 3045577019.578037
0.002282, 0.001579, 120000000000.053680, 120000000000.063278, 119999999999.980301
0.002398, 0.001579, 120000000000.054565, 120000000000.061935, 119999999999.980331
0.002515, 0.001579, 6361730925.374027, 43996822145.385216, 9185072452.821814
0.002632, 0.001579, 578716150.026717, 556091122.735242, 565410219.781841
0.002749, 0.001579, 2488214689.036423, 1410840137.214516, 1518520231.159458
0.002866, 0.001579, 101232573015.538635, 101232573015.547180, 116145153256.491791
0.002983, 0.001579, 2595435259.352665, 13144134600.326803, 3371758660.012721
0.003101, 0.001579, 654941319.433975, 892663935.221353, 678548678.834024
0.003217, 0.001579, 500000000.000101, 500000000.000098, 499999999.999988
0.003335, 0.001579, 500000000.000097, 500000000.000105, 499999999.999987
0.003451, 0.001579, 757125028.286685, 1171339770.437553, 793004023.890276
0.003569, 0.001579, 120000000000.053253, 119999999999.968918, 119999999999.980606
0.003685, 0.001579, 3566606449.692387, 20276076444.025372, 4494300823.299287
0.003802, 0.001579, 1468659297.450166, 16401664640.857836, 1555277127.519754
0.003919, 0.001579, 120000000000.053955, 120000000000.061646, 119999999999.980255
0.004037, 0.001579, 2825121423.399432, 2494026205.512768, 2704642610.080672
0.004153, 0.001579, 48836168954.993408, 4500993761.229621, 5038765948.345717
0.004270, 0.001579, 26297025445.434200, 101244350290.069031, 17261626167.677334
0.004388, 0.001579, 120000000000.053711, 120000000000.062027, 119999999999.980530
0.004504, 0.001579, 19965765354.181789, 82870819674.581009, 12734105579.723415
0.004622, 0.001579, 2608679417.561170, 13960082864.847345, 3500524224.028369
0.004738, 0.001579, 119999999999.961670, 120000000000.061615, 119999999999.969238
0.004856, 0.001579, 92742304023.936630, 118914211040.875275, 113007142944.086258
0.004972, 0.001579, 44254636101.460175, 86967401769.029251, 31432517638.520340
0.005090, 0.001579, 8882445492.247772, 58144210368.789375, 10570147080.845869
0.005206, 0.001579, 120000000000.055374, 120000000000.062149, 119999999999.980652
0.005324, 0.001579, 2821488337.878546, 22816619206.701336, 4012907728.244563
0.005440, 0.001579, 2525177614.369762, 16068162586.022854, 3339464734.399782
0.005557, 0.001579, 120000000000.053558, 120000000000.061951, 119999999999.980774
0.005675, 0.001579, 111986709582.074707, 118208596522.464508, 117601265389.231720
0.005791, 0.001579, 502072986.640532, 503531012.448876, 504326997.245938
-0.005791, 0.001696, 500000000.000102, 500000000.000099, 499999999.999987
-0.005674, 0.001696, 1247824640.254325, 1177157110.719718, 1221383592.940355
-0.005557, 0.001696, 2629536224.531082, 1768230450.483940, 1983979516.711997
-0.005441, 0.001696, 2285668914.227806, 8471346609.013398, 2816895209.377751
-0.005324, 0.001696, 120000000000.055252, 120000000000.062103, 119999999999.980652
-0.005207, 0.001696, 70469307932.618637, 34313160108.927021, 22844841448.701187
-0.005089, 0.001696, 120000000000.054642, 120000000000.062149, 119999999999.980728
-0.004972, 0.001696, 120000000000.053802, 120000000000.062958, 119999999999.980850
-0.004855, 0.001696, 105989574214.765320, 10921791268.626644, 16530615815.855785
-0.004738, 0.001696, 119556239704.738037, 119719762687.158478, 119838762802.631271
-0.004621, 0.001696, 6799533252.098273, 15349799665.331446, 11143563815.598793
-0.004504, 0.001696, 5799558316.117910, 21426860303.581375, 8906914954.963284
-0.004387, 0.001696, 35451566445.520439, 42397416964.759926, 38456757639.774353
-0.004270, 0.001696, 1473433352.468158, 2285522031.724205, 2008521785.905509
-0.004154, 0.001696, 26994609891.872410, 5439258766.041941, 6468476571.588133
-0.004036, 0.001696, 119999999999.962433, 120000000000.062256, 119999999999.980499
-0.003920, 0.001696, 120000000000.053680, 120000000000.062271, 119999999999.980652
-0.003803, 0.001696, 120000000000.055588, 120000000000.062180, 119999999999.980667
-0.003686, 0.001696, 6043877348.189875, 65118352433.788162, 6922824438.591556
-0.003569, 0.001696, 46824456328.991531, 40120495691.645264, 4401443958.170909
-0.003452, 0.001696, 120000000000.054123, 120000000000.062195, 119999999999.980423
-0.003335, 0.001696, 1330697134.573453, 1476502222.820024, 1373351090.022028
-0.003218, 0.001696, 500000000.000101, 500000000.000096, 499999999.999987
-0.003101, 0.001696, 109579976901.371933, 117878550097.856339, 116913229641.984726
-0.002984, 0.001696, 120000000000.053146, 120000000000.060883, 119999999999.969208
-0.002867, 0.001696, 120000000000.054291, 120000000000.062180, 119999999999.980576
-0.002750, 0.001696, 120000000000.053268, 119999999999.969177, 119999999999.969238
-0.002633, 0.001696, 978013957.712866, 2178329257.657190, 1074421717.671219
-0.002516, 0.001696, 7987419161.601915, 2921347058.460165, 3470448738.993909
-0.002399, 0.001696, 662730486.838804, 662730486.838314, 674045490.350394
-0.002282, 0.001696, 500000000.000103, 500000000.000111, 499999999.999988
-0.002165, 0.001696, 2139272332.576044, 7660505033.708683, 2388006401.845848
-0.002048, 0.001696, 120000000000.053253, 119999999999.969299, 119999999999.980576
-0.001931, 0.001696, 120000000000.054398, 120000000000.061935, 119999999999.980576
-0.001814, 0.001696, 973672270.939631, 1809627009.071997, 1021947476.809355
-0.001697, 0.001696, 5665177388.262050, 37650180767.821327, 7782597364.688070
-0.001580, 0.001696, 119999999999.961090, 120000000000.063614, 119999999999.980545
-0.001463, 0.001696, 15863328594.919743, 15863328594.919565, 20074020163.407322
-0.001345, 0.001696, 92213285184.769165, 10314499525.586309, 12491629254.599779
-0.001228, 0.001696, 120000000000.054047, 120000000000.061661, 119999999999.980743
-0.001112, 0.001696, 120000000000.055145, 120000000000.062622, 119999999999.980652
-0.000995, 0.001696, 77418116236.321060, 7510488643.480349, 8551889527.652967
-0.000878, 0.001696, 120000000000.053955, 120000000000.062195, 119999999999.980789
-0.000761, 0.001696, 119999999999.962799, 120000000000.062256, 119999999999.980667
-0.000644, 0.001696, 14135637016.825682, 8166577519.772339, 9184028393.468855
-0.000527, 0.001696, 112902821970.833298, 34159651639.209560, 47446840992.129692
-0.000410, 0.001696, 120000000000.053436, 120000000000.062256, 119999999999.980652
-0.000293, 0.001696, 119994466115.499771, 119994466115.507706, 119995431984.092697
-0.000176, 0.001696, 81107004278.536255, 7425289407.918234, 8453228459.053566
-0.000058, 0.001696, 120000000000.054321, 120000000000.062515, 119999999999.980576
0.000058, 0.001696, 120000000000.053711, 120000000000.061859, 119999999999.980484
0.000175, 0.001696, 2272928840.770815, 16107889397.195341, 2928023017.797037
0.000292, 0.001696, 120000000000.053589, 120000000000.062134, 119999999999.980728
0.000409, 0.001696, 120000000000.053024, 120000000000.061661, 119999999999.980698
0.000526, 0.001696, 34159651639.209225, 34159651639.209274, 47446840992.129631
0.000643, 0.001696, 86920586305.647369, 8166577519.772614, 9184028393.468769
0.000760, 0.001696, 120000000000.052765, 120000000000.062424, 119999999999.980652
0.000877, 0.001696, 119999999999.961212, 120000000000.062515, 119999999999.980728
0.000994, 0.001696, 74753273294.679199, 7510488643.480985, 8551889527.653055
0.001112, 0.001696, 119999999999.959991, 120000000000.062195, 119999999999.980545
0.001228, 0.001696, 120000000000.053543, 120000000000.061890, 119999999999.980774
0.001345, 0.001696, 11011274684.696810, 10314499525.585043, 12491629254.599844
0.001462, 0.001696, 100992279181.505005, 15863328594.922417, 20074020163.407650
0.001579, 0.001696, 120000000000.053925, 120000000000.062302, 119999999999.980255
0.001696, 0.001696, 120000000000.054047, 120000000000.061340, 119999999999.980652
0.001813, 0.001696, 78905704638.466766, 7528127277.470318, 8574261169.963954
0.001930, 0.001696, 120000000000.053665, 119999999999.969284, 119999999999.969406
0.002048, 0.001696, 120000000000.053146, 120000000000.061661, 119999999999.969162
0.002164, 0.001696, 2352607556.013163, 16834011141.837084, 3045577019.577996
0.002282, 0.001696, 120000000000.054733, 119999999999.969299, 119999999999.980728
0.002398, 0.001696, 120000000000.053635, 120000000000.062378, 119999999999.980728
0.002515, 0.001696, 4688183851.783724, 9246998206.436352, 6178234948.611005
0.002632, 0.001696, 1075266149.679528, 1085626454.087755, 1112645105.275067
0.002749, 0.001696, 67110896935.213020, 67110896935.216354, 92117634609.483978
0.002866, 0.001696, 2350367760.226386, 2316402702.859602, 2957983070.748580
0.002983, 0.001696, 1779103452.161653, 1779098968.052097, 1774986953.016293
0.003101, 0.001696, 3316738283.471730, 6183421283.955572, 3847272791.887480
0.003217, 0.001696, 2184528861.853959, 1580612470.623140, 1759452996.773263
0.003335, 0.001696, 1810542199.891009, 927411287.860767, 1009595667.782439
0.003451, 0.001696, 8825839710.465181, 4870595003.716700, 1669569576.992045
0.003569, 0.001696, 10832210778.176550, 3064842489.699403, 3648723924.912327
0.003685, 0.001696, 2521586066.457057, 2142813793.357685, 2530094547.793402
0.003802, 0.001696, 106966386625.669052, 117576548878.637131, 70135876892.382614
0.003919, 0.001696, 120000000000.054657, 119999999999.970581, 119999999999.969284
0.004037, 0.001696, 1667355740.985044, 5052896815.196961, 1636693107.378133
0.004153, 0.001696, 15124523253.309954, 22774058055.756916, 2683079362.640214
0.004270, 0.001696, 3202245834.366116, 8967517186.877184, 4275863918.507525
0.004388, 0.001696, 119871662615.152298, 119871641313.249481, 119963754571.142273
0.004504, 0.001696, 11747143013.646563, 14733848934.583084, 6939856129.982185
0.004622, 0.001696, 21543935855.306938, 102606154069.008987, 36425453044.685089
0.004738, 0.001696, 24858245549.905308, 13583266169.195826, 12454914493.195286
0.004856, 0.001696, 32750034248.127964, 47794778439.072838, 30733723788.994064
0.004972, 0.001696, 50055588347.106697, 98590351512.509811, 16810779917.962048
0.005090, 0.001696, 16468374102.484018, 18374396869.485168, 10870517790.599802
0.005206, 0.001696, 24312318160.858730, 11902018824.240667, 14425540189.311232
0.005324, 0.001696, 35896114391.919945, 35172533223.146912, 20135199561.971989
0.005440, 0.001696, 2312675901.954633, 15191000726.005594, 3018707851.474063
0.005557, 0.001696, 120000000000.054169, 120000000000.062134, 119999999999.980621
0.005675, 0.001696, 54624994726.803711, 56412086360.443214, 78785008675.435547
0.005791, 0.001696, 500000000.000102, 500000000.000096, 499999999.999987
-0.005791, 0.001813, 500000000.000099, 500000000.000098, 499999999.999987
-0.005674, 0.001813, 503629600.531419, 503629600.531455, 505724678.032769
-0.005557, 0.001813, 736983647.014156, 616957525.359513, 637734968.478487
-0.005441, 0.001813, 2332376435.254085, 8778625779.158190, 2631455827.652135
-0.005324, 0.001813, 120000000000.053833, 120000000000.062149, 119999999999.980728
-0.005207, 0.001813, 83549667065.989838, 15574117458.969889, 22741358269.607151
-0.005089, 0.001813, 120000000000.054977, 120000000000.061951, 119999999999.980621
-0.004972, 0.001813, 5429603120.039727, 21892667338.017941, 8216232978.432960
-0.004855, 0.001813, 23050645022.684834, 6610534288.491302, 8712681996.722427
-0.004738, 0.001813, 3237394867.550286, 4813974114.318908, 4388480655.300662
-0.004621, 0.001813, 8744605141.830156, 11588005366.896889, 8519377552.930875
-0.004504, 0.001813, 2818465041.820495, 4587622381.874941, 2392806505.393234
-0.004387, 0.001813, 46541964353.213531, 3185221969.009167, 4539667599.043300
-0.004270, 0.001813, 9061895548.636444, 89442973056.953537, 12040714557.891134
-0.004154, 0.001813, 1691150980.155026, 2344418428.885588, 1995883060.086359
-0.004036, 0.001813, 21144086771.415623, 2789102996.115021, 3878030013.498208
-0.003920, 0.001813, 101887386640.780518, 9520778757.958103, 13105436940.021336
-0.003803, 0.001813, 120000000000.054611, 120000000000.061905, 119999999999.980576
-0.003686, 0.001813, 120000000000.053558, 120000000000.062027, 119999999999.980698
-0.003569, 0.001813, 119999999999.961594, 120000000000.061661, 119999999999.980728
-0.003452, 0.001813, 120000000000.052170, 120000000000.062149, 119999999999.980789
-0.003335, 0.001813, 682680833.185636, 975045269.684187, 705861353.313251
-0.003218, 0.001813, 500000000.000095, 500000000.000105, 499999999.999988
-0.003101, 0.001813, 102141609095.049545, 37350749721.698875, 51939055336.494408
-0.002984, 0.001813, 120000000000.053467, 119999999999.969040, 119999999999.980774
-0.002867, 0.001813, 120000000000.054840, 120000000000.063049, 119999999999.980774
-0.002750, 0.001813, 120000000000.055130, 120000000000.062134, 119999999999.980728
-0.002633, 0.001813, 744313630.824514, 1140123163.701260, 772666219.579866
-0.002516, 0.001813, 500000000.000104, 500000000.000096, 499999999.999987
-0.002399, 0.001813, 500000000.000099, 500000000.000102, 499999999.999987
-0.002282, 0.001813, 659862943.237212, 659862943.282492, 672387000.941297
-0.002165, 0.001813, 85055627645.407104, 96127331002.796234, 11817002048.778364
-0.002048, 0.001813, 120000000000.053253, 120000000000.061935, 119999999999.980576
-0.001931, 0.001813, 120000000000.053146, 120000000000.061768, 119999999999.969238
-0.001814, 0.001813, 973672270.939621, 1809627009.072001, 1021947476.809416
-0.001697, 0.001813, 5665177388.260637, 37650180767.821167, 7782597364.688381
-0.001580, 0.001813, 120000000000.053467, 119999999999.969162, 119999999999.980774
-0.001463, 0.001813, 1636515285.920238, 10245070032.038565, 1579665438.386197
-0.001345, 0.001813, 1398684438.538943, 5404433367.896391, 1300863570.137169
-0.001228, 0.001813, 120000000000.053833, 120000000000.062347, 119999999999.980423
-0.001112, 0.001813, 12695597539.654522, 95195324426.529434, 15578247409.010035
-0.000995, 0.001813, 728936001.799807, 724153760.025794, 733881697.792266
-0.000878, 0.001813, 112041217045.507095, 111648433828.266068, 48701085204.107643
-0.000761, 0.001813, 120000000000.055099, 120000000000.061691, 119999999999.980545
-0.000644, 0.001813, 1109335842.933823, 2401890369.762216, 1058676445.981413
-0.000527, 0.001813, 2918815093.178884, 21084021800.132393, 2144765955.011111
-0.000410, 0.001813, 120000000000.053177, 120000000000.062134, 119999999999.980530
-0.000293, 0.001813, 4276754925.272813, 54324700655.573914, 4568995708.969335
-0.000176, 0.001813, 824713861.034920, 845543331.421305, 825507138.056944
-0.000058, 0.001813, 120000000000.054642, 120000000000.062180, 119999999999.980698
0.000058, 0.001813, 120000000000.053055, 120000000000.061462, 119999999999.969376
0.000175, 0.001813, 2272928840.771097, 16107889397.195261, 2928023017.797118
0.000292, 0.001813, 120000000000.052658, 119999999999.968567, 119999999999.980728
0.000409, 0.001813, 119999999999.961105, 120000000000.061981, 119999999999.980576
0.000526, 0.001813, 2183843830.839475, 21084021799.268131, 2144765954.931535
0.000643, 0.001813, 1115097225.035459, 2401890370.183863, 1058676446.006357
0.000760, 0.001813, 120000000000.053055, 120000000000.061859, 119999999999.980545
0.000877, 0.001813, 33534221503.274593, 111648433828.186142, 48701085204.106941
0.000994, 0.001813, 741150647.110002, 724153759.962171, 733881697.789681
0.001112, 0.001813, 95392150572.444550, 95195324426.743408, 15578247409.010405
0.001228, 0.001813, 120000000000.054077, 120000000000.061691, 119999999999.969299
0.001345, 0.001813, 1360326181.411395, 5404433367.312637, 1300863570.094909
0.001462, 0.001813, 1772204339.960191, 10245070032.904028, 1579665438.456197
0.001579, 0.001813, 120000000000.053986, 119999999999.969055, 119999999999.980789
0.001696, 0.001813, 7528127277.471445, 78905704638.395203, 8574261169.964098
0.001813, 0.001813, 748032416.523726, 748032416.581018, 760199573.769494
0.001930, 0.001813, 118253823720.197464, 118150337961.377808, 110386295167.263748
0.002048, 0.001813, 120000000000.052658, 120000000000.062057, 119999999999.980728
0.002164, 0.001813, 2352607556.012581, 16834011141.837000, 3045577019.578132
0.002282, 0.001813, 119999999999.960281, 120000000000.061951, 119999999999.980728
0.002398, 0.001813, 120000000000.054520, 120000000000.061493, 119999999999.980774
0.002515, 0.001813, 2032650393.068095, 4382156627.321924, 2452638146.728906
0.002632, 0.001813, 67095475751.014679, 67095475751.017197, 92098813786.878799
0.002749, 0.001813, 1927731858.137679, 1929726212.980644, 2298592417.541797
0.002866, 0.001813, 2718552757.349595, 5001494780.637014, 2747824131.677318
0.002983, 0.001813, 689562083.052775, 637944501.411077, 655925552.414763
0.003101, 0.001813, 2903066605.778613, 1350482410.716639, 1474504538.146850
0.003217, 0.001813, 1576094137.837144, 923118989.477305, 997898883.961699
0.003335, 0.001813, 974894948.815246, 682510461.875526, 705808865.598675
0.003451, 0.001813, 974894948.815266, 682510461.872875, 705808865.598653
0.003569, 0.001813, 3475812227.633889, 1146690365.748602, 1203233435.249037
0.003685, 0.001813, 119818257336.568558, 119486744235.766479, 119694123421.744888
0.003802, 0.001813, 120000000000.054123, 119999999999.968887, 119999999999.980667
0.003919, 0.001813, 37358195597.201485, 32135105384.081364, 54867479013.370972
0.004037, 0.001813, 15798117421.169312, 2857766176.545238, 3967206041.692729
0.004153, 0.001813, 4430524020.246058, 1986200456.575645, 2549907713.988485
0.004270, 0.001813, 4121195952.362598, 1466398798.279876, 1706664169.682018
0.004388, 0.001813, 3101752090.163336, 1470386567.719560, 1648959851.567175
0.004504, 0.001813, 29478152370.012196, 23074032876.156677, 8664220014.333239
0.004622, 0.001813, 120000000000.053741, 120000000000.062027, 119999999999.980728
0.004738, 0.001813, 119874845175.998138, 119845930230.042984, 119905544508.902420
0.004856, 0.001813, 120000000000.053421, 120000000000.062271, 119999999999.980728
0.004972, 0.001813, 120000000000.053955, 120000000000.061951, 119999999999.980408
0.005090, 0.001813, 59504773599.589165, 25821501562.485435, 37431288987.306534
0.005206, 0.001813, 114968569740.116241, 29507813408.661865, 50853205262.308723
0.005324, 0.001813, 119992146375.035416, 119991467436.593903, 119992334737.331528
0.005440, 0.001813, 1807772094.016855, 4685450151.284507, 2074368963.690388
0.005557, 0.001813, 8172546653.928561, 1820943893.095926, 2094182125.406247
0.005675, 0.001813, 885068177.794669, 865396637.164044, 892036380.436107
0.005791, 0.001813, 500000000.000096, 500000000.000096, 499999999.999988
-0.005791, 0.001930, 500000000.000097, 500000000.000110, 499999999.999988
-0.005674, 0.001930, 2583504513.419539, 4203408888.524327, 2576153347.505692
-0.005557, 0.001930, 108999992000.989166, 119533764630.715805, 118749967409.380493
-0.005441, 0.001930, 2493520438.369620, 8396657486.835437, 3389935494.195825
-0.005324, 0.001930, 106491944721.004150, 63394668640.664711, 80446255357.936279
-0.005207, 0.001930, 119831169223.475952, 119799222727.784958, 119865252680.456329
-0.005089, 0.001930, 104677910974.181702, 63055458464.658897, 80064675517.153854
-0.004972, 0.001930, 4343713990.387857, 61452900848.488365, 6301214124.259519
-0.004855, 0.001930, 111356332984.998306, 111181318646.603989, 45534089680.089973
-0.004738, 0.001930, 32531899588.818993, 72366986729.055511, 21171476590.059376
-0.004621, 0.001930, 91280796357.340149, 71848833785.008530, 83193717676.968628
-0.004504, 0.001930, 3030855737.573348, 43565135167.085823, 4249361977.467141
-0.004387, 0.001930, 62177649907.118057, 92960369719.645050, 67485501353.968712
-0.004270, 0.001930, 39782017245.213722, 26420050017.328026, 15359089553.599121
-0.004154, 0.001930, 2797936909.735845, 22148432517.613914, 3886770457.580309
-0.004036, 0.001930, 119999999999.961014, 120000000000.061951, 119999999999.969177
-0.003920, 0.001930, 3572359637.135576, 5416689139.931688, 4728334764.225180
-0.003803, 0.001930, 84175627138.882599, 26593282471.176697, 26598511597.816025
-0.003686, 0.001930, 20172224534.626854, 20172224534.626766, 26347842016.995422
-0.003569, 0.001930, 60123600876.136192, 4551619555.101717, 4859119581.485217
-0.003452, 0.001930, 120000000000.054047, 120000000000.062256, 119999999999.980652
-0.003335, 0.001930, 682680833.185635, 975045269.684439, 705861353.313256
-0.003218, 0.001930, 500000000.000100, 500000000.000110, 499999999.999988
-0.003101, 0.001930, 826376734.386106, 827456690.540268, 846983666.630562
-0.002984, 0.001930, 113725416711.200027, 37495013378.893379, 52468142796.084908
-0.002867, 0.001930, 120000000000.052704, 120000000000.062393, 119999999999.980576
-0.002750, 0.001930, 120000000000.054169, 120000000000.062057, 119999999999.980652
-0.002633, 0.001930, 744313630.824513, 1140123163.701251, 772666219.579836
-0.002516, 0.001930, 500000000.000100, 500000000.000109, 499999999.999988
-0.002399, 0.001930, 659862943.266590, 659862943.253725, 672387000.941238
-0.002282, 0.001930, 85008908568.584473, 85008908568.776367, 11033575142.261026
-0.002165, 0.001930, 120000000000.054108, 120000000000.061783, 119999999999.969177
-0.002048, 0.001930, 120000000000.053802, 119999999999.970703, 119999999999.980789
-0.001931, 0.001930, 120000000000.053070, 120000000000.061951, 119999999999.980576
-0.001814, 0.001930, 973672270.939626, 1809627009.071996, 1021947476.809257
-0.001697, 0.001930, 5665177388.261164, 37650180767.821259, 7782597364.687908
-0.001580, 0.001930, 120000000000.052826, 119999999999.970154, 119999999999.980774
-0.001463, 0.001930, 117895885598.657669, 119818092915.865768, 119833040437.839737
-0.001345, 0.001930, 118734120808.786423, 117746380831.993713, 108734955262.925903
-0.001228, 0.001930, 120000000000.052948, 120000000000.062668, 119999999999.980408
-0.001112, 0.001930, 119999999999.960968, 120000000000.061493, 119999999999.980621
-0.000995, 0.001930, 118143556719.558380, 118258101134.125229, 110204937968.539474
-0.000878, 0.001930, 119999999999.961258, 120000000000.061661, 119999999999.980621
-0.000761, 0.001930, 120000000000.053955, 120000000000.061951, 119999999999.980728
-0.000644, 0.001930, 117567270077.010223, 118062856575.481628, 109888631337.450104
-0.000527, 0.001930, 120000000000.053879, 120000000000.061646, 119999999999.980606
-0.000410, 0.001930, 120000000000.055008, 120000000000.062103, 119999999999.980621
-0.000293, 0.001930, 120000000000.054596, 120000000000.061859, 119999999999.969238
-0.000176, 0.001930, 118170374054.103165, 118226611893.109116, 109620526681.130203
-0.000058, 0.001930, 120000000000.054932, 119999999999.969177, 119999999999.980728
0.000058, 0.001930, 120000000000.054108, 120000000000.062134, 119999999999.980408
0.000175, 0.001930, 2272928840.770768, 16107889397.195215, 2928023017.797128
0.000292, 0.001930, 120000000000.053467, 120000000000.062180, 119999999999.980728
0.000409, 0.001930, 120000000000.054230, 120000000000.061890, 119999999999.980545
0.000526, 0.001930, 120000000000.053558, 120000000000.062378, 119999999999.980576
0.000643, 0.001930, 118321168688.606613, 118062856575.500168, 109888631337.448135
0.000760, 0.001930, 120000000000.053955, 120000000000.062073, 119999999999.980652
0.000877, 0.001930, 120000000000.054886, 120000000000.061829, 119999999999.980621
0.000994, 0.001930, 118129264155.249405, 118258101134.121475, 110204937968.539474
0.001112, 0.001930, 120000000000.053680, 120000000000.062180, 119999999999.980850
0.001228, 0.001930, 120000000000.054047, 119999999999.968964, 119999999999.969238
0.001345, 0.001930, 100660162716.366745, 117746380831.960632, 108734955262.988617
0.001462, 0.001930, 119818092915.945389, 119818092915.963303, 119833040437.847778
0.001579, 0.001930, 120000000000.052887, 120000000000.062683, 119999999999.980728
0.001696, 0.001930, 120000000000.053757, 119999999999.968842, 119999999999.980499
0.001813, 0.001930, 118150337961.357040, 118253823720.206604, 110386295167.263336
0.001930, 0.001930, 120000000000.054001, 120000000000.062134, 119999999999.980576
0.002048, 0.001930, 119999999999.959702, 120000000000.061829, 119999999999.969040
0.002164, 0.001930, 2352607556.014422, 16834011141.837051, 3045577019.578175
0.002282, 0.001930, 120000000000.053879, 120000000000.062195, 119999999999.980331
0.002398, 0.001930, 119999999999.961105, 120000000000.062256, 119999999999.980698
0.002515, 0.001930, 2329495642.335794, 16577309002.350607, 3004119952.939453
0.002632, 0.001930, 2976916696.826719, 12758102420.883490, 3433742944.326743
0.002749, 0.001930, 8626451192.463797, 65543080312.766312, 12078310489.937429
0.002866, 0.001930, 1799836853.115155, 7273208321.145350, 2130747284.239709
0.002983, 0.001930, 107311522102.785278, 107311522102.872925, 28913126558.373974
0.003101, 0.001930, 119999999999.962036, 120000000000.061859, 119999999999.980499
0.003217, 0.001930, 120000000000.054642, 120000000000.062149, 119999999999.980728
0.003335, 0.001930, 120000000000.053635, 120000000000.063461, 119999999999.980606
0.003451, 0.001930, 120000000000.053513, 120000000000.062180, 119999999999.980499
0.003569, 0.001930, 119999999999.960892, 120000000000.062393, 119999999999.980576
0.003685, 0.001930, 120000000000.052826, 120000000000.062195, 119999999999.980652
0.003802, 0.001930, 39265670941.985954, 116073741994.192764, 69577251503.711731
0.003919, 0.001930, 14631018963.915586, 38725180365.066742, 11797891908.942478
0.004037, 0.001930, 120000000000.053375, 120000000000.061890, 119999999999.980576
0.004153, 0.001930, 2674659596.100766, 13228440990.543158, 3496794631.095992
0.004270, 0.001930, 3461754585.134017, 13464168657.651775, 5159985064.790658
0.004388, 0.001930, 10263139741.181170, 5331947858.076384, 8305859529.363861
0.004504, 0.001930, 11698211193.536182, 71078435346.940521, 9291426315.392992
0.004622, 0.001930, 120000000000.053391, 119999999999.968567, 119999999999.980728
0.004738, 0.001930, 1616016823.685839, 1482505149.332220, 1433574858.065409
0.004856, 0.001930, 22000382093.545685, 3572858868.525905, 3239666583.653995
0.004972, 0.001930, 120000000000.054474, 120000000000.061859, 119999999999.969177
0.005090, 0.001930, 36010742657.271004, 34986787249.131660, 17948289066.735477
0.005206, 0.001930, 57014512766.787666, 95773247939.215195, 54052299968.286659
0.005324, 0.001930, 37235468344.172531, 43688676546.115601, 12655491109.602619
0.005440, 0.001930, 1985426003.933650, 4870629597.633476, 2415664740.903209
0.005557, 0.001930, 77416686124.794235, 31532648903.158596, 8392277542.333152
0.005675, 0.001930, 2346113750.501553, 4202589883.533833, 2576152483.675380
0.005791, 0.001930, 500000000.000097, 500000000.000096, 499999999.999988
-0.005791, 0.002048, 501863214.813852, 504207958.840980, 504179494.146997
-0.005674, 0.002048, 8505932902.141191, 5074534048.134703, 5089076772.982353
-0.005557, 0.002048, 28126157962.305233, 28126157962.305416, 38209920023.148636
-0.005441, 0.002048, 2567574784.125466, 14498528689.921793, 3461090366.212009
-0.005324, 0.002048, 64931285346.001122, 104547701554.518692, 25331332761.861458
-0.005207, 0.002048, 119999999999.959137, 120000000000.063950, 119999999999.969299
-0.005089, 0.002048, 52692188104.517708, 102017757282.704407, 25041902678.994587
-0.004972, 0.002048, 15011300642.829136, 90250588459.523972, 24873893949.154068
-0.004855, 0.002048, 94159385076.997131, 13138186243.966597, 18459582895.347263
-0.004738, 0.002048, 113595482684.937592, 111333481382.414017, 118149861912.880829
-0.004621, 0.002048, 26945852732.443050, 75823303779.356369, 13051469402.819197
-0.004504, 0.002048, 68404762822.107056, 31754639634.427753, 30948392253.601089
-0.004387, 0.002048, 120000000000.053055, 120000000000.061951, 119999999999.980606
-0.004270, 0.002048, 42841044604.955978, 52740064351.296555, 32346170362.153885
-0.004154, 0.002048, 2381760797.199635, 12068492170.609489, 3154297223.474068
-0.004036, 0.002048, 115320954853.361526, 45843139118.944489, 64860050608.064598
-0.003920, 0.002048, 4122863430.061512, 6650193769.332902, 5916904652.841542
-0.003803, 0.002048, 42929867180.056557, 106756149611.667114, 13732716227.642073
-0.003686, 0.002048, 2637247329.234896, 29747666135.019260, 2634194684.139100
-0.003569, 0.002048, 1181164557.251670, 1994082220.435358, 1086662620.626163
-0.003452, 0.002048, 120000000000.053680, 120000000000.062149, 119999999999.980621
-0.003335, 0.002048, 677025079.794437, 927819399.088513, 701452222.785805
-0.003218, 0.002048, 500000000.000100, 500000000.000097, 499999999.999987
-0.003101, 0.002048, 500000000.000097, 500000000.000096, 499999999.999988
-0.002984, 0.002048, 826376734.385824, 827456690.540276, 846983666.630563
-0.002867, 0.002048, 113725416711.199356, 37495013378.893166, 52468142796.084892
-0.002750, 0.002048, 45927764420.908821, 45927764420.909836, 65004143121.858521
-0.002633, 0.002048, 661395212.442036, 764353090.396580, 678347301.257620
-0.002516, 0.002048, 659862943.238513, 659862943.254080, 672387000.947387
-0.002399, 0.002048, 85008908568.584915, 85008908568.773880, 11033575142.260736
-0.002282, 0.002048, 120000000000.053955, 120000000000.062317, 119999999999.980743
-0.002165, 0.002048, 120000000000.055618, 119999999999.969604, 119999999999.980743
-0.002048, 0.002048, 120000000000.054001, 120000000000.061981, 119999999999.980774
-0.001931, 0.002048, 120000000000.052811, 120000000000.061813, 119999999999.980774
-0.001814, 0.002048, 973672270.939634, 1809627009.072012, 1021947476.809412
-0.001697, 0.002048, 5665177388.262881, 37650180767.821205, 7782597364.688166
-0.001580, 0.002048, 119999999999.960739, 120000000000.062180, 119999999999.969208
-0.001463, 0.002048, 18522246456.544827, 18522246456.544689, 23907416333.806339
-0.001345, 0.002048, 95814837762.911957, 11535015747.284414, 14126214804.138023
-0.001228, 0.002048, 120000000000.053314, 120000000000.063736, 119999999999.980728
-0.001112, 0.002048, 120000000000.054810, 120000000000.062073, 119999999999.980698
-0.000995, 0.002048, 120000000000.053558, 120000000000.061905, 119999999999.980652
-0.000878, 0.002048, 120000000000.053345, 120000000000.062073, 119999999999.980621
-0.000761, 0.002048, 120000000000.053741, 120000000000.062180, 119999999999.980743
-0.000644, 0.002048, 119999999999.962982, 120000000000.061539, 119999999999.980698
-0.000527, 0.002048, 120000000000.053635, 120000000000.062134, 119999999999.969284
-0.000410, 0.002048, 120000000000.054291, 120000000000.061615, 119999999999.980453
-0.000293, 0.002048, 120000000000.053131, 120000000000.061951, 119999999999.980652
-0.000176, 0.002048, 120000000000.055130, 120000000000.062225, 119999999999.980652
-0.000058, 0.002048, 120000000000.053299, 120000000000.061935, 119999999999.969238
0.000058, 0.002048, 120000000000.054123, 120000000000.061859, 119999999999.980423
0.000175, 0.002048, 2227192740.367637, 12046178079.919273, 2841437608.897124
0.000292, 0.002048, 119999999999.960602, 120000000000.062424, 119999999999.980652
0.000409, 0.002048, 120000000000.054031, 120000000000.061890, 119999999999.980545
0.000526, 0.002048, 120000000000.053741, 120000000000.062134, 119999999999.980743
0.000643, 0.002048, 120000000000.055222, 120000000000.061935, 119999999999.980728
0.000760, 0.002048, 120000000000.054642, 120000000000.062195, 119999999999.980652
0.000877, 0.002048, 120000000000.053024, 120000000000.062271, 119999999999.980606
0.000994, 0.002048, 120000000000.053314, 120000000000.062469, 119999999999.980423
0.001112, 0.002048, 120000000000.054611, 120000000000.061859, 119999999999.980499
0.001228, 0.002048, 120000000000.054153, 119999999999.968689, 119999999999.969238
0.001345, 0.002048, 120000000000.054855, 120000000000.062180, 119999999999.980652
0.001462, 0.002048, 120000000000.054153, 120000000000.063278, 119999999999.980606
0.001579, 0.002048, 120000000000.053711, 120000000000.061813, 119999999999.980728
0.001696, 0.002048, 120000000000.053177, 120000000000.061768, 119999999999.980652
0.001813, 0.002048, 120000000000.053711, 120000000000.062149, 119999999999.980606
0.001930, 0.002048, 120000000000.054321, 120000000000.062057, 119999999999.969040
0.002048, 0.002048, 119999999999.960358, 120000000000.061737, 119999999999.980652
0.002164, 0.002048, 2352607556.012720, 16834011141.836956, 3045577019.578135
0.002282, 0.002048, 120000000000.054077, 120000000000.061935, 119999999999.980484
0.002398, 0.002048, 120000000000.054611, 120000000000.062225, 119999999999.969284
0.002515, 0.002048, 2329495642.334169, 16577309002.350592, 3004119952.939416
0.002632, 0.002048, 2846692347.569509, 12750313619.145609, 3305712081.944447
0.002749, 0.002048, 10024626411.705233, 70801913718.710510, 18873901049.036453
0.002866, 0.002048, 1682105709.141811, 4774509276.494871, 1873591162.234527
0.002983, 0.002048, 5488314917.387846, 1739334996.396184, 1837710662.444407
0.003101, 0.002048, 120000000000.053558, 120000000000.062180, 119999999999.980331
0.003217, 0.002048, 120000000000.053925, 119999999999.968842, 119999999999.980453
0.003335, 0.002048, 120000000000.054688, 120000000000.061951, 119999999999.969238
0.003451, 0.002048, 119999999999.961594, 120000000000.061768, 119999999999.980576
0.003569, 0.002048, 119999999999.960785, 120000000000.061859, 119999999999.980621
0.003685, 0.002048, 119999999999.961548, 120000000000.063278, 119999999999.980652
0.003802, 0.002048, 120000000000.053619, 119999999999.968552, 119999999999.980789
0.003919, 0.002048, 36490669845.446136, 17957403406.562401, 16384404645.656628
0.004037, 0.002048, 65821266087.754425, 67083634354.560844, 107619839280.352417
0.004153, 0.002048, 27278022466.289360, 93705388279.158142, 14999274834.460705
0.004270, 0.002048, 116485240796.080231, 117370432789.975555, 119028890007.989487
0.004388, 0.002048, 109813269841.869476, 28468326689.535458, 23386489798.378269
0.004504, 0.002048, 120000000000.054001, 120000000000.061768, 119999999999.980453
0.004622, 0.002048, 120000000000.054855, 119999999999.968521, 119999999999.980621
0.004738, 0.002048, 3123757864.340271, 10502522653.638016, 2492508894.519126
0.004856, 0.002048, 67344786058.625671, 67344786058.907990, 7258759224.691223
0.004972, 0.002048, 120000000000.054352, 120000000000.062225, 119999999999.980576
0.005090, 0.002048, 18387019077.702877, 85520116160.187119, 12989039083.673805
0.005206, 0.002048, 120000000000.054520, 120000000000.062180, 119999999999.980621
0.005324, 0.002048, 4731275553.111816, 29314749172.310627, 6308498466.522766
0.005440, 0.002048, 2223740439.457558, 7292324672.151426, 2824416706.097580
0.005557, 0.002048, 110693059880.183990, 28126157962.305988, 38209920023.148621
0.005675, 0.002048, 4238716547.403905, 5074534048.132843, 5089076772.982341
0.005791, 0.002048, 501981633.565900, 504207958.841276, 504179494.147025
-0.005791, 0.002164, 500000000.000096, 500000000.000095, 499999999.999987
-0.005674, 0.002164, 564780480.828040, 546433873.651354, 555143707.366899
-0.005557, 0.002164, 1994561770.969530, 1336944096.448874, 1463264604.455391
-0.005441, 0.002164, 116292224242.371979, 114634529227.607956, 67651597256.535553
-0.005324, 0.002164, 120000000000.053543, 120000000000.062347, 119999999999.969040
-0.005207, 0.002164, 96933483916.002716, 82226686749.727448, 23883861002.116928
-0.005089, 0.002164, 120000000000.054199, 120000000000.062073, 119999999999.980652
-0.004972, 0.002164, 120000000000.053589, 120000000000.062271, 119999999999.969238
-0.004855, 0.002164, 19311752910.324463, 13182030333.694193, 17879533807.190685
-0.004738, 0.002164, 61452825591.895325, 4752462747.142305, 4760697804.664860
-0.004621, 0.002164, 4606129150.250617, 3202098745.202648, 4354632567.046531
-0.004504, 0.002164, 8875822586.577888, 3199999953.208154, 3603691407.600614
-0.004387, 0.002164, 32810087256.248165, 39260800731.135971, 24515778241.062241
-0.004270, 0.002164, 93583458252.592361, 105752902588.899719, 22235479908.213242
-0.004154, 0.002164, 2894724650.093288, 3144242790.819252, 3367291732.299233
-0.004036, 0.002164, 1366768101.693870, 994621444.322879, 1098588036.499797
-0.003920, 0.002164, 55217901267.698212, 8968785069.394159, 7790834468.460381
-0.003803, 0.002164, 120000000000.053146, 120000000000.062180, 119999999999.969162
-0.003686, 0.002164, 119999999999.962280, 120000000000.062439, 119999999999.980652
-0.003569, 0.002164, 120000000000.055084, 120000000000.062805, 119999999999.980728
-0.003452, 0.002164, 1903970887.244887, 1869952831.760871, 2067377828.334111
-0.003335, 0.002164, 873510061.092609, 650212707.807620, 674595270.490882
-0.003218, 0.002164, 506998478.314048, 505373723.610259, 507893646.127159
-0.003101, 0.002164, 500000000.000098, 500000000.000095, 499999999.999987
-0.002984, 0.002164, 549387058.667294, 530991453.879202, 539357935.807738
-0.002867, 0.002164, 1254266495.258387, 751144868.815638, 800776830.041757
-0.002750, 0.002164, 1515330998.978598, 757791799.469444, 809098618.608822
-0.002633, 0.002164, 864463767.485014, 700372958.647135, 723710999.770242
-0.002516, 0.002164, 85008908568.581757, 85008908568.778458, 11033575142.260950
-0.002399, 0.002164, 120000000000.053665, 119999999999.969482, 119999999999.980652
-0.002282, 0.002164, 4292820342.184097, 7669688430.777869, 4547115017.058777
-0.002165, 0.002164, 1885225752.258978, 1162762670.521795, 1086323951.848957
-0.002048, 0.002164, 120000000000.054718, 120000000000.062302, 119999999999.980499
-0.001931, 0.002164, 120000000000.053513, 119999999999.969131, 119999999999.980545
-0.001814, 0.002164, 973672270.939625, 1809627009.071991, 1021947476.809345
-0.001697, 0.002164, 5665177388.257502, 37650180767.821228, 7782597364.687964
-0.001580, 0.002164, 119999999999.959869, 119999999999.969177, 119999999999.980698
-0.001463, 0.002164, 1630605233.095448, 9921318268.020613, 1568529177.993837
-0.001345, 0.002164, 1389635501.261440, 5060343849.018208, 1282138633.019172
-0.001228, 0.002164, 120000000000.053345, 119999999999.969086, 119999999999.980743
-0.001112, 0.002164, 9087096813.714481, 3258520941.491991, 3723707069.823082
-0.000995, 0.002164, 8985389980.714184, 2331846540.772939, 2635990378.710009
-0.000878, 0.002164, 8985389980.714178, 2331846540.772939, 2635990378.710009
-0.000761, 0.002164, 8985389980.714193, 2331846540.772939, 2635990378.710010
-0.000644, 0.002164, 8985389980.714180, 2331846540.772939, 2635990378.710009
-0.000527, 0.002164, 8985389980.714176, 2331846540.772939, 2635990378.710009
-0.000410, 0.002164, 8985389980.714172, 2331846540.772941, 2635990378.710010
-0.000293, 0.002164, 8985389980.714203, 2331846540.772940, 2635990378.710009
-0.000176, 0.002164, 8985389980.714188, 2331846540.772939, 2635990378.710008
-0.000058, 0.002164, 8985389980.714176, 2331846540.772940, 2635990378.710009
0.000058, 0.002164, 3036619886.475079, 2018666530.053921, 2371460196.175581
0.000175, 0.002164, 18244265038.192326, 18244265038.684223, 4220955552.454222
0.000292, 0.002164, 120000000000.054077, 120000000000.062134, 119999999999.980652
0.000409, 0.002164, 120000000000.053146, 120000000000.062103, 119999999999.980728
0.000526, 0.002164, 2408413020.438386, 3718961411.731475, 2511312396.110008
0.000643, 0.002164, 1901552745.266496, 1555512729.846883, 1291751797.064012
0.000760, 0.002164, 119999999999.960785, 120000000000.061951, 119999999999.980728
0.000877, 0.002164, 33479527986.939568, 107835848597.727142, 48607592727.192612
0.000994, 0.002164, 1302127200.578808, 973898851.903458, 905328927.421989
0.001112, 0.002164, 69176219277.808441, 64582458207.658203, 15413251679.107124
0.001228, 0.002164, 119999999999.959702, 120000000000.061340, 119999999999.969238
0.001345, 0.002164, 1521145972.326708, 2015381528.045034, 1565627289.588713
0.001462, 0.002164, 3823324002.774830, 2549603004.736996, 1880439830.678385
0.001579, 0.002164, 119999999999.960480, 120000000000.061905, 119999999999.980728
0.001696, 0.002164, 7769441692.248746, 24877431960.630428, 8521647111.647881
0.001813, 0.002164, 1427314921.132402, 988759088.449636, 943332452.670029
0.001930, 0.002164, 118180567784.858292, 117912247941.504501, 110274662218.640701
0.002048, 0.002164, 120000000000.053146, 120000000000.061981, 119999999999.980652
0.002164, 0.002164, 2352607556.012987, 16834011141.837030, 3045577019.578001
0.002282, 0.002164, 120000000000.053741, 120000000000.062057, 119999999999.980743
0.002398, 0.002164, 119999999999.960190, 120000000000.061768, 119999999999.980652
0.002515, 0.002164, 2329495642.335303, 16577309002.350891, 3004119952.939341
0.002632, 0.002164, 2846692347.569507, 12750313619.145597, 3305712081.944665
0.002749, 0.002164, 10024626411.710548, 70801913718.709625, 18873901049.036430
0.002866, 0.002164, 1647187425.752373, 4746761539.840364, 1793454342.491718
0.002983, 0.002164, 513272580.081624, 516520881.116107, 517031602.590162
0.003101, 0.002164, 8436701508.313419, 14360844401.114382, 5231584351.104882
0.003217, 0.002164, 119999999999.959839, 119999999999.969482, 119999999999.980408
0.003335, 0.002164, 119999999999.960907, 120000000000.061859, 119999999999.980499
0.003451, 0.002164, 3723768348.709953, 4957809323.768809, 4073568065.749374
0.003569, 0.002164, 3083182536.769422, 1330125223.532122, 1257243461.222646
0.003685, 0.002164, 120000000000.054245, 120000000000.061859, 119999999999.980667
0.003802, 0.002164, 120000000000.054291, 120000000000.062393, 119999999999.980728
0.003919, 0.002164, 92679100778.127777, 75900272083.061447, 29914213211.757488
0.004037, 0.002164, 49002685017.444077, 52819109294.690353, 12652009775.137367
0.004153, 0.002164, 120000000000.054199, 120000000000.061890, 119999999999.980698
0.004270, 0.002164, 120000000000.055328, 120000000000.062073, 119999999999.980698
0.004388, 0.002164, 120000000000.053146, 119999999999.969009, 119999999999.980667
0.004504, 0.002164, 120000000000.054688, 120000000000.062180, 119999999999.980499
0.004622, 0.002164, 120000000000.055344, 120000000000.061981, 119999999999.980576
0.004738, 0.002164, 120000000000.053467, 119999999999.968765, 119999999999.980499
0.004856, 0.002164, 120000000000.053497, 120000000000.062027, 119999999999.980408
0.004972, 0.002164, 120000000000.053131, 120000000000.062149, 119999999999.980545
0.005090, 0.002164, 43564661709.970169, 101611028916.091034, 64799191597.889122
0.005206, 0.002164, 14045236277.484131, 2962840134.913113, 4200161356.956524
0.005324, 0.002164, 8754680271.982605, 7269940470.544920, 4695202084.322590
0.005440, 0.002164, 1594927367.089994, 4470897832.158086, 1731641009.279936
0.005557, 0.002164, 640838919.445736, 589177112.523432, 606805950.887848
0.005675, 0.002164, 578360970.542117, 546433873.650468, 555143707.366714
0.005791, 0.002164, 500000000.000096, 500000000.000097, 499999999.999987
-0.005791, 0.002282, 500000000.000100, 500000000.000092, 499999999.999988
-0.005674, 0.002282, 704974313.824085, 766203487.487829, 726895930.692025
-0.005557, 0.002282, 118890131372.944382, 118890131372.965195, 112758996353.201965
-0.005441, 0.002282, 120000000000.053497, 120000000000.062271, 119999999999.980728
-0.005324, 0.002282, 120000000000.054443, 120000000000.062180, 119999999999.980774
-0.005207, 0.002282, 95295074221.856934, 78269877682.975052, 23474212433.778015
-0.005089, 0.002282, 119999999999.961700, 120000000000.063248, 119999999999.980774
-0.004972, 0.002282, 114171641224.139847, 115185296478.709793, 119021713887.687057
-0.004855, 0.002282, 5539098104.233004, 5247986581.354425, 4690611654.436205
-0.004738, 0.002282, 2896166644.058245, 3859248648.317649, 3277086640.951479
-0.004621, 0.002282, 1441872365.760536, 1913818323.820762, 1535573612.028516
-0.004504, 0.002282, 6920178181.138136, 76132589250.504944, 7689210254.265160
-0.004387, 0.002282, 86743341694.569412, 7044470916.410015, 8376369183.580676
-0.004270, 0.002282, 65046129762.910957, 18657850488.975296, 21035966893.605442
-0.004154, 0.002282, 2762796299.582993, 11811319884.901310, 3649170186.894238
-0.004036, 0.002282, 7107697368.477206, 92143682480.439758, 8550528166.937545
-0.003920, 0.002282, 82015432457.122055, 45373133580.417282, 14224280478.465803
-0.003803, 0.002282, 120000000000.053543, 120000000000.062439, 119999999999.969360
-0.003686, 0.002282, 120000000000.054153, 120000000000.062500, 119999999999.980530
-0.003569, 0.002282, 120000000000.054245, 120000000000.062668, 119999999999.980667
-0.003452, 0.002282, 2163637765.988909, 15529255780.837276, 2711478067.264120
-0.003335, 0.002282, 120000000000.053589, 120000000000.062149, 119999999999.969040
-0.003218, 0.002282, 1440034152.250226, 2583991221.428700, 1508565633.841443
-0.003101, 0.002282, 506998478.314030, 505373723.610258, 507893646.127166
-0.002984, 0.002282, 6998716432.588693, 50136085400.081772, 5503057544.283501
-0.002867, 0.002282, 120000000000.053665, 120000000000.062180, 119999999999.980499
-0.002750, 0.002282, 120000000000.053925, 120000000000.061493, 119999999999.969208
-0.002633, 0.002282, 120000000000.054352, 120000000000.062271, 119999999999.980743
-0.002516, 0.002282, 120000000000.053131, 120000000000.063644, 119999999999.980728
-0.002399, 0.002282, 120000000000.055206, 120000000000.062302, 119999999999.969360
-0.002282, 0.002282, 19770711416.964779, 105424657440.799393, 25690163503.985828
-0.002165, 0.002282, 31618357038.235191, 7785433875.661138, 2745555541.125601
-0.002048, 0.002282, 120000000000.054047, 120000000000.061249, 119999999999.980576
-0.001931, 0.002282, 108568683611.196060, 108568683611.202789, 118635740145.156616
-0.001814, 0.002282, 795633302.678268, 923766664.475839, 824221100.436490
-0.001697, 0.002282, 7883460799.841005, 100345638589.335556, 9031673667.925251
-0.001580, 0.002282, 120000000000.052414, 120000000000.061829, 119999999999.980423
-0.001463, 0.002282, 108701161179.574478, 119512341931.245941, 118671009538.664413
-0.001345, 0.002282, 117880287953.003143, 116561406322.509827, 91184047056.845856
-0.001228, 0.002282, 1913033877.598420, 1913033877.603198, 2136097934.784845
-0.001112, 0.002282, 9074810857.754702, 2062336573.704192, 2257250390.228747
-0.000995, 0.002282, 14219113946.391119, 3027823052.917160, 3552902354.210577
-0.000878, 0.002282, 14219113946.391127, 3027823052.917217, 3552902354.209958
-0.000761, 0.002282, 14219113946.391129, 3027823052.915783, 3552902354.210310
-0.000644, 0.002282, 14219113946.391121, 3027823052.916545, 3552902354.209803
-0.000527, 0.002282, 14219113946.391121, 3027823052.917413, 3552902354.209748
-0.000410, 0.002282, 14219113946.391138, 3027823052.916422, 3552902354.209740
-0.000293, 0.002282, 14219113946.391088, 3027823052.917322, 3552902354.210323
-0.000176, 0.002282, 14219113946.391022, 3027823052.917076, 3552902354.210649
-0.000058, 0.002282, 14219113946.391150, 3027823052.915049, 3552902354.210314
0.000058, 0.002282, 93857109079.609879, 19889589903.683918, 6439110634.952951
0.000175, 0.002282, 120000000000.054489, 119999999999.968842, 119999999999.980728
0.000292, 0.002282, 120000000000.054352, 120000000000.062103, 119999999999.980484
0.000409, 0.002282, 120000000000.053589, 120000000000.062134, 119999999999.969177
0.000526, 0.002282, 8694316648.504189, 82637000399.516418, 10309014467.758938
0.000643, 0.002282, 41304463247.534966, 25291176060.528709, 3612140201.159334
0.000760, 0.002282, 120000000000.054153, 120000000000.062103, 119999999999.980530
0.000877, 0.002282, 120000000000.053055, 119999999999.969055, 119999999999.980728
0.000994, 0.002282, 25694703938.065006, 6405736698.185190, 2837402894.732180
0.001112, 0.002282, 119818092915.951920, 119818092915.963181, 119833040437.847717
0.001228, 0.002282, 120000000000.053864, 120000000000.063736, 119999999999.980545
0.001345, 0.002282, 4300243181.753231, 43815864877.914291, 4651161318.174352
0.001462, 0.002282, 60152466401.349167, 60152466401.660034, 6272491213.795089
0.001579, 0.002282, 120000000000.054245, 119999999999.968811, 119999999999.980545
0.001696, 0.002282, 69423145445.492554, 117712399905.824097, 94847598983.600815
0.001813, 0.002282, 32850960050.738232, 5140474806.563274, 2831561105.986105
0.001930, 0.002282, 119999999999.960648, 120000000000.062027, 119999999999.980652
0.002048, 0.002282, 41676594681.399704, 41676594681.400085, 58805823445.130676
0.002164, 0.002282, 1996179086.159165, 5047829181.597519, 2403519145.886791
0.002282, 0.002282, 120000000000.054764, 120000000000.061981, 119999999999.980209
0.002398, 0.002282, 119999999999.961227, 119999999999.969177, 119999999999.980499
0.002515, 0.002282, 2329495642.334808, 16577309002.350180, 3004119952.939546
0.002632, 0.002282, 2846692347.569509, 12750313619.145609, 3305712081.944707
0.002749, 0.002282, 10024626411.707220, 70801913718.709885, 18873901049.036568
0.002866, 0.002282, 1647187425.752373, 4746761539.840367, 1793454342.491586
0.002983, 0.002282, 500000000.000105, 500000000.000098, 499999999.999987
0.003101, 0.002282, 3027960821.517170, 14222188664.377947, 3553261513.165369
0.003217, 0.002282, 120000000000.053619, 120000000000.061768, 119999999999.980667
0.003335, 0.002282, 120000000000.053177, 119999999999.968994, 119999999999.980621
0.003451, 0.002282, 10023110807.726593, 87687439530.462662, 12033591577.544453
0.003569, 0.002282, 23520734526.521278, 7008055440.606047, 2396111784.598303
0.003685, 0.002282, 120000000000.052902, 120000000000.062073, 119999999999.980652
0.003802, 0.002282, 120000000000.052948, 120000000000.061981, 119999999999.980774
0.003919, 0.002282, 102053783050.749542, 16115346486.070562, 20618017413.486031
0.004037, 0.002282, 120000000000.052277, 120000000000.062057, 119999999999.980530
0.004153, 0.002282, 120000000000.053589, 120000000000.061951, 119999999999.980728
0.004270, 0.002282, 19355444425.292179, 30650640239.195286, 12926689954.981739
0.004388, 0.002282, 61394163474.597832, 60834645286.040947, 51275100593.581398
0.004504, 0.002282, 73188741981.694672, 22920254168.504562, 13538957618.273928
0.004622, 0.002282, 119999999999.960083, 120000000000.062271, 119999999999.980621
0.004738, 0.002282, 3079128567.047884, 3433755908.612582, 3379979834.692994
0.004856, 0.002282, 5165185094.315917, 1526731816.221541, 1528755735.865329
0.004972, 0.002282, 120000000000.053802, 119999999999.968872, 119999999999.980652
0.005090, 0.002282, 26308319703.637932, 22765899833.993042, 12542882726.114281
0.005206, 0.002282, 22343430974.888763, 34115691484.213619, 15887899933.704092
0.005324, 0.002282, 86152185322.910385, 63492320822.188721, 36999138448.081429
0.005440, 0.002282, 1594927367.089993, 4470897832.158081, 1731641009.279846
0.005557, 0.002282, 500000000.000099, 500000000.000099, 499999999.999987
0.005675, 0.002282, 500000000.000093, 500000000.000110, 499999999.999987
0.005791, 0.002282, 500000000.000099, 500000000.000098, 499999999.999988
-0.005791, 0.002398, 500000000.000104, 500000000.000104, 499999999.999987
-0.005674, 0.002398, 791348006.734372, 1265886829.424520, 823348013.602952
-0.005557, 0.002398, 120000000000.053513, 120000000000.062622, 119999999999.980652
-0.005441, 0.002398, 120000000000.054855, 120000000000.061584, 119999999999.980652
-0.005324, 0.002398, 77787425054.463486, 96766480974.815964, 23739868326.893280
-0.005207, 0.002398, 120000000000.054276, 120000000000.062347, 119999999999.980652
-0.005089, 0.002398, 67829719684.890282, 93802889846.477219, 23709036742.375992
-0.004972, 0.002398, 6848117313.562351, 64703713292.799438, 10382742976.264397
-0.004855, 0.002398, 120000000000.054535, 120000000000.061768, 119999999999.980652
-0.004738, 0.002398, 119962280420.009155, 119973838560.667984, 119976992361.524323
-0.004621, 0.002398, 2420452233.850252, 2921665611.120319, 2477138847.377350
-0.004504, 0.002398, 6223295994.216677, 19144438050.507214, 4987681850.457808
-0.004387, 0.002398, 120000000000.053680, 120000000000.061737, 119999999999.980606
-0.004270, 0.002398, 43522949723.468269, 100617585475.663483, 23581271174.221409
-0.004154, 0.002398, 11668411778.873161, 92602311538.022232, 8124829089.414984
-0.004036, 0.002398, 120000000000.053879, 120000000000.062149, 119999999999.980698
-0.003920, 0.002398, 11547407662.872238, 100002704349.468857, 21104739123.345165
-0.003803, 0.002398, 92035834792.576828, 107458941593.033371, 21823203702.316444
-0.003686, 0.002398, 120000000000.054474, 119999999999.969040, 119999999999.980743
-0.003569, 0.002398, 120000000000.053864, 119999999999.968796, 119999999999.980606
-0.003452, 0.002398, 2273032880.846467, 16060721089.149250, 2927401433.927886
-0.003335, 0.002398, 120000000000.053619, 119999999999.968964, 119999999999.969254
-0.003218, 0.002398, 119999999999.961472, 120000000000.061951, 119999999999.980652
-0.003101, 0.002398, 620673551.669044, 811405514.085427, 639960771.349136
-0.002984, 0.002398, 15808913720.419254, 92124985586.551239, 40986107813.619217
-0.002867, 0.002398, 119999999999.961105, 120000000000.062073, 119999999999.980743
-0.002750, 0.002398, 119680511996.237610, 117225418797.414948, 119742974200.378387
-0.002633, 0.002398, 120000000000.054840, 120000000000.061859, 119999999999.980774
-0.002516, 0.002398, 119999999999.961212, 119999999999.969772, 119999999999.969254
-0.002399, 0.002398, 119999999999.962982, 120000000000.061981, 119999999999.980530
-0.002282, 0.002398, 120000000000.053802, 120000000000.062546, 119999999999.980667
-0.002165, 0.002398, 120000000000.054169, 120000000000.061707, 119999999999.980667
-0.002048, 0.002398, 108568683611.196747, 108568683611.202591, 118635740145.156815
-0.001931, 0.002398, 1007427149.642487, 1007427149.642669, 1045934922.340178
-0.001814, 0.002398, 1476967479.668916, 1476967480.312624, 1301882648.845836
-0.001697, 0.002398, 120000000000.054855, 120000000000.061905, 119999999999.969284
-0.001580, 0.002398, 119999999999.961349, 120000000000.061569, 119999999999.980652
-0.001463, 0.002398, 119999999999.961960, 120000000000.061691, 119999999999.980728
-0.001345, 0.002398, 2561390092.853996, 5029689568.932718, 3005810252.383272
-0.001228, 0.002398, 19536723726.669163, 19536723727.176807, 3203038638.220947
-0.001112, 0.002398, 120000000000.054230, 120000000000.062180, 119999999999.980774
-0.000995, 0.002398, 120000000000.053223, 119999999999.968918, 119999999999.980576
-0.000878, 0.002398, 120000000000.054047, 119999999999.969009, 119999999999.980408
-0.000761, 0.002398, 120000000000.054443, 120000000000.063278, 119999999999.980728
-0.000644, 0.002398, 120000000000.054047, 120000000000.061340, 119999999999.980774
-0.000527, 0.002398, 120000000000.053558, 120000000000.062271, 119999999999.969376
-0.000410, 0.002398, 119999999999.960785, 119999999999.969116, 119999999999.980621
-0.000293, 0.002398, 120000000000.055618, 119999999999.970703, 119999999999.980576
-0.000176, 0.002398, 120000000000.054047, 119999999999.969177, 119999999999.980728
-0.000058, 0.002398, 120000000000.053635, 120000000000.062347, 119999999999.980606
0.000058, 0.002398, 120000000000.053711, 119999999999.969177, 119999999999.980530
0.000175, 0.002398, 120000000000.052292, 120000000000.061859, 119999999999.980728
0.000292, 0.002398, 120000000000.054169, 120000000000.061737, 119999999999.980606
0.000409, 0.002398, 120000000000.053757, 120000000000.063614, 119999999999.980743
0.000526, 0.002398, 120000000000.053925, 120000000000.061768, 119999999999.969330
0.000643, 0.002398, 120000000000.054840, 120000000000.061218, 119999999999.969406
0.000760, 0.002398, 120000000000.054642, 120000000000.062561, 119999999999.980576
0.000877, 0.002398, 120000000000.053345, 120000000000.062424, 119999999999.980240
0.000994, 0.002398, 120000000000.054001, 120000000000.062271, 119999999999.980728
0.001112, 0.002398, 120000000000.054474, 120000000000.062317, 119999999999.980499
0.001228, 0.002398, 120000000000.055786, 120000000000.061783, 119999999999.980545
0.001345, 0.002398, 120000000000.054413, 120000000000.061935, 119999999999.980499
0.001462, 0.002398, 20441216138.492397, 9816562512.003613, 12274887523.956930
0.001579, 0.002398, 19627752235.142384, 3666174097.588362, 4467041089.810218
0.001696, 0.002398, 19627752235.142319, 3666174097.588362, 4467041089.810218
0.001813, 0.002398, 19627752235.142376, 3666174097.588362, 4467041089.810217
0.001930, 0.002398, 19627752235.142334, 3666174097.588361, 4467041089.810218
0.002048, 0.002398, 1882326444.304616, 1882272547.700054, 2232372636.405384
0.002164, 0.002398, 108402113222.022537, 108402113222.103119, 31497040124.565155
0.002282, 0.002398, 120000000000.053864, 120000000000.061691, 119999999999.980545
0.002398, 0.002398, 120000000000.053833, 120000000000.062439, 119999999999.980545
0.002515, 0.002398, 2329495642.335544, 16577309002.350576, 3004119952.939522
0.002632, 0.002398, 2846692347.569506, 12750313619.145603, 3305712081.944351
0.002749, 0.002398, 10024626411.707310, 70801913718.709885, 18873901049.036205
0.002866, 0.002398, 1647187425.752369, 4746761539.840366, 1793454342.491608
0.002983, 0.002398, 500000000.000103, 500000000.000110, 499999999.999987
0.003101, 0.002398, 3027960821.517729, 14222188664.377968, 3553261513.165402
0.003217, 0.002398, 120000000000.053146, 120000000000.062256, 119999999999.980667
0.003335, 0.002398, 119999999999.960037, 120000000000.062103, 119999999999.980774
0.003451, 0.002398, 120000000000.054535, 120000000000.061768, 119999999999.969055
0.003569, 0.002398, 120000000000.054245, 120000000000.062302, 119999999999.980820
0.003685, 0.002398, 120000000000.054535, 120000000000.061707, 119999999999.980621
0.003802, 0.002398, 3912024117.904214, 47121236537.572006, 4149379004.130131
0.003919, 0.002398, 809855763.560417, 862740206.291909, 808720149.591597
0.004037, 0.002398, 120000000000.053375, 120000000000.062378, 119999999999.980606
0.004153, 0.002398, 119999999999.960602, 120000000000.062073, 119999999999.969376
0.004270, 0.002398, 20245956732.188179, 23686403943.832706, 12932276946.802008
0.004388, 0.002398, 120000000000.053497, 120000000000.062225, 119999999999.980728
0.004504, 0.002398, 8745215918.581438, 36974834241.489525, 12604003431.984407
0.004622, 0.002398, 120000000000.053314, 120000000000.061981, 119999999999.980576
0.004738, 0.002398, 5326495953.913186, 58561479614.177864, 6041585226.022427
0.004856, 0.002398, 18670217864.962402, 8682854534.822554, 2303383831.656484
0.004972, 0.002398, 120000000000.054413, 120000000000.062073, 119999999999.980774
0.005090, 0.002398, 44134899857.463127, 22958864374.114677, 17527343363.130405
0.005206, 0.002398, 119999999999.961716, 120000000000.062271, 119999999999.980652
0.005324, 0.002398, 18983067191.635998, 69724675822.424026, 12991857467.397188
0.005440, 0.002398, 1594927367.089992, 4470897832.158072, 1731641009.280081
0.005557, 0.002398, 500000000.000099, 500000000.000098, 499999999.999987
0.005675, 0.002398, 500000000.000099, 500000000.000098, 499999999.999987
0.005791, 0.002398, 500000000.000100, 500000000.000111, 499999999.999987
-0.005791, 0.002515, 500000000.000098, 500000000.000098, 499999999.999988
-0.005674, 0.002515, 753955495.683406, 1006204471.321530, 783613240.101526
-0.005557, 0.002515, 120000000000.054291, 120000000000.063446, 119999999999.980499
-0.005441, 0.002515, 119999999999.960770, 120000000000.063538, 119999999999.980728
-0.005324, 0.002515, 120000000000.054657, 119999999999.968842, 119999999999.980621
-0.005207, 0.002515, 94771694346.813553, 69767379785.623001, 24027847943.996822
-0.005089, 0.002515, 119999999999.961884, 120000000000.061768, 119999999999.980576
-0.004972, 0.002515, 108249398621.782623, 118222791671.386246, 118178727019.300858
-0.004855, 0.002515, 48457874142.750359, 10310369934.109470, 10530321861.607584
-0.004738, 0.002515, 28646222686.882236, 14751583267.612946, 10547042322.497393
-0.004621, 0.002515, 118806730330.867783, 119546555887.432297, 117865950567.627441
-0.004504, 0.002515, 20427297572.534084, 48129041427.727043, 21296633047.107800
-0.004387, 0.002515, 105916382756.827240, 44526131267.373894, 22662780343.621658
-0.004270, 0.002515, 38258719670.400703, 42454181777.012527, 12385963573.715052
-0.004154, 0.002515, 29187732993.579838, 107046143400.653946, 43158336781.101875
-0.004036, 0.002515, 92868044830.686676, 20236073518.758083, 14440166081.470350
-0.003920, 0.002515, 63635458391.229195, 21690179305.275112, 12944589663.095871
-0.003803, 0.002515, 120000000000.054153, 120000000000.061859, 119999999999.980621
-0.003686, 0.002515, 4722037713.456985, 2992038678.137214, 3147449421.493092
-0.003569, 0.002515, 91646318870.835587, 11238915651.471083, 13659112730.301741
-0.003452, 0.002515, 2273032880.842794, 16060721089.149551, 2927401433.927863
-0.003335, 0.002515, 119999999999.961517, 119999999999.968765, 119999999999.969040
-0.003218, 0.002515, 9222742260.851828, 9222742260.851667, 10995643140.109987
-0.003101, 0.002515, 605591768.489308, 669330303.292281, 625062914.211922
-0.002984, 0.002515, 33854338211.570923, 115223272849.990143, 53706496732.125481
-0.002867, 0.002515, 13907258495.869280, 93140443333.090546, 17353089379.618645
-0.002750, 0.002515, 747211998.958485, 785179675.988774, 752671089.136376
-0.002633, 0.002515, 110349441788.980530, 108885047208.849915, 41228605886.554680
-0.002516, 0.002515, 120000000000.052277, 120000000000.063049, 119999999999.980499
-0.002399, 0.002515, 120000000000.054230, 120000000000.062073, 119999999999.980728
-0.002282, 0.002515, 120000000000.052933, 120000000000.063354, 119999999999.980545
-0.002165, 0.002515, 108568683611.196579, 108568683611.203018, 118635740145.156860
-0.002048, 0.002515, 1007427149.642492, 1007427149.642669, 1045934922.340189
-0.001931, 0.002515, 1476967479.669003, 1476967480.312722, 1301882648.845830
-0.001814, 0.002515, 120000000000.055252, 120000000000.063828, 119999999999.980774
-0.001697, 0.002515, 119955053376.655426, 119955053376.660980, 119980718814.587646
-0.001580, 0.002515, 86544516739.597031, 8597950364.666130, 9968402741.332809
-0.001463, 0.002515, 120000000000.053955, 120000000000.062073, 119999999999.980576
-0.001345, 0.002515, 2085738265.529897, 13704175550.313498, 2620627845.686622
-0.001228, 0.002515, 120000000000.053436, 120000000000.061905, 119999999999.980728
-0.001112, 0.002515, 119999999999.960602, 120000000000.062881, 119999999999.980408
-0.000995, 0.002515, 120000000000.053391, 120000000000.061859, 119999999999.980453
-0.000878, 0.002515, 120000000000.054474, 120000000000.062073, 119999999999.980545
-0.000761, 0.002515, 119999999999.961884, 119999999999.969162, 119999999999.980576
-0.000644, 0.002515, 120000000000.054901, 120000000000.061859, 119999999999.980652
-0.000527, 0.002515, 120000000000.053467, 120000000000.062546, 119999999999.980499
-0.000410, 0.002515, 120000000000.054276, 120000000000.061584, 119999999999.980545
-0.000293, 0.002515, 120000000000.052521, 119999999999.969330, 119999999999.980423
-0.000176, 0.002515, 120000000000.053955, 120000000000.061691, 119999999999.980408
-0.000058, 0.002515, 120000000000.053268, 120000000000.061768, 119999999999.980728
0.000058, 0.002515, 119999999999.963165, 120000000000.062225, 119999999999.980667
0.000175, 0.002515, 120000000000.052658, 120000000000.061981, 119999999999.969299
0.000292, 0.002515, 120000000000.054047, 120000000000.062134, 119999999999.980545
0.000409, 0.002515, 119999999999.960815, 120000000000.061905, 119999999999.980698
0.000526, 0.002515, 120000000000.053589, 120000000000.061859, 119999999999.980621
0.000643, 0.002515, 120000000000.055511, 119999999999.969086, 119999999999.969162
0.000760, 0.002515, 120000000000.053131, 119999999999.968674, 119999999999.980667
0.000877, 0.002515, 120000000000.052948, 120000000000.062637, 119999999999.980728
0.000994, 0.002515, 120000000000.054855, 120000000000.061951, 119999999999.980576
0.001112, 0.002515, 120000000000.054596, 120000000000.061981, 119999999999.980728
0.001228, 0.002515, 120000000000.053955, 120000000000.062271, 119999999999.980728
0.001345, 0.002515, 5569539818.457891, 5569539818.457821, 6340019943.565078
0.001462, 0.002515, 828246670.185686, 828246670.190425, 851504364.857903
0.001579, 0.002515, 5677796391.372468, 1794572505.938261, 1972692769.695123
0.001696, 0.002515, 5722557369.905615, 1827603638.951153, 2003837007.208423
0.001813, 0.002515, 5722557369.905604, 1827603638.945828, 2003837007.209028
0.001930, 0.002515, 8360310018.190984, 1883194700.728931, 2045436793.447789
0.002048, 0.002515, 108402113222.019867, 108402113222.103943, 31497040124.592747
0.002164, 0.002515, 120000000000.055344, 119999999999.968811, 119999999999.980652
0.002282, 0.002515, 120000000000.053741, 120000000000.062668, 119999999999.980484
0.002398, 0.002515, 120000000000.054535, 120000000000.062103, 119999999999.980576
0.002515, 0.002515, 2329495642.334719, 16577309002.350451, 3004119952.939467
0.002632, 0.002515, 2846692347.569506, 12750313619.145613, 3305712081.944889
0.002749, 0.002515, 10111856925.732306, 70806235939.709503, 19105820317.107151
0.002866, 0.002515, 1647187425.752372, 4746761539.840366, 1793454342.491564
0.002983, 0.002515, 500000000.000099, 500000000.000098, 499999999.999988
0.003101, 0.002515, 3027960821.516014, 14222188664.377943, 3553261513.165301
0.003217, 0.002515, 120000000000.053314, 120000000000.061569, 119999999999.980652
0.003335, 0.002515, 120000000000.054474, 119999999999.969086, 119999999999.980530
0.003451, 0.002515, 120000000000.054230, 119999999999.969040, 119999999999.969040
0.003569, 0.002515, 61663133519.161278, 24181740484.119656, 31915405985.991699
0.003685, 0.002515, 119458469027.180115, 107743177329.561432, 118415777140.603638
0.003802, 0.002515, 120000000000.054169, 120000000000.062057, 119999999999.980545
0.003919, 0.002515, 108343554804.028152, 106930215489.680710, 33153749492.084686
0.004037, 0.002515, 120000000000.053345, 119999999999.968597, 119999999999.980453
0.004153, 0.002515, 120000000000.052765, 120000000000.063538, 119999999999.980576
0.004270, 0.002515, 2769083695.361444, 18263735752.730129, 3670351519.616065
0.004388, 0.002515, 7446986776.963120, 3015551957.968945, 4167476333.673054
0.004504, 0.002515, 87279774875.172729, 60923883628.148628, 33986772459.533817
0.004622, 0.002515, 120000000000.054657, 120000000000.062073, 119999999999.980728
0.004738, 0.002515, 120000000000.053741, 120000000000.062271, 119999999999.980362
0.004856, 0.002515, 120000000000.054245, 120000000000.061646, 119999999999.980667
0.004972, 0.002515, 36563253444.025314, 116035111666.208878, 81958915780.020950
0.005090, 0.002515, 2631626981.237179, 10610601046.731657, 3370780416.308785
0.005206, 0.002515, 5433370477.397625, 6549848689.503020, 6413951750.761564
0.005324, 0.002515, 97270464051.845078, 84709691661.759598, 70187190564.496109
0.005440, 0.002515, 1594927367.089994, 4470897832.158060, 1731641009.279878
0.005557, 0.002515, 500000000.000105, 500000000.000100, 499999999.999987
0.005675, 0.002515, 500000000.000102, 500000000.000095, 499999999.999987
0.005791, 0.002515, 500000000.000102, 500000000.000101, 499999999.999987
-0.005791, 0.002632, 500000000.000103, 500000000.000098, 499999999.999987
-0.005674, 0.002632, 558431906.473428, 540593036.053347, 551455574.826749
-0.005557, 0.002632, 7372553473.763828, 1819816592.677951, 2071911098.918345
-0.005441, 0.002632, 86222440826.653259, 9162903652.823875, 11432918359.504795
-0.005324, 0.002632, 120000000000.053177, 119999999999.969086, 119999999999.980408
-0.005207, 0.002632, 97745889055.156830, 55879314824.570534, 19668029615.248512
-0.005089, 0.002632, 120000000000.053101, 120000000000.062073, 119999999999.980667
-0.004972, 0.002632, 120000000000.054291, 119999999999.968719, 119999999999.980698
-0.004855, 0.002632, 120000000000.053009, 120000000000.061859, 119999999999.980698
-0.004738, 0.002632, 120000000000.054153, 120000000000.061523, 119999999999.980652
-0.004621, 0.002632, 8880496866.275406, 9390873674.309958, 15834993664.201206
-0.004504, 0.002632, 17847938546.958733, 6371511174.440464, 8862703204.897964
-0.004387, 0.002632, 58380005981.641304, 7834630948.951477, 8967823731.441057
-0.004270, 0.002632, 120000000000.053131, 120000000000.062225, 119999999999.980728
-0.004154, 0.002632, 28364484310.579037, 25010499042.040459, 35385999151.485458
-0.004036, 0.002632, 86305088608.275665, 11142876312.171829, 15148979608.479549
-0.003920, 0.002632, 83759544119.917389, 9572955985.078413, 14587333312.711504
-0.003803, 0.002632, 120000000000.054031, 120000000000.061584, 119999999999.980530
-0.003686, 0.002632, 1370958202.597173, 1969383781.278018, 1204527037.317397
-0.003569, 0.002632, 15226235785.134735, 35268813028.711388, 3079250336.690430
-0.003452, 0.002632, 2273032880.843379, 16060721089.149414, 2927401433.927649
-0.003335, 0.002632, 120000000000.054489, 120000000000.062347, 119999999999.980652
-0.003218, 0.002632, 760308281.099728, 957033299.257442, 782217465.272337
-0.003101, 0.002632, 2064161938.379900, 10014559148.818022, 2117770685.183000
-0.002984, 0.002632, 120000000000.053467, 120000000000.061783, 119999999999.980255
-0.002867, 0.002632, 120000000000.054535, 119999999999.968918, 119999999999.980606
-0.002750, 0.002632, 67297436779.785988, 69822952879.165207, 6536299303.811251
-0.002633, 0.002632, 119999999999.962006, 120000000000.062027, 119999999999.980331
-0.002516, 0.002632, 120000000000.053864, 120000000000.062256, 119999999999.980728
-0.002399, 0.002632, 120000000000.055344, 120000000000.061859, 119999999999.969284
-0.002282, 0.002632, 108568683611.196442, 108568683611.202637, 118635740145.156860
-0.002165, 0.002632, 1007427149.642486, 1007427149.642668, 1045934922.340192
-0.002048, 0.002632, 1476967479.668111, 1476967480.312467, 1301882648.845819
-0.001931, 0.002632, 120000000000.053955, 120000000000.061890, 119999999999.980667
-0.001814, 0.002632, 120000000000.054733, 120000000000.062271, 119999999999.969284
-0.001697, 0.002632, 3743852124.433840, 46957991048.117867, 3947058126.049371
-0.001580, 0.002632, 853676822.335640, 930512123.297991, 843522352.418379
-0.001463, 0.002632, 120000000000.053955, 120000000000.061951, 119999999999.980728
-0.001345, 0.002632, 1966196137.455630, 11224586702.397156, 2282651267.864015
-0.001228, 0.002632, 49053950550.240868, 5209628229.343875, 7049422782.686259
-0.001112, 0.002632, 58045594799.625290, 8239860415.474825, 13417570752.730204
-0.000995, 0.002632, 58051943362.520699, 8246003397.415194, 13440110382.866949
-0.000878, 0.002632, 58045594799.625954, 8239860415.474831, 13417570752.730204
-0.000761, 0.002632, 58045858849.691895, 8240310365.194111, 13419221492.590923
-0.000644, 0.002632, 58046315882.496468, 8240332308.652932, 13419169945.701818
-0.000527, 0.002632, 58045594799.626099, 8239860415.474823, 13417570752.730202
-0.000410, 0.002632, 58078551066.238884, 8331544036.869232, 13662712622.335176
-0.000293, 0.002632, 58045594799.624870, 8239860415.474823, 13417570752.730204
-0.000176, 0.002632, 58045594799.626167, 8239860415.474824, 13417570752.730202
-0.000058, 0.002632, 58045594799.624802, 8239860415.474820, 13417570752.730204
0.000058, 0.002632, 58045594799.624893, 8239860415.474823, 13417570752.730204
0.000175, 0.002632, 58045594799.626030, 8239860415.474825, 13417570752.730207
0.000292, 0.002632, 58045594799.625595, 8239860415.474823, 13417570752.730204
0.000409, 0.002632, 58045594799.626007, 8239860415.474824, 13417570752.730207
0.000526, 0.002632, 58045594799.625664, 8239860415.474824, 13417570752.730204
0.000643, 0.002632, 58045594799.625130, 8239860415.474821, 13417570752.730204
0.000760, 0.002632, 58045594799.625572, 8239860415.474820, 13417570752.730204
0.000877, 0.002632, 58045594799.626022, 8239860415.474824, 13417570752.730204
0.000994, 0.002632, 58045594799.625977, 8239860415.474821, 13417570752.730200
0.001112, 0.002632, 58045594799.625450, 8239860415.474818, 13417570752.730204
0.001228, 0.002632, 5520357917.528100, 4014557164.167458, 5024415350.745687
0.001345, 0.002632, 828246670.185647, 828246670.189126, 851504364.857917
0.001462, 0.002632, 73734494446.897202, 73734494447.147751, 8320274033.650487
0.001579, 0.002632, 120000000000.055054, 120000000000.061951, 119999999999.980606
0.001696, 0.002632, 120000000000.054047, 120000000000.063248, 119999999999.980743
0.001813, 0.002632, 120000000000.054535, 120000000000.062515, 119999999999.980820
0.001930, 0.002632, 120000000000.053955, 120000000000.062180, 119999999999.980423
0.002048, 0.002632, 120000000000.053909, 120000000000.061707, 119999999999.980621
0.002164, 0.002632, 119999999999.961914, 120000000000.063736, 119999999999.980743
0.002282, 0.002632, 120000000000.053223, 120000000000.061646, 119999999999.980576
0.002398, 0.002632, 19327651646.604778, 19603181920.483356, 25077442445.336720
0.002515, 0.002632, 2319116793.285770, 14584052155.510954, 2805261028.942631
0.002632, 0.002632, 2846692347.569508, 12750313619.145609, 3305712081.944697
0.002749, 0.002632, 10024626411.708889, 70801913718.710159, 18873901049.036228
0.002866, 0.002632, 1647187425.752373, 4746761539.840375, 1793454342.491432
0.002983, 0.002632, 500000000.000101, 500000000.000098, 499999999.999988
0.003101, 0.002632, 3027960821.515193, 14222188664.377985, 3553261513.165119
0.003217, 0.002632, 119999999999.960129, 120000000000.061981, 119999999999.980484
0.003335, 0.002632, 120000000000.053741, 120000000000.062027, 119999999999.980667
0.003451, 0.002632, 120000000000.055206, 120000000000.062714, 119999999999.980652
0.003569, 0.002632, 1142200116.484009, 2227614706.072312, 1052519947.369913
0.003685, 0.002632, 2525646618.220066, 12735118851.592257, 1980925450.418216
0.003802, 0.002632, 120000000000.053619, 120000000000.061813, 119999999999.968994
0.003919, 0.002632, 120000000000.053833, 120000000000.062057, 119999999999.980728
0.004037, 0.002632, 120000000000.055267, 120000000000.061768, 119999999999.969330
0.004153, 0.002632, 9080553125.124807, 11869464917.230883, 12252195514.584284
0.004270, 0.002632, 1365994643.678936, 2685742440.269446, 1628374362.068559
0.004388, 0.002632, 4457750790.630375, 3067010610.846447, 2873525010.566823
0.004504, 0.002632, 107654055900.591553, 22447942237.610447, 52394307707.564079
0.004622, 0.002632, 120000000000.055206, 120000000000.062149, 119999999999.980743
0.004738, 0.002632, 84565295180.944595, 13076003593.483444, 17971126644.607910
0.004856, 0.002632, 73053654142.884705, 12091850780.856754, 14805213231.854637
0.004972, 0.002632, 119989749802.634125, 119991078061.626266, 119992231751.156296
0.005090, 0.002632, 1561807953.034211, 1699990518.645485, 1706748182.359766
0.005206, 0.002632, 2382286092.518474, 1589203379.561734, 1476603320.490222
0.005324, 0.002632, 113824383622.578156, 72804035090.885101, 111718270474.265228
0.005440, 0.002632, 1594927367.089993, 4470897832.158155, 1731641009.279876
0.005557, 0.002632, 500000000.000097, 500000000.000100, 499999999.999986
0.005675, 0.002632, 500000000.000095, 500000000.000105, 499999999.999988
0.005791, 0.002632, 500000000.000101, 500000000.000109, 499999999.999987
-0.005791, 0.002749, 501790285.180720, 502556687.124508, 503831924.940155
-0.005674, 0.002749, 7051645389.322852, 50272460058.266304, 4596161215.935874
-0.005557, 0.002749, 120000000000.053909, 120000000000.061646, 119999999999.969330
-0.005441, 0.002749, 2691298278.492649, 19146168779.790192, 3672833325.376000
-0.005324, 0.002749, 92582247964.375565, 44672856972.725456, 55397458063.951500
-0.005207, 0.002749, 120000000000.054031, 120000000000.062180, 119999999999.980545
-0.005089, 0.002749, 15832274694.367493, 23831018032.688644, 9031906222.999067
-0.004972, 0.002749, 120000000000.053955, 120000000000.062103, 119999999999.980667
-0.004855, 0.002749, 120000000000.053101, 120000000000.063736, 119999999999.969360
-0.004738, 0.002749, 119982932275.736649, 119981015084.787674, 119985139785.699799
-0.004621, 0.002749, 7107944126.210959, 18666155879.138435, 9768842851.976595
-0.004504, 0.002749, 16526235912.094717, 5487571127.438289, 8229731069.038796
-0.004387, 0.002749, 7669816914.140563, 1766472636.860160, 2105677105.659027
-0.004270, 0.002749, 10241363553.070482, 1395929853.689675, 1971505019.996748
-0.004154, 0.002749, 14035471389.779715, 2017384473.510016, 2664573182.750776
-0.004036, 0.002749, 117999234230.692947, 116464401570.623230, 90631617338.225708
-0.003920, 0.002749, 34066774282.653179, 77893169495.817963, 39064452352.425133
-0.003803, 0.002749, 112786591750.766037, 66278677644.645447, 82633807674.720642
-0.003686, 0.002749, 120000000000.053375, 120000000000.061768, 119999999999.969009
-0.003569, 0.002749, 120000000000.054398, 119999999999.968765, 119999999999.980698
-0.003452, 0.002749, 2273032880.848819, 16060721089.149443, 2927401433.927893
-0.003335, 0.002749, 120000000000.054199, 120000000000.062546, 119999999999.980606
-0.003218, 0.002749, 646181550.773002, 880869176.910632, 666523033.821391
-0.003101, 0.002749, 4198016951.417027, 24115187754.585464, 5234757170.659065
-0.002984, 0.002749, 119999999999.961624, 120000000000.061462, 119999999999.980698
-0.002867, 0.002749, 120000000000.054077, 120000000000.063354, 119999999999.980423
-0.002750, 0.002749, 120000000000.054321, 120000000000.061951, 119999999999.980728
-0.002633, 0.002749, 6718160657.379143, 6718160657.379023, 7771436056.271123
-0.002516, 0.002749, 47113618491.916183, 3855500301.827355, 4293628636.121099
-0.002399, 0.002749, 120000000000.054733, 119999999999.968506, 119999999999.980652
-0.002282, 0.002749, 1011721571.618087, 1063376217.591448, 1055348561.633511
-0.002165, 0.002749, 822349436.344342, 1011260510.399718, 853116394.214153
-0.002048, 0.002749, 120000000000.054489, 120000000000.063828, 119999999999.980728
-0.001931, 0.002749, 120000000000.055145, 119999999999.969299, 119999999999.980545
-0.001814, 0.002749, 120000000000.054596, 120000000000.061859, 119999999999.980728
-0.001697, 0.002749, 120000000000.053955, 119999999999.968918, 119999999999.980499
-0.001580, 0.002749, 116847596082.377701, 116843283311.583771, 93774549705.731369
-0.001463, 0.002749, 120000000000.053665, 120000000000.062439, 119999999999.980652
-0.001345, 0.002749, 37354610949.883011, 113660257292.267715, 52220848324.098480
-0.001228, 0.002749, 6568312034.390552, 2073233202.966345, 2261000528.841105
-0.001112, 0.002749, 6561327768.116141, 1969211552.395285, 2175027935.624503
-0.000995, 0.002749, 6561327768.116224, 1969211552.398475, 2175027935.624223
-0.000878, 0.002749, 6561327768.116151, 1969211552.394770, 2175027935.624387
-0.000761, 0.002749, 6561327768.116139, 1969211552.396893, 2175027935.624273
-0.000644, 0.002749, 6561327768.116147, 1969211552.398380, 2175027935.624682
-0.000527, 0.002749, 6561327768.116140, 1969211552.395178, 2175027935.624545
-0.000410, 0.002749, 6561327768.116140, 1969211552.398502, 2175027935.624223
-0.000293, 0.002749, 6561327768.116196, 1969211552.401145, 2175027935.624054
-0.000176, 0.002749, 6561327768.116131, 1969211552.399386, 2175027935.624233
-0.000058, 0.002749, 6561327768.116170, 1969211552.396130, 2175027935.624473
0.000058, 0.002749, 6561327768.116140, 1969211552.400222, 2175027935.624252
0.000175, 0.002749, 6561327768.116140, 1969211552.396456, 2175027935.624410
0.000292, 0.002749, 6561327768.116136, 1969211552.402339, 2175027935.624704
0.000409, 0.002749, 6561327768.116140, 1969211552.395343, 2175027935.624421
0.000526, 0.002749, 6561327768.116144, 1969211552.399393, 2175027935.624176
0.000643, 0.002749, 6561327768.116146, 1969211552.395889, 2175027935.624451
0.000760, 0.002749, 6561327768.116259, 1969211552.397639, 2175027935.624399
0.000877, 0.002749, 6561327768.116269, 1969211552.400403, 2175027935.623827
0.000994, 0.002749, 6561327768.116259, 1969211552.400908, 2175027935.624198
0.001112, 0.002749, 6561327768.116125, 1969211552.400540, 2175027935.624033
0.001228, 0.002749, 6561327768.116246, 1969211552.396679, 2175027935.623975
0.001345, 0.002749, 89626267394.270203, 73826079113.161011, 9154709219.713646
0.001462, 0.002749, 119999999999.962433, 119999999999.968109, 119999999999.980545
0.001579, 0.002749, 119999999999.960663, 120000000000.062271, 119999999999.980331
0.001696, 0.002749, 120000000000.054535, 120000000000.061249, 119999999999.980652
0.001813, 0.002749, 119999999999.961395, 120000000000.061646, 119999999999.980453
0.001930, 0.002749, 2207445457.451386, 2063779090.761039, 2213996984.970539
0.002048, 0.002749, 27502587923.493927, 3110376743.639576, 3392976438.963939
0.002164, 0.002749, 120000000000.054230, 120000000000.062180, 119999999999.969299
0.002282, 0.002749, 120000000000.053467, 120000000000.062103, 119999999999.969299
0.002398, 0.002749, 2566477779.610722, 10660627691.694864, 2938525193.647055
0.002515, 0.002749, 15371570419.841753, 92136087331.088760, 36750744291.107269
0.002632, 0.002749, 2847594835.984407, 12813711824.039574, 3307007903.864693
0.002749, 0.002749, 8693037624.326784, 17076935112.977583, 12354712261.555079
0.002866, 0.002749, 2520998581.117661, 27746889390.012962, 2907158148.280833
0.002983, 0.002749, 500000000.000095, 500000000.000097, 499999999.999987
0.003101, 0.002749, 3027960821.516605, 14222188664.377974, 3553261513.165267
0.003217, 0.002749, 120000000000.053101, 119999999999.968933, 119999999999.980484
0.003335, 0.002749, 120000000000.054276, 120000000000.063278, 119999999999.980576
0.003451, 0.002749, 120000000000.053711, 120000000000.061462, 119999999999.980606
0.003569, 0.002749, 35927109382.119705, 92635778253.443054, 20863561836.641296
0.003685, 0.002749, 118286777748.248184, 118286777748.275864, 103051350236.018707
0.003802, 0.002749, 120000000000.054733, 120000000000.062546, 119999999999.980576
0.003919, 0.002749, 120000000000.054398, 120000000000.062103, 119999999999.980652
0.004037, 0.002749, 10135945698.423681, 10249589866.141117, 15410682282.939199
0.004153, 0.002749, 8947530188.491392, 4972232236.322202, 3923583147.518145
0.004270, 0.002749, 1616485712.845022, 5672986076.932673, 1896256543.136699
0.004388, 0.002749, 120000000000.054031, 120000000000.062637, 119999999999.980728
0.004504, 0.002749, 6703807020.717008, 36988939944.135475, 9563281930.015425
0.004622, 0.002749, 89381812673.234573, 95043055637.700974, 110962734208.456711
0.004738, 0.002749, 86325310846.515640, 99576977979.594650, 29323275399.824181
0.004856, 0.002749, 43440663240.462639, 104013554101.508209, 48657352188.233780
0.004972, 0.002749, 72087532052.026505, 62379561167.387100, 74169403696.782059
0.005090, 0.002749, 3313268497.910164, 37936843316.239311, 4094618557.791114
0.005206, 0.002749, 120000000000.054291, 120000000000.062225, 119999999999.980453
0.005324, 0.002749, 18415998027.251648, 55515541146.806412, 12871744670.600475
0.005440, 0.002749, 5368709451.784876, 75255128247.243500, 6189153291.461844
0.005557, 0.002749, 599148608.710792, 595883198.407089, 605167866.909251
0.005675, 0.002749, 500000000.000106, 500000000.000098, 499999999.999987
0.005791, 0.002749, 500000000.000098, 500000000.000108, 499999999.999987
-0.005791, 0.002866, 500000000.000100, 500000000.000109, 499999999.999987
-0.005674, 0.002866, 2884295520.305470, 2732264578.940234, 2817970327.864442
-0.005557, 0.002866, 8908899382.125517, 8298381917.233614, 10281513528.634136
-0.005441, 0.002866, 2703835892.792060, 21586454713.022617, 3510062547.141199
-0.005324, 0.002866, 76500974910.659805, 103941984712.859711, 24759567918.120419
-0.005207, 0.002866, 119990714559.656693, 119990215565.985153, 119991560608.111633
-0.005089, 0.002866, 87074319661.423157, 108427874293.937866, 44576202383.774857
-0.004972, 0.002866, 120000000000.052658, 119999999999.968521, 119999999999.980576
-0.004855, 0.002866, 8724977272.848633, 19574941075.914368, 12614166972.673502
-0.004738, 0.002866, 14952376938.416368, 6908859114.140656, 11746427806.775953
-0.004621, 0.002866, 22204051325.111546, 12640265718.734928, 11360257500.944090
-0.004504, 0.002866, 120000000000.054718, 120000000000.062378, 119999999999.980484
-0.004387, 0.002866, 120000000000.054840, 120000000000.061829, 119999999999.980667
-0.004270, 0.002866, 120000000000.054123, 120000000000.062149, 119999999999.980621
-0.004154, 0.002866, 3203163975.583354, 8482057551.614984, 4181303086.902642
-0.004036, 0.002866, 112946127857.611588, 85840517693.653290, 82352322396.151367
-0.003920, 0.002866, 17519329460.494259, 57552314756.359100, 21951721401.457340
-0.003803, 0.002866, 88827650774.101151, 109586979175.419250, 22949675487.967884
-0.003686, 0.002866, 120000000000.053955, 119999999999.969299, 119999999999.980743
-0.003569, 0.002866, 120000000000.055344, 120000000000.062073, 119999999999.980576
-0.003452, 0.002866, 2273032880.846823, 16060721089.149267, 2927401433.927641
-0.003335, 0.002866, 120000000000.054199, 120000000000.063828, 119999999999.969116
-0.003218, 0.002866, 646181550.772997, 880869176.910665, 666523033.821390
-0.003101, 0.002866, 4091558815.374827, 16251391566.716047, 5078859800.842503
-0.002984, 0.002866, 120000000000.052948, 120000000000.061890, 119999999999.980621
-0.002867, 0.002866, 119999999999.961105, 120000000000.062195, 119999999999.969360
-0.002750, 0.002866, 120000000000.053986, 119999999999.969086, 119999999999.980499
-0.002633, 0.002866, 1978625424.746346, 16264908038.898314, 2052722803.816274
-0.002516, 0.002866, 1998779016.428041, 5100991956.696546, 1425587185.108572
-0.002399, 0.002866, 120000000000.053375, 120000000000.062073, 119999999999.969009
-0.002282, 0.002866, 573999917.274066, 700279364.277305, 589824212.562986
-0.002165, 0.002866, 914579451.274855, 1620025308.815182, 955800181.858262
-0.002048, 0.002866, 120000000000.054398, 120000000000.062073, 119999999999.980621
-0.001931, 0.002866, 120000000000.053986, 120000000000.061279, 119999999999.980545
-0.001814, 0.002866, 8074654986.179280, 3054496429.021594, 3664378630.298979
-0.001697, 0.002866, 15590075116.713221, 2338138394.472160, 3013406430.381136
-0.001580, 0.002866, 15590075116.713203, 2338138394.471700, 3013406430.381077
-0.001463, 0.002866, 15590075116.713331, 2338138394.471958, 3013406430.381134
-0.001345, 0.002866, 15590075116.713190, 2338138394.471646, 3013406430.381130
-0.001228, 0.002866, 15590075116.713440, 2338138394.472270, 3013406430.381138
-0.001112, 0.002866, 15590075116.713408, 2338138394.471533, 3013406430.381053
-0.000995, 0.002866, 15590075116.713171, 2338138394.471819, 3013406430.381147
-0.000878, 0.002866, 82669809541.078522, 6502007576.345748, 8124313626.475120
-0.000761, 0.002866, 120000000000.054230, 120000000000.062302, 119999999999.969254
-0.000644, 0.002866, 120000000000.053665, 119999999999.969116, 119999999999.980728
-0.000527, 0.002866, 120000000000.054688, 120000000000.061859, 119999999999.980652
-0.000410, 0.002866, 120000000000.053864, 119999999999.969299, 119999999999.980728
-0.000293, 0.002866, 120000000000.053802, 120000000000.062180, 119999999999.969208
-0.000176, 0.002866, 120000000000.053986, 119999999999.968765, 119999999999.980606
-0.000058, 0.002866, 120000000000.053421, 120000000000.061218, 119999999999.969299
0.000058, 0.002866, 119999999999.962357, 120000000000.062347, 119999999999.980301
0.000175, 0.002866, 120000000000.055252, 120000000000.062881, 119999999999.980530
0.000292, 0.002866, 120000000000.054642, 120000000000.062317, 119999999999.969360
0.000409, 0.002866, 120000000000.054276, 120000000000.061905, 119999999999.980621
0.000526, 0.002866, 119999999999.962082, 120000000000.061981, 119999999999.980743
0.000643, 0.002866, 120000000000.053665, 120000000000.062027, 119999999999.980545
0.000760, 0.002866, 119999999999.960892, 120000000000.063354, 119999999999.980362
0.000877, 0.002866, 119999999999.961990, 120000000000.061279, 119999999999.980865
0.000994, 0.002866, 120000000000.052856, 119999999999.969330, 119999999999.980667
0.001112, 0.002866, 119999999999.961700, 120000000000.062668, 119999999999.980606
0.001228, 0.002866, 120000000000.055054, 120000000000.063538, 119999999999.969208
0.001345, 0.002866, 119999999999.962982, 120000000000.061783, 119999999999.980621
0.001462, 0.002866, 120000000000.054474, 120000000000.062149, 119999999999.980652
0.001579, 0.002866, 120000000000.053955, 119999999999.969086, 119999999999.969238
0.001696, 0.002866, 120000000000.054230, 120000000000.061768, 119999999999.980606
0.001813, 0.002866, 119999999999.962372, 120000000000.062347, 119999999999.980453
0.001930, 0.002866, 2058727443.791465, 7969474424.323792, 2064364730.483280
0.002048, 0.002866, 23229770625.990868, 24030257379.961681, 3114908058.867663
0.002164, 0.002866, 120000000000.053635, 120000000000.061859, 119999999999.980545
0.002282, 0.002866, 120000000000.053177, 120000000000.063324, 119999999999.980576
0.002398, 0.002866, 2037921307.262897, 2652822814.510755, 2415120413.903427
0.002515, 0.002866, 48681468468.162270, 116224390297.352982, 61178140211.097404
0.002632, 0.002866, 2823232295.828239, 11080997068.011278, 3295641229.638455
0.002749, 0.002866, 956384673.847618, 783580808.933802, 835853392.332548
0.002866, 0.002866, 1081960872.269520, 952192343.351945, 970031433.530975
0.002983, 0.002866, 500000000.000099, 500000000.000096, 499999999.999987
0.003101, 0.002866, 3027960821.516846, 14222188664.377996, 3553261513.165425
0.003217, 0.002866, 120000000000.055008, 120000000000.062271, 119999999999.969254
0.003335, 0.002866, 101219817480.404663, 17821945570.555218, 23185867175.687344
0.003451, 0.002866, 120000000000.053467, 120000000000.062683, 119999999999.980728
0.003569, 0.002866, 119999999999.961761, 120000000000.061859, 119999999999.980728
0.003685, 0.002866, 49715019832.110107, 28337815888.449657, 37434551793.968552
0.003802, 0.002866, 118856857165.423950, 91659564961.777481, 112352486290.824417
0.003919, 0.002866, 120000000000.053101, 120000000000.063126, 119999999999.980652
0.004037, 0.002866, 4323425740.251292, 37434886724.929886, 6335025598.571562
0.004153, 0.002866, 32063811965.690861, 13903588084.098125, 23998839216.544418
0.004270, 0.002866, 1865067188.612478, 2484082253.153763, 1791029751.747610
0.004388, 0.002866, 116731153564.535645, 50650344940.197563, 93247912515.039917
0.004504, 0.002866, 5839712793.211208, 16778107077.684639, 9381055397.295300
0.004622, 0.002866, 8416630390.317048, 81295580501.051453, 12076180369.534756
0.004738, 0.002866, 109545370453.334045, 83658274208.337646, 111516549559.719376
0.004856, 0.002866, 120000000000.054153, 120000000000.061813, 119999999999.980621
0.004972, 0.002866, 2574775078.500033, 7867809073.158158, 3514026509.478625
0.005090, 0.002866, 36268113957.864357, 14787630112.235256, 12500359860.113455
0.005206, 0.002866, 80833306079.103500, 56915535721.269722, 93128425856.994492
0.005324, 0.002866, 49393157894.310524, 25443966880.996052, 20315349329.033306
0.005440, 0.002866, 120000000000.053802, 120000000000.062027, 119999999999.980743
0.005557, 0.002866, 5028214553.600827, 54758007161.953850, 5667320391.311240
0.005675, 0.002866, 599148608.710810, 595883198.407354, 605167866.909253
0.005791, 0.002866, 500000000.000102, 500000000.000111, 499999999.999987
-0.005791, 0.002983, 500000000.000096, 500000000.000098, 499999999.999988
-0.005674, 0.002983, 505857236.738171, 504340165.664737, 506749873.809801
-0.005557, 0.002983, 544962130.129921, 516963524.432417, 523354788.225493
-0.005441, 0.002983, 6360133922.579865, 43836181513.529938, 9158626236.054836
-0.005324, 0.002983, 119663339098.779144, 119650587523.241852, 119943174569.582916
-0.005207, 0.002983, 25908892899.125008, 3630623233.539933, 3942149609.760275
-0.005089, 0.002983, 116003971989.441360, 38842690772.159187, 54791429937.031494
-0.004972, 0.002983, 119999999999.960648, 120000000000.062103, 119999999999.980652
-0.004855, 0.002983, 8676371672.193529, 49735346050.950798, 12788402766.398880
-0.004738, 0.002983, 22270128685.939743, 4031840318.811917, 6200443768.192320
-0.004621, 0.002983, 2390120437.599895, 2781357342.255103, 2241133651.919715
-0.004504, 0.002983, 107666651109.363052, 19013776747.424904, 25490910590.891319
-0.004387, 0.002983, 119895817209.303940, 119801156005.579926, 119898695052.096100
-0.004270, 0.002983, 119999999999.960785, 120000000000.061935, 119999999999.969177
-0.004154, 0.002983, 120000000000.053467, 120000000000.062469, 119999999999.980652
-0.004036, 0.002983, 35354113982.639618, 52659978668.413658, 38934941850.517410
-0.003920, 0.002983, 94010386213.652115, 82008583636.763947, 13920631067.591085
-0.003803, 0.002983, 120000000000.054031, 120000000000.061813, 119999999999.980698
-0.003686, 0.002983, 1477060739.143193, 1494254788.243409, 1356335427.714453
-0.003569, 0.002983, 14782290773.937498, 3581688482.314906, 2837671579.236947
-0.003452, 0.002983, 2273032880.844034, 16060721089.149271, 2927401433.927811
-0.003335, 0.002983, 120000000000.054642, 120000000000.062073, 119999999999.969254
-0.003218, 0.002983, 646181550.773002, 880869176.910632, 666523033.821392
-0.003101, 0.002983, 752998549.613821, 753836654.182859, 769954602.870851
-0.002984, 0.002983, 106426551412.135239, 22336698374.914513, 27730665169.076908
-0.002867, 0.002983, 120000000000.055298, 120000000000.061905, 119999999999.980621
-0.002750, 0.002983, 120000000000.054352, 120000000000.062180, 119999999999.980743
-0.002633, 0.002983, 120000000000.054611, 119999999999.968933, 119999999999.980698
-0.002516, 0.002983, 120000000000.053711, 120000000000.062271, 119999999999.980728
-0.002399, 0.002983, 120000000000.053864, 120000000000.061859, 119999999999.980652
-0.002282, 0.002983, 573999917.274076, 700279364.277357, 589824212.562984
-0.002165, 0.002983, 826630318.178638, 1064596010.657872, 858062552.037484
-0.002048, 0.002983, 119999999999.960693, 120000000000.061707, 119999999999.980499
-0.001931, 0.002983, 1953217249.198592, 1953217249.196657, 2176454037.586451
-0.001814, 0.002983, 16131631339.146858, 16131631339.676474, 2979450106.166278
-0.001697, 0.002983, 120000000000.054489, 119999999999.968445, 119999999999.980728
-0.001580, 0.002983, 120000000000.052856, 119999999999.969177, 119999999999.980484
-0.001463, 0.002983, 120000000000.054047, 119999999999.970428, 119999999999.980698
-0.001345, 0.002983, 120000000000.054413, 120000000000.062057, 119999999999.980240
-0.001228, 0.002983, 120000000000.054153, 119999999999.968933, 119999999999.980576
-0.001112, 0.002983, 119999999999.962189, 120000000000.061768, 119999999999.980606
-0.000995, 0.002983, 120000000000.053467, 120000000000.062073, 119999999999.980606
-0.000878, 0.002983, 2372339958.576900, 3703410136.550841, 2861383209.864960
-0.000761, 0.002983, 60183293142.022598, 5938472514.430476, 7214237876.354391
-0.000644, 0.002983, 120000000000.053864, 120000000000.061584, 119999999999.980728
-0.000527, 0.002983, 120000000000.053619, 120000000000.061783, 119999999999.980499
-0.000410, 0.002983, 120000000000.053436, 120000000000.061951, 119999999999.969330
-0.000293, 0.002983, 120000000000.055420, 120000000000.063522, 119999999999.980652
-0.000176, 0.002983, 120000000000.053543, 120000000000.062500, 119999999999.980499
-0.000058, 0.002983, 119999999999.961273, 120000000000.062195, 119999999999.980606
0.000058, 0.002983, 120000000000.053391, 120000000000.061981, 119999999999.980545
0.000175, 0.002983, 120000000000.054443, 119999999999.968964, 119999999999.980728
0.000292, 0.002983, 120000000000.054642, 120000000000.061661, 119999999999.980698
0.000409, 0.002983, 119999999999.960159, 120000000000.062103, 119999999999.980530
0.000526, 0.002983, 120000000000.054108, 120000000000.061813, 119999999999.980408
0.000643, 0.002983, 120000000000.053467, 120000000000.061768, 119999999999.980774
0.000760, 0.002983, 120000000000.054932, 120000000000.061890, 119999999999.980576
0.000877, 0.002983, 120000000000.054474, 120000000000.062027, 119999999999.980698
0.000994, 0.002983, 119999999999.961304, 120000000000.061707, 119999999999.980408
0.001112, 0.002983, 120000000000.055374, 120000000000.061981, 119999999999.980576
0.001228, 0.002983, 120000000000.054565, 120000000000.061768, 119999999999.980774
0.001345, 0.002983, 120000000000.054352, 120000000000.061951, 119999999999.980728
0.001462, 0.002983, 120000000000.054779, 120000000000.062027, 119999999999.980331
0.001579, 0.002983, 120000000000.054977, 120000000000.061447, 119999999999.980728
0.001696, 0.002983, 120000000000.055710, 120000000000.061905, 119999999999.980499
0.001813, 0.002983, 120000000000.053253, 120000000000.062073, 119999999999.980789
0.001930, 0.002983, 119999999999.962112, 120000000000.061661, 119999999999.980530
0.002048, 0.002983, 119999999999.961472, 120000000000.062546, 119999999999.980530
0.002164, 0.002983, 120000000000.053833, 120000000000.061935, 119999999999.980530
0.002282, 0.002983, 2808707175.586340, 2808707175.594766, 3394243546.968063
0.002398, 0.002983, 33400098406.979572, 33400098407.359253, 5155622979.810570
0.002515, 0.002983, 120000000000.052094, 120000000000.062439, 119999999999.980606
0.002632, 0.002983, 2573521731.993292, 9158651815.770107, 3331349220.086522
0.002749, 0.002983, 56291906525.508705, 115410359652.849792, 72248612915.335770
0.002866, 0.002983, 600337048.400345, 651254886.818542, 617721329.886271
0.002983, 0.002983, 500000000.000104, 500000000.000097, 499999999.999988
0.003101, 0.002983, 3027960821.517299, 14222188664.377985, 3553261513.165313
0.003217, 0.002983, 39648470748.379417, 112999651056.747162, 58521588517.203255
0.003335, 0.002983, 724934441.557115, 712677211.296889, 708471116.208341
0.003451, 0.002983, 94110334843.908752, 91119836050.868591, 13825141043.231146
0.003569, 0.002983, 120000000000.054398, 120000000000.061661, 119999999999.980652
0.003685, 0.002983, 1222786984.367763, 2683118555.804505, 1131405557.696299
0.003802, 0.002983, 2114329522.175231, 8836740233.259552, 1767225039.826600
0.003919, 0.002983, 119999999999.961258, 120000000000.061859, 119999999999.980377
0.004037, 0.002983, 120000000000.054169, 120000000000.061813, 119999999999.969177
0.004153, 0.002983, 81956764078.687729, 28589146633.662601, 7915115324.498929
0.004270, 0.002983, 119988908299.425598, 119988447991.793686, 119990602439.934006
0.004388, 0.002983, 20362767421.384079, 7130579632.591331, 10429158558.707747
0.004504, 0.002983, 112164376878.971497, 110634960101.173187, 40905073139.044777
0.004622, 0.002983, 120000000000.054474, 120000000000.062500, 119999999999.980545
0.004738, 0.002983, 9852362750.799131, 57486286686.782394, 11398791452.028452
0.004856, 0.002983, 2487360340.958213, 2268385570.713213, 2339942412.467995
0.004972, 0.002983, 2721021947.610239, 6432844987.933493, 3293184491.320271
0.005090, 0.002983, 88878608406.100693, 82375052329.645782, 79225397982.381149
0.005206, 0.002983, 40312782795.822929, 56691722465.298569, 27006784523.259689
0.005324, 0.002983, 114524642129.846664, 109404666697.533249, 40628510395.171638
0.005440, 0.002983, 9567804784.418911, 4964921796.060524, 7887491507.343677
0.005557, 0.002983, 67625831410.333801, 5482556346.850009, 8935895528.084623
0.005675, 0.002983, 5028159437.726819, 54749001882.608665, 5667243537.971501
0.005791, 0.002983, 544043061.595427, 558477933.924038, 551487258.771712
-0.005791, 0.003101, 500000000.000099, 500000000.000101, 499999999.999987
-0.005674, 0.003101, 1171061873.567936, 1104856239.446845, 1150350312.745167
-0.005557, 0.003101, 3202312860.872655, 1832765383.401931, 2044212378.079512
-0.005441, 0.003101, 3147589196.600417, 6278163886.837089, 4128309881.218080
-0.005324, 0.003101, 11122356603.151445, 39878818669.861893, 8326682374.205320
-0.005207, 0.003101, 42696500168.335602, 68326158982.219147, 15553614034.114506
-0.005089, 0.003101, 9964519695.117823, 22854864072.368824, 6204948471.248724
-0.004972, 0.003101, 120000000000.053467, 120000000000.061768, 119999999999.969177
-0.004855, 0.003101, 9036110683.920408, 8743428276.371641, 10399882922.660109
-0.004738, 0.003101, 93379844783.857910, 11823238460.851175, 14458833690.945639
-0.004621, 0.003101, 4005636034.221190, 11422065837.062120, 4981201125.903528
-0.004504, 0.003101, 7932974531.079545, 2545690024.906980, 2543587902.877842
-0.004387, 0.003101, 61398733690.142586, 8366111650.200387, 8800794164.302536
-0.004270, 0.003101, 28106031949.034637, 24606420493.088120, 13182139836.983238
-0.004154, 0.003101, 120000000000.053879, 120000000000.061768, 119999999999.980576
-0.004036, 0.003101, 120000000000.052826, 120000000000.061981, 119999999999.980453
-0.003920, 0.003101, 120000000000.055099, 119999999999.968506, 119999999999.980774
-0.003803, 0.003101, 120000000000.054245, 120000000000.062027, 119999999999.980743
-0.003686, 0.003101, 3643030087.405552, 16254078596.297789, 2939494997.953541
-0.003569, 0.003101, 74852674628.329987, 74852674628.567520, 8550397670.686712
-0.003452, 0.003101, 2273032880.849189, 16060721089.149384, 2927401433.928034
-0.003335, 0.003101, 120000000000.054153, 119999999999.968811, 119999999999.980652
-0.003218, 0.003101, 646181550.772999, 880869176.910631, 666523033.821392
-0.003101, 0.003101, 500000000.000102, 500000000.000107, 499999999.999987
-0.002984, 0.003101, 3024456911.506432, 14155488543.697115, 3544766897.989769
-0.002867, 0.003101, 120000000000.056290, 120000000000.062744, 119999999999.980499
-0.002750, 0.003101, 120000000000.053558, 120000000000.061768, 119999999999.980621
-0.002633, 0.003101, 11095672073.293451, 5433746668.251949, 6358859682.425364
-0.002516, 0.003101, 10642961742.755405, 2565419950.564803, 2936110749.387176
-0.002399, 0.003101, 2170947931.235311, 1637772321.501489, 1784274005.275161
-0.002282, 0.003101, 518257276.517377, 529641772.884630, 521678908.747270
-0.002165, 0.003101, 813232960.675408, 768012975.485765, 794530790.682684
-0.002048, 0.003101, 4824500176.033350, 1178677282.810917, 1332422843.588343
-0.001931, 0.003101, 26270983341.421432, 16111559307.510483, 3013820010.589831
-0.001814, 0.003101, 120000000000.053955, 120000000000.062073, 119999999999.980743
-0.001697, 0.003101, 119999999999.961227, 120000000000.061737, 119999999999.980728
-0.001580, 0.003101, 120000000000.053009, 120000000000.061859, 119999999999.980377
-0.001463, 0.003101, 120000000000.053009, 119999999999.968918, 119999999999.969254
-0.001345, 0.003101, 33214424721.375912, 33218338550.559406, 45831634108.345047
-0.001228, 0.003101, 2547508071.494689, 1964357015.747878, 2352523317.222542
-0.001112, 0.003101, 11439658833.347006, 2209836611.030879, 2771135831.641490
-0.000995, 0.003101, 10262225481.777252, 3019477364.019321, 3648157749.439680
-0.000878, 0.003101, 120000000000.054657, 120000000000.062225, 119999999999.969284
-0.000761, 0.003101, 4543355741.123378, 3821214892.518025, 3333046728.096073
-0.000644, 0.003101, 16703377030.007137, 2337709125.290664, 3018175932.459103
-0.000527, 0.003101, 16703377030.007973, 2337709125.291368, 3018175932.459107
-0.000410, 0.003101, 16703377030.007643, 2337709125.289990, 3018175932.458884
-0.000293, 0.003101, 16703377030.008238, 2337709125.290145, 3018175932.459040
-0.000176, 0.003101, 16703377030.007967, 2337709125.290565, 3018175932.459082
-0.000058, 0.003101, 16704018568.803522, 2337839346.143007, 3018501491.652444
0.000058, 0.003101, 16703377030.007309, 2337709125.290051, 3018175932.458968
0.000175, 0.003101, 16703377030.007778, 2337709125.289197, 3018175932.458999
0.000292, 0.003101, 16703377030.007746, 2337709125.291530, 3018175932.458901
0.000409, 0.003101, 16703377030.007336, 2337709125.290980, 3018175932.458931
0.000526, 0.003101, 16703377030.007256, 2337709125.290846, 3018175932.458679
0.000643, 0.003101, 16703377030.008005, 2337709125.285242, 3018175932.459006
0.000760, 0.003101, 16703377030.007593, 2337709125.287921, 3018175932.458971
0.000877, 0.003101, 16703377030.008245, 2337709125.290727, 3018175932.459007
0.000994, 0.003101, 16703377030.007669, 2337709125.289266, 3018175932.459150
0.001112, 0.003101, 16703377030.007229, 2337709125.289114, 3018175932.459117
0.001228, 0.003101, 16703377030.008398, 2337709125.291502, 3018175932.459037
0.001345, 0.003101, 16703377030.007881, 2337709125.291993, 3018175932.459084
0.001462, 0.003101, 16703377030.007391, 2337709125.291564, 3018175932.459014
0.001579, 0.003101, 16703377030.008059, 2337709125.291590, 3018175932.459136
0.001696, 0.003101, 16703377030.007952, 2337709125.288677, 3018175932.459023
0.001813, 0.003101, 16703377030.007303, 2337709125.290863, 3018175932.458934
0.001930, 0.003101, 16703377030.007837, 2337709125.290798, 3018175932.458902
0.002048, 0.003101, 16703377030.007607, 2337709125.292205, 3018175932.459006
0.002164, 0.003101, 15024193196.379364, 2324437728.317027, 3001009386.379146
0.002282, 0.003101, 38177151717.982285, 33412248633.250553, 5195123280.442401
0.002398, 0.003101, 120000000000.053467, 119999999999.969421, 119999999999.980408
0.002515, 0.003101, 13463013794.737841, 13463013794.737690, 16709330627.589510
0.002632, 0.003101, 715618904.837905, 740171653.748557, 738161526.170277
0.002749, 0.003101, 2252360328.462103, 4447223191.458673, 1943232971.011433
0.002866, 0.003101, 508599499.145180, 509967193.369345, 509877634.629839
0.002983, 0.003101, 500000000.000099, 499999999.999749, 499999999.999988
0.003101, 0.003101, 3027960821.520205, 14222188664.377960, 3553261513.165174
0.003217, 0.003101, 120000000000.054245, 119999999999.969284, 119999999999.980621
0.003335, 0.003101, 105239073677.619019, 107002281775.589355, 29711046908.427647
0.003451, 0.003101, 120000000000.053055, 120000000000.061859, 119999999999.980545
0.003569, 0.003101, 120000000000.052856, 120000000000.062180, 119999999999.980499
0.003685, 0.003101, 24145295571.893150, 96390025591.213409, 20012513530.217850
0.003802, 0.003101, 115914997997.895721, 115914997997.935043, 71246535475.231598
0.003919, 0.003101, 120000000000.052856, 120000000000.062271, 119999999999.980820
0.004037, 0.003101, 120000000000.052856, 120000000000.061829, 119999999999.980576
0.004153, 0.003101, 120000000000.052277, 120000000000.061768, 119999999999.980728
0.004270, 0.003101, 120000000000.054276, 120000000000.061890, 119999999999.980667
0.004388, 0.003101, 120000000000.054123, 120000000000.061707, 119999999999.980301
0.004504, 0.003101, 120000000000.052704, 120000000000.062271, 119999999999.980377
0.004622, 0.003101, 46043096378.417877, 47132651805.108284, 73388336405.203537
0.004738, 0.003101, 24104713158.519238, 62070541579.105087, 19938508023.384377
0.004856, 0.003101, 1815904643.375796, 1410635844.871197, 1526569380.102349
0.004972, 0.003101, 19618156349.935349, 75921365905.027664, 12426146655.510511
0.005090, 0.003101, 34193796710.609955, 28623108908.739365, 12534262937.377115
0.005206, 0.003101, 27885027460.893013, 42241279463.924492, 20286498644.892277
0.005324, 0.003101, 78634113820.848816, 61068433104.120857, 24722351260.738640
0.005440, 0.003101, 3779520473.363698, 21279388035.210186, 5526308402.939317
0.005557, 0.003101, 10522589819.776962, 34172907183.277843, 6502044743.527528
0.005675, 0.003101, 2626234074.966249, 1918427541.815325, 2304426724.955637
0.005791, 0.003101, 531565929.048303, 550078277.069034, 536439760.934892
-0.005791, 0.003217, 501937554.989021, 503612259.193154, 504327104.976942
-0.005674, 0.003217, 38241339198.613235, 19699565576.693237, 15884529052.144835
-0.005557, 0.003217, 119999999999.961212, 120000000000.061768, 119999999999.980698
-0.005441, 0.003217, 2772189810.058765, 19222848541.737610, 3774671470.243043
-0.005324, 0.003217, 21506978768.558132, 50323861753.040878, 13448320841.537024
-0.005207, 0.003217, 120000000000.052704, 120000000000.061935, 119999999999.969406
-0.005089, 0.003217, 19115689526.481579, 42177847634.161499, 13556306479.941288
-0.004972, 0.003217, 120000000000.055099, 120000000000.062302, 119999999999.980499
-0.004855, 0.003217, 1395547039.197104, 6326632096.153068, 1356749210.184796
-0.004738, 0.003217, 1745712925.729620, 10054989632.489336, 1568230663.000376
-0.004621, 0.003217, 119470428040.965454, 119852190384.448624, 119811049350.607605
-0.004504, 0.003217, 5294002376.658998, 38228186618.502205, 5756327761.214007
-0.004387, 0.003217, 120000000000.052948, 120000000000.062439, 119999999999.980621
-0.004270, 0.003217, 55058253847.622581, 58153875271.548988, 50905845263.637230
-0.004154, 0.003217, 120000000000.054474, 120000000000.061951, 119999999999.969254
-0.004036, 0.003217, 120000000000.054047, 120000000000.062347, 119999999999.969177
-0.003920, 0.003217, 120000000000.053543, 120000000000.062057, 119999999999.980728
-0.003803, 0.003217, 120000000000.053055, 120000000000.060928, 119999999999.980743
-0.003686, 0.003217, 119999999999.962372, 120000000000.061890, 119999999999.980576
-0.003569, 0.003217, 120000000000.054413, 120000000000.061905, 119999999999.980728
-0.003452, 0.003217, 2273032880.849516, 16060721089.149498, 2927401433.927530
-0.003335, 0.003217, 120000000000.054245, 119999999999.968597, 119999999999.980743
-0.003218, 0.003217, 646181550.772993, 880869176.910600, 666523033.821392
-0.003101, 0.003217, 500000000.000100, 500000000.000100, 499999999.999987
-0.002984, 0.003217, 3024456911.507315, 14155488543.697130, 3544766897.989501
-0.002867, 0.003217, 120000000000.053757, 119999999999.969162, 119999999999.980728
-0.002750, 0.003217, 3213373500.698790, 3213373500.698791, 3511812679.334190
-0.002633, 0.003217, 559966350.953756, 559966350.953375, 562163878.478270
-0.002516, 0.003217, 500000000.000097, 500000000.000105, 499999999.999987
-0.002399, 0.003217, 500000000.000103, 500000000.000096, 499999999.999987
-0.002282, 0.003217, 921940380.652349, 927700904.708561, 950594433.826698
-0.002165, 0.003217, 118670707037.807419, 118670707037.830841, 109065342084.779297
-0.002048, 0.003217, 120000000000.054642, 120000000000.062302, 119999999999.980545
-0.001931, 0.003217, 120000000000.053467, 120000000000.063110, 119999999999.980728
-0.001814, 0.003217, 119999999999.961472, 120000000000.062271, 119999999999.980667
-0.001697, 0.003217, 5019040388.973412, 5019040388.973383, 5655320542.578549
-0.001580, 0.003217, 2353427422.790080, 1098398670.875629, 1184332459.169459
-0.001463, 0.003217, 5857331105.158147, 1307264093.268307, 1495699190.304460
-0.001345, 0.003217, 1184377430.064487, 831116574.237336, 872227763.137597
-0.001228, 0.003217, 2173082023.566512, 6352212042.816240, 2433890234.140270
-0.001112, 0.003217, 119999999999.961700, 120000000000.062256, 119999999999.980728
-0.000995, 0.003217, 3884502358.492332, 25891241376.066257, 4706175092.692098
-0.000878, 0.003217, 10262225481.775257, 3019477364.019259, 3648157749.439693
-0.000761, 0.003217, 120000000000.053101, 120000000000.062378, 119999999999.980728
-0.000644, 0.003217, 120000000000.054840, 120000000000.061523, 119999999999.980652
-0.000527, 0.003217, 120000000000.054733, 120000000000.063522, 119999999999.980576
-0.000410, 0.003217, 120000000000.053513, 120000000000.061768, 119999999999.980621
-0.000293, 0.003217, 120000000000.054840, 120000000000.062424, 119999999999.969238
-0.000176, 0.003217, 120000000000.055008, 120000000000.062103, 119999999999.969330
-0.000058, 0.003217, 120000000000.053589, 119999999999.968765, 119999999999.980545
0.000058, 0.003217, 120000000000.053055, 120000000000.061951, 119999999999.980499
0.000175, 0.003217, 120000000000.053513, 120000000000.061859, 119999999999.969040
0.000292, 0.003217, 120000000000.055618, 120000000000.062195, 119999999999.980728
0.000409, 0.003217, 120000000000.053253, 120000000000.062057, 119999999999.980728
0.000526, 0.003217, 120000000000.055099, 120000000000.061584, 119999999999.969330
0.000643, 0.003217, 120000000000.053925, 120000000000.062134, 119999999999.980255
0.000760, 0.003217, 119999999999.961990, 120000000000.062271, 119999999999.980728
0.000877, 0.003217, 120000000000.052765, 120000000000.061981, 119999999999.980576
0.000994, 0.003217, 120000000000.054733, 120000000000.062027, 119999999999.980423
0.001112, 0.003217, 120000000000.053635, 120000000000.063736, 119999999999.980728
0.001228, 0.003217, 120000000000.053909, 120000000000.062271, 119999999999.969177
0.001345, 0.003217, 120000000000.054352, 120000000000.062439, 119999999999.980499
0.001462, 0.003217, 118068655632.196503, 57206362696.966751, 98482242149.363770
0.001579, 0.003217, 120000000000.053391, 120000000000.062073, 119999999999.969162
0.001696, 0.003217, 120000000000.053146, 120000000000.062958, 119999999999.980728
0.001813, 0.003217, 110594968424.828781, 103885238823.287018, 118175981759.719208
0.001930, 0.003217, 119368777316.035828, 92424951303.851929, 116131026375.546616
0.002048, 0.003217, 120000000000.054169, 119999999999.968918, 119999999999.969238
0.002164, 0.003217, 120000000000.053467, 120000000000.061859, 119999999999.980728
0.002282, 0.003217, 120000000000.054535, 120000000000.061859, 119999999999.980652
0.002398, 0.003217, 13463013794.737854, 13463013794.737696, 16709330627.589521
0.002515, 0.003217, 702997256.595490, 702997256.594967, 716706156.104351
0.002632, 0.003217, 500000000.000098, 500000000.000110, 499999999.999987
0.002749, 0.003217, 1281823615.457084, 6021757256.925637, 1446436699.292727
0.002866, 0.003217, 504217438.114585, 503188161.536839, 505184667.849187
0.002983, 0.003217, 500000000.000102, 500000000.000100, 499999999.999987
0.003101, 0.003217, 3027960821.517824, 14222188664.377954, 3553261513.164960
0.003217, 0.003217, 120000000000.054153, 119999999999.968811, 119999999999.980728
0.003335, 0.003217, 120000000000.053680, 120000000000.062271, 119999999999.980499
0.003451, 0.003217, 120000000000.053543, 120000000000.062637, 119999999999.980606
0.003569, 0.003217, 120000000000.052567, 120000000000.061447, 119999999999.980667
0.003685, 0.003217, 120000000000.052567, 119999999999.969086, 119999999999.980499
0.003802, 0.003217, 120000000000.054901, 120000000000.061661, 119999999999.969208
0.003919, 0.003217, 120000000000.054321, 120000000000.061768, 119999999999.980545
0.004037, 0.003217, 2349706839.285122, 1495981051.626189, 1510799595.177851
0.004153, 0.003217, 63244783441.015160, 5857497892.183764, 6640761468.316798
0.004270, 0.003217, 119999999999.960846, 120000000000.063416, 119999999999.969254
0.004388, 0.003217, 120000000000.053421, 120000000000.062271, 119999999999.980286
0.004504, 0.003217, 120000000000.053436, 120000000000.062073, 119999999999.980576
0.004622, 0.003217, 15205771299.599619, 99408217941.307495, 15895367593.786186
0.004738, 0.003217, 120000000000.054474, 120000000000.062347, 119999999999.980621
0.004856, 0.003217, 111188871207.932037, 111188871207.940033, 119083362784.873749
0.004972, 0.003217, 88351720482.905701, 55139944113.484444, 63094827864.643105
0.005090, 0.003217, 18366674988.965523, 41255774464.845230, 12628298992.377184
0.005206, 0.003217, 120000000000.052338, 120000000000.062134, 119999999999.980377
0.005324, 0.003217, 4636324472.301261, 27723096339.577698, 5970063326.821334
0.005440, 0.003217, 2709892094.283152, 11511815901.274229, 3769226396.304022
0.005557, 0.003217, 120000000000.053802, 120000000000.062103, 119999999999.980621
0.005675, 0.003217, 10334065175.182028, 19699565576.691574, 15884529052.143127
0.005791, 0.003217, 502081032.531365, 503612259.192969, 504327104.976961
-0.005791, 0.003335, 500000000.000092, 500000000.000099, 499999999.999988
-0.005674, 0.003335, 714246878.207123, 680196861.482637, 700508588.116879
-0.005557, 0.003335, 4404634044.864178, 2086720040.945726, 2625645237.191473
-0.005441, 0.003335, 78123287452.871460, 85569357011.430893, 11611820664.842691
-0.005324, 0.003335, 113479668227.961761, 116046438374.710571, 117008475996.490692
-0.005207, 0.003335, 81306054088.879852, 31241886403.508003, 14196746510.725760
-0.005089, 0.003335, 110332452469.395355, 113384646756.999481, 111229993656.626923
-0.004972, 0.003335, 120000000000.055710, 120000000000.062195, 119999999999.969238
-0.004855, 0.003335, 118941516648.397018, 119489906231.092331, 119612169546.421524
-0.004738, 0.003335, 119994883819.270935, 119994883819.278885, 119995431984.092773
-0.004621, 0.003335, 119999999999.959717, 120000000000.061768, 119999999999.980728
-0.004504, 0.003335, 22782128477.078403, 59032254071.703636, 28020310411.603024
-0.004387, 0.003335, 105799947930.704987, 38468507543.677338, 17773350750.823044
-0.004270, 0.003335, 71513773775.462540, 50042389317.225327, 12811208472.937757
-0.004154, 0.003335, 119999999999.962234, 120000000000.062180, 119999999999.980621
-0.004036, 0.003335, 120000000000.055252, 120000000000.061859, 119999999999.980423
-0.003920, 0.003335, 24784956850.998142, 24784956850.998215, 33104694609.563732
-0.003803, 0.003335, 16090964086.820105, 1934063002.680754, 1880959257.942793
-0.003686, 0.003335, 120000000000.053757, 120000000000.062256, 119999999999.980621
-0.003569, 0.003335, 119999999999.961456, 120000000000.062347, 119999999999.980743
-0.003452, 0.003335, 2273032880.844555, 16060721089.149429, 2927401433.927866
-0.003335, 0.003335, 120000000000.053864, 120000000000.062195, 119999999999.980499
-0.003218, 0.003335, 646181550.772992, 880869176.910688, 666523033.821390
-0.003101, 0.003335, 500000000.000093, 500000000.000096, 499999999.999987
-0.002984, 0.003335, 3024456911.509302, 14155488543.697121, 3544766897.989349
-0.002867, 0.003335, 120000000000.053802, 120000000000.061584, 119999999999.980667
-0.002750, 0.003335, 757248906.897250, 1134267061.758327, 779523758.160798
-0.002633, 0.003335, 500000000.000102, 500000000.000098, 499999999.999987
-0.002516, 0.003335, 500000000.000100, 500000000.000110, 499999999.999988
-0.002399, 0.003335, 500000000.000103, 500000000.000099, 499999999.999988
-0.002282, 0.003335, 2302419077.272630, 4934276791.369238, 2559185223.467702
-0.002165, 0.003335, 120000000000.054047, 120000000000.062256, 119999999999.980789
-0.002048, 0.003335, 120000000000.053864, 120000000000.062866, 119999999999.980667
-0.001931, 0.003335, 120000000000.052948, 120000000000.062668, 119999999999.969254
-0.001814, 0.003335, 5019040388.973413, 5019040388.973388, 5655320542.578550
-0.001697, 0.003335, 598976894.667834, 598976894.667372, 604965853.905472
-0.001580, 0.003335, 1766518909.002636, 6480869805.764740, 1894250208.792747
-0.001463, 0.003335, 119999999999.959885, 120000000000.062347, 119999999999.980774
-0.001345, 0.003335, 12156390594.817822, 94060660370.606400, 14918673213.491945
-0.001228, 0.003335, 1045181318.356178, 1052533418.595439, 1104294519.376351
-0.001112, 0.003335, 84951316650.397308, 9230864155.344492, 11004871874.933800
-0.000995, 0.003335, 120000000000.052902, 120000000000.061951, 119999999999.980728
-0.000878, 0.003335, 3884502358.492328, 25891241376.063644, 4706175092.692240
-0.000761, 0.003335, 10167938590.957106, 2927533405.130255, 3625625574.420416
-0.000644, 0.003335, 105412322373.827835, 22878663253.972538, 72240081990.565704
-0.000527, 0.003335, 105412322373.829269, 22878663253.972569, 72240081990.565765
-0.000410, 0.003335, 105412322373.827621, 22878663253.972534, 72240081990.565765
-0.000293, 0.003335, 105412322373.829300, 22878663253.972527, 72240081990.565735
-0.000176, 0.003335, 105412322373.827759, 22878663253.972561, 72240081990.565765
-0.000058, 0.003335, 29731468225.968891, 14309108413.500835, 29488253609.215778
0.000058, 0.003335, 79684545883.886200, 3895356746.665123, 4737821007.227711
0.000175, 0.003335, 105412322373.826523, 22878663253.972561, 72240081990.565750
0.000292, 0.003335, 105412322373.827454, 22878663253.972553, 72240081990.565735
0.000409, 0.003335, 115748481875.013870, 25039055982.899521, 75611429312.508987
0.000526, 0.003335, 120000000000.054123, 119999999999.968765, 119999999999.980576
0.000643, 0.003335, 120000000000.055328, 119999999999.969086, 119999999999.980698
0.000760, 0.003335, 120000000000.053543, 120000000000.061569, 119999999999.980576
0.000877, 0.003335, 120000000000.052704, 120000000000.062622, 119999999999.980667
0.000994, 0.003335, 120000000000.054474, 119999999999.969299, 119999999999.980545
0.001112, 0.003335, 120000000000.054398, 120000000000.062103, 119999999999.980728
0.001228, 0.003335, 120000000000.056442, 119999999999.969086, 119999999999.969208
0.001345, 0.003335, 2030488618.186485, 2156361074.055246, 2291390474.375458
0.001462, 0.003335, 6122316872.914326, 2686697168.497653, 3563707062.812008
0.001579, 0.003335, 1380178854.245616, 930469607.093742, 960992985.291254
0.001696, 0.003335, 1366661470.913265, 829012342.419158, 863663633.706520
0.001813, 0.003335, 1822380989.353647, 1596568930.196084, 1723691073.067889
0.001930, 0.003335, 3713303519.529921, 2362871520.425961, 3106661905.726391
0.002048, 0.003335, 12737206838.903015, 1993070367.566761, 2468213506.273247
0.002164, 0.003335, 6493080313.021052, 1837793265.255165, 2204987568.808962
0.002282, 0.003335, 1388013414.975646, 841155688.064323, 883937901.209542
0.002398, 0.003335, 682432327.875650, 643657904.327600, 655780325.541887
0.002515, 0.003335, 500000000.000103, 500000000.000110, 499999999.999987
0.002632, 0.003335, 500000000.000102, 500000000.000100, 499999999.999987
0.002749, 0.003335, 852594115.166206, 1231197067.269003, 875003393.866373
0.002866, 0.003335, 626312439.437537, 814256533.062889, 647633321.615025
0.002983, 0.003335, 500000000.000100, 500000000.000097, 499999999.999987
0.003101, 0.003335, 3027960821.515400, 14222188664.377953, 3553261513.165227
0.003217, 0.003335, 3421923680.180045, 3842040239.642186, 3781328314.981189
0.003335, 0.003335, 5032247492.415395, 1471518190.483547, 1471602631.922759
0.003451, 0.003335, 120000000000.053223, 120000000000.062302, 119999999999.969086
0.003569, 0.003335, 120000000000.053986, 120000000000.061951, 119999999999.980377
0.003685, 0.003335, 120000000000.054520, 120000000000.061783, 119999999999.969208
0.003802, 0.003335, 120000000000.054932, 120000000000.062393, 119999999999.980499
0.003919, 0.003335, 120000000000.053177, 120000000000.061523, 119999999999.969238
0.004037, 0.003335, 2682849565.656775, 2060119179.409554, 1654937008.307687
0.004153, 0.003335, 71277463981.187851, 71277463981.449066, 7869400134.448332
0.004270, 0.003335, 120000000000.055054, 120000000000.061569, 119999999999.980621
0.004388, 0.003335, 120000000000.053345, 120000000000.062225, 119999999999.980789
0.004504, 0.003335, 120000000000.054489, 120000000000.062347, 119999999999.980698
0.004622, 0.003335, 120000000000.053436, 120000000000.062347, 119999999999.980576
0.004738, 0.003335, 84627625869.288345, 59185111217.064995, 16310643075.249266
0.004856, 0.003335, 28330544619.586723, 81355039337.881424, 27027533317.507389
0.004972, 0.003335, 107370243293.959396, 112611906535.339355, 31832679388.052376
0.005090, 0.003335, 98192596640.058960, 108087085831.570358, 107536280202.055710
0.005206, 0.003335, 18502064836.441635, 4586917861.449984, 5755442893.917551
0.005324, 0.003335, 11679052368.431824, 11823743649.955385, 15237082865.032366
0.005440, 0.003335, 3551703295.015894, 73667924349.492920, 4677895259.847054
0.005557, 0.003335, 13489606506.450699, 2860335950.757142, 4051411347.445305
0.005675, 0.003335, 6303922570.844202, 2305260313.830645, 2931386315.545845
0.005791, 0.003335, 554866184.428506, 575662046.250012, 564449964.500689
-0.005791, 0.003451, 500000000.000101, 500000000.000098, 499999999.999988
-0.005674, 0.003451, 1068842991.300871, 1068842991.850121, 1102225970.201767
-0.005557, 0.003451, 119955296826.815048, 119955296826.819489, 119969831993.872787
-0.005441, 0.003451, 120000000000.055328, 119999999999.969177, 119999999999.980621
-0.005324, 0.003451, 23766739570.424629, 13056855091.875526, 14175984853.097906
-0.005207, 0.003451, 30199031697.359734, 49793943438.250854, 25450501481.717564
-0.005089, 0.003451, 55576475299.556946, 18403853428.954712, 20283575044.633457
-0.004972, 0.003451, 120000000000.055145, 120000000000.062180, 119999999999.980698
-0.004855, 0.003451, 41037914553.960251, 14268745678.801868, 13506648969.953083
-0.004738, 0.003451, 40800113627.795738, 16749579096.905779, 13509259881.147491
-0.004621, 0.003451, 120000000000.054535, 120000000000.063278, 119999999999.980743
-0.004504, 0.003451, 8366884082.481547, 9626795925.618490, 9078703398.456469
-0.004387, 0.003451, 48190966114.207458, 3664206631.225169, 4228800246.995648
-0.004270, 0.003451, 119898798832.991776, 119889834662.075226, 119919222429.605881
-0.004154, 0.003451, 120000000000.052490, 120000000000.061829, 119999999999.980743
-0.004036, 0.003451, 120000000000.052856, 120000000000.061890, 119999999999.969208
-0.003920, 0.003451, 8637511386.917347, 89071232583.003494, 10066266226.676594
-0.003803, 0.003451, 3253317100.360408, 1202518942.663903, 1136524991.731113
-0.003686, 0.003451, 117770998200.759155, 118383311994.634644, 108661413113.261261
-0.003569, 0.003451, 120000000000.054169, 120000000000.062347, 119999999999.980576
-0.003452, 0.003451, 2273032880.844020, 16060721089.149380, 2927401433.927966
-0.003335, 0.003451, 120000000000.053268, 120000000000.061661, 119999999999.980728
-0.003218, 0.003451, 646181550.772993, 880869176.910641, 666523033.821389
-0.003101, 0.003451, 500000000.000092, 500000000.000102, 499999999.999987
-0.002984, 0.003451, 3024456911.494654, 14155488543.697144, 3544766897.989435
-0.002867, 0.003451, 120000000000.053375, 120000000000.061768, 119999999999.980576
-0.002750, 0.003451, 742743725.156690, 1130569271.854968, 770233602.922511
-0.002633, 0.003451, 500000000.000096, 500000000.000110, 499999999.999987
-0.002516, 0.003451, 500000000.000100, 500000000.000100, 499999999.999988
-0.002399, 0.003451, 500000000.000098, 500000000.000105, 499999999.999987
-0.002282, 0.003451, 595755894.292727, 591807474.273750, 599361738.436714
-0.002165, 0.003451, 1264114069.823074, 791052971.461554, 823077928.911290
-0.002048, 0.003451, 1264114069.823069, 791052971.461552, 823077928.911290
-0.001931, 0.003451, 1264114069.823066, 791052971.461552, 823077928.911290
-0.001814, 0.003451, 595616073.279785, 584083852.137768, 590570553.681861
-0.001697, 0.003451, 500000000.000102, 500000000.000110, 499999999.999925
-0.001580, 0.003451, 786887637.602893, 792239384.196408, 806295464.789963
-0.001463, 0.003451, 111016262951.922150, 28488679519.728531, 38850324508.220810
-0.001345, 0.003451, 120000000000.053741, 120000000000.061951, 119999999999.980728
-0.001228, 0.003451, 12156390594.817818, 94060660370.609619, 14918673213.489481
-0.001112, 0.003451, 1045181318.355993, 1052533418.594584, 1104294519.376313
-0.000995, 0.003451, 84951316650.395569, 9230864155.344494, 11004871874.933701
-0.000878, 0.003451, 120000000000.054031, 120000000000.061859, 119999999999.980865
-0.000761, 0.003451, 2987965881.234795, 25177797616.682514, 3247904320.038732
-0.000644, 0.003451, 553674972.265925, 548857265.491974, 555399497.100835
-0.000527, 0.003451, 517070175.885690, 517070175.887381, 521241889.189718
-0.000410, 0.003451, 1115700407.473531, 753578592.630366, 786634209.476726
-0.000293, 0.003451, 552687286.817260, 541793510.006634, 548982292.372757
-0.000176, 0.003451, 500000000.000095, 500000000.000103, 499999999.999988
-0.000058, 0.003451, 835058356.278017, 896604506.327431, 867533440.104836
0.000058, 0.003451, 7213726703.663881, 18803283533.498196, 7430670373.921635
0.000175, 0.003451, 518204877.868917, 533671628.756890, 526033064.552781
0.000292, 0.003451, 835258249.028450, 784292917.967532, 809028074.598128
0.000409, 0.003451, 677367737.812156, 656900876.749448, 671440444.021053
0.000526, 0.003451, 1413225110.056871, 1087294640.840748, 1137208987.836462
0.000643, 0.003451, 5383076161.883199, 1762667214.820667, 1931356177.278320
0.000760, 0.003451, 5383076161.883176, 1762667214.820666, 1931356177.278320
0.000877, 0.003451, 5383076161.883171, 1762667214.820665, 1931356177.278320
0.000994, 0.003451, 5383076161.883169, 1762667214.820662, 1931356177.278319
0.001112, 0.003451, 5383076161.883163, 1762667214.820666, 1931356177.278320
0.001228, 0.003451, 1119456281.349177, 1015414846.101705, 1055593724.199624
0.001345, 0.003451, 572769413.049906, 593910736.194631, 584358810.025964
0.001462, 0.003451, 15303141686.553547, 1592040956.521563, 1734412597.724904
0.001579, 0.003451, 866557759.995577, 1294510764.777110, 903801879.991357
0.001696, 0.003451, 500000000.000100, 500000000.000110, 499999999.999987
0.001813, 0.003451, 792246910.074582, 808410746.650032, 800013753.527763
0.001930, 0.003451, 2214557465.568832, 1555782232.274708, 1815280245.047251
0.002048, 0.003451, 2008812681.043849, 941212394.961905, 1037861743.698780
0.002164, 0.003451, 1208255630.862588, 733026385.294809, 752579895.449800
0.002282, 0.003451, 1797757705.369231, 1849339998.005597, 1391939877.129668
0.002398, 0.003451, 1139680260.497983, 797006173.147319, 834295503.643184
0.002515, 0.003451, 537604485.849411, 530538803.518390, 536311189.179724
0.002632, 0.003451, 500000000.000101, 500000000.000110, 499999999.999988
0.002749, 0.003451, 1096779316.983461, 4993286706.930891, 1152760121.945683
0.002866, 0.003451, 841299853.357088, 1535313763.841531, 876708639.996329
0.002983, 0.003451, 500000000.000100, 500000000.000112, 499999999.999987
0.003101, 0.003451, 3027960821.519535, 14222188664.377987, 3553261513.164782
0.003217, 0.003451, 6052699104.153542, 65262466772.008736, 6935553717.404521
0.003335, 0.003451, 17674087697.819454, 6703430824.063700, 2188836731.145109
0.003451, 0.003451, 120000000000.053543, 120000000000.061859, 119999999999.980789
0.003569, 0.003451, 120000000000.053314, 120000000000.062790, 119999999999.980850
0.003685, 0.003451, 120000000000.054398, 120000000000.062057, 119999999999.980408
0.003802, 0.003451, 120000000000.054398, 120000000000.062271, 119999999999.980652
0.003919, 0.003451, 120000000000.054413, 120000000000.062103, 119999999999.980408
0.004037, 0.003451, 120000000000.054047, 120000000000.061783, 119999999999.980728
0.004153, 0.003451, 120000000000.053055, 120000000000.062424, 119999999999.980499
0.004270, 0.003451, 119999999999.961990, 120000000000.062714, 119999999999.980576
0.004388, 0.003451, 13183417787.665102, 7533826867.602224, 8379779506.371454
0.004504, 0.003451, 112307690189.181183, 32482188814.150566, 44710465500.233063
0.004622, 0.003451, 120000000000.055573, 120000000000.061584, 119999999999.980698
0.004738, 0.003451, 120000000000.053391, 120000000000.062057, 119999999999.980545
0.004856, 0.003451, 120000000000.054855, 120000000000.061783, 119999999999.980698
0.004972, 0.003451, 120000000000.054764, 120000000000.062027, 119999999999.980545
0.005090, 0.003451, 6835432670.933795, 5962785757.931510, 8581170336.582274
0.005206, 0.003451, 15104716089.668022, 3688266125.393455, 4857381637.700101
0.005324, 0.003451, 58370637084.944855, 3166757374.050179, 4762945826.373872
0.005440, 0.003451, 120000000000.053802, 120000000000.061172, 119999999999.969238
0.005557, 0.003451, 119753833425.632034, 119753833425.644592, 119951017076.732422
0.005675, 0.003451, 1060046335.511004, 1060046335.510658, 1096817013.296911
0.005791, 0.003451, 500000000.000100, 500000000.000099, 499999999.999987
-0.005791, 0.003569, 528488047.457173, 604750250.129017, 542372828.225038
-0.005674, 0.003569, 119955296826.815399, 119955296826.820099, 119969831993.872787
-0.005557, 0.003569, 119999999999.961426, 120000000000.062302, 119999999999.980728
-0.005441, 0.003569, 120000000000.053757, 119999999999.969086, 119999999999.980698
-0.005324, 0.003569, 63481398321.968742, 77150842993.595627, 41680366253.542336
-0.005207, 0.003569, 120000000000.053711, 120000000000.061951, 119999999999.980728
-0.005089, 0.003569, 11263308504.118649, 16524216789.478809, 9328132462.055725
-0.004972, 0.003569, 18651779487.408611, 21224946982.515030, 20786584212.644711
-0.004855, 0.003569, 117079330957.611801, 118280105796.543152, 117464880136.365433
-0.004738, 0.003569, 68397420214.738174, 113548928352.722778, 78893088119.693237
-0.004621, 0.003569, 101758986810.494797, 59551418842.566681, 70525595719.309631
-0.004504, 0.003569, 108260376435.714005, 70455903100.276154, 87751537004.444336
-0.004387, 0.003569, 120000000000.054779, 120000000000.062561, 119999999999.980698
-0.004270, 0.003569, 35120879457.526611, 35457185582.829597, 18353449823.189133
-0.004154, 0.003569, 120000000000.053757, 119999999999.968811, 119999999999.980499
-0.004036, 0.003569, 120000000000.055206, 120000000000.063538, 119999999999.980667
-0.003920, 0.003569, 120000000000.053986, 120000000000.063278, 119999999999.969254
-0.003803, 0.003569, 120000000000.054321, 120000000000.062073, 119999999999.980743
-0.003686, 0.003569, 120000000000.055450, 120000000000.061905, 119999999999.980499
-0.003569, 0.003569, 119999999999.961639, 120000000000.061768, 119999999999.980667
-0.003452, 0.003569, 2687341766.174021, 20514434212.732510, 3654402045.831473
-0.003335, 0.003569, 120000000000.053055, 120000000000.062515, 119999999999.969360
-0.003218, 0.003569, 646181550.772997, 880869176.910580, 666523033.821391
-0.003101, 0.003569, 500000000.000100, 500000000.000100, 499999999.999987
-0.002984, 0.003569, 3024456911.506776, 14155488543.697134, 3544766897.989009
-0.002867, 0.003569, 120000000000.053345, 119999999999.969055, 119999999999.980728
-0.002750, 0.003569, 742743725.156691, 1130569271.855004, 770233602.922508
-0.002633, 0.003569, 500000000.000092, 500000000.000111, 499999999.999988
-0.002516, 0.003569, 500000000.000100, 500000000.000096, 499999999.999987
-0.002399, 0.003569, 500000000.000100, 500000000.000097, 499999999.999987
-0.002282, 0.003569, 500000000.000099, 500000000.000111, 499999999.999988
-0.002165, 0.003569, 500000000.000094, 500000000.000110, 499999999.999987
-0.002048, 0.003569, 500000000.000100, 500000000.000099, 499999999.999987
-0.001931, 0.003569, 500000000.000106, 500000000.000111, 499999999.999988
-0.001814, 0.003569, 500000000.000100, 500000000.000097, 499999999.999987
-0.001697, 0.003569, 500000000.000101, 500000000.000102, 499999999.999987
-0.001580, 0.003569, 500000000.000102, 500000000.000105, 499999999.999987
-0.001463, 0.003569, 863934051.236670, 1025650606.665171, 899855205.478962
-0.001345, 0.003569, 120000000000.052643, 120000000000.064423, 119999999999.980774
-0.001228, 0.003569, 120000000000.054153, 120000000000.061935, 119999999999.980698
-0.001112, 0.003569, 12156390594.817818, 94060660370.604370, 14918673213.487484
-0.000995, 0.003569, 1111435735.629823, 1255409034.867575, 1200058970.725042
-0.000878, 0.003569, 120000000000.053680, 120000000000.062073, 119999999999.980652
-0.000761, 0.003569, 120000000000.054245, 120000000000.062180, 119999999999.980530
-0.000644, 0.003569, 815998937.453023, 1330414692.563445, 849700211.186292
-0.000527, 0.003569, 988975876.160782, 1975963232.602560, 1049669626.553354
-0.000410, 0.003569, 119999999999.960663, 120000000000.062500, 119999999999.980667
-0.000293, 0.003569, 1474373068.372967, 5882773061.376528, 1624023546.195226
-0.000176, 0.003569, 548954127.951409, 591051759.299920, 562987566.144362
-0.000058, 0.003569, 110691445878.847534, 110693059355.684540, 38209894792.203667
0.000058, 0.003569, 104969284790.685501, 119210840816.922058, 118097623307.280579
0.000175, 0.003569, 550363009.645523, 593931840.238449, 564799162.674988
0.000292, 0.003569, 7263467545.946087, 51752169909.399422, 11185512145.611681
0.000409, 0.003569, 1376073976.858404, 3397981948.465732, 1476272727.247976
0.000526, 0.003569, 500000000.000100, 500000000.000094, 499999999.999988
0.000643, 0.003569, 500000000.000098, 500000000.000104, 499999999.999987
0.000760, 0.003569, 500000000.000098, 500000000.000097, 499999999.999987
0.000877, 0.003569, 500000000.000106, 500000000.000096, 499999999.999987
0.000994, 0.003569, 500000000.000099, 500000000.000096, 499999999.999987
0.001112, 0.003569, 500000000.000097, 500000000.000100, 499999999.999987
0.001228, 0.003569, 500000000.000094, 500000000.000097, 499999999.999987
0.001345, 0.003569, 500000000.000095, 500000000.000110, 499999999.999987
0.001462, 0.003569, 500000000.000099, 500000000.000108, 499999999.999986
0.001579, 0.003569, 885803731.746873, 907617362.459058, 918493648.165669
0.001696, 0.003569, 2010911205.663661, 1192456940.221109, 1243099139.112053
0.001813, 0.003569, 5167255349.600319, 1146660087.542321, 1186742930.246305
0.001930, 0.003569, 105989379780.337280, 105988528775.167633, 26421832699.370266
0.002048, 0.003569, 70985431521.695847, 117877911801.214157, 96537602980.497253
0.002164, 0.003569, 603992361.563280, 670466261.365414, 624460329.821748
0.002282, 0.003569, 1453082985.408425, 3257087854.384048, 1568539304.566542
0.002398, 0.003569, 120000000000.055878, 120000000000.063690, 119999999999.980652
0.002515, 0.003569, 1208038749.968271, 3137167794.464129, 1305561134.688971
0.002632, 0.003569, 587234467.829655, 648261764.482156, 606009851.606456
0.002749, 0.003569, 116479205121.729904, 116479205121.864731, 77960765277.428940
0.002866, 0.003569, 14139534580.409277, 101461590891.064987, 19193631380.844688
0.002983, 0.003569, 519827729.624188, 535592418.890333, 527728000.616917
0.003101, 0.003569, 3027960821.517696, 14222188664.377968, 3553261513.164699
0.003217, 0.003569, 120000000000.053665, 120000000000.061783, 119999999999.980621
0.003335, 0.003569, 120000000000.052979, 120000000000.061951, 119999999999.980255
0.003451, 0.003569, 120000000000.053741, 120000000000.062668, 119999999999.980621
0.003569, 0.003569, 120000000000.053864, 120000000000.062180, 119999999999.980652
0.003685, 0.003569, 120000000000.054047, 120000000000.061935, 119999999999.980301
0.003802, 0.003569, 120000000000.054291, 120000000000.062149, 119999999999.969330
0.003919, 0.003569, 120000000000.053070, 120000000000.061905, 119999999999.980286
0.004037, 0.003569, 120000000000.055099, 120000000000.062347, 119999999999.980774
0.004153, 0.003569, 120000000000.053543, 120000000000.062302, 119999999999.980728
0.004270, 0.003569, 120000000000.053391, 119999999999.969162, 119999999999.980530
0.004388, 0.003569, 1098007695.621399, 2328997293.527158, 1055041383.090367
0.004504, 0.003569, 3148339366.212246, 22326847478.783897, 2211275423.585883
0.004622, 0.003569, 120000000000.053055, 120000000000.062195, 119999999999.980453
0.004738, 0.003569, 120000000000.054352, 120000000000.062378, 119999999999.980499
0.004856, 0.003569, 120000000000.052780, 119999999999.968689, 119999999999.980499
0.004972, 0.003569, 120000000000.053421, 120000000000.062546, 119999999999.980606
0.005090, 0.003569, 3770523141.230002, 30829180386.472538, 5599107200.603086
0.005206, 0.003569, 120000000000.053543, 120000000000.062195, 119999999999.980652
0.005324, 0.003569, 1320872378.925221, 2593776159.368081, 1420965299.223408
0.005440, 0.003569, 830277614.754231, 624092114.210840, 643617673.115749
0.005557, 0.003569, 759862607.289554, 610203707.846872, 630034860.209800
0.005675, 0.003569, 500000000.000103, 500000000.000104, 499999999.999988
0.005791, 0.003569, 500000000.000100, 500000000.000097, 499999999.999987
-0.005791, 0.003685, 524465716.413780, 601846121.504763, 536530185.341263
-0.005674, 0.003685, 32476651035.255047, 5042023066.972405, 6694353841.749617
-0.005557, 0.003685, 46277800098.354500, 5248273686.423267, 6991241352.749067
-0.005441, 0.003685, 116494559491.113998, 29219020785.862343, 50740383824.080345
-0.005324, 0.003685, 16802622306.742403, 71218508184.922531, 13094026877.392500
-0.005207, 0.003685, 98226125045.399109, 14011524891.857359, 21290371785.179874
-0.005089, 0.003685, 24606421019.848980, 106193366440.409714, 29221154064.724396
-0.004972, 0.003685, 3678101065.501286, 10435869347.953768, 5324652892.750319
-0.004855, 0.003685, 85683578184.041611, 16359900140.127434, 17526049178.718319
-0.004738, 0.003685, 11653986681.515778, 11949606164.941952, 15611258855.271303
-0.004621, 0.003685, 4512707934.294213, 71208463425.733276, 4991470418.850707
-0.004504, 0.003685, 48169596721.777084, 93721602522.136459, 16292152752.374788
-0.004387, 0.003685, 82152422351.660690, 15349768580.970728, 19303792817.521080
-0.004270, 0.003685, 101813903835.954239, 113817834503.522781, 70099660100.620682
-0.004154, 0.003685, 119999999999.960861, 120000000000.062347, 119999999999.980499
-0.004036, 0.003685, 120000000000.056396, 120000000000.062271, 119999999999.980728
-0.003920, 0.003685, 55340368035.326263, 8545308790.597219, 9868235473.367132
-0.003803, 0.003685, 119818092915.855865, 117895885598.666428, 119833040437.839050
-0.003686, 0.003685, 120000000000.055145, 120000000000.061829, 119999999999.980423
-0.003569, 0.003685, 7405579888.523692, 4499967166.981753, 6140462825.830101
-0.003452, 0.003685, 4813603243.171758, 26319235887.091045, 4299112003.687571
-0.003335, 0.003685, 120000000000.053375, 120000000000.062546, 119999999999.980545
-0.003218, 0.003685, 646181550.773001, 880869176.910605, 666523033.821391
-0.003101, 0.003685, 500000000.000101, 500000000.000098, 499999999.999988
-0.002984, 0.003685, 3024456911.506653, 14155488543.697052, 3544766897.989319
-0.002867, 0.003685, 120000000000.053864, 120000000000.062073, 119999999999.969177
-0.002750, 0.003685, 742743725.156693, 1130569271.854994, 770233602.922446
-0.002633, 0.003685, 500000000.000100, 500000000.000110, 499999999.999987
-0.002516, 0.003685, 500000000.000092, 500000000.000097, 499999999.999987
-0.002399, 0.003685, 500000000.000097, 500000000.000098, 499999999.999987
-0.002282, 0.003685, 500000000.000097, 500000000.000099, 499999999.999987
-0.002165, 0.003685, 500000000.000099, 500000000.000110, 499999999.999987
-0.002048, 0.003685, 500000000.000100, 500000000.000099, 499999999.999988
-0.001931, 0.003685, 500000000.000096, 500000000.000098, 499999999.999987
-0.001814, 0.003685, 500000000.000099, 500000000.000096, 499999999.999987
-0.001697, 0.003685, 500000000.000100, 500000000.000100, 499999999.999987
-0.001580, 0.003685, 500000000.000102, 500000000.000099, 499999999.999925
-0.001463, 0.003685, 638279250.970219, 860886098.839484, 658480699.667772
-0.001345, 0.003685, 120000000000.054077, 120000000000.061813, 119999999999.980621
-0.001228, 0.003685, 120000000000.055344, 120000000000.062057, 119999999999.980576
-0.001112, 0.003685, 120000000000.053497, 120000000000.062057, 119999999999.980743
-0.000995, 0.003685, 3707823192.740316, 64357817852.260300, 4646846431.524613
-0.000878, 0.003685, 20815804122.239010, 3254826825.006851, 4154885939.835568
-0.000761, 0.003685, 7949964554.954927, 5342023791.288380, 7280479969.437634
-0.000644, 0.003685, 613831602.232940, 636389424.732409, 623416935.351504
-0.000527, 0.003685, 688133218.988847, 727158857.034167, 708136951.823577
-0.000410, 0.003685, 54706103311.311516, 4699536302.098109, 6247365217.612576
-0.000293, 0.003685, 2831459081.183991, 15011330940.009962, 2920057394.486817
-0.000176, 0.003685, 518108736.263053, 533907348.441474, 524574393.805144
-0.000058, 0.003685, 15875400738.463804, 1990313174.879515, 2242241091.323025
0.000058, 0.003685, 2514270094.552116, 1990313174.878516, 2242241091.323051
0.000175, 0.003685, 512313490.237729, 528311816.180663, 516651016.886740
0.000292, 0.003685, 7263467545.949661, 51752169909.399422, 11185512145.611643
0.000409, 0.003685, 1619173121.711269, 18615955917.058273, 1732423743.178368
0.000526, 0.003685, 500000000.000097, 500000000.000097, 499999999.999987
0.000643, 0.003685, 500000000.000103, 500000000.000098, 499999999.999988
0.000760, 0.003685, 500000000.000097, 500000000.000106, 499999999.999987
0.000877, 0.003685, 500000000.000101, 500000000.000097, 499999999.999988
0.000994, 0.003685, 500000000.000103, 500000000.000096, 499999999.999987
0.001112, 0.003685, 500000000.000096, 500000000.000094, 499999999.999988
0.001228, 0.003685, 500000000.000093, 500000000.000104, 499999999.999987
0.001345, 0.003685, 500000000.000100, 500000000.000096, 499999999.999987
0.001462, 0.003685, 500000000.000100, 500000000.000111, 499999999.999987
0.001579, 0.003685, 500000000.000103, 500000000.000100, 499999999.999988
0.001696, 0.003685, 570734496.057495, 521781612.049698, 533287479.078442
0.001813, 0.003685, 645501299.783727, 559469371.169452, 566174689.080444
0.001930, 0.003685, 10938776503.576830, 1704079110.159981, 1901410857.614838
0.002048, 0.003685, 3344723968.656041, 2418702580.144392, 2815461025.313074
0.002164, 0.003685, 534751954.981678, 556314573.585853, 541006943.541474
0.002282, 0.003685, 746232780.708872, 792475701.589061, 769751857.464178
0.002398, 0.003685, 13822858106.130928, 3874476585.751187, 4947463139.400539
0.002515, 0.003685, 776873542.839592, 820461853.919690, 796349251.708342
0.002632, 0.003685, 526252787.227313, 548866533.823536, 533749093.748029
0.002749, 0.003685, 21993948144.567509, 2298510765.576724, 2650281271.003848
0.002866, 0.003685, 2035632442.483726, 1725067464.226817, 1894475037.039994
0.002983, 0.003685, 501548615.234145, 502949532.641929, 502894048.832569
0.003101, 0.003685, 1278368365.912961, 1375749486.387738, 1328505577.495240
0.003217, 0.003685, 120000000000.053345, 120000000000.062057, 119999999999.980728
0.003335, 0.003685, 120000000000.053741, 120000000000.061951, 119999999999.980576
0.003451, 0.003685, 120000000000.054276, 120000000000.062424, 119999999999.980698
0.003569, 0.003685, 120000000000.053024, 120000000000.062271, 119999999999.980698
0.003685, 0.003685, 120000000000.053223, 120000000000.061935, 119999999999.980576
0.003802, 0.003685, 120000000000.053589, 119999999999.969116, 119999999999.980576
0.003919, 0.003685, 120000000000.052979, 120000000000.063156, 119999999999.980698
0.004037, 0.003685, 120000000000.053864, 120000000000.063522, 119999999999.980652
0.004153, 0.003685, 120000000000.054077, 120000000000.061295, 119999999999.980652
0.004270, 0.003685, 120000000000.053589, 120000000000.061829, 119999999999.980667
0.004388, 0.003685, 118612919699.719772, 118843763043.013092, 116091698598.367477
0.004504, 0.003685, 120000000000.053589, 119999999999.969498, 119999999999.980652
0.004622, 0.003685, 119999999999.961105, 120000000000.061661, 119999999999.980774
0.004738, 0.003685, 120000000000.053375, 120000000000.062546, 119999999999.980621
0.004856, 0.003685, 120000000000.054047, 120000000000.061325, 119999999999.980652
0.004972, 0.003685, 7010581347.083475, 7010581347.083407, 8144369479.718706
0.005090, 0.003685, 1022733317.040452, 1211295540.686611, 1070022196.623220
0.005206, 0.003685, 91446681791.024002, 6544909850.949172, 9592273992.972647
0.005324, 0.003685, 1529187076.573123, 13141512597.376650, 1526823059.529428
0.005440, 0.003685, 528534138.717787, 510798253.243269, 516074934.110233
0.005557, 0.003685, 500000000.000102, 500000000.000099, 499999999.999987
0.005675, 0.003685, 500000000.000096, 500000000.000101, 499999999.999987
0.005791, 0.003685, 500000000.000098, 500000000.000099, 499999999.999987
-0.005791, 0.003802, 500000000.000103, 500000000.000116, 499999999.999988
-0.005674, 0.003802, 500000000.000099, 500000000.000102, 499999999.999988
-0.005557, 0.003802, 1317387048.607316, 1419347229.066079, 1343863049.369554
-0.005441, 0.003802, 2820662491.965280, 4212640759.504387, 3399099785.602726
-0.005324, 0.003802, 120000000000.054535, 120000000000.062347, 119999999999.980545
-0.005207, 0.003802, 6939977451.733088, 14004228634.691185, 6630169073.325974
-0.005089, 0.003802, 37388116696.050529, 4327511790.410778, 6909943421.649905
-0.004972, 0.003802, 25836418928.963428, 45691278187.461288, 9491746143.737139
-0.004855, 0.003802, 10565221730.887289, 23063650480.877308, 11323474462.389288
-0.004738, 0.003802, 60910726109.828583, 3877362717.718360, 4599199472.988710
-0.004621, 0.003802, 120000000000.053009, 120000000000.061279, 119999999999.980728
-0.004504, 0.003802, 120000000000.053268, 120000000000.062103, 119999999999.969177
-0.004387, 0.003802, 13107546969.716513, 4797343214.472484, 6230134411.436533
-0.004270, 0.003802, 87679539902.510956, 6141282893.237160, 8752678723.207113
-0.004154, 0.003802, 120000000000.053268, 120000000000.062546, 119999999999.969284
-0.004036, 0.003802, 120000000000.052933, 120000000000.061890, 119999999999.980255
-0.003920, 0.003802, 913026733.704346, 1016480049.522066, 863868842.060973
-0.003803, 0.003802, 9244161680.441795, 43076680363.851387, 3605670331.297212
-0.003686, 0.003802, 3042000039.186444, 3042000039.199023, 3679198912.157890
-0.003569, 0.003802, 24772262080.395786, 12313567815.441010, 4467427413.587049
-0.003452, 0.003802, 120000000000.054245, 119999999999.969162, 119999999999.980499
-0.003335, 0.003802, 5961228957.106025, 5906239644.104053, 7053558544.332068
-0.003218, 0.003802, 723841320.661169, 617795423.108071, 610870812.534752
-0.003101, 0.003802, 506356091.571174, 502290758.925877, 504533694.241029
-0.002984, 0.003802, 958546680.014322, 976446787.085321, 987300448.134558
-0.002867, 0.003802, 3465306543.090452, 2230574035.073749, 2523744454.761291
-0.002750, 0.003802, 560980923.045396, 568421115.335790, 565009823.095566
-0.002633, 0.003802, 500000000.000097, 500000000.000110, 499999999.999987
-0.002516, 0.003802, 500000000.000098, 500000000.000102, 499999999.999987
-0.002399, 0.003802, 500000000.000091, 500000000.000099, 499999999.999988
-0.002282, 0.003802, 500000000.000100, 500000000.000109, 499999999.999987
-0.002165, 0.003802, 500000000.000103, 500000000.000110, 499999999.999988
-0.002048, 0.003802, 500000000.000090, 500000000.000098, 499999999.999987
-0.001931, 0.003802, 500000000.000099, 500000000.000109, 499999999.999988
-0.001814, 0.003802, 500000000.000099, 500000000.000107, 499999999.999987
-0.001697, 0.003802, 500000000.000102, 500000000.000110, 499999999.999987
-0.001580, 0.003802, 500000000.000098, 500000000.000099, 499999999.999987
-0.001463, 0.003802, 638279250.971147, 860886098.839487, 658480699.667709
-0.001345, 0.003802, 120000000000.053635, 120000000000.061218, 119999999999.980667
-0.001228, 0.003802, 120000000000.054291, 120000000000.061905, 119999999999.980728
-0.001112, 0.003802, 120000000000.052734, 120000000000.062225, 119999999999.980606
-0.000995, 0.003802, 120000000000.053268, 120000000000.062180, 119999999999.980652
-0.000878, 0.003802, 13013052416.314524, 12838715504.294069, 5459741233.956385
-0.000761, 0.003802, 13875411033.759769, 2890151521.618327, 3357528280.505965
-0.000644, 0.003802, 1597011122.946470, 1438128243.199291, 1494364636.660698
-0.000527, 0.003802, 512760022.499707, 510075759.448644, 513391847.513815
-0.000410, 0.003802, 500000000.000093, 500000000.000111, 499999999.999987
-0.000293, 0.003802, 581428107.146633, 585302316.107382, 590063914.169205
-0.000176, 0.003802, 1714758180.700815, 1612754315.614366, 1223991648.209979
-0.000058, 0.003802, 3943309577.811983, 995220010.781084, 1036375843.325580
0.000058, 0.003802, 5330568273.038042, 3152282629.329555, 3413414555.687824
0.000175, 0.003802, 534554837.085199, 553647415.617272, 543550055.719057
0.000292, 0.003802, 7263467545.946331, 51752169909.399300, 11185512145.611876
0.000409, 0.003802, 77961821006.909317, 118294441984.261414, 103130062418.085098
0.000526, 0.003802, 1158668590.761935, 997735525.524378, 1044849059.793540
0.000643, 0.003802, 926818703.852417, 663899926.428190, 685806579.431599
0.000760, 0.003802, 926818703.852417, 663899926.429655, 685806579.431708
0.000877, 0.003802, 926818703.852416, 663899926.429381, 685806579.431622
0.000994, 0.003802, 926818703.852418, 663899926.429731, 685806579.431636
0.001112, 0.003802, 926818703.852425, 663899926.428738, 685806579.431680
0.001228, 0.003802, 840280939.600044, 649887904.516455, 672264112.363038
0.001345, 0.003802, 501145317.130206, 500849408.526272, 501925304.220957
0.001462, 0.003802, 500000000.000101, 500000000.000110, 499999999.999987
0.001579, 0.003802, 500000000.000098, 500000000.000112, 499999999.999987
0.001696, 0.003802, 500000000.000096, 500000000.000098, 499999999.999987
0.001813, 0.003802, 500000000.000102, 500000000.000097, 499999999.999987
0.001930, 0.003802, 500000000.000102, 500000000.000109, 499999999.999987
0.002048, 0.003802, 500000000.000098, 500000000.000097, 499999999.999987
0.002164, 0.003802, 500000000.000102, 500000000.000111, 499999999.999987
0.002282, 0.003802, 500000000.000093, 500000000.000098, 499999999.999988
0.002398, 0.003802, 500000000.000101, 500000000.000098, 499999999.999987
0.002515, 0.003802, 500000000.000093, 500000000.000100, 499999999.999987
0.002632, 0.003802, 500000000.000100, 500000000.000100, 499999999.999987
0.002749, 0.003802, 500000000.000103, 500000000.000099, 499999999.999988
0.002866, 0.003802, 500000000.000103, 500000000.000099, 499999999.999988
0.002983, 0.003802, 500000000.000099, 500000000.000096, 499999999.999987
0.003101, 0.003802, 504302343.735284, 505659696.759627, 506564023.422697
0.003217, 0.003802, 2216847436.047398, 1393162494.422172, 1456294173.366268
0.003335, 0.003802, 120000000000.053711, 120000000000.061951, 119999999999.969299
0.003451, 0.003802, 120000000000.052368, 120000000000.062057, 119999999999.980698
0.003569, 0.003802, 8441920793.818880, 3703505552.938040, 4215390158.224092
0.003685, 0.003802, 8222614987.413081, 2224769237.991690, 2496392638.254345
0.003802, 0.003802, 8222614987.413060, 2224769237.991691, 2496392638.254345
0.003919, 0.003802, 8222614987.413058, 2224769237.991692, 2496392638.254345
0.004037, 0.003802, 71211204800.700623, 3151936048.188263, 3574300717.960487
0.004153, 0.003802, 120000000000.054123, 120000000000.061539, 119999999999.969299
0.004270, 0.003802, 120000000000.053543, 120000000000.062027, 119999999999.980545
0.004388, 0.003802, 120000000000.053543, 120000000000.062393, 119999999999.980606
0.004504, 0.003802, 120000000000.054352, 120000000000.062149, 119999999999.980667
0.004622, 0.003802, 1361012288.752646, 1254578238.163636, 1324519007.174625
0.004738, 0.003802, 952982087.273407, 673820293.275509, 696483714.586578
0.004856, 0.003802, 952982087.273411, 673820293.275506, 696483714.586578
0.004972, 0.003802, 612186772.649765, 576419591.939159, 585318579.983057
0.005090, 0.003802, 500000000.000097, 500000000.000096, 499999999.999988
0.005206, 0.003802, 500000000.000101, 499999999.999744, 499999999.999987
0.005324, 0.003802, 1394702965.671571, 2746882076.938611, 1479957906.976418
0.005440, 0.003802, 2284124827.182262, 9805758310.241247, 2638423834.262852
0.005557, 0.003802, 500000000.000103, 500000000.000110, 499999999.999988
0.005675, 0.003802, 500000000.000096, 500000000.000100, 499999999.999987
0.005791, 0.003802, 500000000.000099, 500000000.000104, 499999999.999987
-0.005791, 0.003919, 500000000.000100, 500000000.000112, 499999999.999987
-0.005674, 0.003919, 1880931626.415236, 1775429817.952240, 1839925382.813765
-0.005557, 0.003919, 119529185249.126572, 117430977211.897736, 117625828330.474701
-0.005441, 0.003919, 2593025321.122226, 9600987303.148413, 3408551595.990495
-0.005324, 0.003919, 117377045805.135834, 106216551282.079300, 117489331688.650024
-0.005207, 0.003919, 108484815731.985489, 90151059492.487488, 54865614688.169090
-0.005089, 0.003919, 117276576269.116776, 105917868235.624161, 117414294270.113113
-0.004972, 0.003919, 116447619599.916672, 105860119336.618622, 117401826997.372559
-0.004855, 0.003919, 99364989340.874802, 93890830892.423569, 74235067021.418335
-0.004738, 0.003919, 114849995880.453613, 101701463970.339005, 75806460419.034241
-0.004621, 0.003919, 117897634194.287964, 106083305609.718826, 117469493482.377426
-0.004504, 0.003919, 16400555787.707970, 42772050139.000725, 13055395159.585537
-0.004387, 0.003919, 111252987742.017517, 52913875732.727013, 49696354084.821831
-0.004270, 0.003919, 2967104567.168102, 20070276797.228088, 4058155793.185381
-0.004154, 0.003919, 120000000000.053513, 120000000000.061249, 119999999999.980576
-0.004036, 0.003919, 119971632053.276245, 119966552857.010193, 119978789961.360535
-0.003920, 0.003919, 116461694570.041428, 116903118301.136124, 94627735183.630722
-0.003803, 0.003919, 3548900680.229084, 7296943238.500559, 4446850218.037064
-0.003686, 0.003919, 24813452428.179749, 24813452428.634243, 4617298613.175403
-0.003569, 0.003919, 120000000000.053009, 120000000000.061584, 119999999999.980499
-0.003452, 0.003919, 120000000000.053619, 120000000000.062347, 119999999999.980606
-0.003335, 0.003919, 2079364868.878552, 6700656884.692704, 2512786793.322522
-0.003218, 0.003919, 120000000000.053619, 120000000000.061935, 119999999999.980743
-0.003101, 0.003919, 1412774673.692920, 2928940647.366851, 1502263351.290426
-0.002984, 0.003919, 502342467.516437, 503357043.158437, 504488490.210900
-0.002867, 0.003919, 5295662464.839883, 2079763547.577093, 2240940252.686232
-0.002750, 0.003919, 3670773294.184000, 2992578109.339569, 3368006795.107380
-0.002633, 0.003919, 532385544.393747, 545149128.734929, 539091839.605312
-0.002516, 0.003919, 804638425.955216, 840711739.871107, 833521394.643376
-0.002399, 0.003919, 19768417086.896709, 7795151176.456754, 8184203909.837902
-0.002282, 0.003919, 780992194.107860, 812039870.513087, 803993806.482540
-0.002165, 0.003919, 559662725.330658, 567117015.487535, 569648970.864233
-0.002048, 0.003919, 38418682567.408012, 3216333522.775050, 3639032868.341887
-0.001931, 0.003919, 2118194075.908320, 1958062636.745880, 2075608871.366812
-0.001814, 0.003919, 500513277.315913, 500511488.251392, 501225370.611481
-0.001697, 0.003919, 1072811661.933251, 1109248507.516818, 1106650030.022018
-0.001580, 0.003919, 10896622649.927462, 6252797284.388083, 7026719661.742406
-0.001463, 0.003919, 891507671.811744, 1514398106.542348, 963013346.211764
-0.001345, 0.003919, 119999999999.961227, 120000000000.062424, 119999999999.980667
-0.001228, 0.003919, 120000000000.055054, 120000000000.062195, 119999999999.969254
-0.001112, 0.003919, 120000000000.055267, 120000000000.061691, 119999999999.969330
-0.000995, 0.003919, 119999999999.962448, 120000000000.062424, 119999999999.980545
-0.000878, 0.003919, 119999999999.961639, 120000000000.062027, 119999999999.969208
-0.000761, 0.003919, 120000000000.055176, 120000000000.062073, 119999999999.980621
-0.000644, 0.003919, 120000000000.054855, 120000000000.061981, 119999999999.980621
-0.000527, 0.003919, 1755611864.048697, 3106842671.784925, 1911130112.838748
-0.000410, 0.003919, 25851098498.373158, 7428744832.834829, 7969447392.102922
-0.000293, 0.003919, 1376935296.763071, 1131228423.434770, 1210954343.973954
-0.000176, 0.003919, 1251670214.434848, 764909618.755392, 811779577.474253
-0.000058, 0.003919, 994018082.368626, 691524855.328595, 721948841.569474
0.000058, 0.003919, 2844145648.341029, 1560864742.405817, 1723487980.193687
0.000175, 0.003919, 518239586.487002, 526407570.162387, 521943050.256616
0.000292, 0.003919, 7263467545.948704, 51752169909.399040, 11185512145.611814
0.000409, 0.003919, 120000000000.053864, 120000000000.063782, 119999999999.980530
0.000526, 0.003919, 120000000000.052094, 120000000000.062180, 119999999999.980301
0.000643, 0.003919, 120000000000.053055, 120000000000.062271, 119999999999.980728
0.000760, 0.003919, 120000000000.054398, 120000000000.062988, 119999999999.980576
0.000877, 0.003919, 117560199341.358505, 85207266648.450104, 110462131443.674988
0.000994, 0.003919, 120000000000.054611, 120000000000.062134, 119999999999.980667
0.001112, 0.003919, 120000000000.055222, 120000000000.062225, 119999999999.969284
0.001228, 0.003919, 119999999999.960892, 120000000000.062057, 119999999999.980499
0.001345, 0.003919, 920428130.341280, 1047325801.148014, 956781226.308733
0.001462, 0.003919, 500000000.000098, 500000000.000097, 499999999.999987
0.001579, 0.003919, 500000000.000097, 500000000.000108, 499999999.999987
0.001696, 0.003919, 500000000.000100, 500000000.000097, 499999999.999987
0.001813, 0.003919, 500437834.530562, 500511488.251393, 501225370.611524
0.001930, 0.003919, 2802347410.990492, 1958062637.165077, 2075608871.373607
0.002048, 0.003919, 4012138183.733712, 3216333522.482089, 3639032868.345675
0.002164, 0.003919, 539830457.534217, 553467633.285334, 547144933.345919
0.002282, 0.003919, 776693135.760340, 812039870.704916, 803993806.478610
0.002398, 0.003919, 21145044920.676346, 7795151176.198812, 8184203909.730602
0.002515, 0.003919, 810110360.771464, 840711739.715219, 833521394.648682
0.002632, 0.003919, 530705613.673193, 545149128.729802, 539091839.606581
0.002749, 0.003919, 35004255604.093719, 2992578109.645891, 3368006795.103069
0.002866, 0.003919, 2315205169.740213, 2079763547.191844, 2240940252.682799
0.002983, 0.003919, 502665547.765530, 503357043.160462, 504488490.210622
0.003101, 0.003919, 500000000.000097, 500000000.000101, 499999999.999987
0.003217, 0.003919, 504302343.735297, 505659696.759619, 506564023.422693
0.003335, 0.003919, 1931972157.413613, 1227790335.656276, 1292563282.623515
0.003451, 0.003919, 1942666175.988804, 1536422643.815181, 1659112219.533747
0.003569, 0.003919, 525517152.189557, 525517152.189380, 525822733.982493
0.003685, 0.003919, 500000000.000099, 500000000.000099, 499999999.999988
0.003802, 0.003919, 500000000.000099, 500000000.000103, 499999999.999988
0.003919, 0.003919, 500000000.000104, 500000000.000112, 499999999.999987
0.004037, 0.003919, 507306378.963721, 509415843.274136, 510167330.571810
0.004153, 0.003919, 2212583627.270391, 1182839380.597238, 1248067004.639564
0.004270, 0.003919, 5356834816.118631, 1760419493.781816, 1926833651.225059
0.004388, 0.003919, 5356834816.118690, 1760419493.781815, 1926833651.225059
0.004504, 0.003919, 1184339763.316449, 1053442189.533208, 1098475102.734461
0.004622, 0.003919, 510102747.330371, 515416241.801457, 515569911.351794
0.004738, 0.003919, 16582833933.096916, 2321410313.775409, 2542530000.102722
0.004856, 0.003919, 3176586688.354614, 2659777777.724894, 2957995378.964244
0.004972, 0.003919, 521108633.837109, 531870103.004074, 526845239.377781
0.005090, 0.003919, 860079435.562532, 897070467.038687, 891203890.810637
0.005206, 0.003919, 17562365331.805344, 7625053572.662751, 8085074896.079762
0.005324, 0.003919, 988341307.805809, 1053378375.402266, 1043761804.724507
0.005440, 0.003919, 891731069.716316, 829048772.613626, 847671674.428704
0.005557, 0.003919, 42056375513.799286, 3653005498.718637, 4169158403.906122
0.005675, 0.003919, 1805155379.474787, 1756305238.318451, 1805476646.595989
0.005791, 0.003919, 500000000.000102, 500000000.000108, 499999999.999987
-0.005791, 0.004037, 501918843.506005, 503684700.705986, 504301619.723122
-0.005674, 0.004037, 14922571769.442654, 7769974103.318292, 7634065412.513764
-0.005557, 0.004037, 70985431521.696335, 70985431521.699997, 96537602980.496628
-0.005441, 0.004037, 2465132552.573758, 13960686739.504532, 3256384439.521982
-0.005324, 0.004037, 45321818495.362671, 102366866927.710403, 23511155470.430000
-0.005207, 0.004037, 120000000000.054596, 120000000000.061661, 119999999999.980286
-0.005089, 0.004037, 36399932490.196709, 99493172615.559738, 23487753439.460823
-0.004972, 0.004037, 23873720761.694775, 101410942125.424835, 23414396880.204823
-0.004855, 0.004037, 120000000000.054596, 120000000000.061935, 119999999999.980606
-0.004738, 0.004037, 120000000000.053467, 119999999999.968933, 119999999999.980576
-0.004621, 0.004037, 55763441823.399368, 99776588851.192825, 23251678311.866089
-0.004504, 0.004037, 46209501362.630325, 26363708849.520382, 26969705820.896088
-0.004387, 0.004037, 120000000000.054657, 120000000000.062027, 119999999999.980728
-0.004270, 0.004037, 16199576672.140820, 86748115135.824631, 11394914033.867434
-0.004154, 0.004037, 3053610008.700320, 12201927126.074297, 3072524224.975896
-0.004036, 0.004037, 1029500162.996497, 1232312501.251509, 966545243.758176
-0.003920, 0.004037, 120000000000.054733, 120000000000.061691, 119999999999.980774
-0.003803, 0.004037, 2111623947.454571, 7514348751.395837, 2617873694.161722
-0.003686, 0.004037, 116309819473.859833, 53533826040.842171, 75408151225.856018
-0.003569, 0.004037, 120000000000.053757, 120000000000.061646, 119999999999.980621
-0.003452, 0.004037, 2435890626.747342, 2517453553.344637, 2814074273.389591
-0.003335, 0.004037, 36861566159.833801, 61292989688.537201, 5999323981.605789
-0.003218, 0.004037, 119999999999.960602, 119999999999.969330, 119999999999.980530
-0.003101, 0.004037, 3013685740.816164, 4422708462.912580, 3568529458.632988
-0.002984, 0.004037, 518238868.675184, 552463020.897069, 525894631.718603
-0.002867, 0.004037, 62609887240.293304, 12037030003.561123, 14215886720.254185
-0.002750, 0.004037, 119999999999.962799, 120000000000.062180, 119999999999.980301
-0.002633, 0.004037, 749139928.335546, 1451635004.462429, 772771513.785354
-0.002516, 0.004037, 1178917413.093511, 1695715310.211487, 1265281101.817352
-0.002399, 0.004037, 120000000000.053864, 119999999999.968811, 119999999999.980576
-0.002282, 0.004037, 1159112465.530699, 1911968911.447623, 1244203629.794672
-0.002165, 0.004037, 748427533.039458, 905270374.315483, 777005640.104038
-0.002048, 0.004037, 118772552699.323639, 68375675685.441177, 99132977899.681305
-0.001931, 0.004037, 8619597282.358425, 10040105110.285685, 11126779760.399485
-0.001814, 0.004037, 511138303.814337, 535684022.516299, 516828704.731558
-0.001697, 0.004037, 3474964869.694974, 57582291842.902229, 4035068581.782000
-0.001580, 0.004037, 120000000000.054520, 120000000000.062866, 119999999999.980728
-0.001463, 0.004037, 1273998400.258293, 3269846789.497881, 1454204226.189208
-0.001345, 0.004037, 119999999999.961105, 120000000000.062073, 119999999999.980698
-0.001228, 0.004037, 120000000000.053711, 120000000000.061859, 119999999999.969330
-0.001112, 0.004037, 120000000000.055618, 120000000000.062180, 119999999999.980652
-0.000995, 0.004037, 120000000000.054489, 120000000000.062317, 119999999999.980698
-0.000878, 0.004037, 119999999999.961182, 120000000000.062347, 119999999999.980621
-0.000761, 0.004037, 120000000000.053421, 120000000000.061859, 119999999999.980728
-0.000644, 0.004037, 120000000000.053711, 120000000000.062073, 119999999999.980728
-0.000527, 0.004037, 3409432381.714637, 16529329183.086594, 5027479700.275340
-0.000410, 0.004037, 120000000000.053131, 120000000000.062378, 119999999999.980423
-0.000293, 0.004037, 5098539914.272677, 3738763695.204454, 4214293432.463746
-0.000176, 0.004037, 26958851530.272030, 1828036096.132957, 1982037389.109558
-0.000058, 0.004037, 51477800695.482414, 29661408079.568569, 18751779816.124935
0.000058, 0.004037, 116946078255.379990, 113278744160.773285, 62742001112.625092
0.000175, 0.004037, 738962192.325866, 959259698.992166, 770062732.348946
0.000292, 0.004037, 7263467545.951012, 51752169909.398758, 11185512145.612255
0.000409, 0.004037, 120000000000.053909, 120000000000.062347, 119999999999.980499
0.000526, 0.004037, 120000000000.054031, 119999999999.968597, 119999999999.980606
0.000643, 0.004037, 120000000000.055023, 120000000000.062546, 119999999999.980652
0.000760, 0.004037, 120000000000.052948, 120000000000.062393, 119999999999.980606
0.000877, 0.004037, 1119089268.082238, 1840898903.931297, 1068627665.197464
0.000994, 0.004037, 2839672464.303123, 7960645316.127202, 2117854310.209054
0.001112, 0.004037, 120000000000.054855, 119999999999.968964, 119999999999.980408
0.001228, 0.004037, 119999999999.961624, 120000000000.061691, 119999999999.980545
0.001345, 0.004037, 1182159876.514710, 2572560868.801102, 1255663402.643630
0.001462, 0.004037, 500000000.000103, 500000000.000099, 499999999.999988
0.001579, 0.004037, 500000000.000099, 500000000.000098, 499999999.999987
0.001696, 0.004037, 500000000.000098, 500000000.000098, 499999999.999987
0.001813, 0.004037, 510882701.773781, 535684022.516843, 516828704.731567
0.001930, 0.004037, 41645753243.310310, 10040105110.287767, 11126779760.399609
0.002048, 0.004037, 120000000000.053253, 120000000000.062103, 119999999999.980606
0.002164, 0.004037, 678199265.279206, 969780420.124266, 703044832.986407
0.002282, 0.004037, 1111343314.372122, 1579808459.761862, 1188492653.498763
0.002398, 0.004037, 120000000000.053833, 120000000000.062302, 119999999999.980286
0.002515, 0.004037, 1174740293.322457, 1709837113.809188, 1266461726.513290
0.002632, 0.004037, 658612679.153946, 914889645.865826, 681812028.022612
0.002749, 0.004037, 120000000000.054535, 120000000000.062302, 119999999999.980255
0.002866, 0.004037, 10971744863.687185, 12037030003.559931, 14215886720.254318
0.002983, 0.004037, 518644972.222603, 552463020.896476, 525894631.718653
0.003101, 0.004037, 500000000.000099, 500000000.000096, 499999999.999988
0.003217, 0.004037, 500000000.000100, 500000000.000097, 499999999.999987
0.003335, 0.004037, 500000000.000097, 500000000.000097, 499999999.999988
0.003451, 0.004037, 500000000.000100, 500000000.000098, 499999999.999987
0.003569, 0.004037, 500000000.000101, 500000000.000099, 499999999.999987
0.003685, 0.004037, 500000000.000099, 500000000.000106, 499999999.999987
0.003802, 0.004037, 500000000.000098, 500000000.000108, 499999999.999987
0.003919, 0.004037, 500000000.000097, 500000000.000111, 499999999.999987
0.004037, 0.004037, 500000000.000103, 500000000.000112, 499999999.999987
0.004153, 0.004037, 500000000.000102, 500000000.000110, 499999999.999988
0.004270, 0.004037, 500000000.000095, 500000000.000097, 499999999.999987
0.004388, 0.004037, 500000000.000099, 500000000.000099, 499999999.999987
0.004504, 0.004037, 500000000.000104, 500000000.000098, 499999999.999987
0.004622, 0.004037, 533895962.559227, 585577390.000919, 544884261.872107
0.004738, 0.004037, 95781390057.455322, 16112798803.185549, 20461481333.669552
0.004856, 0.004037, 23912128876.740883, 23912128876.740807, 31936029102.533993
0.004972, 0.004037, 558559814.965615, 630121327.421273, 573200954.461695
0.005090, 0.004037, 1310105310.150737, 1937537385.652107, 1416509221.536564
0.005206, 0.004037, 120000000000.054565, 120000000000.061813, 119999999999.980530
0.005324, 0.004037, 1012558608.234766, 1393858261.103705, 1078856577.189658
0.005440, 0.004037, 626226418.059601, 740414611.419874, 648850728.989637
0.005557, 0.004037, 117877911801.218918, 70985431521.697311, 96537602980.496979
0.005675, 0.004037, 5982221581.847887, 7769974103.316891, 7634065412.513758
0.005791, 0.004037, 502053827.819633, 503684700.705924, 504301619.723116
-0.005791, 0.004153, 500000000.000099, 500000000.000105, 499999999.999987
-0.005674, 0.004153, 606696693.013516, 583180348.407909, 595438895.137240
-0.005557, 0.004153, 767728441.689588, 653733742.502491, 678047782.237207
-0.005441, 0.004153, 5265881166.389924, 36456465848.611664, 6897636635.115856
-0.005324, 0.004153, 120000000000.053757, 120000000000.062759, 119999999999.980499
-0.005207, 0.004153, 97349909244.631546, 79176530612.063980, 23603938854.990528
-0.005089, 0.004153, 120000000000.054733, 120000000000.062256, 119999999999.980621
-0.004972, 0.004153, 119999999999.961273, 120000000000.061768, 119999999999.980408
-0.004855, 0.004153, 31975965471.136852, 84153362442.779312, 31756909230.918797
-0.004738, 0.004153, 110488052615.614380, 95256819078.557556, 46822572467.843872
-0.004621, 0.004153, 119999999999.960602, 120000000000.061783, 119999999999.969254
-0.004504, 0.004153, 73498331656.395432, 84248192889.075394, 18162489425.251896
-0.004387, 0.004153, 37691240408.640327, 24113070636.511181, 13245754016.982540
-0.004270, 0.004153, 97636499404.287933, 108421363968.876877, 82282618017.271866
-0.004154, 0.004153, 45813011294.396019, 115311266041.834412, 64808812204.671936
-0.004036, 0.004153, 69681281842.483032, 35199396081.349869, 5871198844.861006
-0.003920, 0.004153, 5973718079.779208, 5973670668.999907, 6826813050.573739
-0.003803, 0.004153, 615700540.154720, 615699258.989629, 623290494.489288
-0.003686, 0.004153, 810913337.504940, 792157503.519744, 811510159.423089
-0.003569, 0.004153, 1449007373.375909, 1038349393.370983, 1094522108.345876
-0.003452, 0.004153, 597616442.512700, 658867826.986616, 610459598.573104
-0.003335, 0.004153, 79191928595.151169, 8094645376.707388, 9517270439.851002
-0.003218, 0.004153, 4508813360.278421, 4508813360.278338, 5047017002.170406
-0.003101, 0.004153, 589101622.935907, 589101622.935463, 594231706.942719
-0.002984, 0.004153, 500000000.000093, 500000000.000111, 499999999.999987
-0.002867, 0.004153, 632149638.176362, 598706145.437463, 613807390.805831
-0.002750, 0.004153, 1264877902.094932, 761867525.461572, 782583606.078452
-0.002633, 0.004153, 7156584280.221704, 2370805455.241641, 2158994848.408298
-0.002516, 0.004153, 2280773006.472323, 1349137392.390940, 1486260674.520899
-0.002399, 0.004153, 1819458193.946726, 1037068875.854369, 1107142844.028282
-0.002282, 0.004153, 605306179.577910, 611219475.685551, 610449085.006361
-0.002165, 0.004153, 500000000.000097, 500000000.000101, 499999999.999988
-0.002048, 0.004153, 702496649.880298, 641838925.757060, 664265827.801449
-0.001931, 0.004153, 682679863.901800, 655426199.800794, 662345471.681829
-0.001814, 0.004153, 34041052429.510609, 2334470139.824681, 2658578903.715944
-0.001697, 0.004153, 1700492283.099512, 1693332157.545823, 1545618726.293895
-0.001580, 0.004153, 922662803.179207, 711831521.503403, 743640141.348457
-0.001463, 0.004153, 644867631.217276, 875542147.180872, 667572780.038408
-0.001345, 0.004153, 120000000000.053055, 120000000000.062134, 119999999999.980576
-0.001228, 0.004153, 120000000000.054764, 120000000000.062027, 119999999999.969254
-0.001112, 0.004153, 120000000000.053925, 120000000000.061569, 119999999999.980286
-0.000995, 0.004153, 120000000000.054230, 120000000000.062912, 119999999999.980789
-0.000878, 0.004153, 17188160121.904964, 17188160121.906906, 21984219071.995090
-0.000761, 0.004153, 35928425834.369270, 2972593429.115365, 3026615223.326057
-0.000644, 0.004153, 120000000000.053513, 119999999999.969162, 119999999999.980652
-0.000527, 0.004153, 9057172937.472742, 58088927018.974060, 9873233786.574707
-0.000410, 0.004153, 32295750969.336632, 3517360122.513532, 5202910428.607805
-0.000293, 0.004153, 7547679245.666704, 2423205086.083338, 2940450571.285286
-0.000176, 0.004153, 7647409940.762566, 2138483393.713491, 2386190621.526653
-0.000058, 0.004153, 13815156418.158009, 2532487010.139841, 3300518664.251172
0.000058, 0.004153, 16166026986.856380, 2603312284.146130, 3393969675.588540
0.000175, 0.004153, 744574909.371753, 726740086.997179, 740700759.250211
0.000292, 0.004153, 6755173839.335485, 20198812164.360958, 9584576333.394402
0.000409, 0.004153, 120000000000.053055, 120000000000.062027, 119999999999.980774
0.000526, 0.004153, 119999999999.960693, 119999999999.968750, 119999999999.980621
0.000643, 0.004153, 120000000000.053467, 119999999999.969086, 119999999999.968933
0.000760, 0.004153, 120000000000.054230, 120000000000.062347, 119999999999.980530
0.000877, 0.004153, 13762238631.147614, 67943416786.431206, 9282907902.357664
0.000994, 0.004153, 112402022886.783463, 112402022886.842682, 45364309676.645988
0.001112, 0.004153, 120000000000.054245, 119999999999.969116, 119999999999.980667
0.001228, 0.004153, 120000000000.054642, 119999999999.969040, 119999999999.980652
0.001345, 0.004153, 1182159876.514708, 2572560868.801105, 1255663402.643510
0.001462, 0.004153, 500000000.000101, 500000000.000111, 499999999.999988
0.001579, 0.004153, 500000000.000100, 500000000.000100, 499999999.999988
0.001696, 0.004153, 500000000.000094, 500000000.000113, 499999999.999988
0.001813, 0.004153, 500000000.000097, 500000000.000109, 499999999.999987
0.001930, 0.004153, 621496459.063242, 592417931.805717, 606392001.839399
0.002048, 0.004153, 1254345748.060170, 786928116.241895, 819149000.691162
0.002164, 0.004153, 935082412.645662, 1296067551.290898, 784180539.229665
0.002282, 0.004153, 530839707.616140, 535758204.805576, 536274650.254516
0.002398, 0.004153, 2532176424.300951, 1991870047.523098, 1620595304.906107
0.002515, 0.004153, 541934613.742318, 542035616.774483, 543884544.471876
0.002632, 0.004153, 816072207.828866, 1204648875.355114, 821865923.174678
0.002749, 0.004153, 1234992412.529151, 787992520.090202, 819933496.032082
0.002866, 0.004153, 648246914.640790, 598706145.437203, 613807390.806011
0.002983, 0.004153, 500000000.000092, 500000000.000111, 499999999.999987
0.003101, 0.004153, 500000000.000100, 500000000.000111, 499999999.999987
0.003217, 0.004153, 500000000.000097, 500000000.000101, 499999999.999988
0.003335, 0.004153, 500000000.000096, 499999999.999754, 499999999.999987
0.003451, 0.004153, 500000000.000100, 500000000.000102, 499999999.999987
0.003569, 0.004153, 500000000.000102, 500000000.000110, 499999999.999987
0.003685, 0.004153, 500000000.000093, 500000000.000106, 499999999.999987
0.003802, 0.004153, 500000000.000097, 500000000.000098, 499999999.999987
0.003919, 0.004153, 500000000.000100, 500000000.000097, 499999999.999987
0.004037, 0.004153, 500000000.000101, 500000000.000098, 499999999.999987
0.004153, 0.004153, 500000000.000101, 500000000.000103, 499999999.999988
0.004270, 0.004153, 500000000.000101, 500000000.000101, 499999999.999987
0.004388, 0.004153, 500000000.000101, 500000000.000098, 499999999.999987
0.004504, 0.004153, 500000000.000097, 500000000.000111, 499999999.999988
0.004622, 0.004153, 500000000.000103, 500000000.000099, 499999999.999926
0.004738, 0.004153, 649648086.292881, 609183011.883646, 626170669.371166
0.004856, 0.004153, 694554238.476536, 622749951.008026, 642083969.789159
0.004972, 0.004153, 500000000.000099, 500000000.000110, 499999999.999987
0.005090, 0.004153, 530414102.683180, 531519922.056007, 533877360.069496
0.005206, 0.004153, 972150087.200336, 708729448.262558, 738177668.669597
0.005324, 0.004153, 517967627.776985, 517616360.643834, 518245491.087165
0.005440, 0.004153, 499999999.999743, 500000000.000113, 499999999.999987
0.005557, 0.004153, 722175040.119880, 653733742.502799, 678047782.237799
0.005675, 0.004153, 620364592.818697, 583180348.407701, 595438895.137600
0.005791, 0.004153, 500000000.000102, 500000000.000108, 499999999.999987
-0.005791, 0.004270, 500000000.000103, 500000000.000100, 499999999.999987
-0.005674, 0.004270, 754906126.109992, 715506128.925840, 739953911.237739
-0.005557, 0.004270, 1140083035.289538, 891050235.704112, 940165958.133903
-0.005441, 0.004270, 4577272060.643036, 10630787996.112906, 6110543937.938717
-0.005324, 0.004270, 120000000000.054718, 120000000000.062439, 119999999999.980576
-0.005207, 0.004270, 96649613858.228027, 76129230116.881561, 24009516134.199921
-0.005089, 0.004270, 120000000000.054123, 120000000000.063278, 119999999999.980652
-0.004972, 0.004270, 120000000000.054443, 120000000000.062744, 119999999999.980255
-0.004855, 0.004270, 120000000000.053497, 120000000000.062027, 119999999999.980698
-0.004738, 0.004270, 120000000000.054855, 120000000000.063461, 119999999999.980743
-0.004621, 0.004270, 120000000000.053757, 120000000000.062271, 119999999999.980484
-0.004504, 0.004270, 120000000000.054199, 120000000000.062149, 119999999999.980606
-0.004387, 0.004270, 99137088297.966324, 74862439065.629257, 23892654899.984997
-0.004270, 0.004270, 120000000000.053436, 119999999999.969284, 119999999999.980652
-0.004154, 0.004270, 6154288596.926116, 4181498015.128036, 5783443040.937696
-0.004036, 0.004270, 14681344719.946095, 2458746302.042916, 3266757386.886064
-0.003920, 0.004270, 1036579103.079860, 859962243.050988, 904053268.554762
-0.003803, 0.004270, 499999999.999739, 500000000.000102, 499999999.999987
-0.003686, 0.004270, 691170396.361688, 668616552.581239, 687285390.864895
-0.003569, 0.004270, 1300550408.371422, 940735447.921914, 995657335.738315
-0.003452, 0.004270, 516613109.074899, 513359952.243408, 517140294.933988
-0.003335, 0.004270, 597279731.280751, 565138171.235586, 582549866.791058
-0.003218, 0.004270, 2278540773.462906, 1074829352.650755, 1178234286.769916
-0.003101, 0.004270, 636530276.455283, 619867387.575334, 633075660.141568
-0.002984, 0.004270, 500000000.000102, 500000000.000100, 499999999.999987
-0.002867, 0.004270, 812121619.064939, 754928882.858301, 785096346.225565
-0.002750, 0.004270, 1030567734.394189, 847471051.628364, 890778574.476544
-0.002633, 0.004270, 607759165.278155, 655919952.593457, 626222509.723988
-0.002516, 0.004270, 6273019210.253041, 2738278592.605812, 3289681814.252923
-0.002399, 0.004270, 556125039.607662, 599380545.117612, 566823116.450072
-0.002282, 0.004270, 689261088.855673, 710739562.839496, 706751506.427966
-0.002165, 0.004270, 2261620467.651639, 1440959677.674184, 1568615356.020556
-0.002048, 0.004270, 2099766576.217365, 966161082.558945, 1005139525.962361
-0.001931, 0.004270, 867133478.894388, 813165848.942440, 822727552.292395
-0.001814, 0.004270, 2906252821.377295, 1273328074.931213, 1376815243.712972
-0.001697, 0.004270, 786193048.602902, 804722979.431584, 803622797.483777
-0.001580, 0.004270, 1481008247.879566, 977992033.836532, 1036145869.648247
-0.001463, 0.004270, 691353230.296368, 952498257.818580, 718566215.333090
-0.001345, 0.004270, 120000000000.054321, 120000000000.061661, 119999999999.980728
-0.001228, 0.004270, 120000000000.053955, 120000000000.061905, 119999999999.980606
-0.001112, 0.004270, 120000000000.054031, 120000000000.062103, 119999999999.980652
-0.000995, 0.004270, 120000000000.055222, 120000000000.061951, 119999999999.980728
-0.000878, 0.004270, 3637773241.610554, 47455905767.254059, 3805634258.060335
-0.000761, 0.004270, 1711223617.580249, 1354544355.945883, 1106604959.095369
-0.000644, 0.004270, 120000000000.053543, 120000000000.062180, 119999999999.969330
-0.000527, 0.004270, 95306747021.363464, 112575284172.721268, 115398825317.370667
-0.000410, 0.004270, 101882733970.093246, 28170966894.394943, 14260494167.755640
-0.000293, 0.004270, 68619341323.249176, 12710201702.839699, 11693426481.712961
-0.000176, 0.004270, 9237940743.550270, 3701118262.899032, 5010425786.271656
-0.000058, 0.004270, 73107339347.970810, 20775800236.841503, 11053363531.213667
0.000058, 0.004270, 56152246954.299042, 25110454259.968788, 12487415059.485453
0.000175, 0.004270, 13230650682.630709, 96837739844.683258, 16426935917.309429
0.000292, 0.004270, 1401592836.426484, 1355906340.371272, 1492138193.683326
0.000409, 0.004270, 30026185138.896587, 3310757180.577031, 4722679905.240652
0.000526, 0.004270, 32772671697.123486, 5314382565.836624, 6682144207.692687
0.000643, 0.004270, 31196022083.422607, 70600081135.732101, 52690071933.121048
0.000760, 0.004270, 86241830226.863541, 17828277203.683464, 13072264204.842039
0.000877, 0.004270, 57076608525.173882, 17075720829.543524, 12810473780.387375
0.000994, 0.004270, 120000000000.053864, 120000000000.061935, 119999999999.980728
0.001112, 0.004270, 120000000000.053833, 120000000000.062225, 119999999999.980499
0.001228, 0.004270, 120000000000.053909, 120000000000.062271, 119999999999.980606
0.001345, 0.004270, 1182159876.514708, 2572560868.801136, 1255663402.643581
0.001462, 0.004270, 500000000.000104, 500000000.000097, 499999999.999987
0.001579, 0.004270, 500000000.000102, 500000000.000110, 499999999.999988
0.001696, 0.004270, 500000000.000100, 500000000.000096, 499999999.999987
0.001813, 0.004270, 500000000.000098, 500000000.000117, 499999999.999987
0.001930, 0.004270, 821159440.256896, 750278780.235450, 784425916.046329
0.002048, 0.004270, 1070081308.910997, 864216560.713492, 909597857.804933
0.002164, 0.004270, 677812394.109404, 1628018945.074370, 728652245.988696
0.002282, 0.004270, 500000000.000100, 500000000.000100, 499999999.999987
0.002398, 0.004270, 673849083.546430, 1654743022.355760, 721261671.750777
0.002515, 0.004270, 738623032.465077, 794762132.661601, 777544520.926680
0.002632, 0.004270, 529295252.409692, 529295252.409337, 530953433.924654
0.002749, 0.004270, 1017922294.314087, 847471051.757607, 890778574.487633
0.002866, 0.004270, 847586347.873507, 754928882.667230, 785096346.205258
0.002983, 0.004270, 500000000.000097, 500000000.000106, 499999999.999988
0.003101, 0.004270, 629140433.796507, 619867387.635468, 633075660.144190
0.003217, 0.004270, 1526725651.693383, 984819492.908811, 1043250729.183908
0.003335, 0.004270, 538143006.132428, 533197747.336590, 538842950.962321
0.003451, 0.004270, 513359952.240967, 513359952.242564, 517140294.934351
0.003569, 0.004270, 1757182695.101554, 940735448.135928, 995657335.753356
0.003685, 0.004270, 704683933.884781, 668616552.471495, 687285390.860813
0.003802, 0.004270, 500000000.000101, 500000000.000111, 499999999.999987
0.003919, 0.004270, 717790929.568668, 688563883.266984, 709624990.642508
0.004037, 0.004270, 1225547855.351505, 919600913.084385, 972061137.981314
0.004153, 0.004270, 511135545.377198, 508721070.685668, 511839185.465235
0.004270, 0.004270, 543099258.656782, 543099258.657605, 549369461.793072
0.004388, 0.004270, 1837240012.798995, 993730205.922830, 1051939256.614433
0.004504, 0.004270, 617879638.654487, 605199400.324089, 616822116.434453
0.004622, 0.004270, 500000000.000101, 500000000.000109, 499999999.999987
0.004738, 0.004270, 855969482.435692, 783658707.758473, 818160353.272458
0.004856, 0.004270, 970388759.904048, 819337650.175354, 858826524.421241
0.004972, 0.004270, 500000000.000098, 500000000.000101, 499999999.999988
0.005090, 0.004270, 591933454.644298, 588576736.480158, 598524550.289720
0.005206, 0.004270, 1667533560.146670, 999089070.822083, 1057157373.011744
0.005324, 0.004270, 561793754.270336, 556629969.464514, 563769211.181316
0.005440, 0.004270, 504405991.137162, 504405991.137118, 506701540.954764
0.005557, 0.004270, 1366274346.276879, 890691501.875929, 939542674.561515
0.005675, 0.004270, 779112888.450523, 715506128.812959, 739953911.228778
0.005791, 0.004270, 500000000.000102, 500000000.000111, 499999999.999988
-0.005791, 0.004388, 501929463.005132, 503555431.599799, 504327581.100360
-0.005674, 0.004388, 49191627642.952408, 55679258614.197754, 18081252072.962040
-0.005557, 0.004388, 119999999999.960892, 120000000000.061890, 119999999999.980545
-0.005441, 0.004388, 3269644129.673766, 25622773068.011723, 4653046304.588652
-0.005324, 0.004388, 75845938007.509430, 94826316738.355499, 23754636224.210854
-0.005207, 0.004388, 120000000000.055099, 120000000000.062866, 119999999999.980728
-0.005089, 0.004388, 66737820071.921555, 92157474074.116455, 23664419692.396481
-0.004972, 0.004388, 120000000000.054520, 120000000000.061646, 119999999999.980499
-0.004855, 0.004388, 1704472874.165177, 2720095954.986695, 1734576051.617482
-0.004738, 0.004388, 1761891189.827935, 2200782683.426283, 1494569177.220192
-0.004621, 0.004388, 120000000000.053024, 120000000000.062149, 119999999999.980606
-0.004504, 0.004388, 79637800138.729843, 88295088707.163101, 23619298778.689537
-0.004387, 0.004388, 120000000000.054611, 120000000000.061859, 119999999999.980545
-0.004270, 0.004388, 72913401174.643219, 95474066322.033417, 23892654899.985027
-0.004154, 0.004388, 2944441642.954339, 20821838818.028713, 3940405568.200427
-0.004036, 0.004388, 119999999999.960892, 120000000000.061462, 119999999999.980652
-0.003920, 0.004388, 5551871446.330837, 28054467308.614338, 7802298701.798318
-0.003803, 0.004388, 500000000.000102, 500000000.000099, 499999999.999987
-0.003686, 0.004388, 4182137634.073251, 17306068285.490341, 4805068149.508843
-0.003569, 0.004388, 120000000000.054810, 120000000000.062302, 119999999999.980728
-0.003452, 0.004388, 751202509.856192, 1116785221.591274, 784891308.015630
-0.003335, 0.004388, 916072402.994713, 1590229604.090624, 965548369.288861
-0.003218, 0.004388, 119999999999.961548, 119999999999.969162, 119999999999.980652
-0.003101, 0.004388, 1991249452.796199, 6461061050.382621, 2266788500.227042
-0.002984, 0.004388, 521732157.716929, 545194076.299219, 531265854.120143
-0.002867, 0.004388, 103964628154.558411, 116721240466.989243, 73643043089.546738
-0.002750, 0.004388, 120000000000.053009, 119999999999.968842, 119999999999.980576
-0.002633, 0.004388, 3503864016.422668, 14345620569.497469, 4195324184.053896
-0.002516, 0.004388, 500000000.000093, 500000000.000099, 499999999.999987
-0.002399, 0.004388, 500000000.000102, 500000000.000110, 499999999.999988
-0.002282, 0.004388, 692674081.976686, 732715235.158642, 710735333.450451
-0.002165, 0.004388, 76898975690.652756, 3411164845.478961, 4052408271.017569
-0.002048, 0.004388, 120000000000.053375, 119999999999.969086, 119999999999.980606
-0.001931, 0.004388, 25577757449.997196, 97535464857.494675, 43969960483.039040
-0.001814, 0.004388, 512205216.696117, 525746662.815544, 518511092.171557
-0.001697, 0.004388, 2290682880.359871, 7730983226.391727, 2558186155.011056
-0.001580, 0.004388, 120000000000.053680, 120000000000.061951, 119999999999.980530
-0.001463, 0.004388, 1421532307.595994, 6406482441.989710, 1638032592.681781
-0.001345, 0.004388, 120000000000.052811, 120000000000.061905, 119999999999.980743
-0.001228, 0.004388, 120000000000.053635, 120000000000.062149, 119999999999.980499
-0.001112, 0.004388, 98290148562.431137, 14484766673.872843, 18205713775.010963
-0.000995, 0.004388, 120000000000.055374, 119999999999.968719, 119999999999.980667
-0.000878, 0.004388, 120000000000.054413, 120000000000.061951, 119999999999.980652
-0.000761, 0.004388, 120000000000.053543, 120000000000.062057, 119999999999.980728
-0.000644, 0.004388, 120000000000.054855, 120000000000.063644, 119999999999.980331
-0.000527, 0.004388, 17402352707.662170, 63668301290.253479, 15368263390.496292
-0.000410, 0.004388, 120000000000.054733, 120000000000.062103, 119999999999.980728
-0.000293, 0.004388, 2517964419.464124, 8911887336.519346, 3033608113.794933
-0.000176, 0.004388, 2636505960.842614, 10360551688.173168, 2968722888.518460
-0.000058, 0.004388, 120000000000.054520, 120000000000.061539, 119999999999.980255
0.000058, 0.004388, 120000000000.053345, 119999999999.969238, 119999999999.980606
0.000175, 0.004388, 12833730454.117319, 70460498899.326767, 12382542837.892179
0.000292, 0.004388, 2456691033.247809, 13038656165.832201, 3200248370.027826
0.000409, 0.004388, 120000000000.054474, 120000000000.062271, 119999999999.980728
0.000526, 0.004388, 3311279414.640043, 26614119293.780945, 4765884203.474419
0.000643, 0.004388, 18744730474.639435, 22604769527.098904, 14585329255.286716
0.000760, 0.004388, 120000000000.053391, 120000000000.061661, 119999999999.980484
0.000877, 0.004388, 34711968583.091553, 109493259764.466553, 82568121850.537994
0.000994, 0.004388, 34682867378.010727, 11782757434.858393, 9157256161.509674
0.001112, 0.004388, 120000000000.054413, 120000000000.061661, 119999999999.980484
0.001228, 0.004388, 120000000000.053635, 120000000000.062180, 119999999999.980667
0.001345, 0.004388, 1182159876.514710, 2572560868.801142, 1255663402.643458
0.001462, 0.004388, 500000000.000097, 500000000.000111, 499999999.999987
0.001579, 0.004388, 500000000.000100, 500000000.000114, 499999999.999988
0.001696, 0.004388, 688851526.293991, 645009119.052283, 671590731.250925
0.001813, 0.004388, 9877687126.971342, 917134246.110066, 978513304.668451
0.001930, 0.004388, 119048660758.180695, 119048622479.833435, 114132285903.631149
0.002048, 0.004388, 120000000000.054779, 120000000000.062515, 119999999999.980728
0.002164, 0.004388, 923680756.861637, 3270988158.877509, 1059928495.910566
0.002282, 0.004388, 500000000.000097, 500000000.000099, 499999999.999987
0.002398, 0.004388, 673849083.546378, 1654743022.355762, 721261671.750793
0.002515, 0.004388, 672299511.925454, 1302129271.689878, 719688857.850888
0.002632, 0.004388, 619731462.333926, 760175946.548633, 642512922.986179
0.002749, 0.004388, 120000000000.054245, 120000000000.063538, 119999999999.980698
0.002866, 0.004388, 44920829247.518173, 116721240466.959351, 73643043089.436234
0.002983, 0.004388, 522042046.314116, 545194076.306979, 531265854.118337
0.003101, 0.004388, 2045654558.354814, 6461061050.388384, 2266788500.267645
0.003217, 0.004388, 120000000000.054169, 120000000000.062073, 119999999999.980606
0.003335, 0.004388, 948972547.732703, 1965087295.870384, 1005177265.578982
0.003451, 0.004388, 774447534.004439, 1282870807.898045, 810762578.353230
0.003569, 0.004388, 120000000000.054352, 120000000000.061493, 119999999999.980789
0.003685, 0.004388, 3780852964.212355, 17306068285.484718, 4805068149.465346
0.003802, 0.004388, 500000000.000099, 500000000.000099, 499999999.999988
0.003919, 0.004388, 7172945296.489602, 28054467308.624699, 7802298701.868460
0.004037, 0.004388, 120000000000.053802, 120000000000.062149, 119999999999.980652
0.004153, 0.004388, 706101680.393826, 992773947.761306, 735642067.619917
0.004270, 0.004388, 1006698891.569071, 2014002601.996190, 1066464787.203643
0.004388, 0.004388, 120000000000.053864, 120000000000.062347, 119999999999.969254
0.004504, 0.004388, 1702839663.007153, 4913499233.874468, 1901761811.314760
0.004622, 0.004388, 550786864.140998, 607197296.998464, 565175268.980740
0.004738, 0.004388, 118120911977.572083, 119364636883.351852, 117222917011.556870
0.004856, 0.004388, 119998388866.254440, 119998423795.402954, 119998478044.920578
0.004972, 0.004388, 574912880.722466, 667391072.176843, 593563817.726376
0.005090, 0.004388, 1469910347.036621, 3689474338.526573, 1593550316.383993
0.005206, 0.004388, 120000000000.054077, 120000000000.062073, 119999999999.980286
0.005324, 0.004388, 1101121829.951111, 2224801764.242464, 1178480495.070204
0.005440, 0.004388, 658753831.926689, 861925752.101536, 684093634.436982
0.005557, 0.004388, 120000000000.053299, 120000000000.062103, 119999999999.980576
0.005675, 0.004388, 11329991050.675119, 55679258614.155548, 18081252072.550171
0.005791, 0.004388, 502077484.270047, 503555431.599775, 504327581.100368
-0.005791, 0.004504, 500163840.643944, 500163840.643933, 500508159.713002
-0.005674, 0.004504, 2494120751.722738, 1200636662.810281, 1299787783.466841
-0.005557, 0.004504, 13377984420.775894, 2994769939.214297, 4336443776.826646
-0.005441, 0.004504, 32698556836.061810, 61703419319.828766, 7792497094.785810
-0.005324, 0.004504, 120000000000.053558, 120000000000.061737, 119999999999.980499
-0.005207, 0.004504, 89147569417.987305, 63763061385.139153, 23402487695.436588
-0.005089, 0.004504, 120000000000.053864, 120000000000.062271, 119999999999.969254
-0.004972, 0.004504, 120000000000.054047, 120000000000.061768, 119999999999.980621
-0.004855, 0.004504, 6679375761.155985, 70595024610.645065, 7726138952.806625
-0.004738, 0.004504, 60433826955.549782, 56808599068.870438, 5916352450.641041
-0.004621, 0.004504, 120000000000.053833, 120000000000.062271, 119999999999.980408
-0.004504, 0.004504, 120000000000.054779, 120000000000.063660, 119999999999.980576
-0.004387, 0.004504, 90522714432.877060, 62945630393.181198, 23619298778.689964
-0.004270, 0.004504, 120000000000.053619, 120000000000.063202, 119999999999.980698
-0.004154, 0.004504, 1125525718.202321, 1827889246.925372, 1201773302.736264
-0.004036, 0.004504, 5547099113.272447, 1500432684.581905, 1655241962.615250
-0.003920, 0.004504, 1018296456.485072, 950266555.864516, 971701163.954209
-0.003803, 0.004504, 500000000.000100, 500000000.000110, 499999999.999987
-0.003686, 0.004504, 910282997.466923, 898929829.556226, 913489538.989439
-0.003569, 0.004504, 2573825864.014577, 1559100750.131838, 1727928638.724195
-0.003452, 0.004504, 549877456.251176, 559048180.660790, 554112287.003446
-0.003335, 0.004504, 586607577.418844, 599339811.588397, 597052474.700895
-0.003218, 0.004504, 5151054077.715687, 1678599425.845818, 1874186770.236555
-0.003101, 0.004504, 787842753.246509, 781008667.909650, 786884967.636864
-0.002984, 0.004504, 500000000.000097, 500000000.000107, 499999999.999986
-0.002867, 0.004504, 1248289276.547654, 1111528608.923208, 1178373048.338064
-0.002750, 0.004504, 1999611112.453812, 1349185540.984003, 1472552089.997019
-0.002633, 0.004504, 912673113.769426, 780833111.997694, 805632224.409839
-0.002516, 0.004504, 500000000.000099, 500000000.000109, 499999999.999988
-0.002399, 0.004504, 500000000.000095, 500000000.000101, 499999999.999987
-0.002282, 0.004504, 500000000.000103, 500000000.000110, 499999999.999987
-0.002165, 0.004504, 518347042.313893, 527208421.854875, 523757811.639672
-0.002048, 0.004504, 4796839582.012717, 1361068122.695339, 1483434040.612510
-0.001931, 0.004504, 1229067854.063583, 1073416413.207076, 1127996175.166138
-0.001814, 0.004504, 500000000.000102, 500000000.000095, 499999999.999987
-0.001697, 0.004504, 1189821297.885131, 2098705591.611906, 1227635745.950543
-0.001580, 0.004504, 22632074046.256119, 69780907813.227386, 41697453315.267052
-0.001463, 0.004504, 772559535.183699, 1215308934.244839, 818164960.064913
-0.001345, 0.004504, 119999999999.960114, 119999999999.968475, 119999999999.980621
-0.001228, 0.004504, 9392262414.309530, 85321318434.004715, 11016622694.543125
-0.001112, 0.004504, 710669591.051986, 715114616.806436, 715928921.356603
-0.000995, 0.004504, 115978244553.791946, 115685464334.700470, 80519868571.103729
-0.000878, 0.004504, 120000000000.053909, 120000000000.063690, 119999999999.980621
-0.000761, 0.004504, 120000000000.054642, 120000000000.061859, 119999999999.980286
-0.000644, 0.004504, 120000000000.055344, 120000000000.062347, 119999999999.980774
-0.000527, 0.004504, 118956304583.851425, 119355750632.709991, 119488836917.256836
-0.000410, 0.004504, 94394277816.848190, 29514642348.856598, 14235634592.647449
-0.000293, 0.004504, 12426883200.398567, 11951155007.168938, 6395997854.742064
-0.000176, 0.004504, 4491185315.893517, 2407588558.415926, 3104591414.214289
-0.000058, 0.004504, 82953961583.838196, 11058144660.813229, 9342549553.031687
0.000058, 0.004504, 52400786764.561218, 26749728355.221523, 12591670720.237335
0.000175, 0.004504, 14118154432.663593, 107274826141.415863, 21741296051.275486
0.000292, 0.004504, 4561885609.230053, 15622662881.037443, 5985557690.504538
0.000409, 0.004504, 6665310246.697893, 4344724166.570622, 5480744344.401969
0.000526, 0.004504, 1723908848.656288, 1688725357.796004, 1503306001.302586
0.000643, 0.004504, 43217048683.108170, 20378320225.913746, 19652078959.545246
0.000760, 0.004504, 35835424537.967064, 10184401609.155598, 8344401363.435366
0.000877, 0.004504, 119799878996.180573, 118398425049.620941, 119858256635.573898
0.000994, 0.004504, 2269433155.755068, 3807573409.692702, 3113943791.749216
0.001112, 0.004504, 120000000000.053864, 120000000000.062027, 119999999999.969299
0.001228, 0.004504, 120000000000.054535, 120000000000.062561, 119999999999.980576
0.001345, 0.004504, 1228511971.216506, 3701252666.468123, 1287487491.156805
0.001462, 0.004504, 653883490.044328, 629298877.212372, 645849467.567116
0.001579, 0.004504, 2393636964.816153, 935907011.751017, 938856119.978133
0.001696, 0.004504, 578572207.560532, 578572207.559731, 578795057.909938
0.001813, 0.004504, 507553181.395556, 509722993.420916, 510459508.536469
0.001930, 0.004504, 2330652294.327901, 1101478867.938299, 1180585455.434506
0.002048, 0.004504, 2569675189.476799, 1724198270.397421, 2017563353.947659
0.002164, 0.004504, 841653977.097872, 930141727.830475, 775854339.873551
0.002282, 0.004504, 500000000.000101, 500000000.000111, 499999999.999988
0.002398, 0.004504, 673849083.546380, 1654743022.355757, 721261671.750796
0.002515, 0.004504, 672299511.925433, 1302129271.689874, 719688857.850929
0.002632, 0.004504, 719170788.486524, 1284489851.597461, 742590795.212222
0.002749, 0.004504, 8144463260.301211, 2287499273.868069, 2575625337.731602
0.002866, 0.004504, 1306774984.223496, 1111528608.922351, 1178373048.338073
0.002983, 0.004504, 500000000.000095, 500000000.000094, 499999999.999987
0.003101, 0.004504, 774587609.311077, 781008667.910377, 786884967.638208
0.003217, 0.004504, 8603876356.988949, 2109599935.125538, 2383283078.386345
0.003335, 0.004504, 1284437544.846762, 3227760475.875485, 1121742546.369273
0.003451, 0.004504, 914076208.853829, 2356868109.417556, 921464271.422020
0.003569, 0.004504, 6473999984.062758, 2206158518.762459, 2492843552.675788
0.003685, 0.004504, 942954527.960765, 898929829.555437, 913489538.988108
0.003802, 0.004504, 500000000.000093, 500000000.000097, 499999999.999987
0.003919, 0.004504, 1424416935.170250, 1986362864.486895, 1580980789.296208
0.004037, 0.004504, 2529645354.923269, 2080574573.979909, 2371660763.798458
0.004153, 0.004504, 538514375.135489, 547301434.315556, 542101528.897768
0.004270, 0.004504, 921488310.567321, 1887070648.153076, 936205636.651427
0.004388, 0.004504, 5698299408.713709, 2881892922.003698, 3455430231.397912
0.004504, 0.004504, 745572641.891420, 745572641.890930, 750503751.354459
0.004622, 0.004504, 1062449828.689529, 1897128452.763211, 1124647919.577697
0.004738, 0.004504, 27010671263.788223, 29729162254.437481, 38155857506.704803
0.004856, 0.004504, 1606242878.701984, 1266397147.668320, 1369408989.323161
0.004972, 0.004504, 507611140.347281, 514305839.987214, 510357493.222535
0.005090, 0.004504, 702039491.983582, 713418689.313435, 717480660.371167
0.005206, 0.004504, 5885906228.533773, 2675843885.615618, 3199818950.782674
0.005324, 0.004504, 632715595.269402, 643225160.828383, 643649228.075969
0.005440, 0.004504, 524165030.324391, 535367705.010890, 530033726.291911
0.005557, 0.004504, 5257080917.156885, 1425409868.206166, 1562566035.733398
0.005675, 0.004504, 1124231278.139976, 1016020584.521185, 1051996131.309822
0.005791, 0.004504, 500000000.000094, 500000000.000103, 499999999.999987
-0.005791, 0.004622, 594528384.110493, 700174945.267987, 613456683.804831
-0.005674, 0.004622, 119999999999.961060, 120000000000.062149, 119999999999.980606
-0.005557, 0.004622, 120000000000.053009, 120000000000.061661, 119999999999.980545
-0.005441, 0.004622, 120000000000.054474, 120000000000.062195, 119999999999.980652
-0.005324, 0.004622, 120000000000.054474, 120000000000.062393, 119999999999.980698
-0.005207, 0.004622, 94650167140.456467, 39003973907.009789, 23707126559.970814
-0.005089, 0.004622, 120000000000.053558, 119999999999.969131, 119999999999.969254
-0.004972, 0.004622, 119999999999.962036, 120000000000.062073, 119999999999.980606
-0.004855, 0.004622, 31558813597.664413, 36763784281.003601, 31451288299.856689
-0.004738, 0.004622, 108776521942.685120, 52912432052.174088, 47056719323.259346
-0.004621, 0.004622, 120000000000.053146, 120000000000.062180, 119999999999.969208
-0.004504, 0.004622, 96463608413.508148, 103901179733.568466, 114703756376.096573
-0.004387, 0.004622, 43472013220.757805, 3744933701.745963, 4712350649.657375
-0.004270, 0.004622, 120000000000.053146, 119999999999.968918, 119999999999.980408
-0.004154, 0.004622, 1169321266.553469, 2368944504.230027, 1280929647.449782
-0.004036, 0.004622, 1196523437.399779, 905576955.021456, 948328186.965542
-0.003920, 0.004622, 521263604.437067, 508401467.904756, 512923660.254789
-0.003803, 0.004622, 500000000.000099, 500000000.000109, 499999999.999988
-0.003686, 0.004622, 500000000.000097, 500000000.000099, 499999999.999987
-0.003569, 0.004622, 500000000.000102, 500000000.000111, 499999999.999988
-0.003452, 0.004622, 500000000.000098, 500000000.000109, 499999999.999987
-0.003335, 0.004622, 500000000.000097, 500000000.000098, 499999999.999987
-0.003218, 0.004622, 582724843.232718, 541769618.791012, 555196565.397840
-0.003101, 0.004622, 505372264.230670, 502272098.362412, 504381047.336387
-0.002984, 0.004622, 500000000.000098, 500000000.000097, 499999999.999988
-0.002867, 0.004622, 526409262.376861, 515465912.091294, 522001321.479011
-0.002750, 0.004622, 562275373.174446, 525809386.740700, 534882379.430989
-0.002633, 0.004622, 500000000.000101, 500000000.000098, 499999999.999987
-0.002516, 0.004622, 500000000.000100, 500000000.000110, 499999999.999988
-0.002399, 0.004622, 500000000.000095, 500000000.000098, 499999999.999987
-0.002282, 0.004622, 500000000.000101, 500000000.000110, 499999999.999987
-0.002165, 0.004622, 499999999.999741, 500000000.000101, 499999999.999987
-0.002048, 0.004622, 500000000.000103, 500000000.000097, 499999999.999987
-0.001931, 0.004622, 500000000.000099, 500000000.000111, 499999999.999988
-0.001814, 0.004622, 500000000.000102, 500000000.000094, 499999999.999987
-0.001697, 0.004622, 640543888.681858, 650465318.109918, 652884954.658918
-0.001580, 0.004622, 1813289270.949517, 1150939819.969049, 1222702910.131411
-0.001463, 0.004622, 638279250.970432, 860886098.839484, 658480699.667695
-0.001345, 0.004622, 120000000000.055328, 120000000000.061569, 119999999999.969299
-0.001228, 0.004622, 120000000000.054245, 120000000000.061829, 119999999999.980743
-0.001112, 0.004622, 109274394615.497009, 109956137119.712921, 38521123947.751495
-0.000995, 0.004622, 120000000000.053986, 119999999999.968597, 119999999999.980652
-0.000878, 0.004622, 120000000000.052826, 119999999999.968994, 119999999999.969208
-0.000761, 0.004622, 120000000000.054474, 120000000000.062378, 119999999999.969254
-0.000644, 0.004622, 119999999999.960892, 119999999999.969086, 119999999999.969299
-0.000527, 0.004622, 119999999999.961060, 120000000000.063522, 119999999999.980774
-0.000410, 0.004622, 9768623852.368614, 9223240667.395348, 11048174767.255438
-0.000293, 0.004622, 97526586765.773483, 13765983548.787487, 17124930570.948349
-0.000176, 0.004622, 120000000000.053268, 120000000000.062195, 119999999999.980728
-0.000058, 0.004622, 114771784134.313507, 82273087742.875900, 113522352937.639618
0.000058, 0.004622, 10556776920.950014, 3422322022.729494, 4933255640.995793
0.000175, 0.004622, 80142495185.291306, 5059155373.212626, 7065051556.400994
0.000292, 0.004622, 8602507805.663424, 5383443771.333320, 5771837487.551090
0.000409, 0.004622, 35978772187.572960, 8523053692.256916, 5501305571.804914
0.000526, 0.004622, 13230650682.630699, 96837739844.683197, 16426935917.311146
0.000643, 0.004622, 1332024083.932010, 1676026830.890277, 1477571410.803084
0.000760, 0.004622, 14012178632.002083, 103900308183.251938, 18401267621.579632
0.000877, 0.004622, 2241432067.003982, 2445639758.015368, 2496392645.803829
0.000994, 0.004622, 2154079241.224010, 3890671483.357885, 2376861689.058393
0.001112, 0.004622, 108338112711.586151, 44433831199.695694, 91793768748.078522
0.001228, 0.004622, 71247033113.863922, 10441506438.363581, 13355687563.527273
0.001345, 0.004622, 10667882389.890007, 89863862096.192093, 12895438699.700672
0.001462, 0.004622, 2209493200.384449, 4866755317.702234, 2722961887.002734
0.001579, 0.004622, 1477915438.719127, 2243845293.296172, 1639536376.596243
0.001696, 0.004622, 936364209.611334, 737970054.438686, 779815309.607918
0.001813, 0.004622, 1449764012.817995, 673308590.083674, 720801219.673284
0.001930, 0.004622, 1663427291.600958, 698746305.569560, 763145027.944154
0.002048, 0.004622, 1152138164.169900, 800421662.034429, 773543109.224205
0.002164, 0.004622, 500000000.000094, 500000000.000106, 499999999.999987
0.002282, 0.004622, 500000000.000101, 500000000.000111, 499999999.999987
0.002398, 0.004622, 695694822.904181, 2097395929.296248, 740248908.953706
0.002515, 0.004622, 672299511.925425, 1302129271.689887, 719688857.850921
0.002632, 0.004622, 719341321.310061, 1257260990.596003, 760292828.793665
0.002749, 0.004622, 500000000.000101, 500000000.000098, 499999999.999987
0.002866, 0.004622, 500000000.000100, 500000000.000099, 499999999.999987
0.002983, 0.004622, 500000000.000102, 500000000.000095, 499999999.999988
0.003101, 0.004622, 503256138.027720, 502272098.363663, 504381047.336025
0.003217, 0.004622, 609777196.225340, 541769618.775092, 555196565.400567
0.003335, 0.004622, 689706956.390998, 1050173964.366498, 731810378.684239
0.003451, 0.004622, 693819241.048692, 1340993955.866841, 737457577.935147
0.003569, 0.004622, 566440042.325224, 536348554.938170, 547977533.920387
0.003685, 0.004622, 516282274.522539, 506421932.570813, 510281252.055909
0.003802, 0.004622, 500000000.000096, 500000000.000104, 499999999.999987
0.003919, 0.004622, 958789659.822774, 3055670543.609799, 1067183235.197162
0.004037, 0.004622, 502275766.987969, 502301944.870369, 503138353.630447
0.004153, 0.004622, 512218402.009688, 514995298.110418, 516926906.599454
0.004270, 0.004622, 1379693452.240134, 1918283614.011019, 1187887225.747658
0.004388, 0.004622, 588760444.340168, 543115693.007138, 557191692.928046
0.004504, 0.004622, 502809792.394565, 501286351.171937, 502793463.276277
0.004622, 0.004622, 833018757.142656, 847729376.682940, 838273271.741738
0.004738, 0.004622, 1059583929.636936, 966753435.615799, 995525310.303093
0.004856, 0.004622, 554256334.469671, 522585658.234803, 530872702.984691
0.004972, 0.004622, 500000000.000100, 500000000.000112, 499999999.999988
0.005090, 0.004622, 500489289.074690, 500422974.812233, 501190404.329511
0.005206, 0.004622, 618658563.574624, 544288715.162310, 559157856.357172
0.005324, 0.004622, 500000000.000100, 500000000.000099, 499999999.999987
0.005440, 0.004622, 500000000.000099, 500000000.000096, 499999999.999988
0.005557, 0.004622, 500000000.000096, 500000000.000108, 499999999.999987
0.005675, 0.004622, 500000000.000092, 500000000.000099, 499999999.999987
0.005791, 0.004622, 500000000.000102, 500000000.000109, 499999999.999988
-0.005791, 0.004738, 601003182.411157, 768093118.386710, 619267618.535285
-0.005674, 0.004738, 120000000000.053421, 120000000000.062271, 119999999999.969330
-0.005557, 0.004738, 120000000000.054901, 119999999999.969330, 119999999999.969254
-0.005441, 0.004738, 120000000000.053802, 120000000000.061890, 119999999999.969254
-0.005324, 0.004738, 93508535424.513992, 41515156668.807091, 47459791778.727798
-0.005207, 0.004738, 120000000000.053543, 120000000000.062256, 119999999999.980728
-0.005089, 0.004738, 88257047043.868683, 41584354659.482529, 47241544278.646217
-0.004972, 0.004738, 67648548407.091095, 41124609789.996559, 47041867914.414604
-0.004855, 0.004738, 120000000000.054565, 120000000000.061981, 119999999999.980698
-0.004738, 0.004738, 120000000000.052704, 120000000000.061707, 119999999999.980728
-0.004621, 0.004738, 100793199812.736359, 40612948221.594170, 47056719323.256912
-0.004504, 0.004738, 99594611443.062653, 62067074736.563606, 73768819696.194199
-0.004387, 0.004738, 119602203164.788269, 119499911777.651917, 119723058705.501999
-0.004270, 0.004738, 119120629229.868927, 118677011380.919220, 119647516398.978256
-0.004154, 0.004738, 2423216912.785904, 18096412996.891804, 3124298762.565907
-0.004036, 0.004738, 120000000000.054489, 120000000000.061569, 119999999999.980545
-0.003920, 0.004738, 2237860276.147059, 16582833933.020102, 2542530000.098730
-0.003803, 0.004738, 500000000.000098, 500000000.000106, 499999999.999988
-0.003686, 0.004738, 500000000.000092, 500000000.000102, 499999999.999987
-0.003569, 0.004738, 2067054861.390620, 1725309491.133907, 1803719117.024220
-0.003452, 0.004738, 734508575.129992, 759063912.274698, 749777996.360022
-0.003335, 0.004738, 734670022.236794, 797705633.493162, 764323576.381282
-0.003218, 0.004738, 117865148115.754974, 115770331731.793335, 95920957159.321381
-0.003101, 0.004738, 1301337044.448822, 3229894082.937767, 1405102727.205132
-0.002984, 0.004738, 508547406.908962, 513928878.423353, 513112033.242168
-0.002867, 0.004738, 19876033922.933475, 37847089759.923172, 4606620338.129208
-0.002750, 0.004738, 7751631638.413430, 69925775340.477890, 9085894422.175755
-0.002633, 0.004738, 552212687.415563, 580833207.519791, 563160451.544694
-0.002516, 0.004738, 511989874.064839, 512195665.211671, 515607476.763308
-0.002399, 0.004738, 1066955494.915108, 772668028.586547, 806440211.960219
-0.002282, 0.004738, 511808500.699575, 509662068.627350, 512756739.583659
-0.002165, 0.004738, 500000000.000095, 500000000.000105, 499999999.999987
-0.002048, 0.004738, 871810570.764176, 840001619.388251, 863727444.306131
-0.001931, 0.004738, 718331962.866097, 701279175.433752, 712529481.837717
-0.001814, 0.004738, 500000000.000103, 500000000.000097, 499999999.999987
-0.001697, 0.004738, 1407495177.125692, 4121822229.886418, 1516570836.624158
-0.001580, 0.004738, 55222082527.589188, 113842472425.486328, 77523705972.111649
-0.001463, 0.004738, 1035051838.986611, 2152803379.509409, 1140625910.138069
-0.001345, 0.004738, 120000000000.054718, 120000000000.062057, 119999999999.980774
-0.001228, 0.004738, 120000000000.052765, 120000000000.062439, 119999999999.980545
-0.001112, 0.004738, 120000000000.054413, 119999999999.968201, 119999999999.980774
-0.000995, 0.004738, 120000000000.054642, 120000000000.062225, 119999999999.980576
-0.000878, 0.004738, 120000000000.053802, 119999999999.968811, 119999999999.980545
-0.000761, 0.004738, 2682038262.452667, 1470427284.211568, 1449998355.325092
-0.000644, 0.004738, 77392671240.072357, 7785793042.810024, 9076113039.961262
-0.000527, 0.004738, 120000000000.053833, 119999999999.969498, 119999999999.980728
-0.000410, 0.004738, 1367618182.921069, 5717197060.016685, 1319649624.452483
-0.000293, 0.004738, 1792388274.341089, 10488888532.372416, 1592338929.315467
-0.000176, 0.004738, 53653621419.552193, 110930038992.787491, 102928960392.088974
-0.000058, 0.004738, 62429330125.204826, 54009309980.740128, 10595369303.651873
0.000058, 0.004738, 119869576335.670319, 119808810507.265656, 119888878243.128311
0.000175, 0.004738, 1750926270.369625, 3468123482.819771, 2065034065.407405
0.000292, 0.004738, 6526226237.299714, 8392903806.811144, 3897390741.608423
0.000409, 0.004738, 119690500461.128159, 119637973720.367188, 119801176683.160568
0.000526, 0.004738, 46284091980.227890, 31097499123.512207, 18253853031.325092
0.000643, 0.004738, 1353951804.252298, 6288399380.482821, 1556954644.708174
0.000760, 0.004738, 4820782386.934245, 14938330639.263496, 7018444995.808735
0.000877, 0.004738, 11711080665.722363, 3075765767.633544, 3741952207.112272
0.000994, 0.004738, 8230747734.476432, 2380503639.924300, 2754297659.957077
0.001112, 0.004738, 74929157300.940918, 12385173921.468399, 6156465814.449029
0.001228, 0.004738, 30945859237.834652, 106549582693.850113, 52181972775.195084
0.001345, 0.004738, 55892385444.969429, 44717367403.572769, 39067879643.212799
0.001462, 0.004738, 715698790.140397, 1000747823.209977, 736709643.432374
0.001579, 0.004738, 899715482.534714, 1060604298.105506, 929342356.724257
0.001696, 0.004738, 5288294971.279422, 1941869833.256314, 2247952019.436779
0.001813, 0.004738, 1668767873.049752, 944699446.736483, 915482773.832836
0.001930, 0.004738, 54090773504.411766, 33045117209.383560, 4965108515.075236
0.002048, 0.004738, 8968713731.086412, 76036956663.177292, 10641124653.620636
0.002164, 0.004738, 562700376.466399, 593884461.523841, 574844410.732959
0.002282, 0.004738, 662654484.676416, 662654484.820456, 686474433.450072
0.002398, 0.004738, 668683082.729125, 668683082.732200, 674876309.852082
0.002515, 0.004738, 699979352.360490, 848928836.284881, 684240245.332597
0.002632, 0.004738, 671552996.647955, 1208697841.715637, 718877764.757861
0.002749, 0.004738, 500000000.000100, 500000000.000106, 499999999.999987
0.002866, 0.004738, 500000000.000100, 500000000.000112, 499999999.999987
0.002983, 0.004738, 500000000.000099, 500000000.000099, 499999999.999988
0.003101, 0.004738, 1309498663.711865, 3229894083.407311, 1405102727.225332
0.003217, 0.004738, 70660947993.790207, 115770331731.759644, 95920957159.322128
0.003335, 0.004738, 1205651364.834221, 3192077721.997298, 1427729207.060844
0.003451, 0.004738, 958984536.884270, 2840708588.861959, 1103218835.837741
0.003569, 0.004738, 107659381938.351151, 102879007168.032532, 29421272332.545105
0.003685, 0.004738, 1880172948.706340, 10740123163.300920, 2101173950.769749
0.003802, 0.004738, 500000000.000097, 500000000.000112, 499999999.999987
0.003919, 0.004738, 963708658.916879, 2117849657.542311, 1082067184.648219
0.004037, 0.004738, 500000000.000099, 500000000.000107, 499999999.999987
0.004153, 0.004738, 885218390.908147, 1936483526.905702, 971093074.847433
0.004270, 0.004738, 947833091.560923, 1263828724.434706, 1036270127.592734
0.004388, 0.004738, 119364636883.331451, 118120911977.604843, 117222917011.552841
0.004504, 0.004738, 1174031394.388068, 2215538568.432606, 1257120900.679844
0.004622, 0.004738, 518581379.830535, 532215212.453589, 525886614.635644
0.004738, 0.004738, 47361296885.263908, 47361296885.594658, 5660986728.489685
0.004856, 0.004738, 6314003406.573298, 59581209859.882912, 7253869019.070842
0.004972, 0.004738, 536628371.318388, 560539618.067754, 545675636.138836
0.005090, 0.004738, 1052046782.271647, 1480809256.190105, 1114524446.207257
0.005206, 0.004738, 118927586522.270996, 119625443232.838806, 119821972639.229935
0.005324, 0.004738, 852603795.011064, 938383073.849133, 893911543.238477
0.005440, 0.004738, 500000000.000099, 500000000.000106, 499999999.999987
0.005557, 0.004738, 499999999.999741, 500000000.000106, 499999999.999987
0.005675, 0.004738, 500000000.000100, 500000000.000097, 499999999.999987
0.005791, 0.004738, 500000000.000103, 500000000.000106, 499999999.999987
-0.005791, 0.004856, 601003182.411250, 768093118.386755, 619267618.535286
-0.005674, 0.004856, 119999999999.960114, 119999999999.969177, 119999999999.980606
-0.005557, 0.004856, 1386314911.467031, 1634096787.993546, 1332042115.572022
-0.005441, 0.004856, 7441834852.635700, 3469043823.223685, 2353885201.606326
-0.005324, 0.004856, 81576955931.996964, 106556115383.121872, 31884072382.015049
-0.005207, 0.004856, 120000000000.054413, 120000000000.063034, 119999999999.980576
-0.005089, 0.004856, 72802921438.032547, 104086273741.351471, 31541917589.202633
-0.004972, 0.004856, 49387467088.235115, 106159586711.601059, 31318758395.642662
-0.004855, 0.004856, 120000000000.054352, 119999999999.968842, 119999999999.980652
-0.004738, 0.004856, 120000000000.053391, 120000000000.061951, 119999999999.980377
-0.004621, 0.004856, 91335756774.096344, 104920171906.739441, 31451288299.822849
-0.004504, 0.004856, 60140892696.016327, 95089622160.351334, 21205725517.898563
-0.004387, 0.004856, 119999999999.960617, 120000000000.062027, 119999999999.980499
-0.004270, 0.004856, 44447014722.758919, 99439008003.568008, 17714507706.684750
-0.004154, 0.004856, 1449694117.351312, 3261138680.524370, 1672732983.256542
-0.004036, 0.004856, 108726452040.839798, 23912128876.744984, 31936029102.534782
-0.003920, 0.004856, 2553704202.415784, 3176586688.355090, 2957995378.976394
-0.003803, 0.004856, 500000000.000107, 500000000.000110, 499999999.999987
-0.003686, 0.004856, 502254878.124635, 502938542.597033, 504255374.384367
-0.003569, 0.004856, 5072323062.929270, 8050270031.931918, 4876733492.622797
-0.003452, 0.004856, 661597765.888837, 681578035.599868, 672181567.129573
-0.003335, 0.004856, 764829324.670007, 893248901.516434, 799231211.657688
-0.003218, 0.004856, 119591929915.819687, 111188871207.942917, 119083362784.873947
-0.003101, 0.004856, 1400938734.443475, 1815904643.375550, 1526569380.100156
-0.002984, 0.004856, 511262076.966453, 528508068.686593, 516655691.864698
-0.002867, 0.004856, 27846265355.022766, 5190376620.829610, 5770473529.018150
-0.002750, 0.004856, 10256495556.526888, 10256495556.526775, 12382030297.053644
-0.002633, 0.004856, 559448768.433230, 610998022.486167, 571996981.310320
-0.002516, 0.004856, 614936028.377931, 727019183.669192, 634739980.559332
-0.002399, 0.004856, 61983088535.060295, 48646827298.373421, 77610525902.800430
-0.002282, 0.004856, 600157369.813999, 698965952.004688, 617938082.628705
-0.002165, 0.004856, 500000000.000103, 500000000.000096, 499999999.999987
-0.002048, 0.004856, 1714148755.549094, 2352363203.001081, 1877283680.368025
-0.001931, 0.004856, 1025160575.727359, 1322352026.822211, 1092532323.915776
-0.001814, 0.004856, 500000000.000105, 500000000.000099, 499999999.999987
-0.001697, 0.004856, 1523189684.629932, 1971543117.300067, 1656955868.643131
-0.001580, 0.004856, 92742304023.995789, 92742304023.999741, 113007142944.092026
-0.001463, 0.004856, 1321285599.376234, 3675557910.646578, 1509869577.371739
-0.001345, 0.004856, 119999999999.961426, 120000000000.061646, 119999999999.980774
-0.001228, 0.004856, 119999999999.960236, 119999999999.969452, 119999999999.980667
-0.001112, 0.004856, 120000000000.054245, 120000000000.061768, 119999999999.980530
-0.000995, 0.004856, 120000000000.054901, 119999999999.969116, 119999999999.980331
-0.000878, 0.004856, 119999999999.961334, 120000000000.061172, 119999999999.980698
-0.000761, 0.004856, 3026948870.728498, 1690607372.848431, 1559629747.958872
-0.000644, 0.004856, 83289138970.694931, 83289138970.896652, 10590649483.515057
-0.000527, 0.004856, 120000000000.054474, 120000000000.061783, 119999999999.980530
-0.000410, 0.004856, 115847202827.693039, 118697973147.177338, 117847906189.982529
-0.000293, 0.004856, 119974414639.105301, 119974414639.110519, 119981846467.142212
-0.000176, 0.004856, 9724551211.239405, 78828158163.737640, 12442341626.726793
-0.000058, 0.004856, 103738146189.031662, 63706833105.377640, 80174788850.059937
0.000058, 0.004856, 49190888324.022995, 55003114167.339096, 66106061653.354828
0.000175, 0.004856, 4360504643.707508, 2082858573.703647, 2516313140.334408
0.000292, 0.004856, 4936083122.866701, 5851085067.202869, 3564438640.665930
0.000409, 0.004856, 119999999999.961838, 120000000000.062271, 119999999999.980774
0.000526, 0.004856, 67002241339.230629, 93242110931.129684, 47285671834.592186
0.000643, 0.004856, 1660637615.823661, 14627315429.622793, 1885034089.683996
0.000760, 0.004856, 6005797570.922659, 3651398625.260406, 2949933127.462844
0.000877, 0.004856, 19590817193.068081, 3120503594.521291, 4380545112.887406
0.000994, 0.004856, 22954216686.464279, 2822709649.729872, 3916328140.722126
0.001112, 0.004856, 62723708430.794792, 5006045176.701278, 7254652696.448966
0.001228, 0.004856, 68173613747.003799, 69006178831.527206, 109916528969.146027
0.001345, 0.004856, 30777485160.309620, 91733798069.758316, 15297935152.885288
0.001462, 0.004856, 1147823393.986277, 2340576519.736297, 1275154540.761227
0.001579, 0.004856, 2279867742.891877, 11112225065.095148, 2655693626.159778
0.001696, 0.004856, 3589213638.959752, 1408189783.590990, 1537964644.017055
0.001813, 0.004856, 1631894042.517394, 917546600.602952, 875710318.609995
0.001930, 0.004856, 61092665400.655556, 5215966652.416276, 6041428655.740522
0.002048, 0.004856, 12163192042.812965, 12163192042.812836, 14929085486.039776
0.002164, 0.004856, 797279537.560074, 943126515.536156, 857974709.327395
0.002282, 0.004856, 668683082.729126, 668683082.732080, 674876309.852081
0.002398, 0.004856, 877248205.516152, 877248205.512187, 751845517.166152
0.002515, 0.004856, 500000000.000099, 500000000.000112, 499999999.999987
0.002632, 0.004856, 671552996.647975, 1208697841.715584, 718877764.757873
0.002749, 0.004856, 500000000.000099, 500000000.000098, 499999999.999987
0.002866, 0.004856, 500000000.000100, 500000000.000099, 499999999.999988
0.002983, 0.004856, 500000000.000100, 500000000.000101, 499999999.999988
0.003101, 0.004856, 1410635844.866641, 1815904643.376709, 1526569380.101491
0.003217, 0.004856, 120000000000.054077, 120000000000.062439, 119999999999.980484
0.003335, 0.004856, 2301555451.145127, 14033516179.767235, 3314743236.038784
0.003451, 0.004856, 1133492901.308387, 3049522865.436189, 1366208736.858423
0.003569, 0.004856, 113223071878.112137, 35606886258.108307, 49446798019.080093
0.003685, 0.004856, 3896568434.489386, 11078741601.066576, 4870463167.016574
0.003802, 0.004856, 1146778854.391274, 1157072793.590963, 1168206630.408258
0.003919, 0.004856, 1223897451.030628, 4699335547.210369, 1324291757.781129
0.004037, 0.004856, 1290418471.271911, 866391909.269561, 915959863.384762
0.004153, 0.004856, 954498571.642085, 1366105896.402824, 971278450.481754
0.004270, 0.004856, 1615987310.839717, 12350737454.775475, 1402694616.896585
0.004388, 0.004856, 120000000000.053986, 120000000000.062134, 119999999999.969254
0.004504, 0.004856, 1252621692.331667, 1603500138.047889, 1351815705.724203
0.004622, 0.004856, 522585658.255643, 554256334.470050, 530872702.982244
0.004738, 0.004856, 59581209860.077896, 6314003406.575266, 7253869019.124270
0.004856, 0.004856, 8142311841.453293, 8142311841.453194, 9587530365.334869
0.004972, 0.004856, 542225644.902436, 587683102.164761, 552612194.049056
0.005090, 0.004856, 1115119234.218216, 1397085682.550833, 1188604904.962437
0.005206, 0.004856, 120000000000.054153, 120000000000.062073, 119999999999.969177
0.005324, 0.004856, 893451167.063830, 1076686797.782331, 941338270.675350
0.005440, 0.004856, 500000000.000101, 500000000.000098, 499999999.999987
0.005557, 0.004856, 500000000.000103, 500000000.000112, 499999999.999987
0.005675, 0.004856, 500000000.000100, 500000000.000099, 499999999.999987
0.005791, 0.004856, 500000000.000100, 500000000.000096, 499999999.999987
-0.005791, 0.004972, 601003182.411821, 768093118.386759, 619267618.535325
-0.005674, 0.004972, 119999999999.960938, 120000000000.062347, 119999999999.980255
-0.005557, 0.004972, 4340937299.614153, 29229544194.471710, 3819351343.319582
-0.005441, 0.004972, 79206876415.738922, 79206876415.963333, 9520323597.621180
-0.005324, 0.004972, 120000000000.052780, 119999999999.968353, 119999999999.980576
-0.005207, 0.004972, 96131123587.586853, 84679755361.109924, 23526190869.757660
-0.005089, 0.004972, 120000000000.054001, 119999999999.969131, 119999999999.980545
-0.004972, 0.004972, 120000000000.054276, 120000000000.062103, 119999999999.980667
-0.004855, 0.004972, 31546850342.413197, 89053305203.334152, 31318758395.623451
-0.004738, 0.004972, 109618984930.833420, 99067063762.904785, 47041867914.415054
-0.004621, 0.004972, 120000000000.053223, 120000000000.062103, 119999999999.980576
-0.004504, 0.004972, 119998267703.042892, 119998275550.823914, 119998334094.589035
-0.004387, 0.004972, 96134361018.052628, 59384603513.075760, 19515284010.377480
-0.004270, 0.004972, 120000000000.054047, 120000000000.061951, 119999999999.980606
-0.004154, 0.004972, 921689971.913717, 1646971841.153175, 965596476.396276
-0.004036, 0.004972, 603029366.821171, 558559814.965619, 573200954.461584
-0.003920, 0.004972, 543645956.530039, 521108633.837567, 526845239.377751
-0.003803, 0.004972, 500000000.000099, 500000000.000112, 499999999.999987
-0.003686, 0.004972, 573776377.781784, 690731831.126393, 591119572.545579
-0.003569, 0.004972, 1315344199.174791, 2813498333.766732, 1387269680.374906
-0.003452, 0.004972, 500000000.000094, 500000000.000100, 499999999.999987
-0.003335, 0.004972, 500000000.000100, 500000000.000110, 499999999.999988
-0.003218, 0.004972, 644310221.770175, 572111233.551734, 590463838.835380
-0.003101, 0.004972, 519273293.132501, 509888472.215888, 513162286.994287
-0.002984, 0.004972, 500000000.000101, 500000000.000111, 499999999.999988
-0.002867, 0.004972, 551819902.666382, 532072606.873404, 540147670.595362
-0.002750, 0.004972, 598134728.460465, 546699914.981984, 558274981.653980
-0.002633, 0.004972, 500000000.000095, 500000000.000100, 499999999.999987
-0.002516, 0.004972, 500000000.000099, 500000000.000113, 499999999.999988
-0.002399, 0.004972, 1868414846.935137, 10065631813.517860, 2255084446.457290
-0.002282, 0.004972, 500000000.000098, 500000000.000110, 499999999.999987
-0.002165, 0.004972, 500000000.000099, 500000000.000111, 499999999.999988
-0.002048, 0.004972, 922171871.439161, 1646568971.257267, 965527658.583044
-0.001931, 0.004972, 683393396.180076, 980100096.549209, 706981978.485077
-0.001814, 0.004972, 500000000.000100, 500000000.000098, 499999999.999925
-0.001697, 0.004972, 515534785.373445, 511429382.423304, 515050743.368403
-0.001580, 0.004972, 664551944.890149, 570263818.723338, 588049293.216357
-0.001463, 0.004972, 745231860.512569, 846608101.521769, 766411865.863982
-0.001345, 0.004972, 117721754568.466232, 69497064285.105270, 94938826041.447617
-0.001228, 0.004972, 120000000000.053833, 120000000000.061249, 119999999999.980484
-0.001112, 0.004972, 120000000000.053497, 120000000000.062866, 119999999999.969299
-0.000995, 0.004972, 119999999999.961716, 120000000000.062271, 119999999999.980698
-0.000878, 0.004972, 120000000000.054230, 120000000000.061935, 119999999999.980362
-0.000761, 0.004972, 120000000000.053513, 119999999999.969086, 119999999999.980545
-0.000644, 0.004972, 120000000000.054977, 120000000000.062134, 119999999999.980652
-0.000527, 0.004972, 120000000000.053711, 120000000000.061829, 119999999999.980606
-0.000410, 0.004972, 120000000000.053635, 119999999999.968445, 119999999999.969254
-0.000293, 0.004972, 119999999999.962524, 120000000000.063248, 119999999999.969330
-0.000176, 0.004972, 120000000000.052689, 120000000000.061981, 119999999999.980652
-0.000058, 0.004972, 25936317916.898670, 46589701010.089668, 19025693531.696465
0.000058, 0.004972, 98970929501.943985, 51081931298.224815, 24781834646.483562
0.000175, 0.004972, 120000000000.053146, 119999999999.969498, 119999999999.980850
0.000292, 0.004972, 120000000000.053009, 120000000000.062302, 119999999999.980667
0.000409, 0.004972, 38160073144.745689, 36041611464.769493, 14334967032.918219
0.000526, 0.004972, 115466900720.665024, 117791532375.532089, 102193821594.559814
0.000643, 0.004972, 120000000000.055008, 120000000000.062439, 119999999999.980728
0.000760, 0.004972, 2764008303.264196, 2458034594.924715, 2132935494.254641
0.000877, 0.004972, 11778550968.396845, 2276152462.973110, 2872714303.648658
0.000994, 0.004972, 24494994667.159145, 3404387307.794501, 4372783909.228463
0.001112, 0.004972, 68246055298.834633, 9880113194.857767, 18315404362.192410
0.001228, 0.004972, 44938433906.753235, 9100464701.638174, 7943864713.677799
0.001345, 0.004972, 2064712074.726087, 1945622466.102219, 2128746087.617926
0.001462, 0.004972, 746211393.404294, 803815108.916294, 769789790.907379
0.001579, 0.004972, 1671169688.225200, 1329475470.276109, 1400038206.770739
0.001696, 0.004972, 549315346.806593, 573062437.944550, 560788164.714345
0.001813, 0.004972, 12686339073.645586, 3698350554.778057, 4016208859.173764
0.001930, 0.004972, 1420080200.954197, 961209311.440171, 1050744203.131202
0.002048, 0.004972, 2023778491.245892, 847595339.424659, 953310705.682969
0.002164, 0.004972, 665842350.774803, 667325590.186594, 672595097.243026
0.002282, 0.004972, 877248205.516152, 877248205.512129, 751845517.166163
0.002398, 0.004972, 500000000.000096, 500000000.000111, 499999999.999988
0.002515, 0.004972, 500000000.000104, 500000000.000104, 499999999.999988
0.002632, 0.004972, 671552996.647962, 1208697841.715626, 718877764.757879
0.002749, 0.004972, 500000000.000106, 499999999.999737, 499999999.999987
0.002866, 0.004972, 500000000.000096, 500000000.000093, 499999999.999987
0.002983, 0.004972, 500000000.000101, 500000000.000112, 499999999.999987
0.003101, 0.004972, 513064451.157925, 509888472.216394, 513162286.994391
0.003217, 0.004972, 774862356.476324, 610776786.178233, 631655717.631432
0.003335, 0.004972, 1215512334.965573, 1214553455.893752, 899757361.338383
0.003451, 0.004972, 898948944.698694, 1576160135.875683, 941056971.150873
0.003569, 0.004972, 2364009522.708462, 895845058.265290, 1027785843.645399
0.003685, 0.004972, 2285035320.183752, 1315004807.371279, 1215064998.667214
0.003802, 0.004972, 1066795719.728786, 1086753721.329804, 1087531167.936533
0.003919, 0.004972, 960031243.087911, 1129263883.915753, 951290002.294741
0.004037, 0.004972, 73540529826.157761, 9108418611.702290, 11693244879.954994
0.004153, 0.004972, 1525424195.375674, 3233094148.221285, 1665870222.726789
0.004270, 0.004972, 118987630447.318100, 119001547706.029739, 119894312973.486160
0.004388, 0.004972, 831609330.362681, 751059280.863364, 737807970.460799
0.004504, 0.004972, 514305839.987303, 507611140.347257, 510357493.222540
0.004622, 0.004972, 500000000.000100, 500000000.000098, 499999999.999988
0.004738, 0.004972, 560539618.071308, 536628371.319291, 545675636.138688
0.004856, 0.004972, 587683102.164860, 542225644.901928, 552612194.049039
0.004972, 0.004972, 500000000.000101, 500000000.000096, 499999999.999988
0.005090, 0.004972, 506019455.772501, 505162890.269315, 507340169.271437
0.005206, 0.004972, 678523931.131581, 576705462.689347, 595346733.708321
0.005324, 0.004972, 501552296.779746, 501277451.487105, 502225782.042919
0.005440, 0.004972, 500000000.000095, 500000000.000108, 499999999.999987
0.005557, 0.004972, 500000000.000098, 500000000.000109, 499999999.999987
0.005675, 0.004972, 500000000.000096, 500000000.000112, 499999999.999987
0.005791, 0.004972, 500000000.000100, 500000000.000110, 499999999.999987
-0.005791, 0.005090, 601003182.411966, 768093118.386757, 619267618.535287
-0.005674, 0.005090, 120000000000.053864, 120000000000.062302, 119999999999.980423
-0.005557, 0.005090, 120000000000.053391, 120000000000.063522, 119999999999.980255
-0.005441, 0.005090, 120000000000.054047, 120000000000.062149, 119999999999.980499
-0.005324, 0.005090, 120000000000.052444, 120000000000.063522, 119999999999.980362
-0.005207, 0.005090, 120000000000.053955, 120000000000.061661, 119999999999.969208
-0.005089, 0.005090, 120000000000.053055, 120000000000.062546, 119999999999.980728
-0.004972, 0.005090, 120000000000.054718, 120000000000.062057, 119999999999.969376
-0.004855, 0.005090, 31971238854.470589, 83527761625.995377, 31541917589.199207
-0.004738, 0.005090, 108823869225.941360, 94829082520.089401, 47241544278.649323
-0.004621, 0.005090, 120000000000.053497, 120000000000.063446, 119999999999.980774
-0.004504, 0.005090, 120000000000.054047, 119999999999.968445, 119999999999.980728
-0.004387, 0.005090, 94781793995.218613, 78243520401.610977, 23664419692.396023
-0.004270, 0.005090, 120000000000.054611, 120000000000.061859, 119999999999.980728
-0.004154, 0.005090, 1021767251.955058, 2012309554.801335, 1100824001.925497
-0.004036, 0.005090, 3925398484.928446, 1310105309.986011, 1416509221.516921
-0.003920, 0.005090, 6004731832.078844, 1728321779.907488, 1869962193.851279
-0.003803, 0.005090, 691200763.286748, 711343146.434985, 705031846.832303
-0.003686, 0.005090, 958071021.357467, 1287849140.486493, 1009156618.949667
-0.003569, 0.005090, 3504467923.935277, 50432496479.809090, 3916747351.922186
-0.003452, 0.005090, 542569859.754964, 544904766.095476, 546940081.231318
-0.003335, 0.005090, 572188405.597392, 575343513.059173, 581172751.034999
-0.003218, 0.005090, 3824332507.788791, 1450020546.195974, 1573840764.824847
-0.003101, 0.005090, 743232627.708459, 725214372.173661, 742017116.722929
-0.002984, 0.005090, 500000000.000102, 500000000.000097, 499999999.999987
-0.002867, 0.005090, 1093879177.933648, 999611046.102409, 1051434241.689981
-0.002750, 0.005090, 1515505297.783805, 1167317491.592794, 1249863287.229150
-0.002633, 0.005090, 510453798.128534, 510846138.250852, 512681784.332052
-0.002516, 0.005090, 660034196.947913, 674742569.009884, 678222132.845962
-0.002399, 0.005090, 12858622205.779493, 102367884314.972992, 10163501063.752785
-0.002282, 0.005090, 645674340.987229, 658733327.739923, 661351545.879350
-0.002165, 0.005090, 512386429.010275, 514381615.630196, 516528084.736508
-0.002048, 0.005090, 7541836518.984584, 22528299162.629944, 2387245504.705428
-0.001931, 0.005090, 1289136143.567451, 4479704667.382483, 1384946496.716313
-0.001814, 0.005090, 500000000.000096, 500000000.000098, 499999999.999987
-0.001697, 0.005090, 754147846.494731, 743370393.599502, 762058820.334777
-0.001580, 0.005090, 2576534365.438549, 1434634811.248895, 1557605741.780520
-0.001463, 0.005090, 567575078.172663, 566707007.148512, 572179040.400639
-0.001345, 0.005090, 1147090245.552194, 877803031.137562, 941843240.958329
-0.001228, 0.005090, 18881039817.873363, 2795178874.055586, 3779544702.364444
-0.001112, 0.005090, 6175507524.397592, 2791259690.247911, 3656359816.704236
-0.000995, 0.005090, 119472799530.619217, 112162782186.485687, 119093066037.173721
-0.000878, 0.005090, 11892690674.656015, 3028835903.373333, 3041358908.659582
-0.000761, 0.005090, 115089301121.868423, 44903045061.730003, 63302693468.434944
-0.000644, 0.005090, 120000000000.053879, 120000000000.062103, 119999999999.980301
-0.000527, 0.005090, 15874510803.823530, 21016016164.575577, 11688585477.992298
-0.000410, 0.005090, 37295539306.329933, 30032115605.764301, 23649592141.927380
-0.000293, 0.005090, 54167681087.075859, 19128319090.181877, 13823898084.339031
-0.000176, 0.005090, 114438910132.697906, 112424603454.736343, 118790507926.846008
-0.000058, 0.005090, 64766982958.200836, 19164377442.739861, 12800782653.034321
0.000058, 0.005090, 20146226490.824436, 53656630586.227837, 17321075135.438141
0.000175, 0.005090, 67954221205.378975, 57570491233.303909, 31529864974.965046
0.000292, 0.005090, 33255662192.940319, 22207343690.332905, 15299262934.178278
0.000409, 0.005090, 74663375921.924011, 18282621394.876564, 12484162189.661894
0.000526, 0.005090, 58052679509.321457, 22687959883.124237, 30118594477.086880
0.000643, 0.005090, 94550582563.400574, 115797533451.937592, 115077346984.192627
0.000760, 0.005090, 80296866255.778641, 13408946843.578316, 12658182085.024343
0.000877, 0.005090, 55027167183.236511, 36737111147.410538, 12664721542.366789
0.000994, 0.005090, 1923312464.675081, 7836792079.041296, 2045070588.370592
0.001112, 0.005090, 826599709.336309, 809221354.181401, 835569413.860881
0.001228, 0.005090, 2239191345.768669, 1380030470.192247, 1496924106.895672
0.001345, 0.005090, 547785093.766477, 546449118.875986, 550894330.878121
0.001462, 0.005090, 563722876.795226, 566707007.175380, 572179040.403265
0.001579, 0.005090, 3899714213.923795, 1434634811.289454, 1557605741.783903
0.001696, 0.005090, 806103910.817793, 810284184.230909, 812969443.732460
0.001813, 0.005090, 1913621391.570905, 1047690221.123929, 1115116267.686988
0.001930, 0.005090, 1515972048.477105, 1260046637.644499, 1385340889.945515
0.002048, 0.005090, 1601325891.597841, 1200700562.314853, 1288828553.087881
0.002164, 0.005090, 704473086.260441, 1264342144.249590, 761415135.184455
0.002282, 0.005090, 630706141.319187, 633427316.986003, 642469850.511394
0.002398, 0.005090, 3350827714.893455, 1486392836.897256, 1609493049.048259
0.002515, 0.005090, 648175289.046714, 646562978.861044, 656377984.098716
0.002632, 0.005090, 687929043.312273, 1276121258.994787, 745500730.129673
0.002749, 0.005090, 2978730659.289636, 1167317491.810170, 1249863287.228853
0.002866, 0.005090, 1160663497.161462, 999611045.965131, 1051434241.686944
0.002983, 0.005090, 500000000.000091, 500000000.000110, 499999999.999988
0.003101, 0.005090, 732673523.050640, 725214372.347555, 742017116.724831
0.003217, 0.005090, 2704076505.828060, 1450020546.154132, 1573840764.822270
0.003335, 0.005090, 819706477.942908, 1427972048.722990, 904928604.559277
0.003451, 0.005090, 750859198.078161, 1648806632.740405, 824689269.434203
0.003569, 0.005090, 4001240497.293009, 1355480157.360602, 1468799953.611786
0.003685, 0.005090, 1359774283.683044, 1549639882.215890, 1454523598.169863
0.003802, 0.005090, 928618828.853521, 1980717348.367028, 1014396592.981917
0.003919, 0.005090, 897070466.902212, 860079435.714319, 891203890.822307
0.004037, 0.005090, 2132969140.119112, 1365776333.344603, 1511992208.172915
0.004153, 0.005090, 561383317.484147, 565114333.661284, 569337915.228715
0.004270, 0.005090, 1141061786.329679, 876107182.388740, 941811630.378728
0.004388, 0.005090, 3689474338.522925, 1469910347.148275, 1593550316.362949
0.004504, 0.005090, 708959913.464438, 698068762.428771, 712423774.439444
0.004622, 0.005090, 500422974.812197, 500489289.074699, 501190404.329510
0.004738, 0.005090, 1480809255.955416, 1052046782.454485, 1114524446.207868
0.004856, 0.005090, 1397085682.549664, 1115119233.986525, 1188604904.958742
0.004972, 0.005090, 505162890.269212, 506019455.772770, 507340169.271431
0.005090, 0.005090, 668614586.119712, 668614586.143323, 680346636.839847
0.005206, 0.005090, 3115590702.408751, 1482463466.134228, 1605578266.745673
0.005324, 0.005090, 613354446.057958, 614025302.170881, 621728138.381340
0.005440, 0.005090, 518730356.440080, 520894035.667978, 523648746.550329
0.005557, 0.005090, 3656002092.343843, 1251682132.626928, 1348515503.169111
0.005675, 0.005090, 1019430706.267511, 915659332.742241, 954045698.141971
0.005791, 0.005090, 500000000.000101, 500000000.000106, 499999999.999988
-0.005791, 0.005206, 601003182.411430, 768093118.386763, 619267618.535283
-0.005674, 0.005206, 120000000000.054977, 120000000000.061584, 119999999999.980606
-0.005557, 0.005206, 120000000000.053833, 120000000000.062271, 119999999999.980728
-0.005441, 0.005206, 120000000000.053055, 120000000000.063416, 119999999999.969330
-0.005324, 0.005206, 120000000000.053757, 120000000000.062271, 119999999999.980652
-0.005207, 0.005206, 120000000000.053070, 120000000000.061859, 119999999999.980499
-0.005089, 0.005206, 119999999999.961105, 120000000000.061768, 119999999999.980530
-0.004972, 0.005206, 52205519965.644890, 97013345372.306259, 23526190869.758469
-0.004855, 0.005206, 120000000000.052444, 120000000000.062180, 119999999999.980606
-0.004738, 0.005206, 120000000000.053467, 120000000000.062180, 119999999999.980545
-0.004621, 0.005206, 86548732620.017441, 95180350186.154205, 23707126559.971889
-0.004504, 0.005206, 81443372802.571777, 90044056841.226486, 23402487695.437546
-0.004387, 0.005206, 119999999999.961868, 120000000000.061661, 119999999999.980789
-0.004270, 0.005206, 73919153587.036911, 98384383203.183960, 24009516134.199772
-0.004154, 0.005206, 2045228481.169015, 9067241698.691441, 2497271061.976922
-0.004036, 0.005206, 120000000000.055801, 120000000000.062149, 119999999999.980576
-0.003920, 0.005206, 12217759640.657366, 17965041976.618385, 15484642349.900198
-0.003803, 0.005206, 673819860.468952, 703693641.397943, 686226187.155705
-0.003686, 0.005206, 4307566129.804060, 11801877742.243683, 4910808825.430051
-0.003569, 0.005206, 120000000000.053909, 120000000000.061737, 119999999999.980576
-0.003452, 0.005206, 754115057.612456, 1072482402.373835, 787754234.345991
-0.003335, 0.005206, 920508277.781709, 1464103789.960417, 969878311.989404
-0.003218, 0.005206, 119999999999.962067, 119999999999.968811, 119999999999.980545
-0.003101, 0.005206, 2010328618.085841, 5075886680.620378, 2290413176.431989
-0.002984, 0.005206, 521864172.184205, 551701666.279930, 531338822.442066
-0.002867, 0.005206, 109529298769.278839, 80833306079.067291, 93128425856.991058
-0.002750, 0.005206, 120000000000.055145, 120000000000.061890, 119999999999.980728
-0.002633, 0.005206, 606485315.837554, 744298999.581701, 627514683.213024
-0.002516, 0.005206, 1314545907.715200, 2578262276.892057, 1413104274.885860
-0.002399, 0.005206, 119999999999.961105, 120000000000.062180, 119999999999.980408
-0.002282, 0.005206, 1221214616.941495, 2325038667.399373, 1317758392.463917
-0.002165, 0.005206, 625953972.720936, 788502080.444944, 648407498.175810
-0.002048, 0.005206, 120000000000.054810, 119999999999.968872, 119999999999.980743
-0.001931, 0.005206, 29228529622.553757, 57014512766.790558, 54052299968.275070
-0.001814, 0.005206, 512265620.367974, 527639744.721609, 518549681.212945
-0.001697, 0.005206, 2323778933.473042, 5950249041.242113, 2588773058.495476
-0.001580, 0.005206, 120000000000.053513, 120000000000.062317, 119999999999.968994
-0.001463, 0.005206, 877424309.089507, 1363046240.575254, 924043110.959631
-0.001345, 0.005206, 2126276856.010074, 3581143836.731787, 2306892482.824413
-0.001228, 0.005206, 120000000000.053833, 120000000000.062134, 119999999999.980530
-0.001112, 0.005206, 3221100547.363614, 9592186233.904036, 3952318672.627628
-0.000995, 0.005206, 11098899471.633211, 60764842239.964050, 21147100804.452793
-0.000878, 0.005206, 1251651123.702721, 1037866544.177921, 971848242.967657
-0.000761, 0.005206, 36027107864.917900, 70040240373.443253, 5936505726.147429
-0.000644, 0.005206, 120000000000.054596, 120000000000.062195, 119999999999.980789
-0.000527, 0.005206, 7690604640.555700, 51157876619.948097, 10830735988.732103
-0.000410, 0.005206, 120000000000.054977, 120000000000.062134, 119999999999.980286
-0.000293, 0.005206, 2406344980.044867, 6388239716.283726, 2856763185.983170
-0.000176, 0.005206, 2740219163.657720, 3004784614.756499, 2441616103.547476
-0.000058, 0.005206, 120000000000.055664, 120000000000.062424, 119999999999.980453
0.000058, 0.005206, 120000000000.054047, 120000000000.063614, 119999999999.980606
0.000175, 0.005206, 60523561877.965469, 42453322627.019028, 35306023354.568115
0.000292, 0.005206, 59852923751.003220, 85297281979.073700, 36146946681.007385
0.000409, 0.005206, 120000000000.054886, 120000000000.061951, 119999999999.980576
0.000526, 0.005206, 35177932827.082039, 103887581591.033600, 16670658958.044374
0.000643, 0.005206, 19052455391.683670, 76426294570.359848, 12836142011.595846
0.000760, 0.005206, 120000000000.054535, 120000000000.061569, 119999999999.980606
0.000877, 0.005206, 15883978743.734108, 35283755021.987114, 25805038785.839806
0.000994, 0.005206, 4142634363.558532, 10711999761.805584, 4400274205.941146
0.001112, 0.005206, 6154965375.750554, 93355108653.710892, 7399127100.090108
0.001228, 0.005206, 120000000000.054855, 120000000000.062195, 119999999999.969116
0.001345, 0.005206, 784050610.191540, 1141252134.276281, 820636825.368585
0.001462, 0.005206, 916049144.022095, 1598531668.337940, 964773924.362134
0.001579, 0.005206, 120000000000.052658, 120000000000.061935, 119999999999.980652
0.001696, 0.005206, 2239765875.727028, 5950249041.239190, 2588773058.462935
0.001813, 0.005206, 511947817.194810, 527639744.719819, 518549681.213794
0.001930, 0.005206, 95773247939.232910, 57014512766.794891, 54052299968.293510
0.002048, 0.005206, 120000000000.054001, 120000000000.061890, 119999999999.969177
0.002164, 0.005206, 971203149.337506, 4898019622.698038, 1123596921.630756
0.002282, 0.005206, 1323132348.329149, 3200854760.693084, 1424345590.918453
0.002398, 0.005206, 120000000000.054474, 120000000000.061768, 119999999999.980652
0.002515, 0.005206, 1301957041.095305, 2578262276.890223, 1413104274.877818
0.002632, 0.005206, 937846439.663770, 4617722555.323016, 1081176434.968025
0.002749, 0.005206, 120000000000.053146, 120000000000.061661, 119999999999.980728
0.002866, 0.005206, 56915535721.266891, 80833306079.106827, 93128425856.993912
0.002983, 0.005206, 546737385.333027, 579627299.602413, 561936938.273863
0.003101, 0.005206, 7856079846.029023, 72607475197.885941, 3852927048.001588
0.003217, 0.005206, 120000000000.054733, 120000000000.061813, 119999999999.980606
0.003335, 0.005206, 1784635975.027378, 9031132487.239429, 2339160652.411162
0.003451, 0.005206, 1269592499.336395, 5985116275.098734, 1533303312.918504
0.003569, 0.005206, 120000000000.054932, 120000000000.062668, 119999999999.980545
0.003685, 0.005206, 3851287490.760790, 11801877742.240740, 4910808825.425531
0.003802, 0.005206, 1021556006.125802, 5731733694.272547, 1275153773.364439
0.003919, 0.005206, 7625053572.560642, 17562365331.809212, 8085074896.140632
0.004037, 0.005206, 120000000000.054535, 120000000000.062057, 119999999999.980545
0.004153, 0.005206, 708729448.262793, 972150087.202339, 738177668.670611
0.004270, 0.005206, 1276713048.206907, 2353007156.052514, 1366116101.374992
0.004388, 0.005206, 120000000000.054199, 120000000000.061768, 119999999999.980362
0.004504, 0.005206, 1717178776.718276, 4010080705.415596, 1918678151.162965
0.004622, 0.005206, 544288715.220936, 618658563.576095, 559157856.348616
0.004738, 0.005206, 119625443232.832428, 118927586522.278030, 119821972639.229095
0.004856, 0.005206, 120000000000.054153, 120000000000.062622, 119999999999.980728
0.004972, 0.005206, 576705462.689342, 678523931.132355, 595346733.708321
0.005090, 0.005206, 1482463466.056256, 3115590702.411292, 1605578266.770728
0.005206, 0.005206, 119999999999.961548, 120000000000.062027, 119999999999.969177
0.005324, 0.005206, 1107315920.384202, 1982631803.260180, 1185065918.511579
0.005440, 0.005206, 661089277.790204, 867218302.314010, 686304195.415701
0.005557, 0.005206, 120000000000.054886, 120000000000.062256, 119999999999.980728
0.005675, 0.005206, 11990084683.066132, 31550829146.504375, 19689667961.175957
0.005791, 0.005206, 502078442.669654, 503593047.266557, 504331636.027442
-0.005791, 0.005324, 601003182.411265, 768093118.386759, 619267618.535291
-0.005674, 0.005324, 120000000000.054611, 120000000000.062073, 119999999999.980621
-0.005557, 0.005324, 120000000000.053741, 120000000000.061569, 119999999999.980728
-0.005441, 0.005324, 3806939279.681948, 2754102944.848651, 2940573469.891230
-0.005324, 0.005324, 78761749838.204269, 8017165766.082205, 9410014922.836838
-0.005207, 0.005324, 120000000000.053543, 120000000000.062149, 119999999999.980774
-0.005089, 0.005324, 120000000000.053833, 120000000000.061951, 119999999999.980576
-0.004972, 0.005324, 120000000000.054123, 120000000000.063416, 119999999999.980667
-0.004855, 0.005324, 32330032612.131386, 78671610680.943039, 31884072382.014931
-0.004738, 0.005324, 110088157207.944443, 91802864972.251801, 47459791778.729149
-0.004621, 0.005324, 119999999999.960770, 120000000000.061783, 119999999999.980606
-0.004504, 0.005324, 120000000000.053467, 120000000000.062073, 119999999999.980728
-0.004387, 0.005324, 98416890129.964706, 71456363716.435883, 23754636224.210926
-0.004270, 0.005324, 120000000000.054047, 120000000000.062103, 119999999999.980530
-0.004154, 0.005324, 913689415.358359, 1290573119.322758, 973637453.519595
-0.004036, 0.005324, 2098347914.769004, 1012558608.235258, 1078856577.191166
-0.003920, 0.005324, 788630720.260400, 735821892.743176, 758008325.743691
-0.003803, 0.005324, 558168451.388340, 580994314.386549, 571150926.029628
-0.003686, 0.005324, 737172805.253039, 712374888.845867, 734751604.206667
-0.003569, 0.005324, 1491963591.796024, 1038198735.168274, 1108367059.131947
-0.003452, 0.005324, 524528577.693500, 524848293.512730, 525023593.321861
-0.003335, 0.005324, 544668090.448190, 549959811.140121, 551131741.740893
-0.003218, 0.005324, 2266826584.022624, 1090571774.118073, 1167525869.272135
-0.003101, 0.005324, 665687283.079951, 650096531.728372, 663205688.150573
-0.002984, 0.005324, 500000000.000107, 500000000.000098, 499999999.999988
-0.002867, 0.005324, 884133638.576738, 818570179.927542, 853442336.215327
-0.002750, 0.005324, 1149573808.331434, 926447473.748065, 979514108.874989
-0.002633, 0.005324, 503921931.726475, 504190735.559572, 505008093.724196
-0.002516, 0.005324, 596829022.303834, 598522220.285743, 604915632.199564
-0.002399, 0.005324, 2047731669.709564, 1109180961.360237, 1187210269.622565
-0.002282, 0.005324, 591496187.721129, 589984069.356970, 595309508.876113
-0.002165, 0.005324, 504818326.939681, 506543663.126092, 507212734.345344
-0.002048, 0.005324, 1548884586.704937, 946869860.845375, 1002920971.738004
-0.001931, 0.005324, 895567839.686689, 799802286.817645, 831183634.222985
-0.001814, 0.005324, 500000000.000099, 499999999.999750, 499999999.999987
-0.001697, 0.005324, 673090721.161164, 662466619.635286, 676633304.418258
-0.001580, 0.005324, 1727881735.739457, 1082560923.293127, 1158691524.406346
-0.001463, 0.005324, 543865858.115802, 544282290.796352, 544928312.261410
-0.001345, 0.005324, 546680457.276339, 535779611.999674, 541169026.827396
-0.001228, 0.005324, 2265813814.229473, 1052534251.497918, 1124805424.626569
-0.001112, 0.005324, 729871335.621051, 696691783.959375, 714441773.774737
-0.000995, 0.005324, 8406945072.708261, 60102730672.938438, 14021796231.009947
-0.000878, 0.005324, 120000000000.053635, 120000000000.062439, 119999999999.980423
-0.000761, 0.005324, 120000000000.053680, 119999999999.970703, 119999999999.980698
-0.000644, 0.005324, 120000000000.054932, 120000000000.062180, 119999999999.980621
-0.000527, 0.005324, 27027043443.175491, 60772121430.610039, 76032479044.910019
-0.000410, 0.005324, 26160119400.508472, 4464535724.415507, 5411699895.743777
-0.000293, 0.005324, 2211522744.733072, 3950678063.393846, 2601957372.571091
-0.000176, 0.005324, 3311431192.241068, 5154175026.567410, 3772962940.374002
-0.000058, 0.005324, 7985427850.342630, 4227345879.295611, 5199197736.970481
0.000058, 0.005324, 34322110901.542660, 62248401289.663185, 31853762567.874836
0.000175, 0.005324, 104261046179.535233, 107294205721.617432, 23555717355.954941
0.000292, 0.005324, 2815008557.774074, 15221416670.617510, 3737723615.900352
0.000409, 0.005324, 37504492496.826241, 37505413764.835922, 52485606906.270653
0.000526, 0.005324, 3954671793.663300, 18230347760.783901, 4222932536.211292
0.000643, 0.005324, 119144187784.504639, 119326932675.486328, 119606335733.206451
0.000760, 0.005324, 10115160836.136215, 8039696985.198293, 5232995213.299613
0.000877, 0.005324, 18869014681.019348, 106725583832.546188, 22012156174.754723
0.000994, 0.005324, 2253017317.001133, 5255783237.804329, 3016146430.955479
0.001112, 0.005324, 4353036320.005157, 2406145669.880375, 3064610816.554330
0.001228, 0.005324, 1557995524.457961, 1059372669.450385, 1131881198.247519
0.001345, 0.005324, 604406216.942474, 616678328.813844, 616135532.847042
0.001462, 0.005324, 37749537142.582466, 20747481025.526066, 2803628910.463296
0.001579, 0.005324, 2676635088.427691, 1770483126.717406, 1932446709.077468
0.001696, 0.005324, 682126621.768244, 662466619.635227, 676633304.418463
0.001813, 0.005324, 500000000.000105, 500000000.000114, 499999999.999987
0.001930, 0.005324, 856543044.786226, 799802286.818325, 831183634.223410
0.002048, 0.005324, 1200071330.446939, 946869860.844727, 1002920971.738000
0.002164, 0.005324, 1287154547.572002, 3059527080.741252, 1530154677.933935
0.002282, 0.005324, 100223979845.521774, 67479987653.423172, 10267565340.624821
0.002398, 0.005324, 2177367598.111786, 1371881456.375996, 1448961703.402569
0.002515, 0.005324, 1108896660.745740, 1093489855.329769, 1149430472.465269
0.002632, 0.005324, 4186428476.054292, 1942509190.599619, 1292747028.241488
0.002749, 0.005324, 3410816349.290715, 1860778691.142044, 2006578078.217923
0.002866, 0.005324, 930183605.913867, 820748101.747282, 856830936.510149
0.002983, 0.005324, 788645858.231742, 1072762554.842969, 823188614.909654
0.003101, 0.005324, 21602617120.574295, 21893104082.357159, 28857914116.672474
0.003217, 0.005324, 1801949953.630644, 1159321425.072774, 1238151696.004764
0.003335, 0.005324, 1838742424.071728, 6231640357.325140, 1965059058.573684
0.003451, 0.005324, 1017646976.726176, 2094737160.324263, 1205536791.993304
0.003569, 0.005324, 2273084553.742746, 1039165660.751684, 1110130517.384359
0.003685, 0.005324, 1186903424.891468, 1131224212.190882, 1273377184.003034
0.003802, 0.005324, 1524987927.532340, 10597066964.680283, 1360599092.945094
0.003919, 0.005324, 768028560.534308, 736555703.312455, 760302290.188063
0.004037, 0.005324, 1993081465.025818, 1204320540.217285, 1296690585.890019
0.004153, 0.005324, 525854449.615103, 538459910.892619, 530028823.967714
0.004270, 0.005324, 558280447.563723, 562251479.677543, 565041458.183805
0.004388, 0.005324, 2224801764.245313, 1101121829.951378, 1178480495.076120
0.004504, 0.005324, 643225160.828903, 632715595.268936, 643649228.075948
0.004622, 0.005324, 500000000.000107, 500000000.000100, 499999999.999988
0.004738, 0.005324, 938383074.264029, 852603795.011969, 893911543.243055
0.004856, 0.005324, 1076686797.782159, 893451167.063191, 941338270.673998
0.004972, 0.005324, 501277451.487076, 501552296.779759, 502225782.042919
0.005090, 0.005324, 614025302.222240, 613354446.058676, 621728138.381473
0.005206, 0.005324, 1982631803.260855, 1107315920.384265, 1185065918.516651
0.005324, 0.005324, 577040315.117249, 577040315.116839, 580555468.961605
0.005440, 0.005324, 508490733.356625, 511087651.492995, 511590491.946103
0.005557, 0.005324, 1841361933.637853, 978021909.947545, 1038964158.763953
0.005675, 0.005324, 843327035.998620, 769566551.074993, 796048035.075380
0.005791, 0.005324, 500000000.000103, 500000000.000111, 499999999.999987
-0.005791, 0.005440, 601003182.411210, 768093118.386719, 619267618.535306
-0.005674, 0.005440, 120000000000.055008, 120000000000.061859, 119999999999.980408
-0.005557, 0.005440, 120000000000.054199, 120000000000.061890, 119999999999.969177
-0.005441, 0.005440, 1462983206.779258, 2570318498.137722, 1319907247.462365
-0.005324, 0.005440, 15564250359.672478, 31099357523.496292, 2940573469.882191
-0.005207, 0.005440, 120000000000.053925, 120000000000.061661, 119999999999.980850
-0.005089, 0.005440, 120000000000.054718, 120000000000.062271, 119999999999.980652
-0.004972, 0.005440, 9909073632.879234, 3861596032.960111, 3953541488.967895
-0.004855, 0.005440, 111637850087.109818, 30619798095.711021, 41950309856.975876
-0.004738, 0.005440, 120000000000.054230, 120000000000.061859, 119999999999.980621
-0.004621, 0.005440, 120000000000.053741, 120000000000.061951, 119999999999.980530
-0.004504, 0.005440, 7206873665.815891, 5086567042.838839, 7343974340.508188
-0.004387, 0.005440, 12962981396.060747, 2738597579.473109, 3595805505.193311
-0.004270, 0.005440, 1407666693.545354, 1052351028.551625, 1119996569.934226
-0.004154, 0.005440, 512457269.056311, 512457269.056242, 513120782.241839
-0.004036, 0.005440, 694635947.467078, 626226418.008700, 648850729.005921
-0.003920, 0.005440, 581495812.959220, 551763484.370129, 562219079.418704
-0.003803, 0.005440, 813186817.227494, 1321358632.366433, 845801319.341552
-0.003686, 0.005440, 1224665187.285924, 1383382127.256634, 1273864769.107411
-0.003569, 0.005440, 501614950.722689, 501200898.068578, 502471101.908924
-0.003452, 0.005440, 500000000.000104, 500000000.000096, 499999999.999987
-0.003335, 0.005440, 501916034.114401, 501916034.114434, 503482803.194821
-0.003218, 0.005440, 819622424.044094, 654937175.416021, 680451622.866707
-0.003101, 0.005440, 543654111.231956, 529195381.950127, 535906711.672837
-0.002984, 0.005440, 500000000.000100, 500000000.000096, 499999999.999987
-0.002867, 0.005440, 603127337.081967, 572663639.031545, 586520772.922751
-0.002750, 0.005440, 673946895.630782, 600797516.021398, 619249061.030719
-0.002633, 0.005440, 500000000.000100, 500000000.000110, 499999999.999988
-0.002516, 0.005440, 500000000.000100, 500000000.000101, 499999999.999987
-0.002399, 0.005440, 500000000.000101, 500000000.000113, 499999999.999987
-0.002282, 0.005440, 500000000.000091, 500000000.000110, 499999999.999987
-0.002165, 0.005440, 500000000.000101, 500000000.000094, 499999999.999988
-0.002048, 0.005440, 659284244.876718, 606420650.084081, 625792593.245680
-0.001931, 0.005440, 609228399.831995, 567730651.678443, 580794963.302378
-0.001814, 0.005440, 500000000.000100, 500000000.000099, 499999999.999987
-0.001697, 0.005440, 539678706.487851, 532365495.975393, 539621928.521890
-0.001580, 0.005440, 825309988.386175, 651801569.876813, 677312798.450031
-0.001463, 0.005440, 501205996.849420, 500897684.646519, 502014741.268995
-0.001345, 0.005440, 500000000.000095, 500000000.000094, 499999999.999987
-0.001228, 0.005440, 500000000.000092, 500000000.000111, 499999999.999987
-0.001112, 0.005440, 500000000.000103, 500000000.000097, 499999999.999987
-0.000995, 0.005440, 4184861608.495190, 4137255333.409889, 3987121193.539038
-0.000878, 0.005440, 6711845705.895782, 3565216743.969571, 5022618548.037345
-0.000761, 0.005440, 15995184445.067019, 2737529059.850086, 3751389587.915797
-0.000644, 0.005440, 16781356722.788601, 14199229567.080740, 17633042875.960529
-0.000527, 0.005440, 9241946460.202938, 2677484016.370286, 3522860828.145740
-0.000410, 0.005440, 6917574104.237567, 2486128682.179002, 2472871128.386693
-0.000293, 0.005440, 56749537669.649857, 3275145030.700493, 3287233476.239784
-0.000176, 0.005440, 11242378371.418514, 6143008552.932942, 5375067098.604178
-0.000058, 0.005440, 91143511084.480087, 47721085907.064873, 9108247949.240688
0.000058, 0.005440, 120000000000.052933, 120000000000.063705, 119999999999.980453
0.000175, 0.005440, 120000000000.054001, 120000000000.062027, 119999999999.980728
0.000292, 0.005440, 2122338856.727365, 3539120360.575907, 2639996473.211505
0.000409, 0.005440, 2524967774.546100, 1265036051.652435, 1449103395.972838
0.000526, 0.005440, 62950839689.980064, 6077193771.740928, 7196955220.217649
0.000643, 0.005440, 14011823397.441906, 16720222913.442802, 18483428102.164867
0.000760, 0.005440, 2281618285.183754, 1863153862.150208, 1931731883.719051
0.000877, 0.005440, 3373445708.105637, 1631855099.864715, 1934074621.095910
0.000994, 0.005440, 9118566246.558170, 27703293327.440418, 5103891775.592112
0.001112, 0.005440, 118808015577.541870, 119492607355.366684, 119414755293.969116
0.001228, 0.005440, 500000000.000099, 500000000.000100, 499999999.999987
0.001345, 0.005440, 632212590.292850, 691637159.300696, 650035994.418730
0.001462, 0.005440, 4900673258.074639, 2562839897.492990, 3071990280.820568
0.001579, 0.005440, 883791103.321837, 769692447.476611, 758137460.181308
0.001696, 0.005440, 548822809.000740, 532365495.964708, 539621928.522969
0.001813, 0.005440, 500000000.000095, 500000000.000099, 499999999.999987
0.001930, 0.005440, 594768634.002131, 567730651.701019, 580794963.301814
0.002048, 0.005440, 687209511.495587, 606420650.071004, 625792593.238631
0.002164, 0.005440, 1175649586.916202, 2332657735.957431, 1212221835.842017
0.002282, 0.005440, 1877140249.592199, 1251214732.935252, 1370541920.998160
0.002398, 0.005440, 616648059.757176, 719969623.474138, 637189213.688555
0.002515, 0.005440, 1211984094.931264, 3713342563.179633, 1259660624.762629
0.002632, 0.005440, 25878387942.646145, 25878387942.646252, 34848316598.590637
0.002749, 0.005440, 726717912.542073, 783677990.991504, 717122121.781028
0.002866, 0.005440, 618293660.161917, 572663638.981806, 586520772.920785
0.002983, 0.005440, 505765349.686328, 506760271.981356, 508049973.312854
0.003101, 0.005440, 1331996668.313489, 993054244.686198, 1053669026.826696
0.003217, 0.005440, 984082789.970907, 856469000.001414, 899860608.872494
0.003335, 0.005440, 19498165460.431847, 4154384418.350371, 5286545804.223262
0.003451, 0.005440, 1309611913.237566, 3338318005.174961, 1536364270.771959
0.003569, 0.005440, 500000000.000097, 500000000.000110, 499999999.999988
0.003685, 0.005440, 1001024934.342013, 3576095281.614921, 1150750463.008542
0.003802, 0.005440, 119970677308.675232, 119970677308.684418, 119985142915.754623
0.003919, 0.005440, 683675201.392655, 766578009.618498, 705542528.531025
0.004037, 0.005440, 740414611.419082, 626226417.995530, 648850728.998204
0.004153, 0.005440, 500000000.000094, 500000000.000106, 499999999.999987
0.004270, 0.005440, 504405991.137155, 504405991.137127, 506701540.954763
0.004388, 0.005440, 861925752.104317, 658753831.840813, 684093634.456434
0.004504, 0.005440, 535367705.010584, 524165030.315211, 530033726.292588
0.004622, 0.005440, 500000000.000100, 500000000.000108, 499999999.999987
0.004738, 0.005440, 500000000.000100, 500000000.000098, 499999999.999988
0.004856, 0.005440, 500000000.000099, 500000000.000113, 499999999.999988
0.004972, 0.005440, 499999999.999735, 500000000.000106, 499999999.999987
0.005090, 0.005440, 520894035.660040, 518730356.436705, 523648746.550037
0.005206, 0.005440, 867218302.312691, 661089277.639867, 686304195.426458
0.005324, 0.005440, 511087651.492897, 508490733.355899, 511590491.946126
0.005440, 0.005440, 500000000.000102, 500000000.000095, 499999999.999987
0.005557, 0.005440, 674491642.841109, 615391129.834679, 636197687.272617
0.005675, 0.005440, 596090233.259709, 560245330.181256, 572089925.006348
0.005791, 0.005440, 500000000.000104, 500000000.000096, 499999999.999987
-0.005791, 0.005557, 601003182.411372, 768093118.386717, 619267618.535300
-0.005674, 0.005557, 120000000000.053635, 120000000000.062027, 119999999999.980606
-0.005557, 0.005557, 120000000000.053955, 120000000000.061768, 119999999999.980652
-0.005441, 0.005557, 120000000000.053543, 120000000000.062180, 119999999999.980743
-0.005324, 0.005557, 120000000000.054932, 120000000000.062134, 119999999999.980667
-0.005207, 0.005557, 119999999999.960526, 120000000000.061905, 119999999999.980652
-0.005089, 0.005557, 120000000000.053802, 120000000000.061905, 119999999999.980606
-0.004972, 0.005557, 1121942918.759122, 1214562128.649609, 1006189256.255398
-0.004855, 0.005557, 14866790630.102253, 46277141878.881104, 3648633348.830529
-0.004738, 0.005557, 119999999999.961151, 119999999999.968643, 119999999999.980621
-0.004621, 0.005557, 120000000000.055008, 120000000000.061737, 119999999999.969254
-0.004504, 0.005557, 2872156179.673561, 19596725798.925434, 3986216356.599524
-0.004387, 0.005557, 120000000000.052979, 120000000000.061951, 119999999999.969254
-0.004270, 0.005557, 889802568.830405, 1366274346.209410, 939542674.550467
-0.004154, 0.005557, 653210746.127167, 722175040.163173, 678047782.231671
-0.004036, 0.005557, 117877911801.205643, 117877911801.233902, 96537602980.497025
-0.003920, 0.005557, 3400976042.865656, 42056375513.799133, 4169158403.914456
-0.003803, 0.005557, 813186817.231494, 1321358632.366440, 845801319.341803
-0.003686, 0.005557, 120000000000.055450, 120000000000.061615, 119999999999.980576
-0.003569, 0.005557, 1224665187.285922, 1383382127.255901, 1273864769.107342
-0.003452, 0.005557, 501614950.722689, 501200898.068496, 502471101.908924
-0.003335, 0.005557, 827784921.441756, 1077268131.274256, 869854152.304046
-0.003218, 0.005557, 120000000000.053955, 120000000000.062271, 119999999999.980652
-0.003101, 0.005557, 1623103653.771608, 7418679509.064873, 1803138463.253350
-0.002984, 0.005557, 516383332.812935, 527941189.515567, 523354788.225710
-0.002867, 0.005557, 50571229173.562462, 83392223998.095001, 10281513528.566246
-0.002750, 0.005557, 22301290437.179073, 107662787132.790039, 29481879952.387714
-0.002633, 0.005557, 574825342.120935, 621629405.503434, 590816778.722030
-0.002516, 0.005557, 500000000.000098, 500000000.000110, 499999999.999988
-0.002399, 0.005557, 500000000.000098, 500000000.000108, 499999999.999988
-0.002282, 0.005557, 500000000.000098, 500000000.000098, 499999999.999987
-0.002165, 0.005557, 588804187.581406, 640838919.448392, 606805950.887394
-0.002048, 0.005557, 110693059880.253983, 110693059880.325226, 38209920023.494858
-0.001931, 0.005557, 6767350814.479220, 77416686124.814835, 8392277542.398796
-0.001814, 0.005557, 510153591.675634, 516529111.873948, 515113758.639267
-0.001697, 0.005557, 1792531182.242599, 9314636917.772745, 1983979516.731516
-0.001580, 0.005557, 120000000000.054245, 120000000000.061523, 119999999999.969376
-0.001463, 0.005557, 793593019.544456, 954021495.151921, 832657445.904878
-0.001345, 0.005557, 500000000.000103, 500000000.000111, 499999999.999987
-0.001228, 0.005557, 500000000.000100, 500000000.000096, 499999999.999987
-0.001112, 0.005557, 500000000.000095, 499999999.999755, 499999999.999988
-0.000995, 0.005557, 564986651.462520, 566816052.138075, 572778444.841066
-0.000878, 0.005557, 18974833588.563293, 60683631012.546440, 6681159376.797875
-0.000761, 0.005557, 55401637000.942253, 116479205121.741440, 77960765277.361481
-0.000644, 0.005557, 839801661.604093, 1085796091.909226, 937658611.221049
-0.000527, 0.005557, 108608979564.176849, 23901169761.421467, 31900646878.962975
-0.000410, 0.005557, 120000000000.055130, 120000000000.062180, 119999999999.969208
-0.000293, 0.005557, 2215485898.705892, 6457856024.540730, 2846856671.669187
-0.000176, 0.005557, 7226237509.102375, 2129721023.057945, 2387183263.769424
-0.000058, 0.005557, 7100844420.094661, 2048848075.387304, 2280123099.831913
0.000058, 0.005557, 7100867232.784907, 2048849417.573711, 2280126228.915027
0.000175, 0.005557, 7081402957.452385, 2048596318.916458, 2279943961.262800
0.000292, 0.005557, 2103053893.593415, 6635632327.212846, 2669080324.067836
0.000409, 0.005557, 120000000000.053741, 120000000000.061646, 119999999999.969254
0.000526, 0.005557, 1959653424.232577, 4692930197.870437, 2433547143.352391
0.000643, 0.005557, 1997303956.300667, 2431346747.938548, 2031366844.016713
0.000760, 0.005557, 118845999021.589127, 119708435275.195023, 119279812658.359238
0.000877, 0.005557, 4399590976.173114, 55106634015.191002, 5867211010.481126
0.000994, 0.005557, 3906124732.325260, 2192618569.826828, 2193695930.802108
0.001112, 0.005557, 1735526932.766056, 1453439150.947229, 1558741766.802406
0.001228, 0.005557, 585125097.069494, 620041709.364296, 600713931.944889
0.001345, 0.005557, 56329255838.497726, 8826820957.259239, 10612784298.093042
0.001462, 0.005557, 99174523777.019562, 8746580052.794233, 9150889579.360437
0.001579, 0.005557, 120000000000.053833, 120000000000.062180, 119999999999.980423
0.001696, 0.005557, 1768230450.483939, 9314636917.674116, 1983979516.694197
0.001813, 0.005557, 626268431.725809, 655807123.836441, 643468622.814717
0.001930, 0.005557, 96599285309.938049, 77764566296.754196, 10741148210.648399
0.002048, 0.005557, 28126157962.309254, 110693059880.269241, 38209920023.230675
0.002164, 0.005557, 1316477397.053846, 2962314264.221275, 1496704022.381294
0.002282, 0.005557, 8273594076.675871, 68805417195.474518, 10376039041.838289
0.002398, 0.005557, 1687070329.968185, 4734348443.830215, 1856813749.386945
0.002515, 0.005557, 1601782980.780528, 4378452198.989962, 1796581249.126524
0.002632, 0.005557, 833296695.992291, 751979186.913926, 763413081.193907
0.002749, 0.005557, 107662787132.796585, 107662787132.880920, 29481879952.013935
0.002866, 0.005557, 8298381917.232983, 83392223998.112366, 10281513528.692280
0.002983, 0.005557, 516963524.432360, 527941189.516258, 523354788.225582
0.003101, 0.005557, 2156117081.265837, 9680217044.156199, 2373901327.947123
0.003217, 0.005557, 120000000000.054489, 120000000000.061249, 119999999999.980652
0.003335, 0.005557, 827281889.646068, 1077268131.176627, 869854152.296228
0.003451, 0.005557, 1051879578.418332, 3612968173.384089, 1137739729.453306
0.003569, 0.005557, 644151923.212680, 680582266.094366, 669711625.389344
0.003685, 0.005557, 5515289184.039197, 39376359157.377693, 3689502957.841974
0.003802, 0.005557, 924316593.118175, 754533014.790503, 784148017.945423
0.003919, 0.005557, 3653005498.411709, 42056375514.008636, 4169158403.966445
0.004037, 0.005557, 70985431521.695633, 117877911801.212677, 96537602980.497147
0.004153, 0.005557, 653733742.502464, 722175040.171154, 678047782.237276
0.004270, 0.005557, 890691501.850873, 1366274346.306543, 939542674.548525
0.004388, 0.005557, 120000000000.054474, 120000000000.062439, 119999999999.980728
0.004504, 0.005557, 1425409868.205462, 5257080917.058401, 1562566035.716190
0.004622, 0.005557, 500000000.000103, 500000000.000098, 499999999.999988
0.004738, 0.005557, 500000000.000100, 500000000.000098, 499999999.999988
0.004856, 0.005557, 500000000.000100, 500000000.000097, 499999999.999987
0.004972, 0.005557, 500000000.000103, 500000000.000099, 499999999.999988
0.005090, 0.005557, 1251682132.473211, 3656002092.397212, 1348515503.177423
0.005206, 0.005557, 120000000000.052948, 120000000000.061905, 119999999999.969299
0.005324, 0.005557, 978021909.946985, 1841361933.529159, 1038964158.757665
0.005440, 0.005557, 615391129.873274, 674491642.863335, 636197687.256710
0.005557, 0.005557, 114667270897.680771, 114667270897.729752, 58790171868.460304
0.005675, 0.005557, 4949156579.076987, 66587177806.388199, 6082527878.980653
0.005791, 0.005557, 502026607.853099, 503130556.466635, 504277697.418400
-0.005791, 0.005675, 535350113.049536, 561157302.443287, 542658796.860484
-0.005674, 0.005675, 37604586724.710831, 3717501118.638400, 4104267624.039073
-0.005557, 0.005675, 120000000000.053925, 120000000000.062073, 119999999999.980652
-0.005441, 0.005675, 120000000000.052399, 120000000000.062393, 119999999999.980774
-0.005324, 0.005675, 120000000000.054413, 120000000000.061890, 119999999999.980499
-0.005207, 0.005675, 120000000000.054535, 119999999999.969299, 119999999999.980606
-0.005089, 0.005675, 119999999999.961700, 120000000000.061661, 119999999999.980499
-0.004972, 0.005675, 120000000000.053741, 120000000000.061783, 119999999999.980499
-0.004855, 0.005675, 120000000000.053864, 120000000000.062225, 119999999999.980286
-0.004738, 0.005675, 120000000000.053314, 120000000000.062195, 119999999999.980667
-0.004621, 0.005675, 120000000000.052658, 120000000000.061890, 119999999999.980728
-0.004504, 0.005675, 1401034869.776147, 2403002437.847459, 1539449714.994525
-0.004387, 0.005675, 25664436914.757801, 11329991050.675503, 18081252072.642647
-0.004270, 0.005675, 717062769.512382, 779112888.450758, 739953911.226614
-0.004154, 0.005675, 581719392.730191, 620364592.818615, 595438895.136899
-0.004036, 0.005675, 75266637722.612350, 5982221581.849160, 7634065412.513762
-0.003920, 0.005675, 1715904999.493247, 1805155379.475195, 1805476646.605637
-0.003803, 0.005675, 813186817.227131, 1321358632.366436, 845801319.341590
-0.003686, 0.005675, 120000000000.053589, 120000000000.061691, 119999999999.969254
-0.003569, 0.005675, 120000000000.053421, 120000000000.061890, 119999999999.980606
-0.003452, 0.005675, 1224665187.285929, 1383382127.254328, 1273864769.107329
-0.003335, 0.005675, 681862653.247277, 736617032.707512, 705371437.565407
-0.003218, 0.005675, 63471715648.341042, 10334065175.182568, 15884529052.145237
-0.003101, 0.005675, 1109449504.673220, 1225567047.556037, 1150350312.740190
-0.002984, 0.005675, 503874311.090741, 509634342.575269, 506749873.809840
-0.002867, 0.005675, 8426992625.678289, 2515532962.098468, 2817970327.864442
-0.002750, 0.005675, 4561934906.894925, 3872816068.844842, 4596161215.914552
-0.002633, 0.005675, 538076260.900424, 568422813.520020, 545995066.679717
-0.002516, 0.005675, 500000000.000098, 500000000.000110, 499999999.999987
-0.002399, 0.005675, 500000000.000096, 500000000.000095, 499999999.999987
-0.002282, 0.005675, 500000000.000100, 500000000.000105, 499999999.999987
-0.002165, 0.005675, 544787755.398545, 578360970.542130, 555143707.366348
-0.002048, 0.005675, 56398299111.982216, 4238716547.405252, 5089076772.982335
-0.001931, 0.005675, 2476401030.674614, 2346113750.501772, 2576152483.687231
-0.001814, 0.005675, 501511541.887740, 502874482.489033, 502837545.148168
-0.001697, 0.005675, 1173747955.244565, 1298687071.619188, 1221383592.939169
-0.001580, 0.005675, 16933695201.739971, 9663485023.692930, 14416800948.677668
-0.001463, 0.005675, 661499226.752699, 712131446.351482, 680356369.567923
-0.001345, 0.005675, 500000000.000094, 500000000.000103, 499999999.999987
-0.001228, 0.005675, 499999999.999740, 500000000.000110, 499999999.999987
-0.001112, 0.005675, 500000000.000098, 500000000.000110, 499999999.999987
-0.000995, 0.005675, 504833147.978549, 512144382.756782, 508102678.979958
-0.000878, 0.005675, 9170480269.442410, 1999417847.743428, 2226999724.722864
-0.000761, 0.005675, 6837292013.877351, 5424360863.818411, 6777242277.477845
-0.000644, 0.005675, 571987193.338352, 607507208.151423, 583131145.353485
-0.000527, 0.005675, 783840741.726324, 818418017.407074, 805207700.022932
-0.000410, 0.005675, 50447490151.480156, 11724059702.680000, 19001944157.989304
-0.000293, 0.005675, 964808124.490625, 1066554616.132127, 998890566.380759
-0.000176, 0.005675, 500000000.000098, 500000000.000108, 499999999.999987
-0.000058, 0.005675, 500000000.000099, 500000000.000101, 499999999.999988
0.000058, 0.005675, 500000000.000105, 500000000.000103, 499999999.999988
0.000175, 0.005675, 500000000.000101, 500000000.000100, 499999999.999988
0.000292, 0.005675, 958593059.366979, 1066554616.132984, 998890566.380708
0.000409, 0.005675, 29120407797.232746, 11724059702.679787, 19001944157.989246
0.000526, 0.005675, 741770432.649146, 809327148.058807, 766760957.344047
0.000643, 0.005675, 570425108.105054, 607507208.151881, 583131145.354396
0.000760, 0.005675, 71674333045.628860, 5424360863.819700, 6777242277.477849
0.000877, 0.005675, 1882123719.300436, 1937248986.412625, 1985686608.463493
0.000994, 0.005675, 500000000.000097, 500000000.000104, 499999999.999987
0.001112, 0.005675, 500000000.000091, 500000000.000110, 499999999.999987
0.001228, 0.005675, 523993743.909181, 535659368.321321, 530434452.453582
0.001345, 0.005675, 2535407921.626816, 1073247982.900219, 1146170823.842697
0.001462, 0.005675, 6123341930.635674, 1399739498.149780, 1479718004.570288
0.001579, 0.005675, 68621204933.309303, 9663485023.692947, 14416800948.677477
0.001696, 0.005675, 1177157110.719154, 1298687071.618209, 1221383592.939200
0.001813, 0.005675, 572080395.592927, 591956968.891349, 582710003.148690
0.001930, 0.005675, 44590913052.022797, 2559284521.025474, 2967629112.267600
0.002048, 0.005675, 5074534048.133492, 4238716547.404245, 5089076772.982370
0.002164, 0.005675, 606700850.451028, 689553668.505541, 625545449.989666
0.002282, 0.005675, 909064200.014976, 745002737.605852, 773177630.318318
0.002398, 0.005675, 608174683.761899, 591053285.525428, 602564109.446302
0.002515, 0.005675, 623535390.385477, 593071468.007112, 604928855.660768
0.002632, 0.005675, 564890023.158794, 583608045.074240, 575138527.029751
0.002749, 0.005675, 50272460058.281944, 3872816068.845875, 4596161215.914529
0.002866, 0.005675, 2732264578.939104, 2515532962.097392, 2817970327.864479
0.002983, 0.005675, 504340165.664711, 509634342.575201, 506749873.809813
0.003101, 0.005675, 1104856239.433136, 1225567047.556983, 1150350312.740206
0.003217, 0.005675, 19699565576.692387, 10334065175.182062, 15884529052.145285
0.003335, 0.005675, 680196861.482558, 734022025.695471, 700508588.116130
0.003451, 0.005675, 7410711957.625340, 5862179360.105362, 5721833245.721553
0.003569, 0.005675, 1013096322.717234, 1412023817.515368, 1098116433.939571
0.003685, 0.005675, 3771938075.967124, 1582471743.051596, 1756642250.505900
0.003802, 0.005675, 568443324.678274, 595792907.640549, 577964617.189098
0.003919, 0.005675, 1756305238.839742, 1805155379.475936, 1805476646.604467
0.004037, 0.005675, 7769974103.317912, 5982221581.848322, 7634065412.513794
0.004153, 0.005675, 583180348.407981, 620364592.818153, 595438895.137641
0.004270, 0.005675, 715506128.950529, 779112888.451450, 739953911.225023
0.004388, 0.005675, 55679258614.169197, 11329991050.675817, 18081252072.642681
0.004504, 0.005675, 1016020584.521576, 1124231278.139685, 1051996131.308994
0.004622, 0.005675, 500000000.000100, 500000000.000112, 499999999.999987
0.004738, 0.005675, 500000000.000097, 500000000.000111, 499999999.999987
0.004856, 0.005675, 500000000.000099, 500000000.000113, 499999999.999988
0.004972, 0.005675, 500000000.000096, 500000000.000101, 499999999.999987
0.005090, 0.005675, 915659332.990444, 1019430706.268501, 954045698.142793
0.005206, 0.005675, 31550829146.506622, 11990084683.066303, 19689667961.202141
0.005324, 0.005675, 769566551.075407, 843327035.998175, 796048035.075537
0.005440, 0.005675, 560245330.231622, 596090233.261419, 572089925.003751
0.005557, 0.005675, 66587177806.664215, 4949156579.078452, 6082527878.936500
0.005675, 0.005675, 2076391507.577163, 2076391507.577139, 2187472649.701844
0.005791, 0.005675, 500000000.000094, 500000000.000095, 499999999.999987
-0.005791, 0.005791, 500000000.000092, 500000000.000108, 499999999.999987
-0.005674, 0.005791, 545074992.149747, 536643402.886153, 542486073.135708
-0.005557, 0.005791, 764169908.143450, 601058065.035485, 618591546.058350
-0.005441, 0.005791, 764169908.143416, 601058065.035482, 618591546.058350
-0.005324, 0.005791, 764169908.143379, 601058065.035479, 618591546.058350
-0.005207, 0.005791, 764169908.143463, 601058065.035478, 618591546.058350
-0.005089, 0.005791, 764169908.143457, 601058065.035482, 618591546.058350
-0.004972, 0.005791, 764169908.143316, 601058065.035483, 618591546.058350
-0.004855, 0.005791, 764169908.143203, 601058065.035484, 618591546.058350
-0.004738, 0.005791, 764169908.143409, 601058065.035477, 618591546.058350
-0.004621, 0.005791, 764169908.143339, 601058065.035479, 618591546.058350
-0.004504, 0.005791, 511140007.982466, 512475879.214980, 512029002.221766
-0.004387, 0.005791, 503592356.115215, 502077484.270073, 504327581.100369
-0.004270, 0.005791, 500000000.000102, 500000000.000111, 499999999.999987
-0.004154, 0.005791, 500000000.000103, 500000000.000097, 499999999.999987
-0.004036, 0.005791, 503339623.026714, 502053827.820034, 504301619.723158
-0.003920, 0.005791, 500000000.000099, 500000000.000105, 499999999.999988
-0.003803, 0.005791, 513474688.737196, 506522846.935690, 511214180.083362
-0.003686, 0.005791, 599884742.411705, 519811336.792739, 530923002.130803
-0.003569, 0.005791, 599884742.411699, 519811336.792747, 530923002.130803
-0.003452, 0.005791, 599884742.411630, 519811336.792747, 530923002.130802
-0.003335, 0.005791, 501989134.729207, 501237603.411996, 502316369.602971
-0.003218, 0.005791, 503551389.182321, 502081032.531417, 504327104.977010
-0.003101, 0.005791, 500000000.000100, 500000000.000109, 499999999.999987
-0.002984, 0.005791, 500000000.000099, 500000000.000098, 499999999.999987
-0.002867, 0.005791, 500000000.000100, 499999999.999749, 499999999.999988
-0.002750, 0.005791, 505105174.217355, 501908603.829278, 503831924.940143
-0.002633, 0.005791, 500000000.000101, 500000000.000096, 499999999.999987
-0.002516, 0.005791, 500000000.000102, 500000000.000099, 499999999.999987
-0.002399, 0.005791, 500000000.000097, 500000000.000110, 499999999.999988
-0.002282, 0.005791, 499999999.999739, 500000000.000111, 499999999.999987
-0.002165, 0.005791, 500000000.000101, 500000000.000098, 499999999.999987
-0.002048, 0.005791, 502827283.456079, 501981633.565936, 504179494.147028
-0.001931, 0.005791, 500000000.000093, 500000000.000098, 499999999.999987
-0.001814, 0.005791, 500000000.000100, 500000000.000106, 499999999.999988
-0.001697, 0.005791, 500000000.000100, 500000000.000098, 499999999.999987
-0.001580, 0.005791, 503610440.573724, 502072986.640546, 504326997.245945
-0.001463, 0.005791, 500000000.000101, 500000000.000096, 499999999.999987
-0.001345, 0.005791, 500000000.000094, 500000000.000093, 499999999.999988
-0.001228, 0.005791, 500000000.000097, 500000000.000099, 499999999.999987
-0.001112, 0.005791, 500000000.000098, 500000000.000098, 499999999.999987
-0.000995, 0.005791, 500000000.000100, 500000000.000101, 499999999.999987
-0.000878, 0.005791, 500000000.000095, 500000000.000098, 499999999.999987
-0.000761, 0.005791, 503724690.701990, 502043290.353885, 504291796.969744
-0.000644, 0.005791, 500000000.000103, 500000000.000100, 499999999.999987
-0.000527, 0.005791, 500000000.000100, 500000000.000095, 499999999.999988
-0.000410, 0.005791, 503573032.753977, 502083043.100517, 504329286.628458
-0.000293, 0.005791, 500000000.000100, 500000000.000098, 499999999.999987
-0.000176, 0.005791, 500000000.000101, 500000000.000098, 499999999.999988
-0.000058, 0.005791, 500000000.000102, 500000000.000110, 499999999.999987
0.000058, 0.005791, 500000000.000100, 500000000.000096, 499999999.999987
0.000175, 0.005791, 500000000.000099, 500000000.000110, 499999999.999988
0.000292, 0.005791, 500000000.000100, 500000000.000107, 499999999.999988
0.000409, 0.005791, 503599773.610862, 502083043.100875, 504329286.628499
0.000526, 0.005791, 500000000.000104, 500000000.000096, 499999999.999987
0.000643, 0.005791, 500000000.000099, 500000000.000106, 499999999.999988
0.000760, 0.005791, 503257837.059051, 502043290.354243, 504291796.969740
0.000877, 0.005791, 500000000.000098, 499999999.999737, 499999999.999987
0.000994, 0.005791, 500000000.000105, 500000000.000109, 499999999.999987
0.001112, 0.005791, 500000000.000096, 500000000.000098, 499999999.999988
0.001228, 0.005791, 500000000.000098, 500000000.000111, 499999999.999988
0.001345, 0.005791, 500000000.000095, 500000000.000097, 499999999.999988
0.001462, 0.005791, 500000000.000093, 500000000.000098, 499999999.999987
0.001579, 0.005791, 503531012.448931, 502072986.640544, 504326997.245939
0.001696, 0.005791, 500000000.000094, 500000000.000106, 499999999.999987
0.001813, 0.005791, 500000000.000098, 500000000.000102, 499999999.999987
0.001930, 0.005791, 500000000.000096, 500000000.000110, 499999999.999987
0.002048, 0.005791, 504207958.840925, 501981633.565563, 504179494.146998
0.002164, 0.005791, 500000000.000096, 500000000.000104, 499999999.999988
0.002282, 0.005791, 500000000.000102, 500000000.000100, 499999999.999987
0.002398, 0.005791, 500000000.000099, 500000000.000096, 499999999.999987
0.002515, 0.005791, 500000000.000100, 500000000.000099, 499999999.999925
0.002632, 0.005791, 500000000.000092, 500000000.000111, 499999999.999988
0.002749, 0.005791, 502556687.124525, 501908603.829300, 503831924.940133
0.002866, 0.005791, 500000000.000096, 500000000.000096, 499999999.999987
0.002983, 0.005791, 500000000.000100, 500000000.000101, 499999999.999988
0.003101, 0.005791, 500000000.000104, 500000000.000096, 499999999.999987
0.003217, 0.005791, 503612259.192983, 502081032.531414, 504327104.976970
0.003335, 0.005791, 500000000.000103, 500000000.000100, 499999999.999987
0.003451, 0.005791, 521763794.004747, 511888187.832770, 518197093.541765
0.003569, 0.005791, 500000000.000107, 500000000.000096, 499999999.999987
0.003685, 0.005791, 500000000.000097, 500000000.000111, 499999999.999988
0.003802, 0.005791, 500000000.000099, 500000000.000112, 499999999.999987
0.003919, 0.005791, 500000000.000095, 500000000.000114, 499999999.999987
0.004037, 0.005791, 503684700.705945, 502053827.819644, 504301619.723124
0.004153, 0.005791, 500000000.000094, 500000000.000098, 499999999.999988
0.004270, 0.005791, 500000000.000099, 500000000.000096, 499999999.999987
0.004388, 0.005791, 503555431.599781, 502077484.270080, 504327581.100371
0.004504, 0.005791, 500000000.000097, 500000000.000115, 499999999.999988
0.004622, 0.005791, 500000000.000098, 500000000.000109, 499999999.999987
0.004738, 0.005791, 500000000.000089, 500000000.000111, 499999999.999988
0.004856, 0.005791, 500000000.000097, 500000000.000109, 499999999.999988
0.004972, 0.005791, 500000000.000094, 500000000.000109, 499999999.999988
0.005090, 0.005791, 500000000.000102, 500000000.000111, 499999999.999987
0.005206, 0.005791, 503593047.266927, 502078442.670048, 504331636.027494
0.005324, 0.005791, 500000000.000098, 500000000.000098, 499999999.999987
0.005440, 0.005791, 500000000.000101, 500000000.000095, 499999999.999987
0.005557, 0.005791, 503130556.466638, 502026607.853134, 504277697.418396
0.005675, 0.005791, 500000000.000100, 500000000.000111, 499999999.999987
0.005791, 0.005791, 500000000.000103, 500000000.000100, 499999999.999987
