-5.791500e-03, -5.791500e-03, 5.500000e-07, 5.500000e-07, 5.500000e-07
-5.674500e-03, -5.791500e-03, 1.444736e-06, 1.389915e-06, 1.402154e-06
-5.557500e-03, -5.791500e-03, 3.176153e-06, 2.896463e-06, 2.943927e-06
-5.440500e-03, -5.791500e-03, 3.176153e-06, 2.896463e-06, 2.943927e-06
-5.323500e-03, -5.791500e-03, 3.176153e-06, 2.896463e-06, 2.943927e-06
-5.206500e-03, -5.791500e-03, 3.176153e-06, 2.896463e-06, 2.943927e-06
-5.089500e-03, -5.791500e-03, 3.176153e-06, 2.896463e-06, 2.943927e-06
-4.972500e-03, -5.791500e-03, 3.176153e-06, 2.896463e-06, 2.943927e-06
-4.855500e-03, -5.791500e-03, 3.176153e-06, 2.896463e-06, 2.943927e-06
-4.738500e-03, -5.791500e-03, 3.176153e-06, 2.896463e-06, 2.943927e-06
-4.621500e-03, -5.791500e-03, 1.533906e-06, 1.467806e-06, 1.482003e-06
-4.504500e-03, -5.791500e-03, 5.500000e-07, 5.500000e-07, 5.500000e-07
-4.387500e-03, -5.791500e-03, 5.725735e-07, 5.683232e-07, 5.717827e-07
-4.270500e-03, -5.791500e-03, 5.500000e-07, 5.500000e-07, 5.500000e-07
-4.153500e-03, -5.791500e-03, 5.500000e-07, 5.500000e-07, 5.500000e-07
-4.036500e-03, -5.791500e-03, 5.500000e-07, 5.500000e-07, 5.500000e-07
-3.919500e-03, -5.791500e-03, 5.500000e-07, 5.500000e-07, 5.500000e-07
-3.802500e-03, -5.791500e-03, 5.500000e-07, 5.500000e-07, 5.500000e-07
-3.685500e-03, -5.791500e-03, 8.357547e-07, 7.791457e-07, 8.003494e-07
-3.568500e-03, -5.791500e-03, 1.158098e-06, 1.006144e-06, 1.048385e-06
-3.451500e-03, -5.791500e-03, 5.500000e-07, 5.500000e-07, 5.500000e-07
-3.334500e-03, -5.791500e-03, 5.500000e-07, 5.500000e-07, 5.500000e-07
-3.217500e-03, -5.791500e-03, 5.725638e-07, 5.683222e-07, 5.717820e-07
-3.100500e-03, -5.791500e-03, 5.500000e-07, 5.500000e-07, 5.500000e-07
-2.983500e-03, -5.791500e-03, 5.500000e-07, 5.500000e-07, 5.500000e-07
-2.866500e-03, -5.791500e-03, 5.500000e-07, 5.500000e-07, 5.500000e-07
-2.749500e-03, -5.791500e-03, 5.500000e-07, 5.500000e-07, 5.500000e-07
-2.632500e-03, -5.791500e-03, 5.500000e-07, 5.500000e-07, 5.500000e-07
-2.515500e-03, -5.791500e-03, 5.500000e-07, 5.500000e-07, 5.500000e-07
-2.398500e-03, -5.791500e-03, 5.725824e-07, 5.683238e-07, 5.717839e-07
-2.281500e-03, -5.791500e-03, 5.500000e-07, 5.500000e-07, 5.500000e-07
-2.164500e-03, -5.791500e-03, 5.500000e-07, 5.500000e-07, 5.500000e-07
-2.047500e-03, -5.791500e-03, 5.718604e-07, 5.682641e-07, 5.716779e-07
-1.930500e-03, -5.791500e-03, 5.500000e-07, 5.500000e-07, 5.500000e-07
-1.813500e-03, -5.791500e-03, 5.500000e-07, 5.500000e-07, 5.500000e-07
-1.696500e-03, -5.791500e-03, 5.500000e-07, 5.500000e-07, 5.500000e-07
-1.579500e-03, -5.791500e-03, 5.500000e-07, 5.500000e-07, 5.500000e-07
-1.462500e-03, -5.791500e-03, 5.500000e-07, 5.500000e-07, 5.500000e-07
-1.345500e-03, -5.791500e-03, 5.500000e-07, 5.500000e-07, 5.500000e-07
-1.228500e-03, -5.791500e-03, 5.725157e-07, 5.683190e-07, 5.717757e-07
-1.111500e-03, -5.791500e-03, 5.500000e-07, 5.500000e-07, 5.500000e-07
-9.945000e-04, -5.791500e-03, 5.500000e-07, 5.500000e-07, 5.500000e-07
-8.775000e-04, -5.791500e-03, 5.500000e-07, 5.500000e-07, 5.500000e-07
-7.605000e-04, -5.791500e-03, 5.723591e-07, 5.683069e-07, 5.717561e-07
-6.435000e-04, -5.791500e-03, 5.500000e-07, 5.500000e-07, 5.500000e-07
-5.265000e-04, -5.791500e-03, 5.500000e-07, 5.500000e-07, 5.500000e-07
-4.095000e-04, -5.791500e-03, 5.500000e-07, 5.500000e-07, 5.500000e-07
-2.925000e-04, -5.791500e-03, 5.500000e-07, 5.500000e-07, 5.500000e-07
-1.755000e-04, -5.791500e-03, 5.500000e-07, 5.500000e-07, 5.500000e-07
-5.850000e-05, -5.791500e-03, 5.595175e-07, 5.590975e-07, 5.605388e-07
5.850000e-05, -5.791500e-03, 5.595175e-07, 5.590975e-07, 5.605388e-07
1.755000e-04, -5.791500e-03, 5.500000e-07, 5.500000e-07, 5.500000e-07
2.925000e-04, -5.791500e-03, 5.500000e-07, 5.500000e-07, 5.500000e-07
4.095000e-04, -5.791500e-03, 5.725777e-07, 5.683233e-07, 5.717837e-07
5.265000e-04, -5.791500e-03, 5.500000e-07, 5.500000e-07, 5.500000e-07
6.435000e-04, -5.791500e-03, 5.500000e-07, 5.500000e-07, 5.500000e-07
7.605000e-04, -5.791500e-03, 5.500000e-07, 5.500000e-07, 5.500000e-07
8.775000e-04, -5.791500e-03, 5.500000e-07, 5.500000e-07, 5.500000e-07
9.945000e-04, -5.791500e-03, 5.500000e-07, 5.500000e-07, 5.500000e-07
1.111500e-03, -5.791500e-03, 5.500000e-07, 5.500000e-07, 5.500000e-07
1.228500e-03, -5.791500e-03, 5.725157e-07, 5.683190e-07, 5.717757e-07
1.345500e-03, -5.791500e-03, 5.500000e-07, 5.500000e-07, 5.500000e-07
1.462500e-03, -5.791500e-03, 5.500000e-07, 5.500000e-07, 5.500000e-07
1.579500e-03, -5.791500e-03, 5.725545e-07, 5.683219e-07, 5.717801e-07
1.696500e-03, -5.791500e-03, 5.500000e-07, 5.500000e-07, 5.500000e-07
1.813500e-03, -5.791500e-03, 5.500000e-07, 5.500000e-07, 5.500000e-07
1.930500e-03, -5.791500e-03, 5.500000e-07, 5.500000e-07, 5.500000e-07
2.047500e-03, -5.791500e-03, 5.500000e-07, 5.500000e-07, 5.500000e-07
2.164500e-03, -5.791500e-03, 5.500000e-07, 5.500000e-07, 5.500000e-07
2.281500e-03, -5.791500e-03, 5.500000e-07, 5.500000e-07, 5.500000e-07
2.398500e-03, -5.791500e-03, 5.725824e-07, 5.683238e-07, 5.717839e-07
2.515500e-03, -5.791500e-03, 5.500000e-07, 5.500000e-07, 5.500000e-07
2.632500e-03, -5.791500e-03, 5.500000e-07, 5.500000e-07, 5.500000e-07
2.749500e-03, -5.791500e-03, 5.712497e-07, 5.682039e-07, 5.715342e-07
2.866500e-03, -5.791500e-03, 5.500000e-07, 5.500000e-07, 5.500000e-07
2.983500e-03, -5.791500e-03, 5.500000e-07, 5.500000e-07, 5.500000e-07
3.100500e-03, -5.791500e-03, 5.500000e-07, 5.500000e-07, 5.500000e-07
3.217500e-03, -5.791500e-03, 5.500000e-07, 5.500000e-07, 5.500000e-07
3.334500e-03, -5.791500e-03, 5.500000e-07, 5.500000e-07, 5.500000e-07
3.451500e-03, -5.791500e-03, 5.500000e-07, 5.500000e-07, 5.500000e-07
3.568500e-03, -5.791500e-03, 5.724914e-07, 5.683169e-07, 5.717733e-07
3.685500e-03, -5.791500e-03, 5.500000e-07, 5.500000e-07, 5.500000e-07
3.802500e-03, -5.791500e-03, 5.500000e-07, 5.500000e-07, 5.500000e-07
3.919500e-03, -5.791500e-03, 5.500000e-07, 5.500000e-07, 5.500000e-07
4.036500e-03, -5.791500e-03, 5.724254e-07, 5.683120e-07, 5.717649e-07
4.153500e-03, -5.791500e-03, 5.500000e-07, 5.500000e-07, 5.500000e-07
4.270500e-03, -5.791500e-03, 5.500000e-07, 5.500000e-07, 5.500000e-07
4.387500e-03, -5.791500e-03, 5.500000e-07, 5.500000e-07, 5.500000e-07
4.504500e-03, -5.791500e-03, 5.500000e-07, 5.500000e-07, 5.500000e-07
4.621500e-03, -5.791500e-03, 5.500000e-07, 5.500000e-07, 5.500000e-07
4.738500e-03, -5.791500e-03, 5.533059e-07, 5.532402e-07, 5.537615e-07
4.855500e-03, -5.791500e-03, 5.660582e-07, 5.648576e-07, 5.672669e-07
4.972500e-03, -5.791500e-03, 5.500000e-07, 5.500000e-07, 5.500000e-07
5.089500e-03, -5.791500e-03, 5.500000e-07, 5.500000e-07, 5.500000e-07
5.206500e-03, -5.791500e-03, 5.725798e-07, 5.683237e-07, 5.717831e-07
5.323500e-03, -5.791500e-03, 5.500000e-07, 5.500000e-07, 5.500000e-07
5.440500e-03, -5.791500e-03, 5.500000e-07, 5.500000e-07, 5.500000e-07
5.557500e-03, -5.791500e-03, 5.722533e-07, 5.682985e-07, 5.717412e-07
5.674500e-03, -5.791500e-03, 5.500000e-07, 5.500000e-07, 5.500000e-07
5.791500e-03, -5.791500e-03, 5.500000e-07, 5.500000e-07, 5.500000e-07
-5.791500e-03, -5.674500e-03, 1.389915e-06, 1.444736e-06, 1.402154e-06
-5.674500e-03, -5.674500e-03, 1.402999e-05, 1.402999e-05, 1.394091e-05
-5.557500e-03, -5.674500e-03, 1.650000e-05, 1.650000e-05, 1.650000e-05
-5.440500e-03, -5.674500e-03, 1.650000e-05, 1.650000e-05, 1.650000e-05
-5.323500e-03, -5.674500e-03, 1.650000e-05, 1.650000e-05, 1.650000e-05
-5.206500e-03, -5.674500e-03, 1.650000e-05, 1.650000e-05, 1.650000e-05
-5.089500e-03, -5.674500e-03, 1.650000e-05, 1.650000e-05, 1.650000e-05
-4.972500e-03, -5.674500e-03, 1.637449e-05, 1.636759e-05, 1.637376e-05
-4.855500e-03, -5.674500e-03, 1.650000e-05, 1.650000e-05, 1.650000e-05
-4.738500e-03, -5.674500e-03, 1.650000e-05, 1.650000e-05, 1.650000e-05
-4.621500e-03, -5.674500e-03, 1.431086e-05, 1.431086e-05, 1.423202e-05
-4.504500e-03, -5.674500e-03, 8.656270e-06, 8.857323e-06, 8.596490e-06
-4.387500e-03, -5.674500e-03, 1.577089e-05, 1.565993e-05, 1.569021e-05
-4.270500e-03, -5.674500e-03, 5.060960e-06, 5.179950e-06, 5.027512e-06
-4.153500e-03, -5.674500e-03, 5.500000e-07, 5.500000e-07, 5.500000e-07
-4.036500e-03, -5.674500e-03, 5.500000e-07, 5.500000e-07, 5.500000e-07
-3.919500e-03, -5.674500e-03, 5.500000e-07, 5.500000e-07, 5.500000e-07
-3.802500e-03, -5.674500e-03, 2.131398e-06, 2.131398e-06, 2.089242e-06
-3.685500e-03, -5.674500e-03, 1.408532e-05, 1.408532e-05, 1.399820e-05
-3.568500e-03, -5.674500e-03, 1.630722e-05, 1.630722e-05, 1.630765e-05
-3.451500e-03, -5.674500e-03, 6.382440e-06, 6.382440e-06, 6.265147e-06
-3.334500e-03, -5.674500e-03, 4.495304e-06, 4.616371e-06, 4.469444e-06
-3.217500e-03, -5.674500e-03, 1.570725e-05, 1.559467e-05, 1.561975e-05
-3.100500e-03, -5.674500e-03, 8.789288e-06, 8.861810e-06, 8.683598e-06
-2.983500e-03, -5.674500e-03, 5.500000e-07, 5.500000e-07, 5.500000e-07
-2.866500e-03, -5.674500e-03, 5.500000e-07, 5.500000e-07, 5.500000e-07
-2.749500e-03, -5.674500e-03, 5.500000e-07, 5.500000e-07, 5.500000e-07
-2.632500e-03, -5.674500e-03, 5.500000e-07, 5.500000e-07, 5.500000e-07
-2.515500e-03, -5.674500e-03, 6.750502e-06, 6.854853e-06, 6.695078e-06
-2.398500e-03, -5.674500e-03, 1.581607e-05, 1.571060e-05, 1.574251e-05
-2.281500e-03, -5.674500e-03, 6.381227e-06, 6.489795e-06, 6.331709e-06
-2.164500e-03, -5.674500e-03, 1.716067e-06, 1.814667e-06, 1.731652e-06
-2.047500e-03, -5.674500e-03, 1.458964e-05, 1.447251e-05, 1.442837e-05
-1.930500e-03, -5.674500e-03, 1.279593e-05, 1.275359e-05, 1.259727e-05
-1.813500e-03, -5.674500e-03, 5.667235e-07, 5.678558e-07, 5.691838e-07
-1.696500e-03, -5.674500e-03, 5.500000e-07, 5.500000e-07, 5.500000e-07
-1.579500e-03, -5.674500e-03, 5.500000e-07, 5.500000e-07, 5.500000e-07
-1.462500e-03, -5.674500e-03, 5.500000e-07, 5.500000e-07, 5.500000e-07
-1.345500e-03, -5.674500e-03, 3.351954e-06, 3.472878e-06, 3.344204e-06
-1.228500e-03, -5.674500e-03, 1.544460e-05, 1.533060e-05, 1.533595e-05
-1.111500e-03, -5.674500e-03, 1.024889e-05, 1.029161e-05, 1.009805e-05
-9.945000e-04, -5.674500e-03, 5.500000e-07, 5.500000e-07, 5.500000e-07
-8.775000e-04, -5.674500e-03, 1.173554e-05, 1.174794e-05, 1.154857e-05
-7.605000e-04, -5.674500e-03, 1.501198e-05, 1.489643e-05, 1.487450e-05
-6.435000e-04, -5.674500e-03, 2.351016e-06, 2.462988e-06, 2.359173e-06
-5.265000e-04, -5.674500e-03, 5.500000e-07, 5.500000e-07, 5.500000e-07
-4.095000e-04, -5.674500e-03, 5.500000e-07, 5.500000e-07, 5.500000e-07
-2.925000e-04, -5.674500e-03, 5.500000e-07, 5.500000e-07, 5.500000e-07
-1.755000e-04, -5.674500e-03, 9.717414e-07, 1.027298e-06, 9.885317e-07
-5.850000e-05, -5.674500e-03, 1.386255e-05, 1.374645e-05, 1.367300e-05
5.850000e-05, -5.674500e-03, 1.386255e-05, 1.374645e-05, 1.367300e-05
1.755000e-04, -5.674500e-03, 9.717414e-07, 1.027298e-06, 9.885317e-07
2.925000e-04, -5.674500e-03, 7.755681e-06, 7.846511e-06, 7.678876e-06
4.095000e-04, -5.674500e-03, 1.579276e-05, 1.568364e-05, 1.571524e-05
5.265000e-04, -5.674500e-03, 5.413944e-06, 5.531293e-06, 5.376151e-06
6.435000e-04, -5.674500e-03, 5.500000e-07, 5.500000e-07, 5.500000e-07
7.605000e-04, -5.674500e-03, 5.500000e-07, 5.500000e-07, 5.500000e-07
8.775000e-04, -5.674500e-03, 5.500000e-07, 5.500000e-07, 5.500000e-07
9.945000e-04, -5.674500e-03, 5.500000e-07, 5.500000e-07, 5.500000e-07
1.111500e-03, -5.674500e-03, 1.024889e-05, 1.029161e-05, 1.009805e-05
1.228500e-03, -5.674500e-03, 1.544460e-05, 1.533060e-05, 1.533595e-05
1.345500e-03, -5.674500e-03, 3.351954e-06, 3.472878e-06, 3.344204e-06
1.462500e-03, -5.674500e-03, 4.169744e-06, 4.291474e-06, 4.148824e-06
1.579500e-03, -5.674500e-03, 1.565240e-05, 1.553933e-05, 1.555997e-05
1.696500e-03, -5.674500e-03, 9.329975e-06, 9.384160e-06, 9.209867e-06
1.813500e-03, -5.674500e-03, 5.500000e-07, 5.500000e-07, 5.500000e-07
1.930500e-03, -5.674500e-03, 5.500000e-07, 5.500000e-07, 5.500000e-07
2.047500e-03, -5.674500e-03, 5.500000e-07, 5.500000e-07, 5.500000e-07
2.164500e-03, -5.674500e-03, 5.500000e-07, 5.500000e-07, 5.500000e-07
2.281500e-03, -5.674500e-03, 6.381227e-06, 6.489795e-06, 6.331709e-06
2.398500e-03, -5.674500e-03, 1.581607e-05, 1.571060e-05, 1.574251e-05
2.515500e-03, -5.674500e-03, 6.750502e-06, 6.854853e-06, 6.695078e-06
2.632500e-03, -5.674500e-03, 1.498510e-06, 1.590050e-06, 1.515588e-06
2.749500e-03, -5.674500e-03, 1.440734e-05, 1.428979e-05, 1.423759e-05
2.866500e-03, -5.674500e-03, 1.314029e-05, 1.306785e-05, 1.294076e-05
2.983500e-03, -5.674500e-03, 7.114700e-07, 7.186739e-07, 7.180520e-07
3.100500e-03, -5.674500e-03, 5.500000e-07, 5.500000e-07, 5.500000e-07
3.217500e-03, -5.674500e-03, 5.500000e-07, 5.500000e-07, 5.500000e-07
3.334500e-03, -5.674500e-03, 5.500000e-07, 5.500000e-07, 5.500000e-07
3.451500e-03, -5.674500e-03, 3.064479e-06, 3.183928e-06, 3.061424e-06
3.568500e-03, -5.674500e-03, 1.534347e-05, 1.522911e-05, 1.522760e-05
3.685500e-03, -5.674500e-03, 1.065272e-05, 1.068747e-05, 1.049014e-05
3.802500e-03, -5.674500e-03, 5.500000e-07, 5.500000e-07, 5.500000e-07
3.919500e-03, -5.674500e-03, 1.132889e-05, 1.135035e-05, 1.114947e-05
4.036500e-03, -5.674500e-03, 1.514694e-05, 1.503188e-05, 1.501799e-05
4.153500e-03, -5.674500e-03, 2.609539e-06, 2.724980e-06, 2.613871e-06
4.270500e-03, -5.674500e-03, 5.500000e-07, 5.500000e-07, 5.500000e-07
4.387500e-03, -5.674500e-03, 5.500000e-07, 5.500000e-07, 5.500000e-07
4.504500e-03, -5.674500e-03, 5.500000e-07, 5.500000e-07, 5.500000e-07
4.621500e-03, -5.674500e-03, 8.483295e-07, 8.774188e-07, 8.583366e-07
4.738500e-03, -5.674500e-03, 1.362465e-05, 1.351656e-05, 1.342974e-05
4.855500e-03, -5.674500e-03, 1.407629e-05, 1.395917e-05, 1.389372e-05
4.972500e-03, -5.674500e-03, 1.160596e-06, 1.235076e-06, 1.178741e-06
5.089500e-03, -5.674500e-03, 7.375459e-06, 7.471896e-06, 7.307760e-06
5.206500e-03, -5.674500e-03, 1.580550e-05, 1.569839e-05, 1.573019e-05
5.323500e-03, -5.674500e-03, 5.774118e-06, 5.888878e-06, 5.732304e-06
5.440500e-03, -5.674500e-03, 2.103665e-06, 2.211418e-06, 2.115166e-06
5.557500e-03, -5.674500e-03, 1.486438e-05, 1.474828e-05, 1.471810e-05
5.674500e-03, -5.674500e-03, 1.214133e-05, 1.214133e-05, 1.194922e-05
5.791500e-03, -5.674500e-03, 5.500000e-07, 5.500000e-07, 5.500000e-07
-5.791500e-03, -5.557500e-03, 2.896463e-06, 3.176153e-06, 2.943927e-06
-5.674500e-03, -5.557500e-03, 1.650000e-05, 1.650000e-05, 1.650000e-05
-5.557500e-03, -5.557500e-03, 1.650000e-05, 1.650000e-05, 1.650000e-05
-5.440500e-03, -5.557500e-03, 1.650000e-05, 1.650000e-05, 1.650000e-05
-5.323500e-03, -5.557500e-03, 1.650000e-05, 1.650000e-05, 1.650000e-05
-5.206500e-03, -5.557500e-03, 1.650000e-05, 1.650000e-05, 1.650000e-05
-5.089500e-03, -5.557500e-03, 1.650000e-05, 1.650000e-05, 1.650000e-05
-4.972500e-03, -5.557500e-03, 8.264450e-06, 8.214126e-06, 8.037916e-06
-4.855500e-03, -5.557500e-03, 1.173947e-05, 1.174565e-05, 1.161397e-05
-4.738500e-03, -5.557500e-03, 1.650000e-05, 1.650000e-05, 1.650000e-05
-4.621500e-03, -5.557500e-03, 1.650000e-05, 1.650000e-05, 1.650000e-05
-4.504500e-03, -5.557500e-03, 1.267527e-05, 1.314112e-05, 1.267073e-05
-4.387500e-03, -5.557500e-03, 1.650000e-05, 1.650000e-05, 1.650000e-05
-4.270500e-03, -5.557500e-03, 7.272601e-06, 7.481772e-06, 7.257282e-06
-4.153500e-03, -5.557500e-03, 5.500000e-07, 5.500000e-07, 5.500000e-07
-4.036500e-03, -5.557500e-03, 5.500000e-07, 5.500000e-07, 5.500000e-07
-3.919500e-03, -5.557500e-03, 5.500000e-07, 5.500000e-07, 5.500000e-07
-3.802500e-03, -5.557500e-03, 1.256437e-05, 1.276052e-05, 1.249684e-05
-3.685500e-03, -5.557500e-03, 1.650000e-05, 1.650000e-05, 1.650000e-05
-3.568500e-03, -5.557500e-03, 1.650000e-05, 1.650000e-05, 1.650000e-05
-3.451500e-03, -5.557500e-03, 1.630722e-05, 1.630722e-05, 1.630765e-05
-3.334500e-03, -5.557500e-03, 9.981685e-06, 1.047239e-05, 9.997612e-06
-3.217500e-03, -5.557500e-03, 1.650000e-05, 1.650000e-05, 1.650000e-05
-3.100500e-03, -5.557500e-03, 1.139895e-05, 1.161099e-05, 1.135183e-05
-2.983500e-03, -5.557500e-03, 5.500000e-07, 5.500000e-07, 5.500000e-07
-2.866500e-03, -5.557500e-03, 5.500000e-07, 5.500000e-07, 5.500000e-07
-2.749500e-03, -5.557500e-03, 5.500000e-07, 5.500000e-07, 5.500000e-07
-2.632500e-03, -5.557500e-03, 1.545053e-06, 1.545048e-06, 1.523167e-06
-2.515500e-03, -5.557500e-03, 1.393745e-05, 1.404343e-05, 1.391596e-05
-2.398500e-03, -5.557500e-03, 1.650000e-05, 1.650000e-05, 1.650000e-05
-2.281500e-03, -5.557500e-03, 1.471731e-05, 1.473571e-05, 1.467829e-05
-2.164500e-03, -5.557500e-03, 5.994569e-06, 6.154439e-06, 5.823012e-06
-2.047500e-03, -5.557500e-03, 1.622133e-05, 1.622133e-05, 1.621938e-05
-1.930500e-03, -5.557500e-03, 1.522877e-05, 1.528925e-05, 1.520203e-05
-1.813500e-03, -5.557500e-03, 7.531559e-07, 7.885797e-07, 7.694151e-07
-1.696500e-03, -5.557500e-03, 5.500000e-07, 5.500000e-07, 5.500000e-07
-1.579500e-03, -5.557500e-03, 5.500000e-07, 5.500000e-07, 5.500000e-07
-1.462500e-03, -5.557500e-03, 5.500000e-07, 5.500000e-07, 5.500000e-07
-1.345500e-03, -5.557500e-03, 9.095744e-06, 9.262760e-06, 9.060501e-06
-1.228500e-03, -5.557500e-03, 1.650000e-05, 1.650000e-05, 1.650000e-05
-1.111500e-03, -5.557500e-03, 1.289710e-05, 1.311193e-05, 1.285119e-05
-9.945000e-04, -5.557500e-03, 5.500000e-07, 5.500000e-07, 5.500000e-07
-8.775000e-04, -5.557500e-03, 1.633405e-05, 1.637005e-05, 1.635823e-05
-7.605000e-04, -5.557500e-03, 1.638366e-05, 1.638366e-05, 1.638570e-05
-6.435000e-04, -5.557500e-03, 3.661487e-06, 3.871848e-06, 3.683136e-06
-5.265000e-04, -5.557500e-03, 5.500000e-07, 5.500000e-07, 5.500000e-07
-4.095000e-04, -5.557500e-03, 5.500000e-07, 5.500000e-07, 5.500000e-07
-2.925000e-04, -5.557500e-03, 5.500000e-07, 5.500000e-07, 5.500000e-07
-1.755000e-04, -5.557500e-03, 1.576295e-06, 1.723665e-06, 1.604434e-06
-5.850000e-05, -5.557500e-03, 1.588400e-05, 1.588400e-05, 1.586997e-05
5.850000e-05, -5.557500e-03, 1.588400e-05, 1.588400e-05, 1.586997e-05
1.755000e-04, -5.557500e-03, 1.576295e-06, 1.723665e-06, 1.604434e-06
2.925000e-04, -5.557500e-03, 1.030307e-05, 1.051273e-05, 1.026046e-05
4.095000e-04, -5.557500e-03, 1.650000e-05, 1.650000e-05, 1.650000e-05
5.265000e-04, -5.557500e-03, 7.687373e-06, 7.896879e-06, 7.667060e-06
6.435000e-04, -5.557500e-03, 5.500000e-07, 5.500000e-07, 5.500000e-07
7.605000e-04, -5.557500e-03, 5.500000e-07, 5.500000e-07, 5.500000e-07
8.775000e-04, -5.557500e-03, 5.500000e-07, 5.500000e-07, 5.500000e-07
9.945000e-04, -5.557500e-03, 5.500000e-07, 5.500000e-07, 5.500000e-07
1.111500e-03, -5.557500e-03, 1.289710e-05, 1.311193e-05, 1.285119e-05
1.228500e-03, -5.557500e-03, 1.649289e-05, 1.649289e-05, 1.649380e-05
1.345500e-03, -5.557500e-03, 5.061799e-06, 5.270349e-06, 5.075808e-06
1.462500e-03, -5.557500e-03, 6.163652e-06, 6.372050e-06, 6.164015e-06
1.579500e-03, -5.557500e-03, 1.650000e-05, 1.650000e-05, 1.650000e-05
1.696500e-03, -5.557500e-03, 1.257957e-05, 1.274524e-05, 1.249753e-05
1.813500e-03, -5.557500e-03, 5.500000e-07, 5.500000e-07, 5.500000e-07
1.930500e-03, -5.557500e-03, 5.500000e-07, 5.500000e-07, 5.500000e-07
2.047500e-03, -5.557500e-03, 5.500000e-07, 5.500000e-07, 5.500000e-07
2.164500e-03, -5.557500e-03, 5.500000e-07, 5.500000e-07, 5.500000e-07
2.281500e-03, -5.557500e-03, 8.790902e-06, 9.000462e-06, 8.759218e-06
2.398500e-03, -5.557500e-03, 1.650000e-05, 1.650000e-05, 1.650000e-05
2.515500e-03, -5.557500e-03, 9.203948e-06, 9.413306e-06, 9.168747e-06
2.632500e-03, -5.557500e-03, 2.403708e-06, 2.602258e-06, 2.430832e-06
2.749500e-03, -5.557500e-03, 1.614238e-05, 1.614238e-05, 1.613787e-05
2.866500e-03, -5.557500e-03, 1.650000e-05, 1.650000e-05, 1.650000e-05
2.983500e-03, -5.557500e-03, 1.228894e-05, 1.211664e-05, 1.207124e-05
3.100500e-03, -5.557500e-03, 3.078956e-06, 3.025749e-06, 2.996575e-06
3.217500e-03, -5.557500e-03, 5.500000e-07, 5.500000e-07, 5.500000e-07
3.334500e-03, -5.557500e-03, 5.500000e-07, 5.500000e-07, 5.500000e-07
3.451500e-03, -5.557500e-03, 4.665534e-06, 4.874565e-06, 4.682106e-06
3.568500e-03, -5.557500e-03, 1.647617e-05, 1.647617e-05, 1.647812e-05
3.685500e-03, -5.557500e-03, 1.330241e-05, 1.351389e-05, 1.325947e-05
3.802500e-03, -5.557500e-03, 5.500000e-07, 5.500000e-07, 5.500000e-07
3.919500e-03, -5.557500e-03, 1.397263e-05, 1.416310e-05, 1.393799e-05
4.036500e-03, -5.557500e-03, 1.650000e-05, 1.650000e-05, 1.650000e-05
4.153500e-03, -5.557500e-03, 1.439084e-05, 1.426036e-05, 1.423136e-05
4.270500e-03, -5.557500e-03, 1.676576e-06, 1.783563e-06, 1.695705e-06
4.387500e-03, -5.557500e-03, 5.500000e-07, 5.500000e-07, 5.500000e-07
4.504500e-03, -5.557500e-03, 1.222597e-06, 1.247014e-06, 1.226593e-06
4.621500e-03, -5.557500e-03, 1.134065e-05, 1.119729e-05, 1.114396e-05
4.738500e-03, -5.557500e-03, 1.650000e-05, 1.650000e-05, 1.650000e-05
4.855500e-03, -5.557500e-03, 1.598908e-05, 1.598908e-05, 1.597908e-05
4.972500e-03, -5.557500e-03, 1.878472e-06, 2.054000e-06, 1.907068e-06
5.089500e-03, -5.557500e-03, 9.891165e-06, 1.010058e-05, 9.850965e-06
5.206500e-03, -5.557500e-03, 1.650000e-05, 1.650000e-05, 1.650000e-05
5.323500e-03, -5.557500e-03, 8.101642e-06, 8.311148e-06, 8.076623e-06
5.440500e-03, -5.557500e-03, 3.304378e-06, 3.514263e-06, 3.327718e-06
5.557500e-03, -5.557500e-03, 1.633091e-05, 1.633091e-05, 1.633190e-05
5.674500e-03, -5.557500e-03, 1.474828e-05, 1.486438e-05, 1.471810e-05
5.791500e-03, -5.557500e-03, 5.682985e-07, 5.722533e-07, 5.717412e-07
-5.791500e-03, -5.440500e-03, 2.896463e-06, 3.176153e-06, 2.943927e-06
-5.674500e-03, -5.440500e-03, 1.650000e-05, 1.650000e-05, 1.650000e-05
-5.557500e-03, -5.440500e-03, 1.650000e-05, 1.650000e-05, 1.650000e-05
-5.440500e-03, -5.440500e-03, 9.655249e-06, 9.655249e-06, 9.524783e-06
-5.323500e-03, -5.440500e-03, 1.330710e-05, 1.333100e-05, 1.322462e-05
-5.206500e-03, -5.440500e-03, 1.650000e-05, 1.650000e-05, 1.650000e-05
-5.089500e-03, -5.440500e-03, 1.650000e-05, 1.650000e-05, 1.650000e-05
-4.972500e-03, -5.440500e-03, 1.557522e-05, 1.556311e-05, 1.554791e-05
-4.855500e-03, -5.440500e-03, 1.630595e-05, 1.630595e-05, 1.630635e-05
-4.738500e-03, -5.440500e-03, 1.650000e-05, 1.650000e-05, 1.650000e-05
-4.621500e-03, -5.440500e-03, 1.650000e-05, 1.650000e-05, 1.650000e-05
-4.504500e-03, -5.440500e-03, 9.862138e-06, 1.011994e-05, 9.847018e-06
-4.387500e-03, -5.440500e-03, 4.350724e-06, 4.101541e-06, 4.143918e-06
-4.270500e-03, -5.440500e-03, 6.449367e-07, 6.449367e-07, 6.479289e-07
-4.153500e-03, -5.440500e-03, 5.500000e-07, 5.500000e-07, 5.500000e-07
-4.036500e-03, -5.440500e-03, 5.500000e-07, 5.500000e-07, 5.500000e-07
-3.919500e-03, -5.440500e-03, 5.500000e-07, 5.500000e-07, 5.500000e-07
-3.802500e-03, -5.440500e-03, 1.360386e-05, 1.392449e-05, 1.365197e-05
-3.685500e-03, -5.440500e-03, 1.650000e-05, 1.650000e-05, 1.650000e-05
-3.568500e-03, -5.440500e-03, 1.650000e-05, 1.650000e-05, 1.650000e-05
-3.451500e-03, -5.440500e-03, 1.650000e-05, 1.650000e-05, 1.650000e-05
-3.334500e-03, -5.440500e-03, 5.483048e-06, 5.773368e-06, 5.533170e-06
-3.217500e-03, -5.440500e-03, 4.278642e-06, 4.032980e-06, 4.072679e-06
-3.100500e-03, -5.440500e-03, 1.356867e-06, 1.321496e-06, 1.327548e-06
-2.983500e-03, -5.440500e-03, 5.500000e-07, 5.500000e-07, 5.500000e-07
-2.866500e-03, -5.440500e-03, 5.500000e-07, 5.500000e-07, 5.500000e-07
-2.749500e-03, -5.440500e-03, 5.500000e-07, 5.500000e-07, 5.500000e-07
-2.632500e-03, -5.440500e-03, 1.285297e-05, 1.297430e-05, 1.274219e-05
-2.515500e-03, -5.440500e-03, 1.524796e-05, 1.524795e-05, 1.520741e-05
-2.398500e-03, -5.440500e-03, 6.336451e-06, 6.146306e-06, 6.085498e-06
-2.281500e-03, -5.440500e-03, 1.343968e-05, 1.338842e-05, 1.330936e-05
-2.164500e-03, -5.440500e-03, 1.457760e-05, 1.478081e-05, 1.457434e-05
-2.047500e-03, -5.440500e-03, 3.324344e-06, 3.127132e-06, 3.147380e-06
-1.930500e-03, -5.440500e-03, 2.408545e-06, 2.283677e-06, 2.296204e-06
-1.813500e-03, -5.440500e-03, 2.648184e-06, 2.698257e-06, 2.625555e-06
-1.696500e-03, -5.440500e-03, 9.180957e-06, 8.981023e-06, 8.930375e-06
-1.579500e-03, -5.440500e-03, 6.837600e-07, 6.962403e-07, 6.913687e-07
-1.462500e-03, -5.440500e-03, 4.796383e-06, 4.936481e-06, 4.777946e-06
-1.345500e-03, -5.440500e-03, 1.633403e-05, 1.633700e-05, 1.633660e-05
-1.228500e-03, -5.440500e-03, 9.583050e-06, 9.561245e-06, 9.450469e-06
-1.111500e-03, -5.440500e-03, 1.704999e-06, 1.641250e-06, 1.649814e-06
-9.945000e-04, -5.440500e-03, 3.920558e-06, 4.025212e-06, 3.770720e-06
-8.775000e-04, -5.440500e-03, 5.712427e-06, 5.440146e-06, 5.464781e-06
-7.605000e-04, -5.440500e-03, 3.684054e-06, 3.463045e-06, 3.489320e-06
-6.435000e-04, -5.440500e-03, 5.500000e-07, 5.500000e-07, 5.500000e-07
-5.265000e-04, -5.440500e-03, 5.500000e-07, 5.500000e-07, 5.500000e-07
-4.095000e-04, -5.440500e-03, 5.500000e-07, 5.500000e-07, 5.500000e-07
-2.925000e-04, -5.440500e-03, 5.500000e-07, 5.500000e-07, 5.500000e-07
-1.755000e-04, -5.440500e-03, 5.500000e-07, 5.500000e-07, 5.500000e-07
-5.850000e-05, -5.440500e-03, 2.870035e-06, 2.707017e-06, 2.722189e-06
5.850000e-05, -5.440500e-03, 2.870035e-06, 2.707017e-06, 2.722189e-06
1.755000e-04, -5.440500e-03, 5.500000e-07, 5.500000e-07, 5.500000e-07
2.925000e-04, -5.440500e-03, 1.132133e-06, 1.113030e-06, 1.117307e-06
4.095000e-04, -5.440500e-03, 4.375504e-06, 4.125702e-06, 4.169139e-06
5.265000e-04, -5.440500e-03, 6.964537e-07, 6.964537e-07, 6.989718e-07
6.435000e-04, -5.440500e-03, 5.500000e-07, 5.500000e-07, 5.500000e-07
7.605000e-04, -5.440500e-03, 5.500000e-07, 5.500000e-07, 5.500000e-07
8.775000e-04, -5.440500e-03, 5.500000e-07, 5.500000e-07, 5.500000e-07
9.945000e-04, -5.440500e-03, 5.500000e-07, 5.500000e-07, 5.500000e-07
1.111500e-03, -5.440500e-03, 1.704999e-06, 1.641250e-06, 1.649814e-06
1.228500e-03, -5.440500e-03, 3.989247e-06, 3.755120e-06, 3.789888e-06
1.345500e-03, -5.440500e-03, 5.500000e-07, 5.500000e-07, 5.500000e-07
1.462500e-03, -5.440500e-03, 5.619459e-07, 5.619459e-07, 5.635096e-07
1.579500e-03, -5.440500e-03, 4.216378e-06, 3.973596e-06, 4.011988e-06
1.696500e-03, -5.440500e-03, 1.447349e-06, 1.404870e-06, 1.411630e-06
1.813500e-03, -5.440500e-03, 5.500000e-07, 5.500000e-07, 5.500000e-07
1.930500e-03, -5.440500e-03, 5.500000e-07, 5.500000e-07, 5.500000e-07
2.047500e-03, -5.440500e-03, 5.500000e-07, 5.500000e-07, 5.500000e-07
2.164500e-03, -5.440500e-03, 9.318861e-07, 8.459426e-07, 8.692006e-07
2.281500e-03, -5.440500e-03, 8.628767e-07, 8.588477e-07, 8.612696e-07
2.398500e-03, -5.440500e-03, 4.402252e-06, 4.152494e-06, 4.196590e-06
2.515500e-03, -5.440500e-03, 9.317127e-07, 9.245293e-07, 9.273465e-07
2.632500e-03, -5.440500e-03, 5.500000e-07, 5.500000e-07, 5.500000e-07
2.749500e-03, -5.440500e-03, 3.205318e-06, 3.016624e-06, 3.035196e-06
2.866500e-03, -5.440500e-03, 6.211642e-06, 6.015691e-06, 5.988540e-06
2.983500e-03, -5.440500e-03, 1.455664e-05, 1.449138e-05, 1.445698e-05
3.100500e-03, -5.440500e-03, 9.145137e-06, 9.325592e-06, 9.078860e-06
3.217500e-03, -5.440500e-03, 5.500000e-07, 5.500000e-07, 5.500000e-07
3.334500e-03, -5.440500e-03, 5.500000e-07, 5.500000e-07, 5.500000e-07
3.451500e-03, -5.440500e-03, 5.500000e-07, 5.500000e-07, 5.500000e-07
3.568500e-03, -5.440500e-03, 3.894424e-06, 3.664190e-06, 3.696308e-06
3.685500e-03, -5.440500e-03, 1.807629e-06, 1.735109e-06, 1.744266e-06
3.802500e-03, -5.440500e-03, 5.500000e-07, 5.500000e-07, 5.500000e-07
3.919500e-03, -5.440500e-03, 1.985931e-06, 1.897919e-06, 1.908174e-06
4.036500e-03, -5.440500e-03, 5.296006e-06, 5.083379e-06, 5.050504e-06
4.153500e-03, -5.440500e-03, 9.937322e-06, 9.709595e-06, 9.670868e-06
4.270500e-03, -5.440500e-03, 1.134890e-06, 1.176638e-06, 1.146749e-06
4.387500e-03, -5.440500e-03, 5.500000e-07, 5.500000e-07, 5.500000e-07
4.504500e-03, -5.440500e-03, 2.594582e-06, 2.751694e-06, 2.613397e-06
4.621500e-03, -5.440500e-03, 1.462842e-05, 1.441353e-05, 1.440663e-05
4.738500e-03, -5.440500e-03, 7.062621e-06, 6.902380e-06, 6.853302e-06
4.855500e-03, -5.440500e-03, 2.998863e-06, 2.825717e-06, 2.841937e-06
4.972500e-03, -5.440500e-03, 5.500000e-07, 5.500000e-07, 5.500000e-07
5.089500e-03, -5.440500e-03, 1.054063e-06, 1.039964e-06, 1.043652e-06
5.206500e-03, -5.440500e-03, 4.390131e-06, 4.140353e-06, 4.184122e-06
5.323500e-03, -5.440500e-03, 7.560850e-07, 7.554633e-07, 7.576470e-07
5.440500e-03, -5.440500e-03, 5.500000e-07, 5.500000e-07, 5.500000e-07
5.557500e-03, -5.440500e-03, 3.514263e-06, 3.304378e-06, 3.327718e-06
5.674500e-03, -5.440500e-03, 2.211418e-06, 2.103665e-06, 2.115166e-06
5.791500e-03, -5.440500e-03, 5.500000e-07, 5.500000e-07, 5.500000e-07
-5.791500e-03, -5.323500e-03, 2.896463e-06, 3.176153e-06, 2.943927e-06
-5.674500e-03, -5.323500e-03, 1.650000e-05, 1.650000e-05, 1.650000e-05
-5.557500e-03, -5.323500e-03, 1.650000e-05, 1.650000e-05, 1.650000e-05
-5.440500e-03, -5.323500e-03, 1.333100e-05, 1.330710e-05, 1.322462e-05
-5.323500e-03, -5.323500e-03, 1.544250e-05, 1.544250e-05, 1.541029e-05
-5.206500e-03, -5.323500e-03, 1.650000e-05, 1.650000e-05, 1.650000e-05
-5.089500e-03, -5.323500e-03, 1.650000e-05, 1.650000e-05, 1.650000e-05
-4.972500e-03, -5.323500e-03, 1.650000e-05, 1.650000e-05, 1.650000e-05
-4.855500e-03, -5.323500e-03, 1.599232e-05, 1.597076e-05, 1.596514e-05
-4.738500e-03, -5.323500e-03, 1.613866e-05, 1.612883e-05, 1.612391e-05
-4.621500e-03, -5.323500e-03, 1.650000e-05, 1.650000e-05, 1.650000e-05
-4.504500e-03, -5.323500e-03, 1.121251e-05, 1.143582e-05, 1.112018e-05
-4.387500e-03, -5.323500e-03, 1.012162e-05, 9.881041e-06, 9.878334e-06
-4.270500e-03, -5.323500e-03, 1.515109e-05, 1.499192e-05, 1.499720e-05
-4.153500e-03, -5.323500e-03, 2.688309e-06, 2.857218e-06, 2.711859e-06
-4.036500e-03, -5.323500e-03, 8.624685e-06, 8.398404e-06, 8.379685e-06
-3.919500e-03, -5.323500e-03, 5.419047e-06, 5.321566e-06, 5.274361e-06
-3.802500e-03, -5.323500e-03, 1.360386e-05, 1.392449e-05, 1.365197e-05
-3.685500e-03, -5.323500e-03, 1.648020e-05, 1.648063e-05, 1.648206e-05
-3.568500e-03, -5.323500e-03, 1.575811e-05, 1.565904e-05, 1.561735e-05
-3.451500e-03, -5.323500e-03, 1.650000e-05, 1.650000e-05, 1.650000e-05
-3.334500e-03, -5.323500e-03, 6.625575e-06, 6.944374e-06, 6.633623e-06
-3.217500e-03, -5.323500e-03, 9.248524e-06, 8.979278e-06, 8.986897e-06
-3.100500e-03, -5.323500e-03, 3.999816e-06, 3.954696e-06, 3.897762e-06
-2.983500e-03, -5.323500e-03, 5.500000e-07, 5.500000e-07, 5.500000e-07
-2.866500e-03, -5.323500e-03, 6.532367e-06, 6.394138e-06, 6.359981e-06
-2.749500e-03, -5.323500e-03, 7.805225e-06, 7.618657e-06, 7.589007e-06
-2.632500e-03, -5.323500e-03, 6.796014e-06, 6.668610e-06, 6.621694e-06
-2.515500e-03, -5.323500e-03, 6.085153e-06, 6.053344e-06, 5.894632e-06
-2.398500e-03, -5.323500e-03, 9.374953e-06, 9.099808e-06, 9.111086e-06
-2.281500e-03, -5.323500e-03, 3.429078e-06, 3.398857e-06, 3.343966e-06
-2.164500e-03, -5.323500e-03, 3.049889e-06, 2.887737e-06, 2.908372e-06
-2.047500e-03, -5.323500e-03, 8.006816e-06, 7.811583e-06, 7.783179e-06
-1.930500e-03, -5.323500e-03, 6.296204e-06, 6.165873e-06, 6.129208e-06
-1.813500e-03, -5.323500e-03, 4.232722e-06, 4.378163e-06, 4.220866e-06
-1.696500e-03, -5.323500e-03, 1.634933e-05, 1.635483e-05, 1.635343e-05
-1.579500e-03, -5.323500e-03, 1.089078e-05, 1.073930e-05, 1.069731e-05
-1.462500e-03, -5.323500e-03, 3.901529e-06, 3.946299e-06, 3.841494e-06
-1.345500e-03, -5.323500e-03, 9.382609e-06, 9.197728e-06, 9.123248e-06
-1.228500e-03, -5.323500e-03, 9.023762e-06, 8.777295e-06, 8.772111e-06
-1.111500e-03, -5.323500e-03, 4.808829e-06, 4.734022e-06, 4.681321e-06
-9.945000e-04, -5.323500e-03, 4.035774e-06, 4.823308e-06, 4.141032e-06
-8.775000e-04, -5.323500e-03, 5.652620e-06, 5.546544e-06, 5.501935e-06
-7.605000e-04, -5.323500e-03, 8.474966e-06, 8.257014e-06, 8.234877e-06
-6.435000e-04, -5.323500e-03, 8.291804e-07, 8.298214e-07, 8.298349e-07
-5.265000e-04, -5.323500e-03, 2.175973e-06, 2.176998e-06, 2.133437e-06
-4.095000e-04, -5.323500e-03, 9.346441e-06, 9.071035e-06, 9.083375e-06
-2.925000e-04, -5.323500e-03, 3.434787e-06, 3.408899e-06, 3.351570e-06
-1.755000e-04, -5.323500e-03, 5.507572e-07, 5.507598e-07, 5.508188e-07
-5.850000e-05, -5.323500e-03, 7.198733e-06, 7.036099e-06, 7.005892e-06
5.850000e-05, -5.323500e-03, 7.198733e-06, 7.036099e-06, 7.005892e-06
1.755000e-04, -5.323500e-03, 5.507572e-07, 5.507598e-07, 5.508188e-07
2.925000e-04, -5.323500e-03, 3.434787e-06, 3.408899e-06, 3.351570e-06
4.095000e-04, -5.323500e-03, 9.346441e-06, 9.071035e-06, 9.083375e-06
5.265000e-04, -5.323500e-03, 2.175973e-06, 2.176998e-06, 2.133437e-06
6.435000e-04, -5.323500e-03, 8.291804e-07, 8.298214e-07, 8.298349e-07
7.605000e-04, -5.323500e-03, 8.474966e-06, 8.257014e-06, 8.234877e-06
8.775000e-04, -5.323500e-03, 5.652620e-06, 5.546544e-06, 5.501935e-06
9.945000e-04, -5.323500e-03, 5.500000e-07, 5.500000e-07, 5.500000e-07
1.111500e-03, -5.323500e-03, 4.808829e-06, 4.734022e-06, 4.681321e-06
1.228500e-03, -5.323500e-03, 8.955477e-06, 8.708256e-06, 8.700619e-06
1.345500e-03, -5.323500e-03, 1.194622e-06, 1.195469e-06, 1.185279e-06
1.462500e-03, -5.323500e-03, 1.554178e-06, 1.555087e-06, 1.533015e-06
1.579500e-03, -5.323500e-03, 9.187036e-06, 8.922633e-06, 8.926585e-06
1.696500e-03, -5.323500e-03, 4.216996e-06, 4.164058e-06, 4.107959e-06
1.813500e-03, -5.323500e-03, 5.500000e-07, 5.500000e-07, 5.500000e-07
1.930500e-03, -5.323500e-03, 6.288671e-06, 6.159340e-06, 6.122394e-06
2.047500e-03, -5.323500e-03, 1.087823e-05, 1.066909e-05, 1.066437e-05
2.164500e-03, -5.323500e-03, 1.602546e-05, 1.601373e-05, 1.601377e-05
2.281500e-03, -5.323500e-03, 4.216615e-06, 4.439570e-06, 4.177543e-06
2.398500e-03, -5.323500e-03, 9.374953e-06, 9.099808e-06, 9.111086e-06
2.515500e-03, -5.323500e-03, 2.890569e-06, 2.880471e-06, 2.825323e-06
2.632500e-03, -5.323500e-03, 6.134578e-07, 6.138753e-07, 6.167699e-07
2.749500e-03, -5.323500e-03, 7.805225e-06, 7.618657e-06, 7.589007e-06
2.866500e-03, -5.323500e-03, 6.532367e-06, 6.394138e-06, 6.359981e-06
2.983500e-03, -5.323500e-03, 8.179376e-07, 7.822246e-07, 7.980689e-07
3.100500e-03, -5.323500e-03, 4.049805e-06, 4.000248e-06, 3.948291e-06
3.217500e-03, -5.323500e-03, 9.248524e-06, 8.979278e-06, 8.986897e-06
3.334500e-03, -5.323500e-03, 1.709101e-06, 1.710043e-06, 1.682576e-06
3.451500e-03, -5.323500e-03, 1.080095e-06, 1.080877e-06, 1.074148e-06
3.568500e-03, -5.323500e-03, 8.843074e-06, 8.603405e-06, 8.591364e-06
3.685500e-03, -5.323500e-03, 5.035408e-06, 4.952175e-06, 4.901249e-06
3.802500e-03, -5.323500e-03, 5.500000e-07, 5.500000e-07, 5.500000e-07
3.919500e-03, -5.323500e-03, 5.419047e-06, 5.321566e-06, 5.274361e-06
4.036500e-03, -5.323500e-03, 8.624685e-06, 8.398404e-06, 8.379685e-06
4.153500e-03, -5.323500e-03, 9.139716e-07, 9.147075e-07, 9.126654e-07
4.270500e-03, -5.323500e-03, 1.991974e-06, 1.992930e-06, 1.955737e-06
4.387500e-03, -5.323500e-03, 9.320779e-06, 9.046299e-06, 9.058032e-06
4.504500e-03, -5.323500e-03, 3.644360e-06, 3.611606e-06, 3.554245e-06
4.621500e-03, -5.323500e-03, 5.500000e-07, 5.500000e-07, 5.500000e-07
4.738500e-03, -5.323500e-03, 6.946391e-06, 6.792981e-06, 6.762710e-06
4.855500e-03, -5.323500e-03, 7.438110e-06, 7.266333e-06, 7.235986e-06
4.972500e-03, -5.323500e-03, 5.650284e-07, 5.652284e-07, 5.669922e-07
5.089500e-03, -5.323500e-03, 3.228270e-06, 3.208827e-06, 3.152054e-06
5.206500e-03, -5.323500e-03, 9.362006e-06, 9.086757e-06, 9.098544e-06
5.323500e-03, -5.323500e-03, 2.367580e-06, 2.367580e-06, 2.318864e-06
5.440500e-03, -5.323500e-03, 7.554633e-07, 7.560850e-07, 7.576470e-07
5.557500e-03, -5.323500e-03, 8.311148e-06, 8.101642e-06, 8.076623e-06
5.674500e-03, -5.323500e-03, 5.888878e-06, 5.774118e-06, 5.732304e-06
5.791500e-03, -5.323500e-03, 5.500000e-07, 5.500000e-07, 5.500000e-07
-5.791500e-03, -5.206500e-03, 2.896463e-06, 3.176153e-06, 2.943927e-06
-5.674500e-03, -5.206500e-03, 1.650000e-05, 1.650000e-05, 1.650000e-05
-5.557500e-03, -5.206500e-03, 1.650000e-05, 1.650000e-05, 1.650000e-05
-5.440500e-03, -5.206500e-03, 1.650000e-05, 1.650000e-05, 1.650000e-05
-5.323500e-03, -5.206500e-03, 1.650000e-05, 1.650000e-05, 1.650000e-05
-5.206500e-03, -5.206500e-03, 1.650000e-05, 1.650000e-05, 1.650000e-05
-5.089500e-03, -5.206500e-03, 1.650000e-05, 1.650000e-05, 1.650000e-05
-4.972500e-03, -5.206500e-03, 1.565368e-05, 1.577951e-05, 1.560388e-05
-4.855500e-03, -5.206500e-03, 1.650000e-05, 1.650000e-05, 1.650000e-05
-4.738500e-03, -5.206500e-03, 1.650000e-05, 1.650000e-05, 1.650000e-05
-4.621500e-03, -5.206500e-03, 1.563873e-05, 1.576016e-05, 1.560231e-05
-4.504500e-03, -5.206500e-03, 1.359345e-05, 1.410128e-05, 1.365029e-05
-4.387500e-03, -5.206500e-03, 1.650000e-05, 1.650000e-05, 1.650000e-05
-4.270500e-03, -5.206500e-03, 1.205238e-05, 1.211017e-05, 1.197367e-05
-4.153500e-03, -5.206500e-03, 5.375105e-06, 5.649728e-06, 5.418618e-06
-4.036500e-03, -5.206500e-03, 1.650000e-05, 1.650000e-05, 1.650000e-05
-3.919500e-03, -5.206500e-03, 1.491982e-05, 1.513657e-05, 1.495220e-05
-3.802500e-03, -5.206500e-03, 1.332595e-05, 1.369706e-05, 1.337913e-05
-3.685500e-03, -5.206500e-03, 1.584017e-05, 1.595046e-05, 1.586477e-05
-3.568500e-03, -5.206500e-03, 1.650000e-05, 1.650000e-05, 1.650000e-05
-3.451500e-03, -5.206500e-03, 1.568060e-05, 1.579729e-05, 1.560643e-05
-3.334500e-03, -5.206500e-03, 1.242540e-05, 1.307630e-05, 1.251151e-05
-3.217500e-03, -5.206500e-03, 1.650000e-05, 1.650000e-05, 1.650000e-05
-3.100500e-03, -5.206500e-03, 1.236454e-05, 1.265180e-05, 1.237182e-05
-2.983500e-03, -5.206500e-03, 1.001920e-06, 1.127576e-06, 1.031026e-06
-2.866500e-03, -5.206500e-03, 1.635224e-05, 1.636916e-05, 1.636455e-05
-2.749500e-03, -5.206500e-03, 1.650000e-05, 1.650000e-05, 1.650000e-05
-2.632500e-03, -5.206500e-03, 3.043928e-06, 3.291634e-06, 3.092409e-06
-2.515500e-03, -5.206500e-03, 1.018219e-05, 1.046024e-05, 1.018994e-05
-2.398500e-03, -5.206500e-03, 1.650000e-05, 1.650000e-05, 1.650000e-05
-2.281500e-03, -5.206500e-03, 9.771629e-06, 1.004870e-05, 9.780718e-06
-2.164500e-03, -5.206500e-03, 3.454438e-06, 3.702507e-06, 3.501662e-06
-2.047500e-03, -5.206500e-03, 1.650000e-05, 1.650000e-05, 1.650000e-05
-1.930500e-03, -5.206500e-03, 1.645711e-05, 1.645711e-05, 1.646004e-05
-1.813500e-03, -5.206500e-03, 2.207889e-06, 2.435828e-06, 2.251804e-06
-1.696500e-03, -5.206500e-03, 1.320974e-05, 1.350205e-05, 1.323694e-05
-1.579500e-03, -5.206500e-03, 1.650000e-05, 1.650000e-05, 1.650000e-05
-1.462500e-03, -5.206500e-03, 7.165617e-06, 7.433355e-06, 7.187950e-06
-1.345500e-03, -5.206500e-03, 6.065738e-06, 6.326616e-06, 6.095735e-06
-1.228500e-03, -5.206500e-03, 1.650000e-05, 1.650000e-05, 1.650000e-05
-1.111500e-03, -5.206500e-03, 1.385083e-05, 1.412938e-05, 1.386883e-05
-9.945000e-04, -5.206500e-03, 4.035774e-06, 4.823308e-06, 4.141032e-06
-8.775000e-04, -5.206500e-03, 1.572910e-05, 1.584153e-05, 1.575886e-05
-7.605000e-04, -5.206500e-03, 1.650000e-05, 1.650000e-05, 1.650000e-05
-6.435000e-04, -5.206500e-03, 4.552588e-06, 4.804036e-06, 4.593714e-06
-5.265000e-04, -5.206500e-03, 8.675539e-06, 8.949788e-06, 8.689303e-06
-4.095000e-04, -5.206500e-03, 1.650000e-05, 1.650000e-05, 1.650000e-05
-2.925000e-04, -5.206500e-03, 1.127529e-05, 1.155735e-05, 1.128111e-05
-1.755000e-04, -5.206500e-03, 1.952795e-06, 2.192085e-06, 2.000444e-06
-5.850000e-05, -5.206500e-03, 1.650000e-05, 1.650000e-05, 1.650000e-05
5.850000e-05, -5.206500e-03, 1.650000e-05, 1.650000e-05, 1.650000e-05
1.755000e-04, -5.206500e-03, 1.123075e-05, 1.116306e-05, 1.100266e-05
2.925000e-04, -5.206500e-03, 1.127529e-05, 1.155735e-05, 1.128111e-05
4.095000e-04, -5.206500e-03, 1.650000e-05, 1.650000e-05, 1.650000e-05
5.265000e-04, -5.206500e-03, 8.675539e-06, 8.949788e-06, 8.689303e-06
6.435000e-04, -5.206500e-03, 4.552588e-06, 4.804036e-06, 4.593714e-06
7.605000e-04, -5.206500e-03, 1.650000e-05, 1.650000e-05, 1.650000e-05
8.775000e-04, -5.206500e-03, 1.531820e-05, 1.548465e-05, 1.535449e-05
9.945000e-04, -5.206500e-03, 5.500000e-07, 5.500000e-07, 5.500000e-07
1.111500e-03, -5.206500e-03, 1.385083e-05, 1.412938e-05, 1.386883e-05
1.228500e-03, -5.206500e-03, 1.650000e-05, 1.650000e-05, 1.650000e-05
1.345500e-03, -5.206500e-03, 6.065738e-06, 6.326616e-06, 6.095735e-06
1.462500e-03, -5.206500e-03, 7.165617e-06, 7.433355e-06, 7.187950e-06
1.579500e-03, -5.206500e-03, 1.650000e-05, 1.650000e-05, 1.650000e-05
1.696500e-03, -5.206500e-03, 1.277146e-05, 1.305969e-05, 1.278047e-05
1.813500e-03, -5.206500e-03, 7.725624e-07, 8.385259e-07, 7.924670e-07
1.930500e-03, -5.206500e-03, 1.617068e-05, 1.621174e-05, 1.619093e-05
2.047500e-03, -5.206500e-03, 1.650000e-05, 1.650000e-05, 1.650000e-05
2.164500e-03, -5.206500e-03, 9.028515e-06, 8.958046e-06, 8.860807e-06
2.281500e-03, -5.206500e-03, 1.029264e-05, 1.059481e-05, 1.032644e-05
2.398500e-03, -5.206500e-03, 1.650000e-05, 1.650000e-05, 1.650000e-05
2.515500e-03, -5.206500e-03, 1.018219e-05, 1.046024e-05, 1.018994e-05
2.632500e-03, -5.206500e-03, 3.043928e-06, 3.291634e-06, 3.092409e-06
2.749500e-03, -5.206500e-03, 1.650000e-05, 1.650000e-05, 1.650000e-05
2.866500e-03, -5.206500e-03, 1.635224e-05, 1.636916e-05, 1.636455e-05
2.983500e-03, -5.206500e-03, 1.001920e-06, 1.127576e-06, 1.031026e-06
3.100500e-03, -5.206500e-03, 1.236454e-05, 1.265180e-05, 1.237182e-05
3.217500e-03, -5.206500e-03, 1.650000e-05, 1.650000e-05, 1.650000e-05
3.334500e-03, -5.206500e-03, 7.577744e-06, 7.847726e-06, 7.597543e-06
3.451500e-03, -5.206500e-03, 5.653045e-06, 5.911143e-06, 5.686144e-06
3.568500e-03, -5.206500e-03, 1.650000e-05, 1.650000e-05, 1.650000e-05
3.685500e-03, -5.206500e-03, 1.425297e-05, 1.451769e-05, 1.427597e-05
3.802500e-03, -5.206500e-03, 5.500000e-07, 5.500000e-07, 5.500000e-07
3.919500e-03, -5.206500e-03, 1.495355e-05, 1.517177e-05, 1.498839e-05
4.036500e-03, -5.206500e-03, 1.650000e-05, 1.650000e-05, 1.650000e-05
4.153500e-03, -5.206500e-03, 4.965162e-06, 5.218902e-06, 5.003370e-06
4.270500e-03, -5.206500e-03, 8.264040e-06, 8.536802e-06, 8.279878e-06
4.387500e-03, -5.206500e-03, 1.650000e-05, 1.650000e-05, 1.650000e-05
4.504500e-03, -5.206500e-03, 1.168430e-05, 1.196834e-05, 1.169016e-05
4.621500e-03, -5.206500e-03, 1.554226e-06, 1.769440e-06, 1.597122e-06
4.738500e-03, -5.206500e-03, 1.648785e-05, 1.648864e-05, 1.648950e-05
4.855500e-03, -5.206500e-03, 1.650000e-05, 1.650000e-05, 1.650000e-05
4.972500e-03, -5.206500e-03, 2.361527e-06, 2.606871e-06, 2.410265e-06
5.089500e-03, -5.206500e-03, 1.086569e-05, 1.114599e-05, 1.087188e-05
5.206500e-03, -5.206500e-03, 1.650000e-05, 1.650000e-05, 1.650000e-05
5.323500e-03, -5.206500e-03, 9.086757e-06, 9.362006e-06, 9.098544e-06
5.440500e-03, -5.206500e-03, 4.140353e-06, 4.390131e-06, 4.184122e-06
5.557500e-03, -5.206500e-03, 1.650000e-05, 1.650000e-05, 1.650000e-05
5.674500e-03, -5.206500e-03, 1.569839e-05, 1.580550e-05, 1.573019e-05
5.791500e-03, -5.206500e-03, 5.683237e-07, 5.725798e-07, 5.717831e-07
-5.791500e-03, -5.089500e-03, 2.896463e-06, 3.176153e-06, 2.943927e-06
-5.674500e-03, -5.089500e-03, 1.650000e-05, 1.650000e-05, 1.650000e-05
-5.557500e-03, -5.089500e-03, 1.513468e-05, 1.513421e-05, 1.508932e-05
-5.440500e-03, -5.089500e-03, 1.524100e-05, 1.524100e-05, 1.520016e-05
-5.323500e-03, -5.089500e-03, 1.650000e-05, 1.650000e-05, 1.650000e-05
-5.206500e-03, -5.089500e-03, 1.650000e-05, 1.650000e-05, 1.650000e-05
-5.089500e-03, -5.089500e-03, 1.650000e-05, 1.650000e-05, 1.650000e-05
-4.972500e-03, -5.089500e-03, 1.650000e-05, 1.650000e-05, 1.650000e-05
-4.855500e-03, -5.089500e-03, 1.599056e-05, 1.596265e-05, 1.596446e-05
-4.738500e-03, -5.089500e-03, 1.613788e-05, 1.612348e-05, 1.612349e-05
-4.621500e-03, -5.089500e-03, 1.650000e-05, 1.650000e-05, 1.650000e-05
-4.504500e-03, -5.089500e-03, 1.373487e-05, 1.369961e-05, 1.350792e-05
-4.387500e-03, -5.089500e-03, 1.397486e-05, 1.342895e-05, 1.351956e-05
-4.270500e-03, -5.089500e-03, 5.220124e-06, 4.976543e-06, 4.926263e-06
-4.153500e-03, -5.089500e-03, 1.292083e-06, 1.308005e-06, 1.290051e-06
-4.036500e-03, -5.089500e-03, 1.041174e-05, 1.018388e-05, 1.015362e-05
-3.919500e-03, -5.089500e-03, 6.905881e-06, 6.828370e-06, 6.758339e-06
-3.802500e-03, -5.089500e-03, 1.341431e-05, 1.370203e-05, 1.342589e-05
-3.685500e-03, -5.089500e-03, 1.648020e-05, 1.648062e-05, 1.648206e-05
-3.568500e-03, -5.089500e-03, 1.575664e-05, 1.565214e-05, 1.561707e-05
-3.451500e-03, -5.089500e-03, 1.650000e-05, 1.650000e-05, 1.650000e-05
-3.334500e-03, -5.089500e-03, 1.374530e-05, 1.382291e-05, 1.361784e-05
-3.217500e-03, -5.089500e-03, 1.217743e-05, 1.182817e-05, 1.184255e-05
-3.100500e-03, -5.089500e-03, 5.198019e-06, 5.173306e-06, 5.093712e-06
-2.983500e-03, -5.089500e-03, 5.500000e-07, 5.500000e-07, 5.500000e-07
-2.866500e-03, -5.089500e-03, 8.247733e-06, 8.126016e-06, 8.058105e-06
-2.749500e-03, -5.089500e-03, 9.599262e-06, 9.415603e-06, 9.364189e-06
-2.632500e-03, -5.089500e-03, 7.735368e-07, 7.843116e-07, 7.809031e-07
-2.515500e-03, -5.089500e-03, 3.851668e-06, 3.860912e-06, 3.779548e-06
-2.398500e-03, -5.089500e-03, 1.115903e-05, 1.087879e-05, 1.088446e-05
-2.281500e-03, -5.089500e-03, 3.608172e-06, 3.622115e-06, 3.541829e-06
-2.164500e-03, -5.089500e-03, 8.640819e-07, 8.762498e-07, 8.706025e-07
-2.047500e-03, -5.089500e-03, 9.798962e-06, 9.605519e-06, 9.558073e-06
-1.930500e-03, -5.089500e-03, 7.967501e-06, 7.854254e-06, 7.787982e-06
-1.813500e-03, -5.089500e-03, 5.500000e-07, 5.500000e-07, 5.500000e-07
-1.696500e-03, -5.089500e-03, 5.459762e-06, 5.427496e-06, 5.349179e-06
-1.579500e-03, -5.089500e-03, 1.097106e-05, 1.070238e-05, 1.070001e-05
-1.462500e-03, -5.089500e-03, 2.181304e-06, 2.200583e-06, 2.153815e-06
-1.345500e-03, -5.089500e-03, 1.721963e-06, 1.738063e-06, 1.710195e-06
-1.228500e-03, -5.089500e-03, 1.106579e-05, 1.075499e-05, 1.076015e-05
-1.111500e-03, -5.089500e-03, 7.731732e-06, 7.666930e-06, 7.514070e-06
-9.945000e-04, -5.089500e-03, 5.482973e-06, 5.577629e-06, 5.257000e-06
-8.775000e-04, -5.089500e-03, 1.235429e-05, 1.206196e-05, 1.210010e-05
-7.605000e-04, -5.089500e-03, 1.031909e-05, 1.009445e-05, 1.006551e-05
-6.435000e-04, -5.089500e-03, 1.160509e-06, 1.175528e-06, 1.161592e-06
-5.265000e-04, -5.089500e-03, 2.971828e-06, 2.992258e-06, 2.921187e-06
-4.095000e-04, -5.089500e-03, 1.113032e-05, 1.084993e-05, 1.085675e-05
-2.925000e-04, -5.089500e-03, 7.344106e-06, 7.214743e-06, 7.065266e-06
-1.755000e-04, -5.089500e-03, 4.264625e-06, 4.145975e-06, 4.128984e-06
-5.850000e-05, -5.089500e-03, 8.998964e-06, 8.842394e-06, 8.782541e-06
5.850000e-05, -5.089500e-03, 1.041686e-05, 1.016824e-05, 1.018323e-05
1.755000e-04, -5.089500e-03, 9.300248e-06, 9.199664e-06, 9.077867e-06
2.925000e-04, -5.089500e-03, 4.514593e-06, 4.508355e-06, 4.426712e-06
4.095000e-04, -5.089500e-03, 1.130496e-05, 1.098473e-05, 1.100861e-05
5.265000e-04, -5.089500e-03, 2.971828e-06, 2.992258e-06, 2.921187e-06
6.435000e-04, -5.089500e-03, 1.160509e-06, 1.175528e-06, 1.161592e-06
7.605000e-04, -5.089500e-03, 1.026317e-05, 1.004444e-05, 1.000911e-05
8.775000e-04, -5.089500e-03, 7.187027e-06, 7.100159e-06, 7.031434e-06
9.945000e-04, -5.089500e-03, 5.500000e-07, 5.500000e-07, 5.500000e-07
1.111500e-03, -5.089500e-03, 6.171922e-06, 6.118073e-06, 6.043751e-06
1.228500e-03, -5.089500e-03, 1.074051e-05, 1.049006e-05, 1.047419e-05
1.345500e-03, -5.089500e-03, 1.697490e-06, 1.715340e-06, 1.684401e-06
1.462500e-03, -5.089500e-03, 2.181304e-06, 2.200583e-06, 2.153815e-06
1.579500e-03, -5.089500e-03, 1.097106e-05, 1.070238e-05, 1.070001e-05
1.696500e-03, -5.089500e-03, 5.459762e-06, 5.427496e-06, 5.349179e-06
1.813500e-03, -5.089500e-03, 5.500000e-07, 5.500000e-07, 5.500000e-07
1.930500e-03, -5.089500e-03, 7.954125e-06, 7.841746e-06, 7.774309e-06
2.047500e-03, -5.089500e-03, 9.798962e-06, 9.605519e-06, 9.558073e-06
2.164500e-03, -5.089500e-03, 1.326158e-06, 1.338357e-06, 1.327911e-06
2.281500e-03, -5.089500e-03, 1.121908e-05, 1.125828e-05, 1.103773e-05
2.398500e-03, -5.089500e-03, 1.172248e-05, 1.141608e-05, 1.144644e-05
2.515500e-03, -5.089500e-03, 5.035847e-06, 5.030413e-06, 4.915906e-06
2.632500e-03, -5.089500e-03, 5.022881e-06, 4.851421e-06, 4.851575e-06
2.749500e-03, -5.089500e-03, 9.599262e-06, 9.415603e-06, 9.364189e-06
2.866500e-03, -5.089500e-03, 8.247733e-06, 8.126016e-06, 8.058105e-06
2.983500e-03, -5.089500e-03, 5.500000e-07, 5.500000e-07, 5.500000e-07
3.100500e-03, -5.089500e-03, 5.198019e-06, 5.173306e-06, 5.093712e-06
3.217500e-03, -5.089500e-03, 1.103238e-05, 1.075860e-05, 1.076032e-05
3.334500e-03, -5.089500e-03, 2.382614e-06, 2.402309e-06, 2.349059e-06
3.451500e-03, -5.089500e-03, 1.575668e-06, 1.603241e-06, 1.566605e-06
3.568500e-03, -5.089500e-03, 1.583288e-05, 1.595859e-05, 1.586251e-05
3.685500e-03, -5.089500e-03, 9.428692e-06, 9.629988e-06, 9.415700e-06
3.802500e-03, -5.089500e-03, 5.500000e-07, 5.500000e-07, 5.500000e-07
3.919500e-03, -5.089500e-03, 8.001552e-06, 7.914353e-06, 7.820703e-06
4.036500e-03, -5.089500e-03, 1.041174e-05, 1.018388e-05, 1.015362e-05
4.153500e-03, -5.089500e-03, 1.292083e-06, 1.308005e-06, 1.290051e-06
4.270500e-03, -5.089500e-03, 2.742181e-06, 2.762370e-06, 2.698059e-06
4.387500e-03, -5.089500e-03, 1.110459e-05, 1.082524e-05, 1.083142e-05
4.504500e-03, -5.089500e-03, 4.768421e-06, 4.755557e-06, 4.674495e-06
4.621500e-03, -5.089500e-03, 5.525677e-07, 5.526077e-07, 5.529453e-07
4.738500e-03, -5.089500e-03, 8.737204e-06, 8.595205e-06, 8.530196e-06
4.855500e-03, -5.089500e-03, 9.235874e-06, 9.068957e-06, 9.011905e-06
4.972500e-03, -5.089500e-03, 6.479663e-07, 6.555014e-07, 6.548785e-07
5.089500e-03, -5.089500e-03, 4.263543e-06, 4.263543e-06, 4.181709e-06
5.206500e-03, -5.089500e-03, 1.114599e-05, 1.086569e-05, 1.087188e-05
5.323500e-03, -5.089500e-03, 3.208827e-06, 3.228270e-06, 3.152054e-06
5.440500e-03, -5.089500e-03, 1.039964e-06, 1.054063e-06, 1.043652e-06
5.557500e-03, -5.089500e-03, 1.010058e-05, 9.891165e-06, 9.850965e-06
5.674500e-03, -5.089500e-03, 7.471896e-06, 7.375459e-06, 7.307760e-06
5.791500e-03, -5.089500e-03, 5.500000e-07, 5.500000e-07, 5.500000e-07
-5.791500e-03, -4.972500e-03, 2.896463e-06, 3.176153e-06, 2.943927e-06
-5.674500e-03, -4.972500e-03, 1.650000e-05, 1.650000e-05, 1.650000e-05
-5.557500e-03, -4.972500e-03, 1.055977e-05, 1.055561e-05, 1.042058e-05
-5.440500e-03, -4.972500e-03, 1.081292e-05, 1.081213e-05, 1.067624e-05
-5.323500e-03, -4.972500e-03, 1.650000e-05, 1.650000e-05, 1.650000e-05
-5.206500e-03, -4.972500e-03, 1.577951e-05, 1.565368e-05, 1.560388e-05
-5.089500e-03, -4.972500e-03, 1.650000e-05, 1.650000e-05, 1.650000e-05
-4.972500e-03, -4.972500e-03, 1.650000e-05, 1.650000e-05, 1.650000e-05
-4.855500e-03, -4.972500e-03, 1.640015e-05, 1.637859e-05, 1.639404e-05
-4.738500e-03, -4.972500e-03, 1.406360e-05, 1.351437e-05, 1.355365e-05
-4.621500e-03, -4.972500e-03, 1.621381e-05, 1.620638e-05, 1.620765e-05
-4.504500e-03, -4.972500e-03, 1.650000e-05, 1.650000e-05, 1.650000e-05
-4.387500e-03, -4.972500e-03, 1.577851e-05, 1.565413e-05, 1.560389e-05
-4.270500e-03, -4.972500e-03, 1.631089e-05, 1.631089e-05, 1.631141e-05
-4.153500e-03, -4.972500e-03, 6.403200e-06, 6.403200e-06, 6.285941e-06
-4.036500e-03, -4.972500e-03, 5.500000e-07, 5.500000e-07, 5.500000e-07
-3.919500e-03, -4.972500e-03, 5.500000e-07, 5.500000e-07, 5.500000e-07
-3.802500e-03, -4.972500e-03, 4.040220e-06, 4.040220e-06, 3.944157e-06
-3.685500e-03, -4.972500e-03, 1.312280e-05, 1.277186e-05, 1.280730e-05
-3.568500e-03, -4.972500e-03, 1.383950e-05, 1.334446e-05, 1.339584e-05
-3.451500e-03, -4.972500e-03, 1.632679e-05, 1.632919e-05, 1.632922e-05
-3.334500e-03, -4.972500e-03, 1.650000e-05, 1.650000e-05, 1.650000e-05
-3.217500e-03, -4.972500e-03, 1.419649e-05, 1.419649e-05, 1.411346e-05
-3.100500e-03, -4.972500e-03, 2.228141e-06, 2.228141e-06, 2.182707e-06
-2.983500e-03, -4.972500e-03, 5.500000e-07, 5.500000e-07, 5.500000e-07
-2.866500e-03, -4.972500e-03, 5.500000e-07, 5.500000e-07, 5.500000e-07
-2.749500e-03, -4.972500e-03, 5.500000e-07, 5.500000e-07, 5.500000e-07
-2.632500e-03, -4.972500e-03, 5.500000e-07, 5.500000e-07, 5.500000e-07
-2.515500e-03, -4.972500e-03, 6.131620e-07, 6.096443e-07, 6.146567e-07
-2.398500e-03, -4.972500e-03, 2.619155e-06, 2.373619e-06, 2.422719e-06
-2.281500e-03, -4.972500e-03, 5.923155e-07, 5.904942e-07, 5.943850e-07
-2.164500e-03, -4.972500e-03, 5.500000e-07, 5.500000e-07, 5.500000e-07
-2.047500e-03, -4.972500e-03, 1.935089e-06, 1.776030e-06, 1.801998e-06
-1.930500e-03, -4.972500e-03, 1.353110e-06, 1.264561e-06, 1.283906e-06
-1.813500e-03, -4.972500e-03, 5.500000e-07, 5.500000e-07, 5.500000e-07
-1.696500e-03, -4.972500e-03, 5.500000e-07, 5.500000e-07, 5.500000e-07
-1.579500e-03, -4.972500e-03, 5.500000e-07, 5.500000e-07, 5.500000e-07
-1.462500e-03, -4.972500e-03, 5.500000e-07, 5.500000e-07, 5.500000e-07
-1.345500e-03, -4.972500e-03, 8.388826e-06, 8.571211e-06, 8.332467e-06
-1.228500e-03, -4.972500e-03, 1.446920e-05, 1.445863e-05, 1.439479e-05
-1.111500e-03, -4.972500e-03, 4.374015e-06, 4.369014e-06, 4.142248e-06
-9.945000e-04, -4.972500e-03, 5.110374e-06, 5.609152e-06, 5.022834e-06
-8.775000e-04, -4.972500e-03, 6.123981e-06, 5.803449e-06, 5.559674e-06
-7.605000e-04, -4.972500e-03, 8.797390e-06, 7.834744e-06, 7.971037e-06
-6.435000e-04, -4.972500e-03, 4.808255e-06, 4.034219e-06, 4.137757e-06
-5.265000e-04, -4.972500e-03, 4.811828e-06, 4.037793e-06, 4.141959e-06
-4.095000e-04, -4.972500e-03, 6.901026e-06, 5.832857e-06, 5.986635e-06
-2.925000e-04, -4.972500e-03, 1.234274e-05, 1.224082e-05, 1.213814e-05
-1.755000e-04, -4.972500e-03, 1.220452e-05, 1.240800e-05, 1.213719e-05
-5.850000e-05, -4.972500e-03, 5.500000e-07, 5.500000e-07, 5.500000e-07
5.850000e-05, -4.972500e-03, 5.500000e-07, 5.500000e-07, 5.500000e-07
1.755000e-04, -4.972500e-03, 5.500000e-07, 5.500000e-07, 5.500000e-07
2.925000e-04, -4.972500e-03, 8.147059e-06, 8.327300e-06, 8.098397e-06
4.095000e-04, -4.972500e-03, 1.348227e-05, 1.364622e-05, 1.340514e-05
5.265000e-04, -4.972500e-03, 2.218373e-06, 2.052498e-06, 2.081586e-06
6.435000e-04, -4.972500e-03, 8.345177e-07, 8.237203e-07, 8.303367e-07
7.605000e-04, -4.972500e-03, 2.133262e-06, 1.948199e-06, 1.978345e-06
8.775000e-04, -4.972500e-03, 7.802516e-06, 7.732641e-06, 7.651394e-06
9.945000e-04, -4.972500e-03, 1.243083e-05, 1.233665e-05, 1.218488e-05
1.111500e-03, -4.972500e-03, 9.528796e-07, 9.119472e-07, 9.262386e-07
1.228500e-03, -4.972500e-03, 2.339628e-06, 2.121548e-06, 2.159152e-06
1.345500e-03, -4.972500e-03, 5.500000e-07, 5.500000e-07, 5.500000e-07
1.462500e-03, -4.972500e-03, 5.500000e-07, 5.500000e-07, 5.500000e-07
1.579500e-03, -4.972500e-03, 5.500000e-07, 5.500000e-07, 5.500000e-07
1.696500e-03, -4.972500e-03, 5.500000e-07, 5.500000e-07, 5.500000e-07
1.813500e-03, -4.972500e-03, 5.500000e-07, 5.500000e-07, 5.500000e-07
1.930500e-03, -4.972500e-03, 5.500000e-07, 5.500000e-07, 5.500000e-07
2.047500e-03, -4.972500e-03, 5.500000e-07, 5.500000e-07, 5.500000e-07
2.164500e-03, -4.972500e-03, 6.349114e-06, 6.635747e-06, 6.387094e-06
2.281500e-03, -4.972500e-03, 2.383703e-06, 2.564624e-06, 2.372682e-06
2.398500e-03, -4.972500e-03, 3.060460e-06, 2.797790e-06, 2.847833e-06
2.515500e-03, -4.972500e-03, 1.054513e-05, 1.067062e-05, 1.049454e-05
2.632500e-03, -4.972500e-03, 1.528178e-05, 1.535841e-05, 1.527548e-05
2.749500e-03, -4.972500e-03, 1.873634e-06, 1.727515e-06, 1.751413e-06
2.866500e-03, -4.972500e-03, 3.415061e-06, 3.216368e-06, 3.196898e-06
2.983500e-03, -4.972500e-03, 4.954782e-06, 4.792511e-06, 4.785140e-06
3.100500e-03, -4.972500e-03, 5.500000e-07, 5.500000e-07, 5.500000e-07
3.217500e-03, -4.972500e-03, 5.500000e-07, 5.500000e-07, 5.500000e-07
3.334500e-03, -4.972500e-03, 5.500000e-07, 5.500000e-07, 5.500000e-07
3.451500e-03, -4.972500e-03, 5.500000e-07, 5.500000e-07, 5.500000e-07
3.568500e-03, -4.972500e-03, 1.552200e-05, 1.573932e-05, 1.556869e-05
3.685500e-03, -4.972500e-03, 7.843385e-06, 8.148875e-06, 7.888475e-06
3.802500e-03, -4.972500e-03, 5.500000e-07, 5.500000e-07, 5.500000e-07
3.919500e-03, -4.972500e-03, 1.105365e-06, 1.046370e-06, 1.062909e-06
4.036500e-03, -4.972500e-03, 2.185255e-06, 1.990473e-06, 2.022760e-06
4.153500e-03, -4.972500e-03, 5.500000e-07, 5.500000e-07, 5.500000e-07
4.270500e-03, -4.972500e-03, 5.500000e-07, 5.500000e-07, 5.500000e-07
4.387500e-03, -4.972500e-03, 2.566268e-06, 2.321893e-06, 2.369590e-06
4.504500e-03, -4.972500e-03, 7.187601e-07, 7.045852e-07, 7.136506e-07
4.621500e-03, -4.972500e-03, 5.500000e-07, 5.500000e-07, 5.500000e-07
4.738500e-03, -4.972500e-03, 1.560474e-06, 1.447444e-06, 1.468622e-06
4.855500e-03, -4.972500e-03, 1.727428e-06, 1.594783e-06, 1.617404e-06
4.972500e-03, -4.972500e-03, 5.500000e-07, 5.500000e-07, 5.500000e-07
5.089500e-03, -4.972500e-03, 6.555014e-07, 6.479663e-07, 6.548785e-07
5.206500e-03, -4.972500e-03, 2.606871e-06, 2.361527e-06, 2.410265e-06
5.323500e-03, -4.972500e-03, 5.652284e-07, 5.650284e-07, 5.669922e-07
5.440500e-03, -4.972500e-03, 5.500000e-07, 5.500000e-07, 5.500000e-07
5.557500e-03, -4.972500e-03, 5.500000e-07, 5.500000e-07, 5.500000e-07
5.674500e-03, -4.972500e-03, 5.500000e-07, 5.500000e-07, 5.500000e-07
5.791500e-03, -4.972500e-03, 5.500000e-07, 5.500000e-07, 5.500000e-07
-5.791500e-03, -4.855500e-03, 2.896463e-06, 3.176153e-06, 2.943927e-06
-5.674500e-03, -4.855500e-03, 1.650000e-05, 1.650000e-05, 1.650000e-05
-5.557500e-03, -4.855500e-03, 1.650000e-05, 1.650000e-05, 1.650000e-05
-5.440500e-03, -4.855500e-03, 1.650000e-05, 1.650000e-05, 1.650000e-05
-5.323500e-03, -4.855500e-03, 1.597076e-05, 1.599232e-05, 1.596514e-05
-5.206500e-03, -4.855500e-03, 1.650000e-05, 1.650000e-05, 1.650000e-05
-5.089500e-03, -4.855500e-03, 1.596265e-05, 1.599056e-05, 1.596446e-05
-4.972500e-03, -4.855500e-03, 1.554398e-05, 1.571236e-05, 1.558760e-05
-4.855500e-03, -4.855500e-03, 1.592989e-05, 1.590469e-05, 1.589572e-05
-4.738500e-03, -4.855500e-03, 1.644013e-05, 1.644013e-05, 1.644261e-05
-4.621500e-03, -4.855500e-03, 1.310140e-05, 1.365054e-05, 1.314909e-05
-4.504500e-03, -4.855500e-03, 1.595808e-05, 1.598913e-05, 1.596393e-05
-4.387500e-03, -4.855500e-03, 1.650000e-05, 1.650000e-05, 1.650000e-05
-4.270500e-03, -4.855500e-03, 1.597300e-05, 1.599268e-05, 1.596536e-05
-4.153500e-03, -4.855500e-03, 1.631089e-05, 1.631089e-05, 1.631141e-05
-4.036500e-03, -4.855500e-03, 6.403200e-06, 6.403200e-06, 6.285941e-06
-3.919500e-03, -4.855500e-03, 5.500000e-07, 5.500000e-07, 5.500000e-07
-3.802500e-03, -4.855500e-03, 5.500000e-07, 5.500000e-07, 5.500000e-07
-3.685500e-03, -4.855500e-03, 1.249849e-05, 1.266693e-05, 1.242262e-05
-3.568500e-03, -4.855500e-03, 1.629035e-05, 1.629035e-05, 1.629037e-05
-3.451500e-03, -4.855500e-03, 1.320877e-05, 1.364003e-05, 1.317066e-05
-3.334500e-03, -4.855500e-03, 1.650000e-05, 1.650000e-05, 1.650000e-05
-3.217500e-03, -4.855500e-03, 1.650000e-05, 1.650000e-05, 1.650000e-05
-3.100500e-03, -4.855500e-03, 1.334561e-05, 1.351171e-05, 1.327683e-05
-2.983500e-03, -4.855500e-03, 5.500000e-07, 5.500000e-07, 5.500000e-07
-2.866500e-03, -4.855500e-03, 5.500000e-07, 5.500000e-07, 5.500000e-07
-2.749500e-03, -4.855500e-03, 5.500000e-07, 5.500000e-07, 5.500000e-07
-2.632500e-03, -4.855500e-03, 5.500000e-07, 5.500000e-07, 5.500000e-07
-2.515500e-03, -4.855500e-03, 8.377177e-06, 8.545813e-06, 8.329153e-06
-2.398500e-03, -4.855500e-03, 1.650000e-05, 1.650000e-05, 1.650000e-05
-2.281500e-03, -4.855500e-03, 7.961069e-06, 8.130990e-06, 7.919236e-06
-2.164500e-03, -4.855500e-03, 2.328340e-06, 2.492503e-06, 2.347888e-06
-2.047500e-03, -4.855500e-03, 1.580852e-05, 1.580852e-05, 1.579151e-05
-1.930500e-03, -4.855500e-03, 1.450202e-05, 1.456566e-05, 1.444367e-05
-1.813500e-03, -4.855500e-03, 6.855732e-07, 7.019970e-07, 6.954888e-07
-1.696500e-03, -4.855500e-03, 5.500000e-07, 5.500000e-07, 5.500000e-07
-1.579500e-03, -4.855500e-03, 5.500000e-07, 5.500000e-07, 5.500000e-07
-1.462500e-03, -4.855500e-03, 5.500000e-07, 5.500000e-07, 5.500000e-07
-1.345500e-03, -4.855500e-03, 2.746137e-06, 2.707817e-06, 2.679245e-06
-1.228500e-03, -4.855500e-03, 6.729258e-06, 6.720736e-06, 6.532476e-06
-1.111500e-03, -4.855500e-03, 1.448716e-05, 1.422931e-05, 1.423934e-05
-9.945000e-04, -4.855500e-03, 8.933160e-06, 9.662704e-06, 8.934241e-06
-8.775000e-04, -4.855500e-03, 1.371146e-05, 1.385819e-05, 1.364584e-05
-7.605000e-04, -4.855500e-03, 1.649999e-05, 1.649999e-05, 1.649999e-05
-6.435000e-04, -4.855500e-03, 3.483371e-06, 3.729111e-06, 3.512825e-06
-5.265000e-04, -4.855500e-03, 6.848506e-06, 7.021549e-06, 6.825672e-06
-4.095000e-04, -4.855500e-03, 1.650000e-05, 1.650000e-05, 1.650000e-05
-2.925000e-04, -4.855500e-03, 9.605866e-06, 9.759331e-06, 9.539435e-06
-1.755000e-04, -4.855500e-03, 8.804638e-07, 8.397538e-07, 8.557771e-07
-5.850000e-05, -4.855500e-03, 5.500000e-07, 5.500000e-07, 5.500000e-07
5.850000e-05, -4.855500e-03, 5.500000e-07, 5.500000e-07, 5.500000e-07
1.755000e-04, -4.855500e-03, 6.126989e-07, 6.281811e-07, 6.227795e-07
2.925000e-04, -4.855500e-03, 7.571222e-06, 7.549807e-06, 7.308668e-06
4.095000e-04, -4.855500e-03, 5.344906e-06, 5.192540e-06, 5.177876e-06
5.265000e-04, -4.855500e-03, 1.560506e-05, 1.567514e-05, 1.560197e-05
6.435000e-04, -4.855500e-03, 9.884211e-06, 1.040642e-05, 9.909063e-06
7.605000e-04, -4.855500e-03, 1.608441e-05, 1.608441e-05, 1.607793e-05
8.775000e-04, -4.855500e-03, 1.649943e-05, 1.649943e-05, 1.649944e-05
9.945000e-04, -4.855500e-03, 9.590942e-06, 9.521363e-06, 9.414267e-06
1.111500e-03, -4.855500e-03, 1.209053e-05, 1.225898e-05, 1.201390e-05
1.228500e-03, -4.855500e-03, 1.634959e-05, 1.634959e-05, 1.635100e-05
1.345500e-03, -4.855500e-03, 4.376251e-06, 4.555468e-06, 4.379294e-06
1.462500e-03, -4.855500e-03, 5.500000e-07, 5.500000e-07, 5.500000e-07
1.579500e-03, -4.855500e-03, 5.500000e-07, 5.500000e-07, 5.500000e-07
1.696500e-03, -4.855500e-03, 5.500000e-07, 5.500000e-07, 5.500000e-07
1.813500e-03, -4.855500e-03, 5.500000e-07, 5.500000e-07, 5.500000e-07
1.930500e-03, -4.855500e-03, 5.500000e-07, 5.500000e-07, 5.500000e-07
2.047500e-03, -4.855500e-03, 5.500000e-07, 5.500000e-07, 5.500000e-07
2.164500e-03, -4.855500e-03, 6.496721e-06, 6.804636e-06, 6.550164e-06
2.281500e-03, -4.855500e-03, 8.890742e-06, 9.380467e-06, 8.903051e-06
2.398500e-03, -4.855500e-03, 1.650000e-05, 1.650000e-05, 1.650000e-05
2.515500e-03, -4.855500e-03, 1.319691e-05, 1.338680e-05, 1.319955e-05
2.632500e-03, -4.855500e-03, 3.210537e-06, 3.223942e-06, 3.094250e-06
2.749500e-03, -4.855500e-03, 1.568684e-05, 1.568684e-05, 1.566480e-05
2.866500e-03, -4.855500e-03, 1.650000e-05, 1.650000e-05, 1.650000e-05
2.983500e-03, -4.855500e-03, 1.425251e-05, 1.442583e-05, 1.422133e-05
3.100500e-03, -4.855500e-03, 5.500000e-07, 5.500000e-07, 5.500000e-07
3.217500e-03, -4.855500e-03, 5.500000e-07, 5.500000e-07, 5.500000e-07
3.334500e-03, -4.855500e-03, 5.500000e-07, 5.500000e-07, 5.500000e-07
3.451500e-03, -4.855500e-03, 5.500000e-07, 5.500000e-07, 5.500000e-07
3.568500e-03, -4.855500e-03, 8.979076e-06, 8.860835e-06, 8.755327e-06
3.685500e-03, -4.855500e-03, 3.887854e-06, 3.933765e-06, 3.841173e-06
3.802500e-03, -4.855500e-03, 2.187635e-06, 2.288431e-06, 2.196068e-06
3.919500e-03, -4.855500e-03, 1.448762e-05, 1.440972e-05, 1.438030e-05
4.036500e-03, -4.855500e-03, 1.616976e-05, 1.616976e-05, 1.616615e-05
4.153500e-03, -4.855500e-03, 3.461962e-06, 3.640217e-06, 3.472977e-06
4.270500e-03, -4.855500e-03, 6.431151e-06, 6.605206e-06, 6.415194e-06
4.387500e-03, -4.855500e-03, 1.649980e-05, 1.649980e-05, 1.649981e-05
4.504500e-03, -4.855500e-03, 9.896706e-06, 1.006230e-05, 9.830978e-06
4.621500e-03, -4.855500e-03, 1.106555e-06, 1.181266e-06, 1.125673e-06
4.738500e-03, -4.855500e-03, 1.514338e-05, 1.514936e-05, 1.509966e-05
4.855500e-03, -4.855500e-03, 1.546240e-05, 1.546240e-05, 1.543100e-05
4.972500e-03, -4.855500e-03, 1.594783e-06, 1.727428e-06, 1.617404e-06
5.089500e-03, -4.855500e-03, 9.068957e-06, 9.235874e-06, 9.011905e-06
5.206500e-03, -4.855500e-03, 1.650000e-05, 1.650000e-05, 1.650000e-05
5.323500e-03, -4.855500e-03, 7.266333e-06, 7.438110e-06, 7.235986e-06
5.440500e-03, -4.855500e-03, 5.500000e-07, 5.500000e-07, 5.500000e-07
5.557500e-03, -4.855500e-03, 5.500000e-07, 5.500000e-07, 5.500000e-07
5.674500e-03, -4.855500e-03, 5.500000e-07, 5.500000e-07, 5.500000e-07
5.791500e-03, -4.855500e-03, 5.500000e-07, 5.500000e-07, 5.500000e-07
-5.791500e-03, -4.738500e-03, 2.896463e-06, 3.176153e-06, 2.943927e-06
-5.674500e-03, -4.738500e-03, 1.650000e-05, 1.650000e-05, 1.650000e-05
-5.557500e-03, -4.738500e-03, 1.650000e-05, 1.650000e-05, 1.650000e-05
-5.440500e-03, -4.738500e-03, 1.650000e-05, 1.650000e-05, 1.650000e-05
-5.323500e-03, -4.738500e-03, 1.612883e-05, 1.613866e-05, 1.612391e-05
-5.206500e-03, -4.738500e-03, 1.650000e-05, 1.650000e-05, 1.650000e-05
-5.089500e-03, -4.738500e-03, 1.612348e-05, 1.613788e-05, 1.612349e-05
-4.972500e-03, -4.738500e-03, 1.562986e-05, 1.579447e-05, 1.567428e-05
-4.855500e-03, -4.738500e-03, 1.586009e-05, 1.583065e-05, 1.581802e-05
-4.738500e-03, -4.738500e-03, 1.635894e-05, 1.635637e-05, 1.636102e-05
-4.621500e-03, -4.738500e-03, 1.558198e-05, 1.565710e-05, 1.558117e-05
-4.504500e-03, -4.738500e-03, 1.611924e-05, 1.613692e-05, 1.612305e-05
-4.387500e-03, -4.738500e-03, 1.650000e-05, 1.650000e-05, 1.650000e-05
-4.270500e-03, -4.738500e-03, 1.613008e-05, 1.613880e-05, 1.612401e-05
-4.153500e-03, -4.738500e-03, 1.650000e-05, 1.650000e-05, 1.650000e-05
-4.036500e-03, -4.738500e-03, 1.631089e-05, 1.631089e-05, 1.631141e-05
-3.919500e-03, -4.738500e-03, 6.403200e-06, 6.403200e-06, 6.285941e-06
-3.802500e-03, -4.738500e-03, 5.500000e-07, 5.500000e-07, 5.500000e-07
-3.685500e-03, -4.738500e-03, 1.203808e-05, 1.217750e-05, 1.194216e-05
-3.568500e-03, -4.738500e-03, 1.613388e-05, 1.612889e-05, 1.612531e-05
-3.451500e-03, -4.738500e-03, 1.040011e-05, 1.099213e-05, 1.044287e-05
-3.334500e-03, -4.738500e-03, 1.650000e-05, 1.650000e-05, 1.650000e-05
-3.217500e-03, -4.738500e-03, 1.650000e-05, 1.650000e-05, 1.650000e-05
-3.100500e-03, -4.738500e-03, 1.477827e-05, 1.507450e-05, 1.483363e-05
-2.983500e-03, -4.738500e-03, 5.500000e-07, 5.500000e-07, 5.500000e-07
-2.866500e-03, -4.738500e-03, 5.500000e-07, 5.500000e-07, 5.500000e-07
-2.749500e-03, -4.738500e-03, 5.500000e-07, 5.500000e-07, 5.500000e-07
-2.632500e-03, -4.738500e-03, 1.530291e-06, 1.541455e-06, 1.513358e-06
-2.515500e-03, -4.738500e-03, 1.417693e-05, 1.427006e-05, 1.415422e-05
-2.398500e-03, -4.738500e-03, 1.649760e-05, 1.649756e-05, 1.649782e-05
-2.281500e-03, -4.738500e-03, 7.481598e-06, 7.630753e-06, 7.438301e-06
-2.164500e-03, -4.738500e-03, 2.124980e-06, 2.268078e-06, 2.143135e-06
-2.047500e-03, -4.738500e-03, 1.554809e-05, 1.554235e-05, 1.551561e-05
-1.930500e-03, -4.738500e-03, 1.650000e-05, 1.650000e-05, 1.650000e-05
-1.813500e-03, -4.738500e-03, 2.451680e-06, 2.495835e-06, 2.306667e-06
-1.696500e-03, -4.738500e-03, 1.458268e-06, 1.255709e-06, 1.305949e-06
-1.579500e-03, -4.738500e-03, 1.458268e-06, 1.255709e-06, 1.305949e-06
-1.462500e-03, -4.738500e-03, 1.458268e-06, 1.255709e-06, 1.305949e-06
-1.345500e-03, -4.738500e-03, 1.458268e-06, 1.255709e-06, 1.305949e-06
-1.228500e-03, -4.738500e-03, 2.207001e-06, 2.037528e-06, 2.056851e-06
-1.111500e-03, -4.738500e-03, 1.050408e-05, 1.000476e-05, 1.001814e-05
-9.945000e-04, -4.738500e-03, 5.838492e-06, 6.074702e-06, 5.617026e-06
-8.775000e-04, -4.738500e-03, 1.312026e-05, 1.324904e-05, 1.303054e-05
-7.605000e-04, -4.738500e-03, 1.587610e-05, 1.587068e-05, 1.585745e-05
-6.435000e-04, -4.738500e-03, 2.880178e-06, 3.036696e-06, 2.891689e-06
-5.265000e-04, -4.738500e-03, 7.228941e-06, 7.390165e-06, 7.187036e-06
-4.095000e-04, -4.738500e-03, 1.648011e-05, 1.647830e-05, 1.648101e-05
-2.925000e-04, -4.738500e-03, 9.011468e-06, 9.151625e-06, 8.939782e-06
-1.755000e-04, -4.738500e-03, 4.185770e-06, 4.076722e-06, 4.052054e-06
-5.850000e-05, -4.738500e-03, 3.711832e-06, 3.631596e-06, 3.603168e-06
5.850000e-05, -4.738500e-03, 5.500000e-07, 5.500000e-07, 5.500000e-07
1.755000e-04, -4.738500e-03, 7.981944e-07, 8.870807e-07, 8.379082e-07
2.925000e-04, -4.738500e-03, 3.756419e-06, 4.046086e-06, 3.809188e-06
4.095000e-04, -4.738500e-03, 7.167640e-06, 7.194472e-06, 6.997447e-06
5.265000e-04, -4.738500e-03, 6.447678e-06, 6.228370e-06, 6.204989e-06
6.435000e-04, -4.738500e-03, 3.744206e-06, 3.892815e-06, 3.727875e-06
7.605000e-04, -4.738500e-03, 1.587610e-05, 1.587068e-05, 1.585745e-05
8.775000e-04, -4.738500e-03, 1.315830e-05, 1.327991e-05, 1.306601e-05
9.945000e-04, -4.738500e-03, 5.500000e-07, 5.500000e-07, 5.500000e-07
1.111500e-03, -4.738500e-03, 1.162883e-05, 1.176759e-05, 1.153338e-05
1.228500e-03, -4.738500e-03, 1.621253e-05, 1.620775e-05, 1.620679e-05
1.345500e-03, -4.738500e-03, 4.043687e-06, 4.205777e-06, 4.042481e-06
1.462500e-03, -4.738500e-03, 5.500000e-07, 5.500000e-07, 5.500000e-07
1.579500e-03, -4.738500e-03, 5.500000e-07, 5.500000e-07, 5.500000e-07
1.696500e-03, -4.738500e-03, 3.473563e-06, 3.627891e-06, 3.475729e-06
1.813500e-03, -4.738500e-03, 1.441041e-05, 1.418799e-05, 1.417448e-05
1.930500e-03, -4.738500e-03, 2.020710e-06, 2.163574e-06, 2.044007e-06
2.047500e-03, -4.738500e-03, 5.500000e-07, 5.500000e-07, 5.500000e-07
2.164500e-03, -4.738500e-03, 6.496721e-06, 6.804636e-06, 6.550164e-06
2.281500e-03, -4.738500e-03, 8.413017e-06, 8.880267e-06, 8.422234e-06
2.398500e-03, -4.738500e-03, 1.649744e-05, 1.649740e-05, 1.649766e-05
2.515500e-03, -4.738500e-03, 7.903448e-06, 8.049111e-06, 7.851059e-06
2.632500e-03, -4.738500e-03, 1.861854e-06, 1.996636e-06, 1.881541e-06
2.749500e-03, -4.738500e-03, 1.540678e-05, 1.540093e-05, 1.536814e-05
2.866500e-03, -4.738500e-03, 1.438809e-05, 1.441883e-05, 1.431388e-05
2.983500e-03, -4.738500e-03, 1.426068e-06, 1.355603e-06, 1.358962e-06
3.100500e-03, -4.738500e-03, 5.500000e-07, 5.500000e-07, 5.500000e-07
3.217500e-03, -4.738500e-03, 5.500000e-07, 5.500000e-07, 5.500000e-07
3.334500e-03, -4.738500e-03, 5.500000e-07, 5.500000e-07, 5.500000e-07
3.451500e-03, -4.738500e-03, 5.500000e-07, 5.500000e-07, 5.500000e-07
3.568500e-03, -4.738500e-03, 5.500000e-07, 5.500000e-07, 5.500000e-07
3.685500e-03, -4.738500e-03, 5.500000e-07, 5.500000e-07, 5.500000e-07
3.802500e-03, -4.738500e-03, 1.861217e-06, 1.932516e-06, 1.867269e-06
3.919500e-03, -4.738500e-03, 1.385891e-05, 1.378618e-05, 1.373377e-05
4.036500e-03, -4.738500e-03, 1.598098e-05, 1.597571e-05, 1.596655e-05
4.153500e-03, -4.738500e-03, 3.183277e-06, 3.342553e-06, 3.191587e-06
4.270500e-03, -4.738500e-03, 5.987893e-06, 6.144637e-06, 5.967001e-06
4.387500e-03, -4.738500e-03, 1.646451e-05, 1.646172e-05, 1.646525e-05
4.504500e-03, -4.738500e-03, 9.427100e-06, 9.565843e-06, 9.349664e-06
4.621500e-03, -4.738500e-03, 1.001881e-06, 1.061653e-06, 1.019235e-06
4.738500e-03, -4.738500e-03, 1.479033e-05, 1.479033e-05, 1.472658e-05
4.855500e-03, -4.738500e-03, 1.514936e-05, 1.514338e-05, 1.509966e-05
4.972500e-03, -4.738500e-03, 1.447444e-06, 1.560474e-06, 1.468622e-06
5.089500e-03, -4.738500e-03, 8.595205e-06, 8.737204e-06, 8.530196e-06
5.206500e-03, -4.738500e-03, 1.648864e-05, 1.648785e-05, 1.648950e-05
5.323500e-03, -4.738500e-03, 6.792981e-06, 6.946391e-06, 6.762710e-06
5.440500e-03, -4.738500e-03, 5.500000e-07, 5.500000e-07, 5.500000e-07
5.557500e-03, -4.738500e-03, 5.500000e-07, 5.500000e-07, 5.500000e-07
5.674500e-03, -4.738500e-03, 5.500000e-07, 5.500000e-07, 5.500000e-07
5.791500e-03, -4.738500e-03, 5.500000e-07, 5.500000e-07, 5.500000e-07
-5.791500e-03, -4.621500e-03, 2.890694e-06, 3.170237e-06, 2.938391e-06
-5.674500e-03, -4.621500e-03, 1.650000e-05, 1.650000e-05, 1.650000e-05
-5.557500e-03, -4.621500e-03, 1.650000e-05, 1.650000e-05, 1.650000e-05
-5.440500e-03, -4.621500e-03, 1.650000e-05, 1.650000e-05, 1.650000e-05
-5.323500e-03, -4.621500e-03, 1.650000e-05, 1.650000e-05, 1.650000e-05
-5.206500e-03, -4.621500e-03, 1.576016e-05, 1.563873e-05, 1.560231e-05
-5.089500e-03, -4.621500e-03, 1.650000e-05, 1.650000e-05, 1.650000e-05
-4.972500e-03, -4.621500e-03, 1.650000e-05, 1.650000e-05, 1.650000e-05
-4.855500e-03, -4.621500e-03, 1.643084e-05, 1.641761e-05, 1.642832e-05
-4.738500e-03, -4.621500e-03, 1.537026e-05, 1.522532e-05, 1.521787e-05
-4.621500e-03, -4.621500e-03, 1.606225e-05, 1.595209e-05, 1.597436e-05
-4.504500e-03, -4.621500e-03, 1.650000e-05, 1.650000e-05, 1.650000e-05
-4.387500e-03, -4.621500e-03, 1.576000e-05, 1.563898e-05, 1.560228e-05
-4.270500e-03, -4.621500e-03, 1.650000e-05, 1.650000e-05, 1.650000e-05
-4.153500e-03, -4.621500e-03, 1.650000e-05, 1.650000e-05, 1.650000e-05
-4.036500e-03, -4.621500e-03, 1.650000e-05, 1.650000e-05, 1.650000e-05
-3.919500e-03, -4.621500e-03, 1.631089e-05, 1.631089e-05, 1.631141e-05
-3.802500e-03, -4.621500e-03, 6.403200e-06, 6.403200e-06, 6.285941e-06
-3.685500e-03, -4.621500e-03, 7.019170e-07, 6.857960e-07, 6.953996e-07
-3.568500e-03, -4.621500e-03, 1.562922e-06, 1.418455e-06, 1.450494e-06
-3.451500e-03, -4.621500e-03, 7.227411e-06, 7.535039e-06, 7.276731e-06
-3.334500e-03, -4.621500e-03, 1.650000e-05, 1.650000e-05, 1.650000e-05
-3.217500e-03, -4.621500e-03, 1.650000e-05, 1.650000e-05, 1.650000e-05
-3.100500e-03, -4.621500e-03, 1.477827e-05, 1.507450e-05, 1.483363e-05
-2.983500e-03, -4.621500e-03, 5.500000e-07, 5.500000e-07, 5.500000e-07
-2.866500e-03, -4.621500e-03, 5.500000e-07, 5.500000e-07, 5.500000e-07
-2.749500e-03, -4.621500e-03, 5.500000e-07, 5.500000e-07, 5.500000e-07
-2.632500e-03, -4.621500e-03, 1.068849e-05, 1.089328e-05, 1.062763e-05
-2.515500e-03, -4.621500e-03, 1.530342e-05, 1.532984e-05, 1.528191e-05
-2.398500e-03, -4.621500e-03, 3.719373e-06, 3.588910e-06, 3.514447e-06
-2.281500e-03, -4.621500e-03, 5.500000e-07, 5.500000e-07, 5.500000e-07
-2.164500e-03, -4.621500e-03, 5.500000e-07, 5.500000e-07, 5.500000e-07
-2.047500e-03, -4.621500e-03, 1.347985e-06, 1.250521e-06, 1.272976e-06
-1.930500e-03, -4.621500e-03, 2.954656e-06, 2.674554e-06, 2.720681e-06
-1.813500e-03, -4.621500e-03, 7.172089e-06, 6.729139e-06, 6.617920e-06
-1.696500e-03, -4.621500e-03, 7.733244e-06, 6.782583e-06, 6.934829e-06
-1.579500e-03, -4.621500e-03, 7.733244e-06, 6.782583e-06, 6.934829e-06
-1.462500e-03, -4.621500e-03, 8.839540e-06, 7.826024e-06, 7.984532e-06
-1.345500e-03, -4.621500e-03, 1.105054e-05, 9.812123e-06, 1.001451e-05
-1.228500e-03, -4.621500e-03, 1.105054e-05, 9.812123e-06, 1.001451e-05
-1.111500e-03, -4.621500e-03, 1.095228e-05, 9.724631e-06, 9.925528e-06
-9.945000e-04, -4.621500e-03, 8.038827e-06, 7.092039e-06, 7.244403e-06
-8.775000e-04, -4.621500e-03, 8.257110e-06, 7.275647e-06, 7.437692e-06
-7.605000e-04, -4.621500e-03, 8.935501e-06, 7.840606e-06, 8.018455e-06
-6.435000e-04, -4.621500e-03, 8.000812e-06, 7.054113e-06, 7.203885e-06
-5.265000e-04, -4.621500e-03, 8.000812e-06, 7.054113e-06, 7.203885e-06
-4.095000e-04, -4.621500e-03, 9.251744e-06, 8.054812e-06, 8.247449e-06
-2.925000e-04, -4.621500e-03, 7.412054e-06, 6.507376e-06, 6.646711e-06
-1.755000e-04, -4.621500e-03, 1.347564e-05, 1.340364e-05, 1.331810e-05
-5.850000e-05, -4.621500e-03, 1.036053e-05, 1.053372e-05, 1.027762e-05
5.850000e-05, -4.621500e-03, 5.500000e-07, 5.500000e-07, 5.500000e-07
1.755000e-04, -4.621500e-03, 3.640845e-06, 3.667698e-06, 3.486284e-06
2.925000e-04, -4.621500e-03, 2.126844e-06, 2.232297e-06, 2.140985e-06
4.095000e-04, -4.621500e-03, 7.452331e-06, 8.262048e-06, 7.550213e-06
5.265000e-04, -4.621500e-03, 5.500000e-07, 5.500000e-07, 5.500000e-07
6.435000e-04, -4.621500e-03, 5.500000e-07, 5.500000e-07, 5.500000e-07
7.605000e-04, -4.621500e-03, 1.454710e-06, 1.334874e-06, 1.362205e-06
8.775000e-04, -4.621500e-03, 7.983653e-07, 7.706957e-07, 7.830951e-07
9.945000e-04, -4.621500e-03, 4.362382e-06, 4.219521e-06, 4.054130e-06
1.111500e-03, -4.621500e-03, 4.938393e-06, 4.143281e-06, 4.252756e-06
1.228500e-03, -4.621500e-03, 6.617474e-06, 5.586192e-06, 5.749659e-06
1.345500e-03, -4.621500e-03, 4.933915e-06, 4.140613e-06, 4.249643e-06
1.462500e-03, -4.621500e-03, 4.949453e-06, 4.152901e-06, 4.262812e-06
1.579500e-03, -4.621500e-03, 5.057524e-06, 4.245558e-06, 4.359310e-06
1.696500e-03, -4.621500e-03, 6.161190e-06, 5.709038e-06, 5.694024e-06
1.813500e-03, -4.621500e-03, 8.800602e-06, 8.555218e-06, 8.543434e-06
1.930500e-03, -4.621500e-03, 1.510467e-06, 1.521111e-06, 1.508897e-06
2.047500e-03, -4.621500e-03, 2.883718e-06, 2.707060e-06, 2.730773e-06
2.164500e-03, -4.621500e-03, 6.496721e-06, 6.804636e-06, 6.550164e-06
2.281500e-03, -4.621500e-03, 1.478090e-06, 1.707003e-06, 1.527106e-06
2.398500e-03, -4.621500e-03, 1.779558e-06, 1.557673e-06, 1.601221e-06
2.515500e-03, -4.621500e-03, 5.500000e-07, 5.500000e-07, 5.500000e-07
2.632500e-03, -4.621500e-03, 5.500000e-07, 5.500000e-07, 5.500000e-07
2.749500e-03, -4.621500e-03, 1.274893e-06, 1.186916e-06, 1.208198e-06
2.866500e-03, -4.621500e-03, 9.693074e-07, 9.208428e-07, 9.367247e-07
2.983500e-03, -4.621500e-03, 5.500000e-07, 5.500000e-07, 5.500000e-07
3.100500e-03, -4.621500e-03, 5.500000e-07, 5.500000e-07, 5.500000e-07
3.217500e-03, -4.621500e-03, 5.500000e-07, 5.500000e-07, 5.500000e-07
3.334500e-03, -4.621500e-03, 5.500000e-07, 5.500000e-07, 5.500000e-07
3.451500e-03, -4.621500e-03, 5.500000e-07, 5.500000e-07, 5.500000e-07
3.568500e-03, -4.621500e-03, 5.500000e-07, 5.500000e-07, 5.500000e-07
3.685500e-03, -4.621500e-03, 5.500000e-07, 5.500000e-07, 5.500000e-07
3.802500e-03, -4.621500e-03, 5.867890e-07, 5.837817e-07, 5.879065e-07
3.919500e-03, -4.621500e-03, 1.413832e-06, 1.286064e-06, 1.325728e-06
4.036500e-03, -4.621500e-03, 1.497500e-06, 1.368521e-06, 1.397660e-06
4.153500e-03, -4.621500e-03, 5.500000e-07, 5.500000e-07, 5.500000e-07
4.270500e-03, -4.621500e-03, 5.500000e-07, 5.500000e-07, 5.500000e-07
4.387500e-03, -4.621500e-03, 1.740527e-06, 1.539202e-06, 1.580073e-06
4.504500e-03, -4.621500e-03, 5.673376e-07, 5.662524e-07, 5.686613e-07
4.621500e-03, -4.621500e-03, 5.500000e-07, 5.500000e-07, 5.500000e-07
4.738500e-03, -4.621500e-03, 1.061653e-06, 1.001881e-06, 1.019235e-06
4.855500e-03, -4.621500e-03, 1.181266e-06, 1.106555e-06, 1.125673e-06
4.972500e-03, -4.621500e-03, 5.500000e-07, 5.500000e-07, 5.500000e-07
5.089500e-03, -4.621500e-03, 5.526077e-07, 5.525677e-07, 5.529453e-07
5.206500e-03, -4.621500e-03, 1.769440e-06, 1.554226e-06, 1.597122e-06
5.323500e-03, -4.621500e-03, 5.500000e-07, 5.500000e-07, 5.500000e-07
5.440500e-03, -4.621500e-03, 5.500000e-07, 5.500000e-07, 5.500000e-07
5.557500e-03, -4.621500e-03, 5.500000e-07, 5.500000e-07, 5.500000e-07
5.674500e-03, -4.621500e-03, 5.500000e-07, 5.500000e-07, 5.500000e-07
5.791500e-03, -4.621500e-03, 5.500000e-07, 5.500000e-07, 5.500000e-07
-5.791500e-03, -4.504500e-03, 6.379432e-07, 6.333476e-07, 6.392247e-07
-5.674500e-03, -4.504500e-03, 9.371276e-06, 8.984812e-06, 8.955124e-06
-5.557500e-03, -4.504500e-03, 1.355204e-05, 1.308292e-05, 1.307620e-05
-5.440500e-03, -4.504500e-03, 1.470365e-05, 1.482950e-05, 1.468491e-05
-5.323500e-03, -4.504500e-03, 1.650000e-05, 1.650000e-05, 1.650000e-05
-5.206500e-03, -4.504500e-03, 1.576053e-05, 1.563425e-05, 1.560201e-05
-5.089500e-03, -4.504500e-03, 1.650000e-05, 1.650000e-05, 1.650000e-05
-4.972500e-03, -4.504500e-03, 1.650000e-05, 1.650000e-05, 1.650000e-05
-4.855500e-03, -4.504500e-03, 1.650000e-05, 1.650000e-05, 1.650000e-05
-4.738500e-03, -4.504500e-03, 1.370981e-05, 1.400064e-05, 1.363547e-05
-4.621500e-03, -4.504500e-03, 1.453505e-05, 1.433839e-05, 1.430418e-05
-4.504500e-03, -4.504500e-03, 1.316173e-05, 1.275582e-05, 1.267515e-05
-4.387500e-03, -4.504500e-03, 1.529408e-05, 1.497982e-05, 1.506789e-05
-4.270500e-03, -4.504500e-03, 1.522789e-05, 1.533146e-05, 1.521648e-05
-4.153500e-03, -4.504500e-03, 1.610478e-05, 1.612911e-05, 1.610845e-05
-4.036500e-03, -4.504500e-03, 6.501574e-06, 6.541884e-06, 6.293758e-06
-3.919500e-03, -4.504500e-03, 1.586566e-05, 1.589339e-05, 1.586533e-05
-3.802500e-03, -4.504500e-03, 1.476839e-05, 1.505988e-05, 1.481904e-05
-3.685500e-03, -4.504500e-03, 7.114309e-06, 7.064054e-06, 6.977281e-06
-3.568500e-03, -4.504500e-03, 1.145196e-05, 1.120729e-05, 1.118368e-05
-3.451500e-03, -4.504500e-03, 8.476762e-06, 8.856820e-06, 8.509933e-06
-3.334500e-03, -4.504500e-03, 1.650000e-05, 1.650000e-05, 1.650000e-05
-3.217500e-03, -4.504500e-03, 1.650000e-05, 1.650000e-05, 1.650000e-05
-3.100500e-03, -4.504500e-03, 1.436984e-05, 1.461543e-05, 1.437277e-05
-2.983500e-03, -4.504500e-03, 5.500000e-07, 5.500000e-07, 5.500000e-07
-2.866500e-03, -4.504500e-03, 9.058497e-06, 8.948611e-06, 8.859942e-06
-2.749500e-03, -4.504500e-03, 1.042461e-05, 1.024138e-05, 1.018318e-05
-2.632500e-03, -4.504500e-03, 3.670033e-06, 3.601833e-06, 3.570339e-06
-2.515500e-03, -4.504500e-03, 7.497729e-06, 7.382079e-06, 7.218295e-06
-2.398500e-03, -4.504500e-03, 1.198136e-05, 1.169735e-05, 1.170274e-05
-2.281500e-03, -4.504500e-03, 4.045315e-06, 4.072308e-06, 3.978837e-06
-2.164500e-03, -4.504500e-03, 9.772896e-07, 9.988655e-07, 9.855876e-07
-2.047500e-03, -4.504500e-03, 1.064241e-05, 1.044664e-05, 1.039585e-05
-1.930500e-03, -4.504500e-03, 1.311119e-05, 1.278657e-05, 1.283882e-05
-1.813500e-03, -4.504500e-03, 2.692237e-06, 2.861151e-06, 2.657229e-06
-1.696500e-03, -4.504500e-03, 5.500000e-07, 5.500000e-07, 5.500000e-07
-1.579500e-03, -4.504500e-03, 2.007674e-06, 2.007674e-06, 1.965796e-06
-1.462500e-03, -4.504500e-03, 4.491625e-06, 4.480299e-06, 4.245400e-06
-1.345500e-03, -4.504500e-03, 2.529086e-06, 2.410082e-06, 2.409813e-06
-1.228500e-03, -4.504500e-03, 1.214863e-05, 1.172683e-05, 1.176879e-05
-1.111500e-03, -4.504500e-03, 7.626276e-06, 7.376966e-06, 7.341180e-06
-9.945000e-04, -4.504500e-03, 1.146960e-06, 1.003818e-06, 1.052716e-06
-8.775000e-04, -4.504500e-03, 9.334930e-06, 8.992594e-06, 8.986812e-06
-7.605000e-04, -4.504500e-03, 1.168183e-05, 1.128558e-05, 1.130488e-05
-6.435000e-04, -4.504500e-03, 1.907478e-06, 1.787358e-06, 1.809174e-06
-5.265000e-04, -4.504500e-03, 3.956870e-06, 3.829409e-06, 3.781901e-06
-4.095000e-04, -4.504500e-03, 1.252736e-05, 1.208435e-05, 1.215035e-05
-2.925000e-04, -4.504500e-03, 6.759895e-06, 6.632433e-06, 6.484209e-06
-1.755000e-04, -4.504500e-03, 1.234499e-05, 1.211345e-05, 1.208894e-05
-5.850000e-05, -4.504500e-03, 4.716973e-06, 4.766050e-06, 4.661851e-06
5.850000e-05, -4.504500e-03, 3.562798e-06, 3.562798e-06, 3.402141e-06
1.755000e-04, -4.504500e-03, 2.841499e-06, 2.841499e-06, 2.740476e-06
2.925000e-04, -4.504500e-03, 5.507764e-06, 5.568194e-06, 5.435700e-06
4.095000e-04, -4.504500e-03, 1.538007e-05, 1.538007e-05, 1.535420e-05
5.265000e-04, -4.504500e-03, 3.548560e-06, 3.609819e-06, 3.503508e-06
6.435000e-04, -4.504500e-03, 1.330743e-06, 1.357042e-06, 1.332795e-06
7.605000e-04, -4.504500e-03, 1.114232e-05, 1.091664e-05, 1.088404e-05
8.775000e-04, -4.504500e-03, 1.316593e-05, 1.287219e-05, 1.291215e-05
9.945000e-04, -4.504500e-03, 1.734926e-06, 1.734926e-06, 1.706833e-06
1.111500e-03, -4.504500e-03, 6.819600e-06, 6.778181e-06, 6.690689e-06
1.228500e-03, -4.504500e-03, 1.532487e-05, 1.529864e-05, 1.528039e-05
1.345500e-03, -4.504500e-03, 7.926516e-06, 8.132610e-06, 7.891250e-06
1.462500e-03, -4.504500e-03, 1.045098e-05, 1.065317e-05, 1.039670e-05
1.579500e-03, -4.504500e-03, 1.157921e-05, 1.177259e-05, 1.150474e-05
1.696500e-03, -4.504500e-03, 3.783775e-06, 3.643632e-06, 3.639562e-06
1.813500e-03, -4.504500e-03, 2.334978e-06, 2.284262e-06, 2.271082e-06
1.930500e-03, -4.504500e-03, 1.064087e-05, 1.074581e-05, 1.056303e-05
2.047500e-03, -4.504500e-03, 1.577075e-05, 1.585346e-05, 1.578322e-05
2.164500e-03, -4.504500e-03, 6.926191e-06, 7.265756e-06, 6.986734e-06
2.281500e-03, -4.504500e-03, 4.993437e-06, 5.296801e-06, 4.962227e-06
2.398500e-03, -4.504500e-03, 1.198136e-05, 1.169735e-05, 1.170274e-05
2.515500e-03, -4.504500e-03, 4.309382e-06, 4.331576e-06, 4.237602e-06
2.632500e-03, -4.504500e-03, 8.655133e-07, 8.847793e-07, 8.747772e-07
2.749500e-03, -4.504500e-03, 1.042461e-05, 1.024138e-05, 1.018318e-05
2.866500e-03, -4.504500e-03, 1.239898e-05, 1.212268e-05, 1.215591e-05
2.983500e-03, -4.504500e-03, 6.561118e-06, 6.626310e-06, 6.483868e-06
3.100500e-03, -4.504500e-03, 5.500000e-07, 5.500000e-07, 5.500000e-07
3.217500e-03, -4.504500e-03, 5.500000e-07, 5.500000e-07, 5.500000e-07
3.334500e-03, -4.504500e-03, 5.500000e-07, 5.500000e-07, 5.500000e-07
3.451500e-03, -4.504500e-03, 1.763695e-06, 1.793362e-06, 1.755109e-06
3.568500e-03, -4.504500e-03, 1.145196e-05, 1.120729e-05, 1.118368e-05
3.685500e-03, -4.504500e-03, 7.114309e-06, 7.064054e-06, 6.977281e-06
3.802500e-03, -4.504500e-03, 7.143470e-06, 7.344196e-06, 7.116119e-06
3.919500e-03, -4.504500e-03, 1.542824e-05, 1.541697e-05, 1.539484e-05
4.036500e-03, -4.504500e-03, 1.123528e-05, 1.100567e-05, 1.097220e-05
4.153500e-03, -4.504500e-03, 1.483794e-06, 1.511511e-06, 1.482278e-06
4.270500e-03, -4.504500e-03, 3.103557e-06, 3.137293e-06, 3.058439e-06
4.387500e-03, -4.504500e-03, 1.192696e-05, 1.164404e-05, 1.164975e-05
4.504500e-03, -4.504500e-03, 5.301954e-06, 5.301954e-06, 5.209158e-06
4.621500e-03, -4.504500e-03, 5.662524e-07, 5.673376e-07, 5.686613e-07
4.738500e-03, -4.504500e-03, 9.565843e-06, 9.427100e-06, 9.349664e-06
4.855500e-03, -4.504500e-03, 1.006230e-05, 9.896706e-06, 9.830978e-06
4.972500e-03, -4.504500e-03, 7.045852e-07, 7.187601e-07, 7.136506e-07
5.089500e-03, -4.504500e-03, 4.755557e-06, 4.768421e-06, 4.674495e-06
5.206500e-03, -4.504500e-03, 1.196834e-05, 1.168430e-05, 1.169016e-05
5.323500e-03, -4.504500e-03, 3.611606e-06, 3.644360e-06, 3.554245e-06
5.440500e-03, -4.504500e-03, 1.188790e-06, 1.213540e-06, 1.193708e-06
5.557500e-03, -4.504500e-03, 1.092466e-05, 1.071435e-05, 1.066963e-05
5.674500e-03, -4.504500e-03, 8.224854e-06, 8.140303e-06, 8.053531e-06
5.791500e-03, -4.504500e-03, 5.500000e-07, 5.500000e-07, 5.500000e-07
-5.791500e-03, -4.387500e-03, 5.683232e-07, 5.725735e-07, 5.717827e-07
-5.674500e-03, -4.387500e-03, 1.565993e-05, 1.577089e-05, 1.569021e-05
-5.557500e-03, -4.387500e-03, 1.650000e-05, 1.650000e-05, 1.650000e-05
-5.440500e-03, -4.387500e-03, 1.283501e-05, 1.345111e-05, 1.293355e-05
-5.323500e-03, -4.387500e-03, 1.567500e-05, 1.579265e-05, 1.560582e-05
-5.206500e-03, -4.387500e-03, 1.650000e-05, 1.650000e-05, 1.650000e-05
-5.089500e-03, -4.387500e-03, 1.565593e-05, 1.578093e-05, 1.560424e-05
-4.972500e-03, -4.387500e-03, 1.650000e-05, 1.650000e-05, 1.650000e-05
-4.855500e-03, -4.387500e-03, 1.650000e-05, 1.650000e-05, 1.650000e-05
-4.738500e-03, -4.387500e-03, 1.394149e-05, 1.410722e-05, 1.388353e-05
-4.621500e-03, -4.387500e-03, 9.879644e-06, 9.329923e-06, 9.383186e-06
-4.504500e-03, -4.387500e-03, 1.423389e-05, 1.436232e-05, 1.421042e-05
-4.387500e-03, -4.387500e-03, 1.650000e-05, 1.650000e-05, 1.650000e-05
-4.270500e-03, -4.387500e-03, 1.456799e-05, 1.497483e-05, 1.455850e-05
-4.153500e-03, -4.387500e-03, 1.650000e-05, 1.650000e-05, 1.650000e-05
-4.036500e-03, -4.387500e-03, 1.323333e-05, 1.318506e-05, 1.311253e-05
-3.919500e-03, -4.387500e-03, 1.650000e-05, 1.650000e-05, 1.650000e-05
-3.802500e-03, -4.387500e-03, 1.499361e-05, 1.526739e-05, 1.504247e-05
-3.685500e-03, -4.387500e-03, 1.421976e-05, 1.448521e-05, 1.424242e-05
-3.568500e-03, -4.387500e-03, 1.650000e-05, 1.650000e-05, 1.650000e-05
-3.451500e-03, -4.387500e-03, 1.223057e-05, 1.288727e-05, 1.232994e-05
-3.334500e-03, -4.387500e-03, 1.650000e-05, 1.650000e-05, 1.650000e-05
-3.217500e-03, -4.387500e-03, 1.622763e-05, 1.627245e-05, 1.624393e-05
-3.100500e-03, -4.387500e-03, 4.064672e-06, 4.064672e-06, 3.968053e-06
-2.983500e-03, -4.387500e-03, 1.001571e-06, 1.123570e-06, 1.030643e-06
-2.866500e-03, -4.387500e-03, 1.631349e-05, 1.633483e-05, 1.632485e-05
-2.749500e-03, -4.387500e-03, 1.650000e-05, 1.650000e-05, 1.650000e-05
-2.632500e-03, -4.387500e-03, 3.793277e-06, 4.065298e-06, 3.844090e-06
-2.515500e-03, -4.387500e-03, 1.014164e-05, 1.041885e-05, 1.014937e-05
-2.398500e-03, -4.387500e-03, 1.650000e-05, 1.650000e-05, 1.650000e-05
-2.281500e-03, -4.387500e-03, 9.731155e-06, 1.000740e-05, 9.740302e-06
-2.164500e-03, -4.387500e-03, 3.415692e-06, 3.663579e-06, 3.461373e-06
-2.047500e-03, -4.387500e-03, 1.650000e-05, 1.650000e-05, 1.650000e-05
-1.930500e-03, -4.387500e-03, 1.619148e-05, 1.623034e-05, 1.620477e-05
-1.813500e-03, -4.387500e-03, 1.046685e-06, 1.160796e-06, 1.078383e-06
-1.696500e-03, -4.387500e-03, 2.007674e-06, 2.007674e-06, 1.965796e-06
-1.579500e-03, -4.387500e-03, 4.416812e-06, 4.416812e-06, 4.178941e-06
-1.462500e-03, -4.387500e-03, 5.500000e-07, 5.500000e-07, 5.500000e-07
-1.345500e-03, -4.387500e-03, 6.026115e-06, 6.285882e-06, 6.055393e-06
-1.228500e-03, -4.387500e-03, 1.650000e-05, 1.650000e-05, 1.650000e-05
-1.111500e-03, -4.387500e-03, 1.508059e-05, 1.520994e-05, 1.509177e-05
-9.945000e-04, -4.387500e-03, 1.063104e-06, 1.163790e-06, 1.091132e-06
-8.775000e-04, -4.387500e-03, 1.582865e-05, 1.588244e-05, 1.583850e-05
-7.605000e-04, -4.387500e-03, 1.650000e-05, 1.650000e-05, 1.650000e-05
-6.435000e-04, -4.387500e-03, 4.513576e-06, 4.764188e-06, 4.553329e-06
-5.265000e-04, -4.387500e-03, 8.635169e-06, 8.908575e-06, 8.648883e-06
-4.095000e-04, -4.387500e-03, 1.650000e-05, 1.650000e-05, 1.650000e-05
-2.925000e-04, -4.387500e-03, 1.205565e-05, 1.236726e-05, 1.209038e-05
-1.755000e-04, -4.387500e-03, 1.055135e-05, 1.048134e-05, 1.031888e-05
-5.850000e-05, -4.387500e-03, 8.223405e-06, 8.336250e-06, 7.970696e-06
5.850000e-05, -4.387500e-03, 2.841499e-06, 2.841499e-06, 2.740476e-06
1.755000e-04, -4.387500e-03, 5.500000e-07, 5.500000e-07, 5.500000e-07
2.925000e-04, -4.387500e-03, 1.123486e-05, 1.151586e-05, 1.124057e-05
4.095000e-04, -4.387500e-03, 1.650000e-05, 1.650000e-05, 1.650000e-05
5.265000e-04, -4.387500e-03, 8.635169e-06, 8.908575e-06, 8.648883e-06
6.435000e-04, -4.387500e-03, 4.513576e-06, 4.764188e-06, 4.553329e-06
7.605000e-04, -4.387500e-03, 1.650000e-05, 1.650000e-05, 1.650000e-05
8.775000e-04, -4.387500e-03, 1.560110e-05, 1.572862e-05, 1.562987e-05
9.945000e-04, -4.387500e-03, 5.500000e-07, 5.500000e-07, 5.500000e-07
1.111500e-03, -4.387500e-03, 1.381169e-05, 1.409019e-05, 1.382852e-05
1.228500e-03, -4.387500e-03, 1.650000e-05, 1.650000e-05, 1.650000e-05
1.345500e-03, -4.387500e-03, 7.571498e-06, 7.868012e-06, 7.545856e-06
1.462500e-03, -4.387500e-03, 7.448570e-06, 7.332842e-06, 7.186494e-06
1.579500e-03, -4.387500e-03, 4.065751e-06, 3.957059e-06, 3.935401e-06
1.696500e-03, -4.387500e-03, 1.426285e-05, 1.455120e-05, 1.429947e-05
1.813500e-03, -4.387500e-03, 9.406477e-06, 9.721952e-06, 9.395361e-06
1.930500e-03, -4.387500e-03, 1.613212e-05, 1.617746e-05, 1.615111e-05
2.047500e-03, -4.387500e-03, 1.650000e-05, 1.650000e-05, 1.650000e-05
2.164500e-03, -4.387500e-03, 9.438985e-06, 1.015105e-05, 9.539901e-06
2.281500e-03, -4.387500e-03, 1.061460e-05, 1.119864e-05, 1.069188e-05
2.398500e-03, -4.387500e-03, 1.650000e-05, 1.650000e-05, 1.650000e-05
2.515500e-03, -4.387500e-03, 1.014164e-05, 1.041885e-05, 1.014937e-05
2.632500e-03, -4.387500e-03, 3.005055e-06, 3.252680e-06, 3.052209e-06
2.749500e-03, -4.387500e-03, 1.650000e-05, 1.650000e-05, 1.650000e-05
2.866500e-03, -4.387500e-03, 1.632474e-05, 1.634538e-05, 1.633458e-05
2.983500e-03, -4.387500e-03, 5.432988e-06, 5.455810e-06, 5.351391e-06
3.100500e-03, -4.387500e-03, 5.500000e-07, 5.500000e-07, 5.500000e-07
3.217500e-03, -4.387500e-03, 5.500000e-07, 5.500000e-07, 5.500000e-07
3.334500e-03, -4.387500e-03, 5.500000e-07, 5.500000e-07, 5.500000e-07
3.451500e-03, -4.387500e-03, 5.613553e-06, 5.870514e-06, 5.645734e-06
3.568500e-03, -4.387500e-03, 1.650000e-05, 1.650000e-05, 1.650000e-05
3.685500e-03, -4.387500e-03, 1.481226e-05, 1.507283e-05, 1.484769e-05
3.802500e-03, -4.387500e-03, 2.002441e-06, 1.984822e-06, 1.963466e-06
3.919500e-03, -4.387500e-03, 1.538016e-05, 1.552682e-05, 1.540163e-05
4.036500e-03, -4.387500e-03, 1.650000e-05, 1.650000e-05, 1.650000e-05
4.153500e-03, -4.387500e-03, 4.926018e-06, 5.178765e-06, 4.963103e-06
4.270500e-03, -4.387500e-03, 8.223697e-06, 8.495622e-06, 8.239337e-06
4.387500e-03, -4.387500e-03, 1.650000e-05, 1.650000e-05, 1.650000e-05
4.504500e-03, -4.387500e-03, 1.302709e-05, 1.329012e-05, 1.304949e-05
4.621500e-03, -4.387500e-03, 1.547270e-06, 1.748628e-06, 1.589372e-06
4.738500e-03, -4.387500e-03, 1.646172e-05, 1.646451e-05, 1.646525e-05
4.855500e-03, -4.387500e-03, 1.649980e-05, 1.649980e-05, 1.649981e-05
4.972500e-03, -4.387500e-03, 2.321893e-06, 2.566268e-06, 2.369590e-06
5.089500e-03, -4.387500e-03, 1.082524e-05, 1.110459e-05, 1.083142e-05
5.206500e-03, -4.387500e-03, 1.650000e-05, 1.650000e-05, 1.650000e-05
5.323500e-03, -4.387500e-03, 9.046299e-06, 9.320779e-06, 9.058032e-06
5.440500e-03, -4.387500e-03, 4.101541e-06, 4.350724e-06, 4.143918e-06
5.557500e-03, -4.387500e-03, 1.650000e-05, 1.650000e-05, 1.650000e-05
5.674500e-03, -4.387500e-03, 1.565993e-05, 1.577089e-05, 1.569021e-05
5.791500e-03, -4.387500e-03, 5.683232e-07, 5.725735e-07, 5.717827e-07
-5.791500e-03, -4.270500e-03, 5.500000e-07, 5.500000e-07, 5.500000e-07
-5.674500e-03, -4.270500e-03, 5.179950e-06, 5.060960e-06, 5.027512e-06
-5.557500e-03, -4.270500e-03, 7.481772e-06, 7.272601e-06, 7.257282e-06
-5.440500e-03, -4.270500e-03, 9.573101e-06, 9.893095e-06, 9.625692e-06
-5.323500e-03, -4.270500e-03, 1.650000e-05, 1.650000e-05, 1.650000e-05
-5.206500e-03, -4.270500e-03, 1.579720e-05, 1.567993e-05, 1.560641e-05
-5.089500e-03, -4.270500e-03, 1.650000e-05, 1.650000e-05, 1.650000e-05
-4.972500e-03, -4.270500e-03, 1.650000e-05, 1.650000e-05, 1.650000e-05
-4.855500e-03, -4.270500e-03, 1.650000e-05, 1.650000e-05, 1.650000e-05
-4.738500e-03, -4.270500e-03, 1.320053e-05, 1.371512e-05, 1.324915e-05
-4.621500e-03, -4.270500e-03, 1.630624e-05, 1.630624e-05, 1.630795e-05
-4.504500e-03, -4.270500e-03, 1.051557e-05, 1.075024e-05, 1.029935e-05
-4.387500e-03, -4.270500e-03, 1.525438e-05, 1.493956e-05, 1.502456e-05
-4.270500e-03, -4.270500e-03, 1.546979e-05, 1.554666e-05, 1.544937e-05
-4.153500e-03, -4.270500e-03, 1.650000e-05, 1.650000e-05, 1.650000e-05
-4.036500e-03, -4.270500e-03, 1.650000e-05, 1.650000e-05, 1.650000e-05
-3.919500e-03, -4.270500e-03, 1.650000e-05, 1.650000e-05, 1.650000e-05
-3.802500e-03, -4.270500e-03, 1.650000e-05, 1.650000e-05, 1.650000e-05
-3.685500e-03, -4.270500e-03, 1.243797e-05, 1.272311e-05, 1.227132e-05
-3.568500e-03, -4.270500e-03, 1.487225e-05, 1.507125e-05, 1.490212e-05
-3.451500e-03, -4.270500e-03, 7.678123e-06, 8.008575e-06, 7.727629e-06
-3.334500e-03, -4.270500e-03, 1.650000e-05, 1.650000e-05, 1.650000e-05
-3.217500e-03, -4.270500e-03, 1.566456e-05, 1.585904e-05, 1.571182e-05
-3.100500e-03, -4.270500e-03, 5.500000e-07, 5.500000e-07, 5.500000e-07
-2.983500e-03, -4.270500e-03, 5.500000e-07, 5.500000e-07, 5.500000e-07
-2.866500e-03, -4.270500e-03, 5.767651e-06, 5.625331e-06, 5.599295e-06
-2.749500e-03, -4.270500e-03, 9.770630e-06, 9.471747e-06, 9.507418e-06
-2.632500e-03, -4.270500e-03, 8.883995e-06, 8.915779e-06, 8.743495e-06
-2.515500e-03, -4.270500e-03, 4.241946e-06, 4.451592e-06, 4.225564e-06
-2.398500e-03, -4.270500e-03, 1.650000e-05, 1.650000e-05, 1.650000e-05
-2.281500e-03, -4.270500e-03, 4.553619e-06, 4.778411e-06, 4.550975e-06
-2.164500e-03, -4.270500e-03, 5.837910e-07, 5.837910e-07, 5.863524e-07
-2.047500e-03, -4.270500e-03, 7.175736e-06, 6.979838e-06, 6.963375e-06
-1.930500e-03, -4.270500e-03, 5.545294e-06, 5.411674e-06, 5.382788e-06
-1.813500e-03, -4.270500e-03, 2.007674e-06, 2.007674e-06, 1.965796e-06
-1.696500e-03, -4.270500e-03, 4.416812e-06, 4.416812e-06, 4.178941e-06
-1.579500e-03, -4.270500e-03, 5.500000e-07, 5.500000e-07, 5.500000e-07
-1.462500e-03, -4.270500e-03, 5.517285e-07, 5.517285e-07, 5.520248e-07
-1.345500e-03, -4.270500e-03, 4.432806e-06, 4.139340e-06, 4.192694e-06
-1.228500e-03, -4.270500e-03, 1.201504e-05, 1.131454e-05, 1.141335e-05
-1.111500e-03, -4.270500e-03, 8.121597e-06, 7.591247e-06, 7.611720e-06
-9.945000e-04, -4.270500e-03, 4.343579e-06, 3.999670e-06, 4.077008e-06
-8.775000e-04, -4.270500e-03, 8.902553e-06, 8.322213e-06, 8.356080e-06
-7.605000e-04, -4.270500e-03, 1.155233e-05, 1.086770e-05, 1.094902e-05
-6.435000e-04, -4.270500e-03, 4.490599e-06, 4.146357e-06, 4.226023e-06
-5.265000e-04, -4.270500e-03, 5.657733e-06, 5.288662e-06, 5.322445e-06
-4.095000e-04, -4.270500e-03, 1.269983e-05, 1.197562e-05, 1.209922e-05
-2.925000e-04, -4.270500e-03, 1.217022e-05, 1.146477e-05, 1.154908e-05
-1.755000e-04, -4.270500e-03, 8.516542e-06, 7.487548e-06, 7.663937e-06
-5.850000e-05, -4.270500e-03, 6.722520e-06, 6.300297e-06, 6.252449e-06
5.850000e-05, -4.270500e-03, 9.417013e-06, 9.326421e-06, 9.246344e-06
1.755000e-04, -4.270500e-03, 1.040772e-05, 1.041187e-05, 1.021052e-05
2.925000e-04, -4.270500e-03, 2.948143e-06, 2.921442e-06, 2.876604e-06
4.095000e-04, -4.270500e-03, 8.521271e-06, 8.248395e-06, 8.264681e-06
5.265000e-04, -4.270500e-03, 1.822979e-06, 1.822979e-06, 1.791449e-06
6.435000e-04, -4.270500e-03, 6.964537e-07, 6.964537e-07, 6.989718e-07
7.605000e-04, -4.270500e-03, 7.646382e-06, 7.429262e-06, 7.415557e-06
8.775000e-04, -4.270500e-03, 4.964175e-06, 4.854027e-06, 4.818184e-06
9.945000e-04, -4.270500e-03, 5.500000e-07, 5.500000e-07, 5.500000e-07
1.111500e-03, -4.270500e-03, 4.193906e-06, 4.116390e-06, 4.074000e-06
1.228500e-03, -4.270500e-03, 9.549214e-06, 9.262312e-06, 9.217082e-06
1.345500e-03, -4.270500e-03, 7.673244e-06, 7.866605e-06, 7.418697e-06
1.462500e-03, -4.270500e-03, 1.452837e-05, 1.431157e-05, 1.430102e-05
1.579500e-03, -4.270500e-03, 6.974139e-06, 7.467060e-06, 6.970076e-06
1.696500e-03, -4.270500e-03, 4.273945e-06, 4.078705e-06, 4.034866e-06
1.813500e-03, -4.270500e-03, 3.189078e-06, 2.941881e-06, 2.991331e-06
1.930500e-03, -4.270500e-03, 5.545294e-06, 5.411674e-06, 5.382788e-06
2.047500e-03, -4.270500e-03, 8.302676e-06, 8.144630e-06, 8.068343e-06
2.164500e-03, -4.270500e-03, 1.322930e-05, 1.325298e-05, 1.313143e-05
2.281500e-03, -4.270500e-03, 3.588340e-06, 3.701842e-06, 3.555277e-06
2.398500e-03, -4.270500e-03, 1.359234e-05, 1.369879e-05, 1.355492e-05
2.515500e-03, -4.270500e-03, 2.788919e-06, 2.812339e-06, 2.740403e-06
2.632500e-03, -4.270500e-03, 5.619459e-07, 5.619459e-07, 5.635096e-07
2.749500e-03, -4.270500e-03, 7.225409e-06, 6.960174e-06, 6.962307e-06
2.866500e-03, -4.270500e-03, 5.767651e-06, 5.625331e-06, 5.599295e-06
2.983500e-03, -4.270500e-03, 5.500000e-07, 5.500000e-07, 5.500000e-07
3.100500e-03, -4.270500e-03, 5.500000e-07, 5.500000e-07, 5.500000e-07
3.217500e-03, -4.270500e-03, 5.500000e-07, 5.500000e-07, 5.500000e-07
3.334500e-03, -4.270500e-03, 5.500000e-07, 5.500000e-07, 5.500000e-07
3.451500e-03, -4.270500e-03, 8.882825e-07, 8.882825e-07, 8.868771e-07
3.568500e-03, -4.270500e-03, 8.094199e-06, 7.849182e-06, 7.849973e-06
3.685500e-03, -4.270500e-03, 7.695097e-06, 7.578056e-06, 7.502131e-06
3.802500e-03, -4.270500e-03, 5.500000e-07, 5.500000e-07, 5.500000e-07
3.919500e-03, -4.270500e-03, 4.750659e-06, 4.649423e-06, 4.611369e-06
4.036500e-03, -4.270500e-03, 7.796959e-06, 7.571957e-06, 7.560644e-06
4.153500e-03, -4.270500e-03, 7.591398e-07, 7.591398e-07, 7.606534e-07
4.270500e-03, -4.270500e-03, 1.660585e-06, 1.660585e-06, 1.634714e-06
4.387500e-03, -4.270500e-03, 9.690754e-06, 9.478368e-06, 9.463842e-06
4.504500e-03, -4.270500e-03, 1.643669e-05, 1.643751e-05, 1.643959e-05
4.621500e-03, -4.270500e-03, 6.751804e-06, 6.917192e-06, 6.717782e-06
4.738500e-03, -4.270500e-03, 6.144637e-06, 5.987893e-06, 5.967001e-06
4.855500e-03, -4.270500e-03, 6.605206e-06, 6.431151e-06, 6.415194e-06
4.972500e-03, -4.270500e-03, 5.500000e-07, 5.500000e-07, 5.500000e-07
5.089500e-03, -4.270500e-03, 2.772337e-06, 2.753358e-06, 2.707304e-06
5.206500e-03, -4.270500e-03, 9.684340e-06, 9.447256e-06, 9.419490e-06
5.323500e-03, -4.270500e-03, 1.992930e-06, 1.991974e-06, 1.955737e-06
5.440500e-03, -4.270500e-03, 6.449367e-07, 6.449367e-07, 6.479289e-07
5.557500e-03, -4.270500e-03, 7.481772e-06, 7.272601e-06, 7.257282e-06
5.674500e-03, -4.270500e-03, 5.179950e-06, 5.060960e-06, 5.027512e-06
5.791500e-03, -4.270500e-03, 5.500000e-07, 5.500000e-07, 5.500000e-07
-5.791500e-03, -4.153500e-03, 5.500000e-07, 5.500000e-07, 5.500000e-07
-5.674500e-03, -4.153500e-03, 2.724980e-06, 2.609539e-06, 2.613871e-06
-5.557500e-03, -4.153500e-03, 6.998121e-06, 6.760709e-06, 6.760763e-06
-5.440500e-03, -4.153500e-03, 9.852458e-06, 1.018613e-05, 9.902907e-06
-5.323500e-03, -4.153500e-03, 1.649983e-05, 1.649983e-05, 1.649983e-05
-5.206500e-03, -4.153500e-03, 1.539868e-05, 1.512541e-05, 1.507871e-05
-5.089500e-03, -4.153500e-03, 1.649574e-05, 1.649578e-05, 1.649612e-05
-4.972500e-03, -4.153500e-03, 1.650000e-05, 1.650000e-05, 1.650000e-05
-4.855500e-03, -4.153500e-03, 1.599271e-05, 1.597425e-05, 1.596539e-05
-4.738500e-03, -4.153500e-03, 1.524182e-05, 1.526385e-05, 1.521471e-05
-4.621500e-03, -4.153500e-03, 1.364035e-05, 1.305943e-05, 1.311213e-05
-4.504500e-03, -4.153500e-03, 1.164883e-05, 1.165968e-05, 1.136990e-05
-4.387500e-03, -4.153500e-03, 1.450964e-05, 1.404977e-05, 1.405178e-05
-4.270500e-03, -4.153500e-03, 1.645672e-05, 1.645531e-05, 1.645871e-05
-4.153500e-03, -4.153500e-03, 1.650000e-05, 1.650000e-05, 1.650000e-05
-4.036500e-03, -4.153500e-03, 1.191032e-05, 1.191607e-05, 1.178666e-05
-3.919500e-03, -4.153500e-03, 1.268769e-05, 1.269909e-05, 1.257588e-05
-3.802500e-03, -4.153500e-03, 1.650000e-05, 1.650000e-05, 1.650000e-05
-3.685500e-03, -4.153500e-03, 1.205549e-05, 1.276930e-05, 1.215694e-05
-3.568500e-03, -4.153500e-03, 1.478239e-05, 1.506729e-05, 1.483116e-05
-3.451500e-03, -4.153500e-03, 7.249748e-06, 7.559346e-06, 7.300301e-06
-3.334500e-03, -4.153500e-03, 1.650000e-05, 1.650000e-05, 1.650000e-05
-3.217500e-03, -4.153500e-03, 1.566456e-05, 1.585904e-05, 1.571182e-05
-3.100500e-03, -4.153500e-03, 5.500000e-07, 5.500000e-07, 5.500000e-07
-2.983500e-03, -4.153500e-03, 5.500000e-07, 5.500000e-07, 5.500000e-07
-2.866500e-03, -4.153500e-03, 5.500000e-07, 5.500000e-07, 5.500000e-07
-2.749500e-03, -4.153500e-03, 5.500000e-07, 5.500000e-07, 5.500000e-07
-2.632500e-03, -4.153500e-03, 4.501854e-06, 4.501854e-06, 4.397550e-06
-2.515500e-03, -4.153500e-03, 8.733756e-06, 8.722958e-06, 8.570854e-06
-2.398500e-03, -4.153500e-03, 7.375895e-06, 6.796088e-06, 6.807916e-06
-2.281500e-03, -4.153500e-03, 9.784784e-06, 9.551644e-06, 9.520176e-06
-2.164500e-03, -4.153500e-03, 1.585271e-06, 1.631865e-06, 1.589171e-06
-2.047500e-03, -4.153500e-03, 4.037476e-06, 3.836521e-06, 3.852788e-06
-1.930500e-03, -4.153500e-03, 6.404663e-06, 6.112107e-06, 6.154349e-06
-1.813500e-03, -4.153500e-03, 4.574260e-06, 4.593096e-06, 4.341529e-06
-1.696500e-03, -4.153500e-03, 1.803780e-06, 1.756630e-06, 1.756305e-06
-1.579500e-03, -4.153500e-03, 6.101069e-06, 5.813111e-06, 5.860022e-06
-1.462500e-03, -4.153500e-03, 7.623061e-06, 7.589439e-06, 7.328534e-06
-1.345500e-03, -4.153500e-03, 1.305322e-05, 1.286120e-05, 1.279256e-05
-1.228500e-03, -4.153500e-03, 1.237237e-05, 1.176474e-05, 1.179961e-05
-1.111500e-03, -4.153500e-03, 1.270960e-05, 1.218094e-05, 1.226153e-05
-9.945000e-04, -4.153500e-03, 1.364438e-05, 1.331734e-05, 1.336846e-05
-8.775000e-04, -4.153500e-03, 1.243929e-05, 1.189866e-05, 1.190262e-05
-7.605000e-04, -4.153500e-03, 1.276168e-05, 1.228246e-05, 1.237519e-05
-6.435000e-04, -4.153500e-03, 1.181278e-05, 1.166869e-05, 1.156473e-05
-5.265000e-04, -4.153500e-03, 1.504102e-06, 1.539350e-06, 1.512893e-06
-4.095000e-04, -4.153500e-03, 5.203889e-06, 4.950266e-06, 4.988331e-06
-2.925000e-04, -4.153500e-03, 1.408122e-06, 1.386641e-06, 1.384850e-06
-1.755000e-04, -4.153500e-03, 5.500000e-07, 5.500000e-07, 5.500000e-07
-5.850000e-05, -4.153500e-03, 3.491827e-06, 3.322907e-06, 3.332439e-06
5.850000e-05, -4.153500e-03, 8.706637e-06, 8.368094e-06, 8.288373e-06
1.755000e-04, -4.153500e-03, 7.160501e-06, 7.077907e-06, 6.998949e-06
2.925000e-04, -4.153500e-03, 1.408122e-06, 1.386641e-06, 1.384850e-06
4.095000e-04, -4.153500e-03, 5.203889e-06, 4.950266e-06, 4.988331e-06
5.265000e-04, -4.153500e-03, 8.329626e-07, 8.329626e-07, 8.329340e-07
6.435000e-04, -4.153500e-03, 5.500000e-07, 5.500000e-07, 5.500000e-07
7.605000e-04, -4.153500e-03, 5.500000e-07, 5.500000e-07, 5.500000e-07
8.775000e-04, -4.153500e-03, 5.500000e-07, 5.500000e-07, 5.500000e-07
9.945000e-04, -4.153500e-03, 5.500000e-07, 5.500000e-07, 5.500000e-07
1.111500e-03, -4.153500e-03, 2.352097e-06, 2.310856e-06, 2.281096e-06
1.228500e-03, -4.153500e-03, 9.016322e-06, 9.095767e-06, 8.808177e-06
1.345500e-03, -4.153500e-03, 4.910410e-06, 5.310355e-06, 4.956132e-06
1.462500e-03, -4.153500e-03, 9.172121e-06, 8.908670e-06, 8.912465e-06
1.579500e-03, -4.153500e-03, 1.123511e-05, 1.153449e-05, 1.119873e-05
1.696500e-03, -4.153500e-03, 7.363251e-06, 7.660432e-06, 7.307243e-06
1.813500e-03, -4.153500e-03, 1.632553e-05, 1.632553e-05, 1.632937e-05
1.930500e-03, -4.153500e-03, 3.915848e-06, 4.004755e-06, 3.795012e-06
2.047500e-03, -4.153500e-03, 6.036431e-06, 5.954530e-06, 5.803231e-06
2.164500e-03, -4.153500e-03, 1.327899e-05, 1.303025e-05, 1.299974e-05
2.281500e-03, -4.153500e-03, 2.178850e-06, 2.300205e-06, 2.193644e-06
2.398500e-03, -4.153500e-03, 7.445734e-06, 8.273247e-06, 7.546966e-06
2.515500e-03, -4.153500e-03, 5.500000e-07, 5.500000e-07, 5.500000e-07
2.632500e-03, -4.153500e-03, 9.178694e-07, 1.010910e-06, 9.438632e-07
2.749500e-03, -4.153500e-03, 1.554463e-05, 1.552830e-05, 1.550571e-05
2.866500e-03, -4.153500e-03, 6.279744e-06, 6.419915e-06, 6.230458e-06
2.983500e-03, -4.153500e-03, 5.500000e-07, 5.500000e-07, 5.500000e-07
3.100500e-03, -4.153500e-03, 5.500000e-07, 5.500000e-07, 5.500000e-07
3.217500e-03, -4.153500e-03, 5.500000e-07, 5.500000e-07, 5.500000e-07
3.334500e-03, -4.153500e-03, 5.500000e-07, 5.500000e-07, 5.500000e-07
3.451500e-03, -4.153500e-03, 5.500000e-07, 5.500000e-07, 5.500000e-07
3.568500e-03, -4.153500e-03, 5.500000e-07, 5.500000e-07, 5.500000e-07
3.685500e-03, -4.153500e-03, 5.500000e-07, 5.500000e-07, 5.500000e-07
3.802500e-03, -4.153500e-03, 2.543387e-06, 2.464084e-06, 2.415957e-06
3.919500e-03, -4.153500e-03, 6.485734e-07, 6.426762e-07, 6.484707e-07
4.036500e-03, -4.153500e-03, 4.674780e-06, 4.357701e-06, 4.361886e-06
4.153500e-03, -4.153500e-03, 7.933739e-07, 8.257844e-07, 8.047379e-07
4.270500e-03, -4.153500e-03, 7.591398e-07, 7.591398e-07, 7.606534e-07
4.387500e-03, -4.153500e-03, 5.178765e-06, 4.926018e-06, 4.963103e-06
4.504500e-03, -4.153500e-03, 7.341766e-06, 7.134476e-06, 7.101966e-06
4.621500e-03, -4.153500e-03, 2.757148e-06, 2.752094e-06, 2.708066e-06
4.738500e-03, -4.153500e-03, 5.500000e-07, 5.500000e-07, 5.500000e-07
4.855500e-03, -4.153500e-03, 5.500000e-07, 5.500000e-07, 5.500000e-07
4.972500e-03, -4.153500e-03, 5.500000e-07, 5.500000e-07, 5.500000e-07
5.089500e-03, -4.153500e-03, 1.308005e-06, 1.292083e-06, 1.290051e-06
5.206500e-03, -4.153500e-03, 5.218902e-06, 4.965162e-06, 5.003370e-06
5.323500e-03, -4.153500e-03, 9.147075e-07, 9.139716e-07, 9.126654e-07
5.440500e-03, -4.153500e-03, 5.500000e-07, 5.500000e-07, 5.500000e-07
5.557500e-03, -4.153500e-03, 4.239277e-06, 4.029084e-06, 4.049011e-06
5.674500e-03, -4.153500e-03, 2.724980e-06, 2.609539e-06, 2.613871e-06
5.791500e-03, -4.153500e-03, 5.500000e-07, 5.500000e-07, 5.500000e-07
-5.791500e-03, -4.036500e-03, 5.683120e-07, 5.724254e-07, 5.717649e-07
-5.674500e-03, -4.036500e-03, 1.503188e-05, 1.514694e-05, 1.501799e-05
-5.557500e-03, -4.036500e-03, 1.650000e-05, 1.650000e-05, 1.650000e-05
-5.440500e-03, -4.036500e-03, 1.299942e-05, 1.364404e-05, 1.309047e-05
-5.323500e-03, -4.036500e-03, 1.522508e-05, 1.542851e-05, 1.513375e-05
-5.206500e-03, -4.036500e-03, 1.650000e-05, 1.650000e-05, 1.650000e-05
-5.089500e-03, -4.036500e-03, 1.520715e-05, 1.543391e-05, 1.514101e-05
-4.972500e-03, -4.036500e-03, 1.567570e-05, 1.576130e-05, 1.564878e-05
-4.855500e-03, -4.036500e-03, 1.650000e-05, 1.650000e-05, 1.650000e-05
-4.738500e-03, -4.036500e-03, 1.650000e-05, 1.650000e-05, 1.650000e-05
-4.621500e-03, -4.036500e-03, 1.567223e-05, 1.575623e-05, 1.564832e-05
-4.504500e-03, -4.036500e-03, 1.352941e-05, 1.405087e-05, 1.361057e-05
-4.387500e-03, -4.036500e-03, 1.650000e-05, 1.650000e-05, 1.650000e-05
-4.270500e-03, -4.036500e-03, 1.497644e-05, 1.523813e-05, 1.490336e-05
-4.153500e-03, -4.036500e-03, 1.650000e-05, 1.650000e-05, 1.650000e-05
-4.036500e-03, -4.036500e-03, 1.330589e-05, 1.330088e-05, 1.319459e-05
-3.919500e-03, -4.036500e-03, 1.393368e-05, 1.393368e-05, 1.384124e-05
-3.802500e-03, -4.036500e-03, 1.650000e-05, 1.650000e-05, 1.650000e-05
-3.685500e-03, -4.036500e-03, 1.095395e-05, 1.161985e-05, 1.105642e-05
-3.568500e-03, -4.036500e-03, 1.588400e-05, 1.603134e-05, 1.592655e-05
-3.451500e-03, -4.036500e-03, 7.299810e-06, 7.609459e-06, 7.353172e-06
-3.334500e-03, -4.036500e-03, 1.650000e-05, 1.650000e-05, 1.650000e-05
-3.217500e-03, -4.036500e-03, 1.477199e-05, 1.491222e-05, 1.475284e-05
-3.100500e-03, -4.036500e-03, 5.500000e-07, 5.500000e-07, 5.500000e-07
-2.983500e-03, -4.036500e-03, 5.500000e-07, 5.500000e-07, 5.500000e-07
-2.866500e-03, -4.036500e-03, 5.500000e-07, 5.500000e-07, 5.500000e-07
-2.749500e-03, -4.036500e-03, 5.500000e-07, 5.500000e-07, 5.500000e-07
-2.632500e-03, -4.036500e-03, 5.500000e-07, 5.500000e-07, 5.500000e-07
-2.515500e-03, -4.036500e-03, 3.682787e-06, 3.594247e-06, 3.568048e-06
-2.398500e-03, -4.036500e-03, 7.490395e-06, 7.254460e-06, 7.241666e-06
-2.281500e-03, -4.036500e-03, 1.344285e-05, 1.319439e-05, 1.316598e-05
-2.164500e-03, -4.036500e-03, 4.860143e-06, 5.274859e-06, 4.899079e-06
-2.047500e-03, -4.036500e-03, 1.634959e-05, 1.634959e-05, 1.635100e-05
-1.930500e-03, -4.036500e-03, 1.650000e-05, 1.650000e-05, 1.650000e-05
-1.813500e-03, -4.036500e-03, 1.456458e-06, 1.695018e-06, 1.511617e-06
-1.696500e-03, -4.036500e-03, 1.209810e-05, 1.233165e-05, 1.206317e-05
-1.579500e-03, -4.036500e-03, 1.650000e-05, 1.650000e-05, 1.650000e-05
-1.462500e-03, -4.036500e-03, 1.306147e-05, 1.372014e-05, 1.316294e-05
-1.345500e-03, -4.036500e-03, 1.505108e-05, 1.527186e-05, 1.505838e-05
-1.228500e-03, -4.036500e-03, 1.650000e-05, 1.650000e-05, 1.650000e-05
-1.111500e-03, -4.036500e-03, 1.562444e-05, 1.573603e-05, 1.566898e-05
-9.945000e-04, -4.036500e-03, 1.585439e-05, 1.589937e-05, 1.585997e-05
-8.775000e-04, -4.036500e-03, 1.604291e-05, 1.611385e-05, 1.607438e-05
-7.605000e-04, -4.036500e-03, 1.645958e-05, 1.645958e-05, 1.646194e-05
-6.435000e-04, -4.036500e-03, 1.585158e-05, 1.592877e-05, 1.589377e-05
-5.265000e-04, -4.036500e-03, 1.028495e-05, 1.093517e-05, 1.033616e-05
-4.095000e-04, -4.036500e-03, 1.650000e-05, 1.650000e-05, 1.650000e-05
-2.925000e-04, -4.036500e-03, 1.066183e-05, 1.089618e-05, 1.063691e-05
-1.755000e-04, -4.036500e-03, 1.667394e-06, 1.834194e-06, 1.699143e-06
-5.850000e-05, -4.036500e-03, 1.608440e-05, 1.608440e-05, 1.607792e-05
5.850000e-05, -4.036500e-03, 1.608440e-05, 1.608440e-05, 1.607792e-05
1.755000e-04, -4.036500e-03, 1.744203e-06, 1.914253e-06, 1.774275e-06
2.925000e-04, -4.036500e-03, 1.059509e-05, 1.082366e-05, 1.056306e-05
4.095000e-04, -4.036500e-03, 1.650000e-05, 1.650000e-05, 1.650000e-05
5.265000e-04, -4.036500e-03, 8.054442e-06, 8.286713e-06, 8.044929e-06
6.435000e-04, -4.036500e-03, 5.500000e-07, 5.500000e-07, 5.500000e-07
7.605000e-04, -4.036500e-03, 5.500000e-07, 5.500000e-07, 5.500000e-07
8.775000e-04, -4.036500e-03, 5.500000e-07, 5.500000e-07, 5.500000e-07
9.945000e-04, -4.036500e-03, 5.500000e-07, 5.500000e-07, 5.500000e-07
1.111500e-03, -4.036500e-03, 1.318384e-05, 1.341728e-05, 1.315306e-05
1.228500e-03, -4.036500e-03, 1.650000e-05, 1.650000e-05, 1.650000e-05
1.345500e-03, -4.036500e-03, 8.829239e-06, 9.781758e-06, 8.951511e-06
1.462500e-03, -4.036500e-03, 6.473726e-06, 6.697697e-06, 6.476420e-06
1.579500e-03, -4.036500e-03, 1.650000e-05, 1.650000e-05, 1.650000e-05
1.696500e-03, -4.036500e-03, 1.245894e-05, 1.270344e-05, 1.243108e-05
1.813500e-03, -4.036500e-03, 7.705028e-06, 8.267221e-06, 7.731188e-06
1.930500e-03, -4.036500e-03, 1.550045e-05, 1.555844e-05, 1.548594e-05
2.047500e-03, -4.036500e-03, 1.634959e-05, 1.634959e-05, 1.635100e-05
2.164500e-03, -4.036500e-03, 1.178112e-05, 1.152117e-05, 1.151803e-05
2.281500e-03, -4.036500e-03, 1.708880e-06, 1.781648e-06, 1.718622e-06
2.398500e-03, -4.036500e-03, 7.619187e-06, 8.429265e-06, 7.718813e-06
2.515500e-03, -4.036500e-03, 5.500000e-07, 5.500000e-07, 5.500000e-07
2.632500e-03, -4.036500e-03, 2.550339e-06, 2.766005e-06, 2.581235e-06
2.749500e-03, -4.036500e-03, 1.643406e-05, 1.644025e-05, 1.643996e-05
2.866500e-03, -4.036500e-03, 1.571089e-05, 1.574357e-05, 1.569845e-05
2.983500e-03, -4.036500e-03, 9.593789e-07, 1.032511e-06, 9.828564e-07
3.100500e-03, -4.036500e-03, 5.500000e-07, 5.500000e-07, 5.500000e-07
3.217500e-03, -4.036500e-03, 5.500000e-07, 5.500000e-07, 5.500000e-07
3.334500e-03, -4.036500e-03, 5.500000e-07, 5.500000e-07, 5.500000e-07
3.451500e-03, -4.036500e-03, 5.500000e-07, 5.500000e-07, 5.500000e-07
3.568500e-03, -4.036500e-03, 5.500000e-07, 5.500000e-07, 5.500000e-07
3.685500e-03, -4.036500e-03, 5.500000e-07, 5.500000e-07, 5.500000e-07
3.802500e-03, -4.036500e-03, 5.314925e-06, 5.010688e-06, 5.003537e-06
3.919500e-03, -4.036500e-03, 1.159278e-05, 1.119621e-05, 1.108195e-05
4.036500e-03, -4.036500e-03, 5.515720e-06, 5.143268e-06, 5.197264e-06
4.153500e-03, -4.036500e-03, 7.883109e-07, 8.026655e-07, 7.977239e-07
4.270500e-03, -4.036500e-03, 7.571957e-06, 7.796959e-06, 7.560644e-06
4.387500e-03, -4.036500e-03, 1.650000e-05, 1.650000e-05, 1.650000e-05
4.504500e-03, -4.036500e-03, 1.100567e-05, 1.123528e-05, 1.097220e-05
4.621500e-03, -4.036500e-03, 5.500000e-07, 5.500000e-07, 5.500000e-07
4.738500e-03, -4.036500e-03, 5.500000e-07, 5.500000e-07, 5.500000e-07
4.855500e-03, -4.036500e-03, 5.500000e-07, 5.500000e-07, 5.500000e-07
4.972500e-03, -4.036500e-03, 5.500000e-07, 5.500000e-07, 5.500000e-07
5.089500e-03, -4.036500e-03, 1.018388e-05, 1.041174e-05, 1.015362e-05
5.206500e-03, -4.036500e-03, 1.650000e-05, 1.650000e-05, 1.650000e-05
5.323500e-03, -4.036500e-03, 8.398404e-06, 8.624685e-06, 8.379685e-06
5.440500e-03, -4.036500e-03, 3.505779e-06, 3.728070e-06, 3.533577e-06
5.557500e-03, -4.036500e-03, 1.642648e-05, 1.642648e-05, 1.642894e-05
5.674500e-03, -4.036500e-03, 1.503188e-05, 1.514694e-05, 1.501799e-05
5.791500e-03, -4.036500e-03, 5.683120e-07, 5.724254e-07, 5.717649e-07
-5.791500e-03, -3.919500e-03, 5.500000e-07, 5.500000e-07, 5.500000e-07
-5.674500e-03, -3.919500e-03, 1.135035e-05, 1.132889e-05, 1.114947e-05
-5.557500e-03, -3.919500e-03, 1.451031e-05, 1.431308e-05, 1.428403e-05
-5.440500e-03, -3.919500e-03, 1.390900e-05, 1.415647e-05, 1.389683e-05
-5.323500e-03, -3.919500e-03, 1.507661e-05, 1.518480e-05, 1.504728e-05
-5.206500e-03, -3.919500e-03, 1.633445e-05, 1.633445e-05, 1.633798e-05
-5.089500e-03, -3.919500e-03, 1.507866e-05, 1.516670e-05, 1.505106e-05
-4.972500e-03, -3.919500e-03, 1.644354e-05, 1.644401e-05, 1.644684e-05
-4.855500e-03, -3.919500e-03, 1.628320e-05, 1.625486e-05, 1.626965e-05
-4.738500e-03, -3.919500e-03, 1.630308e-05, 1.628417e-05, 1.629658e-05
-4.621500e-03, -3.919500e-03, 1.644289e-05, 1.644398e-05, 1.644677e-05
-4.504500e-03, -3.919500e-03, 1.503685e-05, 1.509680e-05, 1.501941e-05
-4.387500e-03, -3.919500e-03, 1.589290e-05, 1.576171e-05, 1.582031e-05
-4.270500e-03, -3.919500e-03, 1.516573e-05, 1.525024e-05, 1.510913e-05
-4.153500e-03, -3.919500e-03, 1.650000e-05, 1.650000e-05, 1.650000e-05
-4.036500e-03, -3.919500e-03, 1.650000e-05, 1.650000e-05, 1.650000e-05
-3.919500e-03, -3.919500e-03, 1.650000e-05, 1.650000e-05, 1.650000e-05
-3.802500e-03, -3.919500e-03, 1.650000e-05, 1.650000e-05, 1.650000e-05
-3.685500e-03, -3.919500e-03, 1.264454e-05, 1.324253e-05, 1.271149e-05
-3.568500e-03, -3.919500e-03, 1.649039e-05, 1.649039e-05, 1.649155e-05
-3.451500e-03, -3.919500e-03, 8.200233e-06, 8.700022e-06, 8.237080e-06
-3.334500e-03, -3.919500e-03, 1.419176e-05, 1.394861e-05, 1.393520e-05
-3.217500e-03, -3.919500e-03, 3.541093e-06, 3.541093e-06, 3.456212e-06
-3.100500e-03, -3.919500e-03, 5.500000e-07, 5.500000e-07, 5.500000e-07
-2.983500e-03, -3.919500e-03, 5.500000e-07, 5.500000e-07, 5.500000e-07
-2.866500e-03, -3.919500e-03, 5.500000e-07, 5.500000e-07, 5.500000e-07
-2.749500e-03, -3.919500e-03, 5.500000e-07, 5.500000e-07, 5.500000e-07
-2.632500e-03, -3.919500e-03, 5.500000e-07, 5.500000e-07, 5.500000e-07
-2.515500e-03, -3.919500e-03, 5.500000e-07, 5.500000e-07, 5.500000e-07
-2.398500e-03, -3.919500e-03, 5.500000e-07, 5.500000e-07, 5.500000e-07
-2.281500e-03, -3.919500e-03, 5.500000e-07, 5.500000e-07, 5.500000e-07
-2.164500e-03, -3.919500e-03, 1.545336e-06, 1.625058e-06, 1.559611e-06
-2.047500e-03, -3.919500e-03, 1.387650e-05, 1.369559e-05, 1.364642e-05
-1.930500e-03, -3.919500e-03, 1.199673e-05, 1.193968e-05, 1.178181e-05
-1.813500e-03, -3.919500e-03, 5.527592e-07, 5.528058e-07, 5.531766e-07
-1.696500e-03, -3.919500e-03, 8.530958e-06, 8.577285e-06, 8.417538e-06
-1.579500e-03, -3.919500e-03, 1.497795e-05, 1.476155e-05, 1.478170e-05
-1.462500e-03, -3.919500e-03, 8.752723e-06, 9.268297e-06, 8.765922e-06
-1.345500e-03, -3.919500e-03, 1.596742e-05, 1.602132e-05, 1.598604e-05
-1.228500e-03, -3.919500e-03, 1.551957e-05, 1.546457e-05, 1.544955e-05
-1.111500e-03, -3.919500e-03, 1.408366e-05, 1.437003e-05, 1.412445e-05
-9.945000e-04, -3.919500e-03, 1.058784e-05, 1.058240e-05, 1.032524e-05
-8.775000e-04, -3.919500e-03, 1.641346e-05, 1.641638e-05, 1.641777e-05
-7.605000e-04, -3.919500e-03, 1.595378e-05, 1.583687e-05, 1.586814e-05
-6.435000e-04, -3.919500e-03, 1.522880e-05, 1.532856e-05, 1.518598e-05
-5.265000e-04, -3.919500e-03, 7.310414e-06, 7.809964e-06, 7.307637e-06
-4.095000e-04, -3.919500e-03, 1.545976e-05, 1.526853e-05, 1.530627e-05
-2.925000e-04, -3.919500e-03, 1.236787e-05, 1.258768e-05, 1.234468e-05
-1.755000e-04, -3.919500e-03, 8.789025e-07, 9.215388e-07, 8.939477e-07
-5.850000e-05, -3.919500e-03, 1.310682e-05, 1.295432e-05, 1.287451e-05
5.850000e-05, -3.919500e-03, 1.611043e-05, 1.597306e-05, 1.601873e-05
1.755000e-04, -3.919500e-03, 3.343402e-06, 3.600877e-06, 3.354829e-06
2.925000e-04, -3.919500e-03, 7.185935e-06, 7.257766e-06, 7.108378e-06
4.095000e-04, -3.919500e-03, 1.576926e-05, 1.560815e-05, 1.564932e-05
5.265000e-04, -3.919500e-03, 9.843778e-06, 1.008389e-05, 9.835126e-06
6.435000e-04, -3.919500e-03, 5.500000e-07, 5.500000e-07, 5.500000e-07
7.605000e-04, -3.919500e-03, 5.500000e-07, 5.500000e-07, 5.500000e-07
8.775000e-04, -3.919500e-03, 5.500000e-07, 5.500000e-07, 5.500000e-07
9.945000e-04, -3.919500e-03, 5.500000e-07, 5.500000e-07, 5.500000e-07
1.111500e-03, -3.919500e-03, 9.539969e-06, 9.563768e-06, 9.393797e-06
1.228500e-03, -3.919500e-03, 1.476400e-05, 1.455431e-05, 1.455740e-05
1.345500e-03, -3.919500e-03, 7.538896e-06, 8.035880e-06, 7.369523e-06
1.462500e-03, -3.919500e-03, 3.812492e-06, 3.915394e-06, 3.788329e-06
1.579500e-03, -3.919500e-03, 1.497795e-05, 1.476155e-05, 1.478170e-05
1.696500e-03, -3.919500e-03, 1.050395e-05, 1.056185e-05, 1.030499e-05
1.813500e-03, -3.919500e-03, 3.423017e-06, 3.556361e-06, 3.336973e-06
1.930500e-03, -3.919500e-03, 1.199673e-05, 1.193968e-05, 1.178181e-05
2.047500e-03, -3.919500e-03, 1.404371e-05, 1.382928e-05, 1.381770e-05
2.164500e-03, -3.919500e-03, 1.205425e-05, 1.179671e-05, 1.177384e-05
2.281500e-03, -3.919500e-03, 7.440493e-06, 7.562171e-06, 7.292713e-06
2.398500e-03, -3.919500e-03, 5.113861e-06, 5.119067e-06, 5.005437e-06
2.515500e-03, -3.919500e-03, 5.500000e-07, 5.500000e-07, 5.500000e-07
2.632500e-03, -3.919500e-03, 1.348877e-06, 1.422426e-06, 1.364678e-06
2.749500e-03, -3.919500e-03, 1.368589e-05, 1.351163e-05, 1.345390e-05
2.866500e-03, -3.919500e-03, 1.234964e-05, 1.225953e-05, 1.212728e-05
2.983500e-03, -3.919500e-03, 5.881708e-07, 5.916922e-07, 5.926284e-07
3.100500e-03, -3.919500e-03, 5.500000e-07, 5.500000e-07, 5.500000e-07
3.217500e-03, -3.919500e-03, 5.500000e-07, 5.500000e-07, 5.500000e-07
3.334500e-03, -3.919500e-03, 5.500000e-07, 5.500000e-07, 5.500000e-07
3.451500e-03, -3.919500e-03, 5.500000e-07, 5.500000e-07, 5.500000e-07
3.568500e-03, -3.919500e-03, 5.500000e-07, 5.500000e-07, 5.500000e-07
3.685500e-03, -3.919500e-03, 5.500000e-07, 5.500000e-07, 5.500000e-07
3.802500e-03, -3.919500e-03, 3.163660e-06, 2.974252e-06, 2.946295e-06
3.919500e-03, -3.919500e-03, 1.261862e-06, 1.113422e-06, 1.172159e-06
4.036500e-03, -3.919500e-03, 5.490579e-06, 4.970644e-06, 5.018118e-06
4.153500e-03, -3.919500e-03, 7.966707e-07, 8.296971e-07, 8.085591e-07
4.270500e-03, -3.919500e-03, 4.649423e-06, 4.750659e-06, 4.611369e-06
4.387500e-03, -3.919500e-03, 1.510019e-05, 1.488124e-05, 1.491211e-05
4.504500e-03, -3.919500e-03, 7.547714e-06, 7.613361e-06, 7.461769e-06
4.621500e-03, -3.919500e-03, 5.500000e-07, 5.500000e-07, 5.500000e-07
4.738500e-03, -3.919500e-03, 5.500000e-07, 5.500000e-07, 5.500000e-07
4.855500e-03, -3.919500e-03, 5.500000e-07, 5.500000e-07, 5.500000e-07
4.972500e-03, -3.919500e-03, 5.500000e-07, 5.500000e-07, 5.500000e-07
5.089500e-03, -3.919500e-03, 6.828370e-06, 6.905881e-06, 6.758339e-06
5.206500e-03, -3.919500e-03, 1.513657e-05, 1.491982e-05, 1.495220e-05
5.323500e-03, -3.919500e-03, 5.321566e-06, 5.419047e-06, 5.274361e-06
5.440500e-03, -3.919500e-03, 1.897919e-06, 1.985931e-06, 1.908174e-06
5.557500e-03, -3.919500e-03, 1.416310e-05, 1.397263e-05, 1.393799e-05
5.674500e-03, -3.919500e-03, 1.135035e-05, 1.132889e-05, 1.114947e-05
5.791500e-03, -3.919500e-03, 5.500000e-07, 5.500000e-07, 5.500000e-07
-5.791500e-03, -3.802500e-03, 2.450840e-06, 2.682400e-06, 2.489338e-06
-5.674500e-03, -3.802500e-03, 1.405942e-05, 1.374118e-05, 1.378865e-05
-5.557500e-03, -3.802500e-03, 1.534770e-05, 1.514409e-05, 1.517581e-05
-5.440500e-03, -3.802500e-03, 1.650000e-05, 1.650000e-05, 1.650000e-05
-5.323500e-03, -3.802500e-03, 1.631123e-05, 1.630997e-05, 1.631113e-05
-5.206500e-03, -3.802500e-03, 1.339484e-05, 1.283440e-05, 1.290145e-05
-5.089500e-03, -3.802500e-03, 1.609231e-05, 1.608486e-05, 1.608212e-05
-4.972500e-03, -3.802500e-03, 1.650000e-05, 1.650000e-05, 1.650000e-05
-4.855500e-03, -3.802500e-03, 1.619261e-05, 1.619073e-05, 1.618992e-05
-4.738500e-03, -3.802500e-03, 1.632289e-05, 1.632289e-05, 1.632373e-05
-4.621500e-03, -3.802500e-03, 1.650000e-05, 1.650000e-05, 1.650000e-05
-4.504500e-03, -3.802500e-03, 1.646244e-05, 1.645236e-05, 1.645967e-05
-4.387500e-03, -3.802500e-03, 1.650000e-05, 1.650000e-05, 1.650000e-05
-4.270500e-03, -3.802500e-03, 1.650000e-05, 1.650000e-05, 1.650000e-05
-4.153500e-03, -3.802500e-03, 1.650000e-05, 1.650000e-05, 1.650000e-05
-4.036500e-03, -3.802500e-03, 1.650000e-05, 1.650000e-05, 1.650000e-05
-3.919500e-03, -3.802500e-03, 1.532767e-05, 1.525543e-05, 1.523555e-05
-3.802500e-03, -3.802500e-03, 1.650000e-05, 1.650000e-05, 1.650000e-05
-3.685500e-03, -3.802500e-03, 1.590398e-05, 1.590053e-05, 1.589153e-05
-3.568500e-03, -3.802500e-03, 4.215938e-06, 4.169334e-06, 4.002940e-06
-3.451500e-03, -3.802500e-03, 5.500000e-07, 5.500000e-07, 5.500000e-07
-3.334500e-03, -3.802500e-03, 5.500000e-07, 5.500000e-07, 5.500000e-07
-3.217500e-03, -3.802500e-03, 5.500000e-07, 5.500000e-07, 5.500000e-07
-3.100500e-03, -3.802500e-03, 5.500000e-07, 5.500000e-07, 5.500000e-07
-2.983500e-03, -3.802500e-03, 5.500000e-07, 5.500000e-07, 5.500000e-07
-2.866500e-03, -3.802500e-03, 5.500000e-07, 5.500000e-07, 5.500000e-07
-2.749500e-03, -3.802500e-03, 5.500000e-07, 5.500000e-07, 5.500000e-07
-2.632500e-03, -3.802500e-03, 5.500000e-07, 5.500000e-07, 5.500000e-07
-2.515500e-03, -3.802500e-03, 5.500000e-07, 5.500000e-07, 5.500000e-07
-2.398500e-03, -3.802500e-03, 5.500000e-07, 5.500000e-07, 5.500000e-07
-2.281500e-03, -3.802500e-03, 5.500000e-07, 5.500000e-07, 5.500000e-07
-2.164500e-03, -3.802500e-03, 5.500000e-07, 5.500000e-07, 5.500000e-07
-2.047500e-03, -3.802500e-03, 5.500000e-07, 5.500000e-07, 5.500000e-07
-1.930500e-03, -3.802500e-03, 6.161623e-07, 6.073361e-07, 6.125892e-07
-1.813500e-03, -3.802500e-03, 6.167012e-07, 6.078656e-07, 6.131528e-07
-1.696500e-03, -3.802500e-03, 6.167012e-07, 6.078656e-07, 6.131528e-07
-1.579500e-03, -3.802500e-03, 6.167012e-07, 6.078656e-07, 6.131528e-07
-1.462500e-03, -3.802500e-03, 2.321950e-06, 2.358642e-06, 2.301910e-06
-1.345500e-03, -3.802500e-03, 1.462619e-05, 1.462619e-05, 1.455972e-05
-1.228500e-03, -3.802500e-03, 1.352629e-05, 1.351860e-05, 1.331698e-05
-1.111500e-03, -3.802500e-03, 1.292199e-05, 1.253376e-05, 1.247244e-05
-9.945000e-04, -3.802500e-03, 1.166386e-05, 1.162114e-05, 1.138188e-05
-8.775000e-04, -3.802500e-03, 1.289568e-05, 1.270079e-05, 1.254181e-05
-7.605000e-04, -3.802500e-03, 1.533923e-05, 1.531274e-05, 1.528311e-05
-6.435000e-04, -3.802500e-03, 1.360368e-05, 1.362473e-05, 1.352049e-05
-5.265000e-04, -3.802500e-03, 1.685056e-06, 1.724751e-06, 1.690945e-06
-4.095000e-04, -3.802500e-03, 7.038755e-06, 6.764907e-06, 6.789530e-06
-2.925000e-04, -3.802500e-03, 2.981866e-06, 2.981866e-06, 2.917966e-06
-1.755000e-04, -3.802500e-03, 4.707728e-06, 4.707728e-06, 4.440072e-06
-5.850000e-05, -3.802500e-03, 5.500000e-07, 5.500000e-07, 5.500000e-07
5.850000e-05, -3.802500e-03, 5.500000e-07, 5.500000e-07, 5.500000e-07
1.755000e-04, -3.802500e-03, 4.816572e-06, 4.793782e-06, 4.511090e-06
2.925000e-04, -3.802500e-03, 4.788812e-06, 4.033076e-06, 4.137123e-06
4.095000e-04, -3.802500e-03, 4.788812e-06, 4.033076e-06, 4.137123e-06
5.265000e-04, -3.802500e-03, 6.710249e-06, 5.902462e-06, 5.954572e-06
6.435000e-04, -3.802500e-03, 8.826635e-06, 7.502306e-06, 7.709442e-06
7.605000e-04, -3.802500e-03, 8.826635e-06, 7.502306e-06, 7.709442e-06
8.775000e-04, -3.802500e-03, 8.826635e-06, 7.502306e-06, 7.709442e-06
9.945000e-04, -3.802500e-03, 8.826635e-06, 7.502306e-06, 7.709442e-06
1.111500e-03, -3.802500e-03, 8.826635e-06, 7.502306e-06, 7.709442e-06
1.228500e-03, -3.802500e-03, 8.904256e-06, 7.588672e-06, 7.795692e-06
1.345500e-03, -3.802500e-03, 5.960834e-06, 5.189445e-06, 5.259547e-06
1.462500e-03, -3.802500e-03, 4.788812e-06, 4.033076e-06, 4.137123e-06
1.579500e-03, -3.802500e-03, 4.902809e-06, 4.164585e-06, 4.261306e-06
1.696500e-03, -3.802500e-03, 3.897641e-06, 3.897641e-06, 3.708004e-06
1.813500e-03, -3.802500e-03, 8.595821e-06, 8.659522e-06, 8.492554e-06
1.930500e-03, -3.802500e-03, 1.150590e-05, 1.152999e-05, 1.129895e-05
2.047500e-03, -3.802500e-03, 6.954892e-07, 7.346861e-07, 7.109455e-07
2.164500e-03, -3.802500e-03, 1.485597e-05, 1.479432e-05, 1.474000e-05
2.281500e-03, -3.802500e-03, 8.410717e-06, 8.640044e-06, 8.398309e-06
2.398500e-03, -3.802500e-03, 5.500000e-07, 5.500000e-07, 5.500000e-07
2.515500e-03, -3.802500e-03, 5.500000e-07, 5.500000e-07, 5.500000e-07
2.632500e-03, -3.802500e-03, 5.500000e-07, 5.500000e-07, 5.500000e-07
2.749500e-03, -3.802500e-03, 5.500000e-07, 5.500000e-07, 5.500000e-07
2.866500e-03, -3.802500e-03, 5.500000e-07, 5.500000e-07, 5.500000e-07
2.983500e-03, -3.802500e-03, 5.500000e-07, 5.500000e-07, 5.500000e-07
3.100500e-03, -3.802500e-03, 5.500000e-07, 5.500000e-07, 5.500000e-07
3.217500e-03, -3.802500e-03, 5.500000e-07, 5.500000e-07, 5.500000e-07
3.334500e-03, -3.802500e-03, 5.500000e-07, 5.500000e-07, 5.500000e-07
3.451500e-03, -3.802500e-03, 5.500000e-07, 5.500000e-07, 5.500000e-07
3.568500e-03, -3.802500e-03, 5.500000e-07, 5.500000e-07, 5.500000e-07
3.685500e-03, -3.802500e-03, 5.500000e-07, 5.500000e-07, 5.500000e-07
3.802500e-03, -3.802500e-03, 5.330921e-06, 4.995051e-06, 5.006762e-06
3.919500e-03, -3.802500e-03, 1.185632e-05, 1.143346e-05, 1.135276e-05
4.036500e-03, -3.802500e-03, 5.674877e-06, 5.253055e-06, 5.344206e-06
4.153500e-03, -3.802500e-03, 7.919103e-07, 8.101206e-07, 8.031400e-07
4.270500e-03, -3.802500e-03, 5.500000e-07, 5.500000e-07, 5.500000e-07
4.387500e-03, -3.802500e-03, 5.500000e-07, 5.500000e-07, 5.500000e-07
4.504500e-03, -3.802500e-03, 5.500000e-07, 5.500000e-07, 5.500000e-07
4.621500e-03, -3.802500e-03, 5.500000e-07, 5.500000e-07, 5.500000e-07
4.738500e-03, -3.802500e-03, 5.500000e-07, 5.500000e-07, 5.500000e-07
4.855500e-03, -3.802500e-03, 5.500000e-07, 5.500000e-07, 5.500000e-07
4.972500e-03, -3.802500e-03, 5.500000e-07, 5.500000e-07, 5.500000e-07
5.089500e-03, -3.802500e-03, 5.500000e-07, 5.500000e-07, 5.500000e-07
5.206500e-03, -3.802500e-03, 5.500000e-07, 5.500000e-07, 5.500000e-07
5.323500e-03, -3.802500e-03, 5.500000e-07, 5.500000e-07, 5.500000e-07
5.440500e-03, -3.802500e-03, 5.500000e-07, 5.500000e-07, 5.500000e-07
5.557500e-03, -3.802500e-03, 5.500000e-07, 5.500000e-07, 5.500000e-07
5.674500e-03, -3.802500e-03, 5.500000e-07, 5.500000e-07, 5.500000e-07
5.791500e-03, -3.802500e-03, 5.500000e-07, 5.500000e-07, 5.500000e-07
-5.791500e-03, -3.685500e-03, 2.896463e-06, 3.176153e-06, 2.943927e-06
-5.674500e-03, -3.685500e-03, 1.650000e-05, 1.650000e-05, 1.650000e-05
-5.557500e-03, -3.685500e-03, 1.650000e-05, 1.650000e-05, 1.650000e-05
-5.440500e-03, -3.685500e-03, 1.650000e-05, 1.650000e-05, 1.650000e-05
-5.323500e-03, -3.685500e-03, 1.648063e-05, 1.648020e-05, 1.648206e-05
-5.206500e-03, -3.685500e-03, 1.595046e-05, 1.584017e-05, 1.586477e-05
-5.089500e-03, -3.685500e-03, 1.648062e-05, 1.648020e-05, 1.648206e-05
-4.972500e-03, -3.685500e-03, 1.630297e-05, 1.632774e-05, 1.631688e-05
-4.855500e-03, -3.685500e-03, 1.500904e-05, 1.487153e-05, 1.484796e-05
-4.738500e-03, -3.685500e-03, 1.508760e-05, 1.500163e-05, 1.490213e-05
-4.621500e-03, -3.685500e-03, 1.639004e-05, 1.641288e-05, 1.640519e-05
-4.504500e-03, -3.685500e-03, 1.514081e-05, 1.518124e-05, 1.511971e-05
-4.387500e-03, -3.685500e-03, 1.586236e-05, 1.572646e-05, 1.578602e-05
-4.270500e-03, -3.685500e-03, 1.512741e-05, 1.520889e-05, 1.503828e-05
-4.153500e-03, -3.685500e-03, 1.650000e-05, 1.650000e-05, 1.650000e-05
-4.036500e-03, -3.685500e-03, 1.550010e-05, 1.556479e-05, 1.548753e-05
-3.919500e-03, -3.685500e-03, 4.519252e-06, 4.519279e-06, 4.397567e-06
-3.802500e-03, -3.685500e-03, 1.632228e-05, 1.634187e-05, 1.632810e-05
-3.685500e-03, -3.685500e-03, 1.650000e-05, 1.650000e-05, 1.650000e-05
-3.568500e-03, -3.685500e-03, 2.930118e-06, 3.210823e-06, 2.973249e-06
-3.451500e-03, -3.685500e-03, 6.362232e-06, 6.071834e-06, 6.114567e-06
-3.334500e-03, -3.685500e-03, 6.465018e-06, 6.158811e-06, 6.213187e-06
-3.217500e-03, -3.685500e-03, 6.465018e-06, 6.158811e-06, 6.213187e-06
-3.100500e-03, -3.685500e-03, 6.465018e-06, 6.158811e-06, 6.213187e-06
-2.983500e-03, -3.685500e-03, 6.465018e-06, 6.158811e-06, 6.213187e-06
-2.866500e-03, -3.685500e-03, 6.465018e-06, 6.158811e-06, 6.213187e-06
-2.749500e-03, -3.685500e-03, 6.465018e-06, 6.158811e-06, 6.213187e-06
-2.632500e-03, -3.685500e-03, 6.465018e-06, 6.158811e-06, 6.213187e-06
-2.515500e-03, -3.685500e-03, 6.465018e-06, 6.158811e-06, 6.213187e-06
-2.398500e-03, -3.685500e-03, 6.465018e-06, 6.158811e-06, 6.213187e-06
-2.281500e-03, -3.685500e-03, 1.895110e-06, 1.889588e-06, 1.861667e-06
-2.164500e-03, -3.685500e-03, 5.500000e-07, 5.500000e-07, 5.500000e-07
-2.047500e-03, -3.685500e-03, 6.650592e-06, 6.784408e-06, 6.606705e-06
-1.930500e-03, -3.685500e-03, 1.649957e-05, 1.649957e-05, 1.649959e-05
-1.813500e-03, -3.685500e-03, 1.650000e-05, 1.650000e-05, 1.650000e-05
-1.696500e-03, -3.685500e-03, 1.650000e-05, 1.650000e-05, 1.650000e-05
-1.579500e-03, -3.685500e-03, 1.650000e-05, 1.650000e-05, 1.650000e-05
-1.462500e-03, -3.685500e-03, 1.155908e-05, 1.154621e-05, 1.141780e-05
-1.345500e-03, -3.685500e-03, 7.234727e-06, 6.862520e-06, 6.863793e-06
-1.228500e-03, -3.685500e-03, 1.139669e-05, 1.064371e-05, 1.074020e-05
-1.111500e-03, -3.685500e-03, 1.066423e-05, 1.028058e-05, 1.018321e-05
-9.945000e-04, -3.685500e-03, 1.613975e-05, 1.613975e-05, 1.613515e-05
-8.775000e-04, -3.685500e-03, 1.650000e-05, 1.650000e-05, 1.650000e-05
-7.605000e-04, -3.685500e-03, 1.650000e-05, 1.650000e-05, 1.650000e-05
-6.435000e-04, -3.685500e-03, 8.181666e-06, 8.493993e-06, 8.229957e-06
-5.265000e-04, -3.685500e-03, 9.144870e-06, 9.338748e-06, 9.091739e-06
-4.095000e-04, -3.685500e-03, 1.650000e-05, 1.650000e-05, 1.650000e-05
-2.925000e-04, -3.685500e-03, 1.363931e-05, 1.363931e-05, 1.353710e-05
-1.755000e-04, -3.685500e-03, 2.822486e-06, 2.802725e-06, 2.764594e-06
-5.850000e-05, -3.685500e-03, 4.467718e-06, 4.009362e-06, 4.105764e-06
5.850000e-05, -3.685500e-03, 6.774147e-06, 5.995693e-06, 6.131796e-06
1.755000e-04, -3.685500e-03, 7.483279e-06, 6.626218e-06, 6.774312e-06
2.925000e-04, -3.685500e-03, 7.483279e-06, 6.626218e-06, 6.774312e-06
4.095000e-04, -3.685500e-03, 7.539434e-06, 6.685417e-06, 6.826326e-06
5.265000e-04, -3.685500e-03, 8.533739e-06, 7.699031e-06, 7.839003e-06
6.435000e-04, -3.685500e-03, 7.483279e-06, 6.626218e-06, 6.774312e-06
7.605000e-04, -3.685500e-03, 7.483279e-06, 6.626218e-06, 6.774312e-06
8.775000e-04, -3.685500e-03, 7.483279e-06, 6.626218e-06, 6.774312e-06
9.945000e-04, -3.685500e-03, 7.483279e-06, 6.626218e-06, 6.774312e-06
1.111500e-03, -3.685500e-03, 7.483279e-06, 6.626218e-06, 6.774312e-06
1.228500e-03, -3.685500e-03, 7.483279e-06, 6.626218e-06, 6.774312e-06
1.345500e-03, -3.685500e-03, 7.483279e-06, 6.626218e-06, 6.774312e-06
1.462500e-03, -3.685500e-03, 7.483279e-06, 6.626218e-06, 6.774312e-06
1.579500e-03, -3.685500e-03, 7.483279e-06, 6.626218e-06, 6.774312e-06
1.696500e-03, -3.685500e-03, 7.485973e-06, 6.628941e-06, 6.777177e-06
1.813500e-03, -3.685500e-03, 9.324643e-06, 8.691971e-06, 8.718469e-06
1.930500e-03, -3.685500e-03, 9.529151e-06, 9.000210e-06, 9.006455e-06
2.047500e-03, -3.685500e-03, 3.444933e-06, 3.158566e-06, 3.209734e-06
2.164500e-03, -3.685500e-03, 9.991696e-06, 9.380949e-06, 9.424664e-06
2.281500e-03, -3.685500e-03, 1.035744e-05, 1.034675e-05, 1.015776e-05
2.398500e-03, -3.685500e-03, 1.572220e-05, 1.550469e-05, 1.555202e-05
2.515500e-03, -3.685500e-03, 1.572220e-05, 1.550469e-05, 1.555202e-05
2.632500e-03, -3.685500e-03, 1.572220e-05, 1.550469e-05, 1.555202e-05
2.749500e-03, -3.685500e-03, 1.572220e-05, 1.550469e-05, 1.555202e-05
2.866500e-03, -3.685500e-03, 1.572220e-05, 1.550469e-05, 1.555202e-05
2.983500e-03, -3.685500e-03, 1.572220e-05, 1.550469e-05, 1.555202e-05
3.100500e-03, -3.685500e-03, 1.572220e-05, 1.550469e-05, 1.555202e-05
3.217500e-03, -3.685500e-03, 1.559902e-05, 1.539392e-05, 1.542776e-05
3.334500e-03, -3.685500e-03, 5.979183e-06, 5.979183e-06, 5.862306e-06
3.451500e-03, -3.685500e-03, 5.500000e-07, 5.500000e-07, 5.500000e-07
3.568500e-03, -3.685500e-03, 5.500000e-07, 5.500000e-07, 5.500000e-07
3.685500e-03, -3.685500e-03, 5.500000e-07, 5.500000e-07, 5.500000e-07
3.802500e-03, -3.685500e-03, 4.167771e-06, 3.640980e-06, 3.604098e-06
3.919500e-03, -3.685500e-03, 5.754367e-06, 4.925106e-06, 5.033368e-06
4.036500e-03, -3.685500e-03, 8.179414e-06, 7.577103e-06, 7.601181e-06
4.153500e-03, -3.685500e-03, 7.936745e-07, 8.274277e-07, 8.050255e-07
4.270500e-03, -3.685500e-03, 4.314175e-06, 4.400572e-06, 4.273171e-06
4.387500e-03, -3.685500e-03, 1.447947e-05, 1.421412e-05, 1.423584e-05
4.504500e-03, -3.685500e-03, 7.064054e-06, 7.114309e-06, 6.977281e-06
4.621500e-03, -3.685500e-03, 6.857960e-07, 7.019170e-07, 6.953996e-07
4.738500e-03, -3.685500e-03, 1.217750e-05, 1.203808e-05, 1.194216e-05
4.855500e-03, -3.685500e-03, 1.266693e-05, 1.249849e-05, 1.242262e-05
4.972500e-03, -3.685500e-03, 9.599654e-07, 1.007316e-06, 9.750880e-07
5.089500e-03, -3.685500e-03, 6.381904e-06, 6.444361e-06, 6.309156e-06
5.206500e-03, -3.685500e-03, 1.451769e-05, 1.425297e-05, 1.427597e-05
5.323500e-03, -3.685500e-03, 4.952175e-06, 5.035408e-06, 4.901249e-06
5.440500e-03, -3.685500e-03, 5.500000e-07, 5.500000e-07, 5.500000e-07
5.557500e-03, -3.685500e-03, 5.500000e-07, 5.500000e-07, 5.500000e-07
5.674500e-03, -3.685500e-03, 5.500000e-07, 5.500000e-07, 5.500000e-07
5.791500e-03, -3.685500e-03, 5.500000e-07, 5.500000e-07, 5.500000e-07
-5.791500e-03, -3.568500e-03, 2.896463e-06, 3.176153e-06, 2.943927e-06
-5.674500e-03, -3.568500e-03, 1.650000e-05, 1.650000e-05, 1.650000e-05
-5.557500e-03, -3.568500e-03, 1.650000e-05, 1.650000e-05, 1.650000e-05
-5.440500e-03, -3.568500e-03, 1.650000e-05, 1.650000e-05, 1.650000e-05
-5.323500e-03, -3.568500e-03, 1.565904e-05, 1.575811e-05, 1.561735e-05
-5.206500e-03, -3.568500e-03, 1.650000e-05, 1.650000e-05, 1.650000e-05
-5.089500e-03, -3.568500e-03, 1.565214e-05, 1.575664e-05, 1.561707e-05
-4.972500e-03, -3.568500e-03, 1.504641e-05, 1.529462e-05, 1.503386e-05
-4.855500e-03, -3.568500e-03, 1.646300e-05, 1.646340e-05, 1.646569e-05
-4.738500e-03, -3.568500e-03, 1.650000e-05, 1.650000e-05, 1.650000e-05
-4.621500e-03, -3.568500e-03, 1.218962e-05, 1.241276e-05, 1.204988e-05
-4.504500e-03, -3.568500e-03, 1.425866e-05, 1.451907e-05, 1.428085e-05
-4.387500e-03, -3.568500e-03, 1.650000e-05, 1.650000e-05, 1.650000e-05
-4.270500e-03, -3.568500e-03, 1.498810e-05, 1.523917e-05, 1.492578e-05
-4.153500e-03, -3.568500e-03, 1.650000e-05, 1.650000e-05, 1.650000e-05
-4.036500e-03, -3.568500e-03, 1.650000e-05, 1.650000e-05, 1.650000e-05
-3.919500e-03, -3.568500e-03, 1.641679e-05, 1.640587e-05, 1.641141e-05
-3.802500e-03, -3.568500e-03, 1.650000e-05, 1.650000e-05, 1.650000e-05
-3.685500e-03, -3.568500e-03, 1.650000e-05, 1.650000e-05, 1.650000e-05
-3.568500e-03, -3.568500e-03, 7.512518e-06, 8.202120e-06, 7.607948e-06
-3.451500e-03, -3.568500e-03, 1.650000e-05, 1.650000e-05, 1.650000e-05
-3.334500e-03, -3.568500e-03, 1.650000e-05, 1.650000e-05, 1.650000e-05
-3.217500e-03, -3.568500e-03, 1.650000e-05, 1.650000e-05, 1.650000e-05
-3.100500e-03, -3.568500e-03, 1.650000e-05, 1.650000e-05, 1.650000e-05
-2.983500e-03, -3.568500e-03, 1.650000e-05, 1.650000e-05, 1.650000e-05
-2.866500e-03, -3.568500e-03, 1.650000e-05, 1.650000e-05, 1.650000e-05
-2.749500e-03, -3.568500e-03, 1.650000e-05, 1.650000e-05, 1.650000e-05
-2.632500e-03, -3.568500e-03, 1.650000e-05, 1.650000e-05, 1.650000e-05
-2.515500e-03, -3.568500e-03, 1.650000e-05, 1.650000e-05, 1.650000e-05
-2.398500e-03, -3.568500e-03, 1.650000e-05, 1.650000e-05, 1.650000e-05
-2.281500e-03, -3.568500e-03, 1.382095e-05, 1.382095e-05, 1.372463e-05
-2.164500e-03, -3.568500e-03, 1.920866e-06, 1.920866e-06, 1.885977e-06
-2.047500e-03, -3.568500e-03, 4.305753e-06, 4.344828e-06, 4.238816e-06
-1.930500e-03, -3.568500e-03, 1.578005e-05, 1.576266e-05, 1.575499e-05
-1.813500e-03, -3.568500e-03, 1.641806e-05, 1.639691e-05, 1.641078e-05
-1.696500e-03, -3.568500e-03, 1.645556e-05, 1.644449e-05, 1.645195e-05
-1.579500e-03, -3.568500e-03, 1.650000e-05, 1.650000e-05, 1.650000e-05
-1.462500e-03, -3.568500e-03, 1.650000e-05, 1.650000e-05, 1.650000e-05
-1.345500e-03, -3.568500e-03, 1.650000e-05, 1.650000e-05, 1.650000e-05
-1.228500e-03, -3.568500e-03, 1.650000e-05, 1.650000e-05, 1.650000e-05
-1.111500e-03, -3.568500e-03, 1.572142e-05, 1.572142e-05, 1.570085e-05
-9.945000e-04, -3.568500e-03, 9.605232e-06, 9.605232e-06, 9.254145e-06
-8.775000e-04, -3.568500e-03, 1.613975e-05, 1.613975e-05, 1.613515e-05
-7.605000e-04, -3.568500e-03, 1.650000e-05, 1.650000e-05, 1.650000e-05
-6.435000e-04, -3.568500e-03, 7.295341e-06, 7.497502e-06, 7.268953e-06
-5.265000e-04, -3.568500e-03, 9.663004e-06, 9.910506e-06, 9.644921e-06
-4.095000e-04, -3.568500e-03, 1.650000e-05, 1.650000e-05, 1.650000e-05
-2.925000e-04, -3.568500e-03, 1.650000e-05, 1.650000e-05, 1.650000e-05
-1.755000e-04, -3.568500e-03, 5.856134e-06, 6.132463e-06, 5.890987e-06
-5.850000e-05, -3.568500e-03, 6.336800e-06, 6.336800e-06, 6.219654e-06
5.850000e-05, -3.568500e-03, 1.629899e-05, 1.629899e-05, 1.629925e-05
1.755000e-04, -3.568500e-03, 1.650000e-05, 1.650000e-05, 1.650000e-05
2.925000e-04, -3.568500e-03, 1.650000e-05, 1.650000e-05, 1.650000e-05
4.095000e-04, -3.568500e-03, 1.650000e-05, 1.650000e-05, 1.650000e-05
5.265000e-04, -3.568500e-03, 1.650000e-05, 1.650000e-05, 1.650000e-05
6.435000e-04, -3.568500e-03, 1.650000e-05, 1.650000e-05, 1.650000e-05
7.605000e-04, -3.568500e-03, 1.650000e-05, 1.650000e-05, 1.650000e-05
8.775000e-04, -3.568500e-03, 1.650000e-05, 1.650000e-05, 1.650000e-05
9.945000e-04, -3.568500e-03, 1.650000e-05, 1.650000e-05, 1.650000e-05
1.111500e-03, -3.568500e-03, 1.650000e-05, 1.650000e-05, 1.650000e-05
1.228500e-03, -3.568500e-03, 1.650000e-05, 1.650000e-05, 1.650000e-05
1.345500e-03, -3.568500e-03, 1.650000e-05, 1.650000e-05, 1.650000e-05
1.462500e-03, -3.568500e-03, 1.650000e-05, 1.650000e-05, 1.650000e-05
1.579500e-03, -3.568500e-03, 1.650000e-05, 1.650000e-05, 1.650000e-05
1.696500e-03, -3.568500e-03, 1.650000e-05, 1.650000e-05, 1.650000e-05
1.813500e-03, -3.568500e-03, 1.650000e-05, 1.650000e-05, 1.650000e-05
1.930500e-03, -3.568500e-03, 1.650000e-05, 1.650000e-05, 1.650000e-05
2.047500e-03, -3.568500e-03, 1.650000e-05, 1.650000e-05, 1.650000e-05
2.164500e-03, -3.568500e-03, 1.650000e-05, 1.650000e-05, 1.650000e-05
2.281500e-03, -3.568500e-03, 1.650000e-05, 1.650000e-05, 1.650000e-05
2.398500e-03, -3.568500e-03, 1.650000e-05, 1.650000e-05, 1.650000e-05
2.515500e-03, -3.568500e-03, 1.650000e-05, 1.650000e-05, 1.650000e-05
2.632500e-03, -3.568500e-03, 1.650000e-05, 1.650000e-05, 1.650000e-05
2.749500e-03, -3.568500e-03, 1.650000e-05, 1.650000e-05, 1.650000e-05
2.866500e-03, -3.568500e-03, 1.650000e-05, 1.650000e-05, 1.650000e-05
2.983500e-03, -3.568500e-03, 1.650000e-05, 1.650000e-05, 1.650000e-05
3.100500e-03, -3.568500e-03, 1.650000e-05, 1.650000e-05, 1.650000e-05
3.217500e-03, -3.568500e-03, 1.650000e-05, 1.650000e-05, 1.650000e-05
3.334500e-03, -3.568500e-03, 1.622732e-05, 1.622732e-05, 1.622553e-05
3.451500e-03, -3.568500e-03, 5.979183e-06, 5.979183e-06, 5.862306e-06
3.568500e-03, -3.568500e-03, 5.500000e-07, 5.500000e-07, 5.500000e-07
3.685500e-03, -3.568500e-03, 5.500000e-07, 5.500000e-07, 5.500000e-07
3.802500e-03, -3.568500e-03, 5.444017e-06, 5.235248e-06, 5.221410e-06
3.919500e-03, -3.568500e-03, 1.010747e-05, 9.299792e-06, 9.338936e-06
4.036500e-03, -3.568500e-03, 5.616271e-06, 5.181649e-06, 5.276872e-06
4.153500e-03, -3.568500e-03, 7.919449e-07, 8.108340e-07, 8.032334e-07
4.270500e-03, -3.568500e-03, 7.778492e-06, 8.016331e-06, 7.772406e-06
4.387500e-03, -3.568500e-03, 1.650000e-05, 1.650000e-05, 1.650000e-05
4.504500e-03, -3.568500e-03, 1.434964e-05, 1.449788e-05, 1.435400e-05
4.621500e-03, -3.568500e-03, 2.332413e-06, 2.482336e-06, 2.343769e-06
4.738500e-03, -3.568500e-03, 1.612889e-05, 1.613388e-05, 1.612531e-05
4.855500e-03, -3.568500e-03, 1.636007e-05, 1.636660e-05, 1.636455e-05
4.972500e-03, -3.568500e-03, 2.074827e-06, 2.284635e-06, 2.110439e-06
5.089500e-03, -3.568500e-03, 1.038644e-05, 1.062877e-05, 1.036514e-05
5.206500e-03, -3.568500e-03, 1.650000e-05, 1.650000e-05, 1.650000e-05
5.323500e-03, -3.568500e-03, 8.603405e-06, 8.843074e-06, 8.591364e-06
5.440500e-03, -3.568500e-03, 5.500000e-07, 5.500000e-07, 5.500000e-07
5.557500e-03, -3.568500e-03, 5.500000e-07, 5.500000e-07, 5.500000e-07
5.674500e-03, -3.568500e-03, 5.500000e-07, 5.500000e-07, 5.500000e-07
5.791500e-03, -3.568500e-03, 5.500000e-07, 5.500000e-07, 5.500000e-07
-5.791500e-03, -3.451500e-03, 1.854566e-06, 1.986124e-06, 1.878587e-06
-5.674500e-03, -3.451500e-03, 1.544697e-05, 1.544697e-05, 1.541495e-05
-5.557500e-03, -3.451500e-03, 1.650000e-05, 1.650000e-05, 1.650000e-05
-5.440500e-03, -3.451500e-03, 1.650000e-05, 1.650000e-05, 1.650000e-05
-5.323500e-03, -3.451500e-03, 1.650000e-05, 1.650000e-05, 1.650000e-05
-5.206500e-03, -3.451500e-03, 1.579729e-05, 1.568060e-05, 1.560643e-05
-5.089500e-03, -3.451500e-03, 1.650000e-05, 1.650000e-05, 1.650000e-05
-4.972500e-03, -3.451500e-03, 1.650000e-05, 1.650000e-05, 1.650000e-05
-4.855500e-03, -3.451500e-03, 1.357588e-05, 1.363174e-05, 1.333461e-05
-4.738500e-03, -3.451500e-03, 1.298888e-05, 1.275921e-05, 1.271383e-05
-4.621500e-03, -3.451500e-03, 7.789604e-06, 8.149596e-06, 7.802915e-06
-4.504500e-03, -3.451500e-03, 1.572652e-05, 1.577758e-05, 1.572073e-05
-4.387500e-03, -3.451500e-03, 1.375814e-05, 1.343558e-05, 1.341389e-05
-4.270500e-03, -3.451500e-03, 1.641400e-05, 1.640856e-05, 1.641478e-05
-4.153500e-03, -3.451500e-03, 1.650000e-05, 1.650000e-05, 1.650000e-05
-4.036500e-03, -3.451500e-03, 1.650000e-05, 1.650000e-05, 1.650000e-05
-3.919500e-03, -3.451500e-03, 1.650000e-05, 1.650000e-05, 1.650000e-05
-3.802500e-03, -3.451500e-03, 1.650000e-05, 1.650000e-05, 1.650000e-05
-3.685500e-03, -3.451500e-03, 1.650000e-05, 1.650000e-05, 1.650000e-05
-3.568500e-03, -3.451500e-03, 7.558286e-06, 8.255573e-06, 7.657854e-06
-3.451500e-03, -3.451500e-03, 1.650000e-05, 1.650000e-05, 1.650000e-05
-3.334500e-03, -3.451500e-03, 1.650000e-05, 1.650000e-05, 1.650000e-05
-3.217500e-03, -3.451500e-03, 1.650000e-05, 1.650000e-05, 1.650000e-05
-3.100500e-03, -3.451500e-03, 1.650000e-05, 1.650000e-05, 1.650000e-05
-2.983500e-03, -3.451500e-03, 1.650000e-05, 1.650000e-05, 1.650000e-05
-2.866500e-03, -3.451500e-03, 1.650000e-05, 1.650000e-05, 1.650000e-05
-2.749500e-03, -3.451500e-03, 1.650000e-05, 1.650000e-05, 1.650000e-05
-2.632500e-03, -3.451500e-03, 1.650000e-05, 1.650000e-05, 1.650000e-05
-2.515500e-03, -3.451500e-03, 1.650000e-05, 1.650000e-05, 1.650000e-05
-2.398500e-03, -3.451500e-03, 1.650000e-05, 1.650000e-05, 1.650000e-05
-2.281500e-03, -3.451500e-03, 1.650000e-05, 1.650000e-05, 1.650000e-05
-2.164500e-03, -3.451500e-03, 1.382219e-05, 1.382157e-05, 1.372588e-05
-2.047500e-03, -3.451500e-03, 7.531877e-06, 7.225615e-06, 7.273996e-06
-1.930500e-03, -3.451500e-03, 7.531877e-06, 7.225615e-06, 7.273996e-06
-1.813500e-03, -3.451500e-03, 7.531877e-06, 7.225615e-06, 7.273996e-06
-1.696500e-03, -3.451500e-03, 6.470262e-06, 6.342142e-06, 6.234514e-06
-1.579500e-03, -3.451500e-03, 1.307593e-05, 1.287345e-05, 1.281269e-05
-1.462500e-03, -3.451500e-03, 1.418137e-05, 1.386189e-05, 1.391131e-05
-1.345500e-03, -3.451500e-03, 1.418137e-05, 1.386189e-05, 1.391131e-05
-1.228500e-03, -3.451500e-03, 1.498888e-05, 1.478150e-05, 1.481130e-05
-1.111500e-03, -3.451500e-03, 1.650000e-05, 1.650000e-05, 1.650000e-05
-9.945000e-04, -3.451500e-03, 1.572142e-05, 1.572142e-05, 1.570085e-05
-8.775000e-04, -3.451500e-03, 1.050327e-05, 1.013651e-05, 9.973912e-06
-7.605000e-04, -3.451500e-03, 1.127275e-05, 1.060896e-05, 1.067549e-05
-6.435000e-04, -3.451500e-03, 4.914095e-06, 4.629514e-06, 4.679505e-06
-5.265000e-04, -3.451500e-03, 5.750144e-06, 5.448973e-06, 5.468176e-06
-4.095000e-04, -3.451500e-03, 1.153539e-05, 1.078735e-05, 1.088177e-05
-2.925000e-04, -3.451500e-03, 1.120447e-05, 1.049996e-05, 1.057793e-05
-1.755000e-04, -3.451500e-03, 7.832038e-06, 7.738442e-06, 7.646914e-06
-5.850000e-05, -3.451500e-03, 1.629899e-05, 1.629899e-05, 1.629925e-05
5.850000e-05, -3.451500e-03, 1.650000e-05, 1.650000e-05, 1.650000e-05
1.755000e-04, -3.451500e-03, 1.650000e-05, 1.650000e-05, 1.650000e-05
2.925000e-04, -3.451500e-03, 1.650000e-05, 1.650000e-05, 1.650000e-05
4.095000e-04, -3.451500e-03, 1.650000e-05, 1.650000e-05, 1.650000e-05
5.265000e-04, -3.451500e-03, 1.490161e-05, 1.484135e-05, 1.481268e-05
6.435000e-04, -3.451500e-03, 1.650000e-05, 1.650000e-05, 1.650000e-05
7.605000e-04, -3.451500e-03, 1.650000e-05, 1.650000e-05, 1.650000e-05
8.775000e-04, -3.451500e-03, 1.650000e-05, 1.650000e-05, 1.650000e-05
9.945000e-04, -3.451500e-03, 1.480265e-05, 1.478570e-05, 1.474527e-05
1.111500e-03, -3.451500e-03, 1.591058e-05, 1.591058e-05, 1.589756e-05
1.228500e-03, -3.451500e-03, 1.650000e-05, 1.650000e-05, 1.650000e-05
1.345500e-03, -3.451500e-03, 1.650000e-05, 1.650000e-05, 1.650000e-05
1.462500e-03, -3.451500e-03, 1.576725e-05, 1.576725e-05, 1.574855e-05
1.579500e-03, -3.451500e-03, 1.334200e-05, 1.331660e-05, 1.323319e-05
1.696500e-03, -3.451500e-03, 1.650000e-05, 1.650000e-05, 1.650000e-05
1.813500e-03, -3.451500e-03, 1.650000e-05, 1.650000e-05, 1.650000e-05
1.930500e-03, -3.451500e-03, 1.649953e-05, 1.649953e-05, 1.649956e-05
2.047500e-03, -3.451500e-03, 1.349004e-05, 1.343728e-05, 1.336978e-05
2.164500e-03, -3.451500e-03, 1.650000e-05, 1.650000e-05, 1.650000e-05
2.281500e-03, -3.451500e-03, 1.650000e-05, 1.650000e-05, 1.650000e-05
2.398500e-03, -3.451500e-03, 1.650000e-05, 1.650000e-05, 1.650000e-05
2.515500e-03, -3.451500e-03, 1.567230e-05, 1.567230e-05, 1.564971e-05
2.632500e-03, -3.451500e-03, 1.297436e-05, 1.295021e-05, 1.285722e-05
2.749500e-03, -3.451500e-03, 1.650000e-05, 1.650000e-05, 1.650000e-05
2.866500e-03, -3.451500e-03, 1.650000e-05, 1.650000e-05, 1.650000e-05
2.983500e-03, -3.451500e-03, 1.279665e-05, 1.276831e-05, 1.266793e-05
3.100500e-03, -3.451500e-03, 1.635288e-05, 1.635288e-05, 1.635434e-05
3.217500e-03, -3.451500e-03, 1.650000e-05, 1.650000e-05, 1.650000e-05
3.334500e-03, -3.451500e-03, 1.650000e-05, 1.650000e-05, 1.650000e-05
3.451500e-03, -3.451500e-03, 1.622732e-05, 1.622732e-05, 1.622553e-05
3.568500e-03, -3.451500e-03, 5.979183e-06, 5.979183e-06, 5.862306e-06
3.685500e-03, -3.451500e-03, 5.500000e-07, 5.500000e-07, 5.500000e-07
3.802500e-03, -3.451500e-03, 3.022982e-06, 3.018743e-06, 2.854366e-06
3.919500e-03, -3.451500e-03, 2.996919e-06, 2.979211e-06, 2.907692e-06
4.036500e-03, -3.451500e-03, 5.781805e-06, 5.254693e-06, 5.200259e-06
4.153500e-03, -3.451500e-03, 6.325915e-07, 6.362128e-07, 6.373841e-07
4.270500e-03, -3.451500e-03, 8.882825e-07, 8.882825e-07, 8.868771e-07
4.387500e-03, -3.451500e-03, 6.597700e-06, 6.358504e-06, 6.360025e-06
4.504500e-03, -3.451500e-03, 1.533600e-05, 1.533774e-05, 1.530016e-05
4.621500e-03, -3.451500e-03, 1.315743e-05, 1.313521e-05, 1.303708e-05
4.738500e-03, -3.451500e-03, 4.747600e-06, 4.616127e-06, 4.578055e-06
4.855500e-03, -3.451500e-03, 4.405318e-06, 4.204794e-06, 4.218059e-06
4.972500e-03, -3.451500e-03, 5.500000e-07, 5.500000e-07, 5.500000e-07
5.089500e-03, -3.451500e-03, 1.553429e-06, 1.536272e-06, 1.527730e-06
5.206500e-03, -3.451500e-03, 5.911143e-06, 5.653045e-06, 5.686144e-06
5.323500e-03, -3.451500e-03, 1.080877e-06, 1.080095e-06, 1.074148e-06
5.440500e-03, -3.451500e-03, 5.500000e-07, 5.500000e-07, 5.500000e-07
5.557500e-03, -3.451500e-03, 5.500000e-07, 5.500000e-07, 5.500000e-07
5.674500e-03, -3.451500e-03, 5.500000e-07, 5.500000e-07, 5.500000e-07
5.791500e-03, -3.451500e-03, 5.500000e-07, 5.500000e-07, 5.500000e-07
-5.791500e-03, -3.334500e-03, 5.500000e-07, 5.500000e-07, 5.500000e-07
-5.674500e-03, -3.334500e-03, 5.100136e-06, 4.875942e-06, 4.864350e-06
-5.557500e-03, -3.334500e-03, 1.302576e-05, 1.258558e-05, 1.261131e-05
-5.440500e-03, -3.334500e-03, 1.403121e-05, 1.427920e-05, 1.401637e-05
-5.323500e-03, -3.334500e-03, 1.550228e-05, 1.556908e-05, 1.548085e-05
-5.206500e-03, -3.334500e-03, 1.578859e-05, 1.562834e-05, 1.568309e-05
-5.089500e-03, -3.334500e-03, 1.522963e-05, 1.520885e-05, 1.508414e-05
-4.972500e-03, -3.334500e-03, 1.650000e-05, 1.650000e-05, 1.650000e-05
-4.855500e-03, -3.334500e-03, 1.381015e-05, 1.417191e-05, 1.384926e-05
-4.738500e-03, -3.334500e-03, 1.420291e-05, 1.398104e-05, 1.395932e-05
-4.621500e-03, -3.334500e-03, 4.736678e-06, 4.841914e-06, 4.696020e-06
-4.504500e-03, -3.334500e-03, 5.394949e-06, 4.998792e-06, 5.013916e-06
-4.387500e-03, -3.334500e-03, 1.424562e-05, 1.389203e-05, 1.393607e-05
-4.270500e-03, -3.334500e-03, 1.549967e-05, 1.541614e-05, 1.540146e-05
-4.153500e-03, -3.334500e-03, 1.650000e-05, 1.650000e-05, 1.650000e-05
-4.036500e-03, -3.334500e-03, 1.620347e-05, 1.620702e-05, 1.620480e-05
-3.919500e-03, -3.334500e-03, 8.917456e-06, 8.967945e-06, 8.745160e-06
-3.802500e-03, -3.334500e-03, 1.599089e-05, 1.599613e-05, 1.598693e-05
-3.685500e-03, -3.334500e-03, 1.650000e-05, 1.650000e-05, 1.650000e-05
-3.568500e-03, -3.334500e-03, 7.558286e-06, 8.255573e-06, 7.657854e-06
-3.451500e-03, -3.334500e-03, 1.650000e-05, 1.650000e-05, 1.650000e-05
-3.334500e-03, -3.334500e-03, 1.277960e-05, 1.278259e-05, 1.260777e-05
-3.217500e-03, -3.334500e-03, 9.865242e-06, 9.480925e-06, 9.528280e-06
-3.100500e-03, -3.334500e-03, 9.802045e-06, 9.377462e-06, 9.472114e-06
-2.983500e-03, -3.334500e-03, 9.802045e-06, 9.377462e-06, 9.472114e-06
-2.866500e-03, -3.334500e-03, 9.802045e-06, 9.377462e-06, 9.472114e-06
-2.749500e-03, -3.334500e-03, 9.214735e-06, 8.902838e-06, 8.902959e-06
-2.632500e-03, -3.334500e-03, 1.201944e-05, 1.201944e-05, 1.187333e-05
-2.515500e-03, -3.334500e-03, 1.650000e-05, 1.650000e-05, 1.650000e-05
-2.398500e-03, -3.334500e-03, 1.650000e-05, 1.650000e-05, 1.650000e-05
-2.281500e-03, -3.334500e-03, 1.650000e-05, 1.650000e-05, 1.650000e-05
-2.164500e-03, -3.334500e-03, 1.650000e-05, 1.650000e-05, 1.650000e-05
-2.047500e-03, -3.334500e-03, 1.650000e-05, 1.650000e-05, 1.650000e-05
-1.930500e-03, -3.334500e-03, 1.650000e-05, 1.650000e-05, 1.650000e-05
-1.813500e-03, -3.334500e-03, 1.650000e-05, 1.650000e-05, 1.650000e-05
-1.696500e-03, -3.334500e-03, 1.617636e-05, 1.617636e-05, 1.617299e-05
-1.579500e-03, -3.334500e-03, 1.271606e-05, 1.238975e-05, 1.244170e-05
-1.462500e-03, -3.334500e-03, 1.269528e-05, 1.236654e-05, 1.241854e-05
-1.345500e-03, -3.334500e-03, 1.269528e-05, 1.236654e-05, 1.241854e-05
-1.228500e-03, -3.334500e-03, 9.530841e-06, 9.471634e-06, 9.347947e-06
-1.111500e-03, -3.334500e-03, 1.238935e-05, 1.238935e-05, 1.225893e-05
-9.945000e-04, -3.334500e-03, 1.650000e-05, 1.650000e-05, 1.650000e-05
-8.775000e-04, -3.334500e-03, 1.650000e-05, 1.650000e-05, 1.650000e-05
-7.605000e-04, -3.334500e-03, 1.650000e-05, 1.650000e-05, 1.650000e-05
-6.435000e-04, -3.334500e-03, 1.650000e-05, 1.650000e-05, 1.650000e-05
-5.265000e-04, -3.334500e-03, 1.650000e-05, 1.650000e-05, 1.650000e-05
-4.095000e-04, -3.334500e-03, 1.650000e-05, 1.650000e-05, 1.650000e-05
-2.925000e-04, -3.334500e-03, 1.650000e-05, 1.650000e-05, 1.650000e-05
-1.755000e-04, -3.334500e-03, 1.650000e-05, 1.650000e-05, 1.650000e-05
-5.850000e-05, -3.334500e-03, 1.528130e-05, 1.528130e-05, 1.524225e-05
5.850000e-05, -3.334500e-03, 1.387262e-05, 1.385395e-05, 1.378218e-05
1.755000e-04, -3.334500e-03, 1.650000e-05, 1.650000e-05, 1.650000e-05
2.925000e-04, -3.334500e-03, 1.650000e-05, 1.650000e-05, 1.650000e-05
4.095000e-04, -3.334500e-03, 1.480866e-05, 1.486947e-05, 1.477907e-05
5.265000e-04, -3.334500e-03, 5.495786e-06, 5.495773e-06, 5.310467e-06
6.435000e-04, -3.334500e-03, 1.648404e-05, 1.648578e-05, 1.648626e-05
7.605000e-04, -3.334500e-03, 1.650000e-05, 1.650000e-05, 1.650000e-05
8.775000e-04, -3.334500e-03, 1.650000e-05, 1.650000e-05, 1.650000e-05
9.945000e-04, -3.334500e-03, 8.944718e-06, 8.919896e-06, 8.767128e-06
1.111500e-03, -3.334500e-03, 1.209408e-05, 1.210797e-05, 1.197414e-05
1.228500e-03, -3.334500e-03, 1.650000e-05, 1.650000e-05, 1.650000e-05
1.345500e-03, -3.334500e-03, 1.650000e-05, 1.650000e-05, 1.650000e-05
1.462500e-03, -3.334500e-03, 1.362699e-05, 1.365213e-05, 1.355264e-05
1.579500e-03, -3.334500e-03, 8.999109e-06, 9.001228e-06, 8.850287e-06
1.696500e-03, -3.334500e-03, 1.650000e-05, 1.650000e-05, 1.650000e-05
1.813500e-03, -3.334500e-03, 1.650000e-05, 1.650000e-05, 1.650000e-05
1.930500e-03, -3.334500e-03, 1.561884e-05, 1.565175e-05, 1.561249e-05
2.047500e-03, -3.334500e-03, 6.336021e-06, 6.369232e-06, 6.128930e-06
2.164500e-03, -3.334500e-03, 1.626356e-05, 1.628353e-05, 1.626906e-05
2.281500e-03, -3.334500e-03, 1.650000e-05, 1.650000e-05, 1.650000e-05
2.398500e-03, -3.334500e-03, 1.650000e-05, 1.650000e-05, 1.650000e-05
2.515500e-03, -3.334500e-03, 1.385916e-05, 1.388247e-05, 1.379152e-05
2.632500e-03, -3.334500e-03, 9.226505e-06, 9.231475e-06, 9.085811e-06
2.749500e-03, -3.334500e-03, 1.650000e-05, 1.650000e-05, 1.650000e-05
2.866500e-03, -3.334500e-03, 1.646301e-05, 1.646690e-05, 1.646684e-05
2.983500e-03, -3.334500e-03, 7.478902e-06, 7.521237e-06, 7.297435e-06
3.100500e-03, -3.334500e-03, 1.512357e-05, 1.514547e-05, 1.509468e-05
3.217500e-03, -3.334500e-03, 1.650000e-05, 1.650000e-05, 1.650000e-05
3.334500e-03, -3.334500e-03, 1.650000e-05, 1.650000e-05, 1.650000e-05
3.451500e-03, -3.334500e-03, 1.650000e-05, 1.650000e-05, 1.650000e-05
3.568500e-03, -3.334500e-03, 1.622732e-05, 1.622732e-05, 1.622553e-05
3.685500e-03, -3.334500e-03, 2.050055e-06, 2.264623e-06, 2.087371e-06
3.802500e-03, -3.334500e-03, 5.195128e-06, 5.188849e-06, 4.891747e-06
3.919500e-03, -3.334500e-03, 4.987901e-06, 5.068277e-06, 4.748924e-06
4.036500e-03, -3.334500e-03, 4.364608e-06, 4.469480e-06, 4.196477e-06
4.153500e-03, -3.334500e-03, 1.082392e-06, 1.157381e-06, 1.104133e-06
4.270500e-03, -3.334500e-03, 1.414235e-06, 1.414235e-06, 1.396729e-06
4.387500e-03, -3.334500e-03, 7.806588e-06, 7.537578e-06, 7.557079e-06
4.504500e-03, -3.334500e-03, 6.087399e-06, 6.079153e-06, 5.881509e-06
4.621500e-03, -3.334500e-03, 1.410436e-05, 1.386557e-05, 1.384752e-05
4.738500e-03, -3.334500e-03, 7.639154e-06, 7.633006e-06, 7.423826e-06
4.855500e-03, -3.334500e-03, 5.931633e-06, 5.755664e-06, 5.747025e-06
4.972500e-03, -3.334500e-03, 5.500000e-07, 5.500000e-07, 5.500000e-07
5.089500e-03, -3.334500e-03, 2.402309e-06, 2.382614e-06, 2.349059e-06
5.206500e-03, -3.334500e-03, 7.847726e-06, 7.577744e-06, 7.597543e-06
5.323500e-03, -3.334500e-03, 1.710043e-06, 1.709101e-06, 1.682576e-06
5.440500e-03, -3.334500e-03, 5.837910e-07, 5.837910e-07, 5.863524e-07
5.557500e-03, -3.334500e-03, 6.788724e-06, 6.579993e-06, 6.574221e-06
5.674500e-03, -3.334500e-03, 4.616371e-06, 4.495304e-06, 4.469444e-06
5.791500e-03, -3.334500e-03, 5.500000e-07, 5.500000e-07, 5.500000e-07
-5.791500e-03, -3.217500e-03, 5.683222e-07, 5.725638e-07, 5.717820e-07
-5.674500e-03, -3.217500e-03, 1.559467e-05, 1.570725e-05, 1.561975e-05
-5.557500e-03, -3.217500e-03, 1.650000e-05, 1.650000e-05, 1.650000e-05
-5.440500e-03, -3.217500e-03, 1.279825e-05, 1.344936e-05, 1.287261e-05
-5.323500e-03, -3.217500e-03, 1.508443e-05, 1.532225e-05, 1.510792e-05
-5.206500e-03, -3.217500e-03, 1.650000e-05, 1.650000e-05, 1.650000e-05
-5.089500e-03, -3.217500e-03, 1.545685e-05, 1.561891e-05, 1.551506e-05
-4.972500e-03, -3.217500e-03, 1.650000e-05, 1.650000e-05, 1.650000e-05
-4.855500e-03, -3.217500e-03, 1.514320e-05, 1.525832e-05, 1.515005e-05
-4.738500e-03, -3.217500e-03, 1.390765e-05, 1.339002e-05, 1.340997e-05
-4.621500e-03, -3.217500e-03, 1.250227e-05, 1.205515e-05, 1.197384e-05
-4.504500e-03, -3.217500e-03, 1.536765e-05, 1.542651e-05, 1.536616e-05
-4.387500e-03, -3.217500e-03, 1.650000e-05, 1.650000e-05, 1.650000e-05
-4.270500e-03, -3.217500e-03, 1.513567e-05, 1.540965e-05, 1.521496e-05
-4.153500e-03, -3.217500e-03, 1.650000e-05, 1.650000e-05, 1.650000e-05
-4.036500e-03, -3.217500e-03, 1.643349e-05, 1.643349e-05, 1.643599e-05
-3.919500e-03, -3.217500e-03, 1.081992e-05, 1.083607e-05, 1.067875e-05
-3.802500e-03, -3.217500e-03, 1.632793e-05, 1.632793e-05, 1.632886e-05
-3.685500e-03, -3.217500e-03, 1.650000e-05, 1.650000e-05, 1.650000e-05
-3.568500e-03, -3.217500e-03, 7.558286e-06, 8.255573e-06, 7.657854e-06
-3.451500e-03, -3.217500e-03, 1.650000e-05, 1.650000e-05, 1.650000e-05
-3.334500e-03, -3.217500e-03, 1.232599e-05, 1.300634e-05, 1.241329e-05
-3.217500e-03, -3.217500e-03, 1.650000e-05, 1.650000e-05, 1.650000e-05
-3.100500e-03, -3.217500e-03, 1.650000e-05, 1.650000e-05, 1.650000e-05
-2.983500e-03, -3.217500e-03, 1.650000e-05, 1.650000e-05, 1.650000e-05
-2.866500e-03, -3.217500e-03, 1.650000e-05, 1.650000e-05, 1.650000e-05
-2.749500e-03, -3.217500e-03, 1.650000e-05, 1.650000e-05, 1.650000e-05
-2.632500e-03, -3.217500e-03, 8.751659e-06, 9.363531e-06, 8.795036e-06
-2.515500e-03, -3.217500e-03, 1.645186e-05, 1.645186e-05, 1.645429e-05
-2.398500e-03, -3.217500e-03, 1.650000e-05, 1.650000e-05, 1.650000e-05
-2.281500e-03, -3.217500e-03, 1.650000e-05, 1.650000e-05, 1.650000e-05
-2.164500e-03, -3.217500e-03, 1.650000e-05, 1.650000e-05, 1.650000e-05
-2.047500e-03, -3.217500e-03, 1.650000e-05, 1.650000e-05, 1.650000e-05
-1.930500e-03, -3.217500e-03, 1.650000e-05, 1.650000e-05, 1.650000e-05
-1.813500e-03, -3.217500e-03, 1.650000e-05, 1.650000e-05, 1.650000e-05
-1.696500e-03, -3.217500e-03, 1.650000e-05, 1.650000e-05, 1.650000e-05
-1.579500e-03, -3.217500e-03, 1.650000e-05, 1.650000e-05, 1.650000e-05
-1.462500e-03, -3.217500e-03, 1.650000e-05, 1.650000e-05, 1.650000e-05
-1.345500e-03, -3.217500e-03, 1.650000e-05, 1.650000e-05, 1.650000e-05
-1.228500e-03, -3.217500e-03, 1.650000e-05, 1.650000e-05, 1.650000e-05
-1.111500e-03, -3.217500e-03, 1.029743e-05, 1.029743e-05, 1.015000e-05
-9.945000e-04, -3.217500e-03, 1.238935e-05, 1.238935e-05, 1.225893e-05
-8.775000e-04, -3.217500e-03, 1.650000e-05, 1.650000e-05, 1.650000e-05
-7.605000e-04, -3.217500e-03, 1.650000e-05, 1.650000e-05, 1.650000e-05
-6.435000e-04, -3.217500e-03, 1.650000e-05, 1.650000e-05, 1.650000e-05
-5.265000e-04, -3.217500e-03, 1.650000e-05, 1.650000e-05, 1.650000e-05
-4.095000e-04, -3.217500e-03, 1.650000e-05, 1.650000e-05, 1.650000e-05
-2.925000e-04, -3.217500e-03, 1.650000e-05, 1.650000e-05, 1.650000e-05
-1.755000e-04, -3.217500e-03, 1.650000e-05, 1.650000e-05, 1.650000e-05
-5.850000e-05, -3.217500e-03, 1.259121e-05, 1.261375e-05, 1.249200e-05
5.850000e-05, -3.217500e-03, 9.995846e-06, 9.993983e-06, 9.868292e-06
1.755000e-04, -3.217500e-03, 1.650000e-05, 1.650000e-05, 1.650000e-05
2.925000e-04, -3.217500e-03, 1.650000e-05, 1.650000e-05, 1.650000e-05
4.095000e-04, -3.217500e-03, 1.650000e-05, 1.650000e-05, 1.650000e-05
5.265000e-04, -3.217500e-03, 1.648285e-05, 1.648071e-05, 1.648327e-05
6.435000e-04, -3.217500e-03, 1.650000e-05, 1.650000e-05, 1.650000e-05
7.605000e-04, -3.217500e-03, 1.650000e-05, 1.650000e-05, 1.650000e-05
8.775000e-04, -3.217500e-03, 1.650000e-05, 1.650000e-05, 1.650000e-05
9.945000e-04, -3.217500e-03, 1.650000e-05, 1.650000e-05, 1.650000e-05
1.111500e-03, -3.217500e-03, 1.650000e-05, 1.650000e-05, 1.650000e-05
1.228500e-03, -3.217500e-03, 1.650000e-05, 1.650000e-05, 1.650000e-05
1.345500e-03, -3.217500e-03, 1.650000e-05, 1.650000e-05, 1.650000e-05
1.462500e-03, -3.217500e-03, 1.650000e-05, 1.650000e-05, 1.650000e-05
1.579500e-03, -3.217500e-03, 1.650000e-05, 1.650000e-05, 1.650000e-05
1.696500e-03, -3.217500e-03, 1.650000e-05, 1.650000e-05, 1.650000e-05
1.813500e-03, -3.217500e-03, 1.650000e-05, 1.650000e-05, 1.650000e-05
1.930500e-03, -3.217500e-03, 1.650000e-05, 1.650000e-05, 1.650000e-05
2.047500e-03, -3.217500e-03, 1.650000e-05, 1.650000e-05, 1.650000e-05
2.164500e-03, -3.217500e-03, 1.650000e-05, 1.650000e-05, 1.650000e-05
2.281500e-03, -3.217500e-03, 1.650000e-05, 1.650000e-05, 1.650000e-05
2.398500e-03, -3.217500e-03, 1.650000e-05, 1.650000e-05, 1.650000e-05
2.515500e-03, -3.217500e-03, 1.650000e-05, 1.650000e-05, 1.650000e-05
2.632500e-03, -3.217500e-03, 1.650000e-05, 1.650000e-05, 1.650000e-05
2.749500e-03, -3.217500e-03, 1.650000e-05, 1.650000e-05, 1.650000e-05
2.866500e-03, -3.217500e-03, 1.650000e-05, 1.650000e-05, 1.650000e-05
2.983500e-03, -3.217500e-03, 1.650000e-05, 1.650000e-05, 1.650000e-05
3.100500e-03, -3.217500e-03, 1.650000e-05, 1.650000e-05, 1.650000e-05
3.217500e-03, -3.217500e-03, 1.607660e-05, 1.607660e-05, 1.606982e-05
3.334500e-03, -3.217500e-03, 1.557798e-05, 1.557026e-05, 1.555254e-05
3.451500e-03, -3.217500e-03, 1.650000e-05, 1.650000e-05, 1.650000e-05
3.568500e-03, -3.217500e-03, 1.650000e-05, 1.650000e-05, 1.650000e-05
3.685500e-03, -3.217500e-03, 2.548954e-06, 2.826720e-06, 2.597203e-06
3.802500e-03, -3.217500e-03, 4.250103e-06, 3.775646e-06, 3.702549e-06
3.919500e-03, -3.217500e-03, 5.569840e-06, 4.922355e-06, 4.971981e-06
4.036500e-03, -3.217500e-03, 2.916706e-06, 2.675809e-06, 2.705264e-06
4.153500e-03, -3.217500e-03, 5.500000e-07, 5.500000e-07, 5.500000e-07
4.270500e-03, -3.217500e-03, 8.156540e-06, 8.423284e-06, 8.168191e-06
4.387500e-03, -3.217500e-03, 1.650000e-05, 1.650000e-05, 1.650000e-05
4.504500e-03, -3.217500e-03, 1.247533e-05, 1.271992e-05, 1.248258e-05
4.621500e-03, -3.217500e-03, 1.552241e-06, 1.739342e-06, 1.593540e-06
4.738500e-03, -3.217500e-03, 1.641244e-05, 1.641615e-05, 1.641623e-05
4.855500e-03, -3.217500e-03, 1.648282e-05, 1.648282e-05, 1.648448e-05
4.972500e-03, -3.217500e-03, 2.268222e-06, 2.508640e-06, 2.313114e-06
5.089500e-03, -3.217500e-03, 1.077275e-05, 1.104645e-05, 1.077398e-05
5.206500e-03, -3.217500e-03, 1.650000e-05, 1.650000e-05, 1.650000e-05
5.323500e-03, -3.217500e-03, 8.979278e-06, 9.248524e-06, 8.986897e-06
5.440500e-03, -3.217500e-03, 4.032980e-06, 4.278642e-06, 4.072679e-06
5.557500e-03, -3.217500e-03, 1.650000e-05, 1.650000e-05, 1.650000e-05
5.674500e-03, -3.217500e-03, 1.559467e-05, 1.570725e-05, 1.561975e-05
5.791500e-03, -3.217500e-03, 5.683222e-07, 5.725638e-07, 5.717820e-07
-5.791500e-03, -3.100500e-03, 5.500000e-07, 5.500000e-07, 5.500000e-07
-5.674500e-03, -3.100500e-03, 8.861810e-06, 8.789288e-06, 8.683598e-06
-5.557500e-03, -3.100500e-03, 1.161099e-05, 1.139895e-05, 1.135183e-05
-5.440500e-03, -3.100500e-03, 1.151503e-05, 1.187019e-05, 1.155652e-05
-5.323500e-03, -3.100500e-03, 1.603006e-05, 1.604663e-05, 1.603898e-05
-5.206500e-03, -3.100500e-03, 1.519396e-05, 1.513431e-05, 1.509790e-05
-5.089500e-03, -3.100500e-03, 1.345287e-05, 1.392044e-05, 1.348086e-05
-4.972500e-03, -3.100500e-03, 1.650000e-05, 1.650000e-05, 1.650000e-05
-4.855500e-03, -3.100500e-03, 1.539006e-05, 1.550001e-05, 1.540331e-05
-4.738500e-03, -3.100500e-03, 1.365497e-05, 1.324526e-05, 1.321271e-05
-4.621500e-03, -3.100500e-03, 1.386968e-05, 1.402627e-05, 1.375546e-05
-4.504500e-03, -3.100500e-03, 1.458035e-05, 1.454792e-05, 1.442982e-05
-4.387500e-03, -3.100500e-03, 1.488959e-05, 1.457865e-05, 1.461892e-05
-4.270500e-03, -3.100500e-03, 1.499932e-05, 1.503636e-05, 1.488798e-05
-4.153500e-03, -3.100500e-03, 1.650000e-05, 1.650000e-05, 1.650000e-05
-4.036500e-03, -3.100500e-03, 1.650000e-05, 1.650000e-05, 1.650000e-05
-3.919500e-03, -3.100500e-03, 1.650000e-05, 1.650000e-05, 1.650000e-05
-3.802500e-03, -3.100500e-03, 1.650000e-05, 1.650000e-05, 1.650000e-05
-3.685500e-03, -3.100500e-03, 1.650000e-05, 1.650000e-05, 1.650000e-05
-3.568500e-03, -3.100500e-03, 8.509985e-06, 9.117716e-06, 8.479707e-06
-3.451500e-03, -3.100500e-03, 1.650000e-05, 1.650000e-05, 1.650000e-05
-3.334500e-03, -3.100500e-03, 1.235719e-05, 1.246320e-05, 1.213310e-05
-3.217500e-03, -3.100500e-03, 1.579754e-05, 1.580412e-05, 1.578592e-05
-3.100500e-03, -3.100500e-03, 1.650000e-05, 1.650000e-05, 1.650000e-05
-2.983500e-03, -3.100500e-03, 1.102625e-05, 1.103141e-05, 1.088888e-05
-2.866500e-03, -3.100500e-03, 1.576725e-05, 1.576725e-05, 1.574855e-05
-2.749500e-03, -3.100500e-03, 1.650000e-05, 1.650000e-05, 1.650000e-05
-2.632500e-03, -3.100500e-03, 1.462940e-05, 1.462940e-05, 1.456306e-05
-2.515500e-03, -3.100500e-03, 9.198396e-06, 8.648319e-06, 8.608687e-06
-2.398500e-03, -3.100500e-03, 9.851209e-06, 9.101145e-06, 9.204391e-06
-2.281500e-03, -3.100500e-03, 9.851209e-06, 9.101145e-06, 9.204391e-06
-2.164500e-03, -3.100500e-03, 9.824941e-06, 9.078202e-06, 9.180503e-06
-2.047500e-03, -3.100500e-03, 1.261814e-05, 1.260375e-05, 1.248905e-05
-1.930500e-03, -3.100500e-03, 1.650000e-05, 1.650000e-05, 1.650000e-05
-1.813500e-03, -3.100500e-03, 1.650000e-05, 1.650000e-05, 1.650000e-05
-1.696500e-03, -3.100500e-03, 1.650000e-05, 1.650000e-05, 1.650000e-05
-1.579500e-03, -3.100500e-03, 1.650000e-05, 1.650000e-05, 1.650000e-05
-1.462500e-03, -3.100500e-03, 1.650000e-05, 1.650000e-05, 1.650000e-05
-1.345500e-03, -3.100500e-03, 1.650000e-05, 1.650000e-05, 1.650000e-05
-1.228500e-03, -3.100500e-03, 1.650000e-05, 1.650000e-05, 1.650000e-05
-1.111500e-03, -3.100500e-03, 1.650000e-05, 1.650000e-05, 1.650000e-05
-9.945000e-04, -3.100500e-03, 1.029743e-05, 1.029743e-05, 1.015000e-05
-8.775000e-04, -3.100500e-03, 1.185781e-05, 1.177254e-05, 1.164910e-05
-7.605000e-04, -3.100500e-03, 1.487230e-05, 1.457453e-05, 1.462362e-05
-6.435000e-04, -3.100500e-03, 1.487230e-05, 1.457453e-05, 1.462362e-05
-5.265000e-04, -3.100500e-03, 1.487230e-05, 1.457453e-05, 1.462362e-05
-4.095000e-04, -3.100500e-03, 1.487230e-05, 1.457453e-05, 1.462362e-05
-2.925000e-04, -3.100500e-03, 1.487230e-05, 1.457453e-05, 1.462362e-05
-1.755000e-04, -3.100500e-03, 1.487230e-05, 1.457453e-05, 1.462362e-05
-5.850000e-05, -3.100500e-03, 1.487230e-05, 1.457453e-05, 1.462362e-05
5.850000e-05, -3.100500e-03, 1.487230e-05, 1.457453e-05, 1.462362e-05
1.755000e-04, -3.100500e-03, 1.487230e-05, 1.457453e-05, 1.462362e-05
2.925000e-04, -3.100500e-03, 1.487230e-05, 1.457453e-05, 1.462362e-05
4.095000e-04, -3.100500e-03, 1.487230e-05, 1.457453e-05, 1.462362e-05
5.265000e-04, -3.100500e-03, 1.487230e-05, 1.457453e-05, 1.462362e-05
6.435000e-04, -3.100500e-03, 1.487230e-05, 1.457453e-05, 1.462362e-05
7.605000e-04, -3.100500e-03, 1.487230e-05, 1.457453e-05, 1.462362e-05
8.775000e-04, -3.100500e-03, 1.487230e-05, 1.457453e-05, 1.462362e-05
9.945000e-04, -3.100500e-03, 1.487230e-05, 1.457453e-05, 1.462362e-05
1.111500e-03, -3.100500e-03, 1.487230e-05, 1.457453e-05, 1.462362e-05
1.228500e-03, -3.100500e-03, 1.487230e-05, 1.457453e-05, 1.462362e-05
1.345500e-03, -3.100500e-03, 1.487230e-05, 1.457453e-05, 1.462362e-05
1.462500e-03, -3.100500e-03, 1.487230e-05, 1.457453e-05, 1.462362e-05
1.579500e-03, -3.100500e-03, 1.487230e-05, 1.457453e-05, 1.462362e-05
1.696500e-03, -3.100500e-03, 1.487230e-05, 1.457453e-05, 1.462362e-05
1.813500e-03, -3.100500e-03, 1.487230e-05, 1.457453e-05, 1.462362e-05
1.930500e-03, -3.100500e-03, 1.487230e-05, 1.457453e-05, 1.462362e-05
2.047500e-03, -3.100500e-03, 1.487230e-05, 1.457453e-05, 1.462362e-05
2.164500e-03, -3.100500e-03, 1.487230e-05, 1.457453e-05, 1.462362e-05
2.281500e-03, -3.100500e-03, 1.487230e-05, 1.457453e-05, 1.462362e-05
2.398500e-03, -3.100500e-03, 1.487230e-05, 1.457453e-05, 1.462362e-05
2.515500e-03, -3.100500e-03, 1.487230e-05, 1.457453e-05, 1.462362e-05
2.632500e-03, -3.100500e-03, 1.487230e-05, 1.457453e-05, 1.462362e-05
2.749500e-03, -3.100500e-03, 1.635983e-05, 1.635941e-05, 1.636138e-05
2.866500e-03, -3.100500e-03, 1.650000e-05, 1.650000e-05, 1.650000e-05
2.983500e-03, -3.100500e-03, 1.650000e-05, 1.650000e-05, 1.650000e-05
3.100500e-03, -3.100500e-03, 1.650000e-05, 1.650000e-05, 1.650000e-05
3.217500e-03, -3.100500e-03, 1.103920e-05, 1.102994e-05, 1.089352e-05
3.334500e-03, -3.100500e-03, 9.128948e-06, 9.088162e-06, 8.928409e-06
3.451500e-03, -3.100500e-03, 1.650000e-05, 1.650000e-05, 1.650000e-05
3.568500e-03, -3.100500e-03, 1.650000e-05, 1.650000e-05, 1.650000e-05
3.685500e-03, -3.100500e-03, 2.548954e-06, 2.826720e-06, 2.597203e-06
3.802500e-03, -3.100500e-03, 4.056859e-06, 3.679647e-06, 3.682306e-06
3.919500e-03, -3.100500e-03, 5.668830e-06, 4.936807e-06, 4.981176e-06
4.036500e-03, -3.100500e-03, 6.253089e-06, 5.845500e-06, 5.898997e-06
4.153500e-03, -3.100500e-03, 7.921166e-07, 8.089733e-07, 8.029639e-07
4.270500e-03, -3.100500e-03, 3.412275e-06, 3.458780e-06, 3.367113e-06
4.387500e-03, -3.100500e-03, 1.294030e-05, 1.264796e-05, 1.267176e-05
4.504500e-03, -3.100500e-03, 1.638596e-05, 1.638427e-05, 1.638715e-05
4.621500e-03, -3.100500e-03, 1.089493e-05, 1.083559e-05, 1.072803e-05
4.738500e-03, -3.100500e-03, 1.081780e-05, 1.065252e-05, 1.057016e-05
4.855500e-03, -3.100500e-03, 1.075009e-05, 1.058458e-05, 1.051337e-05
4.972500e-03, -3.100500e-03, 7.605880e-07, 7.817339e-07, 7.713567e-07
5.089500e-03, -3.100500e-03, 5.173306e-06, 5.198019e-06, 5.093712e-06
5.206500e-03, -3.100500e-03, 1.265180e-05, 1.236454e-05, 1.237182e-05
5.323500e-03, -3.100500e-03, 5.150156e-06, 5.140126e-06, 5.021821e-06
5.440500e-03, -3.100500e-03, 3.817420e-06, 3.706086e-06, 3.680086e-06
5.557500e-03, -3.100500e-03, 1.161099e-05, 1.139895e-05, 1.135183e-05
5.674500e-03, -3.100500e-03, 8.861810e-06, 8.789288e-06, 8.683598e-06
5.791500e-03, -3.100500e-03, 5.500000e-07, 5.500000e-07, 5.500000e-07
-5.791500e-03, -2.983500e-03, 5.500000e-07, 5.500000e-07, 5.500000e-07
-5.674500e-03, -2.983500e-03, 6.316178e-07, 6.236839e-07, 6.304517e-07
-5.557500e-03, -2.983500e-03, 9.833604e-07, 9.240420e-07, 9.444281e-07
-5.440500e-03, -2.983500e-03, 1.098115e-05, 1.130498e-05, 1.103185e-05
-5.323500e-03, -2.983500e-03, 1.650000e-05, 1.650000e-05, 1.650000e-05
-5.206500e-03, -2.983500e-03, 1.392178e-05, 1.355795e-05, 1.353159e-05
-5.089500e-03, -2.983500e-03, 1.479925e-05, 1.457519e-05, 1.457123e-05
-4.972500e-03, -2.983500e-03, 1.434082e-05, 1.443661e-05, 1.425920e-05
-4.855500e-03, -2.983500e-03, 1.167286e-05, 1.121949e-05, 1.123868e-05
-4.738500e-03, -2.983500e-03, 1.184663e-05, 1.167143e-05, 1.157422e-05
-4.621500e-03, -2.983500e-03, 1.139434e-05, 1.137898e-05, 1.107983e-05
-4.504500e-03, -2.983500e-03, 1.350779e-05, 1.321815e-05, 1.322104e-05
-4.387500e-03, -2.983500e-03, 1.518361e-05, 1.494205e-05, 1.498551e-05
-4.270500e-03, -2.983500e-03, 1.650000e-05, 1.650000e-05, 1.650000e-05
-4.153500e-03, -2.983500e-03, 1.650000e-05, 1.650000e-05, 1.650000e-05
-4.036500e-03, -2.983500e-03, 1.650000e-05, 1.650000e-05, 1.650000e-05
-3.919500e-03, -2.983500e-03, 1.536735e-05, 1.530129e-05, 1.528346e-05
-3.802500e-03, -2.983500e-03, 1.650000e-05, 1.650000e-05, 1.650000e-05
-3.685500e-03, -2.983500e-03, 1.650000e-05, 1.650000e-05, 1.650000e-05
-3.568500e-03, -2.983500e-03, 1.463462e-05, 1.463462e-05, 1.456277e-05
-3.451500e-03, -2.983500e-03, 1.282065e-05, 1.282065e-05, 1.261351e-05
-3.334500e-03, -2.983500e-03, 1.567777e-05, 1.568531e-05, 1.566205e-05
-3.217500e-03, -2.983500e-03, 1.286747e-05, 1.316541e-05, 1.291311e-05
-3.100500e-03, -2.983500e-03, 1.649871e-05, 1.649874e-05, 1.649882e-05
-2.983500e-03, -2.983500e-03, 9.614920e-06, 9.640438e-06, 9.472448e-06
-2.866500e-03, -2.983500e-03, 1.530385e-05, 1.531009e-05, 1.527315e-05
-2.749500e-03, -2.983500e-03, 1.650000e-05, 1.650000e-05, 1.650000e-05
-2.632500e-03, -2.983500e-03, 1.650000e-05, 1.650000e-05, 1.650000e-05
-2.515500e-03, -2.983500e-03, 1.650000e-05, 1.650000e-05, 1.650000e-05
-2.398500e-03, -2.983500e-03, 1.650000e-05, 1.650000e-05, 1.650000e-05
-2.281500e-03, -2.983500e-03, 1.650000e-05, 1.650000e-05, 1.650000e-05
-2.164500e-03, -2.983500e-03, 1.650000e-05, 1.650000e-05, 1.650000e-05
-2.047500e-03, -2.983500e-03, 1.165786e-05, 1.160416e-05, 1.148914e-05
-1.930500e-03, -2.983500e-03, 1.098130e-05, 1.022802e-05, 1.032482e-05
-1.813500e-03, -2.983500e-03, 1.098130e-05, 1.022802e-05, 1.032482e-05
-1.696500e-03, -2.983500e-03, 1.098130e-05, 1.022802e-05, 1.032482e-05
-1.579500e-03, -2.983500e-03, 1.098130e-05, 1.022802e-05, 1.032482e-05
-1.462500e-03, -2.983500e-03, 1.098182e-05, 1.022847e-05, 1.032528e-05
-1.345500e-03, -2.983500e-03, 1.284629e-05, 1.273610e-05, 1.259958e-05
-1.228500e-03, -2.983500e-03, 1.650000e-05, 1.650000e-05, 1.650000e-05
-1.111500e-03, -2.983500e-03, 1.650000e-05, 1.650000e-05, 1.650000e-05
-9.945000e-04, -2.983500e-03, 1.650000e-05, 1.650000e-05, 1.650000e-05
-8.775000e-04, -2.983500e-03, 1.148303e-05, 1.131993e-05, 1.129184e-05
-7.605000e-04, -2.983500e-03, 9.298185e-06, 8.982212e-06, 9.030665e-06
-6.435000e-04, -2.983500e-03, 9.298185e-06, 8.982212e-06, 9.030665e-06
-5.265000e-04, -2.983500e-03, 9.298185e-06, 8.982212e-06, 9.030665e-06
-4.095000e-04, -2.983500e-03, 9.298185e-06, 8.982212e-06, 9.030665e-06
-2.925000e-04, -2.983500e-03, 9.298185e-06, 8.982212e-06, 9.030665e-06
-1.755000e-04, -2.983500e-03, 9.298185e-06, 8.982212e-06, 9.030665e-06
-5.850000e-05, -2.983500e-03, 9.298185e-06, 8.982212e-06, 9.030665e-06
5.850000e-05, -2.983500e-03, 9.298185e-06, 8.982212e-06, 9.030665e-06
1.755000e-04, -2.983500e-03, 9.298185e-06, 8.982212e-06, 9.030665e-06
2.925000e-04, -2.983500e-03, 9.298185e-06, 8.982212e-06, 9.030665e-06
4.095000e-04, -2.983500e-03, 9.298185e-06, 8.982212e-06, 9.030665e-06
5.265000e-04, -2.983500e-03, 9.298185e-06, 8.982212e-06, 9.030665e-06
6.435000e-04, -2.983500e-03, 9.298185e-06, 8.982212e-06, 9.030665e-06
7.605000e-04, -2.983500e-03, 9.298185e-06, 8.982212e-06, 9.030665e-06
8.775000e-04, -2.983500e-03, 9.298185e-06, 8.982212e-06, 9.030665e-06
9.945000e-04, -2.983500e-03, 9.298185e-06, 8.982212e-06, 9.030665e-06
1.111500e-03, -2.983500e-03, 9.298185e-06, 8.982212e-06, 9.030665e-06
1.228500e-03, -2.983500e-03, 9.298185e-06, 8.982212e-06, 9.030665e-06
1.345500e-03, -2.983500e-03, 9.298185e-06, 8.982212e-06, 9.030665e-06
1.462500e-03, -2.983500e-03, 9.298185e-06, 8.982212e-06, 9.030665e-06
1.579500e-03, -2.983500e-03, 9.298185e-06, 8.982212e-06, 9.030665e-06
1.696500e-03, -2.983500e-03, 9.298185e-06, 8.982212e-06, 9.030665e-06
1.813500e-03, -2.983500e-03, 9.298185e-06, 8.982212e-06, 9.030665e-06
1.930500e-03, -2.983500e-03, 9.298185e-06, 8.982212e-06, 9.030665e-06
2.047500e-03, -2.983500e-03, 9.298185e-06, 8.982212e-06, 9.030665e-06
2.164500e-03, -2.983500e-03, 9.298185e-06, 8.982212e-06, 9.030665e-06
2.281500e-03, -2.983500e-03, 9.298185e-06, 8.982212e-06, 9.030665e-06
2.398500e-03, -2.983500e-03, 9.298185e-06, 8.982212e-06, 9.030665e-06
2.515500e-03, -2.983500e-03, 9.298185e-06, 8.982212e-06, 9.030665e-06
2.632500e-03, -2.983500e-03, 8.039401e-06, 7.857332e-06, 7.812178e-06
2.749500e-03, -2.983500e-03, 6.846003e-06, 6.846003e-06, 6.730974e-06
2.866500e-03, -2.983500e-03, 1.635827e-05, 1.635827e-05, 1.635985e-05
2.983500e-03, -2.983500e-03, 1.650000e-05, 1.650000e-05, 1.650000e-05
3.100500e-03, -2.983500e-03, 1.650000e-05, 1.650000e-05, 1.650000e-05
3.217500e-03, -2.983500e-03, 1.649972e-05, 1.649972e-05, 1.649972e-05
3.334500e-03, -2.983500e-03, 1.643278e-05, 1.643068e-05, 1.643536e-05
3.451500e-03, -2.983500e-03, 1.650000e-05, 1.650000e-05, 1.650000e-05
3.568500e-03, -2.983500e-03, 1.650000e-05, 1.650000e-05, 1.650000e-05
3.685500e-03, -2.983500e-03, 2.548954e-06, 2.826720e-06, 2.597203e-06
3.802500e-03, -2.983500e-03, 5.500000e-07, 5.500000e-07, 5.500000e-07
3.919500e-03, -2.983500e-03, 5.916922e-07, 5.881708e-07, 5.926284e-07
4.036500e-03, -2.983500e-03, 1.032511e-06, 9.593789e-07, 9.828564e-07
4.153500e-03, -2.983500e-03, 5.500000e-07, 5.500000e-07, 5.500000e-07
4.270500e-03, -2.983500e-03, 5.500000e-07, 5.500000e-07, 5.500000e-07
4.387500e-03, -2.983500e-03, 5.500000e-07, 5.500000e-07, 5.500000e-07
4.504500e-03, -2.983500e-03, 5.898677e-06, 5.844846e-06, 5.756095e-06
4.621500e-03, -2.983500e-03, 1.595940e-05, 1.596049e-05, 1.595044e-05
4.738500e-03, -2.983500e-03, 8.657922e-06, 8.885908e-06, 8.627456e-06
4.855500e-03, -2.983500e-03, 1.299736e-06, 1.299736e-06, 1.286062e-06
4.972500e-03, -2.983500e-03, 8.837130e-06, 8.451768e-06, 8.311301e-06
5.089500e-03, -2.983500e-03, 8.274383e-06, 7.446317e-06, 7.549205e-06
5.206500e-03, -2.983500e-03, 8.827686e-06, 7.896950e-06, 8.028700e-06
5.323500e-03, -2.983500e-03, 1.277141e-05, 1.253337e-05, 1.251174e-05
5.440500e-03, -2.983500e-03, 1.365852e-05, 1.390015e-05, 1.363597e-05
5.557500e-03, -2.983500e-03, 9.833604e-07, 9.240420e-07, 9.444281e-07
5.674500e-03, -2.983500e-03, 6.316178e-07, 6.236839e-07, 6.304517e-07
5.791500e-03, -2.983500e-03, 5.500000e-07, 5.500000e-07, 5.500000e-07
-5.791500e-03, -2.866500e-03, 5.500000e-07, 5.500000e-07, 5.500000e-07
-5.674500e-03, -2.866500e-03, 1.306785e-05, 1.314029e-05, 1.294076e-05
-5.557500e-03, -2.866500e-03, 1.549282e-05, 1.545860e-05, 1.543523e-05
-5.440500e-03, -2.866500e-03, 1.229340e-05, 1.275524e-05, 1.235003e-05
-5.323500e-03, -2.866500e-03, 1.568707e-05, 1.572824e-05, 1.567175e-05
-5.206500e-03, -2.866500e-03, 1.649775e-05, 1.649768e-05, 1.649781e-05
-5.089500e-03, -2.866500e-03, 1.568185e-05, 1.572653e-05, 1.567039e-05
-4.972500e-03, -2.866500e-03, 1.311121e-05, 1.364010e-05, 1.312408e-05
-4.855500e-03, -2.866500e-03, 1.650000e-05, 1.650000e-05, 1.650000e-05
-4.738500e-03, -2.866500e-03, 1.441883e-05, 1.438809e-05, 1.431388e-05
-4.621500e-03, -2.866500e-03, 1.330086e-05, 1.367137e-05, 1.327005e-05
-4.504500e-03, -2.866500e-03, 1.426664e-05, 1.445852e-05, 1.423503e-05
-4.387500e-03, -2.866500e-03, 1.647460e-05, 1.646978e-05, 1.647359e-05
-4.270500e-03, -2.866500e-03, 1.498636e-05, 1.515600e-05, 1.485770e-05
-4.153500e-03, -2.866500e-03, 1.650000e-05, 1.650000e-05, 1.650000e-05
-4.036500e-03, -2.866500e-03, 1.643659e-05, 1.644400e-05, 1.644150e-05
-3.919500e-03, -2.866500e-03, 4.774845e-06, 4.774818e-06, 4.636130e-06
-3.802500e-03, -2.866500e-03, 1.512714e-05, 1.519757e-05, 1.510406e-05
-3.685500e-03, -2.866500e-03, 1.650000e-05, 1.650000e-05, 1.650000e-05
-3.568500e-03, -2.866500e-03, 1.650000e-05, 1.650000e-05, 1.650000e-05
-3.451500e-03, -2.866500e-03, 1.459272e-05, 1.458808e-05, 1.452028e-05
-3.334500e-03, -2.866500e-03, 8.317435e-06, 8.393841e-06, 8.119482e-06
-3.217500e-03, -2.866500e-03, 1.648563e-05, 1.648563e-05, 1.648714e-05
-3.100500e-03, -2.866500e-03, 1.650000e-05, 1.650000e-05, 1.650000e-05
-2.983500e-03, -2.866500e-03, 1.650000e-05, 1.650000e-05, 1.650000e-05
-2.866500e-03, -2.866500e-03, 1.650000e-05, 1.650000e-05, 1.650000e-05
-2.749500e-03, -2.866500e-03, 1.650000e-05, 1.650000e-05, 1.650000e-05
-2.632500e-03, -2.866500e-03, 1.650000e-05, 1.650000e-05, 1.650000e-05
-2.515500e-03, -2.866500e-03, 1.650000e-05, 1.650000e-05, 1.650000e-05
-2.398500e-03, -2.866500e-03, 1.650000e-05, 1.650000e-05, 1.650000e-05
-2.281500e-03, -2.866500e-03, 1.650000e-05, 1.650000e-05, 1.650000e-05
-2.164500e-03, -2.866500e-03, 1.650000e-05, 1.650000e-05, 1.650000e-05
-2.047500e-03, -2.866500e-03, 1.423411e-05, 1.420269e-05, 1.414337e-05
-1.930500e-03, -2.866500e-03, 1.629173e-05, 1.629173e-05, 1.629179e-05
-1.813500e-03, -2.866500e-03, 1.650000e-05, 1.650000e-05, 1.650000e-05
-1.696500e-03, -2.866500e-03, 1.650000e-05, 1.650000e-05, 1.650000e-05
-1.579500e-03, -2.866500e-03, 1.650000e-05, 1.650000e-05, 1.650000e-05
-1.462500e-03, -2.866500e-03, 1.650000e-05, 1.650000e-05, 1.650000e-05
-1.345500e-03, -2.866500e-03, 1.476197e-05, 1.479038e-05, 1.472150e-05
-1.228500e-03, -2.866500e-03, 1.255002e-05, 1.255002e-05, 1.233502e-05
-1.111500e-03, -2.866500e-03, 1.650000e-05, 1.650000e-05, 1.650000e-05
-9.945000e-04, -2.866500e-03, 1.650000e-05, 1.650000e-05, 1.650000e-05
-8.775000e-04, -2.866500e-03, 1.650000e-05, 1.650000e-05, 1.650000e-05
-7.605000e-04, -2.866500e-03, 1.650000e-05, 1.650000e-05, 1.650000e-05
-6.435000e-04, -2.866500e-03, 1.650000e-05, 1.650000e-05, 1.650000e-05
-5.265000e-04, -2.866500e-03, 1.650000e-05, 1.650000e-05, 1.650000e-05
-4.095000e-04, -2.866500e-03, 1.650000e-05, 1.650000e-05, 1.650000e-05
-2.925000e-04, -2.866500e-03, 1.650000e-05, 1.650000e-05, 1.650000e-05
-1.755000e-04, -2.866500e-03, 1.650000e-05, 1.650000e-05, 1.650000e-05
-5.850000e-05, -2.866500e-03, 1.650000e-05, 1.650000e-05, 1.650000e-05
5.850000e-05, -2.866500e-03, 1.650000e-05, 1.650000e-05, 1.650000e-05
1.755000e-04, -2.866500e-03, 1.650000e-05, 1.650000e-05, 1.650000e-05
2.925000e-04, -2.866500e-03, 1.650000e-05, 1.650000e-05, 1.650000e-05
4.095000e-04, -2.866500e-03, 1.650000e-05, 1.650000e-05, 1.650000e-05
5.265000e-04, -2.866500e-03, 1.650000e-05, 1.650000e-05, 1.650000e-05
6.435000e-04, -2.866500e-03, 1.650000e-05, 1.650000e-05, 1.650000e-05
7.605000e-04, -2.866500e-03, 1.650000e-05, 1.650000e-05, 1.650000e-05
8.775000e-04, -2.866500e-03, 1.650000e-05, 1.650000e-05, 1.650000e-05
9.945000e-04, -2.866500e-03, 1.650000e-05, 1.650000e-05, 1.650000e-05
1.111500e-03, -2.866500e-03, 1.650000e-05, 1.650000e-05, 1.650000e-05
1.228500e-03, -2.866500e-03, 1.650000e-05, 1.650000e-05, 1.650000e-05
1.345500e-03, -2.866500e-03, 1.650000e-05, 1.650000e-05, 1.650000e-05
1.462500e-03, -2.866500e-03, 1.650000e-05, 1.650000e-05, 1.650000e-05
1.579500e-03, -2.866500e-03, 1.650000e-05, 1.650000e-05, 1.650000e-05
1.696500e-03, -2.866500e-03, 1.650000e-05, 1.650000e-05, 1.650000e-05
1.813500e-03, -2.866500e-03, 1.650000e-05, 1.650000e-05, 1.650000e-05
1.930500e-03, -2.866500e-03, 1.650000e-05, 1.650000e-05, 1.650000e-05
2.047500e-03, -2.866500e-03, 1.650000e-05, 1.650000e-05, 1.650000e-05
2.164500e-03, -2.866500e-03, 1.650000e-05, 1.650000e-05, 1.650000e-05
2.281500e-03, -2.866500e-03, 1.650000e-05, 1.650000e-05, 1.650000e-05
2.398500e-03, -2.866500e-03, 1.650000e-05, 1.650000e-05, 1.650000e-05
2.515500e-03, -2.866500e-03, 1.650000e-05, 1.650000e-05, 1.650000e-05
2.632500e-03, -2.866500e-03, 1.650000e-05, 1.650000e-05, 1.650000e-05
2.749500e-03, -2.866500e-03, 1.075278e-05, 1.075278e-05, 1.061140e-05
2.866500e-03, -2.866500e-03, 6.846003e-06, 6.846003e-06, 6.730974e-06
2.983500e-03, -2.866500e-03, 1.635827e-05, 1.635827e-05, 1.635985e-05
3.100500e-03, -2.866500e-03, 1.650000e-05, 1.650000e-05, 1.650000e-05
3.217500e-03, -2.866500e-03, 1.650000e-05, 1.650000e-05, 1.650000e-05
3.334500e-03, -2.866500e-03, 1.650000e-05, 1.650000e-05, 1.650000e-05
3.451500e-03, -2.866500e-03, 1.650000e-05, 1.650000e-05, 1.650000e-05
3.568500e-03, -2.866500e-03, 1.650000e-05, 1.650000e-05, 1.650000e-05
3.685500e-03, -2.866500e-03, 2.548954e-06, 2.826720e-06, 2.597203e-06
3.802500e-03, -2.866500e-03, 5.500000e-07, 5.500000e-07, 5.500000e-07
3.919500e-03, -2.866500e-03, 1.225953e-05, 1.234964e-05, 1.212728e-05
4.036500e-03, -2.866500e-03, 1.575155e-05, 1.571653e-05, 1.570689e-05
4.153500e-03, -2.866500e-03, 6.084585e-06, 6.003164e-06, 5.899327e-06
4.270500e-03, -2.866500e-03, 3.176153e-06, 2.896463e-06, 2.943927e-06
4.387500e-03, -2.866500e-03, 3.176153e-06, 2.896463e-06, 2.943927e-06
4.504500e-03, -2.866500e-03, 3.176153e-06, 2.896463e-06, 2.943927e-06
4.621500e-03, -2.866500e-03, 6.049156e-06, 5.528118e-06, 5.583560e-06
4.738500e-03, -2.866500e-03, 4.568992e-06, 4.248979e-06, 4.261125e-06
4.855500e-03, -2.866500e-03, 9.264026e-06, 9.264026e-06, 8.912767e-06
4.972500e-03, -2.866500e-03, 1.344324e-06, 1.344324e-06, 1.329208e-06
5.089500e-03, -2.866500e-03, 8.126016e-06, 8.247733e-06, 8.058105e-06
5.206500e-03, -2.866500e-03, 1.636916e-05, 1.635224e-05, 1.636455e-05
5.323500e-03, -2.866500e-03, 7.065805e-06, 7.172168e-06, 6.998378e-06
5.440500e-03, -2.866500e-03, 4.100439e-06, 4.100536e-06, 3.971795e-06
5.557500e-03, -2.866500e-03, 1.549282e-05, 1.545860e-05, 1.543523e-05
5.674500e-03, -2.866500e-03, 1.306785e-05, 1.314029e-05, 1.294076e-05
5.791500e-03, -2.866500e-03, 5.500000e-07, 5.500000e-07, 5.500000e-07
-5.791500e-03, -2.749500e-03, 5.682039e-07, 5.712497e-07, 5.715342e-07
-5.674500e-03, -2.749500e-03, 1.428979e-05, 1.440734e-05, 1.423759e-05
-5.557500e-03, -2.749500e-03, 1.614238e-05, 1.614238e-05, 1.613787e-05
-5.440500e-03, -2.749500e-03, 1.325796e-05, 1.370099e-05, 1.326738e-05
-5.323500e-03, -2.749500e-03, 1.624204e-05, 1.626365e-05, 1.625155e-05
-5.206500e-03, -2.749500e-03, 1.650000e-05, 1.650000e-05, 1.650000e-05
-5.089500e-03, -2.749500e-03, 1.624132e-05, 1.626479e-05, 1.625293e-05
-4.972500e-03, -2.749500e-03, 1.526320e-05, 1.551717e-05, 1.532054e-05
-4.855500e-03, -2.749500e-03, 1.569069e-05, 1.569077e-05, 1.566931e-05
-4.738500e-03, -2.749500e-03, 1.588744e-05, 1.588844e-05, 1.586051e-05
-4.621500e-03, -2.749500e-03, 1.483669e-05, 1.508840e-05, 1.486830e-05
-4.504500e-03, -2.749500e-03, 1.478756e-05, 1.496300e-05, 1.478914e-05
-4.387500e-03, -2.749500e-03, 1.650000e-05, 1.650000e-05, 1.650000e-05
-4.270500e-03, -2.749500e-03, 1.497199e-05, 1.512853e-05, 1.492938e-05
-4.153500e-03, -2.749500e-03, 1.650000e-05, 1.650000e-05, 1.650000e-05
-4.036500e-03, -2.749500e-03, 1.650000e-05, 1.650000e-05, 1.650000e-05
-3.919500e-03, -2.749500e-03, 1.640476e-05, 1.639246e-05, 1.639817e-05
-3.802500e-03, -2.749500e-03, 1.650000e-05, 1.650000e-05, 1.650000e-05
-3.685500e-03, -2.749500e-03, 1.650000e-05, 1.650000e-05, 1.650000e-05
-3.568500e-03, -2.749500e-03, 1.446347e-05, 1.438985e-05, 1.434544e-05
-3.451500e-03, -2.749500e-03, 1.650000e-05, 1.650000e-05, 1.650000e-05
-3.334500e-03, -2.749500e-03, 1.092682e-05, 1.145245e-05, 1.086003e-05
-3.217500e-03, -2.749500e-03, 1.650000e-05, 1.650000e-05, 1.650000e-05
-3.100500e-03, -2.749500e-03, 1.650000e-05, 1.650000e-05, 1.650000e-05
-2.983500e-03, -2.749500e-03, 1.650000e-05, 1.650000e-05, 1.650000e-05
-2.866500e-03, -2.749500e-03, 1.650000e-05, 1.650000e-05, 1.650000e-05
-2.749500e-03, -2.749500e-03, 1.650000e-05, 1.650000e-05, 1.650000e-05
-2.632500e-03, -2.749500e-03, 1.650000e-05, 1.650000e-05, 1.650000e-05
-2.515500e-03, -2.749500e-03, 1.650000e-05, 1.650000e-05, 1.650000e-05
-2.398500e-03, -2.749500e-03, 1.650000e-05, 1.650000e-05, 1.650000e-05
-2.281500e-03, -2.749500e-03, 1.630139e-05, 1.628607e-05, 1.629196e-05
-2.164500e-03, -2.749500e-03, 1.650000e-05, 1.650000e-05, 1.650000e-05
-2.047500e-03, -2.749500e-03, 7.511491e-06, 7.500403e-06, 7.286313e-06
-1.930500e-03, -2.749500e-03, 1.374184e-05, 1.377523e-05, 1.366773e-05
-1.813500e-03, -2.749500e-03, 1.650000e-05, 1.650000e-05, 1.650000e-05
-1.696500e-03, -2.749500e-03, 1.650000e-05, 1.650000e-05, 1.650000e-05
-1.579500e-03, -2.749500e-03, 1.650000e-05, 1.650000e-05, 1.650000e-05
-1.462500e-03, -2.749500e-03, 1.650000e-05, 1.650000e-05, 1.650000e-05
-1.345500e-03, -2.749500e-03, 1.650000e-05, 1.650000e-05, 1.650000e-05
-1.228500e-03, -2.749500e-03, 1.466652e-05, 1.466652e-05, 1.459932e-05
-1.111500e-03, -2.749500e-03, 1.255002e-05, 1.255002e-05, 1.233502e-05
-9.945000e-04, -2.749500e-03, 1.650000e-05, 1.650000e-05, 1.650000e-05
-8.775000e-04, -2.749500e-03, 1.650000e-05, 1.650000e-05, 1.650000e-05
-7.605000e-04, -2.749500e-03, 1.650000e-05, 1.650000e-05, 1.650000e-05
-6.435000e-04, -2.749500e-03, 1.650000e-05, 1.650000e-05, 1.650000e-05
-5.265000e-04, -2.749500e-03, 1.650000e-05, 1.650000e-05, 1.650000e-05
-4.095000e-04, -2.749500e-03, 1.650000e-05, 1.650000e-05, 1.650000e-05
-2.925000e-04, -2.749500e-03, 1.650000e-05, 1.650000e-05, 1.650000e-05
-1.755000e-04, -2.749500e-03, 1.650000e-05, 1.650000e-05, 1.650000e-05
-5.850000e-05, -2.749500e-03, 1.650000e-05, 1.650000e-05, 1.650000e-05
5.850000e-05, -2.749500e-03, 1.650000e-05, 1.650000e-05, 1.650000e-05
1.755000e-04, -2.749500e-03, 1.650000e-05, 1.650000e-05, 1.650000e-05
2.925000e-04, -2.749500e-03, 1.650000e-05, 1.650000e-05, 1.650000e-05
4.095000e-04, -2.749500e-03, 1.650000e-05, 1.650000e-05, 1.650000e-05
5.265000e-04, -2.749500e-03, 1.650000e-05, 1.650000e-05, 1.650000e-05
6.435000e-04, -2.749500e-03, 1.650000e-05, 1.650000e-05, 1.650000e-05
7.605000e-04, -2.749500e-03, 1.650000e-05, 1.650000e-05, 1.650000e-05
8.775000e-04, -2.749500e-03, 1.650000e-05, 1.650000e-05, 1.650000e-05
9.945000e-04, -2.749500e-03, 1.650000e-05, 1.650000e-05, 1.650000e-05
1.111500e-03, -2.749500e-03, 1.650000e-05, 1.650000e-05, 1.650000e-05
1.228500e-03, -2.749500e-03, 1.650000e-05, 1.650000e-05, 1.650000e-05
1.345500e-03, -2.749500e-03, 1.650000e-05, 1.650000e-05, 1.650000e-05
1.462500e-03, -2.749500e-03, 1.650000e-05, 1.650000e-05, 1.650000e-05
1.579500e-03, -2.749500e-03, 1.650000e-05, 1.650000e-05, 1.650000e-05
1.696500e-03, -2.749500e-03, 1.650000e-05, 1.650000e-05, 1.650000e-05
1.813500e-03, -2.749500e-03, 1.650000e-05, 1.650000e-05, 1.650000e-05
1.930500e-03, -2.749500e-03, 1.650000e-05, 1.650000e-05, 1.650000e-05
2.047500e-03, -2.749500e-03, 1.650000e-05, 1.650000e-05, 1.650000e-05
2.164500e-03, -2.749500e-03, 1.650000e-05, 1.650000e-05, 1.650000e-05
2.281500e-03, -2.749500e-03, 1.650000e-05, 1.650000e-05, 1.650000e-05
2.398500e-03, -2.749500e-03, 1.650000e-05, 1.650000e-05, 1.650000e-05
2.515500e-03, -2.749500e-03, 1.650000e-05, 1.650000e-05, 1.650000e-05
2.632500e-03, -2.749500e-03, 1.650000e-05, 1.650000e-05, 1.650000e-05
2.749500e-03, -2.749500e-03, 1.650000e-05, 1.650000e-05, 1.650000e-05
2.866500e-03, -2.749500e-03, 1.075278e-05, 1.075278e-05, 1.061140e-05
2.983500e-03, -2.749500e-03, 7.118998e-06, 7.146276e-06, 7.009051e-06
3.100500e-03, -2.749500e-03, 1.650000e-05, 1.650000e-05, 1.650000e-05
3.217500e-03, -2.749500e-03, 1.650000e-05, 1.650000e-05, 1.650000e-05
3.334500e-03, -2.749500e-03, 7.413386e-06, 7.393998e-06, 7.181343e-06
3.451500e-03, -2.749500e-03, 1.362600e-05, 1.366068e-05, 1.354879e-05
3.568500e-03, -2.749500e-03, 1.650000e-05, 1.650000e-05, 1.650000e-05
3.685500e-03, -2.749500e-03, 2.548954e-06, 2.826720e-06, 2.597203e-06
3.802500e-03, -2.749500e-03, 5.500000e-07, 5.500000e-07, 5.500000e-07
3.919500e-03, -2.749500e-03, 1.351163e-05, 1.368589e-05, 1.345390e-05
4.036500e-03, -2.749500e-03, 1.629876e-05, 1.629735e-05, 1.629896e-05
4.153500e-03, -2.749500e-03, 8.254753e-06, 8.159298e-06, 8.079644e-06
4.270500e-03, -2.749500e-03, 8.342628e-06, 7.897163e-06, 7.895223e-06
4.387500e-03, -2.749500e-03, 1.219201e-05, 1.144551e-05, 1.154408e-05
4.504500e-03, -2.749500e-03, 1.219201e-05, 1.144551e-05, 1.154408e-05
4.621500e-03, -2.749500e-03, 1.219201e-05, 1.144551e-05, 1.154408e-05
4.738500e-03, -2.749500e-03, 1.218829e-05, 1.144187e-05, 1.154067e-05
4.855500e-03, -2.749500e-03, 8.010867e-06, 7.685754e-06, 7.716127e-06
4.972500e-03, -2.749500e-03, 7.095830e-06, 6.805415e-06, 6.843195e-06
5.089500e-03, -2.749500e-03, 1.010965e-05, 1.030330e-05, 1.004538e-05
5.206500e-03, -2.749500e-03, 1.650000e-05, 1.650000e-05, 1.650000e-05
5.323500e-03, -2.749500e-03, 7.618657e-06, 7.805225e-06, 7.589007e-06
5.440500e-03, -2.749500e-03, 3.016624e-06, 3.205318e-06, 3.035196e-06
5.557500e-03, -2.749500e-03, 1.614238e-05, 1.614238e-05, 1.613787e-05
5.674500e-03, -2.749500e-03, 1.428979e-05, 1.440734e-05, 1.423759e-05
5.791500e-03, -2.749500e-03, 5.682039e-07, 5.712497e-07, 5.715342e-07
-5.791500e-03, -2.632500e-03, 5.500000e-07, 5.500000e-07, 5.500000e-07
-5.674500e-03, -2.632500e-03, 5.508194e-06, 5.357255e-06, 5.272175e-06
-5.557500e-03, -2.632500e-03, 1.390685e-05, 1.344376e-05, 1.347697e-05
-5.440500e-03, -2.632500e-03, 1.646347e-05, 1.646290e-05, 1.646548e-05
-5.323500e-03, -2.632500e-03, 1.650000e-05, 1.650000e-05, 1.650000e-05
-5.206500e-03, -2.632500e-03, 1.398891e-05, 1.346249e-05, 1.340522e-05
-5.089500e-03, -2.632500e-03, 1.639507e-05, 1.639966e-05, 1.639991e-05
-4.972500e-03, -2.632500e-03, 1.650000e-05, 1.650000e-05, 1.650000e-05
-4.855500e-03, -2.632500e-03, 1.532072e-05, 1.504672e-05, 1.511044e-05
-4.738500e-03, -2.632500e-03, 1.505147e-05, 1.483757e-05, 1.481120e-05
-4.621500e-03, -2.632500e-03, 1.650000e-05, 1.650000e-05, 1.650000e-05
-4.504500e-03, -2.632500e-03, 1.604969e-05, 1.604604e-05, 1.603840e-05
-4.387500e-03, -2.632500e-03, 1.546162e-05, 1.526809e-05, 1.532508e-05
-4.270500e-03, -2.632500e-03, 1.643681e-05, 1.642912e-05, 1.643601e-05
-4.153500e-03, -2.632500e-03, 1.650000e-05, 1.650000e-05, 1.650000e-05
-4.036500e-03, -2.632500e-03, 1.650000e-05, 1.650000e-05, 1.650000e-05
-3.919500e-03, -2.632500e-03, 1.650000e-05, 1.650000e-05, 1.650000e-05
-3.802500e-03, -2.632500e-03, 1.650000e-05, 1.650000e-05, 1.650000e-05
-3.685500e-03, -2.632500e-03, 1.619826e-05, 1.622628e-05, 1.620281e-05
-3.568500e-03, -2.632500e-03, 5.289706e-06, 5.291789e-06, 5.095389e-06
-3.451500e-03, -2.632500e-03, 1.573847e-05, 1.578565e-05, 1.573343e-05
-3.334500e-03, -2.632500e-03, 1.408575e-05, 1.424699e-05, 1.404007e-05
-3.217500e-03, -2.632500e-03, 4.383149e-06, 4.114414e-06, 4.157216e-06
-3.100500e-03, -2.632500e-03, 4.559247e-06, 4.268875e-06, 4.321082e-06
-2.983500e-03, -2.632500e-03, 4.559247e-06, 4.268875e-06, 4.321082e-06
-2.866500e-03, -2.632500e-03, 4.559247e-06, 4.268875e-06, 4.321082e-06
-2.749500e-03, -2.632500e-03, 4.863411e-06, 4.602099e-06, 4.613864e-06
-2.632500e-03, -2.632500e-03, 1.397590e-05, 1.397590e-05, 1.388482e-05
-2.515500e-03, -2.632500e-03, 1.650000e-05, 1.650000e-05, 1.650000e-05
-2.398500e-03, -2.632500e-03, 1.273462e-05, 1.276844e-05, 1.264414e-05
-2.281500e-03, -2.632500e-03, 7.124803e-06, 7.077198e-06, 6.881196e-06
-2.164500e-03, -2.632500e-03, 1.650000e-05, 1.650000e-05, 1.650000e-05
-2.047500e-03, -2.632500e-03, 1.650000e-05, 1.650000e-05, 1.650000e-05
-1.930500e-03, -2.632500e-03, 1.650000e-05, 1.650000e-05, 1.650000e-05
-1.813500e-03, -2.632500e-03, 1.650000e-05, 1.650000e-05, 1.650000e-05
-1.696500e-03, -2.632500e-03, 1.650000e-05, 1.650000e-05, 1.650000e-05
-1.579500e-03, -2.632500e-03, 1.650000e-05, 1.650000e-05, 1.650000e-05
-1.462500e-03, -2.632500e-03, 1.144706e-05, 1.145877e-05, 1.132488e-05
-1.345500e-03, -2.632500e-03, 1.049278e-05, 1.049234e-05, 1.036130e-05
-1.228500e-03, -2.632500e-03, 1.650000e-05, 1.650000e-05, 1.650000e-05
-1.111500e-03, -2.632500e-03, 1.466652e-05, 1.466652e-05, 1.459932e-05
-9.945000e-04, -2.632500e-03, 1.061766e-05, 1.043333e-05, 1.031726e-05
-8.775000e-04, -2.632500e-03, 1.047253e-05, 1.014564e-05, 1.019961e-05
-7.605000e-04, -2.632500e-03, 1.047253e-05, 1.014564e-05, 1.019961e-05
-6.435000e-04, -2.632500e-03, 1.047253e-05, 1.014564e-05, 1.019961e-05
-5.265000e-04, -2.632500e-03, 1.047253e-05, 1.014564e-05, 1.019961e-05
-4.095000e-04, -2.632500e-03, 1.047253e-05, 1.014564e-05, 1.019961e-05
-2.925000e-04, -2.632500e-03, 1.445712e-05, 1.442408e-05, 1.437824e-05
-1.755000e-04, -2.632500e-03, 1.650000e-05, 1.650000e-05, 1.650000e-05
-5.850000e-05, -2.632500e-03, 1.650000e-05, 1.650000e-05, 1.650000e-05
5.850000e-05, -2.632500e-03, 1.650000e-05, 1.650000e-05, 1.650000e-05
1.755000e-04, -2.632500e-03, 7.563052e-06, 7.583566e-06, 7.357704e-06
2.925000e-04, -2.632500e-03, 1.438598e-05, 1.441527e-05, 1.433265e-05
4.095000e-04, -2.632500e-03, 1.650000e-05, 1.650000e-05, 1.650000e-05
5.265000e-04, -2.632500e-03, 1.265159e-05, 1.267383e-05, 1.255043e-05
6.435000e-04, -2.632500e-03, 9.283144e-06, 9.275227e-06, 9.135364e-06
7.605000e-04, -2.632500e-03, 1.650000e-05, 1.650000e-05, 1.650000e-05
8.775000e-04, -2.632500e-03, 1.622003e-05, 1.624127e-05, 1.622515e-05
9.945000e-04, -2.632500e-03, 6.468906e-06, 6.506682e-06, 6.262654e-06
1.111500e-03, -2.632500e-03, 1.569745e-05, 1.572733e-05, 1.569300e-05
1.228500e-03, -2.632500e-03, 1.650000e-05, 1.650000e-05, 1.650000e-05
1.345500e-03, -2.632500e-03, 1.049278e-05, 1.049234e-05, 1.036130e-05
1.462500e-03, -2.632500e-03, 1.144706e-05, 1.145877e-05, 1.132488e-05
1.579500e-03, -2.632500e-03, 1.650000e-05, 1.650000e-05, 1.650000e-05
1.696500e-03, -2.632500e-03, 1.519528e-05, 1.522545e-05, 1.517152e-05
1.813500e-03, -2.632500e-03, 6.773227e-06, 6.808066e-06, 6.574963e-06
1.930500e-03, -2.632500e-03, 1.643004e-05, 1.643746e-05, 1.643512e-05
2.047500e-03, -2.632500e-03, 1.650000e-05, 1.650000e-05, 1.650000e-05
2.164500e-03, -2.632500e-03, 1.650000e-05, 1.650000e-05, 1.650000e-05
2.281500e-03, -2.632500e-03, 1.606148e-05, 1.608764e-05, 1.606440e-05
2.398500e-03, -2.632500e-03, 6.405236e-06, 6.443566e-06, 6.196698e-06
2.515500e-03, -2.632500e-03, 1.591874e-05, 1.594718e-05, 1.591928e-05
2.632500e-03, -2.632500e-03, 1.650000e-05, 1.650000e-05, 1.650000e-05
2.749500e-03, -2.632500e-03, 1.650000e-05, 1.650000e-05, 1.650000e-05
2.866500e-03, -2.632500e-03, 1.650000e-05, 1.650000e-05, 1.650000e-05
2.983500e-03, -2.632500e-03, 7.484528e-06, 8.115341e-06, 7.558776e-06
3.100500e-03, -2.632500e-03, 1.650000e-05, 1.650000e-05, 1.650000e-05
3.217500e-03, -2.632500e-03, 1.650000e-05, 1.650000e-05, 1.650000e-05
3.334500e-03, -2.632500e-03, 1.442380e-05, 1.439271e-05, 1.433982e-05
3.451500e-03, -2.632500e-03, 1.631953e-05, 1.631953e-05, 1.632029e-05
3.568500e-03, -2.632500e-03, 1.650000e-05, 1.650000e-05, 1.650000e-05
3.685500e-03, -2.632500e-03, 2.548954e-06, 2.826720e-06, 2.597203e-06
3.802500e-03, -2.632500e-03, 5.500000e-07, 5.500000e-07, 5.500000e-07
3.919500e-03, -2.632500e-03, 1.422426e-06, 1.348877e-06, 1.364678e-06
4.036500e-03, -2.632500e-03, 2.766005e-06, 2.550339e-06, 2.581235e-06
4.153500e-03, -2.632500e-03, 3.844844e-06, 3.844844e-06, 3.753282e-06
4.270500e-03, -2.632500e-03, 7.400656e-06, 7.399726e-06, 7.227112e-06
4.387500e-03, -2.632500e-03, 1.239907e-06, 1.065544e-06, 1.119659e-06
4.504500e-03, -2.632500e-03, 1.599856e-06, 1.423490e-06, 1.476724e-06
4.621500e-03, -2.632500e-03, 4.947070e-06, 4.445591e-06, 4.554386e-06
4.738500e-03, -2.632500e-03, 4.957826e-06, 4.455393e-06, 4.564520e-06
4.855500e-03, -2.632500e-03, 7.827085e-06, 7.479414e-06, 7.460219e-06
4.972500e-03, -2.632500e-03, 1.132750e-05, 1.106199e-05, 1.094505e-05
5.089500e-03, -2.632500e-03, 9.626757e-06, 9.569087e-06, 9.269326e-06
5.206500e-03, -2.632500e-03, 1.065816e-05, 9.954958e-06, 1.003913e-05
5.323500e-03, -2.632500e-03, 1.432060e-05, 1.414084e-05, 1.411296e-05
5.440500e-03, -2.632500e-03, 5.531912e-06, 5.686618e-06, 5.512545e-06
5.557500e-03, -2.632500e-03, 2.602258e-06, 2.403708e-06, 2.430832e-06
5.674500e-03, -2.632500e-03, 1.590050e-06, 1.498510e-06, 1.515588e-06
5.791500e-03, -2.632500e-03, 5.500000e-07, 5.500000e-07, 5.500000e-07
-5.791500e-03, -2.515500e-03, 2.003133e-06, 2.162323e-06, 2.030859e-06
-5.674500e-03, -2.515500e-03, 1.577247e-05, 1.577247e-05, 1.575397e-05
-5.557500e-03, -2.515500e-03, 1.650000e-05, 1.650000e-05, 1.650000e-05
-5.440500e-03, -2.515500e-03, 1.650000e-05, 1.650000e-05, 1.650000e-05
-5.323500e-03, -2.515500e-03, 1.650000e-05, 1.650000e-05, 1.650000e-05
-5.206500e-03, -2.515500e-03, 1.579061e-05, 1.566627e-05, 1.560541e-05
-5.089500e-03, -2.515500e-03, 1.650000e-05, 1.650000e-05, 1.650000e-05
-4.972500e-03, -2.515500e-03, 1.574778e-05, 1.572939e-05, 1.572397e-05
-4.855500e-03, -2.515500e-03, 1.604609e-05, 1.600481e-05, 1.602349e-05
-4.738500e-03, -2.515500e-03, 1.548126e-05, 1.535729e-05, 1.531945e-05
-4.621500e-03, -2.515500e-03, 1.649432e-05, 1.649433e-05, 1.649508e-05
-4.504500e-03, -2.515500e-03, 1.650000e-05, 1.650000e-05, 1.650000e-05
-4.387500e-03, -2.515500e-03, 1.521484e-05, 1.520206e-05, 1.517443e-05
-4.270500e-03, -2.515500e-03, 1.602371e-05, 1.602371e-05, 1.601502e-05
-4.153500e-03, -2.515500e-03, 1.650000e-05, 1.650000e-05, 1.650000e-05
-4.036500e-03, -2.515500e-03, 1.650000e-05, 1.650000e-05, 1.650000e-05
-3.919500e-03, -2.515500e-03, 1.650000e-05, 1.650000e-05, 1.650000e-05
-3.802500e-03, -2.515500e-03, 1.650000e-05, 1.650000e-05, 1.650000e-05
-3.685500e-03, -2.515500e-03, 1.650000e-05, 1.650000e-05, 1.650000e-05
-3.568500e-03, -2.515500e-03, 1.650000e-05, 1.650000e-05, 1.650000e-05
-3.451500e-03, -2.515500e-03, 1.650000e-05, 1.650000e-05, 1.650000e-05
-3.334500e-03, -2.515500e-03, 1.521207e-05, 1.546556e-05, 1.526121e-05
-3.217500e-03, -2.515500e-03, 8.202852e-07, 8.853987e-07, 8.431852e-07
-3.100500e-03, -2.515500e-03, 1.324526e-05, 1.305837e-05, 1.299108e-05
-2.983500e-03, -2.515500e-03, 1.451361e-05, 1.420413e-05, 1.425182e-05
-2.866500e-03, -2.515500e-03, 1.451361e-05, 1.420413e-05, 1.425182e-05
-2.749500e-03, -2.515500e-03, 1.110060e-05, 1.103218e-05, 1.090016e-05
-2.632500e-03, -2.515500e-03, 2.390290e-06, 2.390290e-06, 2.348876e-06
-2.515500e-03, -2.515500e-03, 1.397590e-05, 1.397590e-05, 1.388482e-05
-2.398500e-03, -2.515500e-03, 1.646879e-05, 1.646879e-05, 1.647097e-05
-2.281500e-03, -2.515500e-03, 1.562543e-05, 1.560390e-05, 1.559261e-05
-2.164500e-03, -2.515500e-03, 1.650000e-05, 1.650000e-05, 1.650000e-05
-2.047500e-03, -2.515500e-03, 1.349289e-05, 1.350966e-05, 1.340777e-05
-1.930500e-03, -2.515500e-03, 1.060525e-05, 1.060357e-05, 1.048351e-05
-1.813500e-03, -2.515500e-03, 1.650000e-05, 1.650000e-05, 1.650000e-05
-1.696500e-03, -2.515500e-03, 1.650000e-05, 1.650000e-05, 1.650000e-05
-1.579500e-03, -2.515500e-03, 1.650000e-05, 1.650000e-05, 1.650000e-05
-1.462500e-03, -2.515500e-03, 1.513373e-05, 1.513373e-05, 1.508838e-05
-1.345500e-03, -2.515500e-03, 1.467551e-05, 1.467066e-05, 1.461170e-05
-1.228500e-03, -2.515500e-03, 1.650000e-05, 1.650000e-05, 1.650000e-05
-1.111500e-03, -2.515500e-03, 1.650000e-05, 1.650000e-05, 1.650000e-05
-9.945000e-04, -2.515500e-03, 1.514253e-05, 1.506714e-05, 1.506628e-05
-8.775000e-04, -2.515500e-03, 1.308204e-05, 1.275768e-05, 1.280615e-05
-7.605000e-04, -2.515500e-03, 1.308204e-05, 1.275768e-05, 1.280615e-05
-6.435000e-04, -2.515500e-03, 1.308204e-05, 1.275768e-05, 1.280615e-05
-5.265000e-04, -2.515500e-03, 1.308204e-05, 1.275768e-05, 1.280615e-05
-4.095000e-04, -2.515500e-03, 1.308204e-05, 1.275768e-05, 1.280615e-05
-2.925000e-04, -2.515500e-03, 7.712259e-06, 7.709352e-06, 7.492007e-06
-1.755000e-04, -2.515500e-03, 1.436553e-05, 1.438444e-05, 1.430753e-05
-5.850000e-05, -2.515500e-03, 1.650000e-05, 1.650000e-05, 1.650000e-05
5.850000e-05, -2.515500e-03, 1.650000e-05, 1.650000e-05, 1.650000e-05
1.755000e-04, -2.515500e-03, 1.353218e-05, 1.349956e-05, 1.341782e-05
2.925000e-04, -2.515500e-03, 1.628135e-05, 1.628135e-05, 1.628111e-05
4.095000e-04, -2.515500e-03, 1.650000e-05, 1.650000e-05, 1.650000e-05
5.265000e-04, -2.515500e-03, 1.566934e-05, 1.566934e-05, 1.564664e-05
6.435000e-04, -2.515500e-03, 1.413364e-05, 1.411235e-05, 1.405141e-05
7.605000e-04, -2.515500e-03, 1.650000e-05, 1.650000e-05, 1.650000e-05
8.775000e-04, -2.515500e-03, 1.650000e-05, 1.650000e-05, 1.650000e-05
9.945000e-04, -2.515500e-03, 1.332060e-05, 1.327121e-05, 1.319986e-05
1.111500e-03, -2.515500e-03, 1.649943e-05, 1.649943e-05, 1.649946e-05
1.228500e-03, -2.515500e-03, 1.650000e-05, 1.650000e-05, 1.650000e-05
1.345500e-03, -2.515500e-03, 1.467551e-05, 1.467066e-05, 1.461170e-05
1.462500e-03, -2.515500e-03, 1.513373e-05, 1.513373e-05, 1.508838e-05
1.579500e-03, -2.515500e-03, 1.650000e-05, 1.650000e-05, 1.650000e-05
1.696500e-03, -2.515500e-03, 1.645557e-05, 1.645557e-05, 1.645797e-05
1.813500e-03, -2.515500e-03, 1.336302e-05, 1.331984e-05, 1.324126e-05
1.930500e-03, -2.515500e-03, 1.650000e-05, 1.650000e-05, 1.650000e-05
2.047500e-03, -2.515500e-03, 1.650000e-05, 1.650000e-05, 1.650000e-05
2.164500e-03, -2.515500e-03, 1.650000e-05, 1.650000e-05, 1.650000e-05
2.281500e-03, -2.515500e-03, 1.650000e-05, 1.650000e-05, 1.650000e-05
2.398500e-03, -2.515500e-03, 1.332176e-05, 1.327104e-05, 1.320030e-05
2.515500e-03, -2.515500e-03, 1.650000e-05, 1.650000e-05, 1.650000e-05
2.632500e-03, -2.515500e-03, 1.650000e-05, 1.650000e-05, 1.650000e-05
2.749500e-03, -2.515500e-03, 1.650000e-05, 1.650000e-05, 1.650000e-05
2.866500e-03, -2.515500e-03, 1.650000e-05, 1.650000e-05, 1.650000e-05
2.983500e-03, -2.515500e-03, 7.871355e-06, 8.558205e-06, 7.971806e-06
3.100500e-03, -2.515500e-03, 1.650000e-05, 1.650000e-05, 1.650000e-05
3.217500e-03, -2.515500e-03, 1.650000e-05, 1.650000e-05, 1.650000e-05
3.334500e-03, -2.515500e-03, 1.650000e-05, 1.650000e-05, 1.650000e-05
3.451500e-03, -2.515500e-03, 1.650000e-05, 1.650000e-05, 1.650000e-05
3.568500e-03, -2.515500e-03, 1.650000e-05, 1.650000e-05, 1.650000e-05
3.685500e-03, -2.515500e-03, 2.548954e-06, 2.826720e-06, 2.597203e-06
3.802500e-03, -2.515500e-03, 5.500000e-07, 5.500000e-07, 5.500000e-07
3.919500e-03, -2.515500e-03, 6.326752e-06, 6.240696e-06, 6.180962e-06
4.036500e-03, -2.515500e-03, 1.146400e-05, 1.114817e-05, 1.118992e-05
4.153500e-03, -2.515500e-03, 8.385321e-06, 8.486864e-06, 8.266940e-06
4.270500e-03, -2.515500e-03, 2.448492e-06, 2.459331e-06, 2.406198e-06
4.387500e-03, -2.515500e-03, 1.074493e-05, 1.045133e-05, 1.047652e-05
4.504500e-03, -2.515500e-03, 1.167550e-05, 1.162134e-05, 1.146234e-05
4.621500e-03, -2.515500e-03, 4.601620e-06, 4.342157e-06, 4.354318e-06
4.738500e-03, -2.515500e-03, 4.325344e-06, 4.040976e-06, 4.089706e-06
4.855500e-03, -2.515500e-03, 7.166663e-06, 7.048747e-06, 6.986572e-06
4.972500e-03, -2.515500e-03, 1.003329e-05, 9.958542e-06, 9.807895e-06
5.089500e-03, -2.515500e-03, 3.898537e-06, 3.881799e-06, 3.814274e-06
5.206500e-03, -2.515500e-03, 1.076703e-05, 1.044281e-05, 1.047122e-05
5.323500e-03, -2.515500e-03, 1.006594e-05, 9.820311e-06, 9.729050e-06
5.440500e-03, -2.515500e-03, 2.651775e-06, 2.669799e-06, 2.615773e-06
5.557500e-03, -2.515500e-03, 5.500000e-07, 5.500000e-07, 5.500000e-07
5.674500e-03, -2.515500e-03, 5.500000e-07, 5.500000e-07, 5.500000e-07
5.791500e-03, -2.515500e-03, 5.500000e-07, 5.500000e-07, 5.500000e-07
-5.791500e-03, -2.398500e-03, 2.896463e-06, 3.176153e-06, 2.943927e-06
-5.674500e-03, -2.398500e-03, 1.650000e-05, 1.650000e-05, 1.650000e-05
-5.557500e-03, -2.398500e-03, 1.650000e-05, 1.650000e-05, 1.650000e-05
-5.440500e-03, -2.398500e-03, 1.650000e-05, 1.650000e-05, 1.650000e-05
-5.323500e-03, -2.398500e-03, 1.567611e-05, 1.579681e-05, 1.560606e-05
-5.206500e-03, -2.398500e-03, 1.650000e-05, 1.650000e-05, 1.650000e-05
-5.089500e-03, -2.398500e-03, 1.565569e-05, 1.578278e-05, 1.560432e-05
-4.972500e-03, -2.398500e-03, 1.299211e-05, 1.356732e-05, 1.303039e-05
-4.855500e-03, -2.398500e-03, 1.650000e-05, 1.650000e-05, 1.650000e-05
-4.738500e-03, -2.398500e-03, 1.649984e-05, 1.649984e-05, 1.649984e-05
-4.621500e-03, -2.398500e-03, 1.512809e-05, 1.535340e-05, 1.512102e-05
-4.504500e-03, -2.398500e-03, 1.650000e-05, 1.650000e-05, 1.650000e-05
-4.387500e-03, -2.398500e-03, 8.887542e-06, 8.851070e-06, 8.697830e-06
-4.270500e-03, -2.398500e-03, 1.163367e-05, 1.163798e-05, 1.150150e-05
-4.153500e-03, -2.398500e-03, 1.650000e-05, 1.650000e-05, 1.650000e-05
-4.036500e-03, -2.398500e-03, 1.650000e-05, 1.650000e-05, 1.650000e-05
-3.919500e-03, -2.398500e-03, 1.650000e-05, 1.650000e-05, 1.650000e-05
-3.802500e-03, -2.398500e-03, 1.650000e-05, 1.650000e-05, 1.650000e-05
-3.685500e-03, -2.398500e-03, 1.650000e-05, 1.650000e-05, 1.650000e-05
-3.568500e-03, -2.398500e-03, 1.650000e-05, 1.650000e-05, 1.650000e-05
-3.451500e-03, -2.398500e-03, 1.650000e-05, 1.650000e-05, 1.650000e-05
-3.334500e-03, -2.398500e-03, 1.521207e-05, 1.546556e-05, 1.526121e-05
-3.217500e-03, -2.398500e-03, 1.174572e-06, 1.364522e-06, 1.225474e-06
-3.100500e-03, -2.398500e-03, 1.650000e-05, 1.650000e-05, 1.650000e-05
-2.983500e-03, -2.398500e-03, 1.650000e-05, 1.650000e-05, 1.650000e-05
-2.866500e-03, -2.398500e-03, 1.650000e-05, 1.650000e-05, 1.650000e-05
-2.749500e-03, -2.398500e-03, 1.650000e-05, 1.650000e-05, 1.650000e-05
-2.632500e-03, -2.398500e-03, 5.438854e-06, 5.725093e-06, 5.483446e-06
-2.515500e-03, -2.398500e-03, 6.369455e-06, 6.672705e-06, 6.419692e-06
-2.398500e-03, -2.398500e-03, 1.650000e-05, 1.650000e-05, 1.650000e-05
-2.281500e-03, -2.398500e-03, 1.650000e-05, 1.650000e-05, 1.650000e-05
-2.164500e-03, -2.398500e-03, 1.650000e-05, 1.650000e-05, 1.650000e-05
-2.047500e-03, -2.398500e-03, 1.489145e-05, 1.489145e-05, 1.483594e-05
-1.930500e-03, -2.398500e-03, 1.277909e-05, 1.275775e-05, 1.266095e-05
-1.813500e-03, -2.398500e-03, 1.650000e-05, 1.650000e-05, 1.650000e-05
-1.696500e-03, -2.398500e-03, 1.650000e-05, 1.650000e-05, 1.650000e-05
-1.579500e-03, -2.398500e-03, 1.650000e-05, 1.650000e-05, 1.650000e-05
-1.462500e-03, -2.398500e-03, 1.650000e-05, 1.650000e-05, 1.650000e-05
-1.345500e-03, -2.398500e-03, 1.650000e-05, 1.650000e-05, 1.650000e-05
-1.228500e-03, -2.398500e-03, 1.650000e-05, 1.650000e-05, 1.650000e-05
-1.111500e-03, -2.398500e-03, 1.650000e-05, 1.650000e-05, 1.650000e-05
-9.945000e-04, -2.398500e-03, 1.650000e-05, 1.650000e-05, 1.650000e-05
-8.775000e-04, -2.398500e-03, 1.650000e-05, 1.650000e-05, 1.650000e-05
-7.605000e-04, -2.398500e-03, 1.650000e-05, 1.650000e-05, 1.650000e-05
-6.435000e-04, -2.398500e-03, 1.650000e-05, 1.650000e-05, 1.650000e-05
-5.265000e-04, -2.398500e-03, 1.650000e-05, 1.650000e-05, 1.650000e-05
-4.095000e-04, -2.398500e-03, 1.650000e-05, 1.650000e-05, 1.650000e-05
-2.925000e-04, -2.398500e-03, 1.331625e-05, 1.364310e-05, 1.336724e-05
-1.755000e-04, -2.398500e-03, 9.190239e-06, 9.504704e-06, 9.238399e-06
-5.850000e-05, -2.398500e-03, 1.650000e-05, 1.650000e-05, 1.650000e-05
5.850000e-05, -2.398500e-03, 1.650000e-05, 1.650000e-05, 1.650000e-05
1.755000e-04, -2.398500e-03, 1.650000e-05, 1.650000e-05, 1.650000e-05
2.925000e-04, -2.398500e-03, 1.650000e-05, 1.650000e-05, 1.650000e-05
4.095000e-04, -2.398500e-03, 1.650000e-05, 1.650000e-05, 1.650000e-05
5.265000e-04, -2.398500e-03, 1.650000e-05, 1.650000e-05, 1.650000e-05
6.435000e-04, -2.398500e-03, 1.650000e-05, 1.650000e-05, 1.650000e-05
7.605000e-04, -2.398500e-03, 1.650000e-05, 1.650000e-05, 1.650000e-05
8.775000e-04, -2.398500e-03, 1.650000e-05, 1.650000e-05, 1.650000e-05
9.945000e-04, -2.398500e-03, 1.650000e-05, 1.650000e-05, 1.650000e-05
1.111500e-03, -2.398500e-03, 1.650000e-05, 1.650000e-05, 1.650000e-05
1.228500e-03, -2.398500e-03, 1.650000e-05, 1.650000e-05, 1.650000e-05
1.345500e-03, -2.398500e-03, 1.650000e-05, 1.650000e-05, 1.650000e-05
1.462500e-03, -2.398500e-03, 1.650000e-05, 1.650000e-05, 1.650000e-05
1.579500e-03, -2.398500e-03, 1.650000e-05, 1.650000e-05, 1.650000e-05
1.696500e-03, -2.398500e-03, 1.650000e-05, 1.650000e-05, 1.650000e-05
1.813500e-03, -2.398500e-03, 1.650000e-05, 1.650000e-05, 1.650000e-05
1.930500e-03, -2.398500e-03, 1.650000e-05, 1.650000e-05, 1.650000e-05
2.047500e-03, -2.398500e-03, 1.650000e-05, 1.650000e-05, 1.650000e-05
2.164500e-03, -2.398500e-03, 1.650000e-05, 1.650000e-05, 1.650000e-05
2.281500e-03, -2.398500e-03, 1.650000e-05, 1.650000e-05, 1.650000e-05
2.398500e-03, -2.398500e-03, 1.650000e-05, 1.650000e-05, 1.650000e-05
2.515500e-03, -2.398500e-03, 1.650000e-05, 1.650000e-05, 1.650000e-05
2.632500e-03, -2.398500e-03, 1.637251e-05, 1.636342e-05, 1.636952e-05
2.749500e-03, -2.398500e-03, 1.650000e-05, 1.650000e-05, 1.650000e-05
2.866500e-03, -2.398500e-03, 1.650000e-05, 1.650000e-05, 1.650000e-05
2.983500e-03, -2.398500e-03, 7.871355e-06, 8.558205e-06, 7.971806e-06
3.100500e-03, -2.398500e-03, 1.650000e-05, 1.650000e-05, 1.650000e-05
3.217500e-03, -2.398500e-03, 1.650000e-05, 1.650000e-05, 1.650000e-05
3.334500e-03, -2.398500e-03, 1.650000e-05, 1.650000e-05, 1.650000e-05
3.451500e-03, -2.398500e-03, 1.650000e-05, 1.650000e-05, 1.650000e-05
3.568500e-03, -2.398500e-03, 1.650000e-05, 1.650000e-05, 1.650000e-05
3.685500e-03, -2.398500e-03, 2.548954e-06, 2.826720e-06, 2.597203e-06
3.802500e-03, -2.398500e-03, 5.500000e-07, 5.500000e-07, 5.500000e-07
3.919500e-03, -2.398500e-03, 1.493213e-05, 1.514776e-05, 1.496457e-05
4.036500e-03, -2.398500e-03, 1.650000e-05, 1.650000e-05, 1.650000e-05
4.153500e-03, -2.398500e-03, 5.478963e-06, 5.754863e-06, 5.523183e-06
4.270500e-03, -2.398500e-03, 8.277014e-06, 8.549704e-06, 8.292408e-06
4.387500e-03, -2.398500e-03, 1.650000e-05, 1.650000e-05, 1.650000e-05
4.504500e-03, -2.398500e-03, 1.218032e-05, 1.248770e-05, 1.220959e-05
4.621500e-03, -2.398500e-03, 5.500000e-07, 5.500000e-07, 5.500000e-07
4.738500e-03, -2.398500e-03, 4.780722e-06, 4.677149e-06, 4.640165e-06
4.855500e-03, -2.398500e-03, 1.152115e-05, 1.134151e-05, 1.130288e-05
4.972500e-03, -2.398500e-03, 1.243031e-05, 1.251976e-05, 1.227603e-05
5.089500e-03, -2.398500e-03, 1.087879e-05, 1.115903e-05, 1.088446e-05
5.206500e-03, -2.398500e-03, 1.650000e-05, 1.650000e-05, 1.650000e-05
5.323500e-03, -2.398500e-03, 9.099808e-06, 9.374953e-06, 9.111086e-06
5.440500e-03, -2.398500e-03, 5.500000e-07, 5.500000e-07, 5.500000e-07
5.557500e-03, -2.398500e-03, 5.500000e-07, 5.500000e-07, 5.500000e-07
5.674500e-03, -2.398500e-03, 5.500000e-07, 5.500000e-07, 5.500000e-07
5.791500e-03, -2.398500e-03, 5.500000e-07, 5.500000e-07, 5.500000e-07
-5.791500e-03, -2.281500e-03, 2.896463e-06, 3.176153e-06, 2.943927e-06
-5.674500e-03, -2.281500e-03, 1.650000e-05, 1.650000e-05, 1.650000e-05
-5.557500e-03, -2.281500e-03, 1.650000e-05, 1.650000e-05, 1.650000e-05
-5.440500e-03, -2.281500e-03, 1.650000e-05, 1.650000e-05, 1.650000e-05
-5.323500e-03, -2.281500e-03, 1.650000e-05, 1.650000e-05, 1.650000e-05
-5.206500e-03, -2.281500e-03, 1.579321e-05, 1.567050e-05, 1.560552e-05
-5.089500e-03, -2.281500e-03, 1.650000e-05, 1.650000e-05, 1.650000e-05
-4.972500e-03, -2.281500e-03, 1.520987e-05, 1.520550e-05, 1.516442e-05
-4.855500e-03, -2.281500e-03, 1.573726e-05, 1.567782e-05, 1.567402e-05
-4.738500e-03, -2.281500e-03, 1.540135e-05, 1.522156e-05, 1.511937e-05
-4.621500e-03, -2.281500e-03, 1.650000e-05, 1.650000e-05, 1.650000e-05
-4.504500e-03, -2.281500e-03, 1.650000e-05, 1.650000e-05, 1.650000e-05
-4.387500e-03, -2.281500e-03, 1.649170e-05, 1.649090e-05, 1.649228e-05
-4.270500e-03, -2.281500e-03, 1.650000e-05, 1.650000e-05, 1.650000e-05
-4.153500e-03, -2.281500e-03, 1.650000e-05, 1.650000e-05, 1.650000e-05
-4.036500e-03, -2.281500e-03, 1.650000e-05, 1.650000e-05, 1.650000e-05
-3.919500e-03, -2.281500e-03, 1.650000e-05, 1.650000e-05, 1.650000e-05
-3.802500e-03, -2.281500e-03, 1.650000e-05, 1.650000e-05, 1.650000e-05
-3.685500e-03, -2.281500e-03, 1.638629e-05, 1.638768e-05, 1.638985e-05
-3.568500e-03, -2.281500e-03, 9.305104e-06, 9.346461e-06, 9.144628e-06
-3.451500e-03, -2.281500e-03, 1.577209e-05, 1.577684e-05, 1.575912e-05
-3.334500e-03, -2.281500e-03, 1.521207e-05, 1.546556e-05, 1.526121e-05
-3.217500e-03, -2.281500e-03, 1.174572e-06, 1.364522e-06, 1.225474e-06
-3.100500e-03, -2.281500e-03, 1.650000e-05, 1.650000e-05, 1.650000e-05
-2.983500e-03, -2.281500e-03, 1.650000e-05, 1.650000e-05, 1.650000e-05
-2.866500e-03, -2.281500e-03, 1.650000e-05, 1.650000e-05, 1.650000e-05
-2.749500e-03, -2.281500e-03, 1.650000e-05, 1.650000e-05, 1.650000e-05
-2.632500e-03, -2.281500e-03, 5.517460e-06, 5.817461e-06, 5.571302e-06
-2.515500e-03, -2.281500e-03, 6.337120e-06, 6.643646e-06, 6.390558e-06
-2.398500e-03, -2.281500e-03, 1.650000e-05, 1.650000e-05, 1.650000e-05
-2.281500e-03, -2.281500e-03, 1.586860e-05, 1.586860e-05, 1.585392e-05
-2.164500e-03, -2.281500e-03, 1.356645e-05, 1.354051e-05, 1.346284e-05
-2.047500e-03, -2.281500e-03, 1.650000e-05, 1.650000e-05, 1.650000e-05
-1.930500e-03, -2.281500e-03, 1.650000e-05, 1.650000e-05, 1.650000e-05
-1.813500e-03, -2.281500e-03, 1.301937e-05, 1.298407e-05, 1.289347e-05
-1.696500e-03, -2.281500e-03, 1.642116e-05, 1.642116e-05, 1.642360e-05
-1.579500e-03, -2.281500e-03, 1.650000e-05, 1.650000e-05, 1.650000e-05
-1.462500e-03, -2.281500e-03, 1.496440e-05, 1.496440e-05, 1.491192e-05
-1.345500e-03, -2.281500e-03, 1.447878e-05, 1.447385e-05, 1.440707e-05
-1.228500e-03, -2.281500e-03, 1.650000e-05, 1.650000e-05, 1.650000e-05
-1.111500e-03, -2.281500e-03, 1.649116e-05, 1.649116e-05, 1.649225e-05
-9.945000e-04, -2.281500e-03, 1.294598e-05, 1.290632e-05, 1.282408e-05
-8.775000e-04, -2.281500e-03, 1.650000e-05, 1.650000e-05, 1.650000e-05
-7.605000e-04, -2.281500e-03, 1.650000e-05, 1.650000e-05, 1.650000e-05
-6.435000e-04, -2.281500e-03, 1.389848e-05, 1.387671e-05, 1.380874e-05
-5.265000e-04, -2.281500e-03, 1.553641e-05, 1.553641e-05, 1.550811e-05
-4.095000e-04, -2.281500e-03, 1.650000e-05, 1.650000e-05, 1.650000e-05
-2.925000e-04, -2.281500e-03, 1.331625e-05, 1.364310e-05, 1.336724e-05
-1.755000e-04, -2.281500e-03, 9.119573e-06, 9.434822e-06, 9.167174e-06
-5.850000e-05, -2.281500e-03, 1.650000e-05, 1.650000e-05, 1.650000e-05
5.850000e-05, -2.281500e-03, 1.650000e-05, 1.650000e-05, 1.650000e-05
1.755000e-04, -2.281500e-03, 1.322879e-05, 1.319984e-05, 1.310866e-05
2.925000e-04, -2.281500e-03, 1.621096e-05, 1.621096e-05, 1.620871e-05
4.095000e-04, -2.281500e-03, 1.650000e-05, 1.650000e-05, 1.650000e-05
5.265000e-04, -2.281500e-03, 1.553641e-05, 1.553641e-05, 1.550811e-05
6.435000e-04, -2.281500e-03, 1.389848e-05, 1.387671e-05, 1.380874e-05
7.605000e-04, -2.281500e-03, 1.650000e-05, 1.650000e-05, 1.650000e-05
8.775000e-04, -2.281500e-03, 1.650000e-05, 1.650000e-05, 1.650000e-05
9.945000e-04, -2.281500e-03, 1.294598e-05, 1.290632e-05, 1.282408e-05
1.111500e-03, -2.281500e-03, 1.649116e-05, 1.649116e-05, 1.649225e-05
1.228500e-03, -2.281500e-03, 1.650000e-05, 1.650000e-05, 1.650000e-05
1.345500e-03, -2.281500e-03, 1.447878e-05, 1.447385e-05, 1.440707e-05
1.462500e-03, -2.281500e-03, 1.496440e-05, 1.496440e-05, 1.491192e-05
1.579500e-03, -2.281500e-03, 1.650000e-05, 1.650000e-05, 1.650000e-05
1.696500e-03, -2.281500e-03, 1.642116e-05, 1.642116e-05, 1.642360e-05
1.813500e-03, -2.281500e-03, 1.301937e-05, 1.298407e-05, 1.289347e-05
1.930500e-03, -2.281500e-03, 1.650000e-05, 1.650000e-05, 1.650000e-05
2.047500e-03, -2.281500e-03, 1.650000e-05, 1.650000e-05, 1.650000e-05
2.164500e-03, -2.281500e-03, 1.356645e-05, 1.354051e-05, 1.346284e-05
2.281500e-03, -2.281500e-03, 1.586860e-05, 1.586860e-05, 1.585392e-05
2.398500e-03, -2.281500e-03, 1.650000e-05, 1.650000e-05, 1.650000e-05
2.515500e-03, -2.281500e-03, 1.211676e-05, 1.213252e-05, 1.200253e-05
2.632500e-03, -2.281500e-03, 7.872449e-06, 7.821712e-06, 7.640306e-06
2.749500e-03, -2.281500e-03, 1.650000e-05, 1.650000e-05, 1.650000e-05
2.866500e-03, -2.281500e-03, 1.650000e-05, 1.650000e-05, 1.650000e-05
2.983500e-03, -2.281500e-03, 7.871355e-06, 8.558205e-06, 7.971806e-06
3.100500e-03, -2.281500e-03, 1.650000e-05, 1.650000e-05, 1.650000e-05
3.217500e-03, -2.281500e-03, 1.636582e-05, 1.637978e-05, 1.637172e-05
3.334500e-03, -2.281500e-03, 5.991849e-06, 6.009457e-06, 5.781928e-06
3.451500e-03, -2.281500e-03, 1.537852e-05, 1.542075e-05, 1.536588e-05
3.568500e-03, -2.281500e-03, 1.650000e-05, 1.650000e-05, 1.650000e-05
3.685500e-03, -2.281500e-03, 2.548954e-06, 2.826720e-06, 2.597203e-06
3.802500e-03, -2.281500e-03, 5.500000e-07, 5.500000e-07, 5.500000e-07
3.919500e-03, -2.281500e-03, 5.984102e-06, 5.893337e-06, 5.838851e-06
4.036500e-03, -2.281500e-03, 9.312918e-06, 9.085945e-06, 9.062148e-06
4.153500e-03, -2.281500e-03, 1.053536e-06, 1.058188e-06, 1.051491e-06
4.270500e-03, -2.281500e-03, 2.275612e-06, 2.281880e-06, 2.235032e-06
4.387500e-03, -2.281500e-03, 1.000740e-05, 9.731155e-06, 9.740302e-06
4.504500e-03, -2.281500e-03, 4.072308e-06, 4.045315e-06, 3.978837e-06
4.621500e-03, -2.281500e-03, 5.472724e-06, 5.472724e-06, 5.352408e-06
4.738500e-03, -2.281500e-03, 5.730529e-06, 5.730529e-06, 5.605441e-06
4.855500e-03, -2.281500e-03, 3.857092e-06, 3.786985e-06, 3.748399e-06
4.972500e-03, -2.281500e-03, 9.836856e-06, 9.367516e-06, 9.382934e-06
5.089500e-03, -2.281500e-03, 3.815428e-06, 3.801455e-06, 3.736403e-06
5.206500e-03, -2.281500e-03, 1.004870e-05, 9.771629e-06, 9.780718e-06
5.323500e-03, -2.281500e-03, 2.686495e-06, 2.691914e-06, 2.633098e-06
5.440500e-03, -2.281500e-03, 5.500000e-07, 5.500000e-07, 5.500000e-07
5.557500e-03, -2.281500e-03, 5.500000e-07, 5.500000e-07, 5.500000e-07
5.674500e-03, -2.281500e-03, 5.500000e-07, 5.500000e-07, 5.500000e-07
5.791500e-03, -2.281500e-03, 5.500000e-07, 5.500000e-07, 5.500000e-07
-5.791500e-03, -2.164500e-03, 1.820973e-06, 1.940264e-06, 1.843794e-06
-5.674500e-03, -2.164500e-03, 1.111107e-05, 1.063731e-05, 1.069815e-05
-5.557500e-03, -2.164500e-03, 1.394659e-05, 1.347767e-05, 1.350344e-05
-5.440500e-03, -2.164500e-03, 1.645351e-05, 1.645317e-05, 1.645576e-05
-5.323500e-03, -2.164500e-03, 1.650000e-05, 1.650000e-05, 1.650000e-05
-5.206500e-03, -2.164500e-03, 1.579141e-05, 1.566750e-05, 1.560531e-05
-5.089500e-03, -2.164500e-03, 1.650000e-05, 1.650000e-05, 1.650000e-05
-4.972500e-03, -2.164500e-03, 1.650000e-05, 1.650000e-05, 1.650000e-05
-4.855500e-03, -2.164500e-03, 1.650000e-05, 1.650000e-05, 1.650000e-05
-4.738500e-03, -2.164500e-03, 1.650000e-05, 1.650000e-05, 1.650000e-05
-4.621500e-03, -2.164500e-03, 1.650000e-05, 1.650000e-05, 1.650000e-05
-4.504500e-03, -2.164500e-03, 1.559956e-05, 1.550570e-05, 1.550832e-05
-4.387500e-03, -2.164500e-03, 1.429234e-05, 1.377837e-05, 1.384144e-05
-4.270500e-03, -2.164500e-03, 1.568727e-05, 1.566786e-05, 1.566389e-05
-4.153500e-03, -2.164500e-03, 1.650000e-05, 1.650000e-05, 1.650000e-05
-4.036500e-03, -2.164500e-03, 1.527929e-05, 1.503660e-05, 1.500779e-05
-3.919500e-03, -2.164500e-03, 1.592502e-05, 1.577815e-05, 1.582434e-05
-3.802500e-03, -2.164500e-03, 1.650000e-05, 1.650000e-05, 1.650000e-05
-3.685500e-03, -2.164500e-03, 1.648045e-05, 1.648045e-05, 1.648222e-05
-3.568500e-03, -2.164500e-03, 1.064964e-05, 1.066796e-05, 1.050809e-05
-3.451500e-03, -2.164500e-03, 1.610174e-05, 1.610174e-05, 1.609583e-05
-3.334500e-03, -2.164500e-03, 1.521207e-05, 1.546556e-05, 1.526121e-05
-3.217500e-03, -2.164500e-03, 1.174572e-06, 1.364522e-06, 1.225474e-06
-3.100500e-03, -2.164500e-03, 1.650000e-05, 1.650000e-05, 1.650000e-05
-2.983500e-03, -2.164500e-03, 1.650000e-05, 1.650000e-05, 1.650000e-05
-2.866500e-03, -2.164500e-03, 1.650000e-05, 1.650000e-05, 1.650000e-05
-2.749500e-03, -2.164500e-03, 1.650000e-05, 1.650000e-05, 1.650000e-05
-2.632500e-03, -2.164500e-03, 5.517460e-06, 5.817461e-06, 5.571302e-06
-2.515500e-03, -2.164500e-03, 6.337120e-06, 6.643646e-06, 6.390558e-06
-2.398500e-03, -2.164500e-03, 1.650000e-05, 1.650000e-05, 1.650000e-05
-2.281500e-03, -2.164500e-03, 1.354051e-05, 1.356645e-05, 1.346284e-05
-2.164500e-03, -2.164500e-03, 8.764339e-06, 8.764339e-06, 8.605186e-06
-2.047500e-03, -2.164500e-03, 1.650000e-05, 1.650000e-05, 1.650000e-05
-1.930500e-03, -2.164500e-03, 1.643003e-05, 1.643718e-05, 1.643513e-05
-1.813500e-03, -2.164500e-03, 7.113620e-06, 7.154825e-06, 6.923492e-06
-1.696500e-03, -2.164500e-03, 1.523004e-05, 1.525482e-05, 1.520567e-05
-1.579500e-03, -2.164500e-03, 1.650000e-05, 1.650000e-05, 1.650000e-05
-1.462500e-03, -2.164500e-03, 1.161896e-05, 1.163439e-05, 1.150215e-05
-1.345500e-03, -2.164500e-03, 1.069263e-05, 1.069675e-05, 1.056677e-05
-1.228500e-03, -2.164500e-03, 1.650000e-05, 1.650000e-05, 1.650000e-05
-1.111500e-03, -2.164500e-03, 1.570572e-05, 1.572984e-05, 1.569958e-05
-9.945000e-04, -2.164500e-03, 6.840971e-06, 6.886415e-06, 6.639508e-06
-8.775000e-04, -2.164500e-03, 1.621961e-05, 1.623842e-05, 1.622490e-05
-7.605000e-04, -2.164500e-03, 1.650000e-05, 1.650000e-05, 1.650000e-05
-6.435000e-04, -2.164500e-03, 9.515682e-06, 9.511394e-06, 9.377952e-06
-5.265000e-04, -2.164500e-03, 1.278496e-05, 1.280834e-05, 1.268882e-05
-4.095000e-04, -2.164500e-03, 1.650000e-05, 1.650000e-05, 1.650000e-05
-2.925000e-04, -2.164500e-03, 1.331625e-05, 1.364310e-05, 1.336724e-05
-1.755000e-04, -2.164500e-03, 9.119573e-06, 9.434822e-06, 9.167174e-06
-5.850000e-05, -2.164500e-03, 1.650000e-05, 1.650000e-05, 1.650000e-05
5.850000e-05, -2.164500e-03, 1.650000e-05, 1.650000e-05, 1.650000e-05
1.755000e-04, -2.164500e-03, 7.856475e-06, 7.880897e-06, 7.665614e-06
2.925000e-04, -2.164500e-03, 1.445554e-05, 1.448165e-05, 1.440463e-05
4.095000e-04, -2.164500e-03, 1.650000e-05, 1.650000e-05, 1.650000e-05
5.265000e-04, -2.164500e-03, 1.278496e-05, 1.280834e-05, 1.268882e-05
6.435000e-04, -2.164500e-03, 9.515682e-06, 9.511394e-06, 9.377952e-06
7.605000e-04, -2.164500e-03, 1.650000e-05, 1.650000e-05, 1.650000e-05
8.775000e-04, -2.164500e-03, 1.621961e-05, 1.623842e-05, 1.622490e-05
9.945000e-04, -2.164500e-03, 6.840971e-06, 6.886415e-06, 6.639508e-06
1.111500e-03, -2.164500e-03, 1.570572e-05, 1.572984e-05, 1.569958e-05
1.228500e-03, -2.164500e-03, 1.650000e-05, 1.650000e-05, 1.650000e-05
1.345500e-03, -2.164500e-03, 1.069263e-05, 1.069675e-05, 1.056677e-05
1.462500e-03, -2.164500e-03, 1.161896e-05, 1.163439e-05, 1.150215e-05
1.579500e-03, -2.164500e-03, 1.650000e-05, 1.650000e-05, 1.650000e-05
1.696500e-03, -2.164500e-03, 1.523004e-05, 1.525482e-05, 1.520567e-05
1.813500e-03, -2.164500e-03, 7.113620e-06, 7.154825e-06, 6.923492e-06
1.930500e-03, -2.164500e-03, 1.643003e-05, 1.643718e-05, 1.643513e-05
2.047500e-03, -2.164500e-03, 1.650000e-05, 1.650000e-05, 1.650000e-05
2.164500e-03, -2.164500e-03, 8.764339e-06, 8.764339e-06, 8.605186e-06
2.281500e-03, -2.164500e-03, 1.354051e-05, 1.356645e-05, 1.346284e-05
2.398500e-03, -2.164500e-03, 1.650000e-05, 1.650000e-05, 1.650000e-05
2.515500e-03, -2.164500e-03, 1.636589e-05, 1.636589e-05, 1.636763e-05
2.632500e-03, -2.164500e-03, 1.553203e-05, 1.551722e-05, 1.550072e-05
2.749500e-03, -2.164500e-03, 1.650000e-05, 1.650000e-05, 1.650000e-05
2.866500e-03, -2.164500e-03, 1.650000e-05, 1.650000e-05, 1.650000e-05
2.983500e-03, -2.164500e-03, 7.871355e-06, 8.558205e-06, 7.971806e-06
3.100500e-03, -2.164500e-03, 1.650000e-05, 1.650000e-05, 1.650000e-05
3.217500e-03, -2.164500e-03, 1.650000e-05, 1.650000e-05, 1.650000e-05
3.334500e-03, -2.164500e-03, 1.397555e-05, 1.391556e-05, 1.386058e-05
3.451500e-03, -2.164500e-03, 1.649995e-05, 1.649995e-05, 1.649995e-05
3.568500e-03, -2.164500e-03, 1.650000e-05, 1.650000e-05, 1.650000e-05
3.685500e-03, -2.164500e-03, 2.548954e-06, 2.826720e-06, 2.597203e-06
3.802500e-03, -2.164500e-03, 5.500000e-07, 5.500000e-07, 5.500000e-07
3.919500e-03, -2.164500e-03, 5.500000e-07, 5.500000e-07, 5.500000e-07
4.036500e-03, -2.164500e-03, 5.500000e-07, 5.500000e-07, 5.500000e-07
4.153500e-03, -2.164500e-03, 5.500000e-07, 5.500000e-07, 5.500000e-07
4.270500e-03, -2.164500e-03, 5.837910e-07, 5.837910e-07, 5.863524e-07
4.387500e-03, -2.164500e-03, 4.008609e-06, 3.746911e-06, 3.792066e-06
4.504500e-03, -2.164500e-03, 6.887573e-06, 6.773204e-06, 6.686247e-06
4.621500e-03, -2.164500e-03, 6.532322e-06, 6.532322e-06, 6.377527e-06
4.738500e-03, -2.164500e-03, 7.042336e-06, 6.408974e-06, 6.337047e-06
4.855500e-03, -2.164500e-03, 9.034690e-06, 8.305637e-06, 8.323916e-06
4.972500e-03, -2.164500e-03, 1.643663e-05, 1.643454e-05, 1.643829e-05
5.089500e-03, -2.164500e-03, 4.552557e-06, 4.761295e-06, 4.573642e-06
5.206500e-03, -2.164500e-03, 3.702507e-06, 3.454438e-06, 3.501662e-06
5.323500e-03, -2.164500e-03, 6.579032e-07, 6.574296e-07, 6.607459e-07
5.440500e-03, -2.164500e-03, 5.500000e-07, 5.500000e-07, 5.500000e-07
5.557500e-03, -2.164500e-03, 5.500000e-07, 5.500000e-07, 5.500000e-07
5.674500e-03, -2.164500e-03, 5.500000e-07, 5.500000e-07, 5.500000e-07
5.791500e-03, -2.164500e-03, 5.500000e-07, 5.500000e-07, 5.500000e-07
-5.791500e-03, -2.047500e-03, 5.682641e-07, 5.718604e-07, 5.716779e-07
-5.674500e-03, -2.047500e-03, 1.447251e-05, 1.458964e-05, 1.442837e-05
-5.557500e-03, -2.047500e-03, 1.622133e-05, 1.622133e-05, 1.621938e-05
-5.440500e-03, -2.047500e-03, 1.337134e-05, 1.382653e-05, 1.338465e-05
-5.323500e-03, -2.047500e-03, 1.579892e-05, 1.584509e-05, 1.579285e-05
-5.206500e-03, -2.047500e-03, 1.650000e-05, 1.650000e-05, 1.650000e-05
-5.089500e-03, -2.047500e-03, 1.579585e-05, 1.584484e-05, 1.579258e-05
-4.972500e-03, -2.047500e-03, 1.530569e-05, 1.539641e-05, 1.530611e-05
-4.855500e-03, -2.047500e-03, 1.442531e-05, 1.398679e-05, 1.397783e-05
-4.738500e-03, -2.047500e-03, 1.335460e-05, 1.321023e-05, 1.309202e-05
-4.621500e-03, -2.047500e-03, 1.353877e-05, 1.331759e-05, 1.327051e-05
-4.504500e-03, -2.047500e-03, 1.381288e-05, 1.388522e-05, 1.367443e-05
-4.387500e-03, -2.047500e-03, 1.650000e-05, 1.650000e-05, 1.650000e-05
-4.270500e-03, -2.047500e-03, 1.367283e-05, 1.407062e-05, 1.364495e-05
-4.153500e-03, -2.047500e-03, 1.528085e-05, 1.543766e-05, 1.529992e-05
-4.036500e-03, -2.047500e-03, 1.638041e-05, 1.638109e-05, 1.638440e-05
-3.919500e-03, -2.047500e-03, 1.538839e-05, 1.549112e-05, 1.540430e-05
-3.802500e-03, -2.047500e-03, 1.650000e-05, 1.650000e-05, 1.650000e-05
-3.685500e-03, -2.047500e-03, 1.650000e-05, 1.650000e-05, 1.650000e-05
-3.568500e-03, -2.047500e-03, 1.650000e-05, 1.650000e-05, 1.650000e-05
-3.451500e-03, -2.047500e-03, 1.650000e-05, 1.650000e-05, 1.650000e-05
-3.334500e-03, -2.047500e-03, 1.521207e-05, 1.546556e-05, 1.526121e-05
-3.217500e-03, -2.047500e-03, 6.867816e-07, 7.062089e-07, 6.984309e-07
-3.100500e-03, -2.047500e-03, 1.154668e-05, 1.146202e-05, 1.133646e-05
-2.983500e-03, -2.047500e-03, 1.567982e-05, 1.553628e-05, 1.556361e-05
-2.866500e-03, -2.047500e-03, 1.650000e-05, 1.650000e-05, 1.650000e-05
-2.749500e-03, -2.047500e-03, 1.650000e-05, 1.650000e-05, 1.650000e-05
-2.632500e-03, -2.047500e-03, 5.517460e-06, 5.817461e-06, 5.571302e-06
-2.515500e-03, -2.047500e-03, 6.337120e-06, 6.643646e-06, 6.390558e-06
-2.398500e-03, -2.047500e-03, 1.650000e-05, 1.650000e-05, 1.650000e-05
-2.281500e-03, -2.047500e-03, 1.650000e-05, 1.650000e-05, 1.650000e-05
-2.164500e-03, -2.047500e-03, 1.650000e-05, 1.650000e-05, 1.650000e-05
-2.047500e-03, -2.047500e-03, 1.650000e-05, 1.650000e-05, 1.650000e-05
-1.930500e-03, -2.047500e-03, 1.650000e-05, 1.650000e-05, 1.650000e-05
-1.813500e-03, -2.047500e-03, 1.650000e-05, 1.650000e-05, 1.650000e-05
-1.696500e-03, -2.047500e-03, 1.650000e-05, 1.650000e-05, 1.650000e-05
-1.579500e-03, -2.047500e-03, 1.650000e-05, 1.650000e-05, 1.650000e-05
-1.462500e-03, -2.047500e-03, 1.650000e-05, 1.650000e-05, 1.650000e-05
-1.345500e-03, -2.047500e-03, 1.650000e-05, 1.650000e-05, 1.650000e-05
-1.228500e-03, -2.047500e-03, 1.650000e-05, 1.650000e-05, 1.650000e-05
-1.111500e-03, -2.047500e-03, 1.650000e-05, 1.650000e-05, 1.650000e-05
-9.945000e-04, -2.047500e-03, 1.650000e-05, 1.650000e-05, 1.650000e-05
-8.775000e-04, -2.047500e-03, 1.650000e-05, 1.650000e-05, 1.650000e-05
-7.605000e-04, -2.047500e-03, 1.650000e-05, 1.650000e-05, 1.650000e-05
-6.435000e-04, -2.047500e-03, 1.650000e-05, 1.650000e-05, 1.650000e-05
-5.265000e-04, -2.047500e-03, 1.650000e-05, 1.650000e-05, 1.650000e-05
-4.095000e-04, -2.047500e-03, 1.650000e-05, 1.650000e-05, 1.650000e-05
-2.925000e-04, -2.047500e-03, 1.331625e-05, 1.364310e-05, 1.336724e-05
-1.755000e-04, -2.047500e-03, 9.119573e-06, 9.434822e-06, 9.167174e-06
-5.850000e-05, -2.047500e-03, 1.650000e-05, 1.650000e-05, 1.650000e-05
5.850000e-05, -2.047500e-03, 1.650000e-05, 1.650000e-05, 1.650000e-05
1.755000e-04, -2.047500e-03, 1.650000e-05, 1.650000e-05, 1.650000e-05
2.925000e-04, -2.047500e-03, 1.650000e-05, 1.650000e-05, 1.650000e-05
4.095000e-04, -2.047500e-03, 1.650000e-05, 1.650000e-05, 1.650000e-05
5.265000e-04, -2.047500e-03, 1.650000e-05, 1.650000e-05, 1.650000e-05
6.435000e-04, -2.047500e-03, 1.650000e-05, 1.650000e-05, 1.650000e-05
7.605000e-04, -2.047500e-03, 1.650000e-05, 1.650000e-05, 1.650000e-05
8.775000e-04, -2.047500e-03, 1.650000e-05, 1.650000e-05, 1.650000e-05
9.945000e-04, -2.047500e-03, 1.650000e-05, 1.650000e-05, 1.650000e-05
1.111500e-03, -2.047500e-03, 1.650000e-05, 1.650000e-05, 1.650000e-05
1.228500e-03, -2.047500e-03, 1.650000e-05, 1.650000e-05, 1.650000e-05
1.345500e-03, -2.047500e-03, 1.650000e-05, 1.650000e-05, 1.650000e-05
1.462500e-03, -2.047500e-03, 1.650000e-05, 1.650000e-05, 1.650000e-05
1.579500e-03, -2.047500e-03, 1.650000e-05, 1.650000e-05, 1.650000e-05
1.696500e-03, -2.047500e-03, 1.650000e-05, 1.650000e-05, 1.650000e-05
1.813500e-03, -2.047500e-03, 1.650000e-05, 1.650000e-05, 1.650000e-05
1.930500e-03, -2.047500e-03, 1.650000e-05, 1.650000e-05, 1.650000e-05
2.047500e-03, -2.047500e-03, 1.650000e-05, 1.650000e-05, 1.650000e-05
2.164500e-03, -2.047500e-03, 1.650000e-05, 1.650000e-05, 1.650000e-05
2.281500e-03, -2.047500e-03, 1.650000e-05, 1.650000e-05, 1.650000e-05
2.398500e-03, -2.047500e-03, 1.650000e-05, 1.650000e-05, 1.650000e-05
2.515500e-03, -2.047500e-03, 1.650000e-05, 1.650000e-05, 1.650000e-05
2.632500e-03, -2.047500e-03, 1.650000e-05, 1.650000e-05, 1.650000e-05
2.749500e-03, -2.047500e-03, 1.650000e-05, 1.650000e-05, 1.650000e-05
2.866500e-03, -2.047500e-03, 1.650000e-05, 1.650000e-05, 1.650000e-05
2.983500e-03, -2.047500e-03, 7.871355e-06, 8.558205e-06, 7.971806e-06
3.100500e-03, -2.047500e-03, 1.650000e-05, 1.650000e-05, 1.650000e-05
3.217500e-03, -2.047500e-03, 1.650000e-05, 1.650000e-05, 1.650000e-05
3.334500e-03, -2.047500e-03, 1.650000e-05, 1.650000e-05, 1.650000e-05
3.451500e-03, -2.047500e-03, 1.650000e-05, 1.650000e-05, 1.650000e-05
3.568500e-03, -2.047500e-03, 1.650000e-05, 1.650000e-05, 1.650000e-05
3.685500e-03, -2.047500e-03, 2.548954e-06, 2.826720e-06, 2.597203e-06
3.802500e-03, -2.047500e-03, 5.500000e-07, 5.500000e-07, 5.500000e-07
3.919500e-03, -2.047500e-03, 5.500000e-07, 5.500000e-07, 5.500000e-07
4.036500e-03, -2.047500e-03, 5.500000e-07, 5.500000e-07, 5.500000e-07
4.153500e-03, -2.047500e-03, 5.500000e-07, 5.500000e-07, 5.500000e-07
4.270500e-03, -2.047500e-03, 6.979838e-06, 7.175736e-06, 6.963375e-06
4.387500e-03, -2.047500e-03, 1.650000e-05, 1.650000e-05, 1.650000e-05
4.504500e-03, -2.047500e-03, 1.272556e-05, 1.305297e-05, 1.277641e-05
4.621500e-03, -2.047500e-03, 5.708454e-06, 6.236445e-06, 5.581221e-06
4.738500e-03, -2.047500e-03, 1.554235e-05, 1.554809e-05, 1.551561e-05
4.855500e-03, -2.047500e-03, 1.580852e-05, 1.580852e-05, 1.579151e-05
4.972500e-03, -2.047500e-03, 3.755633e-06, 3.684045e-06, 3.557276e-06
5.089500e-03, -2.047500e-03, 9.607727e-06, 9.801169e-06, 9.560666e-06
5.206500e-03, -2.047500e-03, 1.650000e-05, 1.650000e-05, 1.650000e-05
5.323500e-03, -2.047500e-03, 7.811583e-06, 8.006816e-06, 7.783179e-06
5.440500e-03, -2.047500e-03, 5.500000e-07, 5.500000e-07, 5.500000e-07
5.557500e-03, -2.047500e-03, 5.500000e-07, 5.500000e-07, 5.500000e-07
5.674500e-03, -2.047500e-03, 5.500000e-07, 5.500000e-07, 5.500000e-07
5.791500e-03, -2.047500e-03, 5.500000e-07, 5.500000e-07, 5.500000e-07
-5.791500e-03, -1.930500e-03, 5.500000e-07, 5.500000e-07, 5.500000e-07
-5.674500e-03, -1.930500e-03, 1.275359e-05, 1.279593e-05, 1.259727e-05
-5.557500e-03, -1.930500e-03, 1.528925e-05, 1.522877e-05, 1.520203e-05
-5.440500e-03, -1.930500e-03, 1.319188e-05, 1.355519e-05, 1.322062e-05
-5.323500e-03, -1.930500e-03, 1.629743e-05, 1.629995e-05, 1.629684e-05
-5.206500e-03, -1.930500e-03, 1.648747e-05, 1.648588e-05, 1.648775e-05
-5.089500e-03, -1.930500e-03, 1.629561e-05, 1.629978e-05, 1.629669e-05
-4.972500e-03, -1.930500e-03, 1.471452e-05, 1.498072e-05, 1.473780e-05
-4.855500e-03, -1.930500e-03, 1.434567e-05, 1.411234e-05, 1.409494e-05
-4.738500e-03, -1.930500e-03, 8.395018e-06, 7.867873e-06, 7.829537e-06
-4.621500e-03, -1.930500e-03, 4.517196e-06, 4.086677e-06, 4.167806e-06
-4.504500e-03, -1.930500e-03, 1.139426e-05, 1.127344e-05, 1.119260e-05
-4.387500e-03, -1.930500e-03, 1.617746e-05, 1.613212e-05, 1.615111e-05
-4.270500e-03, -1.930500e-03, 1.259377e-05, 1.301073e-05, 1.260612e-05
-4.153500e-03, -1.930500e-03, 1.299721e-05, 1.361967e-05, 1.307207e-05
-4.036500e-03, -1.930500e-03, 1.650000e-05, 1.650000e-05, 1.650000e-05
-3.919500e-03, -1.930500e-03, 1.503092e-05, 1.508985e-05, 1.500476e-05
-3.802500e-03, -1.930500e-03, 1.625222e-05, 1.630858e-05, 1.626990e-05
-3.685500e-03, -1.930500e-03, 1.650000e-05, 1.650000e-05, 1.650000e-05
-3.568500e-03, -1.930500e-03, 1.650000e-05, 1.650000e-05, 1.650000e-05
-3.451500e-03, -1.930500e-03, 1.650000e-05, 1.650000e-05, 1.650000e-05
-3.334500e-03, -1.930500e-03, 1.521207e-05, 1.546556e-05, 1.526121e-05
-3.217500e-03, -1.930500e-03, 5.500000e-07, 5.500000e-07, 5.500000e-07
-3.100500e-03, -1.930500e-03, 9.375302e-06, 9.505524e-06, 9.275938e-06
-2.983500e-03, -1.930500e-03, 1.351598e-05, 1.370604e-05, 1.342923e-05
-2.866500e-03, -1.930500e-03, 1.649426e-05, 1.649502e-05, 1.649513e-05
-2.749500e-03, -1.930500e-03, 1.650000e-05, 1.650000e-05, 1.650000e-05
-2.632500e-03, -1.930500e-03, 5.517460e-06, 5.817461e-06, 5.571302e-06
-2.515500e-03, -1.930500e-03, 2.730634e-06, 2.768073e-06, 2.699036e-06
-2.398500e-03, -1.930500e-03, 1.061651e-05, 1.029458e-05, 1.034231e-05
-2.281500e-03, -1.930500e-03, 1.064896e-05, 1.032104e-05, 1.037542e-05
-2.164500e-03, -1.930500e-03, 1.064896e-05, 1.032104e-05, 1.037542e-05
-2.047500e-03, -1.930500e-03, 1.064896e-05, 1.032104e-05, 1.037542e-05
-1.930500e-03, -1.930500e-03, 1.064896e-05, 1.032104e-05, 1.037542e-05
-1.813500e-03, -1.930500e-03, 1.064896e-05, 1.032104e-05, 1.037542e-05
-1.696500e-03, -1.930500e-03, 1.486257e-05, 1.484736e-05, 1.480412e-05
-1.579500e-03, -1.930500e-03, 1.650000e-05, 1.650000e-05, 1.650000e-05
-1.462500e-03, -1.930500e-03, 1.650000e-05, 1.650000e-05, 1.650000e-05
-1.345500e-03, -1.930500e-03, 1.650000e-05, 1.650000e-05, 1.650000e-05
-1.228500e-03, -1.930500e-03, 1.650000e-05, 1.650000e-05, 1.650000e-05
-1.111500e-03, -1.930500e-03, 1.650000e-05, 1.650000e-05, 1.650000e-05
-9.945000e-04, -1.930500e-03, 1.650000e-05, 1.650000e-05, 1.650000e-05
-8.775000e-04, -1.930500e-03, 1.650000e-05, 1.650000e-05, 1.650000e-05
-7.605000e-04, -1.930500e-03, 1.650000e-05, 1.650000e-05, 1.650000e-05
-6.435000e-04, -1.930500e-03, 1.643558e-05, 1.642984e-05, 1.643496e-05
-5.265000e-04, -1.930500e-03, 1.650000e-05, 1.650000e-05, 1.650000e-05
-4.095000e-04, -1.930500e-03, 1.650000e-05, 1.650000e-05, 1.650000e-05
-2.925000e-04, -1.930500e-03, 1.331625e-05, 1.364310e-05, 1.336724e-05
-1.755000e-04, -1.930500e-03, 9.119573e-06, 9.434822e-06, 9.167174e-06
-5.850000e-05, -1.930500e-03, 1.650000e-05, 1.650000e-05, 1.650000e-05
5.850000e-05, -1.930500e-03, 1.650000e-05, 1.650000e-05, 1.650000e-05
1.755000e-04, -1.930500e-03, 1.643792e-05, 1.643006e-05, 1.643512e-05
2.925000e-04, -1.930500e-03, 1.650000e-05, 1.650000e-05, 1.650000e-05
4.095000e-04, -1.930500e-03, 1.650000e-05, 1.650000e-05, 1.650000e-05
5.265000e-04, -1.930500e-03, 1.650000e-05, 1.650000e-05, 1.650000e-05
6.435000e-04, -1.930500e-03, 1.643558e-05, 1.642984e-05, 1.643496e-05
7.605000e-04, -1.930500e-03, 1.650000e-05, 1.650000e-05, 1.650000e-05
8.775000e-04, -1.930500e-03, 1.650000e-05, 1.650000e-05, 1.650000e-05
9.945000e-04, -1.930500e-03, 1.650000e-05, 1.650000e-05, 1.650000e-05
1.111500e-03, -1.930500e-03, 1.650000e-05, 1.650000e-05, 1.650000e-05
1.228500e-03, -1.930500e-03, 1.650000e-05, 1.650000e-05, 1.650000e-05
1.345500e-03, -1.930500e-03, 1.650000e-05, 1.650000e-05, 1.650000e-05
1.462500e-03, -1.930500e-03, 1.650000e-05, 1.650000e-05, 1.650000e-05
1.579500e-03, -1.930500e-03, 1.650000e-05, 1.650000e-05, 1.650000e-05
1.696500e-03, -1.930500e-03, 1.650000e-05, 1.650000e-05, 1.650000e-05
1.813500e-03, -1.930500e-03, 1.650000e-05, 1.650000e-05, 1.650000e-05
1.930500e-03, -1.930500e-03, 1.650000e-05, 1.650000e-05, 1.650000e-05
2.047500e-03, -1.930500e-03, 1.650000e-05, 1.650000e-05, 1.650000e-05
2.164500e-03, -1.930500e-03, 1.643718e-05, 1.643003e-05, 1.643513e-05
2.281500e-03, -1.930500e-03, 1.650000e-05, 1.650000e-05, 1.650000e-05
2.398500e-03, -1.930500e-03, 1.650000e-05, 1.650000e-05, 1.650000e-05
2.515500e-03, -1.930500e-03, 1.227540e-05, 1.227868e-05, 1.214923e-05
2.632500e-03, -1.930500e-03, 1.280693e-05, 1.281329e-05, 1.269033e-05
2.749500e-03, -1.930500e-03, 1.650000e-05, 1.650000e-05, 1.650000e-05
2.866500e-03, -1.930500e-03, 1.650000e-05, 1.650000e-05, 1.650000e-05
2.983500e-03, -1.930500e-03, 7.871355e-06, 8.558205e-06, 7.971806e-06
3.100500e-03, -1.930500e-03, 1.650000e-05, 1.650000e-05, 1.650000e-05
3.217500e-03, -1.930500e-03, 1.650000e-05, 1.650000e-05, 1.650000e-05
3.334500e-03, -1.930500e-03, 1.224825e-05, 1.222752e-05, 1.212373e-05
3.451500e-03, -1.930500e-03, 1.644895e-05, 1.644895e-05, 1.645141e-05
3.568500e-03, -1.930500e-03, 1.650000e-05, 1.650000e-05, 1.650000e-05
3.685500e-03, -1.930500e-03, 2.548954e-06, 2.826720e-06, 2.597203e-06
3.802500e-03, -1.930500e-03, 5.500000e-07, 5.500000e-07, 5.500000e-07
3.919500e-03, -1.930500e-03, 5.500000e-07, 5.500000e-07, 5.500000e-07
4.036500e-03, -1.930500e-03, 5.500000e-07, 5.500000e-07, 5.500000e-07
4.153500e-03, -1.930500e-03, 5.500000e-07, 5.500000e-07, 5.500000e-07
4.270500e-03, -1.930500e-03, 5.411674e-06, 5.545294e-06, 5.382788e-06
4.387500e-03, -1.930500e-03, 1.617746e-05, 1.613212e-05, 1.615111e-05
4.504500e-03, -1.930500e-03, 8.643972e-06, 8.743991e-06, 8.555179e-06
4.621500e-03, -1.930500e-03, 4.361492e-06, 5.188920e-06, 4.479997e-06
4.738500e-03, -1.930500e-03, 1.415265e-05, 1.409489e-05, 1.401500e-05
4.855500e-03, -1.930500e-03, 1.650000e-05, 1.650000e-05, 1.650000e-05
4.972500e-03, -1.930500e-03, 3.983631e-06, 4.230589e-06, 3.977649e-06
5.089500e-03, -1.930500e-03, 7.841746e-06, 7.954125e-06, 7.774309e-06
5.206500e-03, -1.930500e-03, 1.621174e-05, 1.617068e-05, 1.619093e-05
5.323500e-03, -1.930500e-03, 7.497504e-06, 7.437357e-06, 7.269208e-06
5.440500e-03, -1.930500e-03, 6.543356e-07, 6.500269e-07, 6.555588e-07
5.557500e-03, -1.930500e-03, 5.500000e-07, 5.500000e-07, 5.500000e-07
5.674500e-03, -1.930500e-03, 5.500000e-07, 5.500000e-07, 5.500000e-07
5.791500e-03, -1.930500e-03, 5.500000e-07, 5.500000e-07, 5.500000e-07
-5.791500e-03, -1.813500e-03, 5.500000e-07, 5.500000e-07, 5.500000e-07
-5.674500e-03, -1.813500e-03, 5.678558e-07, 5.667235e-07, 5.691838e-07
-5.557500e-03, -1.813500e-03, 7.885797e-07, 7.531559e-07, 7.694151e-07
-5.440500e-03, -1.813500e-03, 1.314963e-05, 1.347585e-05, 1.319977e-05
-5.323500e-03, -1.813500e-03, 1.650000e-05, 1.650000e-05, 1.650000e-05
-5.206500e-03, -1.813500e-03, 1.568323e-05, 1.559247e-05, 1.557975e-05
-5.089500e-03, -1.813500e-03, 1.650000e-05, 1.650000e-05, 1.650000e-05
-4.972500e-03, -1.813500e-03, 1.650000e-05, 1.650000e-05, 1.650000e-05
-4.855500e-03, -1.813500e-03, 1.217681e-05, 1.267714e-05, 1.222079e-05
-4.738500e-03, -1.813500e-03, 1.637821e-05, 1.637613e-05, 1.638208e-05
-4.621500e-03, -1.813500e-03, 9.721067e-06, 9.172793e-06, 9.167601e-06
-4.504500e-03, -1.813500e-03, 9.748079e-06, 8.800455e-06, 8.949994e-06
-4.387500e-03, -1.813500e-03, 1.005296e-05, 9.048409e-06, 9.219246e-06
-4.270500e-03, -1.813500e-03, 1.026903e-05, 9.241630e-06, 9.418450e-06
-4.153500e-03, -1.813500e-03, 1.162792e-05, 1.120886e-05, 1.109933e-05
-4.036500e-03, -1.813500e-03, 1.380506e-05, 1.324649e-05, 1.333953e-05
-3.919500e-03, -1.813500e-03, 1.626397e-05, 1.625380e-05, 1.625803e-05
-3.802500e-03, -1.813500e-03, 1.650000e-05, 1.650000e-05, 1.650000e-05
-3.685500e-03, -1.813500e-03, 1.650000e-05, 1.650000e-05, 1.650000e-05
-3.568500e-03, -1.813500e-03, 1.650000e-05, 1.650000e-05, 1.650000e-05
-3.451500e-03, -1.813500e-03, 1.650000e-05, 1.650000e-05, 1.650000e-05
-3.334500e-03, -1.813500e-03, 1.521207e-05, 1.546556e-05, 1.526121e-05
-3.217500e-03, -1.813500e-03, 4.268721e-06, 4.268721e-06, 4.168318e-06
-3.100500e-03, -1.813500e-03, 1.351734e-05, 1.345240e-05, 1.333004e-05
-2.983500e-03, -1.813500e-03, 1.399601e-05, 1.379484e-05, 1.367584e-05
-2.866500e-03, -1.813500e-03, 1.650000e-05, 1.650000e-05, 1.650000e-05
-2.749500e-03, -1.813500e-03, 1.650000e-05, 1.650000e-05, 1.650000e-05
-2.632500e-03, -1.813500e-03, 5.517460e-06, 5.817461e-06, 5.571302e-06
-2.515500e-03, -1.813500e-03, 5.500000e-07, 5.500000e-07, 5.500000e-07
-2.398500e-03, -1.813500e-03, 5.500000e-07, 5.500000e-07, 5.500000e-07
-2.281500e-03, -1.813500e-03, 5.500000e-07, 5.500000e-07, 5.500000e-07
-2.164500e-03, -1.813500e-03, 5.500000e-07, 5.500000e-07, 5.500000e-07
-2.047500e-03, -1.813500e-03, 5.500000e-07, 5.500000e-07, 5.500000e-07
-1.930500e-03, -1.813500e-03, 5.500000e-07, 5.500000e-07, 5.500000e-07
-1.813500e-03, -1.813500e-03, 5.500000e-07, 5.500000e-07, 5.500000e-07
-1.696500e-03, -1.813500e-03, 1.442431e-06, 1.344866e-06, 1.368312e-06
-1.579500e-03, -1.813500e-03, 2.497616e-06, 2.225557e-06, 2.274185e-06
-1.462500e-03, -1.813500e-03, 2.497616e-06, 2.225557e-06, 2.274185e-06
-1.345500e-03, -1.813500e-03, 2.497616e-06, 2.225557e-06, 2.274185e-06
-1.228500e-03, -1.813500e-03, 2.497616e-06, 2.225557e-06, 2.274185e-06
-1.111500e-03, -1.813500e-03, 2.507877e-06, 2.236576e-06, 2.283883e-06
-9.945000e-04, -1.813500e-03, 1.080341e-05, 1.080341e-05, 1.066179e-05
-8.775000e-04, -1.813500e-03, 1.650000e-05, 1.650000e-05, 1.650000e-05
-7.605000e-04, -1.813500e-03, 1.650000e-05, 1.650000e-05, 1.650000e-05
-6.435000e-04, -1.813500e-03, 8.122362e-06, 8.075027e-06, 7.902712e-06
-5.265000e-04, -1.813500e-03, 1.203479e-05, 1.204738e-05, 1.191437e-05
-4.095000e-04, -1.813500e-03, 1.650000e-05, 1.650000e-05, 1.650000e-05
-2.925000e-04, -1.813500e-03, 1.331625e-05, 1.364310e-05, 1.336724e-05
-1.755000e-04, -1.813500e-03, 9.119573e-06, 9.434822e-06, 9.167174e-06
-5.850000e-05, -1.813500e-03, 1.650000e-05, 1.650000e-05, 1.650000e-05
5.850000e-05, -1.813500e-03, 1.650000e-05, 1.650000e-05, 1.650000e-05
1.755000e-04, -1.813500e-03, 5.917104e-06, 5.908410e-06, 5.696698e-06
2.925000e-04, -1.813500e-03, 1.416452e-05, 1.422462e-05, 1.411627e-05
4.095000e-04, -1.813500e-03, 1.650000e-05, 1.650000e-05, 1.650000e-05
5.265000e-04, -1.813500e-03, 1.203479e-05, 1.204738e-05, 1.191437e-05
6.435000e-04, -1.813500e-03, 8.122362e-06, 8.075027e-06, 7.902712e-06
7.605000e-04, -1.813500e-03, 1.650000e-05, 1.650000e-05, 1.650000e-05
8.775000e-04, -1.813500e-03, 1.650000e-05, 1.650000e-05, 1.650000e-05
9.945000e-04, -1.813500e-03, 1.643764e-05, 1.643764e-05, 1.644013e-05
1.111500e-03, -1.813500e-03, 1.273623e-05, 1.243806e-05, 1.247997e-05
1.228500e-03, -1.813500e-03, 1.248381e-05, 1.216157e-05, 1.220941e-05
1.345500e-03, -1.813500e-03, 1.248381e-05, 1.216157e-05, 1.220941e-05
1.462500e-03, -1.813500e-03, 1.248381e-05, 1.216157e-05, 1.220941e-05
1.579500e-03, -1.813500e-03, 1.248381e-05, 1.216157e-05, 1.220941e-05
1.696500e-03, -1.813500e-03, 1.441127e-05, 1.427902e-05, 1.427870e-05
1.813500e-03, -1.813500e-03, 1.650000e-05, 1.650000e-05, 1.650000e-05
1.930500e-03, -1.813500e-03, 1.650000e-05, 1.650000e-05, 1.650000e-05
2.047500e-03, -1.813500e-03, 1.650000e-05, 1.650000e-05, 1.650000e-05
2.164500e-03, -1.813500e-03, 7.154825e-06, 7.113620e-06, 6.923492e-06
2.281500e-03, -1.813500e-03, 1.298407e-05, 1.301937e-05, 1.289347e-05
2.398500e-03, -1.813500e-03, 1.650000e-05, 1.650000e-05, 1.650000e-05
2.515500e-03, -1.813500e-03, 1.315768e-05, 1.315476e-05, 1.304190e-05
2.632500e-03, -1.813500e-03, 1.362206e-05, 1.362206e-05, 1.351924e-05
2.749500e-03, -1.813500e-03, 1.650000e-05, 1.650000e-05, 1.650000e-05
2.866500e-03, -1.813500e-03, 1.650000e-05, 1.650000e-05, 1.650000e-05
2.983500e-03, -1.813500e-03, 7.871355e-06, 8.558205e-06, 7.971806e-06
3.100500e-03, -1.813500e-03, 1.650000e-05, 1.650000e-05, 1.650000e-05
3.217500e-03, -1.813500e-03, 1.622717e-05, 1.624023e-05, 1.623305e-05
3.334500e-03, -1.813500e-03, 7.540108e-06, 7.593331e-06, 7.347793e-06
3.451500e-03, -1.813500e-03, 1.573352e-05, 1.574870e-05, 1.572454e-05
3.568500e-03, -1.813500e-03, 1.650000e-05, 1.650000e-05, 1.650000e-05
3.685500e-03, -1.813500e-03, 2.548954e-06, 2.826720e-06, 2.597203e-06
3.802500e-03, -1.813500e-03, 5.500000e-07, 5.500000e-07, 5.500000e-07
3.919500e-03, -1.813500e-03, 5.500000e-07, 5.500000e-07, 5.500000e-07
4.036500e-03, -1.813500e-03, 5.500000e-07, 5.500000e-07, 5.500000e-07
4.153500e-03, -1.813500e-03, 5.500000e-07, 5.500000e-07, 5.500000e-07
4.270500e-03, -1.813500e-03, 5.500000e-07, 5.500000e-07, 5.500000e-07
4.387500e-03, -1.813500e-03, 8.375661e-07, 7.724874e-07, 7.923745e-07
4.504500e-03, -1.813500e-03, 9.569530e-07, 9.569530e-07, 9.537333e-07
4.621500e-03, -1.813500e-03, 4.369932e-06, 4.863177e-06, 4.333507e-06
4.738500e-03, -1.813500e-03, 6.462361e-07, 6.366185e-07, 6.441030e-07
4.855500e-03, -1.813500e-03, 1.906011e-06, 1.670179e-06, 1.711380e-06
4.972500e-03, -1.813500e-03, 8.531041e-06, 8.369442e-06, 8.142163e-06
5.089500e-03, -1.813500e-03, 8.246163e-06, 7.442892e-06, 7.540836e-06
5.206500e-03, -1.813500e-03, 8.800186e-06, 7.948324e-06, 8.062274e-06
5.323500e-03, -1.813500e-03, 1.594667e-05, 1.593804e-05, 1.593175e-05
5.440500e-03, -1.813500e-03, 6.588265e-06, 6.803588e-06, 6.576639e-06
5.557500e-03, -1.813500e-03, 5.500000e-07, 5.500000e-07, 5.500000e-07
5.674500e-03, -1.813500e-03, 5.500000e-07, 5.500000e-07, 5.500000e-07
5.791500e-03, -1.813500e-03, 5.500000e-07, 5.500000e-07, 5.500000e-07
-5.791500e-03, -1.696500e-03, 5.500000e-07, 5.500000e-07, 5.500000e-07
-5.674500e-03, -1.696500e-03, 9.248148e-06, 9.183538e-06, 9.065811e-06
-5.557500e-03, -1.696500e-03, 1.202218e-05, 1.180879e-05, 1.176085e-05
-5.440500e-03, -1.696500e-03, 1.317708e-05, 1.349155e-05, 1.320094e-05
-5.323500e-03, -1.696500e-03, 1.650000e-05, 1.650000e-05, 1.650000e-05
-5.206500e-03, -1.696500e-03, 1.571147e-05, 1.560338e-05, 1.561488e-05
-5.089500e-03, -1.696500e-03, 1.650000e-05, 1.650000e-05, 1.650000e-05
-4.972500e-03, -1.696500e-03, 1.650000e-05, 1.650000e-05, 1.650000e-05
-4.855500e-03, -1.696500e-03, 1.548622e-05, 1.549149e-05, 1.545300e-05
-4.738500e-03, -1.696500e-03, 1.385563e-05, 1.331409e-05, 1.335111e-05
-4.621500e-03, -1.696500e-03, 1.530887e-05, 1.528971e-05, 1.526264e-05
-4.504500e-03, -1.696500e-03, 1.310830e-05, 1.306768e-05, 1.280366e-05
-4.387500e-03, -1.696500e-03, 1.387849e-05, 1.344194e-05, 1.350954e-05
-4.270500e-03, -1.696500e-03, 1.396005e-05, 1.407356e-05, 1.382436e-05
-4.153500e-03, -1.696500e-03, 1.545572e-05, 1.545986e-05, 1.540719e-05
-4.036500e-03, -1.696500e-03, 1.519206e-05, 1.501991e-05, 1.504852e-05
-3.919500e-03, -1.696500e-03, 1.504773e-05, 1.500772e-05, 1.498453e-05
-3.802500e-03, -1.696500e-03, 1.638282e-05, 1.640781e-05, 1.639542e-05
-3.685500e-03, -1.696500e-03, 1.650000e-05, 1.650000e-05, 1.650000e-05
-3.568500e-03, -1.696500e-03, 1.650000e-05, 1.650000e-05, 1.650000e-05
-3.451500e-03, -1.696500e-03, 1.650000e-05, 1.650000e-05, 1.650000e-05
-3.334500e-03, -1.696500e-03, 1.521207e-05, 1.546556e-05, 1.526121e-05
-3.217500e-03, -1.696500e-03, 1.214509e-05, 1.268791e-05, 1.219680e-05
-3.100500e-03, -1.696500e-03, 1.403745e-05, 1.414541e-05, 1.393910e-05
-2.983500e-03, -1.696500e-03, 1.650000e-05, 1.650000e-05, 1.650000e-05
-2.866500e-03, -1.696500e-03, 1.650000e-05, 1.650000e-05, 1.650000e-05
-2.749500e-03, -1.696500e-03, 1.650000e-05, 1.650000e-05, 1.650000e-05
-2.632500e-03, -1.696500e-03, 5.517460e-06, 5.817461e-06, 5.571302e-06
-2.515500e-03, -1.696500e-03, 3.635765e-06, 3.425609e-06, 3.454555e-06
-2.398500e-03, -1.696500e-03, 4.571532e-06, 4.284284e-06, 4.334301e-06
-2.281500e-03, -1.696500e-03, 4.060316e-06, 3.819434e-06, 3.858290e-06
-2.164500e-03, -1.696500e-03, 5.500000e-07, 5.500000e-07, 5.500000e-07
-2.047500e-03, -1.696500e-03, 5.500000e-07, 5.500000e-07, 5.500000e-07
-1.930500e-03, -1.696500e-03, 5.500000e-07, 5.500000e-07, 5.500000e-07
-1.813500e-03, -1.696500e-03, 9.171474e-07, 9.171474e-07, 9.150065e-07
-1.696500e-03, -1.696500e-03, 1.111305e-05, 1.103958e-05, 1.090901e-05
-1.579500e-03, -1.696500e-03, 1.438753e-05, 1.407485e-05, 1.412258e-05
-1.462500e-03, -1.696500e-03, 1.438753e-05, 1.407485e-05, 1.412258e-05
-1.345500e-03, -1.696500e-03, 1.438753e-05, 1.407485e-05, 1.412258e-05
-1.228500e-03, -1.696500e-03, 1.438753e-05, 1.407485e-05, 1.412258e-05
-1.111500e-03, -1.696500e-03, 1.173534e-05, 1.163358e-05, 1.151256e-05
-9.945000e-04, -1.696500e-03, 1.204440e-06, 1.284986e-06, 1.245565e-06
-8.775000e-04, -1.696500e-03, 1.650000e-05, 1.650000e-05, 1.650000e-05
-7.605000e-04, -1.696500e-03, 1.650000e-05, 1.650000e-05, 1.650000e-05
-6.435000e-04, -1.696500e-03, 1.538313e-05, 1.536825e-05, 1.534707e-05
-5.265000e-04, -1.696500e-03, 1.628135e-05, 1.628135e-05, 1.628111e-05
-4.095000e-04, -1.696500e-03, 1.650000e-05, 1.650000e-05, 1.650000e-05
-2.925000e-04, -1.696500e-03, 1.331625e-05, 1.364310e-05, 1.336724e-05
-1.755000e-04, -1.696500e-03, 9.119573e-06, 9.434822e-06, 9.167174e-06
-5.850000e-05, -1.696500e-03, 1.650000e-05, 1.650000e-05, 1.650000e-05
5.850000e-05, -1.696500e-03, 1.650000e-05, 1.650000e-05, 1.650000e-05
1.755000e-04, -1.696500e-03, 1.519778e-05, 1.515058e-05, 1.513126e-05
2.925000e-04, -1.696500e-03, 1.649943e-05, 1.649943e-05, 1.649946e-05
4.095000e-04, -1.696500e-03, 1.650000e-05, 1.650000e-05, 1.650000e-05
5.265000e-04, -1.696500e-03, 1.628135e-05, 1.628135e-05, 1.628111e-05
6.435000e-04, -1.696500e-03, 1.538313e-05, 1.536825e-05, 1.534707e-05
7.605000e-04, -1.696500e-03, 1.650000e-05, 1.650000e-05, 1.650000e-05
8.775000e-04, -1.696500e-03, 1.650000e-05, 1.650000e-05, 1.650000e-05
9.945000e-04, -1.696500e-03, 9.994352e-06, 1.000190e-05, 9.731937e-06
1.111500e-03, -1.696500e-03, 1.481917e-05, 1.475876e-05, 1.472493e-05
1.228500e-03, -1.696500e-03, 1.626289e-05, 1.616825e-05, 1.621211e-05
1.345500e-03, -1.696500e-03, 1.626289e-05, 1.616825e-05, 1.621211e-05
1.462500e-03, -1.696500e-03, 1.626289e-05, 1.616825e-05, 1.621211e-05
1.579500e-03, -1.696500e-03, 1.626289e-05, 1.616825e-05, 1.621211e-05
1.696500e-03, -1.696500e-03, 1.188144e-05, 1.186898e-05, 1.169768e-05
1.813500e-03, -1.696500e-03, 1.366948e-05, 1.373412e-05, 1.361721e-05
1.930500e-03, -1.696500e-03, 1.650000e-05, 1.650000e-05, 1.650000e-05
2.047500e-03, -1.696500e-03, 1.650000e-05, 1.650000e-05, 1.650000e-05
2.164500e-03, -1.696500e-03, 1.525482e-05, 1.523004e-05, 1.520567e-05
2.281500e-03, -1.696500e-03, 1.642116e-05, 1.642116e-05, 1.642360e-05
2.398500e-03, -1.696500e-03, 1.650000e-05, 1.650000e-05, 1.650000e-05
2.515500e-03, -1.696500e-03, 1.650000e-05, 1.650000e-05, 1.650000e-05
2.632500e-03, -1.696500e-03, 1.650000e-05, 1.650000e-05, 1.650000e-05
2.749500e-03, -1.696500e-03, 1.650000e-05, 1.650000e-05, 1.650000e-05
2.866500e-03, -1.696500e-03, 1.650000e-05, 1.650000e-05, 1.650000e-05
2.983500e-03, -1.696500e-03, 7.871355e-06, 8.558205e-06, 7.971806e-06
3.100500e-03, -1.696500e-03, 1.650000e-05, 1.650000e-05, 1.650000e-05
3.217500e-03, -1.696500e-03, 1.650000e-05, 1.650000e-05, 1.650000e-05
3.334500e-03, -1.696500e-03, 1.650000e-05, 1.650000e-05, 1.650000e-05
3.451500e-03, -1.696500e-03, 1.650000e-05, 1.650000e-05, 1.650000e-05
3.568500e-03, -1.696500e-03, 1.650000e-05, 1.650000e-05, 1.650000e-05
3.685500e-03, -1.696500e-03, 2.548954e-06, 2.826720e-06, 2.597203e-06
3.802500e-03, -1.696500e-03, 5.500000e-07, 5.500000e-07, 5.500000e-07
3.919500e-03, -1.696500e-03, 5.500000e-07, 5.500000e-07, 5.500000e-07
4.036500e-03, -1.696500e-03, 5.500000e-07, 5.500000e-07, 5.500000e-07
4.153500e-03, -1.696500e-03, 5.500000e-07, 5.500000e-07, 5.500000e-07
4.270500e-03, -1.696500e-03, 3.601082e-06, 3.655699e-06, 3.556352e-06
4.387500e-03, -1.696500e-03, 1.334446e-05, 1.304302e-05, 1.306956e-05
4.504500e-03, -1.696500e-03, 1.194639e-05, 1.199388e-05, 1.172499e-05
4.621500e-03, -1.696500e-03, 6.601228e-07, 6.653864e-07, 6.685837e-07
4.738500e-03, -1.696500e-03, 1.066830e-05, 1.053121e-05, 1.044191e-05
4.855500e-03, -1.696500e-03, 1.188481e-05, 1.163810e-05, 1.164648e-05
4.972500e-03, -1.696500e-03, 1.100206e-05, 1.079982e-05, 1.073634e-05
5.089500e-03, -1.696500e-03, 5.671557e-06, 5.745100e-06, 5.604857e-06
5.206500e-03, -1.696500e-03, 1.305969e-05, 1.277146e-05, 1.278047e-05
5.323500e-03, -1.696500e-03, 8.326063e-06, 8.108432e-06, 7.977364e-06
5.440500e-03, -1.696500e-03, 2.315723e-06, 2.350239e-06, 2.301226e-06
5.557500e-03, -1.696500e-03, 1.202218e-05, 1.180879e-05, 1.176085e-05
5.674500e-03, -1.696500e-03, 9.248148e-06, 9.183538e-06, 9.065811e-06
5.791500e-03, -1.696500e-03, 5.500000e-07, 5.500000e-07, 5.500000e-07
-5.791500e-03, -1.579500e-03, 5.683219e-07, 5.725545e-07, 5.717801e-07
-5.674500e-03, -1.579500e-03, 1.553933e-05, 1.565240e-05, 1.555997e-05
-5.557500e-03, -1.579500e-03, 1.650000e-05, 1.650000e-05, 1.650000e-05
-5.440500e-03, -1.579500e-03, 1.316270e-05, 1.374606e-05, 1.323506e-05
-5.323500e-03, -1.579500e-03, 1.567029e-05, 1.578293e-05, 1.560516e-05
-5.206500e-03, -1.579500e-03, 1.650000e-05, 1.650000e-05, 1.650000e-05
-5.089500e-03, -1.579500e-03, 1.565455e-05, 1.577496e-05, 1.560388e-05
-4.972500e-03, -1.579500e-03, 1.650000e-05, 1.650000e-05, 1.650000e-05
-4.855500e-03, -1.579500e-03, 1.476305e-05, 1.498424e-05, 1.474273e-05
-4.738500e-03, -1.579500e-03, 1.430236e-05, 1.399150e-05, 1.402000e-05
-4.621500e-03, -1.579500e-03, 1.101232e-05, 1.044757e-05, 1.041262e-05
-4.504500e-03, -1.579500e-03, 1.541535e-05, 1.541526e-05, 1.539034e-05
-4.387500e-03, -1.579500e-03, 1.650000e-05, 1.650000e-05, 1.650000e-05
-4.270500e-03, -1.579500e-03, 1.189568e-05, 1.241944e-05, 1.195517e-05
-4.153500e-03, -1.579500e-03, 1.274948e-05, 1.318201e-05, 1.269401e-05
-4.036500e-03, -1.579500e-03, 1.650000e-05, 1.650000e-05, 1.650000e-05
-3.919500e-03, -1.579500e-03, 1.577660e-05, 1.588861e-05, 1.582804e-05
-3.802500e-03, -1.579500e-03, 1.649712e-05, 1.649718e-05, 1.649735e-05
-3.685500e-03, -1.579500e-03, 1.650000e-05, 1.650000e-05, 1.650000e-05
-3.568500e-03, -1.579500e-03, 1.650000e-05, 1.650000e-05, 1.650000e-05
-3.451500e-03, -1.579500e-03, 1.650000e-05, 1.650000e-05, 1.650000e-05
-3.334500e-03, -1.579500e-03, 1.521207e-05, 1.546556e-05, 1.526121e-05
-3.217500e-03, -1.579500e-03, 1.152720e-05, 1.223345e-05, 1.162996e-05
-3.100500e-03, -1.579500e-03, 1.534766e-05, 1.558457e-05, 1.539513e-05
-2.983500e-03, -1.579500e-03, 1.650000e-05, 1.650000e-05, 1.650000e-05
-2.866500e-03, -1.579500e-03, 1.650000e-05, 1.650000e-05, 1.650000e-05
-2.749500e-03, -1.579500e-03, 1.650000e-05, 1.650000e-05, 1.650000e-05
-2.632500e-03, -1.579500e-03, 7.817653e-06, 8.489121e-06, 7.914457e-06
-2.515500e-03, -1.579500e-03, 1.639199e-05, 1.639199e-05, 1.639413e-05
-2.398500e-03, -1.579500e-03, 1.650000e-05, 1.650000e-05, 1.650000e-05
-2.281500e-03, -1.579500e-03, 1.649868e-05, 1.649868e-05, 1.649883e-05
-2.164500e-03, -1.579500e-03, 6.772393e-06, 6.894549e-06, 6.721572e-06
-2.047500e-03, -1.579500e-03, 5.500000e-07, 5.500000e-07, 5.500000e-07
-1.930500e-03, -1.579500e-03, 9.171474e-07, 9.171474e-07, 9.150065e-07
-1.813500e-03, -1.579500e-03, 1.173727e-05, 1.173727e-05, 1.159722e-05
-1.696500e-03, -1.579500e-03, 1.650000e-05, 1.650000e-05, 1.650000e-05
-1.579500e-03, -1.579500e-03, 1.650000e-05, 1.650000e-05, 1.650000e-05
-1.462500e-03, -1.579500e-03, 1.650000e-05, 1.650000e-05, 1.650000e-05
-1.345500e-03, -1.579500e-03, 1.650000e-05, 1.650000e-05, 1.650000e-05
-1.228500e-03, -1.579500e-03, 1.650000e-05, 1.650000e-05, 1.650000e-05
-1.111500e-03, -1.579500e-03, 1.650000e-05, 1.650000e-05, 1.650000e-05
-9.945000e-04, -1.579500e-03, 2.377144e-06, 2.697264e-06, 2.440652e-06
-8.775000e-04, -1.579500e-03, 1.625465e-05, 1.625465e-05, 1.625367e-05
-7.605000e-04, -1.579500e-03, 1.650000e-05, 1.650000e-05, 1.650000e-05
-6.435000e-04, -1.579500e-03, 1.650000e-05, 1.650000e-05, 1.650000e-05
-5.265000e-04, -1.579500e-03, 1.650000e-05, 1.650000e-05, 1.650000e-05
-4.095000e-04, -1.579500e-03, 1.650000e-05, 1.650000e-05, 1.650000e-05
-2.925000e-04, -1.579500e-03, 1.294568e-05, 1.321339e-05, 1.293474e-05
-1.755000e-04, -1.579500e-03, 9.119573e-06, 9.434822e-06, 9.167174e-06
-5.850000e-05, -1.579500e-03, 1.650000e-05, 1.650000e-05, 1.650000e-05
5.850000e-05, -1.579500e-03, 1.650000e-05, 1.650000e-05, 1.650000e-05
1.755000e-04, -1.579500e-03, 1.650000e-05, 1.650000e-05, 1.650000e-05
2.925000e-04, -1.579500e-03, 1.650000e-05, 1.650000e-05, 1.650000e-05
4.095000e-04, -1.579500e-03, 1.650000e-05, 1.650000e-05, 1.650000e-05
5.265000e-04, -1.579500e-03, 1.650000e-05, 1.650000e-05, 1.650000e-05
6.435000e-04, -1.579500e-03, 1.650000e-05, 1.650000e-05, 1.650000e-05
7.605000e-04, -1.579500e-03, 1.650000e-05, 1.650000e-05, 1.650000e-05
8.775000e-04, -1.579500e-03, 1.650000e-05, 1.650000e-05, 1.650000e-05
9.945000e-04, -1.579500e-03, 1.043831e-05, 1.101754e-05, 1.054192e-05
1.111500e-03, -1.579500e-03, 1.650000e-05, 1.650000e-05, 1.650000e-05
1.228500e-03, -1.579500e-03, 1.650000e-05, 1.650000e-05, 1.650000e-05
1.345500e-03, -1.579500e-03, 1.650000e-05, 1.650000e-05, 1.650000e-05
1.462500e-03, -1.579500e-03, 1.650000e-05, 1.650000e-05, 1.650000e-05
1.579500e-03, -1.579500e-03, 1.650000e-05, 1.650000e-05, 1.650000e-05
1.696500e-03, -1.579500e-03, 1.650000e-05, 1.650000e-05, 1.650000e-05
1.813500e-03, -1.579500e-03, 9.703583e-06, 1.004758e-05, 9.545114e-06
1.930500e-03, -1.579500e-03, 1.646372e-05, 1.646372e-05, 1.646599e-05
2.047500e-03, -1.579500e-03, 1.650000e-05, 1.650000e-05, 1.650000e-05
2.164500e-03, -1.579500e-03, 1.650000e-05, 1.650000e-05, 1.650000e-05
2.281500e-03, -1.579500e-03, 1.650000e-05, 1.650000e-05, 1.650000e-05
2.398500e-03, -1.579500e-03, 1.650000e-05, 1.650000e-05, 1.650000e-05
2.515500e-03, -1.579500e-03, 1.650000e-05, 1.650000e-05, 1.650000e-05
2.632500e-03, -1.579500e-03, 1.650000e-05, 1.650000e-05, 1.650000e-05
2.749500e-03, -1.579500e-03, 1.650000e-05, 1.650000e-05, 1.650000e-05
2.866500e-03, -1.579500e-03, 1.650000e-05, 1.650000e-05, 1.650000e-05
2.983500e-03, -1.579500e-03, 7.871355e-06, 8.558205e-06, 7.971806e-06
3.100500e-03, -1.579500e-03, 1.650000e-05, 1.650000e-05, 1.650000e-05
3.217500e-03, -1.579500e-03, 1.650000e-05, 1.650000e-05, 1.650000e-05
3.334500e-03, -1.579500e-03, 1.638397e-05, 1.636968e-05, 1.637552e-05
3.451500e-03, -1.579500e-03, 1.650000e-05, 1.650000e-05, 1.650000e-05
3.568500e-03, -1.579500e-03, 1.650000e-05, 1.650000e-05, 1.650000e-05
3.685500e-03, -1.579500e-03, 2.548954e-06, 2.826720e-06, 2.597203e-06
3.802500e-03, -1.579500e-03, 5.500000e-07, 5.500000e-07, 5.500000e-07
3.919500e-03, -1.579500e-03, 5.500000e-07, 5.500000e-07, 5.500000e-07
4.036500e-03, -1.579500e-03, 5.500000e-07, 5.500000e-07, 5.500000e-07
4.153500e-03, -1.579500e-03, 5.500000e-07, 5.500000e-07, 5.500000e-07
4.270500e-03, -1.579500e-03, 8.099675e-06, 8.361627e-06, 8.107872e-06
4.387500e-03, -1.579500e-03, 1.650000e-05, 1.650000e-05, 1.650000e-05
4.504500e-03, -1.579500e-03, 1.173012e-05, 1.201623e-05, 1.174337e-05
4.621500e-03, -1.579500e-03, 1.501700e-06, 1.680181e-06, 1.539289e-06
4.738500e-03, -1.579500e-03, 1.636977e-05, 1.637385e-05, 1.637302e-05
4.855500e-03, -1.579500e-03, 1.645958e-05, 1.645958e-05, 1.646194e-05
4.972500e-03, -1.579500e-03, 1.174298e-05, 1.153767e-05, 1.148601e-05
5.089500e-03, -1.579500e-03, 1.196901e-05, 1.233027e-05, 1.202247e-05
5.206500e-03, -1.579500e-03, 1.650000e-05, 1.650000e-05, 1.650000e-05
5.323500e-03, -1.579500e-03, 8.922633e-06, 9.187036e-06, 8.926585e-06
5.440500e-03, -1.579500e-03, 4.972507e-06, 5.217438e-06, 4.983452e-06
5.557500e-03, -1.579500e-03, 1.650000e-05, 1.650000e-05, 1.650000e-05
5.674500e-03, -1.579500e-03, 1.553933e-05, 1.565240e-05, 1.555997e-05
5.791500e-03, -1.579500e-03, 5.683219e-07, 5.725545e-07, 5.717801e-07
-5.791500e-03, -1.462500e-03, 1.241950e-06, 1.273111e-06, 1.250317e-06
-5.674500e-03, -1.462500e-03, 9.701548e-06, 9.150327e-06, 9.174213e-06
-5.557500e-03, -1.462500e-03, 1.354867e-05, 1.304494e-05, 1.305657e-05
-5.440500e-03, -1.462500e-03, 1.577612e-05, 1.578031e-05, 1.576096e-05
-5.323500e-03, -1.462500e-03, 1.650000e-05, 1.650000e-05, 1.650000e-05
-5.206500e-03, -1.462500e-03, 1.579750e-05, 1.568205e-05, 1.560639e-05
-5.089500e-03, -1.462500e-03, 1.650000e-05, 1.650000e-05, 1.650000e-05
-4.972500e-03, -1.462500e-03, 1.650000e-05, 1.650000e-05, 1.650000e-05
-4.855500e-03, -1.462500e-03, 1.523087e-05, 1.539231e-05, 1.525118e-05
-4.738500e-03, -1.462500e-03, 1.401718e-05, 1.357274e-05, 1.363092e-05
-4.621500e-03, -1.462500e-03, 9.329230e-06, 9.385489e-06, 9.177016e-06
-4.504500e-03, -1.462500e-03, 1.217627e-05, 1.188959e-05, 1.182638e-05
-4.387500e-03, -1.462500e-03, 1.158053e-05, 1.069956e-05, 1.081365e-05
-4.270500e-03, -1.462500e-03, 9.475994e-06, 8.802834e-06, 8.754612e-06
-4.153500e-03, -1.462500e-03, 1.342344e-05, 1.288469e-05, 1.290655e-05
-4.036500e-03, -1.462500e-03, 1.474740e-05, 1.431895e-05, 1.435425e-05
-3.919500e-03, -1.462500e-03, 1.529093e-05, 1.518881e-05, 1.516677e-05
-3.802500e-03, -1.462500e-03, 1.650000e-05, 1.650000e-05, 1.650000e-05
-3.685500e-03, -1.462500e-03, 1.650000e-05, 1.650000e-05, 1.650000e-05
-3.568500e-03, -1.462500e-03, 1.382343e-05, 1.383156e-05, 1.373714e-05
-3.451500e-03, -1.462500e-03, 1.108616e-05, 1.107842e-05, 1.095922e-05
-3.334500e-03, -1.462500e-03, 1.521207e-05, 1.546556e-05, 1.526121e-05
-3.217500e-03, -1.462500e-03, 1.152720e-05, 1.223345e-05, 1.162996e-05
-3.100500e-03, -1.462500e-03, 1.534766e-05, 1.558457e-05, 1.539513e-05
-2.983500e-03, -1.462500e-03, 1.518735e-05, 1.518735e-05, 1.514424e-05
-2.866500e-03, -1.462500e-03, 1.172457e-05, 1.170966e-05, 1.159209e-05
-2.749500e-03, -1.462500e-03, 1.650000e-05, 1.650000e-05, 1.650000e-05
-2.632500e-03, -1.462500e-03, 8.414554e-06, 9.155846e-06, 8.521245e-06
-2.515500e-03, -1.462500e-03, 1.650000e-05, 1.650000e-05, 1.650000e-05
-2.398500e-03, -1.462500e-03, 1.650000e-05, 1.650000e-05, 1.650000e-05
-2.281500e-03, -1.462500e-03, 1.650000e-05, 1.650000e-05, 1.650000e-05
-2.164500e-03, -1.462500e-03, 1.416900e-05, 1.418550e-05, 1.410065e-05
-2.047500e-03, -1.462500e-03, 2.167081e-06, 2.167081e-06, 2.123681e-06
-1.930500e-03, -1.462500e-03, 4.923076e-06, 5.205549e-06, 4.967844e-06
-1.813500e-03, -1.462500e-03, 1.650000e-05, 1.650000e-05, 1.650000e-05
-1.696500e-03, -1.462500e-03, 1.650000e-05, 1.650000e-05, 1.650000e-05
-1.579500e-03, -1.462500e-03, 1.650000e-05, 1.650000e-05, 1.650000e-05
-1.462500e-03, -1.462500e-03, 1.650000e-05, 1.650000e-05, 1.650000e-05
-1.345500e-03, -1.462500e-03, 1.650000e-05, 1.650000e-05, 1.650000e-05
-1.228500e-03, -1.462500e-03, 1.650000e-05, 1.650000e-05, 1.650000e-05
-1.111500e-03, -1.462500e-03, 1.650000e-05, 1.650000e-05, 1.650000e-05
-9.945000e-04, -1.462500e-03, 1.175411e-05, 1.175411e-05, 1.161415e-05
-8.775000e-04, -1.462500e-03, 5.725709e-06, 5.649790e-06, 5.585611e-06
-7.605000e-04, -1.462500e-03, 8.923005e-06, 8.647830e-06, 8.658930e-06
-6.435000e-04, -1.462500e-03, 1.131461e-05, 1.085673e-05, 1.080660e-05
-5.265000e-04, -1.462500e-03, 9.465284e-06, 9.241469e-06, 8.990921e-06
-4.095000e-04, -1.462500e-03, 9.024776e-06, 8.703261e-06, 8.756182e-06
-2.925000e-04, -1.462500e-03, 5.513082e-06, 5.505816e-06, 5.330172e-06
-1.755000e-04, -1.462500e-03, 1.477277e-05, 1.477356e-05, 1.471302e-05
-5.850000e-05, -1.462500e-03, 1.650000e-05, 1.650000e-05, 1.650000e-05
5.850000e-05, -1.462500e-03, 1.650000e-05, 1.650000e-05, 1.650000e-05
1.755000e-04, -1.462500e-03, 1.104062e-05, 1.104174e-05, 1.090362e-05
2.925000e-04, -1.462500e-03, 1.553641e-05, 1.553641e-05, 1.550811e-05
4.095000e-04, -1.462500e-03, 1.650000e-05, 1.650000e-05, 1.650000e-05
5.265000e-04, -1.462500e-03, 1.446287e-05, 1.446287e-05, 1.438992e-05
6.435000e-04, -1.462500e-03, 1.215367e-05, 1.213471e-05, 1.202570e-05
7.605000e-04, -1.462500e-03, 1.650000e-05, 1.650000e-05, 1.650000e-05
8.775000e-04, -1.462500e-03, 1.650000e-05, 1.650000e-05, 1.650000e-05
9.945000e-04, -1.462500e-03, 1.027095e-05, 1.076100e-05, 1.029249e-05
1.111500e-03, -1.462500e-03, 1.650000e-05, 1.650000e-05, 1.650000e-05
1.228500e-03, -1.462500e-03, 1.650000e-05, 1.650000e-05, 1.650000e-05
1.345500e-03, -1.462500e-03, 1.650000e-05, 1.650000e-05, 1.650000e-05
1.462500e-03, -1.462500e-03, 1.650000e-05, 1.650000e-05, 1.650000e-05
1.579500e-03, -1.462500e-03, 1.650000e-05, 1.650000e-05, 1.650000e-05
1.696500e-03, -1.462500e-03, 1.650000e-05, 1.650000e-05, 1.650000e-05
1.813500e-03, -1.462500e-03, 1.494590e-05, 1.494590e-05, 1.489267e-05
1.930500e-03, -1.462500e-03, 1.018808e-05, 1.018075e-05, 9.926378e-06
2.047500e-03, -1.462500e-03, 1.431691e-05, 1.399426e-05, 1.404754e-05
2.164500e-03, -1.462500e-03, 1.431691e-05, 1.399426e-05, 1.404754e-05
2.281500e-03, -1.462500e-03, 1.431691e-05, 1.399426e-05, 1.404754e-05
2.398500e-03, -1.462500e-03, 1.486613e-05, 1.460875e-05, 1.464857e-05
2.515500e-03, -1.462500e-03, 1.650000e-05, 1.650000e-05, 1.650000e-05
2.632500e-03, -1.462500e-03, 1.650000e-05, 1.650000e-05, 1.650000e-05
2.749500e-03, -1.462500e-03, 1.650000e-05, 1.650000e-05, 1.650000e-05
2.866500e-03, -1.462500e-03, 1.650000e-05, 1.650000e-05, 1.650000e-05
2.983500e-03, -1.462500e-03, 7.871355e-06, 8.558205e-06, 7.971806e-06
3.100500e-03, -1.462500e-03, 1.650000e-05, 1.650000e-05, 1.650000e-05
3.217500e-03, -1.462500e-03, 1.649879e-05, 1.649883e-05, 1.649887e-05
3.334500e-03, -1.462500e-03, 5.302208e-06, 5.301866e-06, 5.118741e-06
3.451500e-03, -1.462500e-03, 1.456128e-05, 1.463114e-05, 1.452274e-05
3.568500e-03, -1.462500e-03, 1.650000e-05, 1.650000e-05, 1.650000e-05
3.685500e-03, -1.462500e-03, 2.548954e-06, 2.826720e-06, 2.597203e-06
3.802500e-03, -1.462500e-03, 5.500000e-07, 5.500000e-07, 5.500000e-07
3.919500e-03, -1.462500e-03, 5.500000e-07, 5.500000e-07, 5.500000e-07
4.036500e-03, -1.462500e-03, 5.500000e-07, 5.500000e-07, 5.500000e-07
4.153500e-03, -1.462500e-03, 5.500000e-07, 5.500000e-07, 5.500000e-07
4.270500e-03, -1.462500e-03, 1.281326e-06, 1.281326e-06, 1.268294e-06
4.387500e-03, -1.462500e-03, 7.392333e-06, 7.125579e-06, 7.147494e-06
4.504500e-03, -1.462500e-03, 2.519424e-06, 2.486700e-06, 2.458203e-06
4.621500e-03, -1.462500e-03, 5.500000e-07, 5.500000e-07, 5.500000e-07
4.738500e-03, -1.462500e-03, 5.139097e-06, 4.978614e-06, 4.967610e-06
4.855500e-03, -1.462500e-03, 5.542295e-06, 5.365312e-06, 5.360009e-06
4.972500e-03, -1.462500e-03, 2.942959e-06, 2.942959e-06, 2.874509e-06
5.089500e-03, -1.462500e-03, 9.831315e-06, 9.727647e-06, 9.595919e-06
5.206500e-03, -1.462500e-03, 7.863199e-06, 7.573473e-06, 7.609740e-06
5.323500e-03, -1.462500e-03, 1.797440e-06, 1.796700e-06, 1.776246e-06
5.440500e-03, -1.462500e-03, 1.264650e-05, 1.277597e-05, 1.258465e-05
5.557500e-03, -1.462500e-03, 1.438862e-05, 1.444637e-05, 1.434978e-05
5.674500e-03, -1.462500e-03, 4.338686e-06, 4.221873e-06, 4.195848e-06
5.791500e-03, -1.462500e-03, 5.500000e-07, 5.500000e-07, 5.500000e-07
-5.791500e-03, -1.345500e-03, 2.896463e-06, 3.176153e-06, 2.943927e-06
-5.674500e-03, -1.345500e-03, 1.650000e-05, 1.650000e-05, 1.650000e-05
-5.557500e-03, -1.345500e-03, 1.650000e-05, 1.650000e-05, 1.650000e-05
-5.440500e-03, -1.345500e-03, 1.650000e-05, 1.650000e-05, 1.650000e-05
-5.323500e-03, -1.345500e-03, 1.650000e-05, 1.650000e-05, 1.650000e-05
-5.206500e-03, -1.345500e-03, 1.579730e-05, 1.568136e-05, 1.560624e-05
-5.089500e-03, -1.345500e-03, 1.650000e-05, 1.650000e-05, 1.650000e-05
-4.972500e-03, -1.345500e-03, 1.650000e-05, 1.650000e-05, 1.650000e-05
-4.855500e-03, -1.345500e-03, 1.520868e-05, 1.499535e-05, 1.490357e-05
-4.738500e-03, -1.345500e-03, 1.526658e-05, 1.513265e-05, 1.511689e-05
-4.621500e-03, -1.345500e-03, 1.255913e-05, 1.253593e-05, 1.220519e-05
-4.504500e-03, -1.345500e-03, 9.271829e-06, 9.153594e-06, 9.046821e-06
-4.387500e-03, -1.345500e-03, 1.258093e-05, 1.178232e-05, 1.188103e-05
-4.270500e-03, -1.345500e-03, 1.518208e-05, 1.520515e-05, 1.514088e-05
-4.153500e-03, -1.345500e-03, 1.650000e-05, 1.650000e-05, 1.650000e-05
-4.036500e-03, -1.345500e-03, 1.650000e-05, 1.650000e-05, 1.650000e-05
-3.919500e-03, -1.345500e-03, 1.650000e-05, 1.650000e-05, 1.650000e-05
-3.802500e-03, -1.345500e-03, 1.639250e-05, 1.637862e-05, 1.638440e-05
-3.685500e-03, -1.345500e-03, 1.650000e-05, 1.650000e-05, 1.650000e-05
-3.568500e-03, -1.345500e-03, 1.460039e-05, 1.460039e-05, 1.453296e-05
-3.451500e-03, -1.345500e-03, 1.228743e-05, 1.226764e-05, 1.216127e-05
-3.334500e-03, -1.345500e-03, 1.521207e-05, 1.546556e-05, 1.526121e-05
-3.217500e-03, -1.345500e-03, 1.152720e-05, 1.223345e-05, 1.162996e-05
-3.100500e-03, -1.345500e-03, 1.534766e-05, 1.558457e-05, 1.539513e-05
-2.983500e-03, -1.345500e-03, 1.450648e-05, 1.451476e-05, 1.444531e-05
-2.866500e-03, -1.345500e-03, 1.033258e-05, 1.033436e-05, 1.020340e-05
-2.749500e-03, -1.345500e-03, 1.650000e-05, 1.650000e-05, 1.650000e-05
-2.632500e-03, -1.345500e-03, 8.414554e-06, 9.155846e-06, 8.521245e-06
-2.515500e-03, -1.345500e-03, 1.650000e-05, 1.650000e-05, 1.650000e-05
-2.398500e-03, -1.345500e-03, 1.650000e-05, 1.650000e-05, 1.650000e-05
-2.281500e-03, -1.345500e-03, 1.456141e-05, 1.451301e-05, 1.447115e-05
-2.164500e-03, -1.345500e-03, 1.647811e-05, 1.647811e-05, 1.647999e-05
-2.047500e-03, -1.345500e-03, 1.412704e-05, 1.412704e-05, 1.404142e-05
-1.930500e-03, -1.345500e-03, 4.755535e-06, 4.906371e-06, 4.700505e-06
-1.813500e-03, -1.345500e-03, 1.444490e-05, 1.416909e-05, 1.418317e-05
-1.696500e-03, -1.345500e-03, 1.047433e-05, 1.025189e-05, 1.006174e-05
-1.579500e-03, -1.345500e-03, 1.288669e-05, 1.219034e-05, 1.228109e-05
-1.462500e-03, -1.345500e-03, 1.176233e-05, 1.172247e-05, 1.159095e-05
-1.345500e-03, -1.345500e-03, 1.650000e-05, 1.650000e-05, 1.650000e-05
-1.228500e-03, -1.345500e-03, 1.650000e-05, 1.650000e-05, 1.650000e-05
-1.111500e-03, -1.345500e-03, 1.650000e-05, 1.650000e-05, 1.650000e-05
-9.945000e-04, -1.345500e-03, 1.650000e-05, 1.650000e-05, 1.650000e-05
-8.775000e-04, -1.345500e-03, 1.606645e-05, 1.591202e-05, 1.595458e-05
-7.605000e-04, -1.345500e-03, 1.604108e-05, 1.587550e-05, 1.592071e-05
-6.435000e-04, -1.345500e-03, 1.650000e-05, 1.650000e-05, 1.650000e-05
-5.265000e-04, -1.345500e-03, 1.637776e-05, 1.636168e-05, 1.637174e-05
-4.095000e-04, -1.345500e-03, 1.592410e-05, 1.573021e-05, 1.578437e-05
-2.925000e-04, -1.345500e-03, 1.622630e-05, 1.614923e-05, 1.617474e-05
-1.755000e-04, -1.345500e-03, 1.650000e-05, 1.650000e-05, 1.650000e-05
-5.850000e-05, -1.345500e-03, 1.650000e-05, 1.650000e-05, 1.650000e-05
5.850000e-05, -1.345500e-03, 1.650000e-05, 1.650000e-05, 1.650000e-05
1.755000e-04, -1.345500e-03, 1.000240e-05, 1.001692e-05, 9.865948e-06
2.925000e-04, -1.345500e-03, 1.514526e-05, 1.514977e-05, 1.510559e-05
4.095000e-04, -1.345500e-03, 1.650000e-05, 1.650000e-05, 1.650000e-05
5.265000e-04, -1.345500e-03, 1.389850e-05, 1.390356e-05, 1.381068e-05
6.435000e-04, -1.345500e-03, 1.129481e-05, 1.128414e-05, 1.116547e-05
7.605000e-04, -1.345500e-03, 1.650000e-05, 1.650000e-05, 1.650000e-05
8.775000e-04, -1.345500e-03, 1.650000e-05, 1.650000e-05, 1.650000e-05
9.945000e-04, -1.345500e-03, 1.326952e-05, 1.317438e-05, 1.309786e-05
1.111500e-03, -1.345500e-03, 1.220099e-05, 1.145524e-05, 1.155455e-05
1.228500e-03, -1.345500e-03, 1.220099e-05, 1.145524e-05, 1.155455e-05
1.345500e-03, -1.345500e-03, 1.075393e-05, 1.046011e-05, 1.025924e-05
1.462500e-03, -1.345500e-03, 1.642277e-05, 1.644031e-05, 1.643383e-05
1.579500e-03, -1.345500e-03, 1.650000e-05, 1.650000e-05, 1.650000e-05
1.696500e-03, -1.345500e-03, 1.650000e-05, 1.650000e-05, 1.650000e-05
1.813500e-03, -1.345500e-03, 1.650000e-05, 1.650000e-05, 1.650000e-05
1.930500e-03, -1.345500e-03, 1.519075e-05, 1.514954e-05, 1.513554e-05
2.047500e-03, -1.345500e-03, 1.241690e-05, 1.208846e-05, 1.214053e-05
2.164500e-03, -1.345500e-03, 1.241690e-05, 1.208846e-05, 1.214053e-05
2.281500e-03, -1.345500e-03, 1.241690e-05, 1.208846e-05, 1.214053e-05
2.398500e-03, -1.345500e-03, 1.059969e-05, 1.046822e-05, 1.036861e-05
2.515500e-03, -1.345500e-03, 1.154492e-05, 1.154492e-05, 1.139526e-05
2.632500e-03, -1.345500e-03, 1.650000e-05, 1.650000e-05, 1.650000e-05
2.749500e-03, -1.345500e-03, 1.650000e-05, 1.650000e-05, 1.650000e-05
2.866500e-03, -1.345500e-03, 1.650000e-05, 1.650000e-05, 1.650000e-05
2.983500e-03, -1.345500e-03, 7.871355e-06, 8.558205e-06, 7.971806e-06
3.100500e-03, -1.345500e-03, 1.650000e-05, 1.650000e-05, 1.650000e-05
3.217500e-03, -1.345500e-03, 1.650000e-05, 1.650000e-05, 1.650000e-05
3.334500e-03, -1.345500e-03, 1.542567e-05, 1.537062e-05, 1.535612e-05
3.451500e-03, -1.345500e-03, 1.650000e-05, 1.650000e-05, 1.650000e-05
3.568500e-03, -1.345500e-03, 1.650000e-05, 1.650000e-05, 1.650000e-05
3.685500e-03, -1.345500e-03, 2.548954e-06, 2.826720e-06, 2.597203e-06
3.802500e-03, -1.345500e-03, 5.500000e-07, 5.500000e-07, 5.500000e-07
3.919500e-03, -1.345500e-03, 5.500000e-07, 5.500000e-07, 5.500000e-07
4.036500e-03, -1.345500e-03, 5.500000e-07, 5.500000e-07, 5.500000e-07
4.153500e-03, -1.345500e-03, 5.500000e-07, 5.500000e-07, 5.500000e-07
4.270500e-03, -1.345500e-03, 5.500000e-07, 5.500000e-07, 5.500000e-07
4.387500e-03, -1.345500e-03, 5.500000e-07, 5.500000e-07, 5.500000e-07
4.504500e-03, -1.345500e-03, 5.500000e-07, 5.500000e-07, 5.500000e-07
4.621500e-03, -1.345500e-03, 5.500000e-07, 5.500000e-07, 5.500000e-07
4.738500e-03, -1.345500e-03, 5.500000e-07, 5.500000e-07, 5.500000e-07
4.855500e-03, -1.345500e-03, 2.942959e-06, 2.942959e-06, 2.874509e-06
4.972500e-03, -1.345500e-03, 8.291052e-06, 8.291052e-06, 8.047514e-06
5.089500e-03, -1.345500e-03, 1.758266e-06, 1.740416e-06, 1.730071e-06
5.206500e-03, -1.345500e-03, 6.326616e-06, 6.065738e-06, 6.095735e-06
5.323500e-03, -1.345500e-03, 3.930753e-06, 4.148582e-06, 3.950361e-06
5.440500e-03, -1.345500e-03, 1.630317e-05, 1.630317e-05, 1.630760e-05
5.557500e-03, -1.345500e-03, 4.570985e-06, 4.714240e-06, 4.531893e-06
5.674500e-03, -1.345500e-03, 5.500000e-07, 5.500000e-07, 5.500000e-07
5.791500e-03, -1.345500e-03, 5.500000e-07, 5.500000e-07, 5.500000e-07
-5.791500e-03, -1.228500e-03, 2.896463e-06, 3.176153e-06, 2.943927e-06
-5.674500e-03, -1.228500e-03, 1.650000e-05, 1.650000e-05, 1.650000e-05
-5.557500e-03, -1.228500e-03, 1.062677e-05, 1.063719e-05, 1.048966e-05
-5.440500e-03, -1.228500e-03, 1.558759e-05, 1.558759e-05, 1.556143e-05
-5.323500e-03, -1.228500e-03, 1.565704e-05, 1.576244e-05, 1.560783e-05
-5.206500e-03, -1.228500e-03, 1.650000e-05, 1.650000e-05, 1.650000e-05
-5.089500e-03, -1.228500e-03, 1.564760e-05, 1.575928e-05, 1.560716e-05
-4.972500e-03, -1.228500e-03, 1.499592e-05, 1.520870e-05, 1.501618e-05
-4.855500e-03, -1.228500e-03, 1.646025e-05, 1.646092e-05, 1.646342e-05
-4.738500e-03, -1.228500e-03, 1.626701e-05, 1.627627e-05, 1.627212e-05
-4.621500e-03, -1.228500e-03, 1.599886e-05, 1.608662e-05, 1.604356e-05
-4.504500e-03, -1.228500e-03, 1.245211e-05, 1.294211e-05, 1.250051e-05
-4.387500e-03, -1.228500e-03, 1.650000e-05, 1.650000e-05, 1.650000e-05
-4.270500e-03, -1.228500e-03, 1.386385e-05, 1.435082e-05, 1.385984e-05
-4.153500e-03, -1.228500e-03, 1.650000e-05, 1.650000e-05, 1.650000e-05
-4.036500e-03, -1.228500e-03, 1.650000e-05, 1.650000e-05, 1.650000e-05
-3.919500e-03, -1.228500e-03, 1.636297e-05, 1.637849e-05, 1.636882e-05
-3.802500e-03, -1.228500e-03, 4.519544e-06, 4.519549e-06, 4.398207e-06
-3.685500e-03, -1.228500e-03, 1.539368e-05, 1.546176e-05, 1.537799e-05
-3.568500e-03, -1.228500e-03, 1.650000e-05, 1.650000e-05, 1.650000e-05
-3.451500e-03, -1.228500e-03, 1.650000e-05, 1.650000e-05, 1.650000e-05
-3.334500e-03, -1.228500e-03, 1.521207e-05, 1.546556e-05, 1.526121e-05
-3.217500e-03, -1.228500e-03, 1.152720e-05, 1.223345e-05, 1.162996e-05
-3.100500e-03, -1.228500e-03, 1.534766e-05, 1.558457e-05, 1.539513e-05
-2.983500e-03, -1.228500e-03, 1.650000e-05, 1.650000e-05, 1.650000e-05
-2.866500e-03, -1.228500e-03, 1.650000e-05, 1.650000e-05, 1.650000e-05
-2.749500e-03, -1.228500e-03, 1.650000e-05, 1.650000e-05, 1.650000e-05
-2.632500e-03, -1.228500e-03, 8.414554e-06, 9.155846e-06, 8.521245e-06
-2.515500e-03, -1.228500e-03, 1.650000e-05, 1.650000e-05, 1.650000e-05
-2.398500e-03, -1.228500e-03, 1.650000e-05, 1.650000e-05, 1.650000e-05
-2.281500e-03, -1.228500e-03, 6.291400e-06, 6.290346e-06, 6.058461e-06
-2.164500e-03, -1.228500e-03, 1.442215e-05, 1.447154e-05, 1.437752e-05
-2.047500e-03, -1.228500e-03, 1.650000e-05, 1.650000e-05, 1.650000e-05
-1.930500e-03, -1.228500e-03, 1.536639e-05, 1.524611e-05, 1.526487e-05
-1.813500e-03, -1.228500e-03, 1.417400e-05, 1.385282e-05, 1.390331e-05
-1.696500e-03, -1.228500e-03, 1.568729e-05, 1.562924e-05, 1.563841e-05
-1.579500e-03, -1.228500e-03, 1.650000e-05, 1.650000e-05, 1.650000e-05
-1.462500e-03, -1.228500e-03, 1.249235e-05, 1.257527e-05, 1.237702e-05
-1.345500e-03, -1.228500e-03, 1.302688e-05, 1.324596e-05, 1.303902e-05
-1.228500e-03, -1.228500e-03, 1.650000e-05, 1.650000e-05, 1.650000e-05
-1.111500e-03, -1.228500e-03, 1.650000e-05, 1.650000e-05, 1.650000e-05
-9.945000e-04, -1.228500e-03, 1.650000e-05, 1.650000e-05, 1.650000e-05
-8.775000e-04, -1.228500e-03, 1.650000e-05, 1.650000e-05, 1.650000e-05
-7.605000e-04, -1.228500e-03, 1.650000e-05, 1.650000e-05, 1.650000e-05
-6.435000e-04, -1.228500e-03, 1.650000e-05, 1.650000e-05, 1.650000e-05
-5.265000e-04, -1.228500e-03, 1.650000e-05, 1.650000e-05, 1.650000e-05
-4.095000e-04, -1.228500e-03, 1.650000e-05, 1.650000e-05, 1.650000e-05
-2.925000e-04, -1.228500e-03, 1.650000e-05, 1.650000e-05, 1.650000e-05
-1.755000e-04, -1.228500e-03, 1.650000e-05, 1.650000e-05, 1.650000e-05
-5.850000e-05, -1.228500e-03, 1.650000e-05, 1.650000e-05, 1.650000e-05
5.850000e-05, -1.228500e-03, 1.650000e-05, 1.650000e-05, 1.650000e-05
1.755000e-04, -1.228500e-03, 1.650000e-05, 1.650000e-05, 1.650000e-05
2.925000e-04, -1.228500e-03, 1.650000e-05, 1.650000e-05, 1.650000e-05
4.095000e-04, -1.228500e-03, 1.650000e-05, 1.650000e-05, 1.650000e-05
5.265000e-04, -1.228500e-03, 1.650000e-05, 1.650000e-05, 1.650000e-05
6.435000e-04, -1.228500e-03, 1.650000e-05, 1.650000e-05, 1.650000e-05
7.605000e-04, -1.228500e-03, 1.650000e-05, 1.650000e-05, 1.650000e-05
8.775000e-04, -1.228500e-03, 1.650000e-05, 1.650000e-05, 1.650000e-05
9.945000e-04, -1.228500e-03, 1.650000e-05, 1.650000e-05, 1.650000e-05
1.111500e-03, -1.228500e-03, 1.650000e-05, 1.650000e-05, 1.650000e-05
1.228500e-03, -1.228500e-03, 1.650000e-05, 1.650000e-05, 1.650000e-05
1.345500e-03, -1.228500e-03, 1.215742e-05, 1.247947e-05, 1.220512e-05
1.462500e-03, -1.228500e-03, 1.630807e-05, 1.636006e-05, 1.633798e-05
1.579500e-03, -1.228500e-03, 1.650000e-05, 1.650000e-05, 1.650000e-05
1.696500e-03, -1.228500e-03, 1.650000e-05, 1.650000e-05, 1.650000e-05
1.813500e-03, -1.228500e-03, 1.650000e-05, 1.650000e-05, 1.650000e-05
1.930500e-03, -1.228500e-03, 1.650000e-05, 1.650000e-05, 1.650000e-05
2.047500e-03, -1.228500e-03, 1.650000e-05, 1.650000e-05, 1.650000e-05
2.164500e-03, -1.228500e-03, 1.650000e-05, 1.650000e-05, 1.650000e-05
2.281500e-03, -1.228500e-03, 1.650000e-05, 1.650000e-05, 1.650000e-05
2.398500e-03, -1.228500e-03, 1.650000e-05, 1.650000e-05, 1.650000e-05
2.515500e-03, -1.228500e-03, 1.170238e-05, 1.175933e-05, 1.156789e-05
2.632500e-03, -1.228500e-03, 1.454511e-05, 1.479646e-05, 1.458044e-05
2.749500e-03, -1.228500e-03, 1.650000e-05, 1.650000e-05, 1.650000e-05
2.866500e-03, -1.228500e-03, 1.650000e-05, 1.650000e-05, 1.650000e-05
2.983500e-03, -1.228500e-03, 7.871355e-06, 8.558205e-06, 7.971806e-06
3.100500e-03, -1.228500e-03, 1.650000e-05, 1.650000e-05, 1.650000e-05
3.217500e-03, -1.228500e-03, 1.650000e-05, 1.650000e-05, 1.650000e-05
3.334500e-03, -1.228500e-03, 1.650000e-05, 1.650000e-05, 1.650000e-05
3.451500e-03, -1.228500e-03, 1.650000e-05, 1.650000e-05, 1.650000e-05
3.568500e-03, -1.228500e-03, 1.650000e-05, 1.650000e-05, 1.650000e-05
3.685500e-03, -1.228500e-03, 2.548954e-06, 2.826720e-06, 2.597203e-06
3.802500e-03, -1.228500e-03, 5.500000e-07, 5.500000e-07, 5.500000e-07
3.919500e-03, -1.228500e-03, 5.500000e-07, 5.500000e-07, 5.500000e-07
4.036500e-03, -1.228500e-03, 5.500000e-07, 5.500000e-07, 5.500000e-07
4.153500e-03, -1.228500e-03, 5.500000e-07, 5.500000e-07, 5.500000e-07
4.270500e-03, -1.228500e-03, 5.500000e-07, 5.500000e-07, 5.500000e-07
4.387500e-03, -1.228500e-03, 5.500000e-07, 5.500000e-07, 5.500000e-07
4.504500e-03, -1.228500e-03, 5.500000e-07, 5.500000e-07, 5.500000e-07
4.621500e-03, -1.228500e-03, 5.500000e-07, 5.500000e-07, 5.500000e-07
4.738500e-03, -1.228500e-03, 5.500000e-07, 5.500000e-07, 5.500000e-07
4.855500e-03, -1.228500e-03, 8.316440e-06, 9.002052e-06, 8.336541e-06
4.972500e-03, -1.228500e-03, 5.929264e-07, 5.929264e-07, 5.956714e-07
5.089500e-03, -1.228500e-03, 1.049006e-05, 1.074051e-05, 1.047419e-05
5.206500e-03, -1.228500e-03, 1.650000e-05, 1.650000e-05, 1.650000e-05
5.323500e-03, -1.228500e-03, 8.708256e-06, 8.955477e-06, 8.700619e-06
5.440500e-03, -1.228500e-03, 1.507321e-06, 1.319105e-06, 1.356471e-06
5.557500e-03, -1.228500e-03, 5.500000e-07, 5.500000e-07, 5.500000e-07
5.674500e-03, -1.228500e-03, 5.500000e-07, 5.500000e-07, 5.500000e-07
5.791500e-03, -1.228500e-03, 5.500000e-07, 5.500000e-07, 5.500000e-07
-5.791500e-03, -1.111500e-03, 2.896463e-06, 3.176153e-06, 2.943927e-06
-5.674500e-03, -1.111500e-03, 1.649997e-05, 1.649997e-05, 1.649997e-05
-5.557500e-03, -1.111500e-03, 1.009695e-05, 1.011484e-05, 9.958534e-06
-5.440500e-03, -1.111500e-03, 1.540541e-05, 1.540690e-05, 1.537311e-05
-5.323500e-03, -1.111500e-03, 1.649332e-05, 1.649312e-05, 1.649387e-05
-5.206500e-03, -1.111500e-03, 1.585426e-05, 1.574480e-05, 1.576825e-05
-5.089500e-03, -1.111500e-03, 1.649333e-05, 1.649312e-05, 1.649388e-05
-4.972500e-03, -1.111500e-03, 1.352436e-05, 1.403196e-05, 1.354651e-05
-4.855500e-03, -1.111500e-03, 1.628022e-05, 1.627349e-05, 1.627787e-05
-4.738500e-03, -1.111500e-03, 1.550785e-05, 1.542672e-05, 1.544175e-05
-4.621500e-03, -1.111500e-03, 1.413741e-05, 1.437569e-05, 1.414593e-05
-4.504500e-03, -1.111500e-03, 1.481511e-05, 1.491579e-05, 1.480771e-05
-4.387500e-03, -1.111500e-03, 1.525968e-05, 1.511219e-05, 1.512666e-05
-4.270500e-03, -1.111500e-03, 1.411618e-05, 1.426856e-05, 1.397126e-05
-4.153500e-03, -1.111500e-03, 1.650000e-05, 1.650000e-05, 1.650000e-05
-4.036500e-03, -1.111500e-03, 1.650000e-05, 1.650000e-05, 1.650000e-05
-3.919500e-03, -1.111500e-03, 1.650000e-05, 1.650000e-05, 1.650000e-05
-3.802500e-03, -1.111500e-03, 1.541651e-05, 1.534701e-05, 1.532990e-05
-3.685500e-03, -1.111500e-03, 1.650000e-05, 1.650000e-05, 1.650000e-05
-3.568500e-03, -1.111500e-03, 1.430880e-05, 1.423621e-05, 1.418741e-05
-3.451500e-03, -1.111500e-03, 1.650000e-05, 1.650000e-05, 1.650000e-05
-3.334500e-03, -1.111500e-03, 1.521207e-05, 1.546556e-05, 1.526121e-05
-3.217500e-03, -1.111500e-03, 1.152720e-05, 1.223345e-05, 1.162996e-05
-3.100500e-03, -1.111500e-03, 1.534766e-05, 1.558457e-05, 1.539513e-05
-2.983500e-03, -1.111500e-03, 1.640028e-05, 1.640028e-05, 1.640254e-05
-2.866500e-03, -1.111500e-03, 1.597706e-05, 1.597003e-05, 1.596632e-05
-2.749500e-03, -1.111500e-03, 1.650000e-05, 1.650000e-05, 1.650000e-05
-2.632500e-03, -1.111500e-03, 8.414554e-06, 9.155846e-06, 8.521245e-06
-2.515500e-03, -1.111500e-03, 1.650000e-05, 1.650000e-05, 1.650000e-05
-2.398500e-03, -1.111500e-03, 1.650000e-05, 1.650000e-05, 1.650000e-05
-2.281500e-03, -1.111500e-03, 1.649988e-05, 1.649988e-05, 1.649988e-05
-2.164500e-03, -1.111500e-03, 1.650000e-05, 1.650000e-05, 1.650000e-05
-2.047500e-03, -1.111500e-03, 1.650000e-05, 1.650000e-05, 1.650000e-05
-1.930500e-03, -1.111500e-03, 1.650000e-05, 1.650000e-05, 1.650000e-05
-1.813500e-03, -1.111500e-03, 1.650000e-05, 1.650000e-05, 1.650000e-05
-1.696500e-03, -1.111500e-03, 1.650000e-05, 1.650000e-05, 1.650000e-05
-1.579500e-03, -1.111500e-03, 1.650000e-05, 1.650000e-05, 1.650000e-05
-1.462500e-03, -1.111500e-03, 1.637083e-05, 1.637541e-05, 1.637583e-05
-1.345500e-03, -1.111500e-03, 1.026091e-05, 1.026091e-05, 9.928288e-06
-1.228500e-03, -1.111500e-03, 1.558101e-05, 1.558101e-05, 1.555457e-05
-1.111500e-03, -1.111500e-03, 1.650000e-05, 1.650000e-05, 1.650000e-05
-9.945000e-04, -1.111500e-03, 1.650000e-05, 1.650000e-05, 1.650000e-05
-8.775000e-04, -1.111500e-03, 1.650000e-05, 1.650000e-05, 1.650000e-05
-7.605000e-04, -1.111500e-03, 1.650000e-05, 1.650000e-05, 1.650000e-05
-6.435000e-04, -1.111500e-03, 1.578782e-05, 1.577588e-05, 1.576730e-05
-5.265000e-04, -1.111500e-03, 1.642116e-05, 1.642116e-05, 1.642360e-05
-4.095000e-04, -1.111500e-03, 1.650000e-05, 1.650000e-05, 1.650000e-05
-2.925000e-04, -1.111500e-03, 1.650000e-05, 1.650000e-05, 1.650000e-05
-1.755000e-04, -1.111500e-03, 1.574501e-05, 1.570049e-05, 1.569486e-05
-5.850000e-05, -1.111500e-03, 1.650000e-05, 1.650000e-05, 1.650000e-05
5.850000e-05, -1.111500e-03, 1.650000e-05, 1.650000e-05, 1.650000e-05
1.755000e-04, -1.111500e-03, 1.574501e-05, 1.570049e-05, 1.569486e-05
2.925000e-04, -1.111500e-03, 1.650000e-05, 1.650000e-05, 1.650000e-05
4.095000e-04, -1.111500e-03, 1.650000e-05, 1.650000e-05, 1.650000e-05
5.265000e-04, -1.111500e-03, 1.642116e-05, 1.642116e-05, 1.642360e-05
6.435000e-04, -1.111500e-03, 1.578782e-05, 1.577588e-05, 1.576730e-05
7.605000e-04, -1.111500e-03, 1.650000e-05, 1.650000e-05, 1.650000e-05
8.775000e-04, -1.111500e-03, 1.650000e-05, 1.650000e-05, 1.650000e-05
9.945000e-04, -1.111500e-03, 1.576624e-05, 1.570392e-05, 1.569666e-05
1.111500e-03, -1.111500e-03, 1.650000e-05, 1.650000e-05, 1.650000e-05
1.228500e-03, -1.111500e-03, 1.650000e-05, 1.650000e-05, 1.650000e-05
1.345500e-03, -1.111500e-03, 1.215742e-05, 1.247947e-05, 1.220512e-05
1.462500e-03, -1.111500e-03, 1.636815e-05, 1.640352e-05, 1.639176e-05
1.579500e-03, -1.111500e-03, 1.650000e-05, 1.650000e-05, 1.650000e-05
1.696500e-03, -1.111500e-03, 1.650000e-05, 1.650000e-05, 1.650000e-05
1.813500e-03, -1.111500e-03, 1.576109e-05, 1.570325e-05, 1.569636e-05
1.930500e-03, -1.111500e-03, 1.650000e-05, 1.650000e-05, 1.650000e-05
2.047500e-03, -1.111500e-03, 1.650000e-05, 1.650000e-05, 1.650000e-05
2.164500e-03, -1.111500e-03, 1.572984e-05, 1.570572e-05, 1.569958e-05
2.281500e-03, -1.111500e-03, 1.649116e-05, 1.649116e-05, 1.649225e-05
2.398500e-03, -1.111500e-03, 1.650000e-05, 1.650000e-05, 1.650000e-05
2.515500e-03, -1.111500e-03, 1.503984e-05, 1.530717e-05, 1.508797e-05
2.632500e-03, -1.111500e-03, 1.389914e-05, 1.421500e-05, 1.394660e-05
2.749500e-03, -1.111500e-03, 1.650000e-05, 1.650000e-05, 1.650000e-05
2.866500e-03, -1.111500e-03, 1.650000e-05, 1.650000e-05, 1.650000e-05
2.983500e-03, -1.111500e-03, 7.871355e-06, 8.558205e-06, 7.971806e-06
3.100500e-03, -1.111500e-03, 1.650000e-05, 1.650000e-05, 1.650000e-05
3.217500e-03, -1.111500e-03, 1.650000e-05, 1.650000e-05, 1.650000e-05
3.334500e-03, -1.111500e-03, 1.610522e-05, 1.606302e-05, 1.606485e-05
3.451500e-03, -1.111500e-03, 1.650000e-05, 1.650000e-05, 1.650000e-05
3.568500e-03, -1.111500e-03, 1.650000e-05, 1.650000e-05, 1.650000e-05
3.685500e-03, -1.111500e-03, 2.548954e-06, 2.826720e-06, 2.597203e-06
3.802500e-03, -1.111500e-03, 5.500000e-07, 5.500000e-07, 5.500000e-07
3.919500e-03, -1.111500e-03, 5.500000e-07, 5.500000e-07, 5.500000e-07
4.036500e-03, -1.111500e-03, 5.500000e-07, 5.500000e-07, 5.500000e-07
4.153500e-03, -1.111500e-03, 5.500000e-07, 5.500000e-07, 5.500000e-07
4.270500e-03, -1.111500e-03, 5.500000e-07, 5.500000e-07, 5.500000e-07
4.387500e-03, -1.111500e-03, 5.500000e-07, 5.500000e-07, 5.500000e-07
4.504500e-03, -1.111500e-03, 5.500000e-07, 5.500000e-07, 5.500000e-07
4.621500e-03, -1.111500e-03, 5.500000e-07, 5.500000e-07, 5.500000e-07
4.738500e-03, -1.111500e-03, 2.609013e-06, 2.743555e-06, 2.618034e-06
4.855500e-03, -1.111500e-03, 1.473326e-05, 1.474976e-05, 1.469369e-05
4.972500e-03, -1.111500e-03, 2.038906e-06, 2.154447e-06, 2.054435e-06
5.089500e-03, -1.111500e-03, 6.118073e-06, 6.171922e-06, 6.043751e-06
5.206500e-03, -1.111500e-03, 1.412938e-05, 1.385083e-05, 1.386883e-05
5.323500e-03, -1.111500e-03, 4.734022e-06, 4.808829e-06, 4.681321e-06
5.440500e-03, -1.111500e-03, 5.500000e-07, 5.500000e-07, 5.500000e-07
5.557500e-03, -1.111500e-03, 5.500000e-07, 5.500000e-07, 5.500000e-07
5.674500e-03, -1.111500e-03, 5.500000e-07, 5.500000e-07, 5.500000e-07
5.791500e-03, -1.111500e-03, 5.500000e-07, 5.500000e-07, 5.500000e-07
-5.791500e-03, -9.945000e-04, 2.408457e-06, 2.633621e-06, 2.445907e-06
-5.674500e-03, -9.945000e-04, 1.377650e-05, 1.345379e-05, 1.350266e-05
-5.557500e-03, -9.945000e-04, 1.514484e-05, 1.491930e-05, 1.495228e-05
-5.440500e-03, -9.945000e-04, 1.650000e-05, 1.650000e-05, 1.650000e-05
-5.323500e-03, -9.945000e-04, 1.650000e-05, 1.650000e-05, 1.650000e-05
-5.206500e-03, -9.945000e-04, 1.576873e-05, 1.568736e-05, 1.569068e-05
-5.089500e-03, -9.945000e-04, 1.650000e-05, 1.650000e-05, 1.650000e-05
-4.972500e-03, -9.945000e-04, 1.573250e-05, 1.570018e-05, 1.570195e-05
-4.855500e-03, -9.945000e-04, 1.351152e-05, 1.287828e-05, 1.295241e-05
-4.738500e-03, -9.945000e-04, 1.570006e-05, 1.555791e-05, 1.559008e-05
-4.621500e-03, -9.945000e-04, 1.512774e-05, 1.528520e-05, 1.513345e-05
-4.504500e-03, -9.945000e-04, 1.416549e-05, 1.373310e-05, 1.377202e-05
-4.387500e-03, -9.945000e-04, 1.425582e-05, 1.436490e-05, 1.416140e-05
-4.270500e-03, -9.945000e-04, 1.650000e-05, 1.650000e-05, 1.650000e-05
-4.153500e-03, -9.945000e-04, 1.650000e-05, 1.650000e-05, 1.650000e-05
-4.036500e-03, -9.945000e-04, 1.628363e-05, 1.625826e-05, 1.626875e-05
-3.919500e-03, -9.945000e-04, 1.602151e-05, 1.600000e-05, 1.600502e-05
-3.802500e-03, -9.945000e-04, 1.650000e-05, 1.650000e-05, 1.650000e-05
-3.685500e-03, -9.945000e-04, 1.608633e-05, 1.612001e-05, 1.608900e-05
-3.568500e-03, -9.945000e-04, 5.411742e-06, 5.418507e-06, 5.209702e-06
-3.451500e-03, -9.945000e-04, 1.589370e-05, 1.593489e-05, 1.589240e-05
-3.334500e-03, -9.945000e-04, 1.521207e-05, 1.546556e-05, 1.526121e-05
-3.217500e-03, -9.945000e-04, 1.152720e-05, 1.223345e-05, 1.162996e-05
-3.100500e-03, -9.945000e-04, 1.534766e-05, 1.558457e-05, 1.539513e-05
-2.983500e-03, -9.945000e-04, 1.125734e-05, 1.125209e-05, 1.111773e-05
-2.866500e-03, -9.945000e-04, 8.527196e-06, 8.472776e-06, 8.292897e-06
-2.749500e-03, -9.945000e-04, 1.650000e-05, 1.650000e-05, 1.650000e-05
-2.632500e-03, -9.945000e-04, 8.414554e-06, 9.155846e-06, 8.521245e-06
-2.515500e-03, -9.945000e-04, 1.650000e-05, 1.650000e-05, 1.650000e-05
-2.398500e-03, -9.945000e-04, 1.650000e-05, 1.650000e-05, 1.650000e-05
-2.281500e-03, -9.945000e-04, 1.650000e-05, 1.650000e-05, 1.650000e-05
-2.164500e-03, -9.945000e-04, 1.546935e-05, 1.546269e-05, 1.543759e-05
-2.047500e-03, -9.945000e-04, 1.175024e-05, 1.142108e-05, 1.147492e-05
-1.930500e-03, -9.945000e-04, 1.219671e-05, 1.191027e-05, 1.194969e-05
-1.813500e-03, -9.945000e-04, 1.645490e-05, 1.645490e-05, 1.645730e-05
-1.696500e-03, -9.945000e-04, 1.650000e-05, 1.650000e-05, 1.650000e-05
-1.579500e-03, -9.945000e-04, 1.650000e-05, 1.650000e-05, 1.650000e-05
-1.462500e-03, -9.945000e-04, 1.650000e-05, 1.650000e-05, 1.650000e-05
-1.345500e-03, -9.945000e-04, 1.634204e-05, 1.634204e-05, 1.634331e-05
-1.228500e-03, -9.945000e-04, 1.076922e-05, 1.033775e-05, 1.031416e-05
-1.111500e-03, -9.945000e-04, 1.006914e-05, 1.005267e-05, 9.839864e-06
-9.945000e-04, -9.945000e-04, 1.647894e-05, 1.647894e-05, 1.648079e-05
-8.775000e-04, -9.945000e-04, 1.650000e-05, 1.650000e-05, 1.650000e-05
-7.605000e-04, -9.945000e-04, 1.650000e-05, 1.650000e-05, 1.650000e-05
-6.435000e-04, -9.945000e-04, 7.937628e-06, 7.883053e-06, 7.695553e-06
-5.265000e-04, -9.945000e-04, 1.188505e-05, 1.189644e-05, 1.177004e-05
-4.095000e-04, -9.945000e-04, 1.650000e-05, 1.650000e-05, 1.650000e-05
-2.925000e-04, -9.945000e-04, 1.416805e-05, 1.423769e-05, 1.411810e-05
-1.755000e-04, -9.945000e-04, 5.554588e-06, 5.545524e-06, 5.340288e-06
-5.850000e-05, -9.945000e-04, 1.650000e-05, 1.650000e-05, 1.650000e-05
5.850000e-05, -9.945000e-04, 1.650000e-05, 1.650000e-05, 1.650000e-05
1.755000e-04, -9.945000e-04, 5.554588e-06, 5.545524e-06, 5.340288e-06
2.925000e-04, -9.945000e-04, 1.416805e-05, 1.423769e-05, 1.411810e-05
4.095000e-04, -9.945000e-04, 1.650000e-05, 1.650000e-05, 1.650000e-05
5.265000e-04, -9.945000e-04, 1.188505e-05, 1.189644e-05, 1.177004e-05
6.435000e-04, -9.945000e-04, 7.937628e-06, 7.883053e-06, 7.695553e-06
7.605000e-04, -9.945000e-04, 1.650000e-05, 1.650000e-05, 1.650000e-05
8.775000e-04, -9.945000e-04, 1.622102e-05, 1.625057e-05, 1.622580e-05
9.945000e-04, -9.945000e-04, 4.101118e-06, 4.101118e-06, 4.008579e-06
1.111500e-03, -9.945000e-04, 1.570392e-05, 1.576624e-05, 1.569666e-05
1.228500e-03, -9.945000e-04, 1.650000e-05, 1.650000e-05, 1.650000e-05
1.345500e-03, -9.945000e-04, 1.215742e-05, 1.247947e-05, 1.220512e-05
1.462500e-03, -9.945000e-04, 1.636815e-05, 1.640352e-05, 1.639176e-05
1.579500e-03, -9.945000e-04, 1.650000e-05, 1.650000e-05, 1.650000e-05
1.696500e-03, -9.945000e-04, 1.515808e-05, 1.523379e-05, 1.513506e-05
1.813500e-03, -9.945000e-04, 4.488992e-06, 4.488936e-06, 4.367426e-06
1.930500e-03, -9.945000e-04, 1.643012e-05, 1.643831e-05, 1.643519e-05
2.047500e-03, -9.945000e-04, 1.650000e-05, 1.650000e-05, 1.650000e-05
2.164500e-03, -9.945000e-04, 6.886415e-06, 6.840971e-06, 6.639508e-06
2.281500e-03, -9.945000e-04, 1.290632e-05, 1.294598e-05, 1.282408e-05
2.398500e-03, -9.945000e-04, 1.650000e-05, 1.650000e-05, 1.650000e-05
2.515500e-03, -9.945000e-04, 1.503958e-05, 1.530690e-05, 1.508766e-05
2.632500e-03, -9.945000e-04, 1.389914e-05, 1.421500e-05, 1.394660e-05
2.749500e-03, -9.945000e-04, 1.650000e-05, 1.650000e-05, 1.650000e-05
2.866500e-03, -9.945000e-04, 1.650000e-05, 1.650000e-05, 1.650000e-05
2.983500e-03, -9.945000e-04, 7.871355e-06, 8.558205e-06, 7.971806e-06
3.100500e-03, -9.945000e-04, 1.650000e-05, 1.650000e-05, 1.650000e-05
3.217500e-03, -9.945000e-04, 1.622970e-05, 1.625863e-05, 1.623460e-05
3.334500e-03, -9.945000e-04, 4.037233e-06, 4.037225e-06, 3.949030e-06
3.451500e-03, -9.945000e-04, 1.568914e-05, 1.575290e-05, 1.568139e-05
3.568500e-03, -9.945000e-04, 1.650000e-05, 1.650000e-05, 1.650000e-05
3.685500e-03, -9.945000e-04, 2.548954e-06, 2.826720e-06, 2.597203e-06
3.802500e-03, -9.945000e-04, 5.500000e-07, 5.500000e-07, 5.500000e-07
3.919500e-03, -9.945000e-04, 5.500000e-07, 5.500000e-07, 5.500000e-07
4.036500e-03, -9.945000e-04, 5.500000e-07, 5.500000e-07, 5.500000e-07
4.153500e-03, -9.945000e-04, 5.500000e-07, 5.500000e-07, 5.500000e-07
4.270500e-03, -9.945000e-04, 5.500000e-07, 5.500000e-07, 5.500000e-07
4.387500e-03, -9.945000e-04, 5.500000e-07, 5.500000e-07, 5.500000e-07
4.504500e-03, -9.945000e-04, 5.500000e-07, 5.500000e-07, 5.500000e-07
4.621500e-03, -9.945000e-04, 5.500000e-07, 5.500000e-07, 5.500000e-07
4.738500e-03, -9.945000e-04, 1.767299e-06, 1.821524e-06, 1.769551e-06
4.855500e-03, -9.945000e-04, 1.004978e-05, 9.816751e-06, 9.780411e-06
4.972500e-03, -9.945000e-04, 1.390702e-06, 1.438969e-06, 1.399705e-06
5.089500e-03, -9.945000e-04, 5.500000e-07, 5.500000e-07, 5.500000e-07
5.206500e-03, -9.945000e-04, 5.500000e-07, 5.500000e-07, 5.500000e-07
5.323500e-03, -9.945000e-04, 5.500000e-07, 5.500000e-07, 5.500000e-07
5.440500e-03, -9.945000e-04, 6.809895e-06, 6.704895e-06, 6.645512e-06
5.557500e-03, -9.945000e-04, 9.568839e-06, 9.252136e-06, 9.300385e-06
5.674500e-03, -9.945000e-04, 3.700563e-06, 3.691092e-06, 3.613270e-06
5.791500e-03, -9.945000e-04, 5.500000e-07, 5.500000e-07, 5.500000e-07
-5.791500e-03, -8.775000e-04, 5.500000e-07, 5.500000e-07, 5.500000e-07
-5.674500e-03, -8.775000e-04, 1.174794e-05, 1.173554e-05, 1.154857e-05
-5.557500e-03, -8.775000e-04, 1.481339e-05, 1.464957e-05, 1.462504e-05
-5.440500e-03, -8.775000e-04, 1.394204e-05, 1.420753e-05, 1.393394e-05
-5.323500e-03, -8.775000e-04, 1.641388e-05, 1.641365e-05, 1.641596e-05
-5.206500e-03, -8.775000e-04, 1.626111e-05, 1.619369e-05, 1.621939e-05
-5.089500e-03, -8.775000e-04, 1.641355e-05, 1.641363e-05, 1.641594e-05
-4.972500e-03, -8.775000e-04, 1.490940e-05, 1.505420e-05, 1.489899e-05
-4.855500e-03, -8.775000e-04, 1.475232e-05, 1.462408e-05, 1.455911e-05
-4.738500e-03, -8.775000e-04, 1.464763e-05, 1.453840e-05, 1.445623e-05
-4.621500e-03, -8.775000e-04, 1.505806e-05, 1.516977e-05, 1.505827e-05
-4.504500e-03, -8.775000e-04, 1.562752e-05, 1.550844e-05, 1.553366e-05
-4.387500e-03, -8.775000e-04, 1.567365e-05, 1.545236e-05, 1.550515e-05
-4.270500e-03, -8.775000e-04, 1.650000e-05, 1.650000e-05, 1.650000e-05
-4.153500e-03, -8.775000e-04, 1.368091e-05, 1.375432e-05, 1.350578e-05
-4.036500e-03, -8.775000e-04, 1.600703e-05, 1.594258e-05, 1.597211e-05
-3.919500e-03, -8.775000e-04, 1.519769e-05, 1.519373e-05, 1.517661e-05
-3.802500e-03, -8.775000e-04, 1.621601e-05, 1.622048e-05, 1.621650e-05
-3.685500e-03, -8.775000e-04, 1.650000e-05, 1.650000e-05, 1.650000e-05
-3.568500e-03, -8.775000e-04, 1.650000e-05, 1.650000e-05, 1.650000e-05
-3.451500e-03, -8.775000e-04, 1.650000e-05, 1.650000e-05, 1.650000e-05
-3.334500e-03, -8.775000e-04, 1.521207e-05, 1.546556e-05, 1.526121e-05
-3.217500e-03, -8.775000e-04, 1.152720e-05, 1.223345e-05, 1.162996e-05
-3.100500e-03, -8.775000e-04, 1.534766e-05, 1.558457e-05, 1.539513e-05
-2.983500e-03, -8.775000e-04, 1.645849e-05, 1.645849e-05, 1.646086e-05
-2.866500e-03, -8.775000e-04, 1.614514e-05, 1.613948e-05, 1.614010e-05
-2.749500e-03, -8.775000e-04, 1.650000e-05, 1.650000e-05, 1.650000e-05
-2.632500e-03, -8.775000e-04, 8.414554e-06, 9.155846e-06, 8.521245e-06
-2.515500e-03, -8.775000e-04, 1.650000e-05, 1.650000e-05, 1.650000e-05
-2.398500e-03, -8.775000e-04, 1.650000e-05, 1.650000e-05, 1.650000e-05
-2.281500e-03, -8.775000e-04, 1.594892e-05, 1.600354e-05, 1.596475e-05
-2.164500e-03, -8.775000e-04, 7.984955e-06, 7.984955e-06, 7.682222e-06
-2.047500e-03, -8.775000e-04, 1.489781e-05, 1.465070e-05, 1.466625e-05
-1.930500e-03, -8.775000e-04, 1.226321e-05, 1.217223e-05, 1.205365e-05
-1.813500e-03, -8.775000e-04, 8.281919e-06, 8.281919e-06, 8.141669e-06
-1.696500e-03, -8.775000e-04, 1.645490e-05, 1.645490e-05, 1.645730e-05
-1.579500e-03, -8.775000e-04, 1.650000e-05, 1.650000e-05, 1.650000e-05
-1.462500e-03, -8.775000e-04, 1.650000e-05, 1.650000e-05, 1.650000e-05
-1.345500e-03, -8.775000e-04, 1.650000e-05, 1.650000e-05, 1.650000e-05
-1.228500e-03, -8.775000e-04, 1.650000e-05, 1.650000e-05, 1.650000e-05
-1.111500e-03, -8.775000e-04, 1.441298e-05, 1.441298e-05, 1.433812e-05
-9.945000e-04, -8.775000e-04, 1.135066e-05, 1.166325e-05, 1.134283e-05
-8.775000e-04, -8.775000e-04, 1.650000e-05, 1.650000e-05, 1.650000e-05
-7.605000e-04, -8.775000e-04, 1.650000e-05, 1.650000e-05, 1.650000e-05
-6.435000e-04, -8.775000e-04, 1.622822e-05, 1.621826e-05, 1.622364e-05
-5.265000e-04, -8.775000e-04, 1.649943e-05, 1.649943e-05, 1.649946e-05
-4.095000e-04, -8.775000e-04, 1.650000e-05, 1.650000e-05, 1.650000e-05
-2.925000e-04, -8.775000e-04, 1.650000e-05, 1.650000e-05, 1.650000e-05
-1.755000e-04, -8.775000e-04, 1.624628e-05, 1.622063e-05, 1.622554e-05
-5.850000e-05, -8.775000e-04, 1.650000e-05, 1.650000e-05, 1.650000e-05
5.850000e-05, -8.775000e-04, 1.650000e-05, 1.650000e-05, 1.650000e-05
1.755000e-04, -8.775000e-04, 1.624628e-05, 1.622063e-05, 1.622554e-05
2.925000e-04, -8.775000e-04, 1.650000e-05, 1.650000e-05, 1.650000e-05
4.095000e-04, -8.775000e-04, 1.650000e-05, 1.650000e-05, 1.650000e-05
5.265000e-04, -8.775000e-04, 1.649943e-05, 1.649943e-05, 1.649946e-05
6.435000e-04, -8.775000e-04, 1.622822e-05, 1.621826e-05, 1.622364e-05
7.605000e-04, -8.775000e-04, 1.650000e-05, 1.650000e-05, 1.650000e-05
8.775000e-04, -8.775000e-04, 1.650000e-05, 1.650000e-05, 1.650000e-05
9.945000e-04, -8.775000e-04, 1.625057e-05, 1.622102e-05, 1.622580e-05
1.111500e-03, -8.775000e-04, 1.650000e-05, 1.650000e-05, 1.650000e-05
1.228500e-03, -8.775000e-04, 1.650000e-05, 1.650000e-05, 1.650000e-05
1.345500e-03, -8.775000e-04, 1.215742e-05, 1.247947e-05, 1.220512e-05
1.462500e-03, -8.775000e-04, 1.636815e-05, 1.640352e-05, 1.639176e-05
1.579500e-03, -8.775000e-04, 1.650000e-05, 1.650000e-05, 1.650000e-05
1.696500e-03, -8.775000e-04, 1.650000e-05, 1.650000e-05, 1.650000e-05
1.813500e-03, -8.775000e-04, 1.624958e-05, 1.622094e-05, 1.622573e-05
1.930500e-03, -8.775000e-04, 1.650000e-05, 1.650000e-05, 1.650000e-05
2.047500e-03, -8.775000e-04, 1.650000e-05, 1.650000e-05, 1.650000e-05
2.164500e-03, -8.775000e-04, 1.623842e-05, 1.621961e-05, 1.622490e-05
2.281500e-03, -8.775000e-04, 1.650000e-05, 1.650000e-05, 1.650000e-05
2.398500e-03, -8.775000e-04, 1.650000e-05, 1.650000e-05, 1.650000e-05
2.515500e-03, -8.775000e-04, 1.503958e-05, 1.530690e-05, 1.508766e-05
2.632500e-03, -8.775000e-04, 1.389914e-05, 1.421500e-05, 1.394660e-05
2.749500e-03, -8.775000e-04, 1.650000e-05, 1.650000e-05, 1.650000e-05
2.866500e-03, -8.775000e-04, 1.650000e-05, 1.650000e-05, 1.650000e-05
2.983500e-03, -8.775000e-04, 7.871355e-06, 8.558205e-06, 7.971806e-06
3.100500e-03, -8.775000e-04, 1.650000e-05, 1.650000e-05, 1.650000e-05
3.217500e-03, -8.775000e-04, 1.650000e-05, 1.650000e-05, 1.650000e-05
3.334500e-03, -8.775000e-04, 1.597527e-05, 1.592397e-05, 1.592259e-05
3.451500e-03, -8.775000e-04, 1.650000e-05, 1.650000e-05, 1.650000e-05
3.568500e-03, -8.775000e-04, 1.650000e-05, 1.650000e-05, 1.650000e-05
3.685500e-03, -8.775000e-04, 2.548954e-06, 2.826720e-06, 2.597203e-06
3.802500e-03, -8.775000e-04, 5.500000e-07, 5.500000e-07, 5.500000e-07
3.919500e-03, -8.775000e-04, 5.500000e-07, 5.500000e-07, 5.500000e-07
4.036500e-03, -8.775000e-04, 5.500000e-07, 5.500000e-07, 5.500000e-07
4.153500e-03, -8.775000e-04, 5.500000e-07, 5.500000e-07, 5.500000e-07
4.270500e-03, -8.775000e-04, 4.854027e-06, 4.964175e-06, 4.818184e-06
4.387500e-03, -8.775000e-04, 1.544936e-05, 1.527978e-05, 1.531461e-05
4.504500e-03, -8.775000e-04, 8.003181e-06, 8.066276e-06, 7.911963e-06
4.621500e-03, -8.775000e-04, 5.500000e-07, 5.500000e-07, 5.500000e-07
4.738500e-03, -8.775000e-04, 5.500000e-07, 5.500000e-07, 5.500000e-07
4.855500e-03, -8.775000e-04, 5.500000e-07, 5.500000e-07, 5.500000e-07
4.972500e-03, -8.775000e-04, 5.599978e-06, 5.731610e-06, 5.568945e-06
5.089500e-03, -8.775000e-04, 1.416719e-05, 1.391363e-05, 1.393351e-05
5.206500e-03, -8.775000e-04, 1.548465e-05, 1.531820e-05, 1.535449e-05
5.323500e-03, -8.775000e-04, 5.546544e-06, 5.652620e-06, 5.501935e-06
5.440500e-03, -8.775000e-04, 1.499736e-05, 1.526743e-05, 1.504492e-05
5.557500e-03, -8.775000e-04, 1.650000e-05, 1.650000e-05, 1.650000e-05
5.674500e-03, -8.775000e-04, 1.540522e-05, 1.540522e-05, 1.537140e-05
5.791500e-03, -8.775000e-04, 1.046052e-06, 1.170959e-06, 1.079453e-06
-5.791500e-03, -7.605000e-04, 5.683069e-07, 5.723591e-07, 5.717561e-07
-5.674500e-03, -7.605000e-04, 1.489643e-05, 1.501198e-05, 1.487450e-05
-5.557500e-03, -7.605000e-04, 1.650000e-05, 1.650000e-05, 1.650000e-05
-5.440500e-03, -7.605000e-04, 1.312190e-05, 1.373669e-05, 1.320384e-05
-5.323500e-03, -7.605000e-04, 1.569924e-05, 1.577341e-05, 1.567782e-05
-5.206500e-03, -7.605000e-04, 1.650000e-05, 1.650000e-05, 1.650000e-05
-5.089500e-03, -7.605000e-04, 1.569700e-05, 1.577429e-05, 1.567781e-05
-4.972500e-03, -7.605000e-04, 1.375474e-05, 1.418412e-05, 1.379859e-05
-4.855500e-03, -7.605000e-04, 1.608441e-05, 1.608441e-05, 1.607793e-05
-4.738500e-03, -7.605000e-04, 1.590429e-05, 1.591150e-05, 1.589287e-05
-4.621500e-03, -7.605000e-04, 1.442214e-05, 1.476702e-05, 1.449764e-05
-4.504500e-03, -7.605000e-04, 1.449373e-05, 1.478825e-05, 1.449040e-05
-4.387500e-03, -7.605000e-04, 1.433763e-05, 1.428888e-05, 1.421999e-05
-4.270500e-03, -7.605000e-04, 1.076746e-05, 9.587489e-06, 9.766901e-06
-4.153500e-03, -7.605000e-04, 1.236234e-05, 1.198201e-05, 1.192971e-05
-4.036500e-03, -7.605000e-04, 1.649962e-05, 1.649962e-05, 1.649963e-05
-3.919500e-03, -7.605000e-04, 1.584542e-05, 1.593491e-05, 1.587615e-05
-3.802500e-03, -7.605000e-04, 1.610630e-05, 1.613484e-05, 1.611357e-05
-3.685500e-03, -7.605000e-04, 1.650000e-05, 1.650000e-05, 1.650000e-05
-3.568500e-03, -7.605000e-04, 1.650000e-05, 1.650000e-05, 1.650000e-05
-3.451500e-03, -7.605000e-04, 1.650000e-05, 1.650000e-05, 1.650000e-05
-3.334500e-03, -7.605000e-04, 1.521207e-05, 1.546556e-05, 1.526121e-05
-3.217500e-03, -7.605000e-04, 1.152720e-05, 1.223345e-05, 1.162996e-05
-3.100500e-03, -7.605000e-04, 1.534766e-05, 1.558457e-05, 1.539513e-05
-2.983500e-03, -7.605000e-04, 1.650000e-05, 1.650000e-05, 1.650000e-05
-2.866500e-03, -7.605000e-04, 1.650000e-05, 1.650000e-05, 1.650000e-05
-2.749500e-03, -7.605000e-04, 1.650000e-05, 1.650000e-05, 1.650000e-05
-2.632500e-03, -7.605000e-04, 8.414554e-06, 9.155846e-06, 8.521245e-06
-2.515500e-03, -7.605000e-04, 1.650000e-05, 1.650000e-05, 1.650000e-05
-2.398500e-03, -7.605000e-04, 1.650000e-05, 1.650000e-05, 1.650000e-05
-2.281500e-03, -7.605000e-04, 1.476649e-05, 1.506034e-05, 1.481978e-05
-2.164500e-03, -7.605000e-04, 1.252312e-05, 1.285148e-05, 1.257236e-05
-2.047500e-03, -7.605000e-04, 1.650000e-05, 1.650000e-05, 1.650000e-05
-1.930500e-03, -7.605000e-04, 1.650000e-05, 1.650000e-05, 1.650000e-05
-1.813500e-03, -7.605000e-04, 7.756627e-06, 8.035174e-06, 7.776757e-06
-1.696500e-03, -7.605000e-04, 1.485553e-05, 1.513516e-05, 1.490309e-05
-1.579500e-03, -7.605000e-04, 1.650000e-05, 1.650000e-05, 1.650000e-05
-1.462500e-03, -7.605000e-04, 1.650000e-05, 1.650000e-05, 1.650000e-05
-1.345500e-03, -7.605000e-04, 1.650000e-05, 1.650000e-05, 1.650000e-05
-1.228500e-03, -7.605000e-04, 1.650000e-05, 1.650000e-05, 1.650000e-05
-1.111500e-03, -7.605000e-04, 1.650000e-05, 1.650000e-05, 1.650000e-05
-9.945000e-04, -7.605000e-04, 1.113126e-05, 1.186343e-05, 1.122688e-05
-8.775000e-04, -7.605000e-04, 1.650000e-05, 1.650000e-05, 1.650000e-05
-7.605000e-04, -7.605000e-04, 1.650000e-05, 1.650000e-05, 1.650000e-05
-6.435000e-04, -7.605000e-04, 1.650000e-05, 1.650000e-05, 1.650000e-05
-5.265000e-04, -7.605000e-04, 1.650000e-05, 1.650000e-05, 1.650000e-05
-4.095000e-04, -7.605000e-04, 1.650000e-05, 1.650000e-05, 1.650000e-05
-2.925000e-04, -7.605000e-04, 1.650000e-05, 1.650000e-05, 1.650000e-05
-1.755000e-04, -7.605000e-04, 1.650000e-05, 1.650000e-05, 1.650000e-05
-5.850000e-05, -7.605000e-04, 1.650000e-05, 1.650000e-05, 1.650000e-05
5.850000e-05, -7.605000e-04, 1.650000e-05, 1.650000e-05, 1.650000e-05
1.755000e-04, -7.605000e-04, 1.650000e-05, 1.650000e-05, 1.650000e-05
2.925000e-04, -7.605000e-04, 1.650000e-05, 1.650000e-05, 1.650000e-05
4.095000e-04, -7.605000e-04, 1.650000e-05, 1.650000e-05, 1.650000e-05
5.265000e-04, -7.605000e-04, 1.650000e-05, 1.650000e-05, 1.650000e-05
6.435000e-04, -7.605000e-04, 1.650000e-05, 1.650000e-05, 1.650000e-05
7.605000e-04, -7.605000e-04, 1.650000e-05, 1.650000e-05, 1.650000e-05
8.775000e-04, -7.605000e-04, 1.650000e-05, 1.650000e-05, 1.650000e-05
9.945000e-04, -7.605000e-04, 1.650000e-05, 1.650000e-05, 1.650000e-05
1.111500e-03, -7.605000e-04, 1.650000e-05, 1.650000e-05, 1.650000e-05
1.228500e-03, -7.605000e-04, 1.650000e-05, 1.650000e-05, 1.650000e-05
1.345500e-03, -7.605000e-04, 1.215742e-05, 1.247947e-05, 1.220512e-05
1.462500e-03, -7.605000e-04, 1.636815e-05, 1.640352e-05, 1.639176e-05
1.579500e-03, -7.605000e-04, 1.650000e-05, 1.650000e-05, 1.650000e-05
1.696500e-03, -7.605000e-04, 1.650000e-05, 1.650000e-05, 1.650000e-05
1.813500e-03, -7.605000e-04, 1.650000e-05, 1.650000e-05, 1.650000e-05
1.930500e-03, -7.605000e-04, 1.650000e-05, 1.650000e-05, 1.650000e-05
2.047500e-03, -7.605000e-04, 1.650000e-05, 1.650000e-05, 1.650000e-05
2.164500e-03, -7.605000e-04, 1.650000e-05, 1.650000e-05, 1.650000e-05
2.281500e-03, -7.605000e-04, 1.650000e-05, 1.650000e-05, 1.650000e-05
2.398500e-03, -7.605000e-04, 1.650000e-05, 1.650000e-05, 1.650000e-05
2.515500e-03, -7.605000e-04, 1.517151e-05, 1.541102e-05, 1.521745e-05
2.632500e-03, -7.605000e-04, 1.389650e-05, 1.421260e-05, 1.394410e-05
2.749500e-03, -7.605000e-04, 1.650000e-05, 1.650000e-05, 1.650000e-05
2.866500e-03, -7.605000e-04, 1.650000e-05, 1.650000e-05, 1.650000e-05
2.983500e-03, -7.605000e-04, 7.871355e-06, 8.558205e-06, 7.971806e-06
3.100500e-03, -7.605000e-04, 1.650000e-05, 1.650000e-05, 1.650000e-05
3.217500e-03, -7.605000e-04, 1.650000e-05, 1.650000e-05, 1.650000e-05
3.334500e-03, -7.605000e-04, 1.650000e-05, 1.650000e-05, 1.650000e-05
3.451500e-03, -7.605000e-04, 1.650000e-05, 1.650000e-05, 1.650000e-05
3.568500e-03, -7.605000e-04, 1.650000e-05, 1.650000e-05, 1.650000e-05
3.685500e-03, -7.605000e-04, 2.548954e-06, 2.826720e-06, 2.597203e-06
3.802500e-03, -7.605000e-04, 5.500000e-07, 5.500000e-07, 5.500000e-07
3.919500e-03, -7.605000e-04, 5.500000e-07, 5.500000e-07, 5.500000e-07
4.036500e-03, -7.605000e-04, 5.500000e-07, 5.500000e-07, 5.500000e-07
4.153500e-03, -7.605000e-04, 5.500000e-07, 5.500000e-07, 5.500000e-07
4.270500e-03, -7.605000e-04, 7.429262e-06, 7.646382e-06, 7.415557e-06
4.387500e-03, -7.605000e-04, 1.650000e-05, 1.650000e-05, 1.650000e-05
4.504500e-03, -7.605000e-04, 1.637486e-05, 1.636610e-05, 1.637204e-05
4.621500e-03, -7.605000e-04, 1.160012e-05, 1.138136e-05, 1.135860e-05
4.738500e-03, -7.605000e-04, 1.152318e-06, 1.200677e-06, 1.165538e-06
4.855500e-03, -7.605000e-04, 5.500000e-07, 5.500000e-07, 5.500000e-07
4.972500e-03, -7.605000e-04, 3.306710e-06, 3.334415e-06, 3.262100e-06
5.089500e-03, -7.605000e-04, 1.317962e-05, 1.310443e-05, 1.304966e-05
5.206500e-03, -7.605000e-04, 1.650000e-05, 1.650000e-05, 1.650000e-05
5.323500e-03, -7.605000e-04, 8.257014e-06, 8.474966e-06, 8.234877e-06
5.440500e-03, -7.605000e-04, 1.499736e-05, 1.526743e-05, 1.504492e-05
5.557500e-03, -7.605000e-04, 1.650000e-05, 1.650000e-05, 1.650000e-05
5.674500e-03, -7.605000e-04, 1.624888e-05, 1.624888e-05, 1.624776e-05
5.791500e-03, -7.605000e-04, 1.214569e-06, 1.403529e-06, 1.259284e-06
-5.791500e-03, -6.435000e-04, 5.500000e-07, 5.500000e-07, 5.500000e-07
-5.674500e-03, -6.435000e-04, 2.698027e-06, 2.614631e-06, 2.589539e-06
-5.557500e-03, -6.435000e-04, 8.560436e-06, 8.338141e-06, 8.307671e-06
-5.440500e-03, -6.435000e-04, 1.285919e-05, 1.317815e-05, 1.288951e-05
-5.323500e-03, -6.435000e-04, 1.650000e-05, 1.650000e-05, 1.650000e-05
-5.206500e-03, -6.435000e-04, 1.579588e-05, 1.567600e-05, 1.560611e-05
-5.089500e-03, -6.435000e-04, 1.650000e-05, 1.650000e-05, 1.650000e-05
-4.972500e-03, -6.435000e-04, 1.649606e-05, 1.649608e-05, 1.649660e-05
-4.855500e-03, -6.435000e-04, 1.391696e-05, 1.351485e-05, 1.351643e-05
-4.738500e-03, -6.435000e-04, 1.379249e-05, 1.341489e-05, 1.343025e-05
-4.621500e-03, -6.435000e-04, 1.647197e-05, 1.647234e-05, 1.647426e-05
-4.504500e-03, -6.435000e-04, 1.515862e-05, 1.509160e-05, 1.503605e-05
-4.387500e-03, -6.435000e-04, 1.474061e-05, 1.452572e-05, 1.452934e-05
-4.270500e-03, -6.435000e-04, 1.649804e-05, 1.649805e-05, 1.649829e-05
-4.153500e-03, -6.435000e-04, 1.583799e-05, 1.581765e-05, 1.581137e-05
-4.036500e-03, -6.435000e-04, 1.557805e-05, 1.539981e-05, 1.545488e-05
-3.919500e-03, -6.435000e-04, 1.526845e-05, 1.510812e-05, 1.506717e-05
-3.802500e-03, -6.435000e-04, 1.650000e-05, 1.650000e-05, 1.650000e-05
-3.685500e-03, -6.435000e-04, 1.650000e-05, 1.650000e-05, 1.650000e-05
-3.568500e-03, -6.435000e-04, 1.442745e-05, 1.435303e-05, 1.430724e-05
-3.451500e-03, -6.435000e-04, 1.650000e-05, 1.650000e-05, 1.650000e-05
-3.334500e-03, -6.435000e-04, 1.521207e-05, 1.546556e-05, 1.526121e-05
-3.217500e-03, -6.435000e-04, 1.152720e-05, 1.223345e-05, 1.162996e-05
-3.100500e-03, -6.435000e-04, 1.534766e-05, 1.558457e-05, 1.539513e-05
-2.983500e-03, -6.435000e-04, 1.409766e-05, 1.411587e-05, 1.403349e-05
-2.866500e-03, -6.435000e-04, 9.757081e-06, 9.761949e-06, 9.627178e-06
-2.749500e-03, -6.435000e-04, 1.650000e-05, 1.650000e-05, 1.650000e-05
-2.632500e-03, -6.435000e-04, 8.414554e-06, 9.155846e-06, 8.521245e-06
-2.515500e-03, -6.435000e-04, 1.650000e-05, 1.650000e-05, 1.650000e-05
-2.398500e-03, -6.435000e-04, 1.650000e-05, 1.650000e-05, 1.650000e-05
-2.281500e-03, -6.435000e-04, 1.476649e-05, 1.506034e-05, 1.481978e-05
-2.164500e-03, -6.435000e-04, 1.254072e-05, 1.287324e-05, 1.259505e-05
-2.047500e-03, -6.435000e-04, 1.650000e-05, 1.650000e-05, 1.650000e-05
-1.930500e-03, -6.435000e-04, 1.650000e-05, 1.650000e-05, 1.650000e-05
-1.813500e-03, -6.435000e-04, 7.956051e-06, 8.269857e-06, 8.006042e-06
-1.696500e-03, -6.435000e-04, 1.484941e-05, 1.512956e-05, 1.489672e-05
-1.579500e-03, -6.435000e-04, 1.650000e-05, 1.650000e-05, 1.650000e-05
-1.462500e-03, -6.435000e-04, 1.213471e-05, 1.215367e-05, 1.202570e-05
-1.345500e-03, -6.435000e-04, 1.128414e-05, 1.129481e-05, 1.116547e-05
-1.228500e-03, -6.435000e-04, 1.650000e-05, 1.650000e-05, 1.650000e-05
-1.111500e-03, -6.435000e-04, 1.650000e-05, 1.650000e-05, 1.650000e-05
-9.945000e-04, -6.435000e-04, 1.113126e-05, 1.186343e-05, 1.122688e-05
-8.775000e-04, -6.435000e-04, 1.650000e-05, 1.650000e-05, 1.650000e-05
-7.605000e-04, -6.435000e-04, 1.650000e-05, 1.650000e-05, 1.650000e-05
-6.435000e-04, -6.435000e-04, 1.020028e-05, 1.020028e-05, 1.007789e-05
-5.265000e-04, -6.435000e-04, 1.319644e-05, 1.321834e-05, 1.310969e-05
-4.095000e-04, -6.435000e-04, 1.650000e-05, 1.650000e-05, 1.650000e-05
-2.925000e-04, -6.435000e-04, 1.469078e-05, 1.470993e-05, 1.464810e-05
-1.755000e-04, -6.435000e-04, 8.698708e-06, 8.724073e-06, 8.539968e-06
-5.850000e-05, -6.435000e-04, 1.650000e-05, 1.650000e-05, 1.650000e-05
5.850000e-05, -6.435000e-04, 1.650000e-05, 1.650000e-05, 1.650000e-05
1.755000e-04, -6.435000e-04, 8.698708e-06, 8.724073e-06, 8.539968e-06
2.925000e-04, -6.435000e-04, 1.469078e-05, 1.470993e-05, 1.464810e-05
4.095000e-04, -6.435000e-04, 1.650000e-05, 1.650000e-05, 1.650000e-05
5.265000e-04, -6.435000e-04, 1.319644e-05, 1.321834e-05, 1.310969e-05
6.435000e-04, -6.435000e-04, 1.020028e-05, 1.020028e-05, 1.007789e-05
7.605000e-04, -6.435000e-04, 1.650000e-05, 1.650000e-05, 1.650000e-05
8.775000e-04, -6.435000e-04, 1.621826e-05, 1.622822e-05, 1.622364e-05
9.945000e-04, -6.435000e-04, 7.883053e-06, 7.937628e-06, 7.695553e-06
1.111500e-03, -6.435000e-04, 1.577588e-05, 1.578782e-05, 1.576730e-05
1.228500e-03, -6.435000e-04, 1.650000e-05, 1.650000e-05, 1.650000e-05
1.345500e-03, -6.435000e-04, 1.215742e-05, 1.247947e-05, 1.220512e-05
1.462500e-03, -6.435000e-04, 1.636815e-05, 1.640352e-05, 1.639176e-05
1.579500e-03, -6.435000e-04, 1.650000e-05, 1.650000e-05, 1.650000e-05
1.696500e-03, -6.435000e-04, 1.536825e-05, 1.538313e-05, 1.534707e-05
1.813500e-03, -6.435000e-04, 8.075027e-06, 8.122362e-06, 7.902712e-06
1.930500e-03, -6.435000e-04, 1.642984e-05, 1.643558e-05, 1.643496e-05
2.047500e-03, -6.435000e-04, 1.650000e-05, 1.650000e-05, 1.650000e-05
2.164500e-03, -6.435000e-04, 9.511394e-06, 9.515682e-06, 9.377952e-06
2.281500e-03, -6.435000e-04, 1.387671e-05, 1.389848e-05, 1.380874e-05
2.398500e-03, -6.435000e-04, 1.650000e-05, 1.650000e-05, 1.650000e-05
2.515500e-03, -6.435000e-04, 1.503958e-05, 1.530690e-05, 1.508766e-05
2.632500e-03, -6.435000e-04, 1.389914e-05, 1.421500e-05, 1.394660e-05
2.749500e-03, -6.435000e-04, 1.650000e-05, 1.650000e-05, 1.650000e-05
2.866500e-03, -6.435000e-04, 1.650000e-05, 1.650000e-05, 1.650000e-05
2.983500e-03, -6.435000e-04, 7.871355e-06, 8.558205e-06, 7.971806e-06
3.100500e-03, -6.435000e-04, 1.650000e-05, 1.650000e-05, 1.650000e-05
3.217500e-03, -6.435000e-04, 1.650000e-05, 1.650000e-05, 1.650000e-05
3.334500e-03, -6.435000e-04, 1.650000e-05, 1.650000e-05, 1.650000e-05
3.451500e-03, -6.435000e-04, 1.650000e-05, 1.650000e-05, 1.650000e-05
3.568500e-03, -6.435000e-04, 1.650000e-05, 1.650000e-05, 1.650000e-05
3.685500e-03, -6.435000e-04, 2.548954e-06, 2.826720e-06, 2.597203e-06
3.802500e-03, -6.435000e-04, 5.500000e-07, 5.500000e-07, 5.500000e-07
3.919500e-03, -6.435000e-04, 5.500000e-07, 5.500000e-07, 5.500000e-07
4.036500e-03, -6.435000e-04, 5.500000e-07, 5.500000e-07, 5.500000e-07
4.153500e-03, -6.435000e-04, 5.500000e-07, 5.500000e-07, 5.500000e-07
4.270500e-03, -6.435000e-04, 6.964537e-07, 6.964537e-07, 6.989718e-07
4.387500e-03, -6.435000e-04, 7.213840e-06, 6.789411e-06, 6.818642e-06
4.504500e-03, -6.435000e-04, 9.705956e-06, 9.321839e-06, 9.265271e-06
4.621500e-03, -6.435000e-04, 1.261173e-05, 1.237258e-05, 1.233142e-05
4.738500e-03, -6.435000e-04, 1.517709e-06, 1.610978e-06, 1.535806e-06
4.855500e-03, -6.435000e-04, 5.500000e-07, 5.500000e-07, 5.500000e-07
4.972500e-03, -6.435000e-04, 5.500000e-07, 5.500000e-07, 5.500000e-07
5.089500e-03, -6.435000e-04, 1.175528e-06, 1.160509e-06, 1.161592e-06
5.206500e-03, -6.435000e-04, 4.804036e-06, 4.552588e-06, 4.593714e-06
5.323500e-03, -6.435000e-04, 8.298214e-07, 8.291804e-07, 8.298349e-07
5.440500e-03, -6.435000e-04, 1.293377e-05, 1.303442e-05, 1.282546e-05
5.557500e-03, -6.435000e-04, 1.615129e-05, 1.610867e-05, 1.613035e-05
5.674500e-03, -6.435000e-04, 6.080116e-06, 6.080116e-06, 5.963151e-06
5.791500e-03, -6.435000e-04, 5.500000e-07, 5.500000e-07, 5.500000e-07
-5.791500e-03, -5.265000e-04, 5.500000e-07, 5.500000e-07, 5.500000e-07
-5.674500e-03, -5.265000e-04, 5.531293e-06, 5.413944e-06, 5.376151e-06
-5.557500e-03, -5.265000e-04, 1.081124e-05, 1.053835e-05, 1.053976e-05
-5.440500e-03, -5.265000e-04, 1.269636e-05, 1.299311e-05, 1.267934e-05
-5.323500e-03, -5.265000e-04, 1.529603e-05, 1.525987e-05, 1.515364e-05
-5.206500e-03, -5.265000e-04, 1.551532e-05, 1.532658e-05, 1.538559e-05
-5.089500e-03, -5.265000e-04, 1.586090e-05, 1.588253e-05, 1.585101e-05
-4.972500e-03, -5.265000e-04, 1.650000e-05, 1.650000e-05, 1.650000e-05
-4.855500e-03, -5.265000e-04, 1.636087e-05, 1.636087e-05, 1.636251e-05
-4.738500e-03, -5.265000e-04, 1.479239e-05, 1.476368e-05, 1.472326e-05
-4.621500e-03, -5.265000e-04, 1.650000e-05, 1.650000e-05, 1.650000e-05
-4.504500e-03, -5.265000e-04, 1.510817e-05, 1.500389e-05, 1.496558e-05
-4.387500e-03, -5.265000e-04, 1.492372e-05, 1.449840e-05, 1.448932e-05
-4.270500e-03, -5.265000e-04, 1.537181e-05, 1.528628e-05, 1.525963e-05
-4.153500e-03, -5.265000e-04, 1.374094e-05, 1.344700e-05, 1.347506e-05
-4.036500e-03, -5.265000e-04, 1.581305e-05, 1.571763e-05, 1.575853e-05
-3.919500e-03, -5.265000e-04, 1.532266e-05, 1.524349e-05, 1.522138e-05
-3.802500e-03, -5.265000e-04, 1.650000e-05, 1.650000e-05, 1.650000e-05
-3.685500e-03, -5.265000e-04, 1.608644e-05, 1.612090e-05, 1.608907e-05
-3.568500e-03, -5.265000e-04, 5.284365e-06, 5.287437e-06, 5.088397e-06
-3.451500e-03, -5.265000e-04, 1.589393e-05, 1.593643e-05, 1.589252e-05
-3.334500e-03, -5.265000e-04, 1.521207e-05, 1.546556e-05, 1.526121e-05
-3.217500e-03, -5.265000e-04, 1.152720e-05, 1.223345e-05, 1.162996e-05
-3.100500e-03, -5.265000e-04, 1.534766e-05, 1.558457e-05, 1.539513e-05
-2.983500e-03, -5.265000e-04, 1.543277e-05, 1.543277e-05, 1.540011e-05
-2.866500e-03, -5.265000e-04, 1.244833e-05, 1.242712e-05, 1.232301e-05
-2.749500e-03, -5.265000e-04, 1.650000e-05, 1.650000e-05, 1.650000e-05
-2.632500e-03, -5.265000e-04, 8.414554e-06, 9.155846e-06, 8.521245e-06
-2.515500e-03, -5.265000e-04, 1.650000e-05, 1.650000e-05, 1.650000e-05
-2.398500e-03, -5.265000e-04, 1.650000e-05, 1.650000e-05, 1.650000e-05
-2.281500e-03, -5.265000e-04, 1.476649e-05, 1.506034e-05, 1.481978e-05
-2.164500e-03, -5.265000e-04, 1.254072e-05, 1.287324e-05, 1.259505e-05
-2.047500e-03, -5.265000e-04, 1.650000e-05, 1.650000e-05, 1.650000e-05
-1.930500e-03, -5.265000e-04, 1.650000e-05, 1.650000e-05, 1.650000e-05
-1.813500e-03, -5.265000e-04, 7.956051e-06, 8.269857e-06, 8.006042e-06
-1.696500e-03, -5.265000e-04, 1.484941e-05, 1.512956e-05, 1.489672e-05
-1.579500e-03, -5.265000e-04, 1.650000e-05, 1.650000e-05, 1.650000e-05
-1.462500e-03, -5.265000e-04, 1.446287e-05, 1.446287e-05, 1.438992e-05
-1.345500e-03, -5.265000e-04, 1.390356e-05, 1.389850e-05, 1.381068e-05
-1.228500e-03, -5.265000e-04, 1.650000e-05, 1.650000e-05, 1.650000e-05
-1.111500e-03, -5.265000e-04, 1.650000e-05, 1.650000e-05, 1.650000e-05
-9.945000e-04, -5.265000e-04, 1.113126e-05, 1.186343e-05, 1.122688e-05
-8.775000e-04, -5.265000e-04, 1.650000e-05, 1.650000e-05, 1.650000e-05
-7.605000e-04, -5.265000e-04, 1.650000e-05, 1.650000e-05, 1.650000e-05
-6.435000e-04, -5.265000e-04, 1.321834e-05, 1.319644e-05, 1.310969e-05
-5.265000e-04, -5.265000e-04, 1.513373e-05, 1.513373e-05, 1.508838e-05
-4.095000e-04, -5.265000e-04, 1.650000e-05, 1.650000e-05, 1.650000e-05
-2.925000e-04, -5.265000e-04, 1.597518e-05, 1.597518e-05, 1.596469e-05
-1.755000e-04, -5.265000e-04, 1.236406e-05, 1.234650e-05, 1.223247e-05
-5.850000e-05, -5.265000e-04, 1.650000e-05, 1.650000e-05, 1.650000e-05
5.850000e-05, -5.265000e-04, 1.650000e-05, 1.650000e-05, 1.650000e-05
1.755000e-04, -5.265000e-04, 1.236406e-05, 1.234650e-05, 1.223247e-05
2.925000e-04, -5.265000e-04, 1.597518e-05, 1.597518e-05, 1.596469e-05
4.095000e-04, -5.265000e-04, 1.650000e-05, 1.650000e-05, 1.650000e-05
5.265000e-04, -5.265000e-04, 1.513373e-05, 1.513373e-05, 1.508838e-05
6.435000e-04, -5.265000e-04, 1.321834e-05, 1.319644e-05, 1.310969e-05
7.605000e-04, -5.265000e-04, 1.650000e-05, 1.650000e-05, 1.650000e-05
8.775000e-04, -5.265000e-04, 1.649943e-05, 1.649943e-05, 1.649946e-05
9.945000e-04, -5.265000e-04, 1.189644e-05, 1.188505e-05, 1.177004e-05
1.111500e-03, -5.265000e-04, 1.642116e-05, 1.642116e-05, 1.642360e-05
1.228500e-03, -5.265000e-04, 1.650000e-05, 1.650000e-05, 1.650000e-05
1.345500e-03, -5.265000e-04, 1.215742e-05, 1.247947e-05, 1.220512e-05
1.462500e-03, -5.265000e-04, 1.636815e-05, 1.640352e-05, 1.639176e-05
1.579500e-03, -5.265000e-04, 1.650000e-05, 1.650000e-05, 1.650000e-05
1.696500e-03, -5.265000e-04, 1.628135e-05, 1.628135e-05, 1.628111e-05
1.813500e-03, -5.265000e-04, 1.204738e-05, 1.203479e-05, 1.191437e-05
1.930500e-03, -5.265000e-04, 1.650000e-05, 1.650000e-05, 1.650000e-05
2.047500e-03, -5.265000e-04, 1.650000e-05, 1.650000e-05, 1.650000e-05
2.164500e-03, -5.265000e-04, 1.280834e-05, 1.278496e-05, 1.268882e-05
2.281500e-03, -5.265000e-04, 1.553641e-05, 1.553641e-05, 1.550811e-05
2.398500e-03, -5.265000e-04, 1.650000e-05, 1.650000e-05, 1.650000e-05
2.515500e-03, -5.265000e-04, 1.503958e-05, 1.530690e-05, 1.508766e-05
2.632500e-03, -5.265000e-04, 1.389914e-05, 1.421500e-05, 1.394660e-05
2.749500e-03, -5.265000e-04, 1.650000e-05, 1.650000e-05, 1.650000e-05
2.866500e-03, -5.265000e-04, 1.650000e-05, 1.650000e-05, 1.650000e-05
2.983500e-03, -5.265000e-04, 7.871355e-06, 8.558205e-06, 7.971806e-06
3.100500e-03, -5.265000e-04, 1.650000e-05, 1.650000e-05, 1.650000e-05
3.217500e-03, -5.265000e-04, 1.650000e-05, 1.650000e-05, 1.650000e-05
3.334500e-03, -5.265000e-04, 1.650000e-05, 1.650000e-05, 1.650000e-05
3.451500e-03, -5.265000e-04, 1.650000e-05, 1.650000e-05, 1.650000e-05
3.568500e-03, -5.265000e-04, 1.650000e-05, 1.650000e-05, 1.650000e-05
3.685500e-03, -5.265000e-04, 2.548954e-06, 2.826720e-06, 2.597203e-06
3.802500e-03, -5.265000e-04, 5.500000e-07, 5.500000e-07, 5.500000e-07
3.919500e-03, -5.265000e-04, 5.082057e-06, 4.982132e-06, 4.939389e-06
4.036500e-03, -5.265000e-04, 8.211283e-06, 7.985444e-06, 7.970329e-06
4.153500e-03, -5.265000e-04, 8.329626e-07, 8.329626e-07, 8.329340e-07
4.270500e-03, -5.265000e-04, 1.822979e-06, 1.822979e-06, 1.791449e-06
4.387500e-03, -5.265000e-04, 1.381929e-05, 1.392607e-05, 1.380072e-05
4.504500e-03, -5.265000e-04, 1.165891e-05, 1.191400e-05, 1.164248e-05
4.621500e-03, -5.265000e-04, 5.500000e-07, 5.500000e-07, 5.500000e-07
4.738500e-03, -5.265000e-04, 6.541116e-06, 6.385938e-06, 6.360827e-06
4.855500e-03, -5.265000e-04, 7.021549e-06, 6.848506e-06, 6.825672e-06
4.972500e-03, -5.265000e-04, 5.535742e-07, 5.535742e-07, 5.542031e-07
5.089500e-03, -5.265000e-04, 2.992258e-06, 2.971828e-06, 2.921187e-06
5.206500e-03, -5.265000e-04, 8.949788e-06, 8.675539e-06, 8.689303e-06
5.323500e-03, -5.265000e-04, 2.176998e-06, 2.175973e-06, 2.133437e-06
5.440500e-03, -5.265000e-04, 6.964537e-07, 6.964537e-07, 6.989718e-07
5.557500e-03, -5.265000e-04, 7.896879e-06, 7.687373e-06, 7.667060e-06
5.674500e-03, -5.265000e-04, 5.531293e-06, 5.413944e-06, 5.376151e-06
5.791500e-03, -5.265000e-04, 5.500000e-07, 5.500000e-07, 5.500000e-07
-5.791500e-03, -4.095000e-04, 5.683233e-07, 5.725777e-07, 5.717837e-07
-5.674500e-03, -4.095000e-04, 1.568364e-05, 1.579276e-05, 1.571524e-05
-5.557500e-03, -4.095000e-04, 1.650000e-05, 1.650000e-05, 1.650000e-05
-5.440500e-03, -4.095000e-04, 1.302028e-05, 1.365379e-05, 1.310702e-05
-5.323500e-03, -4.095000e-04, 1.574046e-05, 1.587922e-05, 1.579468e-05
-5.206500e-03, -4.095000e-04, 1.650000e-05, 1.650000e-05, 1.650000e-05
-5.089500e-03, -4.095000e-04, 1.400986e-05, 1.443888e-05, 1.403716e-05
-4.972500e-03, -4.095000e-04, 1.650000e-05, 1.650000e-05, 1.650000e-05
-4.855500e-03, -4.095000e-04, 1.333539e-05, 1.337102e-05, 1.325067e-05
-4.738500e-03, -4.095000e-04, 7.279585e-06, 7.247486e-06, 7.050691e-06
-4.621500e-03, -4.095000e-04, 1.650000e-05, 1.650000e-05, 1.650000e-05
-4.504500e-03, -4.095000e-04, 1.491770e-05, 1.524430e-05, 1.500600e-05
-4.387500e-03, -4.095000e-04, 1.650000e-05, 1.650000e-05, 1.650000e-05
-4.270500e-03, -4.095000e-04, 1.058995e-05, 1.113167e-05, 1.063674e-05
-4.153500e-03, -4.095000e-04, 1.582663e-05, 1.573825e-05, 1.575358e-05
-4.036500e-03, -4.095000e-04, 1.650000e-05, 1.650000e-05, 1.650000e-05
-3.919500e-03, -4.095000e-04, 1.549731e-05, 1.569494e-05, 1.554156e-05
-3.802500e-03, -4.095000e-04, 1.581746e-05, 1.592366e-05, 1.583098e-05
-3.685500e-03, -4.095000e-04, 1.650000e-05, 1.650000e-05, 1.650000e-05
-3.568500e-03, -4.095000e-04, 1.650000e-05, 1.650000e-05, 1.650000e-05
-3.451500e-03, -4.095000e-04, 1.650000e-05, 1.650000e-05, 1.650000e-05
-3.334500e-03, -4.095000e-04, 1.521207e-05, 1.546556e-05, 1.526121e-05
-3.217500e-03, -4.095000e-04, 1.152720e-05, 1.223345e-05, 1.162996e-05
-3.100500e-03, -4.095000e-04, 1.534766e-05, 1.558457e-05, 1.539513e-05
-2.983500e-03, -4.095000e-04, 1.650000e-05, 1.650000e-05, 1.650000e-05
-2.866500e-03, -4.095000e-04, 1.650000e-05, 1.650000e-05, 1.650000e-05
-2.749500e-03, -4.095000e-04, 1.650000e-05, 1.650000e-05, 1.650000e-05
-2.632500e-03, -4.095000e-04, 8.414554e-06, 9.155846e-06, 8.521245e-06
-2.515500e-03, -4.095000e-04, 1.650000e-05, 1.650000e-05, 1.650000e-05
-2.398500e-03, -4.095000e-04, 1.650000e-05, 1.650000e-05, 1.650000e-05
-2.281500e-03, -4.095000e-04, 1.476649e-05, 1.506034e-05, 1.481978e-05
-2.164500e-03, -4.095000e-04, 1.254072e-05, 1.287324e-05, 1.259505e-05
-2.047500e-03, -4.095000e-04, 1.650000e-05, 1.650000e-05, 1.650000e-05
-1.930500e-03, -4.095000e-04, 1.650000e-05, 1.650000e-05, 1.650000e-05
-1.813500e-03, -4.095000e-04, 7.956051e-06, 8.269857e-06, 8.006042e-06
-1.696500e-03, -4.095000e-04, 1.484941e-05, 1.512956e-05, 1.489672e-05
-1.579500e-03, -4.095000e-04, 1.650000e-05, 1.650000e-05, 1.650000e-05
-1.462500e-03, -4.095000e-04, 1.650000e-05, 1.650000e-05, 1.650000e-05
-1.345500e-03, -4.095000e-04, 1.650000e-05, 1.650000e-05, 1.650000e-05
-1.228500e-03, -4.095000e-04, 1.650000e-05, 1.650000e-05, 1.650000e-05
-1.111500e-03, -4.095000e-04, 1.650000e-05, 1.650000e-05, 1.650000e-05
-9.945000e-04, -4.095000e-04, 1.047110e-05, 1.100674e-05, 1.042042e-05
-8.775000e-04, -4.095000e-04, 1.650000e-05, 1.650000e-05, 1.650000e-05
-7.605000e-04, -4.095000e-04, 1.650000e-05, 1.650000e-05, 1.650000e-05
-6.435000e-04, -4.095000e-04, 1.650000e-05, 1.650000e-05, 1.650000e-05
-5.265000e-04, -4.095000e-04, 1.650000e-05, 1.650000e-05, 1.650000e-05
-4.095000e-04, -4.095000e-04, 1.650000e-05, 1.650000e-05, 1.650000e-05
-2.925000e-04, -4.095000e-04, 1.650000e-05, 1.650000e-05, 1.650000e-05
-1.755000e-04, -4.095000e-04, 1.650000e-05, 1.650000e-05, 1.650000e-05
-5.850000e-05, -4.095000e-04, 1.650000e-05, 1.650000e-05, 1.650000e-05
5.850000e-05, -4.095000e-04, 1.650000e-05, 1.650000e-05, 1.650000e-05
1.755000e-04, -4.095000e-04, 1.608622e-05, 1.604952e-05, 1.605144e-05
2.925000e-04, -4.095000e-04, 1.650000e-05, 1.650000e-05, 1.650000e-05
4.095000e-04, -4.095000e-04, 1.650000e-05, 1.650000e-05, 1.650000e-05
5.265000e-04, -4.095000e-04, 1.650000e-05, 1.650000e-05, 1.650000e-05
6.435000e-04, -4.095000e-04, 1.650000e-05, 1.650000e-05, 1.650000e-05
7.605000e-04, -4.095000e-04, 1.650000e-05, 1.650000e-05, 1.650000e-05
8.775000e-04, -4.095000e-04, 1.650000e-05, 1.650000e-05, 1.650000e-05
9.945000e-04, -4.095000e-04, 1.650000e-05, 1.650000e-05, 1.650000e-05
1.111500e-03, -4.095000e-04, 1.650000e-05, 1.650000e-05, 1.650000e-05
1.228500e-03, -4.095000e-04, 1.650000e-05, 1.650000e-05, 1.650000e-05
1.345500e-03, -4.095000e-04, 1.215742e-05, 1.247947e-05, 1.220512e-05
1.462500e-03, -4.095000e-04, 1.636815e-05, 1.640352e-05, 1.639176e-05
1.579500e-03, -4.095000e-04, 1.650000e-05, 1.650000e-05, 1.650000e-05
1.696500e-03, -4.095000e-04, 1.650000e-05, 1.650000e-05, 1.650000e-05
1.813500e-03, -4.095000e-04, 1.650000e-05, 1.650000e-05, 1.650000e-05
1.930500e-03, -4.095000e-04, 1.650000e-05, 1.650000e-05, 1.650000e-05
2.047500e-03, -4.095000e-04, 1.650000e-05, 1.650000e-05, 1.650000e-05
2.164500e-03, -4.095000e-04, 1.650000e-05, 1.650000e-05, 1.650000e-05
2.281500e-03, -4.095000e-04, 1.650000e-05, 1.650000e-05, 1.650000e-05
2.398500e-03, -4.095000e-04, 1.650000e-05, 1.650000e-05, 1.650000e-05
2.515500e-03, -4.095000e-04, 1.500776e-05, 1.527787e-05, 1.505646e-05
2.632500e-03, -4.095000e-04, 1.409237e-05, 1.439483e-05, 1.413327e-05
2.749500e-03, -4.095000e-04, 1.650000e-05, 1.650000e-05, 1.650000e-05
2.866500e-03, -4.095000e-04, 1.650000e-05, 1.650000e-05, 1.650000e-05
2.983500e-03, -4.095000e-04, 7.871355e-06, 8.558205e-06, 7.971806e-06
3.100500e-03, -4.095000e-04, 1.650000e-05, 1.650000e-05, 1.650000e-05
3.217500e-03, -4.095000e-04, 1.650000e-05, 1.650000e-05, 1.650000e-05
3.334500e-03, -4.095000e-04, 1.141872e-05, 1.140400e-05, 1.128593e-05
3.451500e-03, -4.095000e-04, 1.464603e-05, 1.464603e-05, 1.458042e-05
3.568500e-03, -4.095000e-04, 1.650000e-05, 1.650000e-05, 1.650000e-05
3.685500e-03, -4.095000e-04, 2.548954e-06, 2.826720e-06, 2.597203e-06
3.802500e-03, -4.095000e-04, 5.500000e-07, 5.500000e-07, 5.500000e-07
3.919500e-03, -4.095000e-04, 1.526853e-05, 1.545976e-05, 1.530627e-05
4.036500e-03, -4.095000e-04, 1.650000e-05, 1.650000e-05, 1.650000e-05
4.153500e-03, -4.095000e-04, 4.950266e-06, 5.203889e-06, 4.988331e-06
4.270500e-03, -4.095000e-04, 8.248395e-06, 8.521271e-06, 8.264681e-06
4.387500e-03, -4.095000e-04, 1.650000e-05, 1.650000e-05, 1.650000e-05
4.504500e-03, -4.095000e-04, 1.166862e-05, 1.195265e-05, 1.167505e-05
4.621500e-03, -4.095000e-04, 1.548149e-06, 1.756943e-06, 1.590122e-06
4.738500e-03, -4.095000e-04, 1.647830e-05, 1.648011e-05, 1.648101e-05
4.855500e-03, -4.095000e-04, 1.650000e-05, 1.650000e-05, 1.650000e-05
4.972500e-03, -4.095000e-04, 6.139024e-06, 6.126456e-06, 5.983530e-06
5.089500e-03, -4.095000e-04, 1.094571e-05, 1.122974e-05, 1.095567e-05
5.206500e-03, -4.095000e-04, 1.650000e-05, 1.650000e-05, 1.650000e-05
5.323500e-03, -4.095000e-04, 9.071035e-06, 9.346441e-06, 9.083375e-06
5.440500e-03, -4.095000e-04, 7.888560e-06, 7.957558e-06, 7.803490e-06
5.557500e-03, -4.095000e-04, 1.650000e-05, 1.650000e-05, 1.650000e-05
5.674500e-03, -4.095000e-04, 1.568364e-05, 1.579276e-05, 1.571524e-05
5.791500e-03, -4.095000e-04, 5.683233e-07, 5.725777e-07, 5.717837e-07
-5.791500e-03, -2.925000e-04, 6.673466e-07, 6.626202e-07, 6.684367e-07
-5.674500e-03, -2.925000e-04, 9.233982e-06, 8.813641e-06, 8.787643e-06
-5.557500e-03, -2.925000e-04, 1.346747e-05, 1.297531e-05, 1.296951e-05
-5.440500e-03, -2.925000e-04, 1.472468e-05, 1.483336e-05, 1.469893e-05
-5.323500e-03, -2.925000e-04, 1.536674e-05, 1.535501e-05, 1.528623e-05
-5.206500e-03, -2.925000e-04, 1.485902e-05, 1.449599e-05, 1.454837e-05
-5.089500e-03, -2.925000e-04, 1.182708e-05, 1.159533e-05, 1.143433e-05
-4.972500e-03, -2.925000e-04, 1.440725e-05, 1.435303e-05, 1.425883e-05
-4.855500e-03, -2.925000e-04, 1.650000e-05, 1.650000e-05, 1.650000e-05
-4.738500e-03, -2.925000e-04, 1.649687e-05, 1.649664e-05, 1.649709e-05
-4.621500e-03, -2.925000e-04, 1.650000e-05, 1.650000e-05, 1.650000e-05
-4.504500e-03, -2.925000e-04, 1.486693e-05, 1.482721e-05, 1.474794e-05
-4.387500e-03, -2.925000e-04, 1.417299e-05, 1.388497e-05, 1.388748e-05
-4.270500e-03, -2.925000e-04, 1.088027e-05, 1.098169e-05, 1.068547e-05
-4.153500e-03, -2.925000e-04, 1.329825e-05, 1.269957e-05, 1.275018e-05
-4.036500e-03, -2.925000e-04, 1.551482e-05, 1.536966e-05, 1.540105e-05
-3.919500e-03, -2.925000e-04, 1.515448e-05, 1.501936e-05, 1.489435e-05
-3.802500e-03, -2.925000e-04, 1.650000e-05, 1.650000e-05, 1.650000e-05
-3.685500e-03, -2.925000e-04, 1.650000e-05, 1.650000e-05, 1.650000e-05
-3.568500e-03, -2.925000e-04, 1.650000e-05, 1.650000e-05, 1.650000e-05
-3.451500e-03, -2.925000e-04, 1.650000e-05, 1.650000e-05, 1.650000e-05
-3.334500e-03, -2.925000e-04, 1.521207e-05, 1.546556e-05, 1.526121e-05
-3.217500e-03, -2.925000e-04, 1.152720e-05, 1.223345e-05, 1.162996e-05
-3.100500e-03, -2.925000e-04, 1.534766e-05, 1.558457e-05, 1.539513e-05
-2.983500e-03, -2.925000e-04, 1.598756e-05, 1.598756e-05, 1.597751e-05
-2.866500e-03, -2.925000e-04, 1.511461e-05, 1.510092e-05, 1.507003e-05
-2.749500e-03, -2.925000e-04, 1.650000e-05, 1.650000e-05, 1.650000e-05
-2.632500e-03, -2.925000e-04, 8.414554e-06, 9.155846e-06, 8.521245e-06
-2.515500e-03, -2.925000e-04, 1.650000e-05, 1.650000e-05, 1.650000e-05
-2.398500e-03, -2.925000e-04, 1.650000e-05, 1.650000e-05, 1.650000e-05
-2.281500e-03, -2.925000e-04, 1.476649e-05, 1.506034e-05, 1.481978e-05
-2.164500e-03, -2.925000e-04, 1.254072e-05, 1.287324e-05, 1.259505e-05
-2.047500e-03, -2.925000e-04, 1.650000e-05, 1.650000e-05, 1.650000e-05
-1.930500e-03, -2.925000e-04, 1.650000e-05, 1.650000e-05, 1.650000e-05
-1.813500e-03, -2.925000e-04, 7.956051e-06, 8.269857e-06, 8.006042e-06
-1.696500e-03, -2.925000e-04, 1.484941e-05, 1.512956e-05, 1.489672e-05
-1.579500e-03, -2.925000e-04, 1.650000e-05, 1.650000e-05, 1.650000e-05
-1.462500e-03, -2.925000e-04, 1.553641e-05, 1.553641e-05, 1.550811e-05
-1.345500e-03, -2.925000e-04, 1.514977e-05, 1.514526e-05, 1.510559e-05
-1.228500e-03, -2.925000e-04, 1.650000e-05, 1.650000e-05, 1.650000e-05
-1.111500e-03, -2.925000e-04, 1.650000e-05, 1.650000e-05, 1.650000e-05
-9.945000e-04, -2.925000e-04, 1.408174e-05, 1.408174e-05, 1.399472e-05
-8.775000e-04, -2.925000e-04, 1.142897e-05, 1.140612e-05, 1.121185e-05
-7.605000e-04, -2.925000e-04, 1.494971e-05, 1.465492e-05, 1.470448e-05
-6.435000e-04, -2.925000e-04, 1.494971e-05, 1.465492e-05, 1.470448e-05
-5.265000e-04, -2.925000e-04, 1.530313e-05, 1.505666e-05, 1.509707e-05
-4.095000e-04, -2.925000e-04, 1.650000e-05, 1.650000e-05, 1.650000e-05
-2.925000e-04, -2.925000e-04, 1.650000e-05, 1.650000e-05, 1.650000e-05
-1.755000e-04, -2.925000e-04, 1.650000e-05, 1.650000e-05, 1.650000e-05
-5.850000e-05, -2.925000e-04, 1.650000e-05, 1.650000e-05, 1.650000e-05
5.850000e-05, -2.925000e-04, 1.650000e-05, 1.650000e-05, 1.650000e-05
1.755000e-04, -2.925000e-04, 5.221716e-06, 5.219984e-06, 5.028088e-06
2.925000e-04, -2.925000e-04, 1.440507e-05, 1.448042e-05, 1.436064e-05
4.095000e-04, -2.925000e-04, 1.650000e-05, 1.650000e-05, 1.650000e-05
5.265000e-04, -2.925000e-04, 1.650000e-05, 1.650000e-05, 1.650000e-05
6.435000e-04, -2.925000e-04, 1.650000e-05, 1.650000e-05, 1.650000e-05
7.605000e-04, -2.925000e-04, 1.650000e-05, 1.650000e-05, 1.650000e-05
8.775000e-04, -2.925000e-04, 1.650000e-05, 1.650000e-05, 1.650000e-05
9.945000e-04, -2.925000e-04, 1.650000e-05, 1.650000e-05, 1.650000e-05
1.111500e-03, -2.925000e-04, 1.650000e-05, 1.650000e-05, 1.650000e-05
1.228500e-03, -2.925000e-04, 1.650000e-05, 1.650000e-05, 1.650000e-05
1.345500e-03, -2.925000e-04, 1.215742e-05, 1.247947e-05, 1.220512e-05
1.462500e-03, -2.925000e-04, 1.636815e-05, 1.640352e-05, 1.639176e-05
1.579500e-03, -2.925000e-04, 1.650000e-05, 1.650000e-05, 1.650000e-05
1.696500e-03, -2.925000e-04, 1.649943e-05, 1.649943e-05, 1.649946e-05
1.813500e-03, -2.925000e-04, 1.422462e-05, 1.416452e-05, 1.411627e-05
1.930500e-03, -2.925000e-04, 1.650000e-05, 1.650000e-05, 1.650000e-05
2.047500e-03, -2.925000e-04, 1.650000e-05, 1.650000e-05, 1.650000e-05
2.164500e-03, -2.925000e-04, 1.448165e-05, 1.445554e-05, 1.440463e-05
2.281500e-03, -2.925000e-04, 1.621096e-05, 1.621096e-05, 1.620871e-05
2.398500e-03, -2.925000e-04, 1.650000e-05, 1.650000e-05, 1.650000e-05
2.515500e-03, -2.925000e-04, 1.503958e-05, 1.530690e-05, 1.508766e-05
2.632500e-03, -2.925000e-04, 1.389914e-05, 1.421500e-05, 1.394660e-05
2.749500e-03, -2.925000e-04, 1.650000e-05, 1.650000e-05, 1.650000e-05
2.866500e-03, -2.925000e-04, 1.650000e-05, 1.650000e-05, 1.650000e-05
2.983500e-03, -2.925000e-04, 7.871355e-06, 8.558205e-06, 7.971806e-06
3.100500e-03, -2.925000e-04, 1.650000e-05, 1.650000e-05, 1.650000e-05
3.217500e-03, -2.925000e-04, 1.650000e-05, 1.650000e-05, 1.650000e-05
3.334500e-03, -2.925000e-04, 1.120255e-05, 1.118999e-05, 1.106950e-05
3.451500e-03, -2.925000e-04, 1.452544e-05, 1.452586e-05, 1.445543e-05
3.568500e-03, -2.925000e-04, 1.650000e-05, 1.650000e-05, 1.650000e-05
3.685500e-03, -2.925000e-04, 2.548954e-06, 2.826720e-06, 2.597203e-06
3.802500e-03, -2.925000e-04, 2.942959e-06, 2.942959e-06, 2.874509e-06
3.919500e-03, -2.925000e-04, 1.321495e-05, 1.300973e-05, 1.300058e-05
4.036500e-03, -2.925000e-04, 1.089618e-05, 1.066183e-05, 1.063691e-05
4.153500e-03, -2.925000e-04, 1.386641e-06, 1.408122e-06, 1.384850e-06
4.270500e-03, -2.925000e-04, 2.921442e-06, 2.948143e-06, 2.876604e-06
4.387500e-03, -2.925000e-04, 1.151586e-05, 1.123486e-05, 1.124057e-05
4.504500e-03, -2.925000e-04, 5.033995e-06, 5.027383e-06, 4.940587e-06
4.621500e-03, -2.925000e-04, 5.579597e-07, 5.582951e-07, 5.592399e-07
4.738500e-03, -2.925000e-04, 9.151625e-06, 9.011468e-06, 8.939782e-06
4.855500e-03, -2.925000e-04, 1.334919e-05, 1.316126e-05, 1.316065e-05
4.972500e-03, -2.925000e-04, 1.373956e-05, 1.392288e-05, 1.368663e-05
5.089500e-03, -2.925000e-04, 4.524936e-06, 4.529631e-06, 4.441295e-06
5.206500e-03, -2.925000e-04, 1.155735e-05, 1.127529e-05, 1.128111e-05
5.323500e-03, -2.925000e-04, 3.408899e-06, 3.434787e-06, 3.351570e-06
5.440500e-03, -2.925000e-04, 8.373939e-06, 8.389707e-06, 8.236770e-06
5.557500e-03, -2.925000e-04, 1.218740e-05, 1.191146e-05, 1.194852e-05
5.674500e-03, -2.925000e-04, 7.846511e-06, 7.755681e-06, 7.678876e-06
5.791500e-03, -2.925000e-04, 5.500000e-07, 5.500000e-07, 5.500000e-07
-5.791500e-03, -1.755000e-04, 2.893574e-06, 3.173255e-06, 2.941240e-06
-5.674500e-03, -1.755000e-04, 1.650000e-05, 1.650000e-05, 1.650000e-05
-5.557500e-03, -1.755000e-04, 1.650000e-05, 1.650000e-05, 1.650000e-05
-5.440500e-03, -1.755000e-04, 1.650000e-05, 1.650000e-05, 1.650000e-05
-5.323500e-03, -1.755000e-04, 1.650000e-05, 1.650000e-05, 1.650000e-05
-5.206500e-03, -1.755000e-04, 1.525849e-05, 1.501366e-05, 1.503250e-05
-5.089500e-03, -1.755000e-04, 1.578897e-05, 1.577698e-05, 1.577372e-05
-4.972500e-03, -1.755000e-04, 1.071632e-05, 1.055724e-05, 1.026519e-05
-4.855500e-03, -1.755000e-04, 1.325694e-05, 1.313682e-05, 1.300329e-05
-4.738500e-03, -1.755000e-04, 1.587558e-05, 1.580095e-05, 1.581878e-05
-4.621500e-03, -1.755000e-04, 1.650000e-05, 1.650000e-05, 1.650000e-05
-4.504500e-03, -1.755000e-04, 1.567033e-05, 1.565871e-05, 1.564638e-05
-4.387500e-03, -1.755000e-04, 1.577481e-05, 1.565480e-05, 1.568423e-05
-4.270500e-03, -1.755000e-04, 1.634917e-05, 1.633703e-05, 1.634409e-05
-4.153500e-03, -1.755000e-04, 1.650000e-05, 1.650000e-05, 1.650000e-05
-4.036500e-03, -1.755000e-04, 1.506398e-05, 1.476351e-05, 1.483786e-05
-3.919500e-03, -1.755000e-04, 1.532909e-05, 1.516095e-05, 1.518427e-05
-3.802500e-03, -1.755000e-04, 1.650000e-05, 1.650000e-05, 1.650000e-05
-3.685500e-03, -1.755000e-04, 1.648584e-05, 1.648584e-05, 1.648733e-05
-3.568500e-03, -1.755000e-04, 1.109056e-05, 1.109978e-05, 1.095417e-05
-3.451500e-03, -1.755000e-04, 1.627147e-05, 1.627147e-05, 1.627100e-05
-3.334500e-03, -1.755000e-04, 1.521207e-05, 1.546556e-05, 1.526121e-05
-3.217500e-03, -1.755000e-04, 1.152720e-05, 1.223345e-05, 1.162996e-05
-3.100500e-03, -1.755000e-04, 1.534766e-05, 1.558457e-05, 1.539513e-05
-2.983500e-03, -1.755000e-04, 1.173550e-05, 1.174217e-05, 1.160583e-05
-2.866500e-03, -1.755000e-04, 8.915515e-06, 8.881457e-06, 8.729722e-06
-2.749500e-03, -1.755000e-04, 1.650000e-05, 1.650000e-05, 1.650000e-05
-2.632500e-03, -1.755000e-04, 8.414554e-06, 9.155846e-06, 8.521245e-06
-2.515500e-03, -1.755000e-04, 1.650000e-05, 1.650000e-05, 1.650000e-05
-2.398500e-03, -1.755000e-04, 1.650000e-05, 1.650000e-05, 1.650000e-05
-2.281500e-03, -1.755000e-04, 1.476649e-05, 1.506034e-05, 1.481978e-05
-2.164500e-03, -1.755000e-04, 1.254072e-05, 1.287324e-05, 1.259505e-05
-2.047500e-03, -1.755000e-04, 1.650000e-05, 1.650000e-05, 1.650000e-05
-1.930500e-03, -1.755000e-04, 1.650000e-05, 1.650000e-05, 1.650000e-05
-1.813500e-03, -1.755000e-04, 7.956051e-06, 8.269857e-06, 8.006042e-06
-1.696500e-03, -1.755000e-04, 1.484941e-05, 1.512956e-05, 1.489672e-05
-1.579500e-03, -1.755000e-04, 1.650000e-05, 1.650000e-05, 1.650000e-05
-1.462500e-03, -1.755000e-04, 1.104174e-05, 1.104062e-05, 1.090362e-05
-1.345500e-03, -1.755000e-04, 1.001692e-05, 1.000240e-05, 9.865948e-06
-1.228500e-03, -1.755000e-04, 1.650000e-05, 1.650000e-05, 1.650000e-05
-1.111500e-03, -1.755000e-04, 1.650000e-05, 1.650000e-05, 1.650000e-05
-9.945000e-04, -1.755000e-04, 1.650000e-05, 1.650000e-05, 1.650000e-05
-8.775000e-04, -1.755000e-04, 1.546524e-05, 1.533363e-05, 1.535721e-05
-7.605000e-04, -1.755000e-04, 1.447334e-05, 1.415475e-05, 1.420777e-05
-6.435000e-04, -1.755000e-04, 1.447334e-05, 1.415475e-05, 1.420777e-05
-5.265000e-04, -1.755000e-04, 1.054093e-05, 1.049494e-05, 1.036341e-05
-4.095000e-04, -1.755000e-04, 1.121571e-05, 1.121571e-05, 1.107503e-05
-2.925000e-04, -1.755000e-04, 1.650000e-05, 1.650000e-05, 1.650000e-05
-1.755000e-04, -1.755000e-04, 1.650000e-05, 1.650000e-05, 1.650000e-05
-5.850000e-05, -1.755000e-04, 1.650000e-05, 1.650000e-05, 1.650000e-05
5.850000e-05, -1.755000e-04, 1.650000e-05, 1.650000e-05, 1.650000e-05
1.755000e-04, -1.755000e-04, 1.597877e-05, 1.593723e-05, 1.593676e-05
2.925000e-04, -1.755000e-04, 1.650000e-05, 1.650000e-05, 1.650000e-05
4.095000e-04, -1.755000e-04, 1.650000e-05, 1.650000e-05, 1.650000e-05
5.265000e-04, -1.755000e-04, 1.650000e-05, 1.650000e-05, 1.650000e-05
6.435000e-04, -1.755000e-04, 1.511669e-05, 1.493850e-05, 1.496671e-05
7.605000e-04, -1.755000e-04, 1.415326e-05, 1.382464e-05, 1.388002e-05
8.775000e-04, -1.755000e-04, 1.415326e-05, 1.382464e-05, 1.388002e-05
9.945000e-04, -1.755000e-04, 1.617638e-05, 1.617315e-05, 1.617252e-05
1.111500e-03, -1.755000e-04, 1.650000e-05, 1.650000e-05, 1.650000e-05
1.228500e-03, -1.755000e-04, 1.650000e-05, 1.650000e-05, 1.650000e-05
1.345500e-03, -1.755000e-04, 1.203186e-05, 1.232864e-05, 1.205144e-05
1.462500e-03, -1.755000e-04, 1.636946e-05, 1.640475e-05, 1.639286e-05
1.579500e-03, -1.755000e-04, 1.650000e-05, 1.650000e-05, 1.650000e-05
1.696500e-03, -1.755000e-04, 1.515058e-05, 1.519778e-05, 1.513126e-05
1.813500e-03, -1.755000e-04, 5.908410e-06, 5.917104e-06, 5.696698e-06
1.930500e-03, -1.755000e-04, 1.643006e-05, 1.643792e-05, 1.643512e-05
2.047500e-03, -1.755000e-04, 1.650000e-05, 1.650000e-05, 1.650000e-05
2.164500e-03, -1.755000e-04, 7.880897e-06, 7.856475e-06, 7.665614e-06
2.281500e-03, -1.755000e-04, 1.319984e-05, 1.322879e-05, 1.310866e-05
2.398500e-03, -1.755000e-04, 1.650000e-05, 1.650000e-05, 1.650000e-05
2.515500e-03, -1.755000e-04, 1.503958e-05, 1.530690e-05, 1.508766e-05
2.632500e-03, -1.755000e-04, 1.389914e-05, 1.421500e-05, 1.394660e-05
2.749500e-03, -1.755000e-04, 1.650000e-05, 1.650000e-05, 1.650000e-05
2.866500e-03, -1.755000e-04, 1.650000e-05, 1.650000e-05, 1.650000e-05
2.983500e-03, -1.755000e-04, 7.871355e-06, 8.558205e-06, 7.971806e-06
3.100500e-03, -1.755000e-04, 1.650000e-05, 1.650000e-05, 1.650000e-05
3.217500e-03, -1.755000e-04, 1.650000e-05, 1.650000e-05, 1.650000e-05
3.334500e-03, -1.755000e-04, 1.650000e-05, 1.650000e-05, 1.650000e-05
3.451500e-03, -1.755000e-04, 1.650000e-05, 1.650000e-05, 1.650000e-05
3.568500e-03, -1.755000e-04, 1.419577e-05, 1.419577e-05, 1.411272e-05
3.685500e-03, -1.755000e-04, 3.723678e-06, 3.798343e-06, 3.666141e-06
3.802500e-03, -1.755000e-04, 8.291052e-06, 8.291052e-06, 8.047514e-06
3.919500e-03, -1.755000e-04, 5.929264e-07, 5.929264e-07, 5.956714e-07
4.036500e-03, -1.755000e-04, 5.500000e-07, 5.500000e-07, 5.500000e-07
4.153500e-03, -1.755000e-04, 5.500000e-07, 5.500000e-07, 5.500000e-07
4.270500e-03, -1.755000e-04, 5.500000e-07, 5.500000e-07, 5.500000e-07
4.387500e-03, -1.755000e-04, 2.151587e-06, 1.919025e-06, 1.964380e-06
4.504500e-03, -1.755000e-04, 6.305081e-07, 6.227006e-07, 6.294103e-07
4.621500e-03, -1.755000e-04, 5.500000e-07, 5.500000e-07, 5.500000e-07
4.738500e-03, -1.755000e-04, 1.301345e-06, 1.212319e-06, 1.232568e-06
4.855500e-03, -1.755000e-04, 1.460540e-06, 1.352857e-06, 1.377041e-06
4.972500e-03, -1.755000e-04, 8.888943e-07, 8.348687e-07, 8.552165e-07
5.089500e-03, -1.755000e-04, 5.908994e-07, 5.874615e-07, 5.918665e-07
5.206500e-03, -1.755000e-04, 2.192085e-06, 1.952795e-06, 2.000444e-06
5.323500e-03, -1.755000e-04, 5.507598e-07, 5.507572e-07, 5.508188e-07
5.440500e-03, -1.755000e-04, 5.500000e-07, 5.500000e-07, 5.500000e-07
5.557500e-03, -1.755000e-04, 5.500000e-07, 5.500000e-07, 5.500000e-07
5.674500e-03, -1.755000e-04, 5.500000e-07, 5.500000e-07, 5.500000e-07
5.791500e-03, -1.755000e-04, 5.500000e-07, 5.500000e-07, 5.500000e-07
-5.791500e-03, -5.850000e-05, 2.896463e-06, 3.176153e-06, 2.943927e-06
-5.674500e-03, -5.850000e-05, 1.650000e-05, 1.650000e-05, 1.650000e-05
-5.557500e-03, -5.850000e-05, 1.650000e-05, 1.650000e-05, 1.650000e-05
-5.440500e-03, -5.850000e-05, 1.650000e-05, 1.650000e-05, 1.650000e-05
-5.323500e-03, -5.850000e-05, 1.499263e-05, 1.513502e-05, 1.485849e-05
-5.206500e-03, -5.850000e-05, 1.650000e-05, 1.650000e-05, 1.650000e-05
-5.089500e-03, -5.850000e-05, 1.475719e-05, 1.492739e-05, 1.473814e-05
-4.972500e-03, -5.850000e-05, 1.636980e-05, 1.636799e-05, 1.637067e-05
-4.855500e-03, -5.850000e-05, 1.224525e-05, 1.262821e-05, 1.213500e-05
-4.738500e-03, -5.850000e-05, 1.509171e-05, 1.493554e-05, 1.492306e-05
-4.621500e-03, -5.850000e-05, 1.539262e-05, 1.558070e-05, 1.543582e-05
-4.504500e-03, -5.850000e-05, 8.167656e-06, 8.115145e-06, 7.934174e-06
-4.387500e-03, -5.850000e-05, 1.174837e-05, 1.175530e-05, 1.162565e-05
-4.270500e-03, -5.850000e-05, 1.650000e-05, 1.650000e-05, 1.650000e-05
-4.153500e-03, -5.850000e-05, 1.471951e-05, 1.493620e-05, 1.473127e-05
-4.036500e-03, -5.850000e-05, 1.609028e-05, 1.609035e-05, 1.608477e-05
-3.919500e-03, -5.850000e-05, 1.495042e-05, 1.509536e-05, 1.494046e-05
-3.802500e-03, -5.850000e-05, 1.587872e-05, 1.591783e-05, 1.588583e-05
-3.685500e-03, -5.850000e-05, 1.630387e-05, 1.630738e-05, 1.630761e-05
-3.568500e-03, -5.850000e-05, 8.751771e-06, 8.801535e-06, 8.579904e-06
-3.451500e-03, -5.850000e-05, 1.578952e-05, 1.579712e-05, 1.578030e-05
-3.334500e-03, -5.850000e-05, 1.521207e-05, 1.546556e-05, 1.526121e-05
-3.217500e-03, -5.850000e-05, 1.163341e-05, 1.233079e-05, 1.173687e-05
-3.100500e-03, -5.850000e-05, 1.477430e-05, 1.496206e-05, 1.476838e-05
-2.983500e-03, -5.850000e-05, 1.650000e-05, 1.650000e-05, 1.650000e-05
-2.866500e-03, -5.850000e-05, 1.649807e-05, 1.649797e-05, 1.649820e-05
-2.749500e-03, -5.850000e-05, 1.650000e-05, 1.650000e-05, 1.650000e-05
-2.632500e-03, -5.850000e-05, 8.414554e-06, 9.155846e-06, 8.521245e-06
-2.515500e-03, -5.850000e-05, 1.650000e-05, 1.650000e-05, 1.650000e-05
-2.398500e-03, -5.850000e-05, 1.650000e-05, 1.650000e-05, 1.650000e-05
-2.281500e-03, -5.850000e-05, 1.476649e-05, 1.506034e-05, 1.481978e-05
-2.164500e-03, -5.850000e-05, 1.254072e-05, 1.287324e-05, 1.259505e-05
-2.047500e-03, -5.850000e-05, 1.650000e-05, 1.650000e-05, 1.650000e-05
-1.930500e-03, -5.850000e-05, 1.650000e-05, 1.650000e-05, 1.650000e-05
-1.813500e-03, -5.850000e-05, 7.956051e-06, 8.269857e-06, 8.006042e-06
-1.696500e-03, -5.850000e-05, 1.484941e-05, 1.512956e-05, 1.489672e-05
-1.579500e-03, -5.850000e-05, 1.650000e-05, 1.650000e-05, 1.650000e-05
-1.462500e-03, -5.850000e-05, 1.650000e-05, 1.650000e-05, 1.650000e-05
-1.345500e-03, -5.850000e-05, 1.650000e-05, 1.650000e-05, 1.650000e-05
-1.228500e-03, -5.850000e-05, 1.650000e-05, 1.650000e-05, 1.650000e-05
-1.111500e-03, -5.850000e-05, 1.644126e-05, 1.644617e-05, 1.644605e-05
-9.945000e-04, -5.850000e-05, 8.188969e-06, 8.235254e-06, 8.019466e-06
-8.775000e-04, -5.850000e-05, 1.534630e-05, 1.536086e-05, 1.532446e-05
-7.605000e-04, -5.850000e-05, 1.650000e-05, 1.650000e-05, 1.650000e-05
-6.435000e-04, -5.850000e-05, 1.650000e-05, 1.650000e-05, 1.650000e-05
-5.265000e-04, -5.850000e-05, 1.650000e-05, 1.650000e-05, 1.650000e-05
-4.095000e-04, -5.850000e-05, 1.148250e-05, 1.141657e-05, 1.132822e-05
-2.925000e-04, -5.850000e-05, 1.279108e-05, 1.212045e-05, 1.220901e-05
-1.755000e-04, -5.850000e-05, 1.314631e-05, 1.243135e-05, 1.253336e-05
-5.850000e-05, -5.850000e-05, 1.314631e-05, 1.243135e-05, 1.253336e-05
5.850000e-05, -5.850000e-05, 1.314631e-05, 1.243135e-05, 1.253336e-05
1.755000e-04, -5.850000e-05, 1.314631e-05, 1.243135e-05, 1.253336e-05
2.925000e-04, -5.850000e-05, 1.314631e-05, 1.243135e-05, 1.253336e-05
4.095000e-04, -5.850000e-05, 1.314631e-05, 1.243135e-05, 1.253336e-05
5.265000e-04, -5.850000e-05, 1.313777e-05, 1.242382e-05, 1.252561e-05
6.435000e-04, -5.850000e-05, 1.346748e-05, 1.337019e-05, 1.324752e-05
7.605000e-04, -5.850000e-05, 1.540592e-05, 1.514793e-05, 1.519585e-05
8.775000e-04, -5.850000e-05, 1.537607e-05, 1.512222e-05, 1.516520e-05
9.945000e-04, -5.850000e-05, 1.230949e-05, 1.193765e-05, 1.182255e-05
1.111500e-03, -5.850000e-05, 1.270849e-05, 1.196595e-05, 1.207264e-05
1.228500e-03, -5.850000e-05, 1.270849e-05, 1.196595e-05, 1.207264e-05
1.345500e-03, -5.850000e-05, 1.237900e-05, 1.220410e-05, 1.207024e-05
1.462500e-03, -5.850000e-05, 1.650000e-05, 1.650000e-05, 1.650000e-05
1.579500e-03, -5.850000e-05, 1.650000e-05, 1.650000e-05, 1.650000e-05
1.696500e-03, -5.850000e-05, 1.650000e-05, 1.650000e-05, 1.650000e-05
1.813500e-03, -5.850000e-05, 1.650000e-05, 1.650000e-05, 1.650000e-05
1.930500e-03, -5.850000e-05, 1.650000e-05, 1.650000e-05, 1.650000e-05
2.047500e-03, -5.850000e-05, 1.650000e-05, 1.650000e-05, 1.650000e-05
2.164500e-03, -5.850000e-05, 1.650000e-05, 1.650000e-05, 1.650000e-05
2.281500e-03, -5.850000e-05, 1.650000e-05, 1.650000e-05, 1.650000e-05
2.398500e-03, -5.850000e-05, 1.650000e-05, 1.650000e-05, 1.650000e-05
2.515500e-03, -5.850000e-05, 1.503958e-05, 1.530690e-05, 1.508766e-05
2.632500e-03, -5.850000e-05, 1.389914e-05, 1.421500e-05, 1.394660e-05
2.749500e-03, -5.850000e-05, 1.650000e-05, 1.650000e-05, 1.650000e-05
2.866500e-03, -5.850000e-05, 1.650000e-05, 1.650000e-05, 1.650000e-05
2.983500e-03, -5.850000e-05, 7.871355e-06, 8.558205e-06, 7.971806e-06
3.100500e-03, -5.850000e-05, 1.650000e-05, 1.650000e-05, 1.650000e-05
3.217500e-03, -5.850000e-05, 1.650000e-05, 1.650000e-05, 1.650000e-05
3.334500e-03, -5.850000e-05, 1.650000e-05, 1.650000e-05, 1.650000e-05
3.451500e-03, -5.850000e-05, 1.421324e-05, 1.422213e-05, 1.413954e-05
3.568500e-03, -5.850000e-05, 4.649239e-06, 4.649239e-06, 4.510622e-06
3.685500e-03, -5.850000e-05, 8.291052e-06, 8.291052e-06, 8.047514e-06
3.802500e-03, -5.850000e-05, 5.929264e-07, 5.929264e-07, 5.956714e-07
3.919500e-03, -5.850000e-05, 5.500000e-07, 5.500000e-07, 5.500000e-07
4.036500e-03, -5.850000e-05, 5.500000e-07, 5.500000e-07, 5.500000e-07
4.153500e-03, -5.850000e-05, 5.500000e-07, 5.500000e-07, 5.500000e-07
4.270500e-03, -5.850000e-05, 6.209124e-06, 6.374580e-06, 6.191002e-06
4.387500e-03, -5.850000e-05, 1.649288e-05, 1.649288e-05, 1.649379e-05
4.504500e-03, -5.850000e-05, 9.706330e-06, 9.857693e-06, 9.635897e-06
4.621500e-03, -5.850000e-05, 1.054354e-06, 1.121432e-06, 1.072487e-06
4.738500e-03, -5.850000e-05, 1.497521e-05, 1.498126e-05, 1.492431e-05
4.855500e-03, -5.850000e-05, 1.531434e-05, 1.531433e-05, 1.527664e-05
4.972500e-03, -5.850000e-05, 1.521266e-06, 1.644003e-06, 1.543050e-06
5.089500e-03, -5.850000e-05, 8.842394e-06, 8.998964e-06, 8.782541e-06
5.206500e-03, -5.850000e-05, 1.650000e-05, 1.650000e-05, 1.650000e-05
5.323500e-03, -5.850000e-05, 1.014981e-05, 1.011842e-05, 9.976666e-06
5.440500e-03, -5.850000e-05, 5.500000e-07, 5.500000e-07, 5.500000e-07
5.557500e-03, -5.850000e-05, 5.500000e-07, 5.500000e-07, 5.500000e-07
5.674500e-03, -5.850000e-05, 5.500000e-07, 5.500000e-07, 5.500000e-07
5.791500e-03, -5.850000e-05, 5.500000e-07, 5.500000e-07, 5.500000e-07
-5.791500e-03, 5.850000e-05, 2.896463e-06, 3.176153e-06, 2.943927e-06
-5.674500e-03, 5.850000e-05, 1.650000e-05, 1.650000e-05, 1.650000e-05
-5.557500e-03, 5.850000e-05, 1.650000e-05, 1.650000e-05, 1.650000e-05
-5.440500e-03, 5.850000e-05, 1.650000e-05, 1.650000e-05, 1.650000e-05
-5.323500e-03, 5.850000e-05, 1.499507e-05, 1.512597e-05, 1.486242e-05
-5.206500e-03, 5.850000e-05, 1.650000e-05, 1.650000e-05, 1.650000e-05
-5.089500e-03, 5.850000e-05, 1.530614e-05, 1.535247e-05, 1.530690e-05
-4.972500e-03, 5.850000e-05, 1.389607e-05, 1.370318e-05, 1.366373e-05
-4.855500e-03, 5.850000e-05, 1.534588e-05, 1.540976e-05, 1.532001e-05
-4.738500e-03, 5.850000e-05, 1.456263e-05, 1.429779e-05, 1.432655e-05
-4.621500e-03, 5.850000e-05, 1.612663e-05, 1.619423e-05, 1.614831e-05
-4.504500e-03, 5.850000e-05, 1.631960e-05, 1.631171e-05, 1.631801e-05
-4.387500e-03, 5.850000e-05, 1.640100e-05, 1.641172e-05, 1.640913e-05
-4.270500e-03, 5.850000e-05, 1.346877e-05, 1.330364e-05, 1.311305e-05
-4.153500e-03, 5.850000e-05, 9.717160e-06, 9.922176e-06, 9.507777e-06
-4.036500e-03, 5.850000e-05, 1.650000e-05, 1.650000e-05, 1.650000e-05
-3.919500e-03, 5.850000e-05, 1.474243e-05, 1.491097e-05, 1.473293e-05
-3.802500e-03, 5.850000e-05, 1.623414e-05, 1.625588e-05, 1.624251e-05
-3.685500e-03, 5.850000e-05, 1.650000e-05, 1.650000e-05, 1.650000e-05
-3.568500e-03, 5.850000e-05, 1.650000e-05, 1.650000e-05, 1.650000e-05
-3.451500e-03, 5.850000e-05, 1.650000e-05, 1.650000e-05, 1.650000e-05
-3.334500e-03, 5.850000e-05, 1.521207e-05, 1.546556e-05, 1.526121e-05
-3.217500e-03, 5.850000e-05, 8.866763e-06, 8.792833e-06, 8.672488e-06
-3.100500e-03, 5.850000e-05, 1.315160e-05, 1.289080e-05, 1.278884e-05
-2.983500e-03, 5.850000e-05, 1.470939e-05, 1.468066e-05, 1.455612e-05
-2.866500e-03, 5.850000e-05, 1.650000e-05, 1.650000e-05, 1.650000e-05
-2.749500e-03, 5.850000e-05, 1.650000e-05, 1.650000e-05, 1.650000e-05
-2.632500e-03, 5.850000e-05, 8.414554e-06, 9.155846e-06, 8.521245e-06
-2.515500e-03, 5.850000e-05, 1.650000e-05, 1.650000e-05, 1.650000e-05
-2.398500e-03, 5.850000e-05, 1.650000e-05, 1.650000e-05, 1.650000e-05
-2.281500e-03, 5.850000e-05, 1.476649e-05, 1.506034e-05, 1.481978e-05
-2.164500e-03, 5.850000e-05, 1.254072e-05, 1.287324e-05, 1.259505e-05
-2.047500e-03, 5.850000e-05, 1.650000e-05, 1.650000e-05, 1.650000e-05
-1.930500e-03, 5.850000e-05, 1.650000e-05, 1.650000e-05, 1.650000e-05
-1.813500e-03, 5.850000e-05, 7.956051e-06, 8.269857e-06, 8.006042e-06
-1.696500e-03, 5.850000e-05, 1.484941e-05, 1.512956e-05, 1.489672e-05
-1.579500e-03, 5.850000e-05, 1.650000e-05, 1.650000e-05, 1.650000e-05
-1.462500e-03, 5.850000e-05, 1.650000e-05, 1.650000e-05, 1.650000e-05
-1.345500e-03, 5.850000e-05, 1.650000e-05, 1.650000e-05, 1.650000e-05
-1.228500e-03, 5.850000e-05, 1.650000e-05, 1.650000e-05, 1.650000e-05
-1.111500e-03, 5.850000e-05, 1.650000e-05, 1.650000e-05, 1.650000e-05
-9.945000e-04, 5.850000e-05, 1.197516e-05, 1.196434e-05, 1.184145e-05
-8.775000e-04, 5.850000e-05, 1.625022e-05, 1.625022e-05, 1.624913e-05
-7.605000e-04, 5.850000e-05, 1.650000e-05, 1.650000e-05, 1.650000e-05
-6.435000e-04, 5.850000e-05, 1.650000e-05, 1.650000e-05, 1.650000e-05
-5.265000e-04, 5.850000e-05, 1.650000e-05, 1.650000e-05, 1.650000e-05
-4.095000e-04, 5.850000e-05, 1.650000e-05, 1.650000e-05, 1.650000e-05
-2.925000e-04, 5.850000e-05, 1.650000e-05, 1.650000e-05, 1.650000e-05
-1.755000e-04, 5.850000e-05, 1.650000e-05, 1.650000e-05, 1.650000e-05
-5.850000e-05, 5.850000e-05, 1.650000e-05, 1.650000e-05, 1.650000e-05
5.850000e-05, 5.850000e-05, 1.650000e-05, 1.650000e-05, 1.650000e-05
1.755000e-04, 5.850000e-05, 1.650000e-05, 1.650000e-05, 1.650000e-05
2.925000e-04, 5.850000e-05, 1.650000e-05, 1.650000e-05, 1.650000e-05
4.095000e-04, 5.850000e-05, 1.650000e-05, 1.650000e-05, 1.650000e-05
5.265000e-04, 5.850000e-05, 1.650000e-05, 1.650000e-05, 1.650000e-05
6.435000e-04, 5.850000e-05, 1.650000e-05, 1.650000e-05, 1.650000e-05
7.605000e-04, 5.850000e-05, 1.650000e-05, 1.650000e-05, 1.650000e-05
8.775000e-04, 5.850000e-05, 1.650000e-05, 1.650000e-05, 1.650000e-05
9.945000e-04, 5.850000e-05, 1.650000e-05, 1.650000e-05, 1.650000e-05
1.111500e-03, 5.850000e-05, 1.650000e-05, 1.650000e-05, 1.650000e-05
1.228500e-03, 5.850000e-05, 1.650000e-05, 1.650000e-05, 1.650000e-05
1.345500e-03, 5.850000e-05, 1.650000e-05, 1.650000e-05, 1.650000e-05
1.462500e-03, 5.850000e-05, 1.650000e-05, 1.650000e-05, 1.650000e-05
1.579500e-03, 5.850000e-05, 1.650000e-05, 1.650000e-05, 1.650000e-05
1.696500e-03, 5.850000e-05, 1.650000e-05, 1.650000e-05, 1.650000e-05
1.813500e-03, 5.850000e-05, 1.650000e-05, 1.650000e-05, 1.650000e-05
1.930500e-03, 5.850000e-05, 1.650000e-05, 1.650000e-05, 1.650000e-05
2.047500e-03, 5.850000e-05, 1.650000e-05, 1.650000e-05, 1.650000e-05
2.164500e-03, 5.850000e-05, 1.650000e-05, 1.650000e-05, 1.650000e-05
2.281500e-03, 5.850000e-05, 1.650000e-05, 1.650000e-05, 1.650000e-05
2.398500e-03, 5.850000e-05, 1.650000e-05, 1.650000e-05, 1.650000e-05
2.515500e-03, 5.850000e-05, 1.503958e-05, 1.530690e-05, 1.508766e-05
2.632500e-03, 5.850000e-05, 1.389914e-05, 1.421500e-05, 1.394660e-05
2.749500e-03, 5.850000e-05, 1.650000e-05, 1.650000e-05, 1.650000e-05
2.866500e-03, 5.850000e-05, 1.650000e-05, 1.650000e-05, 1.650000e-05
2.983500e-03, 5.850000e-05, 7.871355e-06, 8.558205e-06, 7.971806e-06
3.100500e-03, 5.850000e-05, 1.650000e-05, 1.650000e-05, 1.650000e-05
3.217500e-03, 5.850000e-05, 1.650000e-05, 1.650000e-05, 1.650000e-05
3.334500e-03, 5.850000e-05, 1.650000e-05, 1.650000e-05, 1.650000e-05
3.451500e-03, 5.850000e-05, 8.657533e-06, 8.971853e-06, 8.705664e-06
3.568500e-03, 5.850000e-05, 7.845634e-06, 8.596616e-06, 7.929056e-06
3.685500e-03, 5.850000e-05, 5.929264e-07, 5.929264e-07, 5.956714e-07
3.802500e-03, 5.850000e-05, 8.098022e-07, 8.093206e-07, 8.102228e-07
3.919500e-03, 5.850000e-05, 4.494011e-06, 4.209220e-06, 4.259858e-06
4.036500e-03, 5.850000e-05, 4.561211e-06, 4.271423e-06, 4.323219e-06
4.153500e-03, 5.850000e-05, 4.551790e-06, 4.262469e-06, 4.314247e-06
4.270500e-03, 5.850000e-05, 6.848204e-06, 6.998460e-06, 6.803285e-06
4.387500e-03, 5.850000e-05, 1.649288e-05, 1.649288e-05, 1.649379e-05
4.504500e-03, 5.850000e-05, 1.598743e-05, 1.598325e-05, 1.597751e-05
4.621500e-03, 5.850000e-05, 7.039432e-06, 7.039999e-06, 6.895571e-06
4.738500e-03, 5.850000e-05, 1.497521e-05, 1.498126e-05, 1.492431e-05
4.855500e-03, 5.850000e-05, 1.650000e-05, 1.650000e-05, 1.650000e-05
4.972500e-03, 5.850000e-05, 2.742913e-06, 2.981027e-06, 2.752396e-06
5.089500e-03, 5.850000e-05, 8.842394e-06, 8.998964e-06, 8.782541e-06
5.206500e-03, 5.850000e-05, 1.650000e-05, 1.650000e-05, 1.650000e-05
5.323500e-03, 5.850000e-05, 1.079688e-05, 1.076318e-05, 1.060243e-05
5.440500e-03, 5.850000e-05, 5.500000e-07, 5.500000e-07, 5.500000e-07
5.557500e-03, 5.850000e-05, 5.500000e-07, 5.500000e-07, 5.500000e-07
5.674500e-03, 5.850000e-05, 5.500000e-07, 5.500000e-07, 5.500000e-07
5.791500e-03, 5.850000e-05, 5.500000e-07, 5.500000e-07, 5.500000e-07
-5.791500e-03, 1.755000e-04, 2.246503e-06, 2.444595e-06, 2.279893e-06
-5.674500e-03, 1.755000e-04, 1.271596e-05, 1.239171e-05, 1.244114e-05
-5.557500e-03, 1.755000e-04, 1.376274e-05, 1.326403e-05, 1.330520e-05
-5.440500e-03, 1.755000e-04, 1.641682e-05, 1.641831e-05, 1.641998e-05
-5.323500e-03, 1.755000e-04, 1.566779e-05, 1.555728e-05, 1.557911e-05
-5.206500e-03, 1.755000e-04, 1.508573e-05, 1.480649e-05, 1.487064e-05
-5.089500e-03, 1.755000e-04, 1.344678e-05, 1.338696e-05, 1.323761e-05
-4.972500e-03, 1.755000e-04, 1.384243e-05, 1.372861e-05, 1.363060e-05
-4.855500e-03, 1.755000e-04, 1.650000e-05, 1.650000e-05, 1.650000e-05
-4.738500e-03, 1.755000e-04, 1.650000e-05, 1.650000e-05, 1.650000e-05
-4.621500e-03, 1.755000e-04, 1.491404e-05, 1.496361e-05, 1.479970e-05
-4.504500e-03, 1.755000e-04, 1.444821e-05, 1.413225e-05, 1.406330e-05
-4.387500e-03, 1.755000e-04, 1.602527e-05, 1.603049e-05, 1.602189e-05
-4.270500e-03, 1.755000e-04, 1.313658e-05, 1.308101e-05, 1.283064e-05
-4.153500e-03, 1.755000e-04, 1.062688e-05, 1.078051e-05, 1.045334e-05
-4.036500e-03, 1.755000e-04, 1.253059e-05, 1.231157e-05, 1.225790e-05
-3.919500e-03, 1.755000e-04, 1.299486e-05, 1.329776e-05, 1.290637e-05
-3.802500e-03, 1.755000e-04, 1.650000e-05, 1.650000e-05, 1.650000e-05
-3.685500e-03, 1.755000e-04, 1.607159e-05, 1.599031e-05, 1.601297e-05
-3.568500e-03, 1.755000e-04, 1.551871e-05, 1.526483e-05, 1.531778e-05
-3.451500e-03, 1.755000e-04, 1.551871e-05, 1.526483e-05, 1.531778e-05
-3.334500e-03, 1.755000e-04, 1.317852e-05, 1.317802e-05, 1.296278e-05
-3.217500e-03, 1.755000e-04, 1.265705e-05, 1.262462e-05, 1.248950e-05
-3.100500e-03, 1.755000e-04, 1.487656e-05, 1.480116e-05, 1.477356e-05
-2.983500e-03, 1.755000e-04, 1.347979e-05, 1.388244e-05, 1.345337e-05
-2.866500e-03, 1.755000e-04, 1.650000e-05, 1.650000e-05, 1.650000e-05
-2.749500e-03, 1.755000e-04, 1.650000e-05, 1.650000e-05, 1.650000e-05
-2.632500e-03, 1.755000e-04, 8.414554e-06, 9.155846e-06, 8.521245e-06
-2.515500e-03, 1.755000e-04, 1.650000e-05, 1.650000e-05, 1.650000e-05
-2.398500e-03, 1.755000e-04, 1.650000e-05, 1.650000e-05, 1.650000e-05
-2.281500e-03, 1.755000e-04, 1.476649e-05, 1.506034e-05, 1.481978e-05
-2.164500e-03, 1.755000e-04, 1.254072e-05, 1.287324e-05, 1.259505e-05
-2.047500e-03, 1.755000e-04, 1.650000e-05, 1.650000e-05, 1.650000e-05
-1.930500e-03, 1.755000e-04, 1.650000e-05, 1.650000e-05, 1.650000e-05
-1.813500e-03, 1.755000e-04, 7.956051e-06, 8.269857e-06, 8.006042e-06
-1.696500e-03, 1.755000e-04, 1.484941e-05, 1.512956e-05, 1.489672e-05
-1.579500e-03, 1.755000e-04, 1.650000e-05, 1.650000e-05, 1.650000e-05
-1.462500e-03, 1.755000e-04, 1.104174e-05, 1.104062e-05, 1.090362e-05
-1.345500e-03, 1.755000e-04, 1.001692e-05, 1.000240e-05, 9.865948e-06
-1.228500e-03, 1.755000e-04, 1.650000e-05, 1.650000e-05, 1.650000e-05
-1.111500e-03, 1.755000e-04, 1.650000e-05, 1.650000e-05, 1.650000e-05
-9.945000e-04, 1.755000e-04, 1.650000e-05, 1.650000e-05, 1.650000e-05
-8.775000e-04, 1.755000e-04, 1.619763e-05, 1.611211e-05, 1.613847e-05
-7.605000e-04, 1.755000e-04, 1.590914e-05, 1.571587e-05, 1.576755e-05
-6.435000e-04, 1.755000e-04, 1.590382e-05, 1.571024e-05, 1.576196e-05
-5.265000e-04, 1.755000e-04, 1.590353e-05, 1.570994e-05, 1.576164e-05
-4.095000e-04, 1.755000e-04, 1.590353e-05, 1.570994e-05, 1.576164e-05
-2.925000e-04, 1.755000e-04, 1.590353e-05, 1.570994e-05, 1.576164e-05
-1.755000e-04, 1.755000e-04, 1.590353e-05, 1.570994e-05, 1.576164e-05
-5.850000e-05, 1.755000e-04, 1.590353e-05, 1.570994e-05, 1.576164e-05
5.850000e-05, 1.755000e-04, 1.590353e-05, 1.570994e-05, 1.576164e-05
1.755000e-04, 1.755000e-04, 1.590353e-05, 1.570994e-05, 1.576164e-05
2.925000e-04, 1.755000e-04, 1.590353e-05, 1.570994e-05, 1.576164e-05
4.095000e-04, 1.755000e-04, 1.590353e-05, 1.570994e-05, 1.576164e-05
5.265000e-04, 1.755000e-04, 1.590353e-05, 1.570994e-05, 1.576164e-05
6.435000e-04, 1.755000e-04, 1.590353e-05, 1.570994e-05, 1.576164e-05
7.605000e-04, 1.755000e-04, 1.590353e-05, 1.570994e-05, 1.576164e-05
8.775000e-04, 1.755000e-04, 1.590353e-05, 1.570994e-05, 1.576164e-05
9.945000e-04, 1.755000e-04, 1.590353e-05, 1.570994e-05, 1.576164e-05
1.111500e-03, 1.755000e-04, 1.590353e-05, 1.570994e-05, 1.576164e-05
1.228500e-03, 1.755000e-04, 1.590353e-05, 1.570994e-05, 1.576164e-05
1.345500e-03, 1.755000e-04, 1.620909e-05, 1.612891e-05, 1.615415e-05
1.462500e-03, 1.755000e-04, 1.650000e-05, 1.650000e-05, 1.650000e-05
1.579500e-03, 1.755000e-04, 1.650000e-05, 1.650000e-05, 1.650000e-05
1.696500e-03, 1.755000e-04, 1.515058e-05, 1.519778e-05, 1.513126e-05
1.813500e-03, 1.755000e-04, 5.908410e-06, 5.917104e-06, 5.696698e-06
1.930500e-03, 1.755000e-04, 1.643006e-05, 1.643792e-05, 1.643512e-05
2.047500e-03, 1.755000e-04, 1.650000e-05, 1.650000e-05, 1.650000e-05
2.164500e-03, 1.755000e-04, 7.880897e-06, 7.856475e-06, 7.665614e-06
2.281500e-03, 1.755000e-04, 1.319984e-05, 1.322879e-05, 1.310866e-05
2.398500e-03, 1.755000e-04, 1.650000e-05, 1.650000e-05, 1.650000e-05
2.515500e-03, 1.755000e-04, 1.503958e-05, 1.530690e-05, 1.508766e-05
2.632500e-03, 1.755000e-04, 1.389914e-05, 1.421500e-05, 1.394660e-05
2.749500e-03, 1.755000e-04, 1.650000e-05, 1.650000e-05, 1.650000e-05
2.866500e-03, 1.755000e-04, 1.650000e-05, 1.650000e-05, 1.650000e-05
2.983500e-03, 1.755000e-04, 7.871355e-06, 8.558205e-06, 7.971806e-06
3.100500e-03, 1.755000e-04, 1.650000e-05, 1.650000e-05, 1.650000e-05
3.217500e-03, 1.755000e-04, 1.650000e-05, 1.650000e-05, 1.650000e-05
3.334500e-03, 1.755000e-04, 1.650000e-05, 1.650000e-05, 1.650000e-05
3.451500e-03, 1.755000e-04, 8.657533e-06, 8.971853e-06, 8.705664e-06
3.568500e-03, 1.755000e-04, 7.441882e-06, 8.238070e-06, 7.538314e-06
3.685500e-03, 1.755000e-04, 8.120802e-07, 8.120802e-07, 8.125243e-07
3.802500e-03, 1.755000e-04, 1.100322e-05, 1.100322e-05, 1.085430e-05
3.919500e-03, 1.755000e-04, 1.330916e-05, 1.284015e-05, 1.280210e-05
4.036500e-03, 1.755000e-04, 1.381678e-05, 1.315747e-05, 1.325469e-05
4.153500e-03, 1.755000e-04, 1.365738e-05, 1.304132e-05, 1.310735e-05
4.270500e-03, 1.755000e-04, 1.298501e-05, 1.272773e-05, 1.267204e-05
4.387500e-03, 1.755000e-04, 7.572630e-06, 7.074245e-06, 7.065348e-06
4.504500e-03, 1.755000e-04, 1.028953e-05, 1.020430e-05, 1.011524e-05
4.621500e-03, 1.755000e-04, 1.648211e-05, 1.648188e-05, 1.648370e-05
4.738500e-03, 1.755000e-04, 9.098237e-06, 9.277061e-06, 8.953831e-06
4.855500e-03, 1.755000e-04, 1.592937e-05, 1.599344e-05, 1.594082e-05
4.972500e-03, 1.755000e-04, 7.961664e-06, 8.198098e-06, 7.941500e-06
5.089500e-03, 1.755000e-04, 9.575704e-06, 9.393422e-06, 9.333900e-06
5.206500e-03, 1.755000e-04, 1.270088e-05, 1.207651e-05, 1.217543e-05
5.323500e-03, 1.755000e-04, 1.099323e-05, 1.067151e-05, 1.072123e-05
5.440500e-03, 1.755000e-04, 6.917817e-06, 6.848715e-06, 6.773214e-06
5.557500e-03, 1.755000e-04, 5.500000e-07, 5.500000e-07, 5.500000e-07
5.674500e-03, 1.755000e-04, 5.500000e-07, 5.500000e-07, 5.500000e-07
5.791500e-03, 1.755000e-04, 5.500000e-07, 5.500000e-07, 5.500000e-07
-5.791500e-03, 2.925000e-04, 5.500000e-07, 5.500000e-07, 5.500000e-07
-5.674500e-03, 2.925000e-04, 9.103800e-06, 9.138535e-06, 8.996159e-06
-5.557500e-03, 2.925000e-04, 1.625940e-05, 1.625940e-05, 1.625855e-05
-5.440500e-03, 2.925000e-04, 1.261661e-05, 1.318582e-05, 1.268583e-05
-5.323500e-03, 2.925000e-04, 1.351280e-05, 1.354725e-05, 1.330562e-05
-5.206500e-03, 2.925000e-04, 1.468867e-05, 1.441657e-05, 1.443039e-05
-5.089500e-03, 2.925000e-04, 1.535719e-05, 1.534470e-05, 1.527847e-05
-4.972500e-03, 2.925000e-04, 1.649736e-05, 1.649717e-05, 1.649753e-05
-4.855500e-03, 2.925000e-04, 1.598994e-05, 1.596038e-05, 1.596440e-05
-4.738500e-03, 2.925000e-04, 1.613755e-05, 1.612161e-05, 1.612336e-05
-4.621500e-03, 2.925000e-04, 1.409155e-05, 1.436671e-05, 1.401500e-05
-4.504500e-03, 2.925000e-04, 1.611443e-05, 1.608830e-05, 1.609902e-05
-4.387500e-03, 2.925000e-04, 1.438537e-05, 1.407246e-05, 1.409047e-05
-4.270500e-03, 2.925000e-04, 1.569000e-05, 1.566663e-05, 1.564603e-05
-4.153500e-03, 2.925000e-04, 1.457428e-05, 1.457428e-05, 1.447030e-05
-4.036500e-03, 2.925000e-04, 9.237530e-06, 9.291981e-06, 8.896106e-06
-3.919500e-03, 2.925000e-04, 1.599034e-05, 1.602130e-05, 1.599878e-05
-3.802500e-03, 2.925000e-04, 1.529517e-05, 1.534897e-05, 1.529236e-05
-3.685500e-03, 2.925000e-04, 1.216441e-05, 1.213072e-05, 1.191599e-05
-3.568500e-03, 2.925000e-04, 1.402759e-05, 1.370647e-05, 1.375553e-05
-3.451500e-03, 2.925000e-04, 1.402759e-05, 1.370647e-05, 1.375553e-05
-3.334500e-03, 2.925000e-04, 1.344772e-05, 1.333941e-05, 1.327412e-05
-3.217500e-03, 2.925000e-04, 2.536642e-06, 2.536642e-06, 2.480937e-06
-3.100500e-03, 2.925000e-04, 1.200938e-05, 1.187666e-05, 1.177771e-05
-2.983500e-03, 2.925000e-04, 1.608640e-05, 1.603572e-05, 1.605031e-05
-2.866500e-03, 2.925000e-04, 1.650000e-05, 1.650000e-05, 1.650000e-05
-2.749500e-03, 2.925000e-04, 1.650000e-05, 1.650000e-05, 1.650000e-05
-2.632500e-03, 2.925000e-04, 8.414554e-06, 9.155846e-06, 8.521245e-06
-2.515500e-03, 2.925000e-04, 1.650000e-05, 1.650000e-05, 1.650000e-05
-2.398500e-03, 2.925000e-04, 1.650000e-05, 1.650000e-05, 1.650000e-05
-2.281500e-03, 2.925000e-04, 1.476649e-05, 1.506034e-05, 1.481978e-05
-2.164500e-03, 2.925000e-04, 1.254072e-05, 1.287324e-05, 1.259505e-05
-2.047500e-03, 2.925000e-04, 1.650000e-05, 1.650000e-05, 1.650000e-05
-1.930500e-03, 2.925000e-04, 1.650000e-05, 1.650000e-05, 1.650000e-05
-1.813500e-03, 2.925000e-04, 7.956051e-06, 8.269857e-06, 8.006042e-06
-1.696500e-03, 2.925000e-04, 1.484941e-05, 1.512956e-05, 1.489672e-05
-1.579500e-03, 2.925000e-04, 1.650000e-05, 1.650000e-05, 1.650000e-05
-1.462500e-03, 2.925000e-04, 1.553641e-05, 1.553641e-05, 1.550811e-05
-1.345500e-03, 2.925000e-04, 1.514977e-05, 1.514526e-05, 1.510559e-05
-1.228500e-03, 2.925000e-04, 1.650000e-05, 1.650000e-05, 1.650000e-05
-1.111500e-03, 2.925000e-04, 1.650000e-05, 1.650000e-05, 1.650000e-05
-9.945000e-04, 2.925000e-04, 1.470212e-05, 1.470212e-05, 1.463125e-05
-8.775000e-04, 2.925000e-04, 1.222035e-05, 1.214914e-05, 1.197241e-05
-7.605000e-04, 2.925000e-04, 1.357846e-05, 1.325618e-05, 1.330375e-05
-6.435000e-04, 2.925000e-04, 1.357846e-05, 1.325618e-05, 1.330375e-05
-5.265000e-04, 2.925000e-04, 1.357846e-05, 1.325618e-05, 1.330375e-05
-4.095000e-04, 2.925000e-04, 1.357846e-05, 1.325618e-05, 1.330375e-05
-2.925000e-04, 2.925000e-04, 1.357846e-05, 1.325618e-05, 1.330375e-05
-1.755000e-04, 2.925000e-04, 1.357846e-05, 1.325618e-05, 1.330375e-05
-5.850000e-05, 2.925000e-04, 1.357846e-05, 1.325618e-05, 1.330375e-05
5.850000e-05, 2.925000e-04, 1.357846e-05, 1.325618e-05, 1.330375e-05
1.755000e-04, 2.925000e-04, 1.357846e-05, 1.325618e-05, 1.330375e-05
2.925000e-04, 2.925000e-04, 1.357846e-05, 1.325618e-05, 1.330375e-05
4.095000e-04, 2.925000e-04, 1.357846e-05, 1.325618e-05, 1.330375e-05
5.265000e-04, 2.925000e-04, 1.357846e-05, 1.325618e-05, 1.330375e-05
6.435000e-04, 2.925000e-04, 1.357846e-05, 1.325618e-05, 1.330375e-05
7.605000e-04, 2.925000e-04, 1.357846e-05, 1.325618e-05, 1.330375e-05
8.775000e-04, 2.925000e-04, 1.357846e-05, 1.325618e-05, 1.330375e-05
9.945000e-04, 2.925000e-04, 1.357846e-05, 1.325618e-05, 1.330375e-05
1.111500e-03, 2.925000e-04, 1.357846e-05, 1.325618e-05, 1.330375e-05
1.228500e-03, 2.925000e-04, 1.357849e-05, 1.325622e-05, 1.330379e-05
1.345500e-03, 2.925000e-04, 1.138951e-05, 1.138829e-05, 1.116625e-05
1.462500e-03, 2.925000e-04, 1.611059e-05, 1.619020e-05, 1.613395e-05
1.579500e-03, 2.925000e-04, 1.650000e-05, 1.650000e-05, 1.650000e-05
1.696500e-03, 2.925000e-04, 1.649943e-05, 1.649943e-05, 1.649946e-05
1.813500e-03, 2.925000e-04, 1.422462e-05, 1.416452e-05, 1.411627e-05
1.930500e-03, 2.925000e-04, 1.650000e-05, 1.650000e-05, 1.650000e-05
2.047500e-03, 2.925000e-04, 1.650000e-05, 1.650000e-05, 1.650000e-05
2.164500e-03, 2.925000e-04, 1.448165e-05, 1.445554e-05, 1.440463e-05
2.281500e-03, 2.925000e-04, 1.621096e-05, 1.621096e-05, 1.620871e-05
2.398500e-03, 2.925000e-04, 1.650000e-05, 1.650000e-05, 1.650000e-05
2.515500e-03, 2.925000e-04, 1.503958e-05, 1.530690e-05, 1.508766e-05
2.632500e-03, 2.925000e-04, 1.389914e-05, 1.421500e-05, 1.394660e-05
2.749500e-03, 2.925000e-04, 1.650000e-05, 1.650000e-05, 1.650000e-05
2.866500e-03, 2.925000e-04, 1.650000e-05, 1.650000e-05, 1.650000e-05
2.983500e-03, 2.925000e-04, 7.871355e-06, 8.558205e-06, 7.971806e-06
3.100500e-03, 2.925000e-04, 1.650000e-05, 1.650000e-05, 1.650000e-05
3.217500e-03, 2.925000e-04, 1.650000e-05, 1.650000e-05, 1.650000e-05
3.334500e-03, 2.925000e-04, 1.650000e-05, 1.650000e-05, 1.650000e-05
3.451500e-03, 2.925000e-04, 8.657533e-06, 8.971853e-06, 8.705664e-06
3.568500e-03, 2.925000e-04, 7.480041e-06, 8.272639e-06, 7.577973e-06
3.685500e-03, 2.925000e-04, 6.805349e-06, 7.062109e-06, 6.818783e-06
3.802500e-03, 2.925000e-04, 1.268481e-05, 1.298054e-05, 1.252765e-05
3.919500e-03, 2.925000e-04, 1.543977e-05, 1.544726e-05, 1.526887e-05
4.036500e-03, 2.925000e-04, 1.548306e-05, 1.536497e-05, 1.534440e-05
4.153500e-03, 2.925000e-04, 1.640054e-05, 1.641805e-05, 1.640993e-05
4.270500e-03, 2.925000e-04, 1.463333e-05, 1.447714e-05, 1.445033e-05
4.387500e-03, 2.925000e-04, 1.320683e-05, 1.283951e-05, 1.274422e-05
4.504500e-03, 2.925000e-04, 1.149929e-05, 1.128827e-05, 1.124496e-05
4.621500e-03, 2.925000e-04, 1.123198e-05, 1.069725e-05, 1.068512e-05
4.738500e-03, 2.925000e-04, 8.067141e-06, 7.677021e-06, 7.640435e-06
4.855500e-03, 2.925000e-04, 7.803877e-06, 7.215598e-06, 7.281813e-06
4.972500e-03, 2.925000e-04, 1.221098e-05, 1.218922e-05, 1.203016e-05
5.089500e-03, 2.925000e-04, 9.671710e-06, 9.621914e-06, 9.308279e-06
5.206500e-03, 2.925000e-04, 1.263830e-05, 1.209846e-05, 1.217796e-05
5.323500e-03, 2.925000e-04, 4.532258e-06, 4.302277e-06, 4.254715e-06
5.440500e-03, 2.925000e-04, 9.795011e-06, 9.851787e-06, 9.705939e-06
5.557500e-03, 2.925000e-04, 1.287159e-05, 1.257744e-05, 1.261570e-05
5.674500e-03, 2.925000e-04, 7.846511e-06, 7.755681e-06, 7.678876e-06
5.791500e-03, 2.925000e-04, 5.500000e-07, 5.500000e-07, 5.500000e-07
-5.791500e-03, 4.095000e-04, 5.683233e-07, 5.725777e-07, 5.717837e-07
-5.674500e-03, 4.095000e-04, 1.568364e-05, 1.579276e-05, 1.571524e-05
-5.557500e-03, 4.095000e-04, 1.650000e-05, 1.650000e-05, 1.650000e-05
-5.440500e-03, 4.095000e-04, 1.273981e-05, 1.337901e-05, 1.282117e-05
-5.323500e-03, 4.095000e-04, 1.420624e-05, 1.449384e-05, 1.412379e-05
-5.206500e-03, 4.095000e-04, 1.650000e-05, 1.650000e-05, 1.650000e-05
-5.089500e-03, 4.095000e-04, 1.574213e-05, 1.588199e-05, 1.579802e-05
-4.972500e-03, 4.095000e-04, 1.565398e-05, 1.577925e-05, 1.560402e-05
-4.855500e-03, 4.095000e-04, 1.650000e-05, 1.650000e-05, 1.650000e-05
-4.738500e-03, 4.095000e-04, 1.650000e-05, 1.650000e-05, 1.650000e-05
-4.621500e-03, 4.095000e-04, 1.550526e-05, 1.562659e-05, 1.547073e-05
-4.504500e-03, 4.095000e-04, 1.436981e-05, 1.467936e-05, 1.441781e-05
-4.387500e-03, 4.095000e-04, 1.650000e-05, 1.650000e-05, 1.650000e-05
-4.270500e-03, 4.095000e-04, 1.550858e-05, 1.567191e-05, 1.556557e-05
-4.153500e-03, 4.095000e-04, 1.650000e-05, 1.650000e-05, 1.650000e-05
-4.036500e-03, 4.095000e-04, 1.184026e-05, 1.272125e-05, 1.198764e-05
-3.919500e-03, 4.095000e-04, 1.441801e-05, 1.472273e-05, 1.446737e-05
-3.802500e-03, 4.095000e-04, 1.283028e-05, 1.315683e-05, 1.288040e-05
-3.685500e-03, 4.095000e-04, 1.612829e-05, 1.622924e-05, 1.617061e-05
-3.568500e-03, 4.095000e-04, 1.650000e-05, 1.650000e-05, 1.650000e-05
-3.451500e-03, 4.095000e-04, 1.650000e-05, 1.650000e-05, 1.650000e-05
-3.334500e-03, 4.095000e-04, 7.884655e-06, 8.196374e-06, 7.933942e-06
-3.217500e-03, 4.095000e-04, 5.500000e-07, 5.500000e-07, 5.500000e-07
-3.100500e-03, 4.095000e-04, 1.628785e-05, 1.634361e-05, 1.631875e-05
-2.983500e-03, 4.095000e-04, 1.650000e-05, 1.650000e-05, 1.650000e-05
-2.866500e-03, 4.095000e-04, 1.650000e-05, 1.650000e-05, 1.650000e-05
-2.749500e-03, 4.095000e-04, 1.650000e-05, 1.650000e-05, 1.650000e-05
-2.632500e-03, 4.095000e-04, 8.414554e-06, 9.155846e-06, 8.521245e-06
-2.515500e-03, 4.095000e-04, 1.650000e-05, 1.650000e-05, 1.650000e-05
-2.398500e-03, 4.095000e-04, 1.650000e-05, 1.650000e-05, 1.650000e-05
-2.281500e-03, 4.095000e-04, 1.476649e-05, 1.506034e-05, 1.481978e-05
-2.164500e-03, 4.095000e-04, 1.254072e-05, 1.287324e-05, 1.259505e-05
-2.047500e-03, 4.095000e-04, 1.650000e-05, 1.650000e-05, 1.650000e-05
-1.930500e-03, 4.095000e-04, 1.650000e-05, 1.650000e-05, 1.650000e-05
-1.813500e-03, 4.095000e-04, 7.956051e-06, 8.269857e-06, 8.006042e-06
-1.696500e-03, 4.095000e-04, 1.484941e-05, 1.512956e-05, 1.489672e-05
-1.579500e-03, 4.095000e-04, 1.650000e-05, 1.650000e-05, 1.650000e-05
-1.462500e-03, 4.095000e-04, 1.650000e-05, 1.650000e-05, 1.650000e-05
-1.345500e-03, 4.095000e-04, 1.650000e-05, 1.650000e-05, 1.650000e-05
-1.228500e-03, 4.095000e-04, 1.650000e-05, 1.650000e-05, 1.650000e-05
-1.111500e-03, 4.095000e-04, 1.650000e-05, 1.650000e-05, 1.650000e-05
-9.945000e-04, 4.095000e-04, 1.200665e-05, 1.251127e-05, 1.195201e-05
-8.775000e-04, 4.095000e-04, 1.650000e-05, 1.650000e-05, 1.650000e-05
-7.605000e-04, 4.095000e-04, 1.650000e-05, 1.650000e-05, 1.650000e-05
-6.435000e-04, 4.095000e-04, 1.650000e-05, 1.650000e-05, 1.650000e-05
-5.265000e-04, 4.095000e-04, 1.650000e-05, 1.650000e-05, 1.650000e-05
-4.095000e-04, 4.095000e-04, 1.650000e-05, 1.650000e-05, 1.650000e-05
-2.925000e-04, 4.095000e-04, 1.650000e-05, 1.650000e-05, 1.650000e-05
-1.755000e-04, 4.095000e-04, 1.650000e-05, 1.650000e-05, 1.650000e-05
-5.850000e-05, 4.095000e-04, 1.650000e-05, 1.650000e-05, 1.650000e-05
5.850000e-05, 4.095000e-04, 1.650000e-05, 1.650000e-05, 1.650000e-05
1.755000e-04, 4.095000e-04, 1.650000e-05, 1.650000e-05, 1.650000e-05
2.925000e-04, 4.095000e-04, 1.650000e-05, 1.650000e-05, 1.650000e-05
4.095000e-04, 4.095000e-04, 1.650000e-05, 1.650000e-05, 1.650000e-05
5.265000e-04, 4.095000e-04, 1.650000e-05, 1.650000e-05, 1.650000e-05
6.435000e-04, 4.095000e-04, 1.650000e-05, 1.650000e-05, 1.650000e-05
7.605000e-04, 4.095000e-04, 1.650000e-05, 1.650000e-05, 1.650000e-05
8.775000e-04, 4.095000e-04, 1.650000e-05, 1.650000e-05, 1.650000e-05
9.945000e-04, 4.095000e-04, 1.650000e-05, 1.650000e-05, 1.650000e-05
1.111500e-03, 4.095000e-04, 1.650000e-05, 1.650000e-05, 1.650000e-05
1.228500e-03, 4.095000e-04, 1.650000e-05, 1.650000e-05, 1.650000e-05
1.345500e-03, 4.095000e-04, 1.329626e-05, 1.362016e-05, 1.334516e-05
1.462500e-03, 4.095000e-04, 1.566904e-05, 1.586313e-05, 1.571652e-05
1.579500e-03, 4.095000e-04, 1.650000e-05, 1.650000e-05, 1.650000e-05
1.696500e-03, 4.095000e-04, 1.650000e-05, 1.650000e-05, 1.650000e-05
1.813500e-03, 4.095000e-04, 1.650000e-05, 1.650000e-05, 1.650000e-05
1.930500e-03, 4.095000e-04, 1.650000e-05, 1.650000e-05, 1.650000e-05
2.047500e-03, 4.095000e-04, 1.650000e-05, 1.650000e-05, 1.650000e-05
2.164500e-03, 4.095000e-04, 1.650000e-05, 1.650000e-05, 1.650000e-05
2.281500e-03, 4.095000e-04, 1.650000e-05, 1.650000e-05, 1.650000e-05
2.398500e-03, 4.095000e-04, 1.650000e-05, 1.650000e-05, 1.650000e-05
2.515500e-03, 4.095000e-04, 1.503958e-05, 1.530690e-05, 1.508766e-05
2.632500e-03, 4.095000e-04, 1.389914e-05, 1.421500e-05, 1.394660e-05
2.749500e-03, 4.095000e-04, 1.650000e-05, 1.650000e-05, 1.650000e-05
2.866500e-03, 4.095000e-04, 1.650000e-05, 1.650000e-05, 1.650000e-05
2.983500e-03, 4.095000e-04, 7.871355e-06, 8.558205e-06, 7.971806e-06
3.100500e-03, 4.095000e-04, 1.650000e-05, 1.650000e-05, 1.650000e-05
3.217500e-03, 4.095000e-04, 1.650000e-05, 1.650000e-05, 1.650000e-05
3.334500e-03, 4.095000e-04, 1.650000e-05, 1.650000e-05, 1.650000e-05
3.451500e-03, 4.095000e-04, 9.571338e-06, 1.008893e-05, 9.648110e-06
3.568500e-03, 4.095000e-04, 1.542468e-05, 1.543566e-05, 1.540168e-05
3.685500e-03, 4.095000e-04, 1.087572e-05, 1.148608e-05, 1.094346e-05
3.802500e-03, 4.095000e-04, 1.309566e-05, 1.376085e-05, 1.319333e-05
3.919500e-03, 4.095000e-04, 1.610596e-05, 1.617242e-05, 1.613287e-05
4.036500e-03, 4.095000e-04, 1.650000e-05, 1.650000e-05, 1.650000e-05
4.153500e-03, 4.095000e-04, 1.532416e-05, 1.550947e-05, 1.535283e-05
4.270500e-03, 4.095000e-04, 1.650000e-05, 1.650000e-05, 1.650000e-05
4.387500e-03, 4.095000e-04, 1.646845e-05, 1.646724e-05, 1.647005e-05
4.504500e-03, 4.095000e-04, 1.353210e-05, 1.325810e-05, 1.320077e-05
4.621500e-03, 4.095000e-04, 1.377091e-05, 1.310991e-05, 1.321126e-05
4.738500e-03, 4.095000e-04, 1.371235e-05, 1.303398e-05, 1.314261e-05
4.855500e-03, 4.095000e-04, 1.379977e-05, 1.313565e-05, 1.323728e-05
4.972500e-03, 4.095000e-04, 1.035276e-05, 9.854821e-06, 9.858841e-06
5.089500e-03, 4.095000e-04, 1.178696e-05, 1.210599e-05, 1.179592e-05
5.206500e-03, 4.095000e-04, 1.650000e-05, 1.650000e-05, 1.650000e-05
5.323500e-03, 4.095000e-04, 9.201334e-06, 9.451926e-06, 9.200153e-06
5.440500e-03, 4.095000e-04, 4.807630e-06, 5.000755e-06, 4.794362e-06
5.557500e-03, 4.095000e-04, 1.650000e-05, 1.650000e-05, 1.650000e-05
5.674500e-03, 4.095000e-04, 1.568364e-05, 1.579276e-05, 1.571524e-05
5.791500e-03, 4.095000e-04, 5.683233e-07, 5.725777e-07, 5.717837e-07
-5.791500e-03, 5.265000e-04, 5.500000e-07, 5.500000e-07, 5.500000e-07
-5.674500e-03, 5.265000e-04, 5.531293e-06, 5.413944e-06, 5.376151e-06
-5.557500e-03, 5.265000e-04, 7.896879e-06, 7.687373e-06, 7.667060e-06
-5.440500e-03, 5.265000e-04, 1.340080e-05, 1.368967e-05, 1.341450e-05
-5.323500e-03, 5.265000e-04, 1.616527e-05, 1.618236e-05, 1.616863e-05
-5.206500e-03, 5.265000e-04, 1.531599e-05, 1.507427e-05, 1.510686e-05
-5.089500e-03, 5.265000e-04, 1.527971e-05, 1.522778e-05, 1.512497e-05
-4.972500e-03, 5.265000e-04, 1.650000e-05, 1.650000e-05, 1.650000e-05
-4.855500e-03, 5.265000e-04, 1.599264e-05, 1.597200e-05, 1.596534e-05
-4.738500e-03, 5.265000e-04, 1.613869e-05, 1.612946e-05, 1.612382e-05
-4.621500e-03, 5.265000e-04, 1.650000e-05, 1.650000e-05, 1.650000e-05
-4.504500e-03, 5.265000e-04, 1.535841e-05, 1.535962e-05, 1.528839e-05
-4.387500e-03, 5.265000e-04, 1.588299e-05, 1.574887e-05, 1.580254e-05
-4.270500e-03, 5.265000e-04, 1.526395e-05, 1.529345e-05, 1.516720e-05
-4.153500e-03, 5.265000e-04, 1.650000e-05, 1.650000e-05, 1.650000e-05
-4.036500e-03, 5.265000e-04, 1.188981e-05, 1.277920e-05, 1.204142e-05
-3.919500e-03, 5.265000e-04, 1.441801e-05, 1.472273e-05, 1.446737e-05
-3.802500e-03, 5.265000e-04, 1.537510e-05, 1.542066e-05, 1.537107e-05
-3.685500e-03, 5.265000e-04, 1.220144e-05, 1.185097e-05, 1.171166e-05
-3.568500e-03, 5.265000e-04, 1.310225e-05, 1.243941e-05, 1.253851e-05
-3.451500e-03, 5.265000e-04, 1.569920e-05, 1.569920e-05, 1.567839e-05
-3.334500e-03, 5.265000e-04, 7.878053e-06, 8.190378e-06, 7.927539e-06
-3.217500e-03, 5.265000e-04, 5.500000e-07, 5.500000e-07, 5.500000e-07
-3.100500e-03, 5.265000e-04, 1.628785e-05, 1.634361e-05, 1.631875e-05
-2.983500e-03, 5.265000e-04, 1.546731e-05, 1.546731e-05, 1.543610e-05
-2.866500e-03, 5.265000e-04, 1.349337e-05, 1.346981e-05, 1.339137e-05
-2.749500e-03, 5.265000e-04, 1.650000e-05, 1.650000e-05, 1.650000e-05
-2.632500e-03, 5.265000e-04, 8.414554e-06, 9.155846e-06, 8.521245e-06
-2.515500e-03, 5.265000e-04, 1.650000e-05, 1.650000e-05, 1.650000e-05
-2.398500e-03, 5.265000e-04, 1.650000e-05, 1.650000e-05, 1.650000e-05
-2.281500e-03, 5.265000e-04, 1.476649e-05, 1.506034e-05, 1.481978e-05
-2.164500e-03, 5.265000e-04, 1.254072e-05, 1.287324e-05, 1.259505e-05
-2.047500e-03, 5.265000e-04, 1.650000e-05, 1.650000e-05, 1.650000e-05
-1.930500e-03, 5.265000e-04, 1.650000e-05, 1.650000e-05, 1.650000e-05
-1.813500e-03, 5.265000e-04, 7.956051e-06, 8.269857e-06, 8.006042e-06
-1.696500e-03, 5.265000e-04, 1.484941e-05, 1.512956e-05, 1.489672e-05
-1.579500e-03, 5.265000e-04, 1.650000e-05, 1.650000e-05, 1.650000e-05
-1.462500e-03, 5.265000e-04, 1.446287e-05, 1.446287e-05, 1.438992e-05
-1.345500e-03, 5.265000e-04, 1.390356e-05, 1.389850e-05, 1.381068e-05
-1.228500e-03, 5.265000e-04, 1.650000e-05, 1.650000e-05, 1.650000e-05
-1.111500e-03, 5.265000e-04, 1.650000e-05, 1.650000e-05, 1.650000e-05
-9.945000e-04, 5.265000e-04, 1.243868e-05, 1.313593e-05, 1.253381e-05
-8.775000e-04, 5.265000e-04, 1.650000e-05, 1.650000e-05, 1.650000e-05
-7.605000e-04, 5.265000e-04, 1.650000e-05, 1.650000e-05, 1.650000e-05
-6.435000e-04, 5.265000e-04, 1.321834e-05, 1.319644e-05, 1.310969e-05
-5.265000e-04, 5.265000e-04, 1.513373e-05, 1.513373e-05, 1.508838e-05
-4.095000e-04, 5.265000e-04, 1.650000e-05, 1.650000e-05, 1.650000e-05
-2.925000e-04, 5.265000e-04, 1.597518e-05, 1.597518e-05, 1.596469e-05
-1.755000e-04, 5.265000e-04, 1.236406e-05, 1.234650e-05, 1.223247e-05
-5.850000e-05, 5.265000e-04, 1.650000e-05, 1.650000e-05, 1.650000e-05
5.850000e-05, 5.265000e-04, 1.650000e-05, 1.650000e-05, 1.650000e-05
1.755000e-04, 5.265000e-04, 1.236406e-05, 1.234650e-05, 1.223247e-05
2.925000e-04, 5.265000e-04, 1.597518e-05, 1.597518e-05, 1.596469e-05
4.095000e-04, 5.265000e-04, 1.650000e-05, 1.650000e-05, 1.650000e-05
5.265000e-04, 5.265000e-04, 1.513373e-05, 1.513373e-05, 1.508838e-05
6.435000e-04, 5.265000e-04, 1.321834e-05, 1.319644e-05, 1.310969e-05
7.605000e-04, 5.265000e-04, 1.650000e-05, 1.650000e-05, 1.650000e-05
8.775000e-04, 5.265000e-04, 1.649943e-05, 1.649943e-05, 1.649946e-05
9.945000e-04, 5.265000e-04, 1.189644e-05, 1.188505e-05, 1.177004e-05
1.111500e-03, 5.265000e-04, 1.642116e-05, 1.642116e-05, 1.642360e-05
1.228500e-03, 5.265000e-04, 1.650000e-05, 1.650000e-05, 1.650000e-05
1.345500e-03, 5.265000e-04, 1.329626e-05, 1.362016e-05, 1.334516e-05
1.462500e-03, 5.265000e-04, 1.566904e-05, 1.586313e-05, 1.571652e-05
1.579500e-03, 5.265000e-04, 1.650000e-05, 1.650000e-05, 1.650000e-05
1.696500e-03, 5.265000e-04, 1.628135e-05, 1.628135e-05, 1.628111e-05
1.813500e-03, 5.265000e-04, 1.204738e-05, 1.203479e-05, 1.191437e-05
1.930500e-03, 5.265000e-04, 1.650000e-05, 1.650000e-05, 1.650000e-05
2.047500e-03, 5.265000e-04, 1.650000e-05, 1.650000e-05, 1.650000e-05
2.164500e-03, 5.265000e-04, 1.280834e-05, 1.278496e-05, 1.268882e-05
2.281500e-03, 5.265000e-04, 1.553641e-05, 1.553641e-05, 1.550811e-05
2.398500e-03, 5.265000e-04, 1.650000e-05, 1.650000e-05, 1.650000e-05
2.515500e-03, 5.265000e-04, 1.503958e-05, 1.530690e-05, 1.508766e-05
2.632500e-03, 5.265000e-04, 1.389914e-05, 1.421500e-05, 1.394660e-05
2.749500e-03, 5.265000e-04, 1.650000e-05, 1.650000e-05, 1.650000e-05
2.866500e-03, 5.265000e-04, 1.650000e-05, 1.650000e-05, 1.650000e-05
2.983500e-03, 5.265000e-04, 7.871355e-06, 8.558205e-06, 7.971806e-06
3.100500e-03, 5.265000e-04, 1.650000e-05, 1.650000e-05, 1.650000e-05
3.217500e-03, 5.265000e-04, 1.650000e-05, 1.650000e-05, 1.650000e-05
3.334500e-03, 5.265000e-04, 1.650000e-05, 1.650000e-05, 1.650000e-05
3.451500e-03, 5.265000e-04, 8.834093e-06, 9.165825e-06, 8.890802e-06
3.568500e-03, 5.265000e-04, 8.096122e-06, 7.881614e-06, 7.851877e-06
3.685500e-03, 5.265000e-04, 8.631492e-06, 9.017421e-06, 8.660432e-06
3.802500e-03, 5.265000e-04, 1.309566e-05, 1.376085e-05, 1.319333e-05
3.919500e-03, 5.265000e-04, 1.568396e-05, 1.562749e-05, 1.561768e-05
4.036500e-03, 5.265000e-04, 1.496829e-05, 1.457884e-05, 1.461465e-05
4.153500e-03, 5.265000e-04, 9.138291e-06, 8.363931e-06, 8.449053e-06
4.270500e-03, 5.265000e-04, 9.873821e-06, 8.518420e-06, 8.737598e-06
4.387500e-03, 5.265000e-04, 9.873242e-06, 8.434285e-06, 8.687259e-06
4.504500e-03, 5.265000e-04, 9.897115e-06, 8.542447e-06, 8.761184e-06
4.621500e-03, 5.265000e-04, 1.131832e-05, 1.108859e-05, 1.088039e-05
4.738500e-03, 5.265000e-04, 1.361442e-05, 1.336428e-05, 1.328885e-05
4.855500e-03, 5.265000e-04, 1.345805e-05, 1.361778e-05, 1.326225e-05
4.972500e-03, 5.265000e-04, 1.650000e-05, 1.650000e-05, 1.650000e-05
5.089500e-03, 5.265000e-04, 1.420440e-05, 1.415208e-05, 1.399133e-05
5.206500e-03, 5.265000e-04, 1.391316e-05, 1.332885e-05, 1.339348e-05
5.323500e-03, 5.265000e-04, 1.435496e-05, 1.434975e-05, 1.421073e-05
5.440500e-03, 5.265000e-04, 1.529981e-05, 1.532554e-05, 1.527002e-05
5.557500e-03, 5.265000e-04, 1.343857e-05, 1.291485e-05, 1.291590e-05
5.674500e-03, 5.265000e-04, 1.263174e-05, 1.225356e-05, 1.219848e-05
5.791500e-03, 5.265000e-04, 1.855406e-06, 1.991906e-06, 1.881364e-06
-5.791500e-03, 6.435000e-04, 5.500000e-07, 5.500000e-07, 5.500000e-07
-5.674500e-03, 6.435000e-04, 3.043429e-06, 3.042378e-06, 2.929273e-06
-5.557500e-03, 6.435000e-04, 1.449550e-05, 1.428640e-05, 1.427189e-05
-5.440500e-03, 6.435000e-04, 1.281723e-05, 1.325701e-05, 1.279751e-05
-5.323500e-03, 6.435000e-04, 1.650000e-05, 1.650000e-05, 1.650000e-05
-5.206500e-03, 6.435000e-04, 1.579588e-05, 1.567600e-05, 1.560611e-05
-5.089500e-03, 6.435000e-04, 1.650000e-05, 1.650000e-05, 1.650000e-05
-4.972500e-03, 6.435000e-04, 1.650000e-05, 1.650000e-05, 1.650000e-05
-4.855500e-03, 6.435000e-04, 1.599261e-05, 1.597380e-05, 1.596540e-05
-4.738500e-03, 6.435000e-04, 1.613855e-05, 1.612940e-05, 1.612391e-05
-4.621500e-03, 6.435000e-04, 1.650000e-05, 1.650000e-05, 1.650000e-05
-4.504500e-03, 6.435000e-04, 1.545441e-05, 1.538102e-05, 1.535090e-05
-4.387500e-03, 6.435000e-04, 1.606982e-05, 1.596774e-05, 1.601453e-05
-4.270500e-03, 6.435000e-04, 1.565315e-05, 1.566037e-05, 1.563796e-05
-4.153500e-03, 6.435000e-04, 1.598821e-05, 1.600625e-05, 1.599033e-05
-4.036500e-03, 6.435000e-04, 1.260957e-05, 1.283395e-05, 1.245691e-05
-3.919500e-03, 6.435000e-04, 1.300982e-05, 1.305219e-05, 1.280222e-05
-3.802500e-03, 6.435000e-04, 1.650000e-05, 1.650000e-05, 1.650000e-05
-3.685500e-03, 6.435000e-04, 1.650000e-05, 1.650000e-05, 1.650000e-05
-3.568500e-03, 6.435000e-04, 1.650000e-05, 1.650000e-05, 1.650000e-05
-3.451500e-03, 6.435000e-04, 1.297732e-05, 1.297732e-05, 1.272376e-05
-3.334500e-03, 6.435000e-04, 1.212380e-05, 1.216639e-05, 1.200657e-05
-3.217500e-03, 6.435000e-04, 1.287943e-06, 1.287943e-06, 1.274694e-06
-3.100500e-03, 6.435000e-04, 1.628785e-05, 1.634361e-05, 1.631875e-05
-2.983500e-03, 6.435000e-04, 1.316279e-05, 1.318700e-05, 1.307670e-05
-2.866500e-03, 6.435000e-04, 9.612006e-06, 9.611017e-06, 9.480038e-06
-2.749500e-03, 6.435000e-04, 1.650000e-05, 1.650000e-05, 1.650000e-05
-2.632500e-03, 6.435000e-04, 8.414554e-06, 9.155846e-06, 8.521245e-06
-2.515500e-03, 6.435000e-04, 1.650000e-05, 1.650000e-05, 1.650000e-05
-2.398500e-03, 6.435000e-04, 1.650000e-05, 1.650000e-05, 1.650000e-05
-2.281500e-03, 6.435000e-04, 1.476649e-05, 1.506034e-05, 1.481978e-05
-2.164500e-03, 6.435000e-04, 1.254072e-05, 1.287324e-05, 1.259505e-05
-2.047500e-03, 6.435000e-04, 1.650000e-05, 1.650000e-05, 1.650000e-05
-1.930500e-03, 6.435000e-04, 1.650000e-05, 1.650000e-05, 1.650000e-05
-1.813500e-03, 6.435000e-04, 7.956051e-06, 8.269857e-06, 8.006042e-06
-1.696500e-03, 6.435000e-04, 1.484941e-05, 1.512956e-05, 1.489672e-05
-1.579500e-03, 6.435000e-04, 1.650000e-05, 1.650000e-05, 1.650000e-05
-1.462500e-03, 6.435000e-04, 1.213471e-05, 1.215367e-05, 1.202570e-05
-1.345500e-03, 6.435000e-04, 1.128414e-05, 1.129481e-05, 1.116547e-05
-1.228500e-03, 6.435000e-04, 1.650000e-05, 1.650000e-05, 1.650000e-05
-1.111500e-03, 6.435000e-04, 1.650000e-05, 1.650000e-05, 1.650000e-05
-9.945000e-04, 6.435000e-04, 1.243868e-05, 1.313593e-05, 1.253381e-05
-8.775000e-04, 6.435000e-04, 1.650000e-05, 1.650000e-05, 1.650000e-05
-7.605000e-04, 6.435000e-04, 1.650000e-05, 1.650000e-05, 1.650000e-05
-6.435000e-04, 6.435000e-04, 1.020028e-05, 1.020028e-05, 1.007789e-05
-5.265000e-04, 6.435000e-04, 1.319644e-05, 1.321834e-05, 1.310969e-05
-4.095000e-04, 6.435000e-04, 1.650000e-05, 1.650000e-05, 1.650000e-05
-2.925000e-04, 6.435000e-04, 1.469078e-05, 1.470993e-05, 1.464810e-05
-1.755000e-04, 6.435000e-04, 8.698708e-06, 8.724073e-06, 8.539968e-06
-5.850000e-05, 6.435000e-04, 1.650000e-05, 1.650000e-05, 1.650000e-05
5.850000e-05, 6.435000e-04, 1.650000e-05, 1.650000e-05, 1.650000e-05
1.755000e-04, 6.435000e-04, 8.698708e-06, 8.724073e-06, 8.539968e-06
2.925000e-04, 6.435000e-04, 1.469078e-05, 1.470993e-05, 1.464810e-05
4.095000e-04, 6.435000e-04, 1.650000e-05, 1.650000e-05, 1.650000e-05
5.265000e-04, 6.435000e-04, 1.319644e-05, 1.321834e-05, 1.310969e-05
6.435000e-04, 6.435000e-04, 1.020028e-05, 1.020028e-05, 1.007789e-05
7.605000e-04, 6.435000e-04, 1.650000e-05, 1.650000e-05, 1.650000e-05
8.775000e-04, 6.435000e-04, 1.621826e-05, 1.622822e-05, 1.622364e-05
9.945000e-04, 6.435000e-04, 7.883053e-06, 7.937628e-06, 7.695553e-06
1.111500e-03, 6.435000e-04, 1.577588e-05, 1.578782e-05, 1.576730e-05
1.228500e-03, 6.435000e-04, 1.650000e-05, 1.650000e-05, 1.650000e-05
1.345500e-03, 6.435000e-04, 1.329626e-05, 1.362016e-05, 1.334516e-05
1.462500e-03, 6.435000e-04, 1.566904e-05, 1.586313e-05, 1.571652e-05
1.579500e-03, 6.435000e-04, 1.650000e-05, 1.650000e-05, 1.650000e-05
1.696500e-03, 6.435000e-04, 1.536825e-05, 1.538313e-05, 1.534707e-05
1.813500e-03, 6.435000e-04, 8.075027e-06, 8.122362e-06, 7.902712e-06
1.930500e-03, 6.435000e-04, 1.642984e-05, 1.643558e-05, 1.643496e-05
2.047500e-03, 6.435000e-04, 1.650000e-05, 1.650000e-05, 1.650000e-05
2.164500e-03, 6.435000e-04, 9.511394e-06, 9.515682e-06, 9.377952e-06
2.281500e-03, 6.435000e-04, 1.387671e-05, 1.389848e-05, 1.380874e-05
2.398500e-03, 6.435000e-04, 1.650000e-05, 1.650000e-05, 1.650000e-05
2.515500e-03, 6.435000e-04, 1.503958e-05, 1.530690e-05, 1.508766e-05
2.632500e-03, 6.435000e-04, 1.389914e-05, 1.421500e-05, 1.394660e-05
2.749500e-03, 6.435000e-04, 1.650000e-05, 1.650000e-05, 1.650000e-05
2.866500e-03, 6.435000e-04, 1.650000e-05, 1.650000e-05, 1.650000e-05
2.983500e-03, 6.435000e-04, 7.871355e-06, 8.558205e-06, 7.971806e-06
3.100500e-03, 6.435000e-04, 1.650000e-05, 1.650000e-05, 1.650000e-05
3.217500e-03, 6.435000e-04, 1.650000e-05, 1.650000e-05, 1.650000e-05
3.334500e-03, 6.435000e-04, 1.650000e-05, 1.650000e-05, 1.650000e-05
3.451500e-03, 6.435000e-04, 8.657533e-06, 8.971853e-06, 8.705664e-06
3.568500e-03, 6.435000e-04, 9.275708e-07, 9.275708e-07, 9.251603e-07
3.685500e-03, 6.435000e-04, 1.161751e-05, 1.167537e-05, 1.151735e-05
3.802500e-03, 6.435000e-04, 1.148685e-05, 1.203683e-05, 1.155264e-05
3.919500e-03, 6.435000e-04, 1.614652e-05, 1.610557e-05, 1.612079e-05
4.036500e-03, 6.435000e-04, 1.395385e-05, 1.330293e-05, 1.338007e-05
4.153500e-03, 6.435000e-04, 1.081050e-05, 1.080061e-05, 1.043416e-05
4.270500e-03, 6.435000e-04, 1.370955e-05, 1.342752e-05, 1.339998e-05
4.387500e-03, 6.435000e-04, 1.388590e-05, 1.339816e-05, 1.349081e-05
4.504500e-03, 6.435000e-04, 1.353434e-05, 1.333586e-05, 1.325823e-05
4.621500e-03, 6.435000e-04, 7.930717e-06, 7.913132e-06, 7.536449e-06
4.738500e-03, 6.435000e-04, 1.041964e-05, 9.900624e-06, 9.906833e-06
4.855500e-03, 6.435000e-04, 1.243684e-05, 1.257655e-05, 1.231939e-05
4.972500e-03, 6.435000e-04, 1.650000e-05, 1.650000e-05, 1.650000e-05
5.089500e-03, 6.435000e-04, 1.650000e-05, 1.650000e-05, 1.650000e-05
5.206500e-03, 6.435000e-04, 1.569330e-05, 1.554381e-05, 1.547647e-05
5.323500e-03, 6.435000e-04, 1.650000e-05, 1.650000e-05, 1.650000e-05
5.440500e-03, 6.435000e-04, 1.619310e-05, 1.618720e-05, 1.618852e-05
5.557500e-03, 6.435000e-04, 1.373641e-05, 1.323326e-05, 1.323596e-05
5.674500e-03, 6.435000e-04, 1.366614e-05, 1.335070e-05, 1.335151e-05
5.791500e-03, 6.435000e-04, 2.455707e-06, 2.695373e-06, 2.497107e-06
-5.791500e-03, 7.605000e-04, 5.683069e-07, 5.723591e-07, 5.717561e-07
-5.674500e-03, 7.605000e-04, 1.489643e-05, 1.501198e-05, 1.487450e-05
-5.557500e-03, 7.605000e-04, 1.650000e-05, 1.650000e-05, 1.650000e-05
-5.440500e-03, 7.605000e-04, 1.306198e-05, 1.367378e-05, 1.312037e-05
-5.323500e-03, 7.605000e-04, 1.569924e-05, 1.577341e-05, 1.567782e-05
-5.206500e-03, 7.605000e-04, 1.650000e-05, 1.650000e-05, 1.650000e-05
-5.089500e-03, 7.605000e-04, 1.569700e-05, 1.577429e-05, 1.567781e-05
-4.972500e-03, 7.605000e-04, 1.569761e-05, 1.577323e-05, 1.567774e-05
-4.855500e-03, 7.605000e-04, 1.650000e-05, 1.650000e-05, 1.650000e-05
-4.738500e-03, 7.605000e-04, 1.650000e-05, 1.650000e-05, 1.650000e-05
-4.621500e-03, 7.605000e-04, 1.569529e-05, 1.576971e-05, 1.567746e-05
-4.504500e-03, 7.605000e-04, 1.599598e-05, 1.603812e-05, 1.601671e-05
-4.387500e-03, 7.605000e-04, 1.650000e-05, 1.650000e-05, 1.650000e-05
-4.270500e-03, 7.605000e-04, 1.602323e-05, 1.605560e-05, 1.603834e-05
-4.153500e-03, 7.605000e-04, 1.563901e-05, 1.574913e-05, 1.568733e-05
-4.036500e-03, 7.605000e-04, 1.648920e-05, 1.648979e-05, 1.649064e-05
-3.919500e-03, 7.605000e-04, 1.564273e-05, 1.574192e-05, 1.567877e-05
-3.802500e-03, 7.605000e-04, 1.649937e-05, 1.649937e-05, 1.649940e-05
-3.685500e-03, 7.605000e-04, 1.650000e-05, 1.650000e-05, 1.650000e-05
-3.568500e-03, 7.605000e-04, 1.650000e-05, 1.650000e-05, 1.650000e-05
-3.451500e-03, 7.605000e-04, 1.650000e-05, 1.650000e-05, 1.650000e-05
-3.334500e-03, 7.605000e-04, 7.914004e-06, 8.278805e-06, 7.815451e-06
-3.217500e-03, 7.605000e-04, 1.093121e-05, 1.112408e-05, 1.084120e-05
-3.100500e-03, 7.605000e-04, 1.628785e-05, 1.634361e-05, 1.631875e-05
-2.983500e-03, 7.605000e-04, 1.650000e-05, 1.650000e-05, 1.650000e-05
-2.866500e-03, 7.605000e-04, 1.650000e-05, 1.650000e-05, 1.650000e-05
-2.749500e-03, 7.605000e-04, 1.650000e-05, 1.650000e-05, 1.650000e-05
-2.632500e-03, 7.605000e-04, 8.414554e-06, 9.155846e-06, 8.521245e-06
-2.515500e-03, 7.605000e-04, 1.650000e-05, 1.650000e-05, 1.650000e-05
-2.398500e-03, 7.605000e-04, 1.650000e-05, 1.650000e-05, 1.650000e-05
-2.281500e-03, 7.605000e-04, 1.476649e-05, 1.506034e-05, 1.481978e-05
-2.164500e-03, 7.605000e-04, 1.254072e-05, 1.287324e-05, 1.259505e-05
-2.047500e-03, 7.605000e-04, 1.650000e-05, 1.650000e-05, 1.650000e-05
-1.930500e-03, 7.605000e-04, 1.650000e-05, 1.650000e-05, 1.650000e-05
-1.813500e-03, 7.605000e-04, 7.956051e-06, 8.269857e-06, 8.006042e-06
-1.696500e-03, 7.605000e-04, 1.484941e-05, 1.512956e-05, 1.489672e-05
-1.579500e-03, 7.605000e-04, 1.650000e-05, 1.650000e-05, 1.650000e-05
-1.462500e-03, 7.605000e-04, 1.650000e-05, 1.650000e-05, 1.650000e-05
-1.345500e-03, 7.605000e-04, 1.650000e-05, 1.650000e-05, 1.650000e-05
-1.228500e-03, 7.605000e-04, 1.650000e-05, 1.650000e-05, 1.650000e-05
-1.111500e-03, 7.605000e-04, 1.650000e-05, 1.650000e-05, 1.650000e-05
-9.945000e-04, 7.605000e-04, 1.243868e-05, 1.313593e-05, 1.253381e-05
-8.775000e-04, 7.605000e-04, 1.650000e-05, 1.650000e-05, 1.650000e-05
-7.605000e-04, 7.605000e-04, 1.650000e-05, 1.650000e-05, 1.650000e-05
-6.435000e-04, 7.605000e-04, 1.650000e-05, 1.650000e-05, 1.650000e-05
-5.265000e-04, 7.605000e-04, 1.650000e-05, 1.650000e-05, 1.650000e-05
-4.095000e-04, 7.605000e-04, 1.650000e-05, 1.650000e-05, 1.650000e-05
-2.925000e-04, 7.605000e-04, 1.650000e-05, 1.650000e-05, 1.650000e-05
-1.755000e-04, 7.605000e-04, 1.650000e-05, 1.650000e-05, 1.650000e-05
-5.850000e-05, 7.605000e-04, 1.650000e-05, 1.650000e-05, 1.650000e-05
5.850000e-05, 7.605000e-04, 1.650000e-05, 1.650000e-05, 1.650000e-05
1.755000e-04, 7.605000e-04, 1.650000e-05, 1.650000e-05, 1.650000e-05
2.925000e-04, 7.605000e-04, 1.650000e-05, 1.650000e-05, 1.650000e-05
4.095000e-04, 7.605000e-04, 1.650000e-05, 1.650000e-05, 1.650000e-05
5.265000e-04, 7.605000e-04, 1.650000e-05, 1.650000e-05, 1.650000e-05
6.435000e-04, 7.605000e-04, 1.650000e-05, 1.650000e-05, 1.650000e-05
7.605000e-04, 7.605000e-04, 1.650000e-05, 1.650000e-05, 1.650000e-05
8.775000e-04, 7.605000e-04, 1.650000e-05, 1.650000e-05, 1.650000e-05
9.945000e-04, 7.605000e-04, 1.650000e-05, 1.650000e-05, 1.650000e-05
1.111500e-03, 7.605000e-04, 1.650000e-05, 1.650000e-05, 1.650000e-05
1.228500e-03, 7.605000e-04, 1.650000e-05, 1.650000e-05, 1.650000e-05
1.345500e-03, 7.605000e-04, 1.329626e-05, 1.362016e-05, 1.334516e-05
1.462500e-03, 7.605000e-04, 1.566904e-05, 1.586313e-05, 1.571652e-05
1.579500e-03, 7.605000e-04, 1.650000e-05, 1.650000e-05, 1.650000e-05
1.696500e-03, 7.605000e-04, 1.650000e-05, 1.650000e-05, 1.650000e-05
1.813500e-03, 7.605000e-04, 1.650000e-05, 1.650000e-05, 1.650000e-05
1.930500e-03, 7.605000e-04, 1.650000e-05, 1.650000e-05, 1.650000e-05
2.047500e-03, 7.605000e-04, 1.650000e-05, 1.650000e-05, 1.650000e-05
2.164500e-03, 7.605000e-04, 1.650000e-05, 1.650000e-05, 1.650000e-05
2.281500e-03, 7.605000e-04, 1.650000e-05, 1.650000e-05, 1.650000e-05
2.398500e-03, 7.605000e-04, 1.650000e-05, 1.650000e-05, 1.650000e-05
2.515500e-03, 7.605000e-04, 1.503958e-05, 1.530690e-05, 1.508766e-05
2.632500e-03, 7.605000e-04, 1.389914e-05, 1.421500e-05, 1.394660e-05
2.749500e-03, 7.605000e-04, 1.650000e-05, 1.650000e-05, 1.650000e-05
2.866500e-03, 7.605000e-04, 1.650000e-05, 1.650000e-05, 1.650000e-05
2.983500e-03, 7.605000e-04, 7.871355e-06, 8.558205e-06, 7.971806e-06
3.100500e-03, 7.605000e-04, 1.650000e-05, 1.650000e-05, 1.650000e-05
3.217500e-03, 7.605000e-04, 1.650000e-05, 1.650000e-05, 1.650000e-05
3.334500e-03, 7.605000e-04, 1.650000e-05, 1.650000e-05, 1.650000e-05
3.451500e-03, 7.605000e-04, 9.036495e-06, 9.356700e-06, 9.078856e-06
3.568500e-03, 7.605000e-04, 1.133342e-05, 1.133342e-05, 1.118031e-05
3.685500e-03, 7.605000e-04, 5.303501e-06, 5.303501e-06, 5.190067e-06
3.802500e-03, 7.605000e-04, 8.600153e-06, 9.012503e-06, 8.668279e-06
3.919500e-03, 7.605000e-04, 1.510047e-05, 1.524660e-05, 1.509351e-05
4.036500e-03, 7.605000e-04, 1.650000e-05, 1.650000e-05, 1.650000e-05
4.153500e-03, 7.605000e-04, 1.326667e-05, 1.391622e-05, 1.334479e-05
4.270500e-03, 7.605000e-04, 1.526847e-05, 1.542312e-05, 1.530300e-05
4.387500e-03, 7.605000e-04, 1.650000e-05, 1.650000e-05, 1.650000e-05
4.504500e-03, 7.605000e-04, 1.466902e-05, 1.482598e-05, 1.465592e-05
4.621500e-03, 7.605000e-04, 1.288946e-05, 1.346326e-05, 1.293027e-05
4.738500e-03, 7.605000e-04, 1.649991e-05, 1.649991e-05, 1.649991e-05
4.855500e-03, 7.605000e-04, 1.365113e-05, 1.411119e-05, 1.371956e-05
4.972500e-03, 7.605000e-04, 1.650000e-05, 1.650000e-05, 1.650000e-05
5.089500e-03, 7.605000e-04, 1.556357e-05, 1.567909e-05, 1.553632e-05
5.206500e-03, 7.605000e-04, 1.650000e-05, 1.650000e-05, 1.650000e-05
5.323500e-03, 7.605000e-04, 1.472934e-05, 1.495637e-05, 1.470876e-05
5.440500e-03, 7.605000e-04, 1.304420e-05, 1.355520e-05, 1.306276e-05
5.557500e-03, 7.605000e-04, 1.638366e-05, 1.638366e-05, 1.638570e-05
5.674500e-03, 7.605000e-04, 1.489643e-05, 1.501198e-05, 1.487450e-05
5.791500e-03, 7.605000e-04, 5.683069e-07, 5.723591e-07, 5.717561e-07
-5.791500e-03, 8.775000e-04, 5.500000e-07, 5.500000e-07, 5.500000e-07
-5.674500e-03, 8.775000e-04, 1.174794e-05, 1.173554e-05, 1.154857e-05
-5.557500e-03, 8.775000e-04, 1.482921e-05, 1.466031e-05, 1.463849e-05
-5.440500e-03, 8.775000e-04, 1.388190e-05, 1.414471e-05, 1.387482e-05
-5.323500e-03, 8.775000e-04, 1.641388e-05, 1.641365e-05, 1.641596e-05
-5.206500e-03, 8.775000e-04, 1.626111e-05, 1.619369e-05, 1.621939e-05
-5.089500e-03, 8.775000e-04, 1.641355e-05, 1.641363e-05, 1.641594e-05
-4.972500e-03, 8.775000e-04, 1.641205e-05, 1.641346e-05, 1.641583e-05
-4.855500e-03, 8.775000e-04, 1.636750e-05, 1.634139e-05, 1.635510e-05
-4.738500e-03, 8.775000e-04, 1.636916e-05, 1.634989e-05, 1.636213e-05
-4.621500e-03, 8.775000e-04, 1.641117e-05, 1.641346e-05, 1.641575e-05
-4.504500e-03, 8.775000e-04, 1.527019e-05, 1.535871e-05, 1.524614e-05
-4.387500e-03, 8.775000e-04, 1.620133e-05, 1.615383e-05, 1.617098e-05
-4.270500e-03, 8.775000e-04, 1.315143e-05, 1.367556e-05, 1.314446e-05
-4.153500e-03, 8.775000e-04, 1.509663e-05, 1.523901e-05, 1.503489e-05
-4.036500e-03, 8.775000e-04, 1.604222e-05, 1.594559e-05, 1.597965e-05
-3.919500e-03, 8.775000e-04, 1.494323e-05, 1.496683e-05, 1.491068e-05
-3.802500e-03, 8.775000e-04, 1.624903e-05, 1.630112e-05, 1.626663e-05
-3.685500e-03, 8.775000e-04, 1.650000e-05, 1.650000e-05, 1.650000e-05
-3.568500e-03, 8.775000e-04, 1.492078e-05, 1.484221e-05, 1.480981e-05
-3.451500e-03, 8.775000e-04, 1.650000e-05, 1.650000e-05, 1.650000e-05
-3.334500e-03, 8.775000e-04, 4.446428e-06, 4.733882e-06, 4.496158e-06
-3.217500e-03, 8.775000e-04, 1.219253e-05, 1.280938e-05, 1.227731e-05
-3.100500e-03, 8.775000e-04, 1.426154e-05, 1.429162e-05, 1.419400e-05
-2.983500e-03, 8.775000e-04, 1.650000e-05, 1.650000e-05, 1.650000e-05
-2.866500e-03, 8.775000e-04, 1.650000e-05, 1.650000e-05, 1.650000e-05
-2.749500e-03, 8.775000e-04, 1.650000e-05, 1.650000e-05, 1.650000e-05
-2.632500e-03, 8.775000e-04, 8.414554e-06, 9.155846e-06, 8.521245e-06
-2.515500e-03, 8.775000e-04, 1.650000e-05, 1.650000e-05, 1.650000e-05
-2.398500e-03, 8.775000e-04, 1.650000e-05, 1.650000e-05, 1.650000e-05
-2.281500e-03, 8.775000e-04, 1.476649e-05, 1.506034e-05, 1.481978e-05
-2.164500e-03, 8.775000e-04, 1.254072e-05, 1.287324e-05, 1.259505e-05
-2.047500e-03, 8.775000e-04, 1.650000e-05, 1.650000e-05, 1.650000e-05
-1.930500e-03, 8.775000e-04, 1.650000e-05, 1.650000e-05, 1.650000e-05
-1.813500e-03, 8.775000e-04, 7.956051e-06, 8.269857e-06, 8.006042e-06
-1.696500e-03, 8.775000e-04, 1.484941e-05, 1.512956e-05, 1.489672e-05
-1.579500e-03, 8.775000e-04, 1.650000e-05, 1.650000e-05, 1.650000e-05
-1.462500e-03, 8.775000e-04, 1.642116e-05, 1.642116e-05, 1.642360e-05
-1.345500e-03, 8.775000e-04, 1.629833e-05, 1.629649e-05, 1.629864e-05
-1.228500e-03, 8.775000e-04, 1.650000e-05, 1.650000e-05, 1.650000e-05
-1.111500e-03, 8.775000e-04, 1.650000e-05, 1.650000e-05, 1.650000e-05
-9.945000e-04, 8.775000e-04, 1.045853e-05, 1.055902e-05, 1.014298e-05
-8.775000e-04, 8.775000e-04, 1.564096e-05, 1.564096e-05, 1.561703e-05
-7.605000e-04, 8.775000e-04, 1.650000e-05, 1.650000e-05, 1.650000e-05
-6.435000e-04, 8.775000e-04, 1.650000e-05, 1.650000e-05, 1.650000e-05
-5.265000e-04, 8.775000e-04, 1.650000e-05, 1.650000e-05, 1.650000e-05
-4.095000e-04, 8.775000e-04, 1.650000e-05, 1.650000e-05, 1.650000e-05
-2.925000e-04, 8.775000e-04, 1.650000e-05, 1.650000e-05, 1.650000e-05
-1.755000e-04, 8.775000e-04, 1.650000e-05, 1.650000e-05, 1.650000e-05
-5.850000e-05, 8.775000e-04, 1.650000e-05, 1.650000e-05, 1.650000e-05
5.850000e-05, 8.775000e-04, 1.650000e-05, 1.650000e-05, 1.650000e-05
1.755000e-04, 8.775000e-04, 1.650000e-05, 1.650000e-05, 1.650000e-05
2.925000e-04, 8.775000e-04, 1.650000e-05, 1.650000e-05, 1.650000e-05
4.095000e-04, 8.775000e-04, 1.650000e-05, 1.650000e-05, 1.650000e-05
5.265000e-04, 8.775000e-04, 1.650000e-05, 1.650000e-05, 1.650000e-05
6.435000e-04, 8.775000e-04, 1.650000e-05, 1.650000e-05, 1.650000e-05
7.605000e-04, 8.775000e-04, 1.650000e-05, 1.650000e-05, 1.650000e-05
8.775000e-04, 8.775000e-04, 1.650000e-05, 1.650000e-05, 1.650000e-05
9.945000e-04, 8.775000e-04, 1.625057e-05, 1.622102e-05, 1.622580e-05
1.111500e-03, 8.775000e-04, 1.650000e-05, 1.650000e-05, 1.650000e-05
1.228500e-03, 8.775000e-04, 1.650000e-05, 1.650000e-05, 1.650000e-05
1.345500e-03, 8.775000e-04, 1.345422e-05, 1.376482e-05, 1.350213e-05
1.462500e-03, 8.775000e-04, 1.523519e-05, 1.539735e-05, 1.524608e-05
1.579500e-03, 8.775000e-04, 1.650000e-05, 1.650000e-05, 1.650000e-05
1.696500e-03, 8.775000e-04, 1.650000e-05, 1.650000e-05, 1.650000e-05
1.813500e-03, 8.775000e-04, 1.650000e-05, 1.650000e-05, 1.650000e-05
1.930500e-03, 8.775000e-04, 1.650000e-05, 1.650000e-05, 1.650000e-05
2.047500e-03, 8.775000e-04, 1.650000e-05, 1.650000e-05, 1.650000e-05
2.164500e-03, 8.775000e-04, 1.650000e-05, 1.650000e-05, 1.650000e-05
2.281500e-03, 8.775000e-04, 1.650000e-05, 1.650000e-05, 1.650000e-05
2.398500e-03, 8.775000e-04, 1.650000e-05, 1.650000e-05, 1.650000e-05
2.515500e-03, 8.775000e-04, 1.503958e-05, 1.530690e-05, 1.508766e-05
2.632500e-03, 8.775000e-04, 1.389914e-05, 1.421500e-05, 1.394660e-05
2.749500e-03, 8.775000e-04, 1.650000e-05, 1.650000e-05, 1.650000e-05
2.866500e-03, 8.775000e-04, 1.649986e-05, 1.649986e-05, 1.649986e-05
2.983500e-03, 8.775000e-04, 8.576207e-06, 9.074505e-06, 8.508893e-06
3.100500e-03, 8.775000e-04, 1.650000e-05, 1.650000e-05, 1.650000e-05
3.217500e-03, 8.775000e-04, 1.650000e-05, 1.650000e-05, 1.650000e-05
3.334500e-03, 8.775000e-04, 1.490166e-05, 1.490166e-05, 1.482856e-05
3.451500e-03, 8.775000e-04, 1.331134e-05, 1.331134e-05, 1.311748e-05
3.568500e-03, 8.775000e-04, 5.303501e-06, 5.303501e-06, 5.190067e-06
3.685500e-03, 8.775000e-04, 5.500000e-07, 5.500000e-07, 5.500000e-07
3.802500e-03, 8.775000e-04, 8.845395e-06, 9.163916e-06, 8.895933e-06
3.919500e-03, 8.775000e-04, 1.498763e-05, 1.499003e-05, 1.480666e-05
4.036500e-03, 8.775000e-04, 1.544537e-05, 1.530906e-05, 1.530653e-05
4.153500e-03, 8.775000e-04, 1.602957e-05, 1.607866e-05, 1.604574e-05
4.270500e-03, 8.775000e-04, 1.501277e-05, 1.516250e-05, 1.489217e-05
4.387500e-03, 8.775000e-04, 1.610471e-05, 1.599512e-05, 1.603410e-05
4.504500e-03, 8.775000e-04, 1.649899e-05, 1.649899e-05, 1.649905e-05
4.621500e-03, 8.775000e-04, 1.250826e-05, 1.307286e-05, 1.253852e-05
4.738500e-03, 8.775000e-04, 1.415734e-05, 1.369343e-05, 1.375799e-05
4.855500e-03, 8.775000e-04, 1.568944e-05, 1.569272e-05, 1.565643e-05
4.972500e-03, 8.775000e-04, 1.650000e-05, 1.650000e-05, 1.650000e-05
5.089500e-03, 8.775000e-04, 1.642404e-05, 1.642644e-05, 1.642807e-05
5.206500e-03, 8.775000e-04, 1.615185e-05, 1.607772e-05, 1.610280e-05
5.323500e-03, 8.775000e-04, 1.556861e-05, 1.559620e-05, 1.554396e-05
5.440500e-03, 8.775000e-04, 1.384987e-05, 1.410449e-05, 1.383349e-05
5.557500e-03, 8.775000e-04, 1.480446e-05, 1.463496e-05, 1.461321e-05
5.674500e-03, 8.775000e-04, 1.283869e-05, 1.276179e-05, 1.259377e-05
5.791500e-03, 8.775000e-04, 8.734066e-07, 8.800803e-07, 8.775739e-07
-5.791500e-03, 9.945000e-04, 1.752683e-06, 1.984612e-06, 1.797307e-06
-5.674500e-03, 9.945000e-04, 1.424077e-05, 1.392426e-05, 1.397271e-05
-5.557500e-03, 9.945000e-04, 1.516986e-05, 1.495777e-05, 1.499109e-05
-5.440500e-03, 9.945000e-04, 1.650000e-05, 1.650000e-05, 1.650000e-05
-5.323500e-03, 9.945000e-04, 1.650000e-05, 1.650000e-05, 1.650000e-05
-5.206500e-03, 9.945000e-04, 1.576873e-05, 1.568736e-05, 1.569068e-05
-5.089500e-03, 9.945000e-04, 1.650000e-05, 1.650000e-05, 1.650000e-05
-4.972500e-03, 9.945000e-04, 1.650000e-05, 1.650000e-05, 1.650000e-05
-4.855500e-03, 9.945000e-04, 1.611087e-05, 1.610888e-05, 1.610533e-05
-4.738500e-03, 9.945000e-04, 1.625895e-05, 1.625895e-05, 1.625808e-05
-4.621500e-03, 9.945000e-04, 1.620437e-05, 1.619515e-05, 1.619890e-05
-4.504500e-03, 9.945000e-04, 1.423427e-05, 1.375957e-05, 1.378297e-05
-4.387500e-03, 9.945000e-04, 1.333951e-05, 1.288178e-05, 1.294070e-05
-4.270500e-03, 9.945000e-04, 1.561222e-05, 1.555995e-05, 1.556447e-05
-4.153500e-03, 9.945000e-04, 1.650000e-05, 1.650000e-05, 1.650000e-05
-4.036500e-03, 9.945000e-04, 1.550180e-05, 1.542078e-05, 1.543419e-05
-3.919500e-03, 9.945000e-04, 1.643120e-05, 1.642873e-05, 1.643243e-05
-3.802500e-03, 9.945000e-04, 1.650000e-05, 1.650000e-05, 1.650000e-05
-3.685500e-03, 9.945000e-04, 1.608341e-05, 1.612093e-05, 1.608585e-05
-3.568500e-03, 9.945000e-04, 4.732533e-06, 4.732677e-06, 4.587832e-06
-3.451500e-03, 9.945000e-04, 1.589875e-05, 1.594592e-05, 1.589703e-05
-3.334500e-03, 9.945000e-04, 4.446428e-06, 4.733882e-06, 4.496158e-06
-3.217500e-03, 9.945000e-04, 6.604835e-06, 6.606272e-06, 6.489279e-06
-3.100500e-03, 9.945000e-04, 1.306124e-05, 1.289554e-05, 1.280598e-05
-2.983500e-03, 9.945000e-04, 1.422716e-05, 1.410604e-05, 1.397097e-05
-2.866500e-03, 9.945000e-04, 1.650000e-05, 1.650000e-05, 1.650000e-05
-2.749500e-03, 9.945000e-04, 1.650000e-05, 1.650000e-05, 1.650000e-05
-2.632500e-03, 9.945000e-04, 8.414554e-06, 9.155846e-06, 8.521245e-06
-2.515500e-03, 9.945000e-04, 1.650000e-05, 1.650000e-05, 1.650000e-05
-2.398500e-03, 9.945000e-04, 1.650000e-05, 1.650000e-05, 1.650000e-05
-2.281500e-03, 9.945000e-04, 1.476649e-05, 1.506034e-05, 1.481978e-05
-2.164500e-03, 9.945000e-04, 1.254072e-05, 1.287324e-05, 1.259505e-05
-2.047500e-03, 9.945000e-04, 1.650000e-05, 1.650000e-05, 1.650000e-05
-1.930500e-03, 9.945000e-04, 1.650000e-05, 1.650000e-05, 1.650000e-05
-1.813500e-03, 9.945000e-04, 7.956051e-06, 8.269857e-06, 8.006042e-06
-1.696500e-03, 9.945000e-04, 1.484941e-05, 1.512956e-05, 1.489672e-05
-1.579500e-03, 9.945000e-04, 1.650000e-05, 1.650000e-05, 1.650000e-05
-1.462500e-03, 9.945000e-04, 1.044896e-05, 1.042409e-05, 1.027711e-05
-1.345500e-03, 9.945000e-04, 9.399007e-06, 9.354760e-06, 9.190589e-06
-1.228500e-03, 9.945000e-04, 1.650000e-05, 1.650000e-05, 1.650000e-05
-1.111500e-03, 9.945000e-04, 1.650000e-05, 1.650000e-05, 1.650000e-05
-9.945000e-04, 9.945000e-04, 1.623531e-05, 1.623531e-05, 1.623377e-05
-8.775000e-04, 9.945000e-04, 9.776007e-06, 9.762729e-06, 9.438357e-06
-7.605000e-04, 9.945000e-04, 1.035885e-05, 1.003920e-05, 1.008823e-05
-6.435000e-04, 9.945000e-04, 1.035885e-05, 1.003920e-05, 1.008823e-05
-5.265000e-04, 9.945000e-04, 1.035885e-05, 1.003920e-05, 1.008823e-05
-4.095000e-04, 9.945000e-04, 1.035885e-05, 1.003920e-05, 1.008823e-05
-2.925000e-04, 9.945000e-04, 1.035885e-05, 1.003920e-05, 1.008823e-05
-1.755000e-04, 9.945000e-04, 1.035885e-05, 1.003920e-05, 1.008823e-05
-5.850000e-05, 9.945000e-04, 1.035885e-05, 1.003920e-05, 1.008823e-05
5.850000e-05, 9.945000e-04, 1.035885e-05, 1.003920e-05, 1.008823e-05
1.755000e-04, 9.945000e-04, 1.035885e-05, 1.003920e-05, 1.008823e-05
2.925000e-04, 9.945000e-04, 1.035885e-05, 1.003920e-05, 1.008823e-05
4.095000e-04, 9.945000e-04, 1.036310e-05, 1.004388e-05, 1.009298e-05
5.265000e-04, 9.945000e-04, 1.540327e-05, 1.540327e-05, 1.536938e-05
6.435000e-04, 9.945000e-04, 1.650000e-05, 1.650000e-05, 1.650000e-05
7.605000e-04, 9.945000e-04, 1.650000e-05, 1.650000e-05, 1.650000e-05
8.775000e-04, 9.945000e-04, 1.622102e-05, 1.625057e-05, 1.622580e-05
9.945000e-04, 9.945000e-04, 4.101118e-06, 4.101118e-06, 4.008579e-06
1.111500e-03, 9.945000e-04, 1.570392e-05, 1.576624e-05, 1.569666e-05
1.228500e-03, 9.945000e-04, 1.650000e-05, 1.650000e-05, 1.650000e-05
1.345500e-03, 9.945000e-04, 1.646947e-05, 1.646947e-05, 1.647163e-05
1.462500e-03, 9.945000e-04, 1.196891e-05, 1.196891e-05, 1.165809e-05
1.579500e-03, 9.945000e-04, 1.383788e-05, 1.353267e-05, 1.356249e-05
1.696500e-03, 9.945000e-04, 1.393827e-05, 1.361650e-05, 1.366550e-05
1.813500e-03, 9.945000e-04, 1.393827e-05, 1.361650e-05, 1.366550e-05
1.930500e-03, 9.945000e-04, 1.393827e-05, 1.361650e-05, 1.366550e-05
2.047500e-03, 9.945000e-04, 1.421497e-05, 1.391477e-05, 1.396269e-05
2.164500e-03, 9.945000e-04, 1.650000e-05, 1.650000e-05, 1.650000e-05
2.281500e-03, 9.945000e-04, 1.650000e-05, 1.650000e-05, 1.650000e-05
2.398500e-03, 9.945000e-04, 1.650000e-05, 1.650000e-05, 1.650000e-05
2.515500e-03, 9.945000e-04, 1.503958e-05, 1.530690e-05, 1.508766e-05
2.632500e-03, 9.945000e-04, 1.389914e-05, 1.421500e-05, 1.394660e-05
2.749500e-03, 9.945000e-04, 1.649986e-05, 1.649986e-05, 1.649986e-05
2.866500e-03, 9.945000e-04, 1.117532e-05, 1.117532e-05, 1.093483e-05
2.983500e-03, 9.945000e-04, 1.489574e-05, 1.489574e-05, 1.484039e-05
3.100500e-03, 9.945000e-04, 1.650000e-05, 1.650000e-05, 1.650000e-05
3.217500e-03, 9.945000e-04, 1.490166e-05, 1.490166e-05, 1.482856e-05
3.334500e-03, 9.945000e-04, 1.331134e-05, 1.331134e-05, 1.311748e-05
3.451500e-03, 9.945000e-04, 5.303501e-06, 5.303501e-06, 5.190067e-06
3.568500e-03, 9.945000e-04, 5.500000e-07, 5.500000e-07, 5.500000e-07
3.685500e-03, 9.945000e-04, 5.500000e-07, 5.500000e-07, 5.500000e-07
3.802500e-03, 9.945000e-04, 8.845395e-06, 9.163916e-06, 8.895933e-06
3.919500e-03, 9.945000e-04, 1.650000e-05, 1.650000e-05, 1.650000e-05
4.036500e-03, 9.945000e-04, 1.615603e-05, 1.605412e-05, 1.607772e-05
4.153500e-03, 9.945000e-04, 1.650000e-05, 1.650000e-05, 1.650000e-05
4.270500e-03, 9.945000e-04, 1.650000e-05, 1.650000e-05, 1.650000e-05
4.387500e-03, 9.945000e-04, 1.292332e-05, 1.284473e-05, 1.263760e-05
4.504500e-03, 9.945000e-04, 1.061758e-05, 1.008972e-05, 1.013924e-05
4.621500e-03, 9.945000e-04, 1.371157e-05, 1.383826e-05, 1.361284e-05
4.738500e-03, 9.945000e-04, 1.646097e-05, 1.645087e-05, 1.645696e-05
4.855500e-03, 9.945000e-04, 1.650000e-05, 1.650000e-05, 1.650000e-05
4.972500e-03, 9.945000e-04, 1.650000e-05, 1.650000e-05, 1.650000e-05
5.089500e-03, 9.945000e-04, 1.649610e-05, 1.649611e-05, 1.649663e-05
5.206500e-03, 9.945000e-04, 1.586605e-05, 1.580226e-05, 1.581089e-05
5.323500e-03, 9.945000e-04, 1.650000e-05, 1.650000e-05, 1.650000e-05
5.440500e-03, 9.945000e-04, 1.650000e-05, 1.650000e-05, 1.650000e-05
5.557500e-03, 9.945000e-04, 1.513897e-05, 1.492596e-05, 1.495927e-05
5.674500e-03, 9.945000e-04, 1.570779e-05, 1.562905e-05, 1.564278e-05
5.791500e-03, 9.945000e-04, 2.896437e-06, 3.176127e-06, 2.943901e-06
-5.791500e-03, 1.111500e-03, 2.035823e-06, 2.307096e-06, 2.088061e-06
-5.674500e-03, 1.111500e-03, 1.650000e-05, 1.650000e-05, 1.650000e-05
-5.557500e-03, 1.111500e-03, 1.390646e-05, 1.385019e-05, 1.379216e-05
-5.440500e-03, 1.111500e-03, 1.649572e-05, 1.649572e-05, 1.649631e-05
-5.323500e-03, 1.111500e-03, 1.649332e-05, 1.649312e-05, 1.649387e-05
-5.206500e-03, 1.111500e-03, 1.585426e-05, 1.574480e-05, 1.576825e-05
-5.089500e-03, 1.111500e-03, 1.649333e-05, 1.649312e-05, 1.649388e-05
-4.972500e-03, 1.111500e-03, 1.650000e-05, 1.650000e-05, 1.650000e-05
-4.855500e-03, 1.111500e-03, 1.650000e-05, 1.650000e-05, 1.650000e-05
-4.738500e-03, 1.111500e-03, 1.650000e-05, 1.650000e-05, 1.650000e-05
-4.621500e-03, 1.111500e-03, 1.368027e-05, 1.416192e-05, 1.371417e-05
-4.504500e-03, 1.111500e-03, 1.643621e-05, 1.643621e-05, 1.643871e-05
-4.387500e-03, 1.111500e-03, 1.548018e-05, 1.528916e-05, 1.532713e-05
-4.270500e-03, 1.111500e-03, 1.506833e-05, 1.516283e-05, 1.496903e-05
-4.153500e-03, 1.111500e-03, 1.649332e-05, 1.649313e-05, 1.649388e-05
-4.036500e-03, 1.111500e-03, 1.586575e-05, 1.579703e-05, 1.581642e-05
-3.919500e-03, 1.111500e-03, 1.643729e-05, 1.643638e-05, 1.644068e-05
-3.802500e-03, 1.111500e-03, 1.650000e-05, 1.650000e-05, 1.650000e-05
-3.685500e-03, 1.111500e-03, 1.650000e-05, 1.650000e-05, 1.650000e-05
-3.568500e-03, 1.111500e-03, 1.648334e-05, 1.648126e-05, 1.648376e-05
-3.451500e-03, 1.111500e-03, 1.650000e-05, 1.650000e-05, 1.650000e-05
-3.334500e-03, 1.111500e-03, 4.446428e-06, 4.733882e-06, 4.496158e-06
-3.217500e-03, 1.111500e-03, 5.500000e-07, 5.500000e-07, 5.500000e-07
-3.100500e-03, 1.111500e-03, 1.135650e-05, 1.145850e-05, 1.122015e-05
-2.983500e-03, 1.111500e-03, 1.331993e-05, 1.365982e-05, 1.324827e-05
-2.866500e-03, 1.111500e-03, 1.650000e-05, 1.650000e-05, 1.650000e-05
-2.749500e-03, 1.111500e-03, 1.650000e-05, 1.650000e-05, 1.650000e-05
-2.632500e-03, 1.111500e-03, 8.414554e-06, 9.155846e-06, 8.521245e-06
-2.515500e-03, 1.111500e-03, 1.650000e-05, 1.650000e-05, 1.650000e-05
-2.398500e-03, 1.111500e-03, 1.650000e-05, 1.650000e-05, 1.650000e-05
-2.281500e-03, 1.111500e-03, 1.476649e-05, 1.506034e-05, 1.481978e-05
-2.164500e-03, 1.111500e-03, 1.254072e-05, 1.287324e-05, 1.259505e-05
-2.047500e-03, 1.111500e-03, 1.650000e-05, 1.650000e-05, 1.650000e-05
-1.930500e-03, 1.111500e-03, 1.650000e-05, 1.650000e-05, 1.650000e-05
-1.813500e-03, 1.111500e-03, 7.956051e-06, 8.269857e-06, 8.006042e-06
-1.696500e-03, 1.111500e-03, 1.484941e-05, 1.512956e-05, 1.489672e-05
-1.579500e-03, 1.111500e-03, 1.650000e-05, 1.650000e-05, 1.650000e-05
-1.462500e-03, 1.111500e-03, 1.621096e-05, 1.621096e-05, 1.620871e-05
-1.345500e-03, 1.111500e-03, 1.599163e-05, 1.598851e-05, 1.598204e-05
-1.228500e-03, 1.111500e-03, 1.650000e-05, 1.650000e-05, 1.650000e-05
-1.111500e-03, 1.111500e-03, 1.650000e-05, 1.650000e-05, 1.650000e-05
-9.945000e-04, 1.111500e-03, 1.650000e-05, 1.650000e-05, 1.650000e-05
-8.775000e-04, 1.111500e-03, 1.635571e-05, 1.634434e-05, 1.635196e-05
-7.605000e-04, 1.111500e-03, 1.571720e-05, 1.549921e-05, 1.554636e-05
-6.435000e-04, 1.111500e-03, 1.571720e-05, 1.549921e-05, 1.554636e-05
-5.265000e-04, 1.111500e-03, 1.571720e-05, 1.549921e-05, 1.554636e-05
-4.095000e-04, 1.111500e-03, 1.571720e-05, 1.549921e-05, 1.554636e-05
-2.925000e-04, 1.111500e-03, 1.571720e-05, 1.549921e-05, 1.554636e-05
-1.755000e-04, 1.111500e-03, 1.571720e-05, 1.549921e-05, 1.554636e-05
-5.850000e-05, 1.111500e-03, 1.571720e-05, 1.549921e-05, 1.554636e-05
5.850000e-05, 1.111500e-03, 1.571720e-05, 1.549921e-05, 1.554636e-05
1.755000e-04, 1.111500e-03, 1.571720e-05, 1.549921e-05, 1.554636e-05
2.925000e-04, 1.111500e-03, 1.571720e-05, 1.549921e-05, 1.554636e-05
4.095000e-04, 1.111500e-03, 1.563525e-05, 1.542608e-05, 1.546353e-05
5.265000e-04, 1.111500e-03, 9.374415e-06, 9.579993e-06, 9.133918e-06
6.435000e-04, 1.111500e-03, 1.650000e-05, 1.650000e-05, 1.650000e-05
7.605000e-04, 1.111500e-03, 1.650000e-05, 1.650000e-05, 1.650000e-05
8.775000e-04, 1.111500e-03, 1.650000e-05, 1.650000e-05, 1.650000e-05
9.945000e-04, 1.111500e-03, 1.576624e-05, 1.570392e-05, 1.569666e-05
1.111500e-03, 1.111500e-03, 1.650000e-05, 1.650000e-05, 1.650000e-05
1.228500e-03, 1.111500e-03, 1.650000e-05, 1.650000e-05, 1.650000e-05
1.345500e-03, 1.111500e-03, 1.650000e-05, 1.650000e-05, 1.650000e-05
1.462500e-03, 1.111500e-03, 1.646947e-05, 1.646947e-05, 1.647163e-05
1.579500e-03, 1.111500e-03, 1.551977e-05, 1.526570e-05, 1.531884e-05
1.696500e-03, 1.111500e-03, 1.551812e-05, 1.526389e-05, 1.531701e-05
1.813500e-03, 1.111500e-03, 1.551812e-05, 1.526389e-05, 1.531701e-05
1.930500e-03, 1.111500e-03, 1.551812e-05, 1.526389e-05, 1.531701e-05
2.047500e-03, 1.111500e-03, 1.480487e-05, 1.460985e-05, 1.460033e-05
2.164500e-03, 1.111500e-03, 1.241649e-05, 1.245746e-05, 1.218310e-05
2.281500e-03, 1.111500e-03, 1.650000e-05, 1.650000e-05, 1.650000e-05
2.398500e-03, 1.111500e-03, 1.650000e-05, 1.650000e-05, 1.650000e-05
2.515500e-03, 1.111500e-03, 1.503958e-05, 1.530690e-05, 1.508766e-05
2.632500e-03, 1.111500e-03, 1.389914e-05, 1.421500e-05, 1.394660e-05
2.749500e-03, 1.111500e-03, 1.405162e-05, 1.436079e-05, 1.410505e-05
2.866500e-03, 1.111500e-03, 1.411848e-05, 1.429306e-05, 1.407815e-05
2.983500e-03, 1.111500e-03, 1.650000e-05, 1.650000e-05, 1.650000e-05
3.100500e-03, 1.111500e-03, 1.490166e-05, 1.490166e-05, 1.482856e-05
3.217500e-03, 1.111500e-03, 1.331134e-05, 1.331134e-05, 1.311748e-05
3.334500e-03, 1.111500e-03, 5.303501e-06, 5.303501e-06, 5.190067e-06
3.451500e-03, 1.111500e-03, 2.423376e-06, 2.497118e-06, 2.416675e-06
3.568500e-03, 1.111500e-03, 1.362924e-05, 1.338209e-05, 1.336382e-05
3.685500e-03, 1.111500e-03, 8.965044e-06, 8.956227e-06, 8.815452e-06
3.802500e-03, 1.111500e-03, 8.845395e-06, 9.163916e-06, 8.895933e-06
3.919500e-03, 1.111500e-03, 1.650000e-05, 1.650000e-05, 1.650000e-05
4.036500e-03, 1.111500e-03, 1.650000e-05, 1.650000e-05, 1.650000e-05
4.153500e-03, 1.111500e-03, 1.650000e-05, 1.650000e-05, 1.650000e-05
4.270500e-03, 1.111500e-03, 1.529224e-05, 1.534227e-05, 1.526150e-05
4.387500e-03, 1.111500e-03, 1.555005e-05, 1.538481e-05, 1.540584e-05
4.504500e-03, 1.111500e-03, 1.604315e-05, 1.604315e-05, 1.603517e-05
4.621500e-03, 1.111500e-03, 1.290655e-05, 1.337967e-05, 1.297468e-05
4.738500e-03, 1.111500e-03, 1.506351e-05, 1.493537e-05, 1.494152e-05
4.855500e-03, 1.111500e-03, 1.543450e-05, 1.534618e-05, 1.535010e-05
4.972500e-03, 1.111500e-03, 1.587389e-05, 1.601924e-05, 1.591749e-05
5.089500e-03, 1.111500e-03, 1.554963e-05, 1.557918e-05, 1.555023e-05
5.206500e-03, 1.111500e-03, 1.552382e-05, 1.538283e-05, 1.543484e-05
5.323500e-03, 1.111500e-03, 1.510139e-05, 1.517848e-05, 1.494594e-05
5.440500e-03, 1.111500e-03, 1.650000e-05, 1.650000e-05, 1.650000e-05
5.557500e-03, 1.111500e-03, 1.650000e-05, 1.650000e-05, 1.650000e-05
5.674500e-03, 1.111500e-03, 1.230248e-05, 1.230248e-05, 1.216892e-05
5.791500e-03, 1.111500e-03, 9.900055e-07, 1.001216e-06, 9.935611e-07
-5.791500e-03, 1.228500e-03, 2.035823e-06, 2.307096e-06, 2.088061e-06
-5.674500e-03, 1.228500e-03, 1.640701e-05, 1.641706e-05, 1.641255e-05
-5.557500e-03, 1.228500e-03, 6.158797e-06, 6.178476e-06, 5.949365e-06
-5.440500e-03, 1.228500e-03, 1.524757e-05, 1.528837e-05, 1.523015e-05
-5.323500e-03, 1.228500e-03, 1.565704e-05, 1.576244e-05, 1.560783e-05
-5.206500e-03, 1.228500e-03, 1.650000e-05, 1.650000e-05, 1.650000e-05
-5.089500e-03, 1.228500e-03, 1.564760e-05, 1.575928e-05, 1.560716e-05
-4.972500e-03, 1.228500e-03, 1.650000e-05, 1.650000e-05, 1.650000e-05
-4.855500e-03, 1.228500e-03, 1.639119e-05, 1.639119e-05, 1.639331e-05
-4.738500e-03, 1.228500e-03, 1.610908e-05, 1.610464e-05, 1.610376e-05
-4.621500e-03, 1.228500e-03, 1.597798e-05, 1.600751e-05, 1.598158e-05
-4.504500e-03, 1.228500e-03, 1.465633e-05, 1.482831e-05, 1.464632e-05
-4.387500e-03, 1.228500e-03, 1.650000e-05, 1.650000e-05, 1.650000e-05
-4.270500e-03, 1.228500e-03, 1.560483e-05, 1.574225e-05, 1.565299e-05
-4.153500e-03, 1.228500e-03, 1.565792e-05, 1.576230e-05, 1.560785e-05
-4.036500e-03, 1.228500e-03, 1.650000e-05, 1.650000e-05, 1.650000e-05
-3.919500e-03, 1.228500e-03, 1.605014e-05, 1.612981e-05, 1.607511e-05
-3.802500e-03, 1.228500e-03, 1.601728e-05, 1.604940e-05, 1.601899e-05
-3.685500e-03, 1.228500e-03, 1.650000e-05, 1.650000e-05, 1.650000e-05
-3.568500e-03, 1.228500e-03, 1.650000e-05, 1.650000e-05, 1.650000e-05
-3.451500e-03, 1.228500e-03, 1.650000e-05, 1.650000e-05, 1.650000e-05
-3.334500e-03, 1.228500e-03, 4.446428e-06, 4.733882e-06, 4.496158e-06
-3.217500e-03, 1.228500e-03, 5.500000e-07, 5.500000e-07, 5.500000e-07
-3.100500e-03, 1.228500e-03, 1.045474e-05, 1.039938e-05, 1.027079e-05
-2.983500e-03, 1.228500e-03, 1.596059e-05, 1.586544e-05, 1.588769e-05
-2.866500e-03, 1.228500e-03, 1.650000e-05, 1.650000e-05, 1.650000e-05
-2.749500e-03, 1.228500e-03, 1.650000e-05, 1.650000e-05, 1.650000e-05
-2.632500e-03, 1.228500e-03, 8.414554e-06, 9.155846e-06, 8.521245e-06
-2.515500e-03, 1.228500e-03, 1.650000e-05, 1.650000e-05, 1.650000e-05
-2.398500e-03, 1.228500e-03, 1.650000e-05, 1.650000e-05, 1.650000e-05
-2.281500e-03, 1.228500e-03, 1.476649e-05, 1.506034e-05, 1.481978e-05
-2.164500e-03, 1.228500e-03, 1.254072e-05, 1.287324e-05, 1.259505e-05
-2.047500e-03, 1.228500e-03, 1.650000e-05, 1.650000e-05, 1.650000e-05
-1.930500e-03, 1.228500e-03, 1.650000e-05, 1.650000e-05, 1.650000e-05
-1.813500e-03, 1.228500e-03, 7.956051e-06, 8.269857e-06, 8.006042e-06
-1.696500e-03, 1.228500e-03, 1.484941e-05, 1.512956e-05, 1.489672e-05
-1.579500e-03, 1.228500e-03, 1.650000e-05, 1.650000e-05, 1.650000e-05
-1.462500e-03, 1.228500e-03, 1.650000e-05, 1.650000e-05, 1.650000e-05
-1.345500e-03, 1.228500e-03, 1.650000e-05, 1.650000e-05, 1.650000e-05
-1.228500e-03, 1.228500e-03, 1.650000e-05, 1.650000e-05, 1.650000e-05
-1.111500e-03, 1.228500e-03, 1.650000e-05, 1.650000e-05, 1.650000e-05
-9.945000e-04, 1.228500e-03, 1.650000e-05, 1.650000e-05, 1.650000e-05
-8.775000e-04, 1.228500e-03, 1.650000e-05, 1.650000e-05, 1.650000e-05
-7.605000e-04, 1.228500e-03, 1.650000e-05, 1.650000e-05, 1.650000e-05
-6.435000e-04, 1.228500e-03, 1.650000e-05, 1.650000e-05, 1.650000e-05
-5.265000e-04, 1.228500e-03, 1.650000e-05, 1.650000e-05, 1.650000e-05
-4.095000e-04, 1.228500e-03, 1.650000e-05, 1.650000e-05, 1.650000e-05
-2.925000e-04, 1.228500e-03, 1.650000e-05, 1.650000e-05, 1.650000e-05
-1.755000e-04, 1.228500e-03, 1.650000e-05, 1.650000e-05, 1.650000e-05
-5.850000e-05, 1.228500e-03, 1.650000e-05, 1.650000e-05, 1.650000e-05
5.850000e-05, 1.228500e-03, 1.650000e-05, 1.650000e-05, 1.650000e-05
1.755000e-04, 1.228500e-03, 1.650000e-05, 1.650000e-05, 1.650000e-05
2.925000e-04, 1.228500e-03, 1.650000e-05, 1.650000e-05, 1.650000e-05
4.095000e-04, 1.228500e-03, 1.650000e-05, 1.650000e-05, 1.650000e-05
5.265000e-04, 1.228500e-03, 1.069857e-05, 1.131971e-05, 1.080123e-05
6.435000e-04, 1.228500e-03, 1.650000e-05, 1.650000e-05, 1.650000e-05
7.605000e-04, 1.228500e-03, 1.650000e-05, 1.650000e-05, 1.650000e-05
8.775000e-04, 1.228500e-03, 1.650000e-05, 1.650000e-05, 1.650000e-05
9.945000e-04, 1.228500e-03, 1.650000e-05, 1.650000e-05, 1.650000e-05
1.111500e-03, 1.228500e-03, 1.650000e-05, 1.650000e-05, 1.650000e-05
1.228500e-03, 1.228500e-03, 1.650000e-05, 1.650000e-05, 1.650000e-05
1.345500e-03, 1.228500e-03, 1.650000e-05, 1.650000e-05, 1.650000e-05
1.462500e-03, 1.228500e-03, 1.650000e-05, 1.650000e-05, 1.650000e-05
1.579500e-03, 1.228500e-03, 1.650000e-05, 1.650000e-05, 1.650000e-05
1.696500e-03, 1.228500e-03, 1.650000e-05, 1.650000e-05, 1.650000e-05
1.813500e-03, 1.228500e-03, 1.650000e-05, 1.650000e-05, 1.650000e-05
1.930500e-03, 1.228500e-03, 1.650000e-05, 1.650000e-05, 1.650000e-05
2.047500e-03, 1.228500e-03, 1.650000e-05, 1.650000e-05, 1.650000e-05
2.164500e-03, 1.228500e-03, 1.248096e-05, 1.319071e-05, 1.258258e-05
2.281500e-03, 1.228500e-03, 1.650000e-05, 1.650000e-05, 1.650000e-05
2.398500e-03, 1.228500e-03, 1.650000e-05, 1.650000e-05, 1.650000e-05
2.515500e-03, 1.228500e-03, 1.503958e-05, 1.530690e-05, 1.508766e-05
2.632500e-03, 1.228500e-03, 1.389914e-05, 1.421500e-05, 1.394660e-05
2.749500e-03, 1.228500e-03, 1.383246e-05, 1.415868e-05, 1.388623e-05
2.866500e-03, 1.228500e-03, 1.513973e-05, 1.539938e-05, 1.518827e-05
2.983500e-03, 1.228500e-03, 1.490166e-05, 1.490166e-05, 1.482856e-05
3.100500e-03, 1.228500e-03, 1.331134e-05, 1.331134e-05, 1.311748e-05
3.217500e-03, 1.228500e-03, 5.303501e-06, 5.303501e-06, 5.190067e-06
3.334500e-03, 1.228500e-03, 5.500000e-07, 5.500000e-07, 5.500000e-07
3.451500e-03, 1.228500e-03, 6.579763e-06, 6.873657e-06, 6.623854e-06
3.568500e-03, 1.228500e-03, 1.650000e-05, 1.650000e-05, 1.650000e-05
3.685500e-03, 1.228500e-03, 1.388684e-05, 1.413266e-05, 1.388028e-05
3.802500e-03, 1.228500e-03, 8.845395e-06, 9.163916e-06, 8.895933e-06
3.919500e-03, 1.228500e-03, 1.650000e-05, 1.650000e-05, 1.650000e-05
4.036500e-03, 1.228500e-03, 1.650000e-05, 1.650000e-05, 1.650000e-05
4.153500e-03, 1.228500e-03, 1.650000e-05, 1.650000e-05, 1.650000e-05
4.270500e-03, 1.228500e-03, 1.567144e-05, 1.579216e-05, 1.572545e-05
4.387500e-03, 1.228500e-03, 1.650000e-05, 1.650000e-05, 1.650000e-05
4.504500e-03, 1.228500e-03, 1.484407e-05, 1.505466e-05, 1.488234e-05
4.621500e-03, 1.228500e-03, 1.286424e-05, 1.304537e-05, 1.262470e-05
4.738500e-03, 1.228500e-03, 1.650000e-05, 1.650000e-05, 1.650000e-05
4.855500e-03, 1.228500e-03, 1.634959e-05, 1.634959e-05, 1.635100e-05
4.972500e-03, 1.228500e-03, 1.516651e-05, 1.537178e-05, 1.519422e-05
5.089500e-03, 1.228500e-03, 1.511931e-05, 1.533684e-05, 1.514000e-05
5.206500e-03, 1.228500e-03, 1.650000e-05, 1.650000e-05, 1.650000e-05
5.323500e-03, 1.228500e-03, 1.492753e-05, 1.519698e-05, 1.498083e-05
5.440500e-03, 1.228500e-03, 1.650000e-05, 1.650000e-05, 1.650000e-05
5.557500e-03, 1.228500e-03, 1.230248e-05, 1.230248e-05, 1.216892e-05
5.674500e-03, 1.228500e-03, 1.102035e-06, 1.102035e-06, 1.094660e-06
5.791500e-03, 1.228500e-03, 5.500000e-07, 5.500000e-07, 5.500000e-07
-5.791500e-03, 1.345500e-03, 2.035823e-06, 2.307096e-06, 2.088061e-06
-5.674500e-03, 1.345500e-03, 1.650000e-05, 1.650000e-05, 1.650000e-05
-5.557500e-03, 1.345500e-03, 1.650000e-05, 1.650000e-05, 1.650000e-05
-5.440500e-03, 1.345500e-03, 1.650000e-05, 1.650000e-05, 1.650000e-05
-5.323500e-03, 1.345500e-03, 1.650000e-05, 1.650000e-05, 1.650000e-05
-5.206500e-03, 1.345500e-03, 1.579730e-05, 1.568136e-05, 1.560624e-05
-5.089500e-03, 1.345500e-03, 1.650000e-05, 1.650000e-05, 1.650000e-05
-4.972500e-03, 1.345500e-03, 1.650000e-05, 1.650000e-05, 1.650000e-05
-4.855500e-03, 1.345500e-03, 1.084462e-05, 1.082852e-05, 1.068720e-05
-4.738500e-03, 1.345500e-03, 8.935386e-06, 8.884005e-06, 8.710436e-06
-4.621500e-03, 1.345500e-03, 1.650000e-05, 1.650000e-05, 1.650000e-05
-4.504500e-03, 1.345500e-03, 1.577973e-05, 1.579086e-05, 1.576012e-05
-4.387500e-03, 1.345500e-03, 1.554758e-05, 1.535730e-05, 1.542169e-05
-4.270500e-03, 1.345500e-03, 1.560920e-05, 1.553149e-05, 1.553172e-05
-4.153500e-03, 1.345500e-03, 1.650000e-05, 1.650000e-05, 1.650000e-05
-4.036500e-03, 1.345500e-03, 1.576200e-05, 1.567775e-05, 1.564897e-05
-3.919500e-03, 1.345500e-03, 1.644411e-05, 1.644458e-05, 1.644691e-05
-3.802500e-03, 1.345500e-03, 1.650000e-05, 1.650000e-05, 1.650000e-05
-3.685500e-03, 1.345500e-03, 1.650000e-05, 1.650000e-05, 1.650000e-05
-3.568500e-03, 1.345500e-03, 1.650000e-05, 1.650000e-05, 1.650000e-05
-3.451500e-03, 1.345500e-03, 1.650000e-05, 1.650000e-05, 1.650000e-05
-3.334500e-03, 1.345500e-03, 4.446428e-06, 4.733882e-06, 4.496158e-06
-3.217500e-03, 1.345500e-03, 5.500000e-07, 5.500000e-07, 5.500000e-07
-3.100500e-03, 1.345500e-03, 1.628785e-05, 1.634361e-05, 1.631875e-05
-2.983500e-03, 1.345500e-03, 1.343612e-05, 1.343989e-05, 1.333199e-05
-2.866500e-03, 1.345500e-03, 1.190253e-05, 1.189434e-05, 1.177225e-05
-2.749500e-03, 1.345500e-03, 1.650000e-05, 1.650000e-05, 1.650000e-05
-2.632500e-03, 1.345500e-03, 8.414554e-06, 9.155846e-06, 8.521245e-06
-2.515500e-03, 1.345500e-03, 1.650000e-05, 1.650000e-05, 1.650000e-05
-2.398500e-03, 1.345500e-03, 1.650000e-05, 1.650000e-05, 1.650000e-05
-2.281500e-03, 1.345500e-03, 1.476649e-05, 1.506034e-05, 1.481978e-05
-2.164500e-03, 1.345500e-03, 1.254072e-05, 1.287324e-05, 1.259505e-05
-2.047500e-03, 1.345500e-03, 1.650000e-05, 1.650000e-05, 1.650000e-05
-1.930500e-03, 1.345500e-03, 1.650000e-05, 1.650000e-05, 1.650000e-05
-1.813500e-03, 1.345500e-03, 7.956051e-06, 8.269857e-06, 8.006042e-06
-1.696500e-03, 1.345500e-03, 1.484941e-05, 1.512956e-05, 1.489672e-05
-1.579500e-03, 1.345500e-03, 1.650000e-05, 1.650000e-05, 1.650000e-05
-1.462500e-03, 1.345500e-03, 1.298360e-05, 1.298855e-05, 1.286916e-05
-1.345500e-03, 1.345500e-03, 1.223986e-05, 1.223986e-05, 1.211189e-05
-1.228500e-03, 1.345500e-03, 1.650000e-05, 1.650000e-05, 1.650000e-05
-1.111500e-03, 1.345500e-03, 1.598851e-05, 1.599163e-05, 1.598204e-05
-9.945000e-04, 1.345500e-03, 9.354760e-06, 9.399007e-06, 9.190589e-06
-8.775000e-04, 1.345500e-03, 1.629649e-05, 1.629833e-05, 1.629864e-05
-7.605000e-04, 1.345500e-03, 1.650000e-05, 1.650000e-05, 1.650000e-05
-6.435000e-04, 1.345500e-03, 1.129481e-05, 1.128414e-05, 1.116547e-05
-5.265000e-04, 1.345500e-03, 1.389850e-05, 1.390356e-05, 1.381068e-05
-4.095000e-04, 1.345500e-03, 1.650000e-05, 1.650000e-05, 1.650000e-05
-2.925000e-04, 1.345500e-03, 1.514526e-05, 1.514977e-05, 1.510559e-05
-1.755000e-04, 1.345500e-03, 1.000240e-05, 1.001692e-05, 9.865948e-06
-5.850000e-05, 1.345500e-03, 1.650000e-05, 1.650000e-05, 1.650000e-05
5.850000e-05, 1.345500e-03, 1.650000e-05, 1.650000e-05, 1.650000e-05
1.755000e-04, 1.345500e-03, 1.650000e-05, 1.650000e-05, 1.650000e-05
2.925000e-04, 1.345500e-03, 1.562410e-05, 1.554266e-05, 1.555674e-05
4.095000e-04, 1.345500e-03, 1.413710e-05, 1.385547e-05, 1.386816e-05
5.265000e-04, 1.345500e-03, 1.201803e-05, 1.203988e-05, 1.175663e-05
6.435000e-04, 1.345500e-03, 1.650000e-05, 1.650000e-05, 1.650000e-05
7.605000e-04, 1.345500e-03, 1.650000e-05, 1.650000e-05, 1.650000e-05
8.775000e-04, 1.345500e-03, 1.629649e-05, 1.629833e-05, 1.629864e-05
9.945000e-04, 1.345500e-03, 9.354760e-06, 9.399007e-06, 9.190589e-06
1.111500e-03, 1.345500e-03, 1.598851e-05, 1.599163e-05, 1.598204e-05
1.228500e-03, 1.345500e-03, 1.650000e-05, 1.650000e-05, 1.650000e-05
1.345500e-03, 1.345500e-03, 1.223986e-05, 1.223986e-05, 1.211189e-05
1.462500e-03, 1.345500e-03, 1.298360e-05, 1.298855e-05, 1.286916e-05
1.579500e-03, 1.345500e-03, 1.650000e-05, 1.650000e-05, 1.650000e-05
1.696500e-03, 1.345500e-03, 1.568174e-05, 1.568556e-05, 1.566390e-05
1.813500e-03, 1.345500e-03, 9.519500e-06, 9.555035e-06, 9.365597e-06
1.930500e-03, 1.345500e-03, 1.643798e-05, 1.643873e-05, 1.644130e-05
2.047500e-03, 1.345500e-03, 1.650000e-05, 1.650000e-05, 1.650000e-05
2.164500e-03, 1.345500e-03, 1.248096e-05, 1.319071e-05, 1.258258e-05
2.281500e-03, 1.345500e-03, 1.650000e-05, 1.650000e-05, 1.650000e-05
2.398500e-03, 1.345500e-03, 1.650000e-05, 1.650000e-05, 1.650000e-05
2.515500e-03, 1.345500e-03, 1.503958e-05, 1.530690e-05, 1.508766e-05
2.632500e-03, 1.345500e-03, 1.389914e-05, 1.421500e-05, 1.394660e-05
2.749500e-03, 1.345500e-03, 1.383246e-05, 1.415868e-05, 1.388623e-05
2.866500e-03, 1.345500e-03, 1.513973e-05, 1.539938e-05, 1.518827e-05
2.983500e-03, 1.345500e-03, 1.288399e-05, 1.348143e-05, 1.292981e-05
3.100500e-03, 1.345500e-03, 1.188772e-05, 1.215545e-05, 1.169525e-05
3.217500e-03, 1.345500e-03, 1.130593e-05, 1.114482e-05, 1.106304e-05
3.334500e-03, 1.345500e-03, 5.272713e-06, 4.985754e-06, 5.033275e-06
3.451500e-03, 1.345500e-03, 9.359241e-06, 9.367816e-06, 9.040836e-06
3.568500e-03, 1.345500e-03, 7.325071e-06, 7.018383e-06, 7.067832e-06
3.685500e-03, 1.345500e-03, 2.890144e-06, 2.805220e-06, 2.793952e-06
3.802500e-03, 1.345500e-03, 8.845395e-06, 9.163916e-06, 8.895933e-06
3.919500e-03, 1.345500e-03, 1.650000e-05, 1.650000e-05, 1.650000e-05
4.036500e-03, 1.345500e-03, 1.650000e-05, 1.650000e-05, 1.650000e-05
4.153500e-03, 1.345500e-03, 1.650000e-05, 1.650000e-05, 1.650000e-05
4.270500e-03, 1.345500e-03, 1.541577e-05, 1.541360e-05, 1.536531e-05
4.387500e-03, 1.345500e-03, 1.585888e-05, 1.570989e-05, 1.576891e-05
4.504500e-03, 1.345500e-03, 1.533639e-05, 1.532820e-05, 1.525675e-05
4.621500e-03, 1.345500e-03, 1.252055e-05, 1.276222e-05, 1.235265e-05
4.738500e-03, 1.345500e-03, 1.297387e-05, 1.285041e-05, 1.272216e-05
4.855500e-03, 1.345500e-03, 1.574749e-05, 1.564104e-05, 1.567247e-05
4.972500e-03, 1.345500e-03, 1.649843e-05, 1.649843e-05, 1.649861e-05
5.089500e-03, 1.345500e-03, 1.496746e-05, 1.511882e-05, 1.494839e-05
5.206500e-03, 1.345500e-03, 1.474228e-05, 1.492867e-05, 1.475313e-05
5.323500e-03, 1.345500e-03, 1.287730e-05, 1.347004e-05, 1.291672e-05
5.440500e-03, 1.345500e-03, 1.352127e-05, 1.367387e-05, 1.351288e-05
5.557500e-03, 1.345500e-03, 3.028539e-06, 2.844074e-06, 2.865752e-06
5.674500e-03, 1.345500e-03, 1.054743e-06, 1.043927e-06, 1.046122e-06
5.791500e-03, 1.345500e-03, 5.500000e-07, 5.500000e-07, 5.500000e-07
-5.791500e-03, 1.462500e-03, 8.442825e-07, 8.607059e-07, 8.539327e-07
-5.674500e-03, 1.462500e-03, 8.356774e-06, 7.823517e-06, 7.842126e-06
-5.557500e-03, 1.462500e-03, 1.336769e-05, 1.280218e-05, 1.284123e-05
-5.440500e-03, 1.462500e-03, 1.483032e-05, 1.495719e-05, 1.482441e-05
-5.323500e-03, 1.462500e-03, 1.650000e-05, 1.650000e-05, 1.650000e-05
-5.206500e-03, 1.462500e-03, 1.579750e-05, 1.568205e-05, 1.560639e-05
-5.089500e-03, 1.462500e-03, 1.650000e-05, 1.650000e-05, 1.650000e-05
-4.972500e-03, 1.462500e-03, 1.650000e-05, 1.650000e-05, 1.650000e-05
-4.855500e-03, 1.462500e-03, 1.638750e-05, 1.638750e-05, 1.638958e-05
-4.738500e-03, 1.462500e-03, 1.610148e-05, 1.609698e-05, 1.609590e-05
-4.621500e-03, 1.462500e-03, 1.650000e-05, 1.650000e-05, 1.650000e-05
-4.504500e-03, 1.462500e-03, 1.534185e-05, 1.550990e-05, 1.537287e-05
-4.387500e-03, 1.462500e-03, 1.483180e-05, 1.449908e-05, 1.455824e-05
-4.270500e-03, 1.462500e-03, 1.560886e-05, 1.572869e-05, 1.562921e-05
-4.153500e-03, 1.462500e-03, 1.362066e-05, 1.363484e-05, 1.353602e-05
-4.036500e-03, 1.462500e-03, 1.073768e-05, 1.073453e-05, 1.061471e-05
-3.919500e-03, 1.462500e-03, 1.650000e-05, 1.650000e-05, 1.650000e-05
-3.802500e-03, 1.462500e-03, 1.650000e-05, 1.650000e-05, 1.650000e-05
-3.685500e-03, 1.462500e-03, 1.650000e-05, 1.650000e-05, 1.650000e-05
-3.568500e-03, 1.462500e-03, 1.650000e-05, 1.650000e-05, 1.650000e-05
-3.451500e-03, 1.462500e-03, 1.650000e-05, 1.650000e-05, 1.650000e-05
-3.334500e-03, 1.462500e-03, 4.446428e-06, 4.733882e-06, 4.496158e-06
-3.217500e-03, 1.462500e-03, 5.500000e-07, 5.500000e-07, 5.500000e-07
-3.100500e-03, 1.462500e-03, 1.628785e-05, 1.634361e-05, 1.631875e-05
-2.983500e-03, 1.462500e-03, 1.395253e-05, 1.395253e-05, 1.386068e-05
-2.866500e-03, 1.462500e-03, 1.255787e-05, 1.254505e-05, 1.243257e-05
-2.749500e-03, 1.462500e-03, 1.650000e-05, 1.650000e-05, 1.650000e-05
-2.632500e-03, 1.462500e-03, 8.414554e-06, 9.155846e-06, 8.521245e-06
-2.515500e-03, 1.462500e-03, 1.650000e-05, 1.650000e-05, 1.650000e-05
-2.398500e-03, 1.462500e-03, 1.650000e-05, 1.650000e-05, 1.650000e-05
-2.281500e-03, 1.462500e-03, 1.438059e-05, 1.462643e-05, 1.438383e-05
-2.164500e-03, 1.462500e-03, 1.254072e-05, 1.287324e-05, 1.259505e-05
-2.047500e-03, 1.462500e-03, 1.650000e-05, 1.650000e-05, 1.650000e-05
-1.930500e-03, 1.462500e-03, 1.650000e-05, 1.650000e-05, 1.650000e-05
-1.813500e-03, 1.462500e-03, 7.956051e-06, 8.269857e-06, 8.006042e-06
-1.696500e-03, 1.462500e-03, 1.484941e-05, 1.512956e-05, 1.489672e-05
-1.579500e-03, 1.462500e-03, 1.650000e-05, 1.650000e-05, 1.650000e-05
-1.462500e-03, 1.462500e-03, 1.365284e-05, 1.365284e-05, 1.355109e-05
-1.345500e-03, 1.462500e-03, 1.298855e-05, 1.298360e-05, 1.286916e-05
-1.228500e-03, 1.462500e-03, 1.650000e-05, 1.650000e-05, 1.650000e-05
-1.111500e-03, 1.462500e-03, 1.621096e-05, 1.621096e-05, 1.620871e-05
-9.945000e-04, 1.462500e-03, 1.042409e-05, 1.044896e-05, 1.027711e-05
-8.775000e-04, 1.462500e-03, 1.642116e-05, 1.642116e-05, 1.642360e-05
-7.605000e-04, 1.462500e-03, 1.650000e-05, 1.650000e-05, 1.650000e-05
-6.435000e-04, 1.462500e-03, 1.215367e-05, 1.213471e-05, 1.202570e-05
-5.265000e-04, 1.462500e-03, 1.446287e-05, 1.446287e-05, 1.438992e-05
-4.095000e-04, 1.462500e-03, 1.650000e-05, 1.650000e-05, 1.650000e-05
-2.925000e-04, 1.462500e-03, 1.553641e-05, 1.553641e-05, 1.550811e-05
-1.755000e-04, 1.462500e-03, 1.104062e-05, 1.104174e-05, 1.090362e-05
-5.850000e-05, 1.462500e-03, 1.650000e-05, 1.650000e-05, 1.650000e-05
5.850000e-05, 1.462500e-03, 1.650000e-05, 1.650000e-05, 1.650000e-05
1.755000e-04, 1.462500e-03, 1.492972e-05, 1.492972e-05, 1.487379e-05
2.925000e-04, 1.462500e-03, 1.255301e-05, 1.252843e-05, 1.231369e-05
4.095000e-04, 1.462500e-03, 1.523734e-05, 1.495734e-05, 1.501051e-05
5.265000e-04, 1.462500e-03, 1.649091e-05, 1.649091e-05, 1.649202e-05
6.435000e-04, 1.462500e-03, 1.650000e-05, 1.650000e-05, 1.650000e-05
7.605000e-04, 1.462500e-03, 1.650000e-05, 1.650000e-05, 1.650000e-05
8.775000e-04, 1.462500e-03, 1.642116e-05, 1.642116e-05, 1.642360e-05
9.945000e-04, 1.462500e-03, 1.042409e-05, 1.044896e-05, 1.027711e-05
1.111500e-03, 1.462500e-03, 1.621096e-05, 1.621096e-05, 1.620871e-05
1.228500e-03, 1.462500e-03, 1.650000e-05, 1.650000e-05, 1.650000e-05
1.345500e-03, 1.462500e-03, 1.298855e-05, 1.298360e-05, 1.286916e-05
1.462500e-03, 1.462500e-03, 1.365284e-05, 1.365284e-05, 1.355109e-05
1.579500e-03, 1.462500e-03, 1.650000e-05, 1.650000e-05, 1.650000e-05
1.696500e-03, 1.462500e-03, 1.597518e-05, 1.597518e-05, 1.596469e-05
1.813500e-03, 1.462500e-03, 1.059328e-05, 1.061105e-05, 1.045282e-05
1.930500e-03, 1.462500e-03, 1.649116e-05, 1.649116e-05, 1.649225e-05
2.047500e-03, 1.462500e-03, 1.650000e-05, 1.650000e-05, 1.650000e-05
2.164500e-03, 1.462500e-03, 1.248096e-05, 1.319071e-05, 1.258258e-05
2.281500e-03, 1.462500e-03, 1.650000e-05, 1.650000e-05, 1.650000e-05
2.398500e-03, 1.462500e-03, 1.650000e-05, 1.650000e-05, 1.650000e-05
2.515500e-03, 1.462500e-03, 1.503958e-05, 1.530690e-05, 1.508766e-05
2.632500e-03, 1.462500e-03, 1.357942e-05, 1.384718e-05, 1.357542e-05
2.749500e-03, 1.462500e-03, 1.369230e-05, 1.399256e-05, 1.371717e-05
2.866500e-03, 1.462500e-03, 1.515360e-05, 1.541209e-05, 1.520248e-05
2.983500e-03, 1.462500e-03, 1.315967e-05, 1.382601e-05, 1.326205e-05
3.100500e-03, 1.462500e-03, 8.238195e-06, 8.670829e-06, 8.204590e-06
3.217500e-03, 1.462500e-03, 9.297581e-06, 9.139383e-06, 9.073103e-06
3.334500e-03, 1.462500e-03, 3.285846e-06, 2.999593e-06, 3.050816e-06
3.451500e-03, 1.462500e-03, 1.335931e-06, 1.306967e-06, 1.317237e-06
3.568500e-03, 1.462500e-03, 6.910465e-06, 6.676459e-06, 6.680153e-06
3.685500e-03, 1.462500e-03, 3.609718e-06, 3.522531e-06, 3.496335e-06
3.802500e-03, 1.462500e-03, 8.845395e-06, 9.163916e-06, 8.895933e-06
3.919500e-03, 1.462500e-03, 1.650000e-05, 1.650000e-05, 1.650000e-05
4.036500e-03, 1.462500e-03, 1.650000e-05, 1.650000e-05, 1.650000e-05
4.153500e-03, 1.462500e-03, 1.650000e-05, 1.650000e-05, 1.650000e-05
4.270500e-03, 1.462500e-03, 1.594523e-05, 1.587028e-05, 1.587774e-05
4.387500e-03, 1.462500e-03, 1.531060e-05, 1.506211e-05, 1.507593e-05
4.504500e-03, 1.462500e-03, 1.623031e-05, 1.622275e-05, 1.623066e-05
4.621500e-03, 1.462500e-03, 1.318283e-05, 1.329946e-05, 1.305159e-05
4.738500e-03, 1.462500e-03, 1.137258e-05, 1.099542e-05, 1.097957e-05
4.855500e-03, 1.462500e-03, 1.568398e-05, 1.559165e-05, 1.562002e-05
4.972500e-03, 1.462500e-03, 1.619300e-05, 1.619253e-05, 1.619302e-05
5.089500e-03, 1.462500e-03, 1.553274e-05, 1.555775e-05, 1.549543e-05
5.206500e-03, 1.462500e-03, 1.086210e-05, 1.037592e-05, 1.035755e-05
5.323500e-03, 1.462500e-03, 1.100847e-05, 1.106736e-05, 1.075580e-05
5.440500e-03, 1.462500e-03, 1.209001e-05, 1.263531e-05, 1.217974e-05
5.557500e-03, 1.462500e-03, 1.600290e-05, 1.600290e-05, 1.599342e-05
5.674500e-03, 1.462500e-03, 1.235449e-05, 1.237068e-05, 1.222869e-05
5.791500e-03, 1.462500e-03, 5.500000e-07, 5.500000e-07, 5.500000e-07
-5.791500e-03, 1.579500e-03, 5.683219e-07, 5.725545e-07, 5.717801e-07
-5.674500e-03, 1.579500e-03, 1.553933e-05, 1.565240e-05, 1.555997e-05
-5.557500e-03, 1.579500e-03, 1.650000e-05, 1.650000e-05, 1.650000e-05
-5.440500e-03, 1.579500e-03, 1.282765e-05, 1.346516e-05, 1.289725e-05
-5.323500e-03, 1.579500e-03, 1.567029e-05, 1.578293e-05, 1.560516e-05
-5.206500e-03, 1.579500e-03, 1.650000e-05, 1.650000e-05, 1.650000e-05
-5.089500e-03, 1.579500e-03, 1.565455e-05, 1.577496e-05, 1.560388e-05
-4.972500e-03, 1.579500e-03, 1.650000e-05, 1.650000e-05, 1.650000e-05
-4.855500e-03, 1.579500e-03, 1.650000e-05, 1.650000e-05, 1.650000e-05
-4.738500e-03, 1.579500e-03, 1.650000e-05, 1.650000e-05, 1.650000e-05
-4.621500e-03, 1.579500e-03, 1.538058e-05, 1.518784e-05, 1.520030e-05
-4.504500e-03, 1.579500e-03, 1.414836e-05, 1.413774e-05, 1.395127e-05
-4.387500e-03, 1.579500e-03, 1.436664e-05, 1.409095e-05, 1.411678e-05
-4.270500e-03, 1.579500e-03, 1.288501e-05, 1.344547e-05, 1.289497e-05
-4.153500e-03, 1.579500e-03, 1.481433e-05, 1.481433e-05, 1.475563e-05
-4.036500e-03, 1.579500e-03, 1.260368e-05, 1.258266e-05, 1.248234e-05
-3.919500e-03, 1.579500e-03, 1.650000e-05, 1.650000e-05, 1.650000e-05
-3.802500e-03, 1.579500e-03, 1.650000e-05, 1.650000e-05, 1.650000e-05
-3.685500e-03, 1.579500e-03, 1.184658e-05, 1.186377e-05, 1.173277e-05
-3.568500e-03, 1.579500e-03, 1.043510e-05, 1.043561e-05, 1.030777e-05
-3.451500e-03, 1.579500e-03, 1.650000e-05, 1.650000e-05, 1.650000e-05
-3.334500e-03, 1.579500e-03, 1.085440e-05, 1.088824e-05, 1.070642e-05
-3.217500e-03, 1.579500e-03, 5.500000e-07, 5.500000e-07, 5.500000e-07
-3.100500e-03, 1.579500e-03, 1.628785e-05, 1.634361e-05, 1.631875e-05
-2.983500e-03, 1.579500e-03, 1.650000e-05, 1.650000e-05, 1.650000e-05
-2.866500e-03, 1.579500e-03, 1.650000e-05, 1.650000e-05, 1.650000e-05
-2.749500e-03, 1.579500e-03, 1.650000e-05, 1.650000e-05, 1.650000e-05
-2.632500e-03, 1.579500e-03, 8.861758e-06, 9.601634e-06, 8.945265e-06
-2.515500e-03, 1.579500e-03, 1.650000e-05, 1.650000e-05, 1.650000e-05
-2.398500e-03, 1.579500e-03, 1.560116e-05, 1.560116e-05, 1.557561e-05
-2.281500e-03, 1.579500e-03, 4.126011e-06, 4.126011e-06, 4.028243e-06
-2.164500e-03, 1.579500e-03, 1.254072e-05, 1.287324e-05, 1.259505e-05
-2.047500e-03, 1.579500e-03, 1.650000e-05, 1.650000e-05, 1.650000e-05
-1.930500e-03, 1.579500e-03, 1.650000e-05, 1.650000e-05, 1.650000e-05
-1.813500e-03, 1.579500e-03, 7.956051e-06, 8.269857e-06, 8.006042e-06
-1.696500e-03, 1.579500e-03, 1.484941e-05, 1.512956e-05, 1.489672e-05
-1.579500e-03, 1.579500e-03, 1.650000e-05, 1.650000e-05, 1.650000e-05
-1.462500e-03, 1.579500e-03, 1.650000e-05, 1.650000e-05, 1.650000e-05
-1.345500e-03, 1.579500e-03, 1.650000e-05, 1.650000e-05, 1.650000e-05
-1.228500e-03, 1.579500e-03, 1.650000e-05, 1.650000e-05, 1.650000e-05
-1.111500e-03, 1.579500e-03, 1.650000e-05, 1.650000e-05, 1.650000e-05
-9.945000e-04, 1.579500e-03, 1.650000e-05, 1.650000e-05, 1.650000e-05
-8.775000e-04, 1.579500e-03, 1.650000e-05, 1.650000e-05, 1.650000e-05
-7.605000e-04, 1.579500e-03, 1.650000e-05, 1.650000e-05, 1.650000e-05
-6.435000e-04, 1.579500e-03, 1.650000e-05, 1.650000e-05, 1.650000e-05
-5.265000e-04, 1.579500e-03, 1.650000e-05, 1.650000e-05, 1.650000e-05
-4.095000e-04, 1.579500e-03, 1.650000e-05, 1.650000e-05, 1.650000e-05
-2.925000e-04, 1.579500e-03, 1.650000e-05, 1.650000e-05, 1.650000e-05
-1.755000e-04, 1.579500e-03, 1.650000e-05, 1.650000e-05, 1.650000e-05
-5.850000e-05, 1.579500e-03, 1.650000e-05, 1.650000e-05, 1.650000e-05
5.850000e-05, 1.579500e-03, 1.650000e-05, 1.650000e-05, 1.650000e-05
1.755000e-04, 1.579500e-03, 1.225529e-05, 1.291907e-05, 1.233127e-05
2.925000e-04, 1.579500e-03, 1.650000e-05, 1.650000e-05, 1.650000e-05
4.095000e-04, 1.579500e-03, 1.650000e-05, 1.650000e-05, 1.650000e-05
5.265000e-04, 1.579500e-03, 1.650000e-05, 1.650000e-05, 1.650000e-05
6.435000e-04, 1.579500e-03, 1.650000e-05, 1.650000e-05, 1.650000e-05
7.605000e-04, 1.579500e-03, 1.650000e-05, 1.650000e-05, 1.650000e-05
8.775000e-04, 1.579500e-03, 1.650000e-05, 1.650000e-05, 1.650000e-05
9.945000e-04, 1.579500e-03, 1.650000e-05, 1.650000e-05, 1.650000e-05
1.111500e-03, 1.579500e-03, 1.650000e-05, 1.650000e-05, 1.650000e-05
1.228500e-03, 1.579500e-03, 1.650000e-05, 1.650000e-05, 1.650000e-05
1.345500e-03, 1.579500e-03, 1.650000e-05, 1.650000e-05, 1.650000e-05
1.462500e-03, 1.579500e-03, 1.650000e-05, 1.650000e-05, 1.650000e-05
1.579500e-03, 1.579500e-03, 1.650000e-05, 1.650000e-05, 1.650000e-05
1.696500e-03, 1.579500e-03, 1.650000e-05, 1.650000e-05, 1.650000e-05
1.813500e-03, 1.579500e-03, 1.650000e-05, 1.650000e-05, 1.650000e-05
1.930500e-03, 1.579500e-03, 1.650000e-05, 1.650000e-05, 1.650000e-05
2.047500e-03, 1.579500e-03, 1.650000e-05, 1.650000e-05, 1.650000e-05
2.164500e-03, 1.579500e-03, 1.248096e-05, 1.319071e-05, 1.258258e-05
2.281500e-03, 1.579500e-03, 1.650000e-05, 1.650000e-05, 1.650000e-05
2.398500e-03, 1.579500e-03, 1.650000e-05, 1.650000e-05, 1.650000e-05
2.515500e-03, 1.579500e-03, 1.503958e-05, 1.530690e-05, 1.508766e-05
2.632500e-03, 1.579500e-03, 2.024078e-06, 1.897450e-06, 1.920116e-06
2.749500e-03, 1.579500e-03, 1.015484e-05, 9.923361e-06, 9.824681e-06
2.866500e-03, 1.579500e-03, 1.645587e-05, 1.645587e-05, 1.645954e-05
2.983500e-03, 1.579500e-03, 1.284130e-05, 1.335688e-05, 1.283595e-05
3.100500e-03, 1.579500e-03, 3.968434e-06, 4.250209e-06, 4.016526e-06
3.217500e-03, 1.579500e-03, 5.500000e-07, 5.500000e-07, 5.500000e-07
3.334500e-03, 1.579500e-03, 5.500000e-07, 5.500000e-07, 5.500000e-07
3.451500e-03, 1.579500e-03, 5.707029e-06, 5.966559e-06, 5.737723e-06
3.568500e-03, 1.579500e-03, 1.650000e-05, 1.650000e-05, 1.650000e-05
3.685500e-03, 1.579500e-03, 1.409428e-05, 1.435309e-05, 1.410509e-05
3.802500e-03, 1.579500e-03, 1.062940e-05, 1.082235e-05, 1.061691e-05
3.919500e-03, 1.579500e-03, 1.650000e-05, 1.650000e-05, 1.650000e-05
4.036500e-03, 1.579500e-03, 1.311257e-05, 1.309572e-05, 1.300021e-05
4.153500e-03, 1.579500e-03, 1.463053e-05, 1.463053e-05, 1.456423e-05
4.270500e-03, 1.579500e-03, 1.537372e-05, 1.556339e-05, 1.542187e-05
4.387500e-03, 1.579500e-03, 1.650000e-05, 1.650000e-05, 1.650000e-05
4.504500e-03, 1.579500e-03, 1.496257e-05, 1.525703e-05, 1.494940e-05
4.621500e-03, 1.579500e-03, 1.287612e-05, 1.335039e-05, 1.285225e-05
4.738500e-03, 1.579500e-03, 1.650000e-05, 1.650000e-05, 1.650000e-05
4.855500e-03, 1.579500e-03, 1.645958e-05, 1.645958e-05, 1.646194e-05
4.972500e-03, 1.579500e-03, 1.567208e-05, 1.582071e-05, 1.572940e-05
5.089500e-03, 1.579500e-03, 1.462831e-05, 1.501063e-05, 1.462228e-05
5.206500e-03, 1.579500e-03, 1.650000e-05, 1.650000e-05, 1.650000e-05
5.323500e-03, 1.579500e-03, 1.318969e-05, 1.372000e-05, 1.322025e-05
5.440500e-03, 1.579500e-03, 1.276619e-05, 1.339374e-05, 1.283098e-05
5.557500e-03, 1.579500e-03, 1.650000e-05, 1.650000e-05, 1.650000e-05
5.674500e-03, 1.579500e-03, 1.632996e-05, 1.637151e-05, 1.635513e-05
5.791500e-03, 1.579500e-03, 5.683219e-07, 5.725545e-07, 5.717801e-07
-5.791500e-03, 1.696500e-03, 5.500000e-07, 5.500000e-07, 5.500000e-07
-5.674500e-03, 1.696500e-03, 9.248148e-06, 9.183538e-06, 9.065811e-06
-5.557500e-03, 1.696500e-03, 1.202218e-05, 1.180879e-05, 1.176085e-05
-5.440500e-03, 1.696500e-03, 1.272177e-05, 1.302608e-05, 1.273198e-05
-5.323500e-03, 1.696500e-03, 1.650000e-05, 1.650000e-05, 1.650000e-05
-5.206500e-03, 1.696500e-03, 1.571147e-05, 1.560338e-05, 1.561488e-05
-5.089500e-03, 1.696500e-03, 1.650000e-05, 1.650000e-05, 1.650000e-05
-4.972500e-03, 1.696500e-03, 1.650000e-05, 1.650000e-05, 1.650000e-05
-4.855500e-03, 1.696500e-03, 1.577804e-05, 1.558505e-05, 1.562042e-05
-4.738500e-03, 1.696500e-03, 1.648523e-05, 1.648616e-05, 1.648717e-05
-4.621500e-03, 1.696500e-03, 1.458416e-05, 1.484373e-05, 1.461116e-05
-4.504500e-03, 1.696500e-03, 1.440503e-05, 1.475163e-05, 1.445983e-05
-4.387500e-03, 1.696500e-03, 1.611153e-05, 1.603512e-05, 1.605359e-05
-4.270500e-03, 1.696500e-03, 1.043469e-05, 1.065748e-05, 1.016567e-05
-4.153500e-03, 1.696500e-03, 1.466863e-05, 1.472671e-05, 1.460562e-05
-4.036500e-03, 1.696500e-03, 1.650000e-05, 1.650000e-05, 1.650000e-05
-3.919500e-03, 1.696500e-03, 1.650000e-05, 1.650000e-05, 1.650000e-05
-3.802500e-03, 1.696500e-03, 1.650000e-05, 1.650000e-05, 1.650000e-05
-3.685500e-03, 1.696500e-03, 1.509849e-05, 1.509849e-05, 1.505166e-05
-3.568500e-03, 1.696500e-03, 1.436898e-05, 1.436006e-05, 1.429407e-05
-3.451500e-03, 1.696500e-03, 1.650000e-05, 1.650000e-05, 1.650000e-05
-3.334500e-03, 1.696500e-03, 9.908779e-06, 9.928271e-06, 9.774597e-06
-3.217500e-03, 1.696500e-03, 5.500000e-07, 5.500000e-07, 5.500000e-07
-3.100500e-03, 1.696500e-03, 1.628785e-05, 1.634361e-05, 1.631875e-05
-2.983500e-03, 1.696500e-03, 1.650000e-05, 1.650000e-05, 1.650000e-05
-2.866500e-03, 1.696500e-03, 1.650000e-05, 1.650000e-05, 1.650000e-05
-2.749500e-03, 1.696500e-03, 1.650000e-05, 1.650000e-05, 1.650000e-05
-2.632500e-03, 1.696500e-03, 7.831937e-06, 8.445917e-06, 7.901711e-06
-2.515500e-03, 1.696500e-03, 1.385440e-05, 1.357093e-05, 1.357869e-05
-2.398500e-03, 1.696500e-03, 4.126011e-06, 4.126011e-06, 4.028243e-06
-2.281500e-03, 1.696500e-03, 5.500000e-07, 5.500000e-07, 5.500000e-07
-2.164500e-03, 1.696500e-03, 1.254072e-05, 1.287324e-05, 1.259505e-05
-2.047500e-03, 1.696500e-03, 1.650000e-05, 1.650000e-05, 1.650000e-05
-1.930500e-03, 1.696500e-03, 1.650000e-05, 1.650000e-05, 1.650000e-05
-1.813500e-03, 1.696500e-03, 7.956051e-06, 8.269857e-06, 8.006042e-06
-1.696500e-03, 1.696500e-03, 1.484941e-05, 1.512956e-05, 1.489672e-05
-1.579500e-03, 1.696500e-03, 1.650000e-05, 1.650000e-05, 1.650000e-05
-1.462500e-03, 1.696500e-03, 1.597518e-05, 1.597518e-05, 1.596469e-05
-1.345500e-03, 1.696500e-03, 1.568556e-05, 1.568174e-05, 1.566390e-05
-1.228500e-03, 1.696500e-03, 1.650000e-05, 1.650000e-05, 1.650000e-05
-1.111500e-03, 1.696500e-03, 1.650000e-05, 1.650000e-05, 1.650000e-05
-9.945000e-04, 1.696500e-03, 1.523379e-05, 1.515808e-05, 1.513506e-05
-8.775000e-04, 1.696500e-03, 1.650000e-05, 1.650000e-05, 1.650000e-05
-7.605000e-04, 1.696500e-03, 1.650000e-05, 1.650000e-05, 1.650000e-05
-6.435000e-04, 1.696500e-03, 1.538313e-05, 1.536825e-05, 1.534707e-05
-5.265000e-04, 1.696500e-03, 1.628135e-05, 1.628135e-05, 1.628111e-05
-4.095000e-04, 1.696500e-03, 1.650000e-05, 1.650000e-05, 1.650000e-05
-2.925000e-04, 1.696500e-03, 1.649943e-05, 1.649943e-05, 1.649946e-05
-1.755000e-04, 1.696500e-03, 1.519778e-05, 1.515058e-05, 1.513126e-05
-5.850000e-05, 1.696500e-03, 1.650000e-05, 1.650000e-05, 1.650000e-05
5.850000e-05, 1.696500e-03, 1.650000e-05, 1.650000e-05, 1.650000e-05
1.755000e-04, 1.696500e-03, 1.248024e-05, 1.318945e-05, 1.257986e-05
2.925000e-04, 1.696500e-03, 1.650000e-05, 1.650000e-05, 1.650000e-05
4.095000e-04, 1.696500e-03, 1.650000e-05, 1.650000e-05, 1.650000e-05
5.265000e-04, 1.696500e-03, 1.628135e-05, 1.628135e-05, 1.628111e-05
6.435000e-04, 1.696500e-03, 1.538313e-05, 1.536825e-05, 1.534707e-05
7.605000e-04, 1.696500e-03, 1.650000e-05, 1.650000e-05, 1.650000e-05
8.775000e-04, 1.696500e-03, 1.650000e-05, 1.650000e-05, 1.650000e-05
9.945000e-04, 1.696500e-03, 1.523379e-05, 1.515808e-05, 1.513506e-05
1.111500e-03, 1.696500e-03, 1.650000e-05, 1.650000e-05, 1.650000e-05
1.228500e-03, 1.696500e-03, 1.650000e-05, 1.650000e-05, 1.650000e-05
1.345500e-03, 1.696500e-03, 1.568556e-05, 1.568174e-05, 1.566390e-05
1.462500e-03, 1.696500e-03, 1.597518e-05, 1.597518e-05, 1.596469e-05
1.579500e-03, 1.696500e-03, 1.650000e-05, 1.650000e-05, 1.650000e-05
1.696500e-03, 1.696500e-03, 1.650000e-05, 1.650000e-05, 1.650000e-05
1.813500e-03, 1.696500e-03, 1.522389e-05, 1.515617e-05, 1.513435e-05
1.930500e-03, 1.696500e-03, 1.650000e-05, 1.650000e-05, 1.650000e-05
2.047500e-03, 1.696500e-03, 1.650000e-05, 1.650000e-05, 1.650000e-05
2.164500e-03, 1.696500e-03, 1.248096e-05, 1.319071e-05, 1.258258e-05
2.281500e-03, 1.696500e-03, 1.650000e-05, 1.650000e-05, 1.650000e-05
2.398500e-03, 1.696500e-03, 1.650000e-05, 1.650000e-05, 1.650000e-05
2.515500e-03, 1.696500e-03, 1.459755e-05, 1.481804e-05, 1.459620e-05
2.632500e-03, 1.696500e-03, 8.486733e-06, 8.494377e-06, 8.376408e-06
2.749500e-03, 1.696500e-03, 1.641485e-05, 1.641485e-05, 1.641728e-05
2.866500e-03, 1.696500e-03, 1.262476e-05, 1.261692e-05, 1.231960e-05
2.983500e-03, 1.696500e-03, 1.129939e-05, 1.129939e-05, 1.114669e-05
3.100500e-03, 1.696500e-03, 1.351592e-05, 1.361463e-05, 1.338645e-05
3.217500e-03, 1.696500e-03, 1.127615e-05, 1.107079e-05, 1.104232e-05
3.334500e-03, 1.696500e-03, 7.965213e-06, 7.425292e-06, 7.527554e-06
3.451500e-03, 1.696500e-03, 1.078362e-05, 1.053834e-05, 1.047605e-05
3.568500e-03, 1.696500e-03, 1.402171e-05, 1.370368e-05, 1.374694e-05
3.685500e-03, 1.696500e-03, 1.218694e-05, 1.205060e-05, 1.180454e-05
3.802500e-03, 1.696500e-03, 1.632974e-05, 1.634706e-05, 1.633867e-05
3.919500e-03, 1.696500e-03, 1.650000e-05, 1.650000e-05, 1.650000e-05
4.036500e-03, 1.696500e-03, 1.097951e-05, 1.097967e-05, 1.085858e-05
4.153500e-03, 1.696500e-03, 1.306281e-05, 1.307994e-05, 1.296697e-05
4.270500e-03, 1.696500e-03, 1.339063e-05, 1.390227e-05, 1.342856e-05
4.387500e-03, 1.696500e-03, 1.649643e-05, 1.649643e-05, 1.649689e-05
4.504500e-03, 1.696500e-03, 1.445277e-05, 1.465676e-05, 1.440565e-05
4.621500e-03, 1.696500e-03, 1.606456e-05, 1.606955e-05, 1.606069e-05
4.738500e-03, 1.696500e-03, 1.515638e-05, 1.503717e-05, 1.504806e-05
4.855500e-03, 1.696500e-03, 1.568496e-05, 1.560322e-05, 1.561836e-05
4.972500e-03, 1.696500e-03, 1.554154e-05, 1.566009e-05, 1.556507e-05
5.089500e-03, 1.696500e-03, 1.486821e-05, 1.491303e-05, 1.472182e-05
5.206500e-03, 1.696500e-03, 1.527027e-05, 1.497467e-05, 1.505764e-05
5.323500e-03, 1.696500e-03, 1.526393e-05, 1.535224e-05, 1.525416e-05
5.440500e-03, 1.696500e-03, 1.252118e-05, 1.312213e-05, 1.259677e-05
5.557500e-03, 1.696500e-03, 1.650000e-05, 1.650000e-05, 1.650000e-05
5.674500e-03, 1.696500e-03, 1.620898e-05, 1.626063e-05, 1.623706e-05
5.791500e-03, 1.696500e-03, 5.500000e-07, 5.500000e-07, 5.500000e-07
-5.791500e-03, 1.813500e-03, 5.500000e-07, 5.500000e-07, 5.500000e-07
-5.674500e-03, 1.813500e-03, 6.250254e-07, 6.250254e-07, 6.280522e-07
-5.557500e-03, 1.813500e-03, 3.454424e-06, 3.232109e-06, 3.270218e-06
-5.440500e-03, 1.813500e-03, 1.281287e-05, 1.313714e-05, 1.286110e-05
-5.323500e-03, 1.813500e-03, 1.650000e-05, 1.650000e-05, 1.650000e-05
-5.206500e-03, 1.813500e-03, 1.568323e-05, 1.559247e-05, 1.557975e-05
-5.089500e-03, 1.813500e-03, 1.650000e-05, 1.650000e-05, 1.650000e-05
-4.972500e-03, 1.813500e-03, 1.456411e-05, 1.486057e-05, 1.458428e-05
-4.855500e-03, 1.813500e-03, 1.499011e-05, 1.480457e-05, 1.479968e-05
-4.738500e-03, 1.813500e-03, 1.337036e-05, 1.370966e-05, 1.336732e-05
-4.621500e-03, 1.813500e-03, 1.481202e-05, 1.466449e-05, 1.461277e-05
-4.504500e-03, 1.813500e-03, 1.121153e-05, 1.153424e-05, 1.107131e-05
-4.387500e-03, 1.813500e-03, 1.401903e-05, 1.362030e-05, 1.365223e-05
-4.270500e-03, 1.813500e-03, 1.556700e-05, 1.558764e-05, 1.555143e-05
-4.153500e-03, 1.813500e-03, 1.035252e-05, 1.058176e-05, 1.005877e-05
-4.036500e-03, 1.813500e-03, 1.370875e-05, 1.311065e-05, 1.320330e-05
-3.919500e-03, 1.813500e-03, 1.568172e-05, 1.561496e-05, 1.561983e-05
-3.802500e-03, 1.813500e-03, 1.650000e-05, 1.650000e-05, 1.650000e-05
-3.685500e-03, 1.813500e-03, 1.650000e-05, 1.650000e-05, 1.650000e-05
-3.568500e-03, 1.813500e-03, 1.650000e-05, 1.650000e-05, 1.650000e-05
-3.451500e-03, 1.813500e-03, 1.650000e-05, 1.650000e-05, 1.650000e-05
-3.334500e-03, 1.813500e-03, 4.446428e-06, 4.733882e-06, 4.496158e-06
-3.217500e-03, 1.813500e-03, 5.500000e-07, 5.500000e-07, 5.500000e-07
-3.100500e-03, 1.813500e-03, 1.612659e-05, 1.617790e-05, 1.615159e-05
-2.983500e-03, 1.813500e-03, 1.650000e-05, 1.650000e-05, 1.650000e-05
-2.866500e-03, 1.813500e-03, 1.650000e-05, 1.650000e-05, 1.650000e-05
-2.749500e-03, 1.813500e-03, 1.650000e-05, 1.650000e-05, 1.650000e-05
-2.632500e-03, 1.813500e-03, 5.517460e-06, 5.817461e-06, 5.571302e-06
-2.515500e-03, 1.813500e-03, 5.500000e-07, 5.500000e-07, 5.500000e-07
-2.398500e-03, 1.813500e-03, 5.500000e-07, 5.500000e-07, 5.500000e-07
-2.281500e-03, 1.813500e-03, 4.109348e-06, 4.109348e-06, 4.011839e-06
-2.164500e-03, 1.813500e-03, 1.565109e-05, 1.566662e-05, 1.564048e-05
-2.047500e-03, 1.813500e-03, 1.650000e-05, 1.650000e-05, 1.650000e-05
-1.930500e-03, 1.813500e-03, 1.650000e-05, 1.650000e-05, 1.650000e-05
-1.813500e-03, 1.813500e-03, 7.956051e-06, 8.269857e-06, 8.006042e-06
-1.696500e-03, 1.813500e-03, 1.484941e-05, 1.512956e-05, 1.489672e-05
-1.579500e-03, 1.813500e-03, 1.650000e-05, 1.650000e-05, 1.650000e-05
-1.462500e-03, 1.813500e-03, 1.061105e-05, 1.059328e-05, 1.045282e-05
-1.345500e-03, 1.813500e-03, 9.555035e-06, 9.519500e-06, 9.365597e-06
-1.228500e-03, 1.813500e-03, 1.650000e-05, 1.650000e-05, 1.650000e-05
-1.111500e-03, 1.813500e-03, 1.570325e-05, 1.576109e-05, 1.569636e-05
-9.945000e-04, 1.813500e-03, 4.488936e-06, 4.488992e-06, 4.367426e-06
-8.775000e-04, 1.813500e-03, 1.622094e-05, 1.624958e-05, 1.622573e-05
-7.605000e-04, 1.813500e-03, 1.650000e-05, 1.650000e-05, 1.650000e-05
-6.435000e-04, 1.813500e-03, 8.122362e-06, 8.075027e-06, 7.902712e-06
-5.265000e-04, 1.813500e-03, 1.203479e-05, 1.204738e-05, 1.191437e-05
-4.095000e-04, 1.813500e-03, 1.650000e-05, 1.650000e-05, 1.650000e-05
-2.925000e-04, 1.813500e-03, 1.416452e-05, 1.422462e-05, 1.411627e-05
-1.755000e-04, 1.813500e-03, 5.917104e-06, 5.908410e-06, 5.696698e-06
-5.850000e-05, 1.813500e-03, 1.650000e-05, 1.650000e-05, 1.650000e-05
5.850000e-05, 1.813500e-03, 1.650000e-05, 1.650000e-05, 1.650000e-05
1.755000e-04, 1.813500e-03, 1.248024e-05, 1.318945e-05, 1.257986e-05
2.925000e-04, 1.813500e-03, 1.650000e-05, 1.650000e-05, 1.650000e-05
4.095000e-04, 1.813500e-03, 1.650000e-05, 1.650000e-05, 1.650000e-05
5.265000e-04, 1.813500e-03, 1.203479e-05, 1.204738e-05, 1.191437e-05
6.435000e-04, 1.813500e-03, 8.122362e-06, 8.075027e-06, 7.902712e-06
7.605000e-04, 1.813500e-03, 1.650000e-05, 1.650000e-05, 1.650000e-05
8.775000e-04, 1.813500e-03, 1.622094e-05, 1.624958e-05, 1.622573e-05
9.945000e-04, 1.813500e-03, 4.488936e-06, 4.488992e-06, 4.367426e-06
1.111500e-03, 1.813500e-03, 1.570325e-05, 1.576109e-05, 1.569636e-05
1.228500e-03, 1.813500e-03, 1.650000e-05, 1.650000e-05, 1.650000e-05
1.345500e-03, 1.813500e-03, 9.555035e-06, 9.519500e-06, 9.365597e-06
1.462500e-03, 1.813500e-03, 1.061105e-05, 1.059328e-05, 1.045282e-05
1.579500e-03, 1.813500e-03, 1.650000e-05, 1.650000e-05, 1.650000e-05
1.696500e-03, 1.813500e-03, 1.515617e-05, 1.522389e-05, 1.513435e-05
1.813500e-03, 1.813500e-03, 4.870329e-06, 4.870329e-06, 4.725637e-06
1.930500e-03, 1.813500e-03, 1.643013e-05, 1.643824e-05, 1.643521e-05
2.047500e-03, 1.813500e-03, 1.650000e-05, 1.650000e-05, 1.650000e-05
2.164500e-03, 1.813500e-03, 1.248096e-05, 1.319071e-05, 1.258258e-05
2.281500e-03, 1.813500e-03, 1.650000e-05, 1.650000e-05, 1.650000e-05
2.398500e-03, 1.813500e-03, 1.650000e-05, 1.650000e-05, 1.650000e-05
2.515500e-03, 1.813500e-03, 1.185639e-05, 1.223015e-05, 1.171958e-05
2.632500e-03, 1.813500e-03, 1.641186e-05, 1.641186e-05, 1.641473e-05
2.749500e-03, 1.813500e-03, 1.187434e-05, 1.187525e-05, 1.153413e-05
2.866500e-03, 1.813500e-03, 1.290653e-05, 1.309117e-05, 1.289840e-05
2.983500e-03, 1.813500e-03, 3.677109e-06, 3.505920e-06, 3.520172e-06
3.100500e-03, 1.813500e-03, 1.023385e-05, 9.663274e-06, 9.697884e-06
3.217500e-03, 1.813500e-03, 7.709632e-06, 7.270987e-06, 7.260396e-06
3.334500e-03, 1.813500e-03, 4.732794e-06, 4.445129e-06, 4.495006e-06
3.451500e-03, 1.813500e-03, 4.732794e-06, 4.445129e-06, 4.495006e-06
3.568500e-03, 1.813500e-03, 9.127979e-06, 9.079794e-06, 8.986918e-06
3.685500e-03, 1.813500e-03, 1.648653e-05, 1.648566e-05, 1.648755e-05
3.802500e-03, 1.813500e-03, 1.650000e-05, 1.650000e-05, 1.650000e-05
3.919500e-03, 1.813500e-03, 1.626397e-05, 1.625380e-05, 1.625803e-05
4.036500e-03, 1.813500e-03, 1.374239e-05, 1.320552e-05, 1.328403e-05
4.153500e-03, 1.813500e-03, 1.205491e-05, 1.178436e-05, 1.161280e-05
4.270500e-03, 1.813500e-03, 1.091649e-05, 1.027947e-05, 1.032498e-05
4.387500e-03, 1.813500e-03, 1.078783e-05, 1.020665e-05, 1.026293e-05
4.504500e-03, 1.813500e-03, 1.490034e-05, 1.504359e-05, 1.490807e-05
4.621500e-03, 1.813500e-03, 1.650000e-05, 1.650000e-05, 1.650000e-05
4.738500e-03, 1.813500e-03, 1.649231e-05, 1.649116e-05, 1.649254e-05
4.855500e-03, 1.813500e-03, 1.650000e-05, 1.650000e-05, 1.650000e-05
4.972500e-03, 1.813500e-03, 1.650000e-05, 1.650000e-05, 1.650000e-05
5.089500e-03, 1.813500e-03, 1.618891e-05, 1.615811e-05, 1.617042e-05
5.206500e-03, 1.813500e-03, 1.615219e-05, 1.607769e-05, 1.611160e-05
5.323500e-03, 1.813500e-03, 1.649904e-05, 1.649903e-05, 1.649906e-05
5.440500e-03, 1.813500e-03, 1.169717e-05, 1.210355e-05, 1.176940e-05
5.557500e-03, 1.813500e-03, 1.205494e-05, 1.179087e-05, 1.175851e-05
5.674500e-03, 1.813500e-03, 6.787246e-06, 6.768997e-06, 6.668273e-06
5.791500e-03, 1.813500e-03, 5.500000e-07, 5.500000e-07, 5.500000e-07
-5.791500e-03, 1.930500e-03, 5.500000e-07, 5.500000e-07, 5.500000e-07
-5.674500e-03, 1.930500e-03, 1.275371e-05, 1.279610e-05, 1.259743e-05
-5.557500e-03, 1.930500e-03, 1.648070e-05, 1.648070e-05, 1.648246e-05
-5.440500e-03, 1.930500e-03, 1.280738e-05, 1.342063e-05, 1.286816e-05
-5.323500e-03, 1.930500e-03, 1.629743e-05, 1.629995e-05, 1.629684e-05
-5.206500e-03, 1.930500e-03, 1.648747e-05, 1.648588e-05, 1.648775e-05
-5.089500e-03, 1.930500e-03, 1.629561e-05, 1.629978e-05, 1.629669e-05
-4.972500e-03, 1.930500e-03, 1.421042e-05, 1.456033e-05, 1.428485e-05
-4.855500e-03, 1.930500e-03, 1.620267e-05, 1.623193e-05, 1.620721e-05
-4.738500e-03, 1.930500e-03, 1.564174e-05, 1.561832e-05, 1.557632e-05
-4.621500e-03, 1.930500e-03, 1.618750e-05, 1.623273e-05, 1.620763e-05
-4.504500e-03, 1.930500e-03, 1.329768e-05, 1.388412e-05, 1.335159e-05
-4.387500e-03, 1.930500e-03, 1.626679e-05, 1.623153e-05, 1.624609e-05
-4.270500e-03, 1.930500e-03, 1.528177e-05, 1.537542e-05, 1.528341e-05
-4.153500e-03, 1.930500e-03, 1.312555e-05, 1.377715e-05, 1.322008e-05
-4.036500e-03, 1.930500e-03, 1.650000e-05, 1.650000e-05, 1.650000e-05
-3.919500e-03, 1.930500e-03, 1.362084e-05, 1.370275e-05, 1.343685e-05
-3.802500e-03, 1.930500e-03, 1.604669e-05, 1.608819e-05, 1.605706e-05
-3.685500e-03, 1.930500e-03, 1.609734e-05, 1.609734e-05, 1.609130e-05
-3.568500e-03, 1.930500e-03, 1.450427e-05, 1.448091e-05, 1.443146e-05
-3.451500e-03, 1.930500e-03, 1.650000e-05, 1.650000e-05, 1.650000e-05
-3.334500e-03, 1.930500e-03, 4.446428e-06, 4.733882e-06, 4.496158e-06
-3.217500e-03, 1.930500e-03, 5.500000e-07, 5.500000e-07, 5.500000e-07
-3.100500e-03, 1.930500e-03, 6.365313e-06, 6.365313e-06, 6.248066e-06
-2.983500e-03, 1.930500e-03, 1.630416e-05, 1.630416e-05, 1.630452e-05
-2.866500e-03, 1.930500e-03, 1.650000e-05, 1.650000e-05, 1.650000e-05
-2.749500e-03, 1.930500e-03, 1.650000e-05, 1.650000e-05, 1.650000e-05
-2.632500e-03, 1.930500e-03, 5.517460e-06, 5.817461e-06, 5.571302e-06
-2.515500e-03, 1.930500e-03, 5.500000e-07, 5.500000e-07, 5.500000e-07
-2.398500e-03, 1.930500e-03, 4.109348e-06, 4.109348e-06, 4.011839e-06
-2.281500e-03, 1.930500e-03, 1.559309e-05, 1.559309e-05, 1.556718e-05
-2.164500e-03, 1.930500e-03, 1.650000e-05, 1.650000e-05, 1.650000e-05
-2.047500e-03, 1.930500e-03, 1.650000e-05, 1.650000e-05, 1.650000e-05
-1.930500e-03, 1.930500e-03, 1.650000e-05, 1.650000e-05, 1.650000e-05
-1.813500e-03, 1.930500e-03, 7.956051e-06, 8.269857e-06, 8.006042e-06
-1.696500e-03, 1.930500e-03, 1.484941e-05, 1.512956e-05, 1.489672e-05
-1.579500e-03, 1.930500e-03, 1.650000e-05, 1.650000e-05, 1.650000e-05
-1.462500e-03, 1.930500e-03, 1.649116e-05, 1.649116e-05, 1.649225e-05
-1.345500e-03, 1.930500e-03, 1.643873e-05, 1.643798e-05, 1.644130e-05
-1.228500e-03, 1.930500e-03, 1.650000e-05, 1.650000e-05, 1.650000e-05
-1.111500e-03, 1.930500e-03, 1.650000e-05, 1.650000e-05, 1.650000e-05
-9.945000e-04, 1.930500e-03, 1.643831e-05, 1.643012e-05, 1.643519e-05
-8.775000e-04, 1.930500e-03, 1.650000e-05, 1.650000e-05, 1.650000e-05
-7.605000e-04, 1.930500e-03, 1.650000e-05, 1.650000e-05, 1.650000e-05
-6.435000e-04, 1.930500e-03, 1.643558e-05, 1.642984e-05, 1.643496e-05
-5.265000e-04, 1.930500e-03, 1.650000e-05, 1.650000e-05, 1.650000e-05
-4.095000e-04, 1.930500e-03, 1.650000e-05, 1.650000e-05, 1.650000e-05
-2.925000e-04, 1.930500e-03, 1.650000e-05, 1.650000e-05, 1.650000e-05
-1.755000e-04, 1.930500e-03, 1.643792e-05, 1.643006e-05, 1.643512e-05
-5.850000e-05, 1.930500e-03, 1.650000e-05, 1.650000e-05, 1.650000e-05
5.850000e-05, 1.930500e-03, 1.650000e-05, 1.650000e-05, 1.650000e-05
1.755000e-04, 1.930500e-03, 1.248024e-05, 1.318945e-05, 1.257986e-05
2.925000e-04, 1.930500e-03, 1.650000e-05, 1.650000e-05, 1.650000e-05
4.095000e-04, 1.930500e-03, 1.650000e-05, 1.650000e-05, 1.650000e-05
5.265000e-04, 1.930500e-03, 1.650000e-05, 1.650000e-05, 1.650000e-05
6.435000e-04, 1.930500e-03, 1.643558e-05, 1.642984e-05, 1.643496e-05
7.605000e-04, 1.930500e-03, 1.650000e-05, 1.650000e-05, 1.650000e-05
8.775000e-04, 1.930500e-03, 1.650000e-05, 1.650000e-05, 1.650000e-05
9.945000e-04, 1.930500e-03, 1.643831e-05, 1.643012e-05, 1.643519e-05
1.111500e-03, 1.930500e-03, 1.650000e-05, 1.650000e-05, 1.650000e-05
1.228500e-03, 1.930500e-03, 1.650000e-05, 1.650000e-05, 1.650000e-05
1.345500e-03, 1.930500e-03, 1.643873e-05, 1.643798e-05, 1.644130e-05
1.462500e-03, 1.930500e-03, 1.649116e-05, 1.649116e-05, 1.649225e-05
1.579500e-03, 1.930500e-03, 1.650000e-05, 1.650000e-05, 1.650000e-05
1.696500e-03, 1.930500e-03, 1.650000e-05, 1.650000e-05, 1.650000e-05
1.813500e-03, 1.930500e-03, 1.643824e-05, 1.643013e-05, 1.643521e-05
1.930500e-03, 1.930500e-03, 1.650000e-05, 1.650000e-05, 1.650000e-05
2.047500e-03, 1.930500e-03, 1.650000e-05, 1.650000e-05, 1.650000e-05
2.164500e-03, 1.930500e-03, 1.248096e-05, 1.319071e-05, 1.258258e-05
2.281500e-03, 1.930500e-03, 1.650000e-05, 1.650000e-05, 1.650000e-05
2.398500e-03, 1.930500e-03, 1.650000e-05, 1.650000e-05, 1.650000e-05
2.515500e-03, 1.930500e-03, 1.248146e-05, 1.319291e-05, 1.258427e-05
2.632500e-03, 1.930500e-03, 1.346962e-05, 1.378565e-05, 1.351730e-05
2.749500e-03, 1.930500e-03, 1.529259e-05, 1.548541e-05, 1.531880e-05
2.866500e-03, 1.930500e-03, 1.156251e-05, 1.196251e-05, 1.164644e-05
2.983500e-03, 1.930500e-03, 1.613303e-05, 1.613303e-05, 1.612821e-05
3.100500e-03, 1.930500e-03, 1.650000e-05, 1.650000e-05, 1.650000e-05
3.217500e-03, 1.930500e-03, 1.650000e-05, 1.650000e-05, 1.650000e-05
3.334500e-03, 1.930500e-03, 1.650000e-05, 1.650000e-05, 1.650000e-05
3.451500e-03, 1.930500e-03, 1.650000e-05, 1.650000e-05, 1.650000e-05
3.568500e-03, 1.930500e-03, 1.650000e-05, 1.650000e-05, 1.650000e-05
3.685500e-03, 1.930500e-03, 1.650000e-05, 1.650000e-05, 1.650000e-05
3.802500e-03, 1.930500e-03, 1.625222e-05, 1.630858e-05, 1.626990e-05
3.919500e-03, 1.930500e-03, 1.503092e-05, 1.508985e-05, 1.500476e-05
4.036500e-03, 1.930500e-03, 1.650000e-05, 1.650000e-05, 1.650000e-05
4.153500e-03, 1.930500e-03, 1.281179e-05, 1.330888e-05, 1.279002e-05
4.270500e-03, 1.930500e-03, 1.367476e-05, 1.401959e-05, 1.367689e-05
4.387500e-03, 1.930500e-03, 1.492141e-05, 1.474529e-05, 1.472986e-05
4.504500e-03, 1.930500e-03, 1.474617e-05, 1.500602e-05, 1.475457e-05
4.621500e-03, 1.930500e-03, 1.650000e-05, 1.650000e-05, 1.650000e-05
4.738500e-03, 1.930500e-03, 1.018157e-05, 1.018181e-05, 1.005841e-05
4.855500e-03, 1.930500e-03, 1.360892e-05, 1.362825e-05, 1.353041e-05
4.972500e-03, 1.930500e-03, 1.650000e-05, 1.650000e-05, 1.650000e-05
5.089500e-03, 1.930500e-03, 1.530372e-05, 1.538158e-05, 1.530712e-05
5.206500e-03, 1.930500e-03, 1.621174e-05, 1.617068e-05, 1.619093e-05
5.323500e-03, 1.930500e-03, 1.506182e-05, 1.516286e-05, 1.504555e-05
5.440500e-03, 1.930500e-03, 1.209878e-05, 1.253648e-05, 1.214098e-05
5.557500e-03, 1.930500e-03, 1.528925e-05, 1.522877e-05, 1.520203e-05
5.674500e-03, 1.930500e-03, 1.275359e-05, 1.279593e-05, 1.259727e-05
5.791500e-03, 1.930500e-03, 5.500000e-07, 5.500000e-07, 5.500000e-07
-5.791500e-03, 2.047500e-03, 5.682641e-07, 5.718604e-07, 5.716779e-07
-5.674500e-03, 2.047500e-03, 1.447251e-05, 1.458964e-05, 1.442837e-05
-5.557500e-03, 2.047500e-03, 1.622133e-05, 1.622133e-05, 1.621938e-05
-5.440500e-03, 2.047500e-03, 1.295866e-05, 1.345402e-05, 1.297168e-05
-5.323500e-03, 2.047500e-03, 1.579892e-05, 1.584509e-05, 1.579285e-05
-5.206500e-03, 2.047500e-03, 1.650000e-05, 1.650000e-05, 1.650000e-05
-5.089500e-03, 2.047500e-03, 1.579585e-05, 1.584484e-05, 1.579258e-05
-4.972500e-03, 2.047500e-03, 1.564709e-05, 1.580269e-05, 1.569911e-05
-4.855500e-03, 2.047500e-03, 1.583336e-05, 1.583173e-05, 1.581760e-05
-4.738500e-03, 2.047500e-03, 1.638245e-05, 1.638514e-05, 1.638886e-05
-4.621500e-03, 2.047500e-03, 1.518690e-05, 1.534850e-05, 1.517348e-05
-4.504500e-03, 2.047500e-03, 1.563750e-05, 1.572045e-05, 1.566272e-05
-4.387500e-03, 2.047500e-03, 1.650000e-05, 1.650000e-05, 1.650000e-05
-4.270500e-03, 2.047500e-03, 1.555021e-05, 1.566597e-05, 1.558468e-05
-4.153500e-03, 2.047500e-03, 1.269109e-05, 1.321162e-05, 1.268537e-05
-4.036500e-03, 2.047500e-03, 1.634959e-05, 1.634959e-05, 1.635100e-05
-3.919500e-03, 2.047500e-03, 1.422541e-05, 1.444406e-05, 1.419783e-05
-3.802500e-03, 2.047500e-03, 1.563868e-05, 1.573549e-05, 1.565594e-05
-3.685500e-03, 2.047500e-03, 1.288207e-05, 1.290658e-05, 1.278179e-05
-3.568500e-03, 2.047500e-03, 8.279767e-06, 8.256287e-06, 8.081693e-06
-3.451500e-03, 2.047500e-03, 1.650000e-05, 1.650000e-05, 1.650000e-05
-3.334500e-03, 2.047500e-03, 4.364283e-06, 4.639156e-06, 4.407492e-06
-3.217500e-03, 2.047500e-03, 5.500000e-07, 5.500000e-07, 5.500000e-07
-3.100500e-03, 2.047500e-03, 5.500000e-07, 5.500000e-07, 5.500000e-07
-2.983500e-03, 2.047500e-03, 6.365313e-06, 6.365313e-06, 6.248066e-06
-2.866500e-03, 2.047500e-03, 1.630416e-05, 1.630416e-05, 1.630452e-05
-2.749500e-03, 2.047500e-03, 1.635043e-05, 1.635043e-05, 1.635185e-05
-2.632500e-03, 2.047500e-03, 4.094599e-06, 4.270937e-06, 4.103551e-06
-2.515500e-03, 2.047500e-03, 4.109348e-06, 4.109348e-06, 4.011839e-06
-2.398500e-03, 2.047500e-03, 1.559309e-05, 1.559309e-05, 1.556718e-05
-2.281500e-03, 2.047500e-03, 1.650000e-05, 1.650000e-05, 1.650000e-05
-2.164500e-03, 2.047500e-03, 1.650000e-05, 1.650000e-05, 1.650000e-05
-2.047500e-03, 2.047500e-03, 1.650000e-05, 1.650000e-05, 1.650000e-05
-1.930500e-03, 2.047500e-03, 1.650000e-05, 1.650000e-05, 1.650000e-05
-1.813500e-03, 2.047500e-03, 7.956051e-06, 8.269857e-06, 8.006042e-06
-1.696500e-03, 2.047500e-03, 1.484941e-05, 1.512956e-05, 1.489672e-05
-1.579500e-03, 2.047500e-03, 1.650000e-05, 1.650000e-05, 1.650000e-05
-1.462500e-03, 2.047500e-03, 1.605575e-05, 1.605575e-05, 1.604824e-05
-1.345500e-03, 2.047500e-03, 1.577217e-05, 1.576828e-05, 1.575409e-05
-1.228500e-03, 2.047500e-03, 1.650000e-05, 1.650000e-05, 1.650000e-05
-1.111500e-03, 2.047500e-03, 1.650000e-05, 1.650000e-05, 1.650000e-05
-9.945000e-04, 2.047500e-03, 1.650000e-05, 1.650000e-05, 1.650000e-05
-8.775000e-04, 2.047500e-03, 1.650000e-05, 1.650000e-05, 1.650000e-05
-7.605000e-04, 2.047500e-03, 1.650000e-05, 1.650000e-05, 1.650000e-05
-6.435000e-04, 2.047500e-03, 1.650000e-05, 1.650000e-05, 1.650000e-05
-5.265000e-04, 2.047500e-03, 1.650000e-05, 1.650000e-05, 1.650000e-05
-4.095000e-04, 2.047500e-03, 1.650000e-05, 1.650000e-05, 1.650000e-05
-2.925000e-04, 2.047500e-03, 1.650000e-05, 1.650000e-05, 1.650000e-05
-1.755000e-04, 2.047500e-03, 1.650000e-05, 1.650000e-05, 1.650000e-05
-5.850000e-05, 2.047500e-03, 1.650000e-05, 1.650000e-05, 1.650000e-05
5.850000e-05, 2.047500e-03, 1.650000e-05, 1.650000e-05, 1.650000e-05
1.755000e-04, 2.047500e-03, 1.236912e-05, 1.305894e-05, 1.246201e-05
2.925000e-04, 2.047500e-03, 1.650000e-05, 1.650000e-05, 1.650000e-05
4.095000e-04, 2.047500e-03, 1.650000e-05, 1.650000e-05, 1.650000e-05
5.265000e-04, 2.047500e-03, 1.650000e-05, 1.650000e-05, 1.650000e-05
6.435000e-04, 2.047500e-03, 1.650000e-05, 1.650000e-05, 1.650000e-05
7.605000e-04, 2.047500e-03, 1.650000e-05, 1.650000e-05, 1.650000e-05
8.775000e-04, 2.047500e-03, 1.650000e-05, 1.650000e-05, 1.650000e-05
9.945000e-04, 2.047500e-03, 1.650000e-05, 1.650000e-05, 1.650000e-05
1.111500e-03, 2.047500e-03, 1.650000e-05, 1.650000e-05, 1.650000e-05
1.228500e-03, 2.047500e-03, 1.650000e-05, 1.650000e-05, 1.650000e-05
1.345500e-03, 2.047500e-03, 1.650000e-05, 1.650000e-05, 1.650000e-05
1.462500e-03, 2.047500e-03, 1.650000e-05, 1.650000e-05, 1.650000e-05
1.579500e-03, 2.047500e-03, 1.650000e-05, 1.650000e-05, 1.650000e-05
1.696500e-03, 2.047500e-03, 1.650000e-05, 1.650000e-05, 1.650000e-05
1.813500e-03, 2.047500e-03, 1.650000e-05, 1.650000e-05, 1.650000e-05
1.930500e-03, 2.047500e-03, 1.650000e-05, 1.650000e-05, 1.650000e-05
2.047500e-03, 2.047500e-03, 1.650000e-05, 1.650000e-05, 1.650000e-05
2.164500e-03, 2.047500e-03, 1.248096e-05, 1.319071e-05, 1.258258e-05
2.281500e-03, 2.047500e-03, 1.650000e-05, 1.650000e-05, 1.650000e-05
2.398500e-03, 2.047500e-03, 1.650000e-05, 1.650000e-05, 1.650000e-05
2.515500e-03, 2.047500e-03, 1.248146e-05, 1.319291e-05, 1.258427e-05
2.632500e-03, 2.047500e-03, 1.340321e-05, 1.372539e-05, 1.345118e-05
2.749500e-03, 2.047500e-03, 1.556566e-05, 1.578459e-05, 1.561977e-05
2.866500e-03, 2.047500e-03, 1.144904e-05, 1.178697e-05, 1.150889e-05
2.983500e-03, 2.047500e-03, 1.161217e-05, 1.161217e-05, 1.147127e-05
3.100500e-03, 2.047500e-03, 1.650000e-05, 1.650000e-05, 1.650000e-05
3.217500e-03, 2.047500e-03, 1.650000e-05, 1.650000e-05, 1.650000e-05
3.334500e-03, 2.047500e-03, 1.650000e-05, 1.650000e-05, 1.650000e-05
3.451500e-03, 2.047500e-03, 1.650000e-05, 1.650000e-05, 1.650000e-05
3.568500e-03, 2.047500e-03, 1.650000e-05, 1.650000e-05, 1.650000e-05
3.685500e-03, 2.047500e-03, 1.650000e-05, 1.650000e-05, 1.650000e-05
3.802500e-03, 2.047500e-03, 1.650000e-05, 1.650000e-05, 1.650000e-05
3.919500e-03, 2.047500e-03, 1.538839e-05, 1.549112e-05, 1.540430e-05
4.036500e-03, 2.047500e-03, 1.638041e-05, 1.638109e-05, 1.638440e-05
4.153500e-03, 2.047500e-03, 1.528085e-05, 1.543766e-05, 1.529992e-05
4.270500e-03, 2.047500e-03, 1.646736e-05, 1.646128e-05, 1.646674e-05
4.387500e-03, 2.047500e-03, 1.591095e-05, 1.572763e-05, 1.576679e-05
4.504500e-03, 2.047500e-03, 1.650000e-05, 1.650000e-05, 1.650000e-05
4.621500e-03, 2.047500e-03, 1.650000e-05, 1.650000e-05, 1.650000e-05
4.738500e-03, 2.047500e-03, 1.280255e-05, 1.277975e-05, 1.268475e-05
4.855500e-03, 2.047500e-03, 1.515673e-05, 1.515673e-05, 1.511239e-05
4.972500e-03, 2.047500e-03, 1.650000e-05, 1.650000e-05, 1.650000e-05
5.089500e-03, 2.047500e-03, 1.505561e-05, 1.526702e-05, 1.503006e-05
5.206500e-03, 2.047500e-03, 1.650000e-05, 1.650000e-05, 1.650000e-05
5.323500e-03, 2.047500e-03, 1.408587e-05, 1.463038e-05, 1.411787e-05
5.440500e-03, 2.047500e-03, 1.244745e-05, 1.298875e-05, 1.249360e-05
5.557500e-03, 2.047500e-03, 1.622133e-05, 1.622133e-05, 1.621938e-05
5.674500e-03, 2.047500e-03, 1.447251e-05, 1.458964e-05, 1.442837e-05
5.791500e-03, 2.047500e-03, 5.682641e-07, 5.718604e-07, 5.716779e-07
-5.791500e-03, 2.164500e-03, 5.500000e-07, 5.500000e-07, 5.500000e-07
-5.674500e-03, 2.164500e-03, 1.814667e-06, 1.716067e-06, 1.731652e-06
-5.557500e-03, 2.164500e-03, 1.003140e-05, 9.731141e-06, 9.608487e-06
-5.440500e-03, 2.164500e-03, 1.635815e-05, 1.635509e-05, 1.635814e-05
-5.323500e-03, 2.164500e-03, 1.650000e-05, 1.650000e-05, 1.650000e-05
-5.206500e-03, 2.164500e-03, 1.579141e-05, 1.566750e-05, 1.560531e-05
-5.089500e-03, 2.164500e-03, 1.650000e-05, 1.650000e-05, 1.650000e-05
-4.972500e-03, 2.164500e-03, 1.650000e-05, 1.650000e-05, 1.650000e-05
-4.855500e-03, 2.164500e-03, 1.563705e-05, 1.551207e-05, 1.556034e-05
-4.738500e-03, 2.164500e-03, 1.399744e-05, 1.358937e-05, 1.357561e-05
-4.621500e-03, 2.164500e-03, 1.369905e-05, 1.350337e-05, 1.337394e-05
-4.504500e-03, 2.164500e-03, 1.288228e-05, 1.258981e-05, 1.247130e-05
-4.387500e-03, 2.164500e-03, 1.571299e-05, 1.553111e-05, 1.559208e-05
-4.270500e-03, 2.164500e-03, 1.591179e-05, 1.593581e-05, 1.591598e-05
-4.153500e-03, 2.164500e-03, 1.308026e-05, 1.300804e-05, 1.283080e-05
-4.036500e-03, 2.164500e-03, 8.031869e-06, 7.704750e-06, 7.538809e-06
-3.919500e-03, 2.164500e-03, 1.485446e-05, 1.464627e-05, 1.464410e-05
-3.802500e-03, 2.164500e-03, 1.650000e-05, 1.650000e-05, 1.650000e-05
-3.685500e-03, 2.164500e-03, 1.650000e-05, 1.650000e-05, 1.650000e-05
-3.568500e-03, 2.164500e-03, 1.650000e-05, 1.650000e-05, 1.650000e-05
-3.451500e-03, 2.164500e-03, 1.175141e-05, 1.171672e-05, 1.157081e-05
-3.334500e-03, 2.164500e-03, 4.056476e-06, 3.778016e-06, 3.826417e-06
-3.217500e-03, 2.164500e-03, 6.735545e-07, 6.735545e-07, 6.763250e-07
-3.100500e-03, 2.164500e-03, 5.500000e-07, 5.500000e-07, 5.500000e-07
-2.983500e-03, 2.164500e-03, 1.405871e-06, 1.305410e-06, 1.329465e-06
-2.866500e-03, 2.164500e-03, 5.719780e-06, 5.186953e-06, 5.256151e-06
-2.749500e-03, 2.164500e-03, 5.816124e-06, 5.273806e-06, 5.345530e-06
-2.632500e-03, 2.164500e-03, 4.847382e-06, 4.740865e-06, 4.645040e-06
-2.515500e-03, 2.164500e-03, 1.559309e-05, 1.559309e-05, 1.556718e-05
-2.398500e-03, 2.164500e-03, 1.650000e-05, 1.650000e-05, 1.650000e-05
-2.281500e-03, 2.164500e-03, 1.434912e-05, 1.437356e-05, 1.429546e-05
-2.164500e-03, 2.164500e-03, 8.261521e-06, 8.280520e-06, 8.085793e-06
-2.047500e-03, 2.164500e-03, 1.650000e-05, 1.650000e-05, 1.650000e-05
-1.930500e-03, 2.164500e-03, 1.650000e-05, 1.650000e-05, 1.650000e-05
-1.813500e-03, 2.164500e-03, 7.956051e-06, 8.269857e-06, 8.006042e-06
-1.696500e-03, 2.164500e-03, 1.484941e-05, 1.512956e-05, 1.489672e-05
-1.579500e-03, 2.164500e-03, 1.650000e-05, 1.650000e-05, 1.650000e-05
-1.462500e-03, 2.164500e-03, 1.057984e-05, 1.056009e-05, 1.041783e-05
-1.345500e-03, 2.164500e-03, 9.468354e-06, 9.429308e-06, 9.271480e-06
-1.228500e-03, 2.164500e-03, 1.650000e-05, 1.650000e-05, 1.650000e-05
-1.111500e-03, 2.164500e-03, 1.405791e-05, 1.380585e-05, 1.383826e-05
-9.945000e-04, 2.164500e-03, 1.318696e-05, 1.285531e-05, 1.290888e-05
-8.775000e-04, 2.164500e-03, 1.318696e-05, 1.285531e-05, 1.290888e-05
-7.605000e-04, 2.164500e-03, 1.318696e-05, 1.285531e-05, 1.290888e-05
-6.435000e-04, 2.164500e-03, 1.318696e-05, 1.285531e-05, 1.290888e-05
-5.265000e-04, 2.164500e-03, 1.318696e-05, 1.285531e-05, 1.290888e-05
-4.095000e-04, 2.164500e-03, 1.318696e-05, 1.285531e-05, 1.290888e-05
-2.925000e-04, 2.164500e-03, 1.318696e-05, 1.285531e-05, 1.290888e-05
-1.755000e-04, 2.164500e-03, 1.318696e-05, 1.285531e-05, 1.290888e-05
-5.850000e-05, 2.164500e-03, 1.318696e-05, 1.285531e-05, 1.290888e-05
5.850000e-05, 2.164500e-03, 1.238128e-05, 1.222456e-05, 1.212040e-05
1.755000e-04, 2.164500e-03, 1.392785e-05, 1.392785e-05, 1.379593e-05
2.925000e-04, 2.164500e-03, 1.650000e-05, 1.650000e-05, 1.650000e-05
4.095000e-04, 2.164500e-03, 1.650000e-05, 1.650000e-05, 1.650000e-05
5.265000e-04, 2.164500e-03, 1.278496e-05, 1.280834e-05, 1.268882e-05
6.435000e-04, 2.164500e-03, 9.515682e-06, 9.511394e-06, 9.377952e-06
7.605000e-04, 2.164500e-03, 1.650000e-05, 1.650000e-05, 1.650000e-05
8.775000e-04, 2.164500e-03, 1.621961e-05, 1.623842e-05, 1.622490e-05
9.945000e-04, 2.164500e-03, 6.840971e-06, 6.886415e-06, 6.639508e-06
1.111500e-03, 2.164500e-03, 1.570572e-05, 1.572984e-05, 1.569958e-05
1.228500e-03, 2.164500e-03, 1.650000e-05, 1.650000e-05, 1.650000e-05
1.345500e-03, 2.164500e-03, 1.069263e-05, 1.069675e-05, 1.056677e-05
1.462500e-03, 2.164500e-03, 1.161896e-05, 1.163439e-05, 1.150215e-05
1.579500e-03, 2.164500e-03, 1.650000e-05, 1.650000e-05, 1.650000e-05
1.696500e-03, 2.164500e-03, 1.523004e-05, 1.525482e-05, 1.520567e-05
1.813500e-03, 2.164500e-03, 7.113620e-06, 7.154825e-06, 6.923492e-06
1.930500e-03, 2.164500e-03, 1.643003e-05, 1.643718e-05, 1.643513e-05
2.047500e-03, 2.164500e-03, 1.650000e-05, 1.650000e-05, 1.650000e-05
2.164500e-03, 2.164500e-03, 1.248096e-05, 1.319071e-05, 1.258258e-05
2.281500e-03, 2.164500e-03, 1.650000e-05, 1.650000e-05, 1.650000e-05
2.398500e-03, 2.164500e-03, 1.650000e-05, 1.650000e-05, 1.650000e-05
2.515500e-03, 2.164500e-03, 1.248146e-05, 1.319291e-05, 1.258427e-05
2.632500e-03, 2.164500e-03, 1.340321e-05, 1.372539e-05, 1.345118e-05
2.749500e-03, 2.164500e-03, 1.556566e-05, 1.578459e-05, 1.561977e-05
2.866500e-03, 2.164500e-03, 1.141229e-05, 1.173934e-05, 1.146472e-05
2.983500e-03, 2.164500e-03, 8.827341e-07, 8.827341e-07, 8.814774e-07
3.100500e-03, 2.164500e-03, 1.448579e-05, 1.472400e-05, 1.452021e-05
3.217500e-03, 2.164500e-03, 1.650000e-05, 1.650000e-05, 1.650000e-05
3.334500e-03, 2.164500e-03, 1.650000e-05, 1.650000e-05, 1.650000e-05
3.451500e-03, 2.164500e-03, 1.415094e-05, 1.417171e-05, 1.409099e-05
3.568500e-03, 2.164500e-03, 9.311494e-06, 9.319684e-06, 9.172379e-06
3.685500e-03, 2.164500e-03, 1.650000e-05, 1.650000e-05, 1.650000e-05
3.802500e-03, 2.164500e-03, 1.650000e-05, 1.650000e-05, 1.650000e-05
3.919500e-03, 2.164500e-03, 1.592502e-05, 1.577815e-05, 1.582434e-05
4.036500e-03, 2.164500e-03, 1.527929e-05, 1.503660e-05, 1.500779e-05
4.153500e-03, 2.164500e-03, 1.650000e-05, 1.650000e-05, 1.650000e-05
4.270500e-03, 2.164500e-03, 1.650000e-05, 1.650000e-05, 1.650000e-05
4.387500e-03, 2.164500e-03, 1.650000e-05, 1.650000e-05, 1.650000e-05
4.504500e-03, 2.164500e-03, 1.650000e-05, 1.650000e-05, 1.650000e-05
4.621500e-03, 2.164500e-03, 1.650000e-05, 1.650000e-05, 1.650000e-05
4.738500e-03, 2.164500e-03, 1.650000e-05, 1.650000e-05, 1.650000e-05
4.855500e-03, 2.164500e-03, 1.650000e-05, 1.650000e-05, 1.650000e-05
4.972500e-03, 2.164500e-03, 1.650000e-05, 1.650000e-05, 1.650000e-05
5.089500e-03, 2.164500e-03, 1.619260e-05, 1.619222e-05, 1.619090e-05
5.206500e-03, 2.164500e-03, 1.363542e-05, 1.326649e-05, 1.318710e-05
5.323500e-03, 2.164500e-03, 1.378452e-05, 1.375920e-05, 1.356297e-05
5.440500e-03, 2.164500e-03, 1.124984e-05, 1.157590e-05, 1.130186e-05
5.557500e-03, 2.164500e-03, 2.937744e-06, 2.732671e-06, 2.758430e-06
5.674500e-03, 2.164500e-03, 1.814667e-06, 1.716067e-06, 1.731652e-06
5.791500e-03, 2.164500e-03, 5.500000e-07, 5.500000e-07, 5.500000e-07
-5.791500e-03, 2.281500e-03, 5.500000e-07, 5.500000e-07, 5.500000e-07
-5.674500e-03, 2.281500e-03, 4.816985e-06, 5.000464e-06, 4.822040e-06
-5.557500e-03, 2.281500e-03, 1.645880e-05, 1.645880e-05, 1.646117e-05
-5.440500e-03, 2.281500e-03, 1.650000e-05, 1.650000e-05, 1.650000e-05
-5.323500e-03, 2.281500e-03, 1.650000e-05, 1.650000e-05, 1.650000e-05
-5.206500e-03, 2.281500e-03, 1.579321e-05, 1.567050e-05, 1.560552e-05
-5.089500e-03, 2.281500e-03, 1.650000e-05, 1.650000e-05, 1.650000e-05
-4.972500e-03, 2.281500e-03, 1.644445e-05, 1.644893e-05, 1.645065e-05
-4.855500e-03, 2.281500e-03, 1.363555e-05, 1.372808e-05, 1.345062e-05
-4.738500e-03, 2.281500e-03, 1.314674e-05, 1.318523e-05, 1.297734e-05
-4.621500e-03, 2.281500e-03, 1.053807e-05, 1.065328e-05, 1.040896e-05
-4.504500e-03, 2.281500e-03, 1.500780e-05, 1.505668e-05, 1.499555e-05
-4.387500e-03, 2.281500e-03, 1.495259e-05, 1.459814e-05, 1.463772e-05
-4.270500e-03, 2.281500e-03, 1.565984e-05, 1.560428e-05, 1.558712e-05
-4.153500e-03, 2.281500e-03, 1.296080e-05, 1.345180e-05, 1.294916e-05
-4.036500e-03, 2.281500e-03, 1.524274e-05, 1.529899e-05, 1.524277e-05
-3.919500e-03, 2.281500e-03, 1.534644e-05, 1.529413e-05, 1.528659e-05
-3.802500e-03, 2.281500e-03, 1.650000e-05, 1.650000e-05, 1.650000e-05
-3.685500e-03, 2.281500e-03, 1.650000e-05, 1.650000e-05, 1.650000e-05
-3.568500e-03, 2.281500e-03, 1.650000e-05, 1.650000e-05, 1.650000e-05
-3.451500e-03, 2.281500e-03, 1.224063e-05, 1.290761e-05, 1.232360e-05
-3.334500e-03, 2.281500e-03, 1.650000e-05, 1.650000e-05, 1.650000e-05
-3.217500e-03, 2.281500e-03, 1.058127e-05, 1.058127e-05, 1.044071e-05
-3.100500e-03, 2.281500e-03, 6.735545e-07, 6.735545e-07, 6.763250e-07
-2.983500e-03, 2.281500e-03, 1.446670e-05, 1.457924e-05, 1.442707e-05
-2.866500e-03, 2.281500e-03, 1.650000e-05, 1.650000e-05, 1.650000e-05
-2.749500e-03, 2.281500e-03, 1.650000e-05, 1.650000e-05, 1.650000e-05
-2.632500e-03, 2.281500e-03, 1.650000e-05, 1.650000e-05, 1.650000e-05
-2.515500e-03, 2.281500e-03, 1.650000e-05, 1.650000e-05, 1.650000e-05
-2.398500e-03, 2.281500e-03, 1.650000e-05, 1.650000e-05, 1.650000e-05
-2.281500e-03, 2.281500e-03, 1.608514e-05, 1.608514e-05, 1.607868e-05
-2.164500e-03, 2.281500e-03, 1.304797e-05, 1.302231e-05, 1.292631e-05
-2.047500e-03, 2.281500e-03, 1.650000e-05, 1.650000e-05, 1.650000e-05
-1.930500e-03, 2.281500e-03, 1.647961e-05, 1.647961e-05, 1.648143e-05
-1.813500e-03, 2.281500e-03, 5.983944e-06, 6.122853e-06, 5.953833e-06
-1.696500e-03, 2.281500e-03, 1.503195e-05, 1.529744e-05, 1.507695e-05
-1.579500e-03, 2.281500e-03, 1.650000e-05, 1.650000e-05, 1.650000e-05
-1.462500e-03, 2.281500e-03, 1.647992e-05, 1.647992e-05, 1.648172e-05
-1.345500e-03, 2.281500e-03, 1.640472e-05, 1.640364e-05, 1.640708e-05
-1.228500e-03, 2.281500e-03, 1.187532e-05, 1.187532e-05, 1.169738e-05
-1.111500e-03, 2.281500e-03, 1.236103e-05, 1.220629e-05, 1.211341e-05
-9.945000e-04, 2.281500e-03, 1.397162e-05, 1.364522e-05, 1.369759e-05
-8.775000e-04, 2.281500e-03, 1.397162e-05, 1.364522e-05, 1.369759e-05
-7.605000e-04, 2.281500e-03, 1.397162e-05, 1.364522e-05, 1.369759e-05
-6.435000e-04, 2.281500e-03, 1.397162e-05, 1.364522e-05, 1.369759e-05
-5.265000e-04, 2.281500e-03, 1.397162e-05, 1.364522e-05, 1.369759e-05
-4.095000e-04, 2.281500e-03, 1.397162e-05, 1.364522e-05, 1.369759e-05
-2.925000e-04, 2.281500e-03, 1.397162e-05, 1.364522e-05, 1.369759e-05
-1.755000e-04, 2.281500e-03, 1.397162e-05, 1.364522e-05, 1.369759e-05
-5.850000e-05, 2.281500e-03, 1.397162e-05, 1.364522e-05, 1.369759e-05
5.850000e-05, 2.281500e-03, 1.503829e-05, 1.486759e-05, 1.489210e-05
1.755000e-04, 2.281500e-03, 1.650000e-05, 1.650000e-05, 1.650000e-05
2.925000e-04, 2.281500e-03, 1.650000e-05, 1.650000e-05, 1.650000e-05
4.095000e-04, 2.281500e-03, 1.650000e-05, 1.650000e-05, 1.650000e-05
5.265000e-04, 2.281500e-03, 1.553641e-05, 1.553641e-05, 1.550811e-05
6.435000e-04, 2.281500e-03, 1.389848e-05, 1.387671e-05, 1.380874e-05
7.605000e-04, 2.281500e-03, 1.650000e-05, 1.650000e-05, 1.650000e-05
8.775000e-04, 2.281500e-03, 1.650000e-05, 1.650000e-05, 1.650000e-05
9.945000e-04, 2.281500e-03, 1.294598e-05, 1.290632e-05, 1.282408e-05
1.111500e-03, 2.281500e-03, 1.649116e-05, 1.649116e-05, 1.649225e-05
1.228500e-03, 2.281500e-03, 1.650000e-05, 1.650000e-05, 1.650000e-05
1.345500e-03, 2.281500e-03, 1.447878e-05, 1.447385e-05, 1.440707e-05
1.462500e-03, 2.281500e-03, 1.496440e-05, 1.496440e-05, 1.491192e-05
1.579500e-03, 2.281500e-03, 1.650000e-05, 1.650000e-05, 1.650000e-05
1.696500e-03, 2.281500e-03, 1.642116e-05, 1.642116e-05, 1.642360e-05
1.813500e-03, 2.281500e-03, 1.301937e-05, 1.298407e-05, 1.289347e-05
1.930500e-03, 2.281500e-03, 1.650000e-05, 1.650000e-05, 1.650000e-05
2.047500e-03, 2.281500e-03, 1.633103e-05, 1.633103e-05, 1.633203e-05
2.164500e-03, 2.281500e-03, 1.191970e-05, 1.215140e-05, 1.169263e-05
2.281500e-03, 2.281500e-03, 1.650000e-05, 1.650000e-05, 1.650000e-05
2.398500e-03, 2.281500e-03, 1.650000e-05, 1.650000e-05, 1.650000e-05
2.515500e-03, 2.281500e-03, 1.248146e-05, 1.319291e-05, 1.258427e-05
2.632500e-03, 2.281500e-03, 1.340321e-05, 1.372539e-05, 1.345118e-05
2.749500e-03, 2.281500e-03, 1.556566e-05, 1.578459e-05, 1.561977e-05
2.866500e-03, 2.281500e-03, 1.141229e-05, 1.173934e-05, 1.146472e-05
2.983500e-03, 2.281500e-03, 5.500000e-07, 5.500000e-07, 5.500000e-07
3.100500e-03, 2.281500e-03, 1.364814e-05, 1.397517e-05, 1.370095e-05
3.217500e-03, 2.281500e-03, 1.650000e-05, 1.650000e-05, 1.650000e-05
3.334500e-03, 2.281500e-03, 1.650000e-05, 1.650000e-05, 1.650000e-05
3.451500e-03, 2.281500e-03, 1.565651e-05, 1.565651e-05, 1.563328e-05
3.568500e-03, 2.281500e-03, 1.261191e-05, 1.259016e-05, 1.248755e-05
3.685500e-03, 2.281500e-03, 1.650000e-05, 1.650000e-05, 1.650000e-05
3.802500e-03, 2.281500e-03, 1.650000e-05, 1.650000e-05, 1.650000e-05
3.919500e-03, 2.281500e-03, 1.591861e-05, 1.588047e-05, 1.587919e-05
4.036500e-03, 2.281500e-03, 1.650000e-05, 1.650000e-05, 1.650000e-05
4.153500e-03, 2.281500e-03, 1.650000e-05, 1.650000e-05, 1.650000e-05
4.270500e-03, 2.281500e-03, 1.529293e-05, 1.535459e-05, 1.522854e-05
4.387500e-03, 2.281500e-03, 1.590339e-05, 1.576443e-05, 1.581934e-05
4.504500e-03, 2.281500e-03, 1.526812e-05, 1.525815e-05, 1.515572e-05
4.621500e-03, 2.281500e-03, 1.650000e-05, 1.650000e-05, 1.650000e-05
4.738500e-03, 2.281500e-03, 1.374146e-05, 1.375588e-05, 1.366088e-05
4.855500e-03, 2.281500e-03, 1.058616e-05, 1.058371e-05, 1.046291e-05
4.972500e-03, 2.281500e-03, 1.650000e-05, 1.650000e-05, 1.650000e-05
5.089500e-03, 2.281500e-03, 1.521885e-05, 1.520159e-05, 1.503018e-05
5.206500e-03, 2.281500e-03, 1.552900e-05, 1.533487e-05, 1.538856e-05
5.323500e-03, 2.281500e-03, 1.586897e-05, 1.592245e-05, 1.586645e-05
5.440500e-03, 2.281500e-03, 1.124984e-05, 1.157590e-05, 1.130186e-05
5.557500e-03, 2.281500e-03, 5.500000e-07, 5.500000e-07, 5.500000e-07
5.674500e-03, 2.281500e-03, 5.500000e-07, 5.500000e-07, 5.500000e-07
5.791500e-03, 2.281500e-03, 5.500000e-07, 5.500000e-07, 5.500000e-07
-5.791500e-03, 2.398500e-03, 5.500000e-07, 5.500000e-07, 5.500000e-07
-5.674500e-03, 2.398500e-03, 6.154387e-06, 6.459428e-06, 6.208011e-06
-5.557500e-03, 2.398500e-03, 1.650000e-05, 1.650000e-05, 1.650000e-05
-5.440500e-03, 2.398500e-03, 1.650000e-05, 1.650000e-05, 1.650000e-05
-5.323500e-03, 2.398500e-03, 1.567611e-05, 1.579681e-05, 1.560606e-05
-5.206500e-03, 2.398500e-03, 1.650000e-05, 1.650000e-05, 1.650000e-05
-5.089500e-03, 2.398500e-03, 1.565569e-05, 1.578278e-05, 1.560432e-05
-4.972500e-03, 2.398500e-03, 1.458181e-05, 1.497290e-05, 1.458262e-05
-4.855500e-03, 2.398500e-03, 1.650000e-05, 1.650000e-05, 1.650000e-05
-4.738500e-03, 2.398500e-03, 1.649740e-05, 1.649744e-05, 1.649766e-05
-4.621500e-03, 2.398500e-03, 1.191297e-05, 1.212649e-05, 1.178922e-05
-4.504500e-03, 2.398500e-03, 1.373276e-05, 1.407552e-05, 1.377162e-05
-4.387500e-03, 2.398500e-03, 1.650000e-05, 1.650000e-05, 1.650000e-05
-4.270500e-03, 2.398500e-03, 1.553931e-05, 1.570610e-05, 1.559334e-05
-4.153500e-03, 2.398500e-03, 1.468264e-05, 1.495245e-05, 1.474053e-05
-4.036500e-03, 2.398500e-03, 1.650000e-05, 1.650000e-05, 1.650000e-05
-3.919500e-03, 2.398500e-03, 1.551674e-05, 1.569168e-05, 1.555941e-05
-3.802500e-03, 2.398500e-03, 1.587060e-05, 1.596477e-05, 1.588564e-05
-3.685500e-03, 2.398500e-03, 1.650000e-05, 1.650000e-05, 1.650000e-05
-3.568500e-03, 2.398500e-03, 1.650000e-05, 1.650000e-05, 1.650000e-05
-3.451500e-03, 2.398500e-03, 1.248003e-05, 1.318503e-05, 1.257999e-05
-3.334500e-03, 2.398500e-03, 1.650000e-05, 1.650000e-05, 1.650000e-05
-3.217500e-03, 2.398500e-03, 1.650000e-05, 1.650000e-05, 1.650000e-05
-3.100500e-03, 2.398500e-03, 3.287628e-06, 3.574683e-06, 3.339627e-06
-2.983500e-03, 2.398500e-03, 1.577724e-05, 1.595386e-05, 1.582476e-05
-2.866500e-03, 2.398500e-03, 1.650000e-05, 1.650000e-05, 1.650000e-05
-2.749500e-03, 2.398500e-03, 1.648622e-05, 1.648454e-05, 1.648671e-05
-2.632500e-03, 2.398500e-03, 1.650000e-05, 1.650000e-05, 1.650000e-05
-2.515500e-03, 2.398500e-03, 1.650000e-05, 1.650000e-05, 1.650000e-05
-2.398500e-03, 2.398500e-03, 1.650000e-05, 1.650000e-05, 1.650000e-05
-2.281500e-03, 2.398500e-03, 1.650000e-05, 1.650000e-05, 1.650000e-05
-2.164500e-03, 2.398500e-03, 1.650000e-05, 1.650000e-05, 1.650000e-05
-2.047500e-03, 2.398500e-03, 1.647961e-05, 1.647961e-05, 1.648143e-05
-1.930500e-03, 2.398500e-03, 7.960736e-06, 7.960736e-06, 7.849192e-06
-1.813500e-03, 2.398500e-03, 9.624807e-06, 9.624807e-06, 9.494957e-06
-1.696500e-03, 2.398500e-03, 1.650000e-05, 1.650000e-05, 1.650000e-05
-1.579500e-03, 2.398500e-03, 1.650000e-05, 1.650000e-05, 1.650000e-05
-1.462500e-03, 2.398500e-03, 1.650000e-05, 1.650000e-05, 1.650000e-05
-1.345500e-03, 2.398500e-03, 1.296947e-05, 1.319077e-05, 1.295723e-05
-1.228500e-03, 2.398500e-03, 1.346107e-05, 1.346107e-05, 1.334982e-05
-1.111500e-03, 2.398500e-03, 1.650000e-05, 1.650000e-05, 1.650000e-05
-9.945000e-04, 2.398500e-03, 1.650000e-05, 1.650000e-05, 1.650000e-05
-8.775000e-04, 2.398500e-03, 1.650000e-05, 1.650000e-05, 1.650000e-05
-7.605000e-04, 2.398500e-03, 1.650000e-05, 1.650000e-05, 1.650000e-05
-6.435000e-04, 2.398500e-03, 1.650000e-05, 1.650000e-05, 1.650000e-05
-5.265000e-04, 2.398500e-03, 1.650000e-05, 1.650000e-05, 1.650000e-05
-4.095000e-04, 2.398500e-03, 1.650000e-05, 1.650000e-05, 1.650000e-05
-2.925000e-04, 2.398500e-03, 1.650000e-05, 1.650000e-05, 1.650000e-05
-1.755000e-04, 2.398500e-03, 1.650000e-05, 1.650000e-05, 1.650000e-05
-5.850000e-05, 2.398500e-03, 1.650000e-05, 1.650000e-05, 1.650000e-05
5.850000e-05, 2.398500e-03, 1.650000e-05, 1.650000e-05, 1.650000e-05
1.755000e-04, 2.398500e-03, 1.650000e-05, 1.650000e-05, 1.650000e-05
2.925000e-04, 2.398500e-03, 1.650000e-05, 1.650000e-05, 1.650000e-05
4.095000e-04, 2.398500e-03, 1.650000e-05, 1.650000e-05, 1.650000e-05
5.265000e-04, 2.398500e-03, 1.650000e-05, 1.650000e-05, 1.650000e-05
6.435000e-04, 2.398500e-03, 1.650000e-05, 1.650000e-05, 1.650000e-05
7.605000e-04, 2.398500e-03, 1.650000e-05, 1.650000e-05, 1.650000e-05
8.775000e-04, 2.398500e-03, 1.650000e-05, 1.650000e-05, 1.650000e-05
9.945000e-04, 2.398500e-03, 1.650000e-05, 1.650000e-05, 1.650000e-05
1.111500e-03, 2.398500e-03, 1.650000e-05, 1.650000e-05, 1.650000e-05
1.228500e-03, 2.398500e-03, 1.650000e-05, 1.650000e-05, 1.650000e-05
1.345500e-03, 2.398500e-03, 1.650000e-05, 1.650000e-05, 1.650000e-05
1.462500e-03, 2.398500e-03, 1.568030e-05, 1.560802e-05, 1.562097e-05
1.579500e-03, 2.398500e-03, 1.438896e-05, 1.407623e-05, 1.412402e-05
1.696500e-03, 2.398500e-03, 1.438896e-05, 1.407623e-05, 1.412402e-05
1.813500e-03, 2.398500e-03, 1.438896e-05, 1.407623e-05, 1.412402e-05
1.930500e-03, 2.398500e-03, 1.438896e-05, 1.407623e-05, 1.412402e-05
2.047500e-03, 2.398500e-03, 1.181427e-05, 1.181423e-05, 1.145412e-05
2.164500e-03, 2.398500e-03, 1.616109e-05, 1.616109e-05, 1.615723e-05
2.281500e-03, 2.398500e-03, 1.650000e-05, 1.650000e-05, 1.650000e-05
2.398500e-03, 2.398500e-03, 1.650000e-05, 1.650000e-05, 1.650000e-05
2.515500e-03, 2.398500e-03, 1.248146e-05, 1.319291e-05, 1.258427e-05
2.632500e-03, 2.398500e-03, 1.340321e-05, 1.372539e-05, 1.345118e-05
2.749500e-03, 2.398500e-03, 1.556566e-05, 1.578459e-05, 1.561977e-05
2.866500e-03, 2.398500e-03, 1.141229e-05, 1.173934e-05, 1.146472e-05
2.983500e-03, 2.398500e-03, 5.500000e-07, 5.500000e-07, 5.500000e-07
3.100500e-03, 2.398500e-03, 1.364814e-05, 1.397517e-05, 1.370095e-05
3.217500e-03, 2.398500e-03, 1.650000e-05, 1.650000e-05, 1.650000e-05
3.334500e-03, 2.398500e-03, 1.650000e-05, 1.650000e-05, 1.650000e-05
3.451500e-03, 2.398500e-03, 1.650000e-05, 1.650000e-05, 1.650000e-05
3.568500e-03, 2.398500e-03, 1.650000e-05, 1.650000e-05, 1.650000e-05
3.685500e-03, 2.398500e-03, 1.650000e-05, 1.650000e-05, 1.650000e-05
3.802500e-03, 2.398500e-03, 1.395630e-05, 1.402346e-05, 1.390056e-05
3.919500e-03, 2.398500e-03, 5.726219e-06, 5.709366e-06, 5.500793e-06
4.036500e-03, 2.398500e-03, 1.650000e-05, 1.650000e-05, 1.650000e-05
4.153500e-03, 2.398500e-03, 1.650000e-05, 1.650000e-05, 1.650000e-05
4.270500e-03, 2.398500e-03, 1.510799e-05, 1.535125e-05, 1.516838e-05
4.387500e-03, 2.398500e-03, 1.650000e-05, 1.650000e-05, 1.650000e-05
4.504500e-03, 2.398500e-03, 1.488623e-05, 1.519621e-05, 1.489793e-05
4.621500e-03, 2.398500e-03, 1.650000e-05, 1.650000e-05, 1.650000e-05
4.738500e-03, 2.398500e-03, 1.492089e-05, 1.492089e-05, 1.486653e-05
4.855500e-03, 2.398500e-03, 1.251963e-05, 1.249809e-05, 1.239707e-05
4.972500e-03, 2.398500e-03, 1.650000e-05, 1.650000e-05, 1.650000e-05
5.089500e-03, 2.398500e-03, 1.540549e-05, 1.558510e-05, 1.546203e-05
5.206500e-03, 2.398500e-03, 1.650000e-05, 1.650000e-05, 1.650000e-05
5.323500e-03, 2.398500e-03, 1.490830e-05, 1.524688e-05, 1.487610e-05
5.440500e-03, 2.398500e-03, 1.124984e-05, 1.157590e-05, 1.130186e-05
5.557500e-03, 2.398500e-03, 5.500000e-07, 5.500000e-07, 5.500000e-07
5.674500e-03, 2.398500e-03, 5.500000e-07, 5.500000e-07, 5.500000e-07
5.791500e-03, 2.398500e-03, 5.500000e-07, 5.500000e-07, 5.500000e-07
-5.791500e-03, 2.515500e-03, 5.500000e-07, 5.500000e-07, 5.500000e-07
-5.674500e-03, 2.515500e-03, 5.622663e-06, 5.859886e-06, 5.639491e-06
-5.557500e-03, 2.515500e-03, 1.650000e-05, 1.650000e-05, 1.650000e-05
-5.440500e-03, 2.515500e-03, 1.650000e-05, 1.650000e-05, 1.650000e-05
-5.323500e-03, 2.515500e-03, 1.650000e-05, 1.650000e-05, 1.650000e-05
-5.206500e-03, 2.515500e-03, 1.579061e-05, 1.566627e-05, 1.560541e-05
-5.089500e-03, 2.515500e-03, 1.650000e-05, 1.650000e-05, 1.650000e-05
-4.972500e-03, 2.515500e-03, 1.642453e-05, 1.643095e-05, 1.643226e-05
-4.855500e-03, 2.515500e-03, 1.488563e-05, 1.463633e-05, 1.452458e-05
-4.738500e-03, 2.515500e-03, 1.482820e-05, 1.463754e-05, 1.450358e-05
-4.621500e-03, 2.515500e-03, 1.647097e-05, 1.647254e-05, 1.647387e-05
-4.504500e-03, 2.515500e-03, 1.560433e-05, 1.561551e-05, 1.558129e-05
-4.387500e-03, 2.515500e-03, 1.570576e-05, 1.554813e-05, 1.560753e-05
-4.270500e-03, 2.515500e-03, 1.521960e-05, 1.523535e-05, 1.508256e-05
-4.153500e-03, 2.515500e-03, 1.603424e-05, 1.611024e-05, 1.605252e-05
-4.036500e-03, 2.515500e-03, 1.542780e-05, 1.526789e-05, 1.529824e-05
-3.919500e-03, 2.515500e-03, 1.518245e-05, 1.505575e-05, 1.491537e-05
-3.802500e-03, 2.515500e-03, 1.650000e-05, 1.650000e-05, 1.650000e-05
-3.685500e-03, 2.515500e-03, 1.352222e-05, 1.349692e-05, 1.341880e-05
-3.568500e-03, 2.515500e-03, 1.575073e-05, 1.575073e-05, 1.573137e-05
-3.451500e-03, 2.515500e-03, 1.248003e-05, 1.318503e-05, 1.257999e-05
-3.334500e-03, 2.515500e-03, 1.650000e-05, 1.650000e-05, 1.650000e-05
-3.217500e-03, 2.515500e-03, 1.559129e-05, 1.559129e-05, 1.556530e-05
-3.100500e-03, 2.515500e-03, 2.942516e-06, 3.088721e-06, 2.948356e-06
-2.983500e-03, 2.515500e-03, 1.601928e-05, 1.613786e-05, 1.605205e-05
-2.866500e-03, 2.515500e-03, 1.578059e-05, 1.583194e-05, 1.577598e-05
-2.749500e-03, 2.515500e-03, 4.800118e-06, 4.800274e-06, 4.650936e-06
-2.632500e-03, 2.515500e-03, 1.617167e-05, 1.620314e-05, 1.617573e-05
-2.515500e-03, 2.515500e-03, 1.650000e-05, 1.650000e-05, 1.650000e-05
-2.398500e-03, 2.515500e-03, 1.650000e-05, 1.650000e-05, 1.650000e-05
-2.281500e-03, 2.515500e-03, 1.650000e-05, 1.650000e-05, 1.650000e-05
-2.164500e-03, 2.515500e-03, 1.647961e-05, 1.647961e-05, 1.648143e-05
-2.047500e-03, 2.515500e-03, 7.960736e-06, 7.960736e-06, 7.849192e-06
-1.930500e-03, 2.515500e-03, 9.624807e-06, 9.624807e-06, 9.494957e-06
-1.813500e-03, 2.515500e-03, 1.650000e-05, 1.650000e-05, 1.650000e-05
-1.696500e-03, 2.515500e-03, 1.649790e-05, 1.649790e-05, 1.649817e-05
-1.579500e-03, 2.515500e-03, 1.536419e-05, 1.532383e-05, 1.530907e-05
-1.462500e-03, 2.515500e-03, 1.650000e-05, 1.650000e-05, 1.650000e-05
-1.345500e-03, 2.515500e-03, 1.209663e-05, 1.278953e-05, 1.219326e-05
-1.228500e-03, 2.515500e-03, 1.650000e-05, 1.650000e-05, 1.650000e-05
-1.111500e-03, 2.515500e-03, 1.650000e-05, 1.650000e-05, 1.650000e-05
-9.945000e-04, 2.515500e-03, 1.650000e-05, 1.650000e-05, 1.650000e-05
-8.775000e-04, 2.515500e-03, 1.650000e-05, 1.650000e-05, 1.650000e-05
-7.605000e-04, 2.515500e-03, 1.650000e-05, 1.650000e-05, 1.650000e-05
-6.435000e-04, 2.515500e-03, 1.650000e-05, 1.650000e-05, 1.650000e-05
-5.265000e-04, 2.515500e-03, 1.650000e-05, 1.650000e-05, 1.650000e-05
-4.095000e-04, 2.515500e-03, 1.650000e-05, 1.650000e-05, 1.650000e-05
-2.925000e-04, 2.515500e-03, 1.650000e-05, 1.650000e-05, 1.650000e-05
-1.755000e-04, 2.515500e-03, 1.650000e-05, 1.650000e-05, 1.650000e-05
-5.850000e-05, 2.515500e-03, 1.650000e-05, 1.650000e-05, 1.650000e-05
5.850000e-05, 2.515500e-03, 1.650000e-05, 1.650000e-05, 1.650000e-05
1.755000e-04, 2.515500e-03, 1.650000e-05, 1.650000e-05, 1.650000e-05
2.925000e-04, 2.515500e-03, 1.650000e-05, 1.650000e-05, 1.650000e-05
4.095000e-04, 2.515500e-03, 1.650000e-05, 1.650000e-05, 1.650000e-05
5.265000e-04, 2.515500e-03, 1.650000e-05, 1.650000e-05, 1.650000e-05
6.435000e-04, 2.515500e-03, 1.650000e-05, 1.650000e-05, 1.650000e-05
7.605000e-04, 2.515500e-03, 1.650000e-05, 1.650000e-05, 1.650000e-05
8.775000e-04, 2.515500e-03, 1.650000e-05, 1.650000e-05, 1.650000e-05
9.945000e-04, 2.515500e-03, 1.650000e-05, 1.650000e-05, 1.650000e-05
1.111500e-03, 2.515500e-03, 1.650000e-05, 1.650000e-05, 1.650000e-05
1.228500e-03, 2.515500e-03, 1.650000e-05, 1.650000e-05, 1.650000e-05
1.345500e-03, 2.515500e-03, 1.498986e-05, 1.498986e-05, 1.493839e-05
1.462500e-03, 2.515500e-03, 6.225957e-06, 6.225957e-06, 6.005350e-06
1.579500e-03, 2.515500e-03, 1.206955e-05, 1.176217e-05, 1.179411e-05
1.696500e-03, 2.515500e-03, 1.214707e-05, 1.182603e-05, 1.187358e-05
1.813500e-03, 2.515500e-03, 1.214707e-05, 1.182603e-05, 1.187358e-05
1.930500e-03, 2.515500e-03, 1.219809e-05, 1.188276e-05, 1.192913e-05
2.047500e-03, 2.515500e-03, 1.616109e-05, 1.616109e-05, 1.615723e-05
2.164500e-03, 2.515500e-03, 1.650000e-05, 1.650000e-05, 1.650000e-05
2.281500e-03, 2.515500e-03, 1.650000e-05, 1.650000e-05, 1.650000e-05
2.398500e-03, 2.515500e-03, 1.650000e-05, 1.650000e-05, 1.650000e-05
2.515500e-03, 2.515500e-03, 1.248146e-05, 1.319291e-05, 1.258427e-05
2.632500e-03, 2.515500e-03, 1.340321e-05, 1.372539e-05, 1.345118e-05
2.749500e-03, 2.515500e-03, 1.556699e-05, 1.578543e-05, 1.562091e-05
2.866500e-03, 2.515500e-03, 1.141229e-05, 1.173934e-05, 1.146472e-05
2.983500e-03, 2.515500e-03, 5.500000e-07, 5.500000e-07, 5.500000e-07
3.100500e-03, 2.515500e-03, 1.364814e-05, 1.397517e-05, 1.370095e-05
3.217500e-03, 2.515500e-03, 1.650000e-05, 1.650000e-05, 1.650000e-05
3.334500e-03, 2.515500e-03, 1.650000e-05, 1.650000e-05, 1.650000e-05
3.451500e-03, 2.515500e-03, 1.650000e-05, 1.650000e-05, 1.650000e-05
3.568500e-03, 2.515500e-03, 1.611552e-05, 1.610740e-05, 1.610827e-05
3.685500e-03, 2.515500e-03, 1.647804e-05, 1.647804e-05, 1.647993e-05
3.802500e-03, 2.515500e-03, 1.650000e-05, 1.650000e-05, 1.650000e-05
3.919500e-03, 2.515500e-03, 1.612742e-05, 1.609622e-05, 1.609921e-05
4.036500e-03, 2.515500e-03, 1.650000e-05, 1.650000e-05, 1.650000e-05
4.153500e-03, 2.515500e-03, 1.650000e-05, 1.650000e-05, 1.650000e-05
4.270500e-03, 2.515500e-03, 1.298162e-05, 1.354576e-05, 1.300670e-05
4.387500e-03, 2.515500e-03, 1.383805e-05, 1.346940e-05, 1.350726e-05
4.504500e-03, 2.515500e-03, 1.582284e-05, 1.582819e-05, 1.581321e-05
4.621500e-03, 2.515500e-03, 1.650000e-05, 1.650000e-05, 1.650000e-05
4.738500e-03, 2.515500e-03, 1.650000e-05, 1.650000e-05, 1.650000e-05
4.855500e-03, 2.515500e-03, 1.650000e-05, 1.650000e-05, 1.650000e-05
4.972500e-03, 2.515500e-03, 1.621353e-05, 1.628703e-05, 1.623994e-05
5.089500e-03, 2.515500e-03, 1.316667e-05, 1.344856e-05, 1.315681e-05
5.206500e-03, 2.515500e-03, 1.465671e-05, 1.471790e-05, 1.460945e-05
5.323500e-03, 2.515500e-03, 1.608283e-05, 1.610927e-05, 1.608560e-05
5.440500e-03, 2.515500e-03, 1.124984e-05, 1.157590e-05, 1.130186e-05
5.557500e-03, 2.515500e-03, 5.500000e-07, 5.500000e-07, 5.500000e-07
5.674500e-03, 2.515500e-03, 5.500000e-07, 5.500000e-07, 5.500000e-07
5.791500e-03, 2.515500e-03, 5.500000e-07, 5.500000e-07, 5.500000e-07
-5.791500e-03, 2.632500e-03, 5.500000e-07, 5.500000e-07, 5.500000e-07
-5.674500e-03, 2.632500e-03, 1.645222e-06, 1.553681e-06, 1.573659e-06
-5.557500e-03, 2.632500e-03, 1.172092e-05, 1.121848e-05, 1.123465e-05
-5.440500e-03, 2.632500e-03, 1.553313e-05, 1.553064e-05, 1.551050e-05
-5.323500e-03, 2.632500e-03, 1.650000e-05, 1.650000e-05, 1.650000e-05
-5.206500e-03, 2.632500e-03, 1.572823e-05, 1.559994e-05, 1.553222e-05
-5.089500e-03, 2.632500e-03, 1.650000e-05, 1.650000e-05, 1.650000e-05
-4.972500e-03, 2.632500e-03, 1.650000e-05, 1.650000e-05, 1.650000e-05
-4.855500e-03, 2.632500e-03, 1.650000e-05, 1.650000e-05, 1.650000e-05
-4.738500e-03, 2.632500e-03, 1.650000e-05, 1.650000e-05, 1.650000e-05
-4.621500e-03, 2.632500e-03, 1.519965e-05, 1.523394e-05, 1.515182e-05
-4.504500e-03, 2.632500e-03, 1.462687e-05, 1.435638e-05, 1.437970e-05
-4.387500e-03, 2.632500e-03, 1.520528e-05, 1.524945e-05, 1.518460e-05
-4.270500e-03, 2.632500e-03, 1.650000e-05, 1.650000e-05, 1.650000e-05
-4.153500e-03, 2.632500e-03, 1.620032e-05, 1.618895e-05, 1.619152e-05
-4.036500e-03, 2.632500e-03, 1.551962e-05, 1.533686e-05, 1.539163e-05
-3.919500e-03, 2.632500e-03, 1.547563e-05, 1.529628e-05, 1.531825e-05
-3.802500e-03, 2.632500e-03, 1.650000e-05, 1.650000e-05, 1.650000e-05
-3.685500e-03, 2.632500e-03, 9.033127e-06, 9.032682e-06, 8.884258e-06
-3.568500e-03, 2.632500e-03, 1.342919e-05, 1.345457e-05, 1.334915e-05
-3.451500e-03, 2.632500e-03, 1.248003e-05, 1.318503e-05, 1.257999e-05
-3.334500e-03, 2.632500e-03, 1.650000e-05, 1.650000e-05, 1.650000e-05
-3.217500e-03, 2.632500e-03, 5.548680e-06, 5.703107e-06, 5.475227e-06
-3.100500e-03, 2.632500e-03, 1.208517e-05, 1.220302e-05, 1.197383e-05
-2.983500e-03, 2.632500e-03, 1.650000e-05, 1.650000e-05, 1.650000e-05
-2.866500e-03, 2.632500e-03, 1.650000e-05, 1.650000e-05, 1.650000e-05
-2.749500e-03, 2.632500e-03, 1.488657e-05, 1.480893e-05, 1.477568e-05
-2.632500e-03, 2.632500e-03, 1.650000e-05, 1.650000e-05, 1.650000e-05
-2.515500e-03, 2.632500e-03, 1.650000e-05, 1.650000e-05, 1.650000e-05
-2.398500e-03, 2.632500e-03, 1.650000e-05, 1.650000e-05, 1.650000e-05
-2.281500e-03, 2.632500e-03, 1.647961e-05, 1.647961e-05, 1.648143e-05
-2.164500e-03, 2.632500e-03, 7.960736e-06, 7.960736e-06, 7.849192e-06
-2.047500e-03, 2.632500e-03, 9.624807e-06, 9.624807e-06, 9.494957e-06
-1.930500e-03, 2.632500e-03, 1.650000e-05, 1.650000e-05, 1.650000e-05
-1.813500e-03, 2.632500e-03, 1.650000e-05, 1.650000e-05, 1.650000e-05
-1.696500e-03, 2.632500e-03, 1.382273e-05, 1.387987e-05, 1.376457e-05
-1.579500e-03, 2.632500e-03, 6.147990e-06, 6.127275e-06, 5.918058e-06
-1.462500e-03, 2.632500e-03, 1.650000e-05, 1.650000e-05, 1.650000e-05
-1.345500e-03, 2.632500e-03, 1.180352e-05, 1.228045e-05, 1.184176e-05
-1.228500e-03, 2.632500e-03, 1.492734e-05, 1.472894e-05, 1.472557e-05
-1.111500e-03, 2.632500e-03, 1.552816e-05, 1.527906e-05, 1.532968e-05
-9.945000e-04, 2.632500e-03, 1.552986e-05, 1.528151e-05, 1.533193e-05
-8.775000e-04, 2.632500e-03, 1.552816e-05, 1.527906e-05, 1.532968e-05
-7.605000e-04, 2.632500e-03, 1.552822e-05, 1.527914e-05, 1.532975e-05
-6.435000e-04, 2.632500e-03, 1.552822e-05, 1.527914e-05, 1.532975e-05
-5.265000e-04, 2.632500e-03, 1.552816e-05, 1.527906e-05, 1.532968e-05
-4.095000e-04, 2.632500e-03, 1.553801e-05, 1.529266e-05, 1.534267e-05
-2.925000e-04, 2.632500e-03, 1.552816e-05, 1.527906e-05, 1.532968e-05
-1.755000e-04, 2.632500e-03, 1.552816e-05, 1.527906e-05, 1.532968e-05
-5.850000e-05, 2.632500e-03, 1.552816e-05, 1.527906e-05, 1.532968e-05
5.850000e-05, 2.632500e-03, 1.552816e-05, 1.527906e-05, 1.532968e-05
1.755000e-04, 2.632500e-03, 1.552816e-05, 1.527906e-05, 1.532968e-05
2.925000e-04, 2.632500e-03, 1.552816e-05, 1.527906e-05, 1.532968e-05
4.095000e-04, 2.632500e-03, 1.552816e-05, 1.527906e-05, 1.532968e-05
5.265000e-04, 2.632500e-03, 1.552816e-05, 1.527906e-05, 1.532968e-05
6.435000e-04, 2.632500e-03, 1.552816e-05, 1.527906e-05, 1.532968e-05
7.605000e-04, 2.632500e-03, 1.552816e-05, 1.527906e-05, 1.532968e-05
8.775000e-04, 2.632500e-03, 1.552816e-05, 1.527906e-05, 1.532968e-05
9.945000e-04, 2.632500e-03, 1.552816e-05, 1.527906e-05, 1.532968e-05
1.111500e-03, 2.632500e-03, 1.552816e-05, 1.527906e-05, 1.532968e-05
1.228500e-03, 2.632500e-03, 1.445188e-05, 1.428175e-05, 1.424776e-05
1.345500e-03, 2.632500e-03, 6.225957e-06, 6.225957e-06, 6.005350e-06
1.462500e-03, 2.632500e-03, 1.531931e-05, 1.531931e-05, 1.528184e-05
1.579500e-03, 2.632500e-03, 1.650000e-05, 1.650000e-05, 1.650000e-05
1.696500e-03, 2.632500e-03, 1.650000e-05, 1.650000e-05, 1.650000e-05
1.813500e-03, 2.632500e-03, 1.650000e-05, 1.650000e-05, 1.650000e-05
1.930500e-03, 2.632500e-03, 1.650000e-05, 1.650000e-05, 1.650000e-05
2.047500e-03, 2.632500e-03, 1.650000e-05, 1.650000e-05, 1.650000e-05
2.164500e-03, 2.632500e-03, 1.650000e-05, 1.650000e-05, 1.650000e-05
2.281500e-03, 2.632500e-03, 1.650000e-05, 1.650000e-05, 1.650000e-05
2.398500e-03, 2.632500e-03, 1.608075e-05, 1.608221e-05, 1.607546e-05
2.515500e-03, 2.632500e-03, 1.239536e-05, 1.288874e-05, 1.239115e-05
2.632500e-03, 2.632500e-03, 1.340321e-05, 1.372539e-05, 1.345118e-05
2.749500e-03, 2.632500e-03, 1.556566e-05, 1.578459e-05, 1.561977e-05
2.866500e-03, 2.632500e-03, 1.141229e-05, 1.173934e-05, 1.146472e-05
2.983500e-03, 2.632500e-03, 5.500000e-07, 5.500000e-07, 5.500000e-07
3.100500e-03, 2.632500e-03, 1.364814e-05, 1.397517e-05, 1.370095e-05
3.217500e-03, 2.632500e-03, 1.650000e-05, 1.650000e-05, 1.650000e-05
3.334500e-03, 2.632500e-03, 1.650000e-05, 1.650000e-05, 1.650000e-05
3.451500e-03, 2.632500e-03, 1.650000e-05, 1.650000e-05, 1.650000e-05
3.568500e-03, 2.632500e-03, 8.168596e-06, 8.112773e-06, 7.927026e-06
3.685500e-03, 2.632500e-03, 1.160444e-05, 1.160869e-05, 1.147957e-05
3.802500e-03, 2.632500e-03, 1.650000e-05, 1.650000e-05, 1.650000e-05
3.919500e-03, 2.632500e-03, 1.650000e-05, 1.650000e-05, 1.650000e-05
4.036500e-03, 2.632500e-03, 1.650000e-05, 1.650000e-05, 1.650000e-05
4.153500e-03, 2.632500e-03, 1.558037e-05, 1.563845e-05, 1.558073e-05
4.270500e-03, 2.632500e-03, 9.924234e-06, 1.045427e-05, 9.831574e-06
4.387500e-03, 2.632500e-03, 1.260330e-05, 1.223859e-05, 1.218443e-05
4.504500e-03, 2.632500e-03, 1.608924e-05, 1.600162e-05, 1.602968e-05
4.621500e-03, 2.632500e-03, 1.650000e-05, 1.650000e-05, 1.650000e-05
4.738500e-03, 2.632500e-03, 1.562519e-05, 1.545061e-05, 1.549450e-05
4.855500e-03, 2.632500e-03, 1.546322e-05, 1.526908e-05, 1.529534e-05
4.972500e-03, 2.632500e-03, 1.649905e-05, 1.649906e-05, 1.649912e-05
5.089500e-03, 2.632500e-03, 1.050794e-05, 1.046282e-05, 1.023462e-05
5.206500e-03, 2.632500e-03, 9.742788e-06, 9.526427e-06, 9.242161e-06
5.323500e-03, 2.632500e-03, 1.637993e-05, 1.638192e-05, 1.638500e-05
5.440500e-03, 2.632500e-03, 1.124984e-05, 1.157590e-05, 1.130186e-05
5.557500e-03, 2.632500e-03, 5.500000e-07, 5.500000e-07, 5.500000e-07
5.674500e-03, 2.632500e-03, 5.500000e-07, 5.500000e-07, 5.500000e-07
5.791500e-03, 2.632500e-03, 5.500000e-07, 5.500000e-07, 5.500000e-07
-5.791500e-03, 2.749500e-03, 5.682039e-07, 5.712497e-07, 5.715342e-07
-5.674500e-03, 2.749500e-03, 1.428979e-05, 1.440734e-05, 1.423759e-05
-5.557500e-03, 2.749500e-03, 1.650000e-05, 1.650000e-05, 1.650000e-05
-5.440500e-03, 2.749500e-03, 1.298210e-05, 1.360976e-05, 1.304881e-05
-5.323500e-03, 2.749500e-03, 1.616389e-05, 1.618514e-05, 1.616900e-05
-5.206500e-03, 2.749500e-03, 1.650000e-05, 1.650000e-05, 1.650000e-05
-5.089500e-03, 2.749500e-03, 1.495153e-05, 1.511806e-05, 1.492847e-05
-4.972500e-03, 2.749500e-03, 1.650000e-05, 1.650000e-05, 1.650000e-05
-4.855500e-03, 2.749500e-03, 1.650000e-05, 1.650000e-05, 1.650000e-05
-4.738500e-03, 2.749500e-03, 1.649827e-05, 1.649818e-05, 1.649833e-05
-4.621500e-03, 2.749500e-03, 1.450929e-05, 1.470053e-05, 1.448429e-05
-4.504500e-03, 2.749500e-03, 1.469482e-05, 1.436796e-05, 1.441162e-05
-4.387500e-03, 2.749500e-03, 1.117187e-05, 1.025374e-05, 1.037130e-05
-4.270500e-03, 2.749500e-03, 1.092322e-05, 9.744719e-06, 9.911560e-06
-4.153500e-03, 2.749500e-03, 1.223985e-05, 1.180023e-05, 1.175732e-05
-4.036500e-03, 2.749500e-03, 1.641185e-05, 1.640891e-05, 1.641270e-05
-3.919500e-03, 2.749500e-03, 1.572771e-05, 1.579917e-05, 1.574578e-05
-3.802500e-03, 2.749500e-03, 1.637735e-05, 1.638669e-05, 1.638374e-05
-3.685500e-03, 2.749500e-03, 1.650000e-05, 1.650000e-05, 1.650000e-05
-3.568500e-03, 2.749500e-03, 1.650000e-05, 1.650000e-05, 1.650000e-05
-3.451500e-03, 2.749500e-03, 1.248003e-05, 1.318503e-05, 1.257999e-05
-3.334500e-03, 2.749500e-03, 1.650000e-05, 1.650000e-05, 1.650000e-05
-3.217500e-03, 2.749500e-03, 3.785202e-06, 4.075528e-06, 3.838256e-06
-3.100500e-03, 2.749500e-03, 1.431390e-05, 1.462779e-05, 1.436689e-05
-2.983500e-03, 2.749500e-03, 1.650000e-05, 1.650000e-05, 1.650000e-05
-2.866500e-03, 2.749500e-03, 1.650000e-05, 1.650000e-05, 1.650000e-05
-2.749500e-03, 2.749500e-03, 1.650000e-05, 1.650000e-05, 1.650000e-05
-2.632500e-03, 2.749500e-03, 1.524887e-05, 1.524887e-05, 1.520837e-05
-2.515500e-03, 2.749500e-03, 1.431595e-05, 1.430349e-05, 1.423991e-05
-2.398500e-03, 2.749500e-03, 1.650000e-05, 1.650000e-05, 1.650000e-05
-2.281500e-03, 2.749500e-03, 8.107211e-06, 8.120496e-06, 7.997783e-06
-2.164500e-03, 2.749500e-03, 6.403432e-06, 6.601790e-06, 6.391416e-06
-2.047500e-03, 2.749500e-03, 1.650000e-05, 1.650000e-05, 1.650000e-05
-1.930500e-03, 2.749500e-03, 1.650000e-05, 1.650000e-05, 1.650000e-05
-1.813500e-03, 2.749500e-03, 1.650000e-05, 1.650000e-05, 1.650000e-05
-1.696500e-03, 2.749500e-03, 1.650000e-05, 1.650000e-05, 1.650000e-05
-1.579500e-03, 2.749500e-03, 1.639637e-05, 1.638420e-05, 1.638998e-05
-1.462500e-03, 2.749500e-03, 1.650000e-05, 1.650000e-05, 1.650000e-05
-1.345500e-03, 2.749500e-03, 1.630231e-05, 1.630231e-05, 1.630264e-05
-1.228500e-03, 2.749500e-03, 1.255208e-05, 1.224045e-05, 1.228552e-05
-1.111500e-03, 2.749500e-03, 1.245513e-05, 1.213293e-05, 1.218070e-05
-9.945000e-04, 2.749500e-03, 1.245513e-05, 1.213293e-05, 1.218070e-05
-8.775000e-04, 2.749500e-03, 1.245513e-05, 1.213293e-05, 1.218070e-05
-7.605000e-04, 2.749500e-03, 1.245513e-05, 1.213293e-05, 1.218070e-05
-6.435000e-04, 2.749500e-03, 1.245513e-05, 1.213293e-05, 1.218070e-05
-5.265000e-04, 2.749500e-03, 1.245513e-05, 1.213293e-05, 1.218070e-05
-4.095000e-04, 2.749500e-03, 1.245513e-05, 1.213293e-05, 1.218070e-05
-2.925000e-04, 2.749500e-03, 1.245513e-05, 1.213293e-05, 1.218070e-05
-1.755000e-04, 2.749500e-03, 1.245513e-05, 1.213293e-05, 1.218070e-05
-5.850000e-05, 2.749500e-03, 1.245513e-05, 1.213293e-05, 1.218070e-05
5.850000e-05, 2.749500e-03, 1.245513e-05, 1.213293e-05, 1.218070e-05
1.755000e-04, 2.749500e-03, 1.245513e-05, 1.213293e-05, 1.218070e-05
2.925000e-04, 2.749500e-03, 1.245513e-05, 1.213293e-05, 1.218070e-05
4.095000e-04, 2.749500e-03, 1.245513e-05, 1.213293e-05, 1.218070e-05
5.265000e-04, 2.749500e-03, 1.245513e-05, 1.213293e-05, 1.218070e-05
6.435000e-04, 2.749500e-03, 1.245513e-05, 1.213293e-05, 1.218070e-05
7.605000e-04, 2.749500e-03, 1.245513e-05, 1.213293e-05, 1.218070e-05
8.775000e-04, 2.749500e-03, 1.245513e-05, 1.213293e-05, 1.218070e-05
9.945000e-04, 2.749500e-03, 1.245513e-05, 1.213293e-05, 1.218070e-05
1.111500e-03, 2.749500e-03, 1.245513e-05, 1.213293e-05, 1.218070e-05
1.228500e-03, 2.749500e-03, 1.245513e-05, 1.213293e-05, 1.218070e-05
1.345500e-03, 2.749500e-03, 1.543220e-05, 1.541008e-05, 1.539444e-05
1.462500e-03, 2.749500e-03, 1.650000e-05, 1.650000e-05, 1.650000e-05
1.579500e-03, 2.749500e-03, 1.650000e-05, 1.650000e-05, 1.650000e-05
1.696500e-03, 2.749500e-03, 1.650000e-05, 1.650000e-05, 1.650000e-05
1.813500e-03, 2.749500e-03, 1.650000e-05, 1.650000e-05, 1.650000e-05
1.930500e-03, 2.749500e-03, 1.241160e-05, 1.239965e-05, 1.228354e-05
2.047500e-03, 2.749500e-03, 1.378407e-05, 1.378407e-05, 1.368646e-05
2.164500e-03, 2.749500e-03, 1.650000e-05, 1.650000e-05, 1.650000e-05
2.281500e-03, 2.749500e-03, 1.650000e-05, 1.650000e-05, 1.650000e-05
2.398500e-03, 2.749500e-03, 1.315033e-05, 1.347666e-05, 1.320055e-05
2.515500e-03, 2.749500e-03, 1.576902e-05, 1.593330e-05, 1.581074e-05
2.632500e-03, 2.749500e-03, 1.340838e-05, 1.373082e-05, 1.345694e-05
2.749500e-03, 2.749500e-03, 1.531242e-05, 1.550670e-05, 1.534021e-05
2.866500e-03, 2.749500e-03, 1.310377e-05, 1.336097e-05, 1.311669e-05
2.983500e-03, 2.749500e-03, 5.500000e-07, 5.500000e-07, 5.500000e-07
3.100500e-03, 2.749500e-03, 1.364814e-05, 1.397517e-05, 1.370095e-05
3.217500e-03, 2.749500e-03, 1.650000e-05, 1.650000e-05, 1.650000e-05
3.334500e-03, 2.749500e-03, 1.650000e-05, 1.650000e-05, 1.650000e-05
3.451500e-03, 2.749500e-03, 1.650000e-05, 1.650000e-05, 1.650000e-05
3.568500e-03, 2.749500e-03, 1.595615e-05, 1.594712e-05, 1.594324e-05
3.685500e-03, 2.749500e-03, 1.643934e-05, 1.643934e-05, 1.644181e-05
3.802500e-03, 2.749500e-03, 1.650000e-05, 1.650000e-05, 1.650000e-05
3.919500e-03, 2.749500e-03, 1.650000e-05, 1.650000e-05, 1.650000e-05
4.036500e-03, 2.749500e-03, 1.557088e-05, 1.557132e-05, 1.553503e-05
4.153500e-03, 2.749500e-03, 1.344981e-05, 1.320499e-05, 1.303776e-05
4.270500e-03, 2.749500e-03, 1.088371e-05, 1.141991e-05, 1.082650e-05
4.387500e-03, 2.749500e-03, 1.650000e-05, 1.650000e-05, 1.650000e-05
4.504500e-03, 2.749500e-03, 1.454012e-05, 1.480844e-05, 1.456654e-05
4.621500e-03, 2.749500e-03, 1.627053e-05, 1.631382e-05, 1.629775e-05
4.738500e-03, 2.749500e-03, 1.591473e-05, 1.594008e-05, 1.590625e-05
4.855500e-03, 2.749500e-03, 1.609185e-05, 1.610809e-05, 1.608946e-05
4.972500e-03, 2.749500e-03, 1.609795e-05, 1.616908e-05, 1.612824e-05
5.089500e-03, 2.749500e-03, 1.327053e-05, 1.377098e-05, 1.324426e-05
5.206500e-03, 2.749500e-03, 1.650000e-05, 1.650000e-05, 1.650000e-05
5.323500e-03, 2.749500e-03, 1.502270e-05, 1.521844e-05, 1.499436e-05
5.440500e-03, 2.749500e-03, 1.493840e-05, 1.497025e-05, 1.491104e-05
5.557500e-03, 2.749500e-03, 2.872398e-06, 2.872398e-06, 2.806106e-06
5.674500e-03, 2.749500e-03, 5.500000e-07, 5.500000e-07, 5.500000e-07
5.791500e-03, 2.749500e-03, 5.500000e-07, 5.500000e-07, 5.500000e-07
-5.791500e-03, 2.866500e-03, 5.500000e-07, 5.500000e-07, 5.500000e-07
-5.674500e-03, 2.866500e-03, 1.306785e-05, 1.314029e-05, 1.294076e-05
-5.557500e-03, 2.866500e-03, 1.549282e-05, 1.545860e-05, 1.543523e-05
-5.440500e-03, 2.866500e-03, 1.308465e-05, 1.345520e-05, 1.308451e-05
-5.323500e-03, 2.866500e-03, 1.585947e-05, 1.587831e-05, 1.584654e-05
-5.206500e-03, 2.866500e-03, 1.649896e-05, 1.649893e-05, 1.649899e-05
-5.089500e-03, 2.866500e-03, 1.610632e-05, 1.612153e-05, 1.610559e-05
-4.972500e-03, 2.866500e-03, 1.650000e-05, 1.650000e-05, 1.650000e-05
-4.855500e-03, 2.866500e-03, 1.496605e-05, 1.515774e-05, 1.494759e-05
-4.738500e-03, 2.866500e-03, 1.486719e-05, 1.460412e-05, 1.462790e-05
-4.621500e-03, 2.866500e-03, 1.508649e-05, 1.523326e-05, 1.508106e-05
-4.504500e-03, 2.866500e-03, 1.650000e-05, 1.650000e-05, 1.650000e-05
-4.387500e-03, 2.866500e-03, 1.650000e-05, 1.650000e-05, 1.650000e-05
-4.270500e-03, 2.866500e-03, 1.650000e-05, 1.650000e-05, 1.650000e-05
-4.153500e-03, 2.866500e-03, 1.349843e-05, 1.363042e-05, 1.331792e-05
-4.036500e-03, 2.866500e-03, 1.625844e-05, 1.624688e-05, 1.625249e-05
-3.919500e-03, 2.866500e-03, 1.549812e-05, 1.555771e-05, 1.551026e-05
-3.802500e-03, 2.866500e-03, 1.598214e-05, 1.601074e-05, 1.598920e-05
-3.685500e-03, 2.866500e-03, 1.650000e-05, 1.650000e-05, 1.650000e-05
-3.568500e-03, 2.866500e-03, 1.650000e-05, 1.650000e-05, 1.650000e-05
-3.451500e-03, 2.866500e-03, 1.248003e-05, 1.318503e-05, 1.257999e-05
-3.334500e-03, 2.866500e-03, 1.650000e-05, 1.650000e-05, 1.650000e-05
-3.217500e-03, 2.866500e-03, 3.785202e-06, 4.075528e-06, 3.838256e-06
-3.100500e-03, 2.866500e-03, 1.426485e-05, 1.456884e-05, 1.430637e-05
-2.983500e-03, 2.866500e-03, 1.650000e-05, 1.650000e-05, 1.650000e-05
-2.866500e-03, 2.866500e-03, 1.650000e-05, 1.650000e-05, 1.650000e-05
-2.749500e-03, 2.866500e-03, 1.650000e-05, 1.650000e-05, 1.650000e-05
-2.632500e-03, 2.866500e-03, 1.202096e-05, 1.203916e-05, 1.190927e-05
-2.515500e-03, 2.866500e-03, 1.015732e-05, 1.015459e-05, 1.002690e-05
-2.398500e-03, 2.866500e-03, 1.650000e-05, 1.650000e-05, 1.650000e-05
-2.281500e-03, 2.866500e-03, 2.261996e-06, 2.533434e-06, 2.309668e-06
-2.164500e-03, 2.866500e-03, 7.447991e-06, 7.765279e-06, 7.502668e-06
-2.047500e-03, 2.866500e-03, 1.650000e-05, 1.650000e-05, 1.650000e-05
-1.930500e-03, 2.866500e-03, 1.650000e-05, 1.650000e-05, 1.650000e-05
-1.813500e-03, 2.866500e-03, 1.374199e-05, 1.348318e-05, 1.351099e-05
-1.696500e-03, 2.866500e-03, 1.302597e-05, 1.247035e-05, 1.257472e-05
-1.579500e-03, 2.866500e-03, 1.302597e-05, 1.247035e-05, 1.257472e-05
-1.462500e-03, 2.866500e-03, 1.302597e-05, 1.247035e-05, 1.257472e-05
-1.345500e-03, 2.866500e-03, 1.302597e-05, 1.247035e-05, 1.257472e-05
-1.228500e-03, 2.866500e-03, 1.302597e-05, 1.247035e-05, 1.257472e-05
-1.111500e-03, 2.866500e-03, 1.302597e-05, 1.247035e-05, 1.257472e-05
-9.945000e-04, 2.866500e-03, 1.302597e-05, 1.247035e-05, 1.257472e-05
-8.775000e-04, 2.866500e-03, 1.520057e-05, 1.516442e-05, 1.514895e-05
-7.605000e-04, 2.866500e-03, 1.650000e-05, 1.650000e-05, 1.650000e-05
-6.435000e-04, 2.866500e-03, 1.650000e-05, 1.650000e-05, 1.650000e-05
-5.265000e-04, 2.866500e-03, 1.650000e-05, 1.650000e-05, 1.650000e-05
-4.095000e-04, 2.866500e-03, 1.650000e-05, 1.650000e-05, 1.650000e-05
-2.925000e-04, 2.866500e-03, 1.650000e-05, 1.650000e-05, 1.650000e-05
-1.755000e-04, 2.866500e-03, 1.650000e-05, 1.650000e-05, 1.650000e-05
-5.850000e-05, 2.866500e-03, 1.650000e-05, 1.650000e-05, 1.650000e-05
5.850000e-05, 2.866500e-03, 1.650000e-05, 1.650000e-05, 1.650000e-05
1.755000e-04, 2.866500e-03, 1.650000e-05, 1.650000e-05, 1.650000e-05
2.925000e-04, 2.866500e-03, 1.650000e-05, 1.650000e-05, 1.650000e-05
4.095000e-04, 2.866500e-03, 1.650000e-05, 1.650000e-05, 1.650000e-05
5.265000e-04, 2.866500e-03, 1.650000e-05, 1.650000e-05, 1.650000e-05
6.435000e-04, 2.866500e-03, 1.650000e-05, 1.650000e-05, 1.650000e-05
7.605000e-04, 2.866500e-03, 1.650000e-05, 1.650000e-05, 1.650000e-05
8.775000e-04, 2.866500e-03, 1.650000e-05, 1.650000e-05, 1.650000e-05
9.945000e-04, 2.866500e-03, 1.650000e-05, 1.650000e-05, 1.650000e-05
1.111500e-03, 2.866500e-03, 1.650000e-05, 1.650000e-05, 1.650000e-05
1.228500e-03, 2.866500e-03, 1.650000e-05, 1.650000e-05, 1.650000e-05
1.345500e-03, 2.866500e-03, 1.650000e-05, 1.650000e-05, 1.650000e-05
1.462500e-03, 2.866500e-03, 1.650000e-05, 1.650000e-05, 1.650000e-05
1.579500e-03, 2.866500e-03, 1.650000e-05, 1.650000e-05, 1.650000e-05
1.696500e-03, 2.866500e-03, 1.650000e-05, 1.650000e-05, 1.650000e-05
1.813500e-03, 2.866500e-03, 1.650000e-05, 1.650000e-05, 1.650000e-05
1.930500e-03, 2.866500e-03, 1.211614e-05, 1.210565e-05, 1.198495e-05
2.047500e-03, 2.866500e-03, 1.354862e-05, 1.354963e-05, 1.344462e-05
2.164500e-03, 2.866500e-03, 1.650000e-05, 1.650000e-05, 1.650000e-05
2.281500e-03, 2.866500e-03, 1.650000e-05, 1.650000e-05, 1.650000e-05
2.398500e-03, 2.866500e-03, 1.221137e-05, 1.230981e-05, 1.206036e-05
2.515500e-03, 2.866500e-03, 1.612233e-05, 1.621043e-05, 1.614900e-05
2.632500e-03, 2.866500e-03, 1.345065e-05, 1.377256e-05, 1.349659e-05
2.749500e-03, 2.866500e-03, 6.081236e-06, 5.761126e-06, 5.714121e-06
2.866500e-03, 2.866500e-03, 7.642345e-06, 7.538998e-06, 7.458517e-06
2.983500e-03, 2.866500e-03, 5.500000e-07, 5.500000e-07, 5.500000e-07
3.100500e-03, 2.866500e-03, 1.364814e-05, 1.397517e-05, 1.370095e-05
3.217500e-03, 2.866500e-03, 1.650000e-05, 1.650000e-05, 1.650000e-05
3.334500e-03, 2.866500e-03, 1.598864e-05, 1.593846e-05, 1.593746e-05
3.451500e-03, 2.866500e-03, 1.650000e-05, 1.650000e-05, 1.650000e-05
3.568500e-03, 2.866500e-03, 1.650000e-05, 1.650000e-05, 1.650000e-05
3.685500e-03, 2.866500e-03, 1.618623e-05, 1.618154e-05, 1.618287e-05
3.802500e-03, 2.866500e-03, 1.645772e-05, 1.645772e-05, 1.646011e-05
3.919500e-03, 2.866500e-03, 1.650000e-05, 1.650000e-05, 1.650000e-05
4.036500e-03, 2.866500e-03, 1.400934e-05, 1.438707e-05, 1.404539e-05
4.153500e-03, 2.866500e-03, 1.585468e-05, 1.580833e-05, 1.581598e-05
4.270500e-03, 2.866500e-03, 1.040047e-05, 1.059060e-05, 1.002803e-05
4.387500e-03, 2.866500e-03, 1.634060e-05, 1.631901e-05, 1.633125e-05
4.504500e-03, 2.866500e-03, 1.438511e-05, 1.458600e-05, 1.429717e-05
4.621500e-03, 2.866500e-03, 1.523321e-05, 1.534960e-05, 1.522154e-05
4.738500e-03, 2.866500e-03, 1.625410e-05, 1.623988e-05, 1.625082e-05
4.855500e-03, 2.866500e-03, 1.650000e-05, 1.650000e-05, 1.650000e-05
4.972500e-03, 2.866500e-03, 1.293501e-05, 1.320872e-05, 1.276670e-05
5.089500e-03, 2.866500e-03, 1.506413e-05, 1.516437e-05, 1.506547e-05
5.206500e-03, 2.866500e-03, 1.636916e-05, 1.635224e-05, 1.636455e-05
5.323500e-03, 2.866500e-03, 1.535882e-05, 1.546049e-05, 1.537350e-05
5.440500e-03, 2.866500e-03, 1.650000e-05, 1.650000e-05, 1.650000e-05
5.557500e-03, 2.866500e-03, 1.481082e-05, 1.481082e-05, 1.475197e-05
5.674500e-03, 2.866500e-03, 2.872398e-06, 2.872398e-06, 2.806106e-06
5.791500e-03, 2.866500e-03, 5.500000e-07, 5.500000e-07, 5.500000e-07
-5.791500e-03, 2.983500e-03, 5.500000e-07, 5.500000e-07, 5.500000e-07
-5.674500e-03, 2.983500e-03, 6.316178e-07, 6.236839e-07, 6.304517e-07
-5.557500e-03, 2.983500e-03, 9.833604e-07, 9.240420e-07, 9.444281e-07
-5.440500e-03, 2.983500e-03, 1.502164e-05, 1.528935e-05, 1.506895e-05
-5.323500e-03, 2.983500e-03, 1.649517e-05, 1.649518e-05, 1.649583e-05
-5.206500e-03, 2.983500e-03, 1.342008e-05, 1.295578e-05, 1.300125e-05
-5.089500e-03, 2.983500e-03, 1.632031e-05, 1.631571e-05, 1.631963e-05
-4.972500e-03, 2.983500e-03, 1.650000e-05, 1.650000e-05, 1.650000e-05
-4.855500e-03, 2.983500e-03, 1.516272e-05, 1.525269e-05, 1.509331e-05
-4.738500e-03, 2.983500e-03, 1.450536e-05, 1.400048e-05, 1.405686e-05
-4.621500e-03, 2.983500e-03, 1.111209e-05, 1.116549e-05, 1.080187e-05
-4.504500e-03, 2.983500e-03, 1.608704e-05, 1.607853e-05, 1.607608e-05
-4.387500e-03, 2.983500e-03, 1.649141e-05, 1.648968e-05, 1.649115e-05
-4.270500e-03, 2.983500e-03, 1.650000e-05, 1.650000e-05, 1.650000e-05
-4.153500e-03, 2.983500e-03, 1.650000e-05, 1.650000e-05, 1.650000e-05
-4.036500e-03, 2.983500e-03, 1.598444e-05, 1.588831e-05, 1.592557e-05
-3.919500e-03, 2.983500e-03, 1.564132e-05, 1.562311e-05, 1.561483e-05
-3.802500e-03, 2.983500e-03, 1.650000e-05, 1.650000e-05, 1.650000e-05
-3.685500e-03, 2.983500e-03, 9.832117e-06, 9.831917e-06, 9.705002e-06
-3.568500e-03, 2.983500e-03, 1.321667e-05, 1.324015e-05, 1.313166e-05
-3.451500e-03, 2.983500e-03, 1.248003e-05, 1.318503e-05, 1.257999e-05
-3.334500e-03, 2.983500e-03, 1.650000e-05, 1.650000e-05, 1.650000e-05
-3.217500e-03, 2.983500e-03, 3.785202e-06, 4.075528e-06, 3.838256e-06
-3.100500e-03, 2.983500e-03, 5.503751e-06, 5.503751e-06, 5.388864e-06
-2.983500e-03, 2.983500e-03, 1.612140e-05, 1.612485e-05, 1.611915e-05
-2.866500e-03, 2.983500e-03, 1.650000e-05, 1.650000e-05, 1.650000e-05
-2.749500e-03, 2.983500e-03, 1.650000e-05, 1.650000e-05, 1.650000e-05
-2.632500e-03, 2.983500e-03, 1.650000e-05, 1.650000e-05, 1.650000e-05
-2.515500e-03, 2.983500e-03, 1.650000e-05, 1.650000e-05, 1.650000e-05
-2.398500e-03, 2.983500e-03, 1.650000e-05, 1.650000e-05, 1.650000e-05
-2.281500e-03, 2.983500e-03, 2.261996e-06, 2.533434e-06, 2.309668e-06
-2.164500e-03, 2.983500e-03, 6.460374e-06, 6.662638e-06, 6.448933e-06
-2.047500e-03, 2.983500e-03, 1.650000e-05, 1.650000e-05, 1.650000e-05
-1.930500e-03, 2.983500e-03, 1.197720e-05, 1.197720e-05, 1.180645e-05
-1.813500e-03, 2.983500e-03, 1.324307e-05, 1.324307e-05, 1.312369e-05
-1.696500e-03, 2.983500e-03, 1.650000e-05, 1.650000e-05, 1.650000e-05
-1.579500e-03, 2.983500e-03, 1.650000e-05, 1.650000e-05, 1.650000e-05
-1.462500e-03, 2.983500e-03, 1.650000e-05, 1.650000e-05, 1.650000e-05
-1.345500e-03, 2.983500e-03, 1.650000e-05, 1.650000e-05, 1.650000e-05
-1.228500e-03, 2.983500e-03, 1.650000e-05, 1.650000e-05, 1.650000e-05
-1.111500e-03, 2.983500e-03, 1.650000e-05, 1.650000e-05, 1.650000e-05
-9.945000e-04, 2.983500e-03, 1.650000e-05, 1.650000e-05, 1.650000e-05
-8.775000e-04, 2.983500e-03, 1.268661e-05, 1.268661e-05, 1.245741e-05
-7.605000e-04, 2.983500e-03, 1.503200e-05, 1.503200e-05, 1.498203e-05
-6.435000e-04, 2.983500e-03, 1.650000e-05, 1.650000e-05, 1.650000e-05
-5.265000e-04, 2.983500e-03, 1.650000e-05, 1.650000e-05, 1.650000e-05
-4.095000e-04, 2.983500e-03, 1.650000e-05, 1.650000e-05, 1.650000e-05
-2.925000e-04, 2.983500e-03, 1.650000e-05, 1.650000e-05, 1.650000e-05
-1.755000e-04, 2.983500e-03, 1.650000e-05, 1.650000e-05, 1.650000e-05
-5.850000e-05, 2.983500e-03, 1.650000e-05, 1.650000e-05, 1.650000e-05
5.850000e-05, 2.983500e-03, 1.650000e-05, 1.650000e-05, 1.650000e-05
1.755000e-04, 2.983500e-03, 1.650000e-05, 1.650000e-05, 1.650000e-05
2.925000e-04, 2.983500e-03, 1.650000e-05, 1.650000e-05, 1.650000e-05
4.095000e-04, 2.983500e-03, 1.650000e-05, 1.650000e-05, 1.650000e-05
5.265000e-04, 2.983500e-03, 1.650000e-05, 1.650000e-05, 1.650000e-05
6.435000e-04, 2.983500e-03, 1.650000e-05, 1.650000e-05, 1.650000e-05
7.605000e-04, 2.983500e-03, 1.650000e-05, 1.650000e-05, 1.650000e-05
8.775000e-04, 2.983500e-03, 1.650000e-05, 1.650000e-05, 1.650000e-05
9.945000e-04, 2.983500e-03, 1.650000e-05, 1.650000e-05, 1.650000e-05
1.111500e-03, 2.983500e-03, 1.650000e-05, 1.650000e-05, 1.650000e-05
1.228500e-03, 2.983500e-03, 1.650000e-05, 1.650000e-05, 1.650000e-05
1.345500e-03, 2.983500e-03, 1.650000e-05, 1.650000e-05, 1.650000e-05
1.462500e-03, 2.983500e-03, 1.650000e-05, 1.650000e-05, 1.650000e-05
1.579500e-03, 2.983500e-03, 1.650000e-05, 1.650000e-05, 1.650000e-05
1.696500e-03, 2.983500e-03, 1.650000e-05, 1.650000e-05, 1.650000e-05
1.813500e-03, 2.983500e-03, 1.650000e-05, 1.650000e-05, 1.650000e-05
1.930500e-03, 2.983500e-03, 1.650000e-05, 1.650000e-05, 1.650000e-05
2.047500e-03, 2.983500e-03, 1.650000e-05, 1.650000e-05, 1.650000e-05
2.164500e-03, 2.983500e-03, 1.650000e-05, 1.650000e-05, 1.650000e-05
2.281500e-03, 2.983500e-03, 1.330039e-05, 1.330039e-05, 1.311799e-05
2.398500e-03, 2.983500e-03, 1.441324e-05, 1.441324e-05, 1.432066e-05
2.515500e-03, 2.983500e-03, 1.650000e-05, 1.650000e-05, 1.650000e-05
2.632500e-03, 2.983500e-03, 1.278121e-05, 1.334744e-05, 1.281587e-05
2.749500e-03, 2.983500e-03, 1.633075e-05, 1.633075e-05, 1.633534e-05
2.866500e-03, 2.983500e-03, 2.893222e-06, 3.107541e-06, 2.929169e-06
2.983500e-03, 2.983500e-03, 5.500000e-07, 5.500000e-07, 5.500000e-07
3.100500e-03, 2.983500e-03, 1.364814e-05, 1.397517e-05, 1.370095e-05
3.217500e-03, 2.983500e-03, 1.626777e-05, 1.629316e-05, 1.627317e-05
3.334500e-03, 2.983500e-03, 4.072515e-06, 4.072503e-06, 3.981835e-06
3.451500e-03, 2.983500e-03, 1.561898e-05, 1.568553e-05, 1.560925e-05
3.568500e-03, 2.983500e-03, 1.650000e-05, 1.650000e-05, 1.650000e-05
3.685500e-03, 2.983500e-03, 8.677993e-06, 8.624892e-06, 8.447890e-06
3.802500e-03, 2.983500e-03, 1.112189e-05, 1.111304e-05, 1.097655e-05
3.919500e-03, 2.983500e-03, 1.650000e-05, 1.650000e-05, 1.650000e-05
4.036500e-03, 2.983500e-03, 1.650000e-05, 1.650000e-05, 1.650000e-05
4.153500e-03, 2.983500e-03, 1.491637e-05, 1.467526e-05, 1.470863e-05
4.270500e-03, 2.983500e-03, 1.649888e-05, 1.649887e-05, 1.649897e-05
4.387500e-03, 2.983500e-03, 1.508121e-05, 1.482495e-05, 1.487588e-05
4.504500e-03, 2.983500e-03, 1.624294e-05, 1.624028e-05, 1.624024e-05
4.621500e-03, 2.983500e-03, 1.650000e-05, 1.650000e-05, 1.650000e-05
4.738500e-03, 2.983500e-03, 1.536968e-05, 1.531707e-05, 1.530069e-05
4.855500e-03, 2.983500e-03, 1.189641e-05, 1.201248e-05, 1.175448e-05
4.972500e-03, 2.983500e-03, 1.263394e-05, 1.294914e-05, 1.250392e-05
5.089500e-03, 2.983500e-03, 1.631100e-05, 1.626459e-05, 1.628300e-05
5.206500e-03, 2.983500e-03, 1.584664e-05, 1.572901e-05, 1.577871e-05
5.323500e-03, 2.983500e-03, 1.623691e-05, 1.622832e-05, 1.623351e-05
5.440500e-03, 2.983500e-03, 1.487016e-05, 1.463087e-05, 1.464672e-05
5.557500e-03, 2.983500e-03, 1.501470e-05, 1.479444e-05, 1.480975e-05
5.674500e-03, 2.983500e-03, 1.480698e-05, 1.480683e-05, 1.474826e-05
5.791500e-03, 2.983500e-03, 1.620747e-06, 1.711056e-06, 1.638867e-06
-5.791500e-03, 3.100500e-03, 5.500000e-07, 5.500000e-07, 5.500000e-07
-5.674500e-03, 3.100500e-03, 8.861810e-06, 8.789288e-06, 8.683598e-06
-5.557500e-03, 3.100500e-03, 1.217710e-05, 1.191308e-05, 1.190668e-05
-5.440500e-03, 3.100500e-03, 1.356156e-05, 1.385792e-05, 1.355956e-05
-5.323500e-03, 3.100500e-03, 1.477702e-05, 1.491632e-05, 1.472928e-05
-5.206500e-03, 3.100500e-03, 1.567462e-05, 1.561274e-05, 1.561708e-05
-5.089500e-03, 3.100500e-03, 1.436120e-05, 1.454050e-05, 1.425209e-05
-4.972500e-03, 3.100500e-03, 1.650000e-05, 1.650000e-05, 1.650000e-05
-4.855500e-03, 3.100500e-03, 1.554534e-05, 1.554262e-05, 1.551755e-05
-4.738500e-03, 3.100500e-03, 1.579218e-05, 1.579218e-05, 1.577447e-05
-4.621500e-03, 3.100500e-03, 1.400078e-05, 1.398360e-05, 1.383316e-05
-4.504500e-03, 3.100500e-03, 1.214804e-05, 1.187465e-05, 1.176689e-05
-4.387500e-03, 3.100500e-03, 1.496234e-05, 1.474147e-05, 1.479027e-05
-4.270500e-03, 3.100500e-03, 1.520319e-05, 1.523926e-05, 1.510555e-05
-4.153500e-03, 3.100500e-03, 1.650000e-05, 1.650000e-05, 1.650000e-05
-4.036500e-03, 3.100500e-03, 1.650000e-05, 1.650000e-05, 1.650000e-05
-3.919500e-03, 3.100500e-03, 1.650000e-05, 1.650000e-05, 1.650000e-05
-3.802500e-03, 3.100500e-03, 1.650000e-05, 1.650000e-05, 1.650000e-05
-3.685500e-03, 3.100500e-03, 1.334316e-05, 1.331997e-05, 1.323739e-05
-3.568500e-03, 3.100500e-03, 1.534654e-05, 1.534654e-05, 1.531024e-05
-3.451500e-03, 3.100500e-03, 1.248003e-05, 1.318503e-05, 1.257999e-05
-3.334500e-03, 3.100500e-03, 1.650000e-05, 1.650000e-05, 1.650000e-05
-3.217500e-03, 3.100500e-03, 3.785202e-06, 4.075528e-06, 3.838256e-06
-3.100500e-03, 3.100500e-03, 5.500000e-07, 5.500000e-07, 5.500000e-07
-2.983500e-03, 3.100500e-03, 1.359691e-05, 1.391716e-05, 1.364470e-05
-2.866500e-03, 3.100500e-03, 1.650000e-05, 1.650000e-05, 1.650000e-05
-2.749500e-03, 3.100500e-03, 1.650000e-05, 1.650000e-05, 1.650000e-05
-2.632500e-03, 3.100500e-03, 1.500895e-05, 1.488782e-05, 1.489864e-05
-2.515500e-03, 3.100500e-03, 1.345351e-05, 1.312977e-05, 1.317816e-05
-2.398500e-03, 3.100500e-03, 1.151432e-05, 1.137623e-05, 1.127237e-05
-2.281500e-03, 3.100500e-03, 9.683568e-07, 9.932317e-07, 9.785524e-07
-2.164500e-03, 3.100500e-03, 5.822900e-06, 5.686119e-06, 5.658790e-06
-2.047500e-03, 3.100500e-03, 9.901183e-06, 9.191580e-06, 9.296697e-06
-1.930500e-03, 3.100500e-03, 1.332664e-05, 1.329246e-05, 1.320738e-05
-1.813500e-03, 3.100500e-03, 1.650000e-05, 1.650000e-05, 1.650000e-05
-1.696500e-03, 3.100500e-03, 1.650000e-05, 1.650000e-05, 1.650000e-05
-1.579500e-03, 3.100500e-03, 1.650000e-05, 1.650000e-05, 1.650000e-05
-1.462500e-03, 3.100500e-03, 1.650000e-05, 1.650000e-05, 1.650000e-05
-1.345500e-03, 3.100500e-03, 1.626965e-05, 1.626968e-05, 1.626912e-05
-1.228500e-03, 3.100500e-03, 1.206566e-05, 1.190972e-05, 1.165307e-05
-1.111500e-03, 3.100500e-03, 1.293523e-05, 1.228202e-05, 1.234941e-05
-9.945000e-04, 3.100500e-03, 1.351628e-05, 1.351628e-05, 1.335097e-05
-8.775000e-04, 3.100500e-03, 1.650000e-05, 1.650000e-05, 1.650000e-05
-7.605000e-04, 3.100500e-03, 1.329338e-05, 1.308171e-05, 1.300473e-05
-6.435000e-04, 3.100500e-03, 1.319569e-05, 1.248156e-05, 1.258402e-05
-5.265000e-04, 3.100500e-03, 1.319569e-05, 1.248156e-05, 1.258402e-05
-4.095000e-04, 3.100500e-03, 1.319569e-05, 1.248156e-05, 1.258402e-05
-2.925000e-04, 3.100500e-03, 1.319569e-05, 1.248156e-05, 1.258402e-05
-1.755000e-04, 3.100500e-03, 1.319569e-05, 1.248156e-05, 1.258402e-05
-5.850000e-05, 3.100500e-03, 1.319642e-05, 1.248251e-05, 1.258496e-05
5.850000e-05, 3.100500e-03, 1.319569e-05, 1.248156e-05, 1.258402e-05
1.755000e-04, 3.100500e-03, 1.319569e-05, 1.248156e-05, 1.258402e-05
2.925000e-04, 3.100500e-03, 1.319569e-05, 1.248156e-05, 1.258402e-05
4.095000e-04, 3.100500e-03, 1.319569e-05, 1.248156e-05, 1.258402e-05
5.265000e-04, 3.100500e-03, 1.319569e-05, 1.248156e-05, 1.258402e-05
6.435000e-04, 3.100500e-03, 1.319569e-05, 1.248156e-05, 1.258402e-05
7.605000e-04, 3.100500e-03, 1.319569e-05, 1.248156e-05, 1.258402e-05
8.775000e-04, 3.100500e-03, 1.319569e-05, 1.248156e-05, 1.258402e-05
9.945000e-04, 3.100500e-03, 1.319569e-05, 1.248156e-05, 1.258402e-05
1.111500e-03, 3.100500e-03, 1.319569e-05, 1.248156e-05, 1.258402e-05
1.228500e-03, 3.100500e-03, 1.319569e-05, 1.248156e-05, 1.258402e-05
1.345500e-03, 3.100500e-03, 1.319569e-05, 1.248156e-05, 1.258402e-05
1.462500e-03, 3.100500e-03, 1.319569e-05, 1.248156e-05, 1.258402e-05
1.579500e-03, 3.100500e-03, 1.319569e-05, 1.248156e-05, 1.258402e-05
1.696500e-03, 3.100500e-03, 1.319569e-05, 1.248156e-05, 1.258402e-05
1.813500e-03, 3.100500e-03, 1.319569e-05, 1.248156e-05, 1.258402e-05
1.930500e-03, 3.100500e-03, 1.319569e-05, 1.248156e-05, 1.258402e-05
2.047500e-03, 3.100500e-03, 1.319569e-05, 1.248156e-05, 1.258402e-05
2.164500e-03, 3.100500e-03, 1.317164e-05, 1.246052e-05, 1.256255e-05
2.281500e-03, 3.100500e-03, 1.443377e-05, 1.442661e-05, 1.434158e-05
2.398500e-03, 3.100500e-03, 1.650000e-05, 1.650000e-05, 1.650000e-05
2.515500e-03, 3.100500e-03, 1.588129e-05, 1.588129e-05, 1.586714e-05
2.632500e-03, 3.100500e-03, 4.935747e-06, 4.956742e-06, 4.842903e-06
2.749500e-03, 3.100500e-03, 1.120569e-05, 1.176511e-05, 1.125988e-05
2.866500e-03, 3.100500e-03, 7.010738e-07, 7.018385e-07, 7.036403e-07
2.983500e-03, 3.100500e-03, 5.500000e-07, 5.500000e-07, 5.500000e-07
3.100500e-03, 3.100500e-03, 1.364814e-05, 1.397517e-05, 1.370095e-05
3.217500e-03, 3.100500e-03, 1.650000e-05, 1.650000e-05, 1.650000e-05
3.334500e-03, 3.100500e-03, 1.609326e-05, 1.605031e-05, 1.605192e-05
3.451500e-03, 3.100500e-03, 1.650000e-05, 1.650000e-05, 1.650000e-05
3.568500e-03, 3.100500e-03, 1.650000e-05, 1.650000e-05, 1.650000e-05
3.685500e-03, 3.100500e-03, 1.595555e-05, 1.594890e-05, 1.594445e-05
3.802500e-03, 3.100500e-03, 1.636691e-05, 1.636691e-05, 1.636866e-05
3.919500e-03, 3.100500e-03, 1.650000e-05, 1.650000e-05, 1.650000e-05
4.036500e-03, 3.100500e-03, 1.650000e-05, 1.650000e-05, 1.650000e-05
4.153500e-03, 3.100500e-03, 1.650000e-05, 1.650000e-05, 1.650000e-05
4.270500e-03, 3.100500e-03, 1.650000e-05, 1.650000e-05, 1.650000e-05
4.387500e-03, 3.100500e-03, 1.650000e-05, 1.650000e-05, 1.650000e-05
4.504500e-03, 3.100500e-03, 1.650000e-05, 1.650000e-05, 1.650000e-05
4.621500e-03, 3.100500e-03, 1.628235e-05, 1.628225e-05, 1.628358e-05
4.738500e-03, 3.100500e-03, 1.576701e-05, 1.570226e-05, 1.570879e-05
4.855500e-03, 3.100500e-03, 1.075009e-05, 1.058458e-05, 1.051337e-05
4.972500e-03, 3.100500e-03, 1.530430e-05, 1.542214e-05, 1.529809e-05
5.089500e-03, 3.100500e-03, 1.516658e-05, 1.517596e-05, 1.498484e-05
5.206500e-03, 3.100500e-03, 1.565295e-05, 1.547161e-05, 1.552826e-05
5.323500e-03, 3.100500e-03, 1.564505e-05, 1.570890e-05, 1.564449e-05
5.440500e-03, 3.100500e-03, 1.371281e-05, 1.412203e-05, 1.373938e-05
5.557500e-03, 3.100500e-03, 1.500136e-05, 1.490792e-05, 1.490806e-05
5.674500e-03, 3.100500e-03, 1.195947e-05, 1.166128e-05, 1.155754e-05
5.791500e-03, 3.100500e-03, 1.315092e-06, 1.363890e-06, 1.327406e-06
-5.791500e-03, 3.217500e-03, 5.683222e-07, 5.725638e-07, 5.717820e-07
-5.674500e-03, 3.217500e-03, 1.559467e-05, 1.570725e-05, 1.561975e-05
-5.557500e-03, 3.217500e-03, 1.650000e-05, 1.650000e-05, 1.650000e-05
-5.440500e-03, 3.217500e-03, 1.304853e-05, 1.365749e-05, 1.311395e-05
-5.323500e-03, 3.217500e-03, 1.517971e-05, 1.540122e-05, 1.513481e-05
-5.206500e-03, 3.217500e-03, 1.650000e-05, 1.650000e-05, 1.650000e-05
-5.089500e-03, 3.217500e-03, 1.520509e-05, 1.541998e-05, 1.517799e-05
-4.972500e-03, 3.217500e-03, 1.650000e-05, 1.650000e-05, 1.650000e-05
-4.855500e-03, 3.217500e-03, 9.816685e-06, 9.789575e-06, 9.643986e-06
-4.738500e-03, 3.217500e-03, 1.061261e-05, 1.059793e-05, 1.045966e-05
-4.621500e-03, 3.217500e-03, 1.648401e-05, 1.648594e-05, 1.648625e-05
-4.504500e-03, 3.217500e-03, 1.412471e-05, 1.440715e-05, 1.414544e-05
-4.387500e-03, 3.217500e-03, 1.650000e-05, 1.650000e-05, 1.650000e-05
-4.270500e-03, 3.217500e-03, 1.576368e-05, 1.589637e-05, 1.581638e-05
-4.153500e-03, 3.217500e-03, 1.650000e-05, 1.650000e-05, 1.650000e-05
-4.036500e-03, 3.217500e-03, 1.650000e-05, 1.650000e-05, 1.650000e-05
-3.919500e-03, 3.217500e-03, 1.650000e-05, 1.650000e-05, 1.650000e-05
-3.802500e-03, 3.217500e-03, 1.650000e-05, 1.650000e-05, 1.650000e-05
-3.685500e-03, 3.217500e-03, 1.650000e-05, 1.650000e-05, 1.650000e-05
-3.568500e-03, 3.217500e-03, 1.650000e-05, 1.650000e-05, 1.650000e-05
-3.451500e-03, 3.217500e-03, 1.248003e-05, 1.318503e-05, 1.257999e-05
-3.334500e-03, 3.217500e-03, 1.650000e-05, 1.650000e-05, 1.650000e-05
-3.217500e-03, 3.217500e-03, 3.785202e-06, 4.075528e-06, 3.838256e-06
-3.100500e-03, 3.217500e-03, 5.500000e-07, 5.500000e-07, 5.500000e-07
-2.983500e-03, 3.217500e-03, 1.359691e-05, 1.391716e-05, 1.364470e-05
-2.866500e-03, 3.217500e-03, 1.650000e-05, 1.650000e-05, 1.650000e-05
-2.749500e-03, 3.217500e-03, 1.386730e-05, 1.386730e-05, 1.377251e-05
-2.632500e-03, 3.217500e-03, 1.955882e-06, 1.955882e-06, 1.919746e-06
-2.515500e-03, 3.217500e-03, 5.500000e-07, 5.500000e-07, 5.500000e-07
-2.398500e-03, 3.217500e-03, 5.500000e-07, 5.500000e-07, 5.500000e-07
-2.281500e-03, 3.217500e-03, 7.346253e-06, 7.361303e-06, 7.240860e-06
-2.164500e-03, 3.217500e-03, 1.645166e-05, 1.645166e-05, 1.645409e-05
-2.047500e-03, 3.217500e-03, 1.650000e-05, 1.650000e-05, 1.650000e-05
-1.930500e-03, 3.217500e-03, 1.650000e-05, 1.650000e-05, 1.650000e-05
-1.813500e-03, 3.217500e-03, 1.650000e-05, 1.650000e-05, 1.650000e-05
-1.696500e-03, 3.217500e-03, 1.480775e-05, 1.480775e-05, 1.474878e-05
-1.579500e-03, 3.217500e-03, 9.108637e-06, 8.709164e-06, 8.775961e-06
-1.462500e-03, 3.217500e-03, 1.048317e-05, 9.753470e-06, 9.859388e-06
-1.345500e-03, 3.217500e-03, 6.517035e-06, 6.171657e-06, 6.161219e-06
-1.228500e-03, 3.217500e-03, 1.251224e-05, 1.282681e-05, 1.254778e-05
-1.111500e-03, 3.217500e-03, 1.650000e-05, 1.650000e-05, 1.650000e-05
-9.945000e-04, 3.217500e-03, 1.419796e-05, 1.419796e-05, 1.408820e-05
-8.775000e-04, 3.217500e-03, 1.351628e-05, 1.351628e-05, 1.335097e-05
-7.605000e-04, 3.217500e-03, 1.650000e-05, 1.650000e-05, 1.650000e-05
-6.435000e-04, 3.217500e-03, 1.650000e-05, 1.650000e-05, 1.650000e-05
-5.265000e-04, 3.217500e-03, 1.650000e-05, 1.650000e-05, 1.650000e-05
-4.095000e-04, 3.217500e-03, 1.650000e-05, 1.650000e-05, 1.650000e-05
-2.925000e-04, 3.217500e-03, 1.650000e-05, 1.650000e-05, 1.650000e-05
-1.755000e-04, 3.217500e-03, 1.650000e-05, 1.650000e-05, 1.650000e-05
-5.850000e-05, 3.217500e-03, 1.650000e-05, 1.650000e-05, 1.650000e-05
5.850000e-05, 3.217500e-03, 1.650000e-05, 1.650000e-05, 1.650000e-05
1.755000e-04, 3.217500e-03, 1.650000e-05, 1.650000e-05, 1.650000e-05
2.925000e-04, 3.217500e-03, 1.650000e-05, 1.650000e-05, 1.650000e-05
4.095000e-04, 3.217500e-03, 1.650000e-05, 1.650000e-05, 1.650000e-05
5.265000e-04, 3.217500e-03, 1.650000e-05, 1.650000e-05, 1.650000e-05
6.435000e-04, 3.217500e-03, 1.650000e-05, 1.650000e-05, 1.650000e-05
7.605000e-04, 3.217500e-03, 1.650000e-05, 1.650000e-05, 1.650000e-05
8.775000e-04, 3.217500e-03, 1.650000e-05, 1.650000e-05, 1.650000e-05
9.945000e-04, 3.217500e-03, 1.650000e-05, 1.650000e-05, 1.650000e-05
1.111500e-03, 3.217500e-03, 1.650000e-05, 1.650000e-05, 1.650000e-05
1.228500e-03, 3.217500e-03, 1.650000e-05, 1.650000e-05, 1.650000e-05
1.345500e-03, 3.217500e-03, 1.650000e-05, 1.650000e-05, 1.650000e-05
1.462500e-03, 3.217500e-03, 1.637872e-05, 1.633360e-05, 1.635040e-05
1.579500e-03, 3.217500e-03, 1.650000e-05, 1.650000e-05, 1.650000e-05
1.696500e-03, 3.217500e-03, 1.650000e-05, 1.650000e-05, 1.650000e-05
1.813500e-03, 3.217500e-03, 1.646945e-05, 1.646628e-05, 1.647009e-05
1.930500e-03, 3.217500e-03, 1.644776e-05, 1.643848e-05, 1.644560e-05
2.047500e-03, 3.217500e-03, 1.650000e-05, 1.650000e-05, 1.650000e-05
2.164500e-03, 3.217500e-03, 1.650000e-05, 1.650000e-05, 1.650000e-05
2.281500e-03, 3.217500e-03, 1.650000e-05, 1.650000e-05, 1.650000e-05
2.398500e-03, 3.217500e-03, 1.588129e-05, 1.588129e-05, 1.586714e-05
2.515500e-03, 3.217500e-03, 4.786650e-06, 4.786650e-06, 4.678371e-06
2.632500e-03, 3.217500e-03, 5.500000e-07, 5.500000e-07, 5.500000e-07
2.749500e-03, 3.217500e-03, 9.585368e-06, 1.028927e-05, 9.645304e-06
2.866500e-03, 3.217500e-03, 6.154963e-07, 6.154963e-07, 6.184734e-07
2.983500e-03, 3.217500e-03, 5.500000e-07, 5.500000e-07, 5.500000e-07
3.100500e-03, 3.217500e-03, 1.364814e-05, 1.397517e-05, 1.370095e-05
3.217500e-03, 3.217500e-03, 1.650000e-05, 1.650000e-05, 1.650000e-05
3.334500e-03, 3.217500e-03, 1.650000e-05, 1.650000e-05, 1.650000e-05
3.451500e-03, 3.217500e-03, 1.650000e-05, 1.650000e-05, 1.650000e-05
3.568500e-03, 3.217500e-03, 1.650000e-05, 1.650000e-05, 1.650000e-05
3.685500e-03, 3.217500e-03, 1.650000e-05, 1.650000e-05, 1.650000e-05
3.802500e-03, 3.217500e-03, 1.650000e-05, 1.650000e-05, 1.650000e-05
3.919500e-03, 3.217500e-03, 1.650000e-05, 1.650000e-05, 1.650000e-05
4.036500e-03, 3.217500e-03, 1.047284e-05, 1.047762e-05, 1.033847e-05
4.153500e-03, 3.217500e-03, 1.505113e-05, 1.505263e-05, 1.500377e-05
4.270500e-03, 3.217500e-03, 1.650000e-05, 1.650000e-05, 1.650000e-05
4.387500e-03, 3.217500e-03, 1.650000e-05, 1.650000e-05, 1.650000e-05
4.504500e-03, 3.217500e-03, 1.650000e-05, 1.650000e-05, 1.650000e-05
4.621500e-03, 3.217500e-03, 1.546944e-05, 1.559195e-05, 1.548373e-05
4.738500e-03, 3.217500e-03, 1.650000e-05, 1.650000e-05, 1.650000e-05
4.855500e-03, 3.217500e-03, 1.648282e-05, 1.648282e-05, 1.648448e-05
4.972500e-03, 3.217500e-03, 1.615523e-05, 1.621136e-05, 1.618123e-05
5.089500e-03, 3.217500e-03, 1.502709e-05, 1.529230e-05, 1.501611e-05
5.206500e-03, 3.217500e-03, 1.650000e-05, 1.650000e-05, 1.650000e-05
5.323500e-03, 3.217500e-03, 1.404944e-05, 1.433789e-05, 1.396765e-05
5.440500e-03, 3.217500e-03, 1.290908e-05, 1.336813e-05, 1.283559e-05
5.557500e-03, 3.217500e-03, 1.650000e-05, 1.650000e-05, 1.650000e-05
5.674500e-03, 3.217500e-03, 1.559467e-05, 1.570725e-05, 1.561975e-05
5.791500e-03, 3.217500e-03, 5.683222e-07, 5.725638e-07, 5.717820e-07
-5.791500e-03, 3.334500e-03, 5.500000e-07, 5.500000e-07, 5.500000e-07
-5.674500e-03, 3.334500e-03, 4.616371e-06, 4.495304e-06, 4.469444e-06
-5.557500e-03, 3.334500e-03, 1.247820e-05, 1.202259e-05, 1.201627e-05
-5.440500e-03, 3.334500e-03, 1.553218e-05, 1.554281e-05, 1.551069e-05
-5.323500e-03, 3.334500e-03, 1.639853e-05, 1.639196e-05, 1.639858e-05
-5.206500e-03, 3.334500e-03, 1.535187e-05, 1.505503e-05, 1.500494e-05
-5.089500e-03, 3.334500e-03, 1.635325e-05, 1.634115e-05, 1.634910e-05
-4.972500e-03, 3.334500e-03, 1.650000e-05, 1.650000e-05, 1.650000e-05
-4.855500e-03, 3.334500e-03, 1.648303e-05, 1.648275e-05, 1.648468e-05
-4.738500e-03, 3.334500e-03, 1.649943e-05, 1.649943e-05, 1.649946e-05
-4.621500e-03, 3.334500e-03, 1.650000e-05, 1.650000e-05, 1.650000e-05
-4.504500e-03, 3.334500e-03, 1.577515e-05, 1.578839e-05, 1.575809e-05
-4.387500e-03, 3.334500e-03, 1.558751e-05, 1.541457e-05, 1.547207e-05
-4.270500e-03, 3.334500e-03, 1.540193e-05, 1.534192e-05, 1.530211e-05
-4.153500e-03, 3.334500e-03, 1.650000e-05, 1.650000e-05, 1.650000e-05
-4.036500e-03, 3.334500e-03, 1.650000e-05, 1.650000e-05, 1.650000e-05
-3.919500e-03, 3.334500e-03, 1.617871e-05, 1.617871e-05, 1.617542e-05
-3.802500e-03, 3.334500e-03, 1.147596e-05, 1.147604e-05, 1.134127e-05
-3.685500e-03, 3.334500e-03, 1.650000e-05, 1.650000e-05, 1.650000e-05
-3.568500e-03, 3.334500e-03, 1.650000e-05, 1.650000e-05, 1.650000e-05
-3.451500e-03, 3.334500e-03, 1.248003e-05, 1.318503e-05, 1.257999e-05
-3.334500e-03, 3.334500e-03, 1.650000e-05, 1.650000e-05, 1.650000e-05
-3.217500e-03, 3.334500e-03, 3.785202e-06, 4.075528e-06, 3.838256e-06
-3.100500e-03, 3.334500e-03, 5.500000e-07, 5.500000e-07, 5.500000e-07
-2.983500e-03, 3.334500e-03, 1.359691e-05, 1.391716e-05, 1.364470e-05
-2.866500e-03, 3.334500e-03, 1.650000e-05, 1.650000e-05, 1.650000e-05
-2.749500e-03, 3.334500e-03, 5.498660e-06, 5.784115e-06, 5.537112e-06
-2.632500e-03, 3.334500e-03, 5.500000e-07, 5.500000e-07, 5.500000e-07
-2.515500e-03, 3.334500e-03, 5.500000e-07, 5.500000e-07, 5.500000e-07
-2.398500e-03, 3.334500e-03, 5.500000e-07, 5.500000e-07, 5.500000e-07
-2.281500e-03, 3.334500e-03, 1.270322e-05, 1.297844e-05, 1.269760e-05
-2.164500e-03, 3.334500e-03, 1.650000e-05, 1.650000e-05, 1.650000e-05
-2.047500e-03, 3.334500e-03, 1.650000e-05, 1.650000e-05, 1.650000e-05
-1.930500e-03, 3.334500e-03, 1.650000e-05, 1.650000e-05, 1.650000e-05
-1.813500e-03, 3.334500e-03, 1.480775e-05, 1.480775e-05, 1.474878e-05
-1.696500e-03, 3.334500e-03, 2.868641e-06, 2.868641e-06, 2.802463e-06
-1.579500e-03, 3.334500e-03, 1.162343e-05, 1.183165e-05, 1.156389e-05
-1.462500e-03, 3.334500e-03, 1.650000e-05, 1.650000e-05, 1.650000e-05
-1.345500e-03, 3.334500e-03, 1.580800e-05, 1.580800e-05, 1.579096e-05
-1.228500e-03, 3.334500e-03, 8.285117e-06, 8.285117e-06, 7.967563e-06
-1.111500e-03, 3.334500e-03, 1.559174e-05, 1.559174e-05, 1.556577e-05
-9.945000e-04, 3.334500e-03, 1.650000e-05, 1.650000e-05, 1.650000e-05
-8.775000e-04, 3.334500e-03, 1.419796e-05, 1.419796e-05, 1.408820e-05
-7.605000e-04, 3.334500e-03, 1.342318e-05, 1.338865e-05, 1.323183e-05
-6.435000e-04, 3.334500e-03, 1.614354e-05, 1.601045e-05, 1.605855e-05
-5.265000e-04, 3.334500e-03, 1.614354e-05, 1.601045e-05, 1.605855e-05
-4.095000e-04, 3.334500e-03, 1.614354e-05, 1.601045e-05, 1.605855e-05
-2.925000e-04, 3.334500e-03, 1.614354e-05, 1.601045e-05, 1.605855e-05
-1.755000e-04, 3.334500e-03, 1.614354e-05, 1.601045e-05, 1.605855e-05
-5.850000e-05, 3.334500e-03, 1.593068e-05, 1.579744e-05, 1.583782e-05
5.850000e-05, 3.334500e-03, 1.442903e-05, 1.414028e-05, 1.418790e-05
1.755000e-04, 3.334500e-03, 1.614354e-05, 1.601045e-05, 1.605855e-05
2.925000e-04, 3.334500e-03, 1.614354e-05, 1.601045e-05, 1.605855e-05
4.095000e-04, 3.334500e-03, 1.618102e-05, 1.605437e-05, 1.609908e-05
5.265000e-04, 3.334500e-03, 1.650000e-05, 1.650000e-05, 1.650000e-05
6.435000e-04, 3.334500e-03, 1.650000e-05, 1.650000e-05, 1.650000e-05
7.605000e-04, 3.334500e-03, 1.650000e-05, 1.650000e-05, 1.650000e-05
8.775000e-04, 3.334500e-03, 1.650000e-05, 1.650000e-05, 1.650000e-05
9.945000e-04, 3.334500e-03, 1.650000e-05, 1.650000e-05, 1.650000e-05
1.111500e-03, 3.334500e-03, 1.650000e-05, 1.650000e-05, 1.650000e-05
1.228500e-03, 3.334500e-03, 1.650000e-05, 1.650000e-05, 1.650000e-05
1.345500e-03, 3.334500e-03, 1.176369e-05, 1.193717e-05, 1.163214e-05
1.462500e-03, 3.334500e-03, 1.346463e-05, 1.319678e-05, 1.317100e-05
1.579500e-03, 3.334500e-03, 7.367059e-06, 7.176141e-06, 7.113828e-06
1.696500e-03, 3.334500e-03, 6.821796e-06, 6.518495e-06, 6.568630e-06
1.813500e-03, 3.334500e-03, 1.076152e-05, 1.065045e-05, 1.048072e-05
1.930500e-03, 3.334500e-03, 1.296580e-05, 1.271706e-05, 1.264600e-05
2.047500e-03, 3.334500e-03, 1.258833e-05, 1.184938e-05, 1.195057e-05
2.164500e-03, 3.334500e-03, 1.212617e-05, 1.143494e-05, 1.152496e-05
2.281500e-03, 3.334500e-03, 6.917311e-06, 6.613775e-06, 6.666760e-06
2.398500e-03, 3.334500e-03, 3.861482e-06, 3.769772e-06, 3.741767e-06
2.515500e-03, 3.334500e-03, 5.500000e-07, 5.500000e-07, 5.500000e-07
2.632500e-03, 3.334500e-03, 5.500000e-07, 5.500000e-07, 5.500000e-07
2.749500e-03, 3.334500e-03, 6.629172e-06, 6.846011e-06, 6.600487e-06
2.866500e-03, 3.334500e-03, 3.479826e-06, 3.756276e-06, 3.528213e-06
2.983500e-03, 3.334500e-03, 5.500000e-07, 5.500000e-07, 5.500000e-07
3.100500e-03, 3.334500e-03, 1.364814e-05, 1.397517e-05, 1.370095e-05
3.217500e-03, 3.334500e-03, 1.401574e-05, 1.402965e-05, 1.394364e-05
3.334500e-03, 3.334500e-03, 1.033718e-05, 1.033685e-05, 1.021232e-05
3.451500e-03, 3.334500e-03, 1.650000e-05, 1.650000e-05, 1.650000e-05
3.568500e-03, 3.334500e-03, 1.650000e-05, 1.650000e-05, 1.650000e-05
3.685500e-03, 3.334500e-03, 1.650000e-05, 1.650000e-05, 1.650000e-05
3.802500e-03, 3.334500e-03, 1.650000e-05, 1.650000e-05, 1.650000e-05
3.919500e-03, 3.334500e-03, 1.650000e-05, 1.650000e-05, 1.650000e-05
4.036500e-03, 3.334500e-03, 1.096153e-05, 1.095973e-05, 1.082573e-05
4.153500e-03, 3.334500e-03, 1.525783e-05, 1.525783e-05, 1.521775e-05
4.270500e-03, 3.334500e-03, 1.650000e-05, 1.650000e-05, 1.650000e-05
4.387500e-03, 3.334500e-03, 1.650000e-05, 1.650000e-05, 1.650000e-05
4.504500e-03, 3.334500e-03, 1.650000e-05, 1.650000e-05, 1.650000e-05
4.621500e-03, 3.334500e-03, 1.650000e-05, 1.650000e-05, 1.650000e-05
4.738500e-03, 3.334500e-03, 1.552327e-05, 1.536358e-05, 1.526568e-05
4.855500e-03, 3.334500e-03, 1.593898e-05, 1.590122e-05, 1.590674e-05
4.972500e-03, 3.334500e-03, 1.616051e-05, 1.616920e-05, 1.616480e-05
5.089500e-03, 3.334500e-03, 1.626967e-05, 1.625574e-05, 1.626562e-05
5.206500e-03, 3.334500e-03, 1.421467e-05, 1.402113e-05, 1.385615e-05
5.323500e-03, 3.334500e-03, 1.574872e-05, 1.575599e-05, 1.573315e-05
5.440500e-03, 3.334500e-03, 1.349377e-05, 1.380815e-05, 1.350756e-05
5.557500e-03, 3.334500e-03, 1.368438e-05, 1.318269e-05, 1.317477e-05
5.674500e-03, 3.334500e-03, 1.290237e-05, 1.253915e-05, 1.250700e-05
5.791500e-03, 3.334500e-03, 1.795741e-06, 1.941324e-06, 1.823063e-06
-5.791500e-03, 3.451500e-03, 5.500000e-07, 5.500000e-07, 5.500000e-07
-5.674500e-03, 3.451500e-03, 8.430000e-06, 8.430000e-06, 8.315992e-06
-5.557500e-03, 3.451500e-03, 1.649696e-05, 1.649696e-05, 1.649736e-05
-5.440500e-03, 3.451500e-03, 1.650000e-05, 1.650000e-05, 1.650000e-05
-5.323500e-03, 3.451500e-03, 1.555518e-05, 1.548393e-05, 1.547494e-05
-5.206500e-03, 3.451500e-03, 1.578957e-05, 1.565246e-05, 1.570009e-05
-5.089500e-03, 3.451500e-03, 1.563119e-05, 1.566010e-05, 1.560959e-05
-4.972500e-03, 3.451500e-03, 1.650000e-05, 1.650000e-05, 1.650000e-05
-4.855500e-03, 3.451500e-03, 1.526932e-05, 1.509024e-05, 1.501506e-05
-4.738500e-03, 3.451500e-03, 1.533869e-05, 1.521359e-05, 1.519423e-05
-4.621500e-03, 3.451500e-03, 1.650000e-05, 1.650000e-05, 1.650000e-05
-4.504500e-03, 3.451500e-03, 1.499308e-05, 1.502568e-05, 1.490819e-05
-4.387500e-03, 3.451500e-03, 1.389312e-05, 1.336688e-05, 1.332970e-05
-4.270500e-03, 3.451500e-03, 1.649130e-05, 1.649165e-05, 1.649204e-05
-4.153500e-03, 3.451500e-03, 1.650000e-05, 1.650000e-05, 1.650000e-05
-4.036500e-03, 3.451500e-03, 1.650000e-05, 1.650000e-05, 1.650000e-05
-3.919500e-03, 3.451500e-03, 1.548184e-05, 1.549287e-05, 1.546358e-05
-3.802500e-03, 3.451500e-03, 8.632638e-06, 8.677781e-06, 8.466803e-06
-3.685500e-03, 3.451500e-03, 1.642701e-05, 1.643113e-05, 1.643223e-05
-3.568500e-03, 3.451500e-03, 1.650000e-05, 1.650000e-05, 1.650000e-05
-3.451500e-03, 3.451500e-03, 1.248003e-05, 1.318503e-05, 1.257999e-05
-3.334500e-03, 3.451500e-03, 1.650000e-05, 1.650000e-05, 1.650000e-05
-3.217500e-03, 3.451500e-03, 3.785202e-06, 4.075528e-06, 3.838256e-06
-3.100500e-03, 3.451500e-03, 5.500000e-07, 5.500000e-07, 5.500000e-07
-2.983500e-03, 3.451500e-03, 1.359691e-05, 1.391716e-05, 1.364470e-05
-2.866500e-03, 3.451500e-03, 1.650000e-05, 1.650000e-05, 1.650000e-05
-2.749500e-03, 3.451500e-03, 5.392249e-06, 5.687739e-06, 5.443541e-06
-2.632500e-03, 3.451500e-03, 5.500000e-07, 5.500000e-07, 5.500000e-07
-2.515500e-03, 3.451500e-03, 5.500000e-07, 5.500000e-07, 5.500000e-07
-2.398500e-03, 3.451500e-03, 5.500000e-07, 5.500000e-07, 5.500000e-07
-2.281500e-03, 3.451500e-03, 2.794943e-06, 2.750834e-06, 2.722148e-06
-2.164500e-03, 3.451500e-03, 6.417922e-06, 6.119710e-06, 6.168920e-06
-2.047500e-03, 3.451500e-03, 6.417922e-06, 6.119710e-06, 6.168920e-06
-1.930500e-03, 3.451500e-03, 6.417922e-06, 6.119710e-06, 6.168920e-06
-1.813500e-03, 3.451500e-03, 2.607243e-06, 2.573034e-06, 2.543785e-06
-1.696500e-03, 3.451500e-03, 5.500000e-07, 5.500000e-07, 5.500000e-07
-1.579500e-03, 3.451500e-03, 5.949240e-06, 5.955267e-06, 5.839224e-06
-1.462500e-03, 3.451500e-03, 1.623022e-05, 1.623022e-05, 1.622852e-05
-1.345500e-03, 3.451500e-03, 1.650000e-05, 1.650000e-05, 1.650000e-05
-1.228500e-03, 3.451500e-03, 1.580800e-05, 1.580800e-05, 1.579096e-05
-1.111500e-03, 3.451500e-03, 8.285117e-06, 8.285117e-06, 7.967563e-06
-9.945000e-04, 3.451500e-03, 1.559174e-05, 1.559174e-05, 1.556577e-05
-8.775000e-04, 3.451500e-03, 1.650000e-05, 1.650000e-05, 1.650000e-05
-7.605000e-04, 3.451500e-03, 1.365946e-05, 1.365946e-05, 1.355792e-05
-6.435000e-04, 3.451500e-03, 1.798212e-06, 1.799484e-06, 1.769063e-06
-5.265000e-04, 3.451500e-03, 9.807292e-07, 9.807292e-07, 9.769006e-07
-4.095000e-04, 3.451500e-03, 5.895892e-06, 5.637926e-06, 5.670998e-06
-2.925000e-04, 3.451500e-03, 1.671685e-06, 1.648586e-06, 1.639978e-06
-1.755000e-04, 3.451500e-03, 5.500000e-07, 5.500000e-07, 5.500000e-07
-5.850000e-05, 3.451500e-03, 6.473376e-06, 6.543364e-06, 6.381926e-06
5.850000e-05, 3.451500e-03, 1.502347e-05, 1.493261e-05, 1.491129e-05
1.755000e-04, 3.451500e-03, 9.338036e-07, 1.018075e-06, 9.594401e-07
2.925000e-04, 3.451500e-03, 6.064614e-06, 5.923590e-06, 5.893132e-06
4.095000e-04, 3.451500e-03, 4.071764e-06, 4.029204e-06, 3.979209e-06
5.265000e-04, 3.451500e-03, 8.858299e-06, 8.779730e-06, 8.678538e-06
6.435000e-04, 3.451500e-03, 1.207193e-05, 1.174161e-05, 1.179569e-05
7.605000e-04, 3.451500e-03, 1.207193e-05, 1.174161e-05, 1.179569e-05
8.775000e-04, 3.451500e-03, 1.207193e-05, 1.174161e-05, 1.179569e-05
9.945000e-04, 3.451500e-03, 1.207193e-05, 1.174161e-05, 1.179569e-05
1.111500e-03, 3.451500e-03, 1.207193e-05, 1.174161e-05, 1.179569e-05
1.228500e-03, 3.451500e-03, 8.261392e-06, 8.201193e-06, 8.105375e-06
1.345500e-03, 3.451500e-03, 2.398400e-06, 2.459652e-06, 2.387483e-06
1.462500e-03, 3.451500e-03, 1.142959e-05, 1.115953e-05, 1.117770e-05
1.579500e-03, 3.451500e-03, 6.806939e-06, 6.859296e-06, 6.704042e-06
1.696500e-03, 3.451500e-03, 5.500000e-07, 5.500000e-07, 5.500000e-07
1.813500e-03, 3.451500e-03, 5.935996e-06, 5.929463e-06, 5.833212e-06
1.930500e-03, 3.451500e-03, 1.118225e-05, 1.082357e-05, 1.077588e-05
2.047500e-03, 3.451500e-03, 7.980928e-06, 7.357699e-06, 7.421671e-06
2.164500e-03, 3.451500e-03, 5.303189e-06, 5.142560e-06, 5.071033e-06
2.281500e-03, 3.451500e-03, 9.947244e-06, 9.866449e-06, 9.727773e-06
2.398500e-03, 3.451500e-03, 6.498181e-06, 6.217468e-06, 6.258080e-06
2.515500e-03, 3.451500e-03, 1.363905e-06, 1.354961e-06, 1.346909e-06
2.632500e-03, 3.451500e-03, 5.500000e-07, 5.500000e-07, 5.500000e-07
2.749500e-03, 3.451500e-03, 8.798797e-06, 8.902056e-06, 8.728963e-06
2.866500e-03, 3.451500e-03, 6.643512e-06, 6.731182e-06, 6.551808e-06
2.983500e-03, 3.451500e-03, 5.500000e-07, 5.500000e-07, 5.500000e-07
3.100500e-03, 3.451500e-03, 1.364814e-05, 1.397517e-05, 1.370095e-05
3.217500e-03, 3.451500e-03, 1.510234e-05, 1.510234e-05, 1.505566e-05
3.334500e-03, 3.451500e-03, 1.230085e-05, 1.227992e-05, 1.217487e-05
3.451500e-03, 3.451500e-03, 1.650000e-05, 1.650000e-05, 1.650000e-05
3.568500e-03, 3.451500e-03, 1.650000e-05, 1.650000e-05, 1.650000e-05
3.685500e-03, 3.451500e-03, 1.650000e-05, 1.650000e-05, 1.650000e-05
3.802500e-03, 3.451500e-03, 1.650000e-05, 1.650000e-05, 1.650000e-05
3.919500e-03, 3.451500e-03, 1.650000e-05, 1.650000e-05, 1.650000e-05
4.036500e-03, 3.451500e-03, 1.650000e-05, 1.650000e-05, 1.650000e-05
4.153500e-03, 3.451500e-03, 1.650000e-05, 1.650000e-05, 1.650000e-05
4.270500e-03, 3.451500e-03, 1.650000e-05, 1.650000e-05, 1.650000e-05
4.387500e-03, 3.451500e-03, 1.528250e-05, 1.526629e-05, 1.524194e-05
4.504500e-03, 3.451500e-03, 1.626514e-05, 1.626514e-05, 1.626447e-05
4.621500e-03, 3.451500e-03, 1.650000e-05, 1.650000e-05, 1.650000e-05
4.738500e-03, 3.451500e-03, 1.650000e-05, 1.650000e-05, 1.650000e-05
4.855500e-03, 3.451500e-03, 1.650000e-05, 1.650000e-05, 1.650000e-05
4.972500e-03, 3.451500e-03, 1.650000e-05, 1.650000e-05, 1.650000e-05
5.089500e-03, 3.451500e-03, 1.496324e-05, 1.493470e-05, 1.486507e-05
5.206500e-03, 3.451500e-03, 1.390263e-05, 1.336059e-05, 1.344146e-05
5.323500e-03, 3.451500e-03, 1.356896e-05, 1.317250e-05, 1.318197e-05
5.440500e-03, 3.451500e-03, 1.650000e-05, 1.650000e-05, 1.650000e-05
5.557500e-03, 3.451500e-03, 1.649563e-05, 1.649563e-05, 1.649623e-05
5.674500e-03, 3.451500e-03, 8.367328e-06, 8.367328e-06, 8.253642e-06
5.791500e-03, 3.451500e-03, 5.500000e-07, 5.500000e-07, 5.500000e-07
-5.791500e-03, 3.568500e-03, 1.063543e-06, 1.236101e-06, 1.114610e-06
-5.674500e-03, 3.568500e-03, 1.649696e-05, 1.649696e-05, 1.649736e-05
-5.557500e-03, 3.568500e-03, 1.650000e-05, 1.650000e-05, 1.650000e-05
-5.440500e-03, 3.568500e-03, 1.650000e-05, 1.650000e-05, 1.650000e-05
-5.323500e-03, 3.568500e-03, 1.581598e-05, 1.589567e-05, 1.584916e-05
-5.206500e-03, 3.568500e-03, 1.650000e-05, 1.650000e-05, 1.650000e-05
-5.089500e-03, 3.568500e-03, 1.484304e-05, 1.504789e-05, 1.486063e-05
-4.972500e-03, 3.568500e-03, 1.556227e-05, 1.568991e-05, 1.560137e-05
-4.855500e-03, 3.568500e-03, 1.643139e-05, 1.643308e-05, 1.643575e-05
-4.738500e-03, 3.568500e-03, 1.628001e-05, 1.628861e-05, 1.628483e-05
-4.621500e-03, 3.568500e-03, 1.617643e-05, 1.622062e-05, 1.620046e-05
-4.504500e-03, 3.568500e-03, 1.630416e-05, 1.632012e-05, 1.631481e-05
-4.387500e-03, 3.568500e-03, 1.650000e-05, 1.650000e-05, 1.650000e-05
-4.270500e-03, 3.568500e-03, 1.552392e-05, 1.564033e-05, 1.553315e-05
-4.153500e-03, 3.568500e-03, 1.650000e-05, 1.650000e-05, 1.650000e-05
-4.036500e-03, 3.568500e-03, 1.650000e-05, 1.650000e-05, 1.650000e-05
-3.919500e-03, 3.568500e-03, 1.650000e-05, 1.650000e-05, 1.650000e-05
-3.802500e-03, 3.568500e-03, 1.650000e-05, 1.650000e-05, 1.650000e-05
-3.685500e-03, 3.568500e-03, 1.650000e-05, 1.650000e-05, 1.650000e-05
-3.568500e-03, 3.568500e-03, 1.650000e-05, 1.650000e-05, 1.650000e-05
-3.451500e-03, 3.568500e-03, 1.298795e-05, 1.359019e-05, 1.305348e-05
-3.334500e-03, 3.568500e-03, 1.650000e-05, 1.650000e-05, 1.650000e-05
-3.217500e-03, 3.568500e-03, 3.785202e-06, 4.075528e-06, 3.838256e-06
-3.100500e-03, 3.568500e-03, 5.500000e-07, 5.500000e-07, 5.500000e-07
-2.983500e-03, 3.568500e-03, 1.359691e-05, 1.391716e-05, 1.364470e-05
-2.866500e-03, 3.568500e-03, 1.650000e-05, 1.650000e-05, 1.650000e-05
-2.749500e-03, 3.568500e-03, 5.392249e-06, 5.687739e-06, 5.443541e-06
-2.632500e-03, 3.568500e-03, 5.500000e-07, 5.500000e-07, 5.500000e-07
-2.515500e-03, 3.568500e-03, 5.500000e-07, 5.500000e-07, 5.500000e-07
-2.398500e-03, 3.568500e-03, 5.500000e-07, 5.500000e-07, 5.500000e-07
-2.281500e-03, 3.568500e-03, 5.500000e-07, 5.500000e-07, 5.500000e-07
-2.164500e-03, 3.568500e-03, 5.500000e-07, 5.500000e-07, 5.500000e-07
-2.047500e-03, 3.568500e-03, 5.500000e-07, 5.500000e-07, 5.500000e-07
-1.930500e-03, 3.568500e-03, 5.500000e-07, 5.500000e-07, 5.500000e-07
-1.813500e-03, 3.568500e-03, 5.500000e-07, 5.500000e-07, 5.500000e-07
-1.696500e-03, 3.568500e-03, 5.500000e-07, 5.500000e-07, 5.500000e-07
-1.579500e-03, 3.568500e-03, 5.500000e-07, 5.500000e-07, 5.500000e-07
-1.462500e-03, 3.568500e-03, 6.855841e-06, 6.935662e-06, 6.758494e-06
-1.345500e-03, 3.568500e-03, 1.650000e-05, 1.650000e-05, 1.650000e-05
-1.228500e-03, 3.568500e-03, 1.650000e-05, 1.650000e-05, 1.650000e-05
-1.111500e-03, 3.568500e-03, 1.580800e-05, 1.580800e-05, 1.579096e-05
-9.945000e-04, 3.568500e-03, 8.646922e-06, 8.753465e-06, 8.317981e-06
-8.775000e-04, 3.568500e-03, 1.650000e-05, 1.650000e-05, 1.650000e-05
-7.605000e-04, 3.568500e-03, 1.650000e-05, 1.650000e-05, 1.650000e-05
-6.435000e-04, 3.568500e-03, 6.371935e-06, 6.672019e-06, 6.420756e-06
-5.265000e-04, 3.568500e-03, 8.191235e-06, 8.430199e-06, 8.182146e-06
-4.095000e-04, 3.568500e-03, 1.650000e-05, 1.650000e-05, 1.650000e-05
-2.925000e-04, 3.568500e-03, 1.089896e-05, 1.115011e-05, 1.088598e-05
-1.755000e-04, 3.568500e-03, 1.734553e-06, 1.917309e-06, 1.769431e-06
-5.850000e-05, 3.568500e-03, 1.622131e-05, 1.622132e-05, 1.621937e-05
5.850000e-05, 3.568500e-03, 1.645757e-05, 1.646361e-05, 1.646238e-05
1.755000e-04, 3.568500e-03, 1.738449e-06, 1.921297e-06, 1.773980e-06
2.925000e-04, 3.568500e-03, 1.525246e-05, 1.551030e-05, 1.530733e-05
4.095000e-04, 3.568500e-03, 1.041935e-05, 1.073871e-05, 1.046788e-05
5.265000e-04, 3.568500e-03, 5.500000e-07, 5.500000e-07, 5.500000e-07
6.435000e-04, 3.568500e-03, 5.500000e-07, 5.500000e-07, 5.500000e-07
7.605000e-04, 3.568500e-03, 5.500000e-07, 5.500000e-07, 5.500000e-07
8.775000e-04, 3.568500e-03, 5.500000e-07, 5.500000e-07, 5.500000e-07
9.945000e-04, 3.568500e-03, 5.500000e-07, 5.500000e-07, 5.500000e-07
1.111500e-03, 3.568500e-03, 5.500000e-07, 5.500000e-07, 5.500000e-07
1.228500e-03, 3.568500e-03, 5.500000e-07, 5.500000e-07, 5.500000e-07
1.345500e-03, 3.568500e-03, 5.500000e-07, 5.500000e-07, 5.500000e-07
1.462500e-03, 3.568500e-03, 5.500000e-07, 5.500000e-07, 5.500000e-07
1.579500e-03, 3.568500e-03, 6.917689e-06, 6.923716e-06, 6.802729e-06
1.696500e-03, 3.568500e-03, 9.498770e-06, 9.270990e-06, 9.263945e-06
1.813500e-03, 3.568500e-03, 9.290773e-06, 9.040974e-06, 9.042596e-06
1.930500e-03, 3.568500e-03, 1.609934e-05, 1.609934e-05, 1.609336e-05
2.047500e-03, 3.568500e-03, 1.642648e-05, 1.642648e-05, 1.642894e-05
2.164500e-03, 3.568500e-03, 3.029799e-06, 3.260367e-06, 3.063405e-06
2.281500e-03, 3.568500e-03, 1.070474e-05, 1.102292e-05, 1.074784e-05
2.398500e-03, 3.568500e-03, 1.650000e-05, 1.650000e-05, 1.650000e-05
2.515500e-03, 3.568500e-03, 9.701295e-06, 9.942523e-06, 9.682926e-06
2.632500e-03, 3.568500e-03, 2.663221e-06, 2.890964e-06, 2.697747e-06
2.749500e-03, 3.568500e-03, 1.638366e-05, 1.638366e-05, 1.638570e-05
2.866500e-03, 3.568500e-03, 1.589080e-05, 1.592191e-05, 1.588588e-05
2.983500e-03, 3.568500e-03, 9.806168e-07, 1.065938e-06, 1.006368e-06
3.100500e-03, 3.568500e-03, 1.364814e-05, 1.397517e-05, 1.370095e-05
3.217500e-03, 3.568500e-03, 1.650000e-05, 1.650000e-05, 1.650000e-05
3.334500e-03, 3.568500e-03, 1.650000e-05, 1.650000e-05, 1.650000e-05
3.451500e-03, 3.568500e-03, 1.650000e-05, 1.650000e-05, 1.650000e-05
3.568500e-03, 3.568500e-03, 1.650000e-05, 1.650000e-05, 1.650000e-05
3.685500e-03, 3.568500e-03, 1.650000e-05, 1.650000e-05, 1.650000e-05
3.802500e-03, 3.568500e-03, 1.650000e-05, 1.650000e-05, 1.650000e-05
3.919500e-03, 3.568500e-03, 1.650000e-05, 1.650000e-05, 1.650000e-05
4.036500e-03, 3.568500e-03, 1.650000e-05, 1.650000e-05, 1.650000e-05
4.153500e-03, 3.568500e-03, 1.650000e-05, 1.650000e-05, 1.650000e-05
4.270500e-03, 3.568500e-03, 1.650000e-05, 1.650000e-05, 1.650000e-05
4.387500e-03, 3.568500e-03, 8.086209e-06, 8.040705e-06, 7.870096e-06
4.504500e-03, 3.568500e-03, 1.216389e-05, 1.217903e-05, 1.204586e-05
4.621500e-03, 3.568500e-03, 1.650000e-05, 1.650000e-05, 1.650000e-05
4.738500e-03, 3.568500e-03, 1.650000e-05, 1.650000e-05, 1.650000e-05
4.855500e-03, 3.568500e-03, 1.650000e-05, 1.650000e-05, 1.650000e-05
4.972500e-03, 3.568500e-03, 1.650000e-05, 1.650000e-05, 1.650000e-05
5.089500e-03, 3.568500e-03, 1.376181e-05, 1.424907e-05, 1.377146e-05
5.206500e-03, 3.568500e-03, 1.650000e-05, 1.650000e-05, 1.650000e-05
5.323500e-03, 3.568500e-03, 9.905140e-06, 1.009119e-05, 9.833205e-06
5.440500e-03, 3.568500e-03, 3.720789e-06, 3.432736e-06, 3.484795e-06
5.557500e-03, 3.568500e-03, 3.371841e-06, 3.115367e-06, 3.161973e-06
5.674500e-03, 3.568500e-03, 5.500000e-07, 5.500000e-07, 5.500000e-07
5.791500e-03, 3.568500e-03, 5.500000e-07, 5.500000e-07, 5.500000e-07
-5.791500e-03, 3.685500e-03, 9.904072e-07, 1.142944e-06, 1.034764e-06
-5.674500e-03, 3.685500e-03, 1.495645e-05, 1.466644e-05, 1.471254e-05
-5.557500e-03, 3.685500e-03, 1.500699e-05, 1.471607e-05, 1.476572e-05
-5.440500e-03, 3.685500e-03, 1.623830e-05, 1.618639e-05, 1.620500e-05
-5.323500e-03, 3.685500e-03, 1.513520e-05, 1.523537e-05, 1.505323e-05
-5.206500e-03, 3.685500e-03, 1.578391e-05, 1.561414e-05, 1.564704e-05
-5.089500e-03, 3.685500e-03, 1.614678e-05, 1.613898e-05, 1.613992e-05
-4.972500e-03, 3.685500e-03, 1.337697e-05, 1.371374e-05, 1.331694e-05
-4.855500e-03, 3.685500e-03, 1.565438e-05, 1.555842e-05, 1.557569e-05
-4.738500e-03, 3.685500e-03, 1.575348e-05, 1.576621e-05, 1.573829e-05
-4.621500e-03, 3.685500e-03, 1.385257e-05, 1.420847e-05, 1.391475e-05
-4.504500e-03, 3.685500e-03, 1.551307e-05, 1.557288e-05, 1.547936e-05
-4.387500e-03, 3.685500e-03, 1.571457e-05, 1.555794e-05, 1.558909e-05
-4.270500e-03, 3.685500e-03, 1.624843e-05, 1.625446e-05, 1.624721e-05
-4.153500e-03, 3.685500e-03, 1.650000e-05, 1.650000e-05, 1.650000e-05
-4.036500e-03, 3.685500e-03, 1.650000e-05, 1.650000e-05, 1.650000e-05
-3.919500e-03, 3.685500e-03, 1.535813e-05, 1.532195e-05, 1.530571e-05
-3.802500e-03, 3.685500e-03, 1.649116e-05, 1.649116e-05, 1.649225e-05
-3.685500e-03, 3.685500e-03, 1.650000e-05, 1.650000e-05, 1.650000e-05
-3.568500e-03, 3.685500e-03, 1.472243e-05, 1.454295e-05, 1.453256e-05
-3.451500e-03, 3.685500e-03, 1.362894e-05, 1.385954e-05, 1.357906e-05
-3.334500e-03, 3.685500e-03, 1.650000e-05, 1.650000e-05, 1.650000e-05
-3.217500e-03, 3.685500e-03, 3.785202e-06, 4.075528e-06, 3.838256e-06
-3.100500e-03, 3.685500e-03, 5.500000e-07, 5.500000e-07, 5.500000e-07
-2.983500e-03, 3.685500e-03, 1.359691e-05, 1.391716e-05, 1.364470e-05
-2.866500e-03, 3.685500e-03, 1.650000e-05, 1.650000e-05, 1.650000e-05
-2.749500e-03, 3.685500e-03, 5.392249e-06, 5.687739e-06, 5.443541e-06
-2.632500e-03, 3.685500e-03, 5.500000e-07, 5.500000e-07, 5.500000e-07
-2.515500e-03, 3.685500e-03, 5.500000e-07, 5.500000e-07, 5.500000e-07
-2.398500e-03, 3.685500e-03, 5.500000e-07, 5.500000e-07, 5.500000e-07
-2.281500e-03, 3.685500e-03, 5.500000e-07, 5.500000e-07, 5.500000e-07
-2.164500e-03, 3.685500e-03, 5.500000e-07, 5.500000e-07, 5.500000e-07
-2.047500e-03, 3.685500e-03, 5.500000e-07, 5.500000e-07, 5.500000e-07
-1.930500e-03, 3.685500e-03, 5.500000e-07, 5.500000e-07, 5.500000e-07
-1.813500e-03, 3.685500e-03, 5.500000e-07, 5.500000e-07, 5.500000e-07
-1.696500e-03, 3.685500e-03, 5.500000e-07, 5.500000e-07, 5.500000e-07
-1.579500e-03, 3.685500e-03, 5.500000e-07, 5.500000e-07, 5.500000e-07
-1.462500e-03, 3.685500e-03, 3.632026e-06, 3.920507e-06, 3.683985e-06
-1.345500e-03, 3.685500e-03, 1.650000e-05, 1.650000e-05, 1.650000e-05
-1.228500e-03, 3.685500e-03, 1.650000e-05, 1.650000e-05, 1.650000e-05
-1.111500e-03, 3.685500e-03, 1.650000e-05, 1.650000e-05, 1.650000e-05
-9.945000e-04, 3.685500e-03, 1.402525e-05, 1.424070e-05, 1.403591e-05
-8.775000e-04, 3.685500e-03, 1.382909e-05, 1.373832e-05, 1.363186e-05
-7.605000e-04, 3.685500e-03, 1.498217e-05, 1.481762e-05, 1.480758e-05
-6.435000e-04, 3.685500e-03, 3.202668e-06, 3.264624e-06, 3.171811e-06
-5.265000e-04, 3.685500e-03, 4.629905e-06, 4.715320e-06, 4.583808e-06
-4.095000e-04, 3.685500e-03, 1.485829e-05, 1.459801e-05, 1.463202e-05
-2.925000e-04, 3.685500e-03, 1.291685e-05, 1.306515e-05, 1.285464e-05
-1.755000e-04, 3.685500e-03, 9.202522e-07, 9.533851e-07, 9.366413e-07
-5.850000e-05, 3.685500e-03, 1.243445e-05, 1.227737e-05, 1.219416e-05
5.850000e-05, 3.685500e-03, 1.243445e-05, 1.227737e-05, 1.219416e-05
1.755000e-04, 3.685500e-03, 8.103224e-07, 8.434531e-07, 8.238025e-07
2.925000e-04, 3.685500e-03, 1.525246e-05, 1.551030e-05, 1.530733e-05
4.095000e-04, 3.685500e-03, 1.113997e-05, 1.139883e-05, 1.116217e-05
5.265000e-04, 3.685500e-03, 5.500000e-07, 5.500000e-07, 5.500000e-07
6.435000e-04, 3.685500e-03, 5.500000e-07, 5.500000e-07, 5.500000e-07
7.605000e-04, 3.685500e-03, 5.500000e-07, 5.500000e-07, 5.500000e-07
8.775000e-04, 3.685500e-03, 5.500000e-07, 5.500000e-07, 5.500000e-07
9.945000e-04, 3.685500e-03, 5.500000e-07, 5.500000e-07, 5.500000e-07
1.111500e-03, 3.685500e-03, 5.500000e-07, 5.500000e-07, 5.500000e-07
1.228500e-03, 3.685500e-03, 5.500000e-07, 5.500000e-07, 5.500000e-07
1.345500e-03, 3.685500e-03, 5.500000e-07, 5.500000e-07, 5.500000e-07
1.462500e-03, 3.685500e-03, 5.500000e-07, 5.500000e-07, 5.500000e-07
1.579500e-03, 3.685500e-03, 5.500000e-07, 5.500000e-07, 5.500000e-07
1.696500e-03, 3.685500e-03, 1.042641e-06, 9.121511e-07, 9.540812e-07
1.813500e-03, 3.685500e-03, 1.783264e-06, 1.661589e-06, 1.670237e-06
1.930500e-03, 3.685500e-03, 1.176402e-05, 1.161570e-05, 1.153524e-05
2.047500e-03, 3.685500e-03, 1.321935e-05, 1.302330e-05, 1.296728e-05
2.164500e-03, 3.685500e-03, 1.411786e-06, 1.476950e-06, 1.424951e-06
2.281500e-03, 3.685500e-03, 5.494946e-06, 5.571373e-06, 5.436577e-06
2.398500e-03, 3.685500e-03, 1.452954e-05, 1.426544e-05, 1.428841e-05
2.515500e-03, 3.685500e-03, 5.824690e-06, 5.896180e-06, 5.761417e-06
2.632500e-03, 3.685500e-03, 1.232966e-06, 1.292732e-06, 1.247570e-06
2.749500e-03, 3.685500e-03, 1.302399e-05, 1.283789e-05, 1.277433e-05
2.866500e-03, 3.685500e-03, 1.166914e-05, 1.157733e-05, 1.144608e-05
2.983500e-03, 3.685500e-03, 5.673773e-07, 5.685754e-07, 5.699077e-07
3.100500e-03, 3.685500e-03, 9.776303e-06, 9.821163e-06, 9.650319e-06
3.217500e-03, 3.685500e-03, 1.650000e-05, 1.650000e-05, 1.650000e-05
3.334500e-03, 3.685500e-03, 1.650000e-05, 1.650000e-05, 1.650000e-05
3.451500e-03, 3.685500e-03, 1.650000e-05, 1.650000e-05, 1.650000e-05
3.568500e-03, 3.685500e-03, 1.650000e-05, 1.650000e-05, 1.650000e-05
3.685500e-03, 3.685500e-03, 1.650000e-05, 1.650000e-05, 1.650000e-05
3.802500e-03, 3.685500e-03, 1.650000e-05, 1.650000e-05, 1.650000e-05
3.919500e-03, 3.685500e-03, 1.650000e-05, 1.650000e-05, 1.650000e-05
4.036500e-03, 3.685500e-03, 1.650000e-05, 1.650000e-05, 1.650000e-05
4.153500e-03, 3.685500e-03, 1.650000e-05, 1.650000e-05, 1.650000e-05
4.270500e-03, 3.685500e-03, 1.650000e-05, 1.650000e-05, 1.650000e-05
4.387500e-03, 3.685500e-03, 1.645801e-05, 1.645368e-05, 1.645797e-05
4.504500e-03, 3.685500e-03, 1.650000e-05, 1.650000e-05, 1.650000e-05
4.621500e-03, 3.685500e-03, 1.650000e-05, 1.650000e-05, 1.650000e-05
4.738500e-03, 3.685500e-03, 1.650000e-05, 1.650000e-05, 1.650000e-05
4.855500e-03, 3.685500e-03, 1.650000e-05, 1.650000e-05, 1.650000e-05
4.972500e-03, 3.685500e-03, 1.529931e-05, 1.529931e-05, 1.526096e-05
5.089500e-03, 3.685500e-03, 7.934774e-06, 8.186272e-06, 7.877123e-06
5.206500e-03, 3.685500e-03, 1.531572e-05, 1.508885e-05, 1.512729e-05
5.323500e-03, 3.685500e-03, 1.037295e-05, 1.057450e-05, 1.034605e-05
5.440500e-03, 3.685500e-03, 8.274307e-07, 7.939914e-07, 8.085361e-07
5.557500e-03, 3.685500e-03, 5.500000e-07, 5.500000e-07, 5.500000e-07
5.674500e-03, 3.685500e-03, 5.500000e-07, 5.500000e-07, 5.500000e-07
5.791500e-03, 3.685500e-03, 5.500000e-07, 5.500000e-07, 5.500000e-07
-5.791500e-03, 3.802500e-03, 5.500000e-07, 5.500000e-07, 5.500000e-07
-5.674500e-03, 3.802500e-03, 5.500000e-07, 5.500000e-07, 5.500000e-07
-5.557500e-03, 3.802500e-03, 9.761546e-06, 9.813462e-06, 9.606699e-06
-5.440500e-03, 3.802500e-03, 1.273718e-05, 1.303426e-05, 1.262455e-05
-5.323500e-03, 3.802500e-03, 1.650000e-05, 1.650000e-05, 1.650000e-05
-5.206500e-03, 3.802500e-03, 1.464837e-05, 1.452537e-05, 1.448375e-05
-5.089500e-03, 3.802500e-03, 1.445873e-05, 1.404110e-05, 1.402265e-05
-4.972500e-03, 3.802500e-03, 1.490673e-05, 1.499676e-05, 1.483680e-05
-4.855500e-03, 3.802500e-03, 1.543550e-05, 1.538430e-05, 1.538908e-05
-4.738500e-03, 3.802500e-03, 1.391424e-05, 1.352518e-05, 1.357911e-05
-4.621500e-03, 3.802500e-03, 1.650000e-05, 1.650000e-05, 1.650000e-05
-4.504500e-03, 3.802500e-03, 1.650000e-05, 1.650000e-05, 1.650000e-05
-4.387500e-03, 3.802500e-03, 1.460616e-05, 1.428864e-05, 1.433507e-05
-4.270500e-03, 3.802500e-03, 1.518540e-05, 1.505272e-05, 1.506241e-05
-4.153500e-03, 3.802500e-03, 1.650000e-05, 1.650000e-05, 1.650000e-05
-4.036500e-03, 3.802500e-03, 1.650000e-05, 1.650000e-05, 1.650000e-05
-3.919500e-03, 3.802500e-03, 6.376256e-06, 6.348855e-06, 6.142802e-06
-3.802500e-03, 3.802500e-03, 1.361244e-05, 1.366493e-05, 1.354687e-05
-3.685500e-03, 3.802500e-03, 1.354987e-05, 1.354987e-05, 1.338714e-05
-3.568500e-03, 3.802500e-03, 1.408556e-05, 1.404984e-05, 1.394015e-05
-3.451500e-03, 3.802500e-03, 1.650000e-05, 1.650000e-05, 1.650000e-05
-3.334500e-03, 3.802500e-03, 1.503291e-05, 1.503129e-05, 1.498369e-05
-3.217500e-03, 3.802500e-03, 2.341885e-06, 2.352174e-06, 2.306917e-06
-3.100500e-03, 3.802500e-03, 5.827662e-07, 5.780341e-07, 5.829730e-07
-2.983500e-03, 3.802500e-03, 7.668690e-06, 7.669182e-06, 7.554256e-06
-2.866500e-03, 3.802500e-03, 1.287706e-05, 1.267585e-05, 1.261243e-05
-2.749500e-03, 3.802500e-03, 2.014446e-06, 2.037781e-06, 1.995472e-06
-2.632500e-03, 3.802500e-03, 5.500000e-07, 5.500000e-07, 5.500000e-07
-2.515500e-03, 3.802500e-03, 5.500000e-07, 5.500000e-07, 5.500000e-07
-2.398500e-03, 3.802500e-03, 5.500000e-07, 5.500000e-07, 5.500000e-07
-2.281500e-03, 3.802500e-03, 5.500000e-07, 5.500000e-07, 5.500000e-07
-2.164500e-03, 3.802500e-03, 5.500000e-07, 5.500000e-07, 5.500000e-07
-2.047500e-03, 3.802500e-03, 5.500000e-07, 5.500000e-07, 5.500000e-07
-1.930500e-03, 3.802500e-03, 5.500000e-07, 5.500000e-07, 5.500000e-07
-1.813500e-03, 3.802500e-03, 5.500000e-07, 5.500000e-07, 5.500000e-07
-1.696500e-03, 3.802500e-03, 5.500000e-07, 5.500000e-07, 5.500000e-07
-1.579500e-03, 3.802500e-03, 5.500000e-07, 5.500000e-07, 5.500000e-07
-1.462500e-03, 3.802500e-03, 3.632026e-06, 3.920507e-06, 3.683985e-06
-1.345500e-03, 3.802500e-03, 1.650000e-05, 1.650000e-05, 1.650000e-05
-1.228500e-03, 3.802500e-03, 1.650000e-05, 1.650000e-05, 1.650000e-05
-1.111500e-03, 3.802500e-03, 1.650000e-05, 1.650000e-05, 1.650000e-05
-9.945000e-04, 3.802500e-03, 1.650000e-05, 1.650000e-05, 1.650000e-05
-8.775000e-04, 3.802500e-03, 1.476790e-05, 1.457060e-05, 1.459515e-05
-7.605000e-04, 3.802500e-03, 1.377962e-05, 1.345756e-05, 1.350640e-05
-6.435000e-04, 3.802500e-03, 1.053709e-05, 1.046644e-05, 1.033899e-05
-5.265000e-04, 3.802500e-03, 7.983194e-07, 7.983187e-07, 7.990389e-07
-4.095000e-04, 3.802500e-03, 5.500000e-07, 5.500000e-07, 5.500000e-07
-2.925000e-04, 3.802500e-03, 2.576937e-06, 2.576937e-06, 2.519819e-06
-1.755000e-04, 3.802500e-03, 9.106618e-06, 9.029452e-06, 8.817736e-06
-5.850000e-05, 3.802500e-03, 8.197776e-06, 8.019394e-06, 7.978852e-06
5.850000e-05, 3.802500e-03, 1.376056e-05, 1.353300e-05, 1.349964e-05
1.755000e-04, 3.802500e-03, 1.398837e-06, 1.507913e-06, 1.422915e-06
2.925000e-04, 3.802500e-03, 1.525246e-05, 1.551030e-05, 1.530733e-05
4.095000e-04, 3.802500e-03, 1.643959e-05, 1.643959e-05, 1.644207e-05
5.265000e-04, 3.802500e-03, 8.122673e-06, 8.062137e-06, 7.969150e-06
6.435000e-04, 3.802500e-03, 4.402642e-06, 4.113800e-06, 4.165287e-06
7.605000e-04, 3.802500e-03, 4.402642e-06, 4.113800e-06, 4.165287e-06
8.775000e-04, 3.802500e-03, 4.402642e-06, 4.113800e-06, 4.165287e-06
9.945000e-04, 3.802500e-03, 4.402642e-06, 4.113800e-06, 4.165287e-06
1.111500e-03, 3.802500e-03, 4.402642e-06, 4.113800e-06, 4.165287e-06
1.228500e-03, 3.802500e-03, 4.108197e-06, 3.850455e-06, 3.892337e-06
1.345500e-03, 3.802500e-03, 5.605213e-07, 5.605213e-07, 5.619789e-07
1.462500e-03, 3.802500e-03, 5.500000e-07, 5.500000e-07, 5.500000e-07
1.579500e-03, 3.802500e-03, 5.500000e-07, 5.500000e-07, 5.500000e-07
1.696500e-03, 3.802500e-03, 5.500000e-07, 5.500000e-07, 5.500000e-07
1.813500e-03, 3.802500e-03, 5.500000e-07, 5.500000e-07, 5.500000e-07
1.930500e-03, 3.802500e-03, 5.500000e-07, 5.500000e-07, 5.500000e-07
2.047500e-03, 3.802500e-03, 5.500000e-07, 5.500000e-07, 5.500000e-07
2.164500e-03, 3.802500e-03, 5.500000e-07, 5.500000e-07, 5.500000e-07
2.281500e-03, 3.802500e-03, 5.500000e-07, 5.500000e-07, 5.500000e-07
2.398500e-03, 3.802500e-03, 5.500000e-07, 5.500000e-07, 5.500000e-07
2.515500e-03, 3.802500e-03, 5.500000e-07, 5.500000e-07, 5.500000e-07
2.632500e-03, 3.802500e-03, 5.500000e-07, 5.500000e-07, 5.500000e-07
2.749500e-03, 3.802500e-03, 5.500000e-07, 5.500000e-07, 5.500000e-07
2.866500e-03, 3.802500e-03, 5.500000e-07, 5.500000e-07, 5.500000e-07
2.983500e-03, 3.802500e-03, 5.500000e-07, 5.500000e-07, 5.500000e-07
3.100500e-03, 3.802500e-03, 6.420032e-07, 6.420032e-07, 6.450114e-07
3.217500e-03, 3.802500e-03, 1.034650e-05, 1.034650e-05, 1.020788e-05
3.334500e-03, 3.802500e-03, 1.650000e-05, 1.650000e-05, 1.650000e-05
3.451500e-03, 3.802500e-03, 1.650000e-05, 1.650000e-05, 1.650000e-05
3.568500e-03, 3.802500e-03, 1.429137e-05, 1.410366e-05, 1.411874e-05
3.685500e-03, 3.802500e-03, 1.293212e-05, 1.260881e-05, 1.265668e-05
3.802500e-03, 3.802500e-03, 1.293212e-05, 1.260881e-05, 1.265668e-05
3.919500e-03, 3.802500e-03, 1.293212e-05, 1.260881e-05, 1.265668e-05
4.036500e-03, 3.802500e-03, 1.390785e-05, 1.366796e-05, 1.369366e-05
4.153500e-03, 3.802500e-03, 1.650000e-05, 1.650000e-05, 1.650000e-05
4.270500e-03, 3.802500e-03, 1.650000e-05, 1.650000e-05, 1.650000e-05
4.387500e-03, 3.802500e-03, 1.650000e-05, 1.650000e-05, 1.650000e-05
4.504500e-03, 3.802500e-03, 1.650000e-05, 1.650000e-05, 1.650000e-05
4.621500e-03, 3.802500e-03, 9.773204e-06, 9.740645e-06, 9.634259e-06
4.738500e-03, 3.802500e-03, 4.586219e-06, 4.301301e-06, 4.349704e-06
4.855500e-03, 3.802500e-03, 4.586219e-06, 4.301301e-06, 4.349704e-06
4.972500e-03, 3.802500e-03, 2.490094e-06, 2.392754e-06, 2.397294e-06
5.089500e-03, 3.802500e-03, 5.500000e-07, 5.500000e-07, 5.500000e-07
5.206500e-03, 3.802500e-03, 5.500000e-07, 5.500000e-07, 5.500000e-07
5.323500e-03, 3.802500e-03, 1.038067e-05, 1.066505e-05, 1.040521e-05
5.440500e-03, 3.802500e-03, 1.282552e-05, 1.301074e-05, 1.274801e-05
5.557500e-03, 3.802500e-03, 5.500000e-07, 5.500000e-07, 5.500000e-07
5.674500e-03, 3.802500e-03, 5.500000e-07, 5.500000e-07, 5.500000e-07
5.791500e-03, 3.802500e-03, 5.500000e-07, 5.500000e-07, 5.500000e-07
-5.791500e-03, 3.919500e-03, 5.500000e-07, 5.500000e-07, 5.500000e-07
-5.674500e-03, 3.919500e-03, 1.141767e-05, 1.140313e-05, 1.122311e-05
-5.557500e-03, 3.919500e-03, 1.646367e-05, 1.645911e-05, 1.646374e-05
-5.440500e-03, 3.919500e-03, 1.280900e-05, 1.310046e-05, 1.266838e-05
-5.323500e-03, 3.919500e-03, 1.644465e-05, 1.644413e-05, 1.644691e-05
-5.206500e-03, 3.919500e-03, 1.614008e-05, 1.604463e-05, 1.607095e-05
-5.089500e-03, 3.919500e-03, 1.644451e-05, 1.644411e-05, 1.644691e-05
-4.972500e-03, 3.919500e-03, 1.644354e-05, 1.644401e-05, 1.644684e-05
-4.855500e-03, 3.919500e-03, 1.628320e-05, 1.625486e-05, 1.626965e-05
-4.738500e-03, 3.919500e-03, 1.630308e-05, 1.628417e-05, 1.629658e-05
-4.621500e-03, 3.919500e-03, 1.644289e-05, 1.644398e-05, 1.644677e-05
-4.504500e-03, 3.919500e-03, 1.505380e-05, 1.518742e-05, 1.496014e-05
-4.387500e-03, 3.919500e-03, 1.609300e-05, 1.598555e-05, 1.601563e-05
-4.270500e-03, 3.919500e-03, 1.318124e-05, 1.365399e-05, 1.318171e-05
-4.153500e-03, 3.919500e-03, 1.650000e-05, 1.650000e-05, 1.650000e-05
-4.036500e-03, 3.919500e-03, 1.649767e-05, 1.649753e-05, 1.649783e-05
-3.919500e-03, 3.919500e-03, 1.639854e-05, 1.638686e-05, 1.639262e-05
-3.802500e-03, 3.919500e-03, 1.394815e-05, 1.414989e-05, 1.394235e-05
-3.685500e-03, 3.919500e-03, 1.416408e-05, 1.416408e-05, 1.405145e-05
-3.568500e-03, 3.919500e-03, 1.650000e-05, 1.650000e-05, 1.650000e-05
-3.451500e-03, 3.919500e-03, 1.650000e-05, 1.650000e-05, 1.650000e-05
-3.334500e-03, 3.919500e-03, 1.191096e-05, 1.230388e-05, 1.179302e-05
-3.217500e-03, 3.919500e-03, 1.650000e-05, 1.650000e-05, 1.650000e-05
-3.100500e-03, 3.919500e-03, 1.049218e-05, 1.052794e-05, 1.035561e-05
-2.983500e-03, 3.919500e-03, 5.881708e-07, 5.916922e-07, 5.926284e-07
-2.866500e-03, 3.919500e-03, 1.234964e-05, 1.225953e-05, 1.212728e-05
-2.749500e-03, 3.919500e-03, 1.368589e-05, 1.351163e-05, 1.345390e-05
-2.632500e-03, 3.919500e-03, 1.348877e-06, 1.422426e-06, 1.364678e-06
-2.515500e-03, 3.919500e-03, 6.240696e-06, 6.326752e-06, 6.180962e-06
-2.398500e-03, 3.919500e-03, 1.514776e-05, 1.493213e-05, 1.496457e-05
-2.281500e-03, 3.919500e-03, 5.893337e-06, 5.984102e-06, 5.838851e-06
-2.164500e-03, 3.919500e-03, 2.102915e-06, 2.136112e-06, 2.077412e-06
-2.047500e-03, 3.919500e-03, 1.387650e-05, 1.369559e-05, 1.364642e-05
-1.930500e-03, 3.919500e-03, 1.199673e-05, 1.193968e-05, 1.178181e-05
-1.813500e-03, 3.919500e-03, 5.527592e-07, 5.528058e-07, 5.531766e-07
-1.696500e-03, 3.919500e-03, 8.530958e-06, 8.577285e-06, 8.417538e-06
-1.579500e-03, 3.919500e-03, 1.497795e-05, 1.476155e-05, 1.478170e-05
-1.462500e-03, 3.919500e-03, 6.913765e-06, 7.413337e-06, 6.932044e-06
-1.345500e-03, 3.919500e-03, 1.650000e-05, 1.650000e-05, 1.650000e-05
-1.228500e-03, 3.919500e-03, 1.650000e-05, 1.650000e-05, 1.650000e-05
-1.111500e-03, 3.919500e-03, 1.650000e-05, 1.650000e-05, 1.650000e-05
-9.945000e-04, 3.919500e-03, 1.650000e-05, 1.650000e-05, 1.650000e-05
-8.775000e-04, 3.919500e-03, 1.650000e-05, 1.650000e-05, 1.650000e-05
-7.605000e-04, 3.919500e-03, 1.650000e-05, 1.650000e-05, 1.650000e-05
-6.435000e-04, 3.919500e-03, 1.650000e-05, 1.650000e-05, 1.650000e-05
-5.265000e-04, 3.919500e-03, 1.102008e-05, 1.137614e-05, 1.098594e-05
-4.095000e-04, 3.919500e-03, 1.512304e-05, 1.490494e-05, 1.493718e-05
-2.925000e-04, 3.919500e-03, 9.229283e-06, 9.131077e-06, 9.063327e-06
-1.755000e-04, 3.919500e-03, 5.953364e-06, 5.548721e-06, 5.623064e-06
-5.850000e-05, 3.919500e-03, 4.580877e-06, 4.387218e-06, 4.323291e-06
5.850000e-05, 3.919500e-03, 1.106853e-05, 1.054749e-05, 1.058342e-05
1.755000e-04, 3.919500e-03, 9.010924e-07, 9.246779e-07, 9.151424e-07
2.925000e-04, 3.919500e-03, 1.525246e-05, 1.551030e-05, 1.530733e-05
4.095000e-04, 3.919500e-03, 1.650000e-05, 1.650000e-05, 1.650000e-05
5.265000e-04, 3.919500e-03, 1.650000e-05, 1.650000e-05, 1.650000e-05
6.435000e-04, 3.919500e-03, 1.650000e-05, 1.650000e-05, 1.650000e-05
7.605000e-04, 3.919500e-03, 1.650000e-05, 1.650000e-05, 1.650000e-05
8.775000e-04, 3.919500e-03, 1.643624e-05, 1.643071e-05, 1.643582e-05
9.945000e-04, 3.919500e-03, 1.650000e-05, 1.650000e-05, 1.650000e-05
1.111500e-03, 3.919500e-03, 1.650000e-05, 1.650000e-05, 1.650000e-05
1.228500e-03, 3.919500e-03, 1.650000e-05, 1.650000e-05, 1.650000e-05
1.345500e-03, 3.919500e-03, 7.440565e-06, 7.568829e-06, 7.380691e-06
1.462500e-03, 3.919500e-03, 5.500000e-07, 5.500000e-07, 5.500000e-07
1.579500e-03, 3.919500e-03, 5.500000e-07, 5.500000e-07, 5.500000e-07
1.696500e-03, 3.919500e-03, 5.500000e-07, 5.500000e-07, 5.500000e-07
1.813500e-03, 3.919500e-03, 5.527592e-07, 5.528058e-07, 5.531766e-07
1.930500e-03, 3.919500e-03, 1.199673e-05, 1.193968e-05, 1.178181e-05
2.047500e-03, 3.919500e-03, 1.387650e-05, 1.369559e-05, 1.364642e-05
2.164500e-03, 3.919500e-03, 1.545336e-06, 1.625058e-06, 1.559611e-06
2.281500e-03, 3.919500e-03, 5.893337e-06, 5.984102e-06, 5.838851e-06
2.398500e-03, 3.919500e-03, 1.514776e-05, 1.493213e-05, 1.496457e-05
2.515500e-03, 3.919500e-03, 6.240696e-06, 6.326752e-06, 6.180962e-06
2.632500e-03, 3.919500e-03, 1.348877e-06, 1.422426e-06, 1.364678e-06
2.749500e-03, 3.919500e-03, 1.368589e-05, 1.351163e-05, 1.345390e-05
2.866500e-03, 3.919500e-03, 1.234964e-05, 1.225953e-05, 1.212728e-05
2.983500e-03, 3.919500e-03, 5.881708e-07, 5.916922e-07, 5.926284e-07
3.100500e-03, 3.919500e-03, 5.500000e-07, 5.500000e-07, 5.500000e-07
3.217500e-03, 3.919500e-03, 6.420032e-07, 6.420032e-07, 6.450114e-07
3.334500e-03, 3.919500e-03, 9.644425e-06, 9.587599e-06, 9.466883e-06
3.451500e-03, 3.919500e-03, 1.112993e-05, 1.100852e-05, 1.089806e-05
3.568500e-03, 3.919500e-03, 1.092815e-06, 1.092815e-06, 1.085715e-06
3.685500e-03, 3.919500e-03, 5.500000e-07, 5.500000e-07, 5.500000e-07
3.802500e-03, 3.919500e-03, 5.500000e-07, 5.500000e-07, 5.500000e-07
3.919500e-03, 3.919500e-03, 5.500000e-07, 5.500000e-07, 5.500000e-07
4.036500e-03, 3.919500e-03, 7.217798e-07, 7.217798e-07, 7.239459e-07
4.153500e-03, 3.919500e-03, 9.510635e-06, 9.405708e-06, 9.302604e-06
4.270500e-03, 3.919500e-03, 1.198313e-05, 1.166243e-05, 1.171001e-05
4.387500e-03, 3.919500e-03, 1.198313e-05, 1.166243e-05, 1.171001e-05
4.504500e-03, 3.919500e-03, 8.555150e-06, 8.486688e-06, 8.386417e-06
4.621500e-03, 3.919500e-03, 7.549569e-07, 7.779314e-07, 7.683028e-07
4.738500e-03, 3.919500e-03, 1.285319e-05, 1.271651e-05, 1.262313e-05
4.855500e-03, 3.919500e-03, 1.333595e-05, 1.317460e-05, 1.310297e-05
4.972500e-03, 3.919500e-03, 1.046370e-06, 1.105365e-06, 1.062909e-06
5.089500e-03, 3.919500e-03, 6.828370e-06, 6.905881e-06, 6.758339e-06
5.206500e-03, 3.919500e-03, 1.513657e-05, 1.491982e-05, 1.495220e-05
5.323500e-03, 3.919500e-03, 7.858507e-06, 7.919747e-06, 7.684875e-06
5.440500e-03, 3.919500e-03, 6.195255e-06, 6.147775e-06, 6.020431e-06
5.557500e-03, 3.919500e-03, 1.416310e-05, 1.397263e-05, 1.393799e-05
5.674500e-03, 3.919500e-03, 1.135035e-05, 1.132889e-05, 1.114947e-05
5.791500e-03, 3.919500e-03, 5.500000e-07, 5.500000e-07, 5.500000e-07
-5.791500e-03, 4.036500e-03, 5.683120e-07, 5.724254e-07, 5.717649e-07
-5.674500e-03, 4.036500e-03, 1.503188e-05, 1.514694e-05, 1.501799e-05
-5.557500e-03, 4.036500e-03, 1.642648e-05, 1.642648e-05, 1.642894e-05
-5.440500e-03, 4.036500e-03, 1.274912e-05, 1.332300e-05, 1.277773e-05
-5.323500e-03, 4.036500e-03, 1.567776e-05, 1.576223e-05, 1.564887e-05
-5.206500e-03, 4.036500e-03, 1.650000e-05, 1.650000e-05, 1.650000e-05
-5.089500e-03, 4.036500e-03, 1.567423e-05, 1.576262e-05, 1.564881e-05
-4.972500e-03, 4.036500e-03, 1.567570e-05, 1.576130e-05, 1.564878e-05
-4.855500e-03, 4.036500e-03, 1.650000e-05, 1.650000e-05, 1.650000e-05
-4.738500e-03, 4.036500e-03, 1.650000e-05, 1.650000e-05, 1.650000e-05
-4.621500e-03, 4.036500e-03, 1.567223e-05, 1.575623e-05, 1.564832e-05
-4.504500e-03, 4.036500e-03, 1.567536e-05, 1.576472e-05, 1.570216e-05
-4.387500e-03, 4.036500e-03, 1.650000e-05, 1.650000e-05, 1.650000e-05
-4.270500e-03, 4.036500e-03, 1.499804e-05, 1.520133e-05, 1.500888e-05
-4.153500e-03, 4.036500e-03, 1.329824e-05, 1.333290e-05, 1.321197e-05
-4.036500e-03, 4.036500e-03, 7.340758e-06, 7.308232e-06, 7.112775e-06
-3.919500e-03, 4.036500e-03, 1.650000e-05, 1.650000e-05, 1.650000e-05
-3.802500e-03, 4.036500e-03, 1.217722e-05, 1.277673e-05, 1.226244e-05
-3.685500e-03, 4.036500e-03, 1.637875e-05, 1.637875e-05, 1.638069e-05
-3.568500e-03, 4.036500e-03, 1.650000e-05, 1.650000e-05, 1.650000e-05
-3.451500e-03, 4.036500e-03, 1.276603e-05, 1.281529e-05, 1.262547e-05
-3.334500e-03, 4.036500e-03, 1.465086e-05, 1.470216e-05, 1.461344e-05
-3.217500e-03, 4.036500e-03, 1.650000e-05, 1.650000e-05, 1.650000e-05
-3.100500e-03, 4.036500e-03, 1.365384e-05, 1.383998e-05, 1.360077e-05
-2.983500e-03, 4.036500e-03, 9.593789e-07, 1.032511e-06, 9.828564e-07
-2.866500e-03, 4.036500e-03, 1.571089e-05, 1.574357e-05, 1.569845e-05
-2.749500e-03, 4.036500e-03, 1.650000e-05, 1.650000e-05, 1.650000e-05
-2.632500e-03, 4.036500e-03, 5.411833e-06, 5.614374e-06, 5.372033e-06
-2.515500e-03, 4.036500e-03, 9.498018e-06, 9.725199e-06, 9.471522e-06
-2.398500e-03, 4.036500e-03, 1.650000e-05, 1.650000e-05, 1.650000e-05
-2.281500e-03, 4.036500e-03, 9.389738e-06, 9.673836e-06, 9.415404e-06
-2.164500e-03, 4.036500e-03, 5.478106e-06, 5.657734e-06, 5.471660e-06
-2.047500e-03, 4.036500e-03, 1.642120e-05, 1.641479e-05, 1.642059e-05
-1.930500e-03, 4.036500e-03, 1.550045e-05, 1.555844e-05, 1.548594e-05
-1.813500e-03, 4.036500e-03, 7.677675e-07, 8.136759e-07, 7.864740e-07
-1.696500e-03, 4.036500e-03, 1.385081e-05, 1.415514e-05, 1.389348e-05
-1.579500e-03, 4.036500e-03, 1.650000e-05, 1.650000e-05, 1.650000e-05
-1.462500e-03, 4.036500e-03, 9.547241e-06, 1.021682e-05, 9.611906e-06
-1.345500e-03, 4.036500e-03, 1.650000e-05, 1.650000e-05, 1.650000e-05
-1.228500e-03, 4.036500e-03, 1.650000e-05, 1.650000e-05, 1.650000e-05
-1.111500e-03, 4.036500e-03, 1.650000e-05, 1.650000e-05, 1.650000e-05
-9.945000e-04, 4.036500e-03, 1.650000e-05, 1.650000e-05, 1.650000e-05
-8.775000e-04, 4.036500e-03, 1.650000e-05, 1.650000e-05, 1.650000e-05
-7.605000e-04, 4.036500e-03, 1.650000e-05, 1.650000e-05, 1.650000e-05
-6.435000e-04, 4.036500e-03, 1.650000e-05, 1.650000e-05, 1.650000e-05
-5.265000e-04, 4.036500e-03, 1.358644e-05, 1.406279e-05, 1.358699e-05
-4.095000e-04, 4.036500e-03, 1.650000e-05, 1.650000e-05, 1.650000e-05
-2.925000e-04, 4.036500e-03, 1.432176e-05, 1.424173e-05, 1.421674e-05
-1.755000e-04, 4.036500e-03, 1.200672e-05, 1.173665e-05, 1.176887e-05
-5.850000e-05, 4.036500e-03, 1.582048e-05, 1.568144e-05, 1.571353e-05
5.850000e-05, 4.036500e-03, 1.634166e-05, 1.633533e-05, 1.634054e-05
1.755000e-04, 4.036500e-03, 5.399103e-06, 5.619507e-06, 5.407251e-06
2.925000e-04, 4.036500e-03, 1.525246e-05, 1.551030e-05, 1.530733e-05
4.095000e-04, 4.036500e-03, 1.650000e-05, 1.650000e-05, 1.650000e-05
5.265000e-04, 4.036500e-03, 1.650000e-05, 1.650000e-05, 1.650000e-05
6.435000e-04, 4.036500e-03, 1.650000e-05, 1.650000e-05, 1.650000e-05
7.605000e-04, 4.036500e-03, 1.650000e-05, 1.650000e-05, 1.650000e-05
8.775000e-04, 4.036500e-03, 8.195608e-06, 8.148409e-06, 7.977168e-06
9.945000e-04, 4.036500e-03, 1.196564e-05, 1.197665e-05, 1.184346e-05
1.111500e-03, 4.036500e-03, 1.650000e-05, 1.650000e-05, 1.650000e-05
1.228500e-03, 4.036500e-03, 1.650000e-05, 1.650000e-05, 1.650000e-05
1.345500e-03, 4.036500e-03, 9.500938e-06, 9.824915e-06, 9.553845e-06
1.462500e-03, 4.036500e-03, 5.500000e-07, 5.500000e-07, 5.500000e-07
1.579500e-03, 4.036500e-03, 5.500000e-07, 5.500000e-07, 5.500000e-07
1.696500e-03, 4.036500e-03, 5.500000e-07, 5.500000e-07, 5.500000e-07
1.813500e-03, 4.036500e-03, 7.677675e-07, 8.136759e-07, 7.864740e-07
1.930500e-03, 4.036500e-03, 1.550045e-05, 1.555844e-05, 1.548594e-05
2.047500e-03, 4.036500e-03, 1.650000e-05, 1.650000e-05, 1.650000e-05
2.164500e-03, 4.036500e-03, 4.458505e-06, 4.742116e-06, 4.508474e-06
2.281500e-03, 4.036500e-03, 9.091001e-06, 9.320644e-06, 9.070392e-06
2.398500e-03, 4.036500e-03, 1.650000e-05, 1.650000e-05, 1.650000e-05
2.515500e-03, 4.036500e-03, 9.502948e-06, 9.732877e-06, 9.479739e-06
2.632500e-03, 4.036500e-03, 4.048873e-06, 4.331196e-06, 4.099246e-06
2.749500e-03, 4.036500e-03, 1.650000e-05, 1.650000e-05, 1.650000e-05
2.866500e-03, 4.036500e-03, 1.571089e-05, 1.574357e-05, 1.569845e-05
2.983500e-03, 4.036500e-03, 9.593789e-07, 1.032511e-06, 9.828564e-07
3.100500e-03, 4.036500e-03, 5.500000e-07, 5.500000e-07, 5.500000e-07
3.217500e-03, 4.036500e-03, 5.500000e-07, 5.500000e-07, 5.500000e-07
3.334500e-03, 4.036500e-03, 5.500000e-07, 5.500000e-07, 5.500000e-07
3.451500e-03, 4.036500e-03, 5.500000e-07, 5.500000e-07, 5.500000e-07
3.568500e-03, 4.036500e-03, 5.500000e-07, 5.500000e-07, 5.500000e-07
3.685500e-03, 4.036500e-03, 5.500000e-07, 5.500000e-07, 5.500000e-07
3.802500e-03, 4.036500e-03, 5.500000e-07, 5.500000e-07, 5.500000e-07
3.919500e-03, 4.036500e-03, 5.500000e-07, 5.500000e-07, 5.500000e-07
4.036500e-03, 4.036500e-03, 5.500000e-07, 5.500000e-07, 5.500000e-07
4.153500e-03, 4.036500e-03, 5.500000e-07, 5.500000e-07, 5.500000e-07
4.270500e-03, 4.036500e-03, 5.500000e-07, 5.500000e-07, 5.500000e-07
4.387500e-03, 4.036500e-03, 5.500000e-07, 5.500000e-07, 5.500000e-07
4.504500e-03, 4.036500e-03, 5.500000e-07, 5.500000e-07, 5.500000e-07
4.621500e-03, 4.036500e-03, 1.368521e-06, 1.497500e-06, 1.397660e-06
4.738500e-03, 4.036500e-03, 1.597571e-05, 1.598098e-05, 1.596655e-05
4.855500e-03, 4.036500e-03, 1.616976e-05, 1.616976e-05, 1.616615e-05
4.972500e-03, 4.036500e-03, 1.990473e-06, 2.185255e-06, 2.022760e-06
5.089500e-03, 4.036500e-03, 1.018388e-05, 1.041174e-05, 1.015362e-05
5.206500e-03, 4.036500e-03, 1.650000e-05, 1.650000e-05, 1.650000e-05
5.323500e-03, 4.036500e-03, 8.398404e-06, 8.624685e-06, 8.379685e-06
5.440500e-03, 4.036500e-03, 3.505779e-06, 3.728070e-06, 3.533577e-06
5.557500e-03, 4.036500e-03, 1.642648e-05, 1.642648e-05, 1.642894e-05
5.674500e-03, 4.036500e-03, 1.503188e-05, 1.514694e-05, 1.501799e-05
5.791500e-03, 4.036500e-03, 5.683120e-07, 5.724254e-07, 5.717649e-07
-5.791500e-03, 4.153500e-03, 5.500000e-07, 5.500000e-07, 5.500000e-07
-5.674500e-03, 4.153500e-03, 2.724980e-06, 2.609539e-06, 2.613871e-06
-5.557500e-03, 4.153500e-03, 4.239277e-06, 4.029084e-06, 4.049011e-06
-5.440500e-03, 4.153500e-03, 1.469522e-05, 1.496630e-05, 1.472802e-05
-5.323500e-03, 4.153500e-03, 1.650000e-05, 1.650000e-05, 1.650000e-05
-5.206500e-03, 4.153500e-03, 1.579650e-05, 1.567796e-05, 1.560603e-05
-5.089500e-03, 4.153500e-03, 1.650000e-05, 1.650000e-05, 1.650000e-05
-4.972500e-03, 4.153500e-03, 1.650000e-05, 1.650000e-05, 1.650000e-05
-4.855500e-03, 4.153500e-03, 1.599271e-05, 1.597425e-05, 1.596539e-05
-4.738500e-03, 4.153500e-03, 1.613852e-05, 1.612979e-05, 1.612379e-05
-4.621500e-03, 4.153500e-03, 1.650000e-05, 1.650000e-05, 1.650000e-05
-4.504500e-03, 4.153500e-03, 1.572018e-05, 1.560409e-05, 1.562690e-05
-4.387500e-03, 4.153500e-03, 1.537355e-05, 1.514941e-05, 1.517242e-05
-4.270500e-03, 4.153500e-03, 1.622326e-05, 1.624026e-05, 1.622924e-05
-4.153500e-03, 4.153500e-03, 1.634931e-05, 1.634931e-05, 1.635071e-05
-4.036500e-03, 4.153500e-03, 1.478046e-05, 1.475233e-05, 1.471140e-05
-3.919500e-03, 4.153500e-03, 1.507851e-05, 1.507851e-05, 1.503086e-05
-3.802500e-03, 4.153500e-03, 3.227895e-06, 3.227892e-06, 3.151264e-06
-3.685500e-03, 4.153500e-03, 6.067680e-06, 5.996288e-06, 5.927871e-06
-3.568500e-03, 4.153500e-03, 8.742574e-06, 8.544638e-06, 8.500218e-06
-3.451500e-03, 4.153500e-03, 2.731306e-06, 2.846195e-06, 2.740545e-06
-3.334500e-03, 4.153500e-03, 1.545273e-05, 1.545273e-05, 1.542095e-05
-3.217500e-03, 4.153500e-03, 1.463327e-05, 1.463327e-05, 1.456709e-05
-3.100500e-03, 4.153500e-03, 2.664578e-06, 2.664578e-06, 2.604658e-06
-2.983500e-03, 4.153500e-03, 5.500000e-07, 5.500000e-07, 5.500000e-07
-2.866500e-03, 4.153500e-03, 3.099260e-06, 2.956637e-06, 2.963285e-06
-2.749500e-03, 4.153500e-03, 5.838522e-06, 5.564715e-06, 5.595148e-06
-2.632500e-03, 4.153500e-03, 1.217857e-05, 1.209254e-05, 1.197569e-05
-2.515500e-03, 4.153500e-03, 1.045563e-05, 1.017985e-05, 1.017213e-05
-2.398500e-03, 4.153500e-03, 8.519389e-06, 8.353880e-06, 8.296323e-06
-2.281500e-03, 4.153500e-03, 2.999493e-06, 3.018706e-06, 2.956994e-06
-2.164500e-03, 4.153500e-03, 5.500000e-07, 5.500000e-07, 5.500000e-07
-2.047500e-03, 4.153500e-03, 4.017243e-06, 3.817766e-06, 3.833937e-06
-1.930500e-03, 4.153500e-03, 3.696718e-06, 3.649442e-06, 3.578413e-06
-1.813500e-03, 4.153500e-03, 1.304008e-05, 1.280270e-05, 1.277752e-05
-1.696500e-03, 4.153500e-03, 1.069876e-05, 1.070364e-05, 1.058448e-05
-1.579500e-03, 4.153500e-03, 5.282959e-06, 5.026742e-06, 5.061340e-06
-1.462500e-03, 4.153500e-03, 3.698778e-06, 3.987285e-06, 3.753689e-06
-1.345500e-03, 4.153500e-03, 1.650000e-05, 1.650000e-05, 1.650000e-05
-1.228500e-03, 4.153500e-03, 1.650000e-05, 1.650000e-05, 1.650000e-05
-1.111500e-03, 4.153500e-03, 1.650000e-05, 1.650000e-05, 1.650000e-05
-9.945000e-04, 4.153500e-03, 1.650000e-05, 1.650000e-05, 1.650000e-05
-8.775000e-04, 4.153500e-03, 1.601890e-05, 1.601890e-05, 1.601004e-05
-7.605000e-04, 4.153500e-03, 1.336568e-05, 1.333888e-05, 1.325332e-05
-6.435000e-04, 4.153500e-03, 1.650000e-05, 1.650000e-05, 1.650000e-05
-5.265000e-04, 4.153500e-03, 1.528869e-05, 1.524022e-05, 1.522146e-05
-4.095000e-04, 4.153500e-03, 1.421619e-05, 1.366209e-05, 1.369921e-05
-2.925000e-04, 4.153500e-03, 1.316996e-05, 1.285281e-05, 1.288190e-05
-1.755000e-04, 4.153500e-03, 1.283629e-05, 1.251021e-05, 1.256022e-05
-5.850000e-05, 4.153500e-03, 1.331861e-05, 1.286636e-05, 1.295759e-05
5.850000e-05, 4.153500e-03, 1.334571e-05, 1.277831e-05, 1.281126e-05
1.755000e-04, 4.153500e-03, 5.001663e-06, 4.977959e-06, 4.885218e-06
2.925000e-04, 4.153500e-03, 1.511105e-05, 1.535024e-05, 1.514602e-05
4.095000e-04, 4.153500e-03, 1.650000e-05, 1.650000e-05, 1.650000e-05
5.265000e-04, 4.153500e-03, 1.650000e-05, 1.650000e-05, 1.650000e-05
6.435000e-04, 4.153500e-03, 1.650000e-05, 1.650000e-05, 1.650000e-05
7.605000e-04, 4.153500e-03, 1.650000e-05, 1.650000e-05, 1.650000e-05
8.775000e-04, 4.153500e-03, 1.539252e-05, 1.537812e-05, 1.535727e-05
9.945000e-04, 4.153500e-03, 1.626764e-05, 1.626764e-05, 1.626706e-05
1.111500e-03, 4.153500e-03, 1.650000e-05, 1.650000e-05, 1.650000e-05
1.228500e-03, 4.153500e-03, 1.650000e-05, 1.650000e-05, 1.650000e-05
1.345500e-03, 4.153500e-03, 9.500938e-06, 9.824915e-06, 9.553845e-06
1.462500e-03, 4.153500e-03, 5.500000e-07, 5.500000e-07, 5.500000e-07
1.579500e-03, 4.153500e-03, 5.500000e-07, 5.500000e-07, 5.500000e-07
1.696500e-03, 4.153500e-03, 5.500000e-07, 5.500000e-07, 5.500000e-07
1.813500e-03, 4.153500e-03, 5.500000e-07, 5.500000e-07, 5.500000e-07
1.930500e-03, 4.153500e-03, 2.956576e-06, 2.824127e-06, 2.829796e-06
2.047500e-03, 4.153500e-03, 6.315293e-06, 6.016564e-06, 6.066582e-06
2.164500e-03, 4.153500e-03, 5.122222e-06, 5.374925e-06, 4.956275e-06
2.281500e-03, 4.153500e-03, 1.346211e-06, 1.346326e-06, 1.331171e-06
2.398500e-03, 4.153500e-03, 1.065950e-05, 1.093038e-05, 1.057519e-05
2.515500e-03, 4.153500e-03, 1.493080e-06, 1.493179e-06, 1.474594e-06
2.632500e-03, 4.153500e-03, 5.623791e-06, 5.652688e-06, 5.308503e-06
2.749500e-03, 4.153500e-03, 6.324491e-06, 6.025098e-06, 6.075416e-06
2.866500e-03, 4.153500e-03, 3.099260e-06, 2.956637e-06, 2.963285e-06
2.983500e-03, 4.153500e-03, 5.500000e-07, 5.500000e-07, 5.500000e-07
3.100500e-03, 4.153500e-03, 5.500000e-07, 5.500000e-07, 5.500000e-07
3.217500e-03, 4.153500e-03, 5.500000e-07, 5.500000e-07, 5.500000e-07
3.334500e-03, 4.153500e-03, 5.500000e-07, 5.500000e-07, 5.500000e-07
3.451500e-03, 4.153500e-03, 5.500000e-07, 5.500000e-07, 5.500000e-07
3.568500e-03, 4.153500e-03, 5.500000e-07, 5.500000e-07, 5.500000e-07
3.685500e-03, 4.153500e-03, 5.500000e-07, 5.500000e-07, 5.500000e-07
3.802500e-03, 4.153500e-03, 5.500000e-07, 5.500000e-07, 5.500000e-07
3.919500e-03, 4.153500e-03, 5.500000e-07, 5.500000e-07, 5.500000e-07
4.036500e-03, 4.153500e-03, 5.500000e-07, 5.500000e-07, 5.500000e-07
4.153500e-03, 4.153500e-03, 5.500000e-07, 5.500000e-07, 5.500000e-07
4.270500e-03, 4.153500e-03, 5.500000e-07, 5.500000e-07, 5.500000e-07
4.387500e-03, 4.153500e-03, 5.500000e-07, 5.500000e-07, 5.500000e-07
4.504500e-03, 4.153500e-03, 5.500000e-07, 5.500000e-07, 5.500000e-07
4.621500e-03, 4.153500e-03, 5.500000e-07, 5.500000e-07, 5.500000e-07
4.738500e-03, 4.153500e-03, 3.342553e-06, 3.183277e-06, 3.191587e-06
4.855500e-03, 4.153500e-03, 3.640217e-06, 3.461962e-06, 3.472977e-06
4.972500e-03, 4.153500e-03, 5.500000e-07, 5.500000e-07, 5.500000e-07
5.089500e-03, 4.153500e-03, 1.308005e-06, 1.292083e-06, 1.290051e-06
5.206500e-03, 4.153500e-03, 5.218902e-06, 4.965162e-06, 5.003370e-06
5.323500e-03, 4.153500e-03, 9.147075e-07, 9.139716e-07, 9.126654e-07
5.440500e-03, 4.153500e-03, 5.500000e-07, 5.500000e-07, 5.500000e-07
5.557500e-03, 4.153500e-03, 4.239277e-06, 4.029084e-06, 4.049011e-06
5.674500e-03, 4.153500e-03, 2.724980e-06, 2.609539e-06, 2.613871e-06
5.791500e-03, 4.153500e-03, 5.500000e-07, 5.500000e-07, 5.500000e-07
-5.791500e-03, 4.270500e-03, 5.500000e-07, 5.500000e-07, 5.500000e-07
-5.674500e-03, 4.270500e-03, 5.179950e-06, 5.060960e-06, 5.027512e-06
-5.557500e-03, 4.270500e-03, 7.493004e-06, 7.282407e-06, 7.267744e-06
-5.440500e-03, 4.270500e-03, 1.443824e-05, 1.470156e-05, 1.446098e-05
-5.323500e-03, 4.270500e-03, 1.650000e-05, 1.650000e-05, 1.650000e-05
-5.206500e-03, 4.270500e-03, 1.579720e-05, 1.567993e-05, 1.560641e-05
-5.089500e-03, 4.270500e-03, 1.650000e-05, 1.650000e-05, 1.650000e-05
-4.972500e-03, 4.270500e-03, 1.650000e-05, 1.650000e-05, 1.650000e-05
-4.855500e-03, 4.270500e-03, 1.650000e-05, 1.650000e-05, 1.650000e-05
-4.738500e-03, 4.270500e-03, 1.650000e-05, 1.650000e-05, 1.650000e-05
-4.621500e-03, 4.270500e-03, 1.650000e-05, 1.650000e-05, 1.650000e-05
-4.504500e-03, 4.270500e-03, 1.650000e-05, 1.650000e-05, 1.650000e-05
-4.387500e-03, 4.270500e-03, 1.579364e-05, 1.567855e-05, 1.560610e-05
-4.270500e-03, 4.270500e-03, 1.650000e-05, 1.650000e-05, 1.650000e-05
-4.153500e-03, 4.270500e-03, 1.453571e-05, 1.436541e-05, 1.434575e-05
-4.036500e-03, 4.270500e-03, 1.327750e-05, 1.270382e-05, 1.272095e-05
-3.919500e-03, 4.270500e-03, 6.868869e-06, 6.634262e-06, 6.575572e-06
-3.802500e-03, 4.270500e-03, 5.500000e-07, 5.500000e-07, 5.500000e-07
-3.685500e-03, 4.270500e-03, 4.400572e-06, 4.314175e-06, 4.273171e-06
-3.568500e-03, 4.270500e-03, 8.016331e-06, 7.778492e-06, 7.772406e-06
-3.451500e-03, 4.270500e-03, 8.882825e-07, 8.882825e-07, 8.868771e-07
-3.334500e-03, 4.270500e-03, 2.170170e-06, 2.034437e-06, 2.045846e-06
-3.217500e-03, 4.270500e-03, 9.035506e-06, 8.641549e-06, 8.681860e-06
-3.100500e-03, 4.270500e-03, 3.458780e-06, 3.412275e-06, 3.367113e-06
-2.983500e-03, 4.270500e-03, 5.500000e-07, 5.500000e-07, 5.500000e-07
-2.866500e-03, 4.270500e-03, 5.767651e-06, 5.625331e-06, 5.599295e-06
-2.749500e-03, 4.270500e-03, 6.973235e-06, 6.785375e-06, 6.769103e-06
-2.632500e-03, 4.270500e-03, 3.054013e-06, 3.191395e-06, 3.060595e-06
-2.515500e-03, 4.270500e-03, 1.368047e-05, 1.343672e-05, 1.341006e-05
-2.398500e-03, 4.270500e-03, 1.955920e-06, 2.081290e-06, 1.975488e-06
-2.281500e-03, 4.270500e-03, 4.638713e-06, 4.713003e-06, 4.593679e-06
-2.164500e-03, 4.270500e-03, 1.097753e-05, 1.073715e-05, 1.072177e-05
-2.047500e-03, 4.270500e-03, 8.105699e-06, 7.833655e-06, 7.860277e-06
-1.930500e-03, 4.270500e-03, 5.969540e-06, 5.877836e-06, 5.814886e-06
-1.813500e-03, 4.270500e-03, 1.025589e-05, 1.003723e-05, 9.990451e-06
-1.696500e-03, 4.270500e-03, 5.691501e-06, 5.712817e-06, 5.546298e-06
-1.579500e-03, 4.270500e-03, 8.361627e-06, 8.099675e-06, 8.107872e-06
-1.462500e-03, 4.270500e-03, 4.369116e-06, 4.666520e-06, 4.403691e-06
-1.345500e-03, 4.270500e-03, 1.650000e-05, 1.650000e-05, 1.650000e-05
-1.228500e-03, 4.270500e-03, 1.650000e-05, 1.650000e-05, 1.650000e-05
-1.111500e-03, 4.270500e-03, 1.650000e-05, 1.650000e-05, 1.650000e-05
-9.945000e-04, 4.270500e-03, 1.650000e-05, 1.650000e-05, 1.650000e-05
-8.775000e-04, 4.270500e-03, 1.396437e-05, 1.399052e-05, 1.389865e-05
-7.605000e-04, 4.270500e-03, 8.396660e-06, 8.404313e-06, 8.223935e-06
-6.435000e-04, 4.270500e-03, 1.650000e-05, 1.650000e-05, 1.650000e-05
-5.265000e-04, 4.270500e-03, 1.637805e-05, 1.638696e-05, 1.638529e-05
-4.095000e-04, 4.270500e-03, 1.549468e-05, 1.531736e-05, 1.529683e-05
-2.925000e-04, 4.270500e-03, 1.536489e-05, 1.524824e-05, 1.524429e-05
-1.755000e-04, 4.270500e-03, 1.432984e-05, 1.404057e-05, 1.407195e-05
-5.850000e-05, 4.270500e-03, 1.516698e-05, 1.501178e-05, 1.504340e-05
5.850000e-05, 4.270500e-03, 1.517351e-05, 1.495138e-05, 1.485380e-05
1.755000e-04, 4.270500e-03, 1.587498e-05, 1.587498e-05, 1.586056e-05
2.925000e-04, 4.270500e-03, 9.814561e-06, 9.762432e-06, 9.434709e-06
4.095000e-04, 4.270500e-03, 1.407059e-05, 1.349794e-05, 1.354380e-05
5.265000e-04, 4.270500e-03, 1.462261e-05, 1.461477e-05, 1.449050e-05
6.435000e-04, 4.270500e-03, 1.612347e-05, 1.617669e-05, 1.614013e-05
7.605000e-04, 4.270500e-03, 1.532744e-05, 1.515341e-05, 1.518736e-05
8.775000e-04, 4.270500e-03, 1.515249e-05, 1.500630e-05, 1.487975e-05
9.945000e-04, 4.270500e-03, 1.650000e-05, 1.650000e-05, 1.650000e-05
1.111500e-03, 4.270500e-03, 1.650000e-05, 1.650000e-05, 1.650000e-05
1.228500e-03, 4.270500e-03, 1.650000e-05, 1.650000e-05, 1.650000e-05
1.345500e-03, 4.270500e-03, 9.500938e-06, 9.824915e-06, 9.553845e-06
1.462500e-03, 4.270500e-03, 5.500000e-07, 5.500000e-07, 5.500000e-07
1.579500e-03, 4.270500e-03, 5.500000e-07, 5.500000e-07, 5.500000e-07
1.696500e-03, 4.270500e-03, 5.500000e-07, 5.500000e-07, 5.500000e-07
1.813500e-03, 4.270500e-03, 5.500000e-07, 5.500000e-07, 5.500000e-07
1.930500e-03, 4.270500e-03, 5.731370e-06, 5.578955e-06, 5.559424e-06
2.047500e-03, 4.270500e-03, 7.175736e-06, 6.979838e-06, 6.963375e-06
2.164500e-03, 4.270500e-03, 4.067373e-06, 4.846842e-06, 4.170270e-06
2.281500e-03, 4.270500e-03, 5.500000e-07, 5.500000e-07, 5.500000e-07
2.398500e-03, 4.270500e-03, 4.035164e-06, 4.820561e-06, 4.139062e-06
2.515500e-03, 4.270500e-03, 5.053089e-06, 5.120611e-06, 4.748848e-06
2.632500e-03, 4.270500e-03, 1.181483e-06, 1.181483e-06, 1.173536e-06
2.749500e-03, 4.270500e-03, 6.973235e-06, 6.785375e-06, 6.769103e-06
2.866500e-03, 4.270500e-03, 5.767651e-06, 5.625331e-06, 5.599295e-06
2.983500e-03, 4.270500e-03, 5.500000e-07, 5.500000e-07, 5.500000e-07
3.100500e-03, 4.270500e-03, 3.458780e-06, 3.412275e-06, 3.367113e-06
3.217500e-03, 4.270500e-03, 8.423284e-06, 8.156540e-06, 8.168191e-06
3.334500e-03, 4.270500e-03, 1.414235e-06, 1.414235e-06, 1.396729e-06
3.451500e-03, 4.270500e-03, 8.882825e-07, 8.882825e-07, 8.868771e-07
3.568500e-03, 4.270500e-03, 8.016331e-06, 7.778492e-06, 7.772406e-06
3.685500e-03, 4.270500e-03, 4.400572e-06, 4.314175e-06, 4.273171e-06
3.802500e-03, 4.270500e-03, 5.500000e-07, 5.500000e-07, 5.500000e-07
3.919500e-03, 4.270500e-03, 4.750659e-06, 4.649423e-06, 4.611369e-06
4.036500e-03, 4.270500e-03, 7.796959e-06, 7.571957e-06, 7.560644e-06
4.153500e-03, 4.270500e-03, 7.591398e-07, 7.591398e-07, 7.606534e-07
4.270500e-03, 4.270500e-03, 1.660585e-06, 1.660585e-06, 1.634714e-06
4.387500e-03, 4.270500e-03, 8.495622e-06, 8.223697e-06, 8.239337e-06
4.504500e-03, 4.270500e-03, 3.137293e-06, 3.103557e-06, 3.058439e-06
4.621500e-03, 4.270500e-03, 5.500000e-07, 5.500000e-07, 5.500000e-07
4.738500e-03, 4.270500e-03, 6.144637e-06, 5.987893e-06, 5.967001e-06
4.855500e-03, 4.270500e-03, 6.605206e-06, 6.431151e-06, 6.415194e-06
4.972500e-03, 4.270500e-03, 5.500000e-07, 5.500000e-07, 5.500000e-07
5.089500e-03, 4.270500e-03, 2.762370e-06, 2.742181e-06, 2.698059e-06
5.206500e-03, 4.270500e-03, 8.536802e-06, 8.264040e-06, 8.279878e-06
5.323500e-03, 4.270500e-03, 1.992930e-06, 1.991974e-06, 1.955737e-06
5.440500e-03, 4.270500e-03, 6.449367e-07, 6.449367e-07, 6.479289e-07
5.557500e-03, 4.270500e-03, 7.481772e-06, 7.272601e-06, 7.257282e-06
5.674500e-03, 4.270500e-03, 5.179950e-06, 5.060960e-06, 5.027512e-06
5.791500e-03, 4.270500e-03, 5.500000e-07, 5.500000e-07, 5.500000e-07
-5.791500e-03, 4.387500e-03, 5.683232e-07, 5.725735e-07, 5.717827e-07
-5.674500e-03, 4.387500e-03, 1.565993e-05, 1.577089e-05, 1.569021e-05
-5.557500e-03, 4.387500e-03, 1.650000e-05, 1.650000e-05, 1.650000e-05
-5.440500e-03, 4.387500e-03, 1.346962e-05, 1.404069e-05, 1.351560e-05
-5.323500e-03, 4.387500e-03, 1.567500e-05, 1.579265e-05, 1.560582e-05
-5.206500e-03, 4.387500e-03, 1.650000e-05, 1.650000e-05, 1.650000e-05
-5.089500e-03, 4.387500e-03, 1.565593e-05, 1.578093e-05, 1.560424e-05
-4.972500e-03, 4.387500e-03, 1.650000e-05, 1.650000e-05, 1.650000e-05
-4.855500e-03, 4.387500e-03, 1.121669e-05, 1.122339e-05, 1.108807e-05
-4.738500e-03, 4.387500e-03, 1.040900e-05, 1.040508e-05, 1.027240e-05
-4.621500e-03, 4.387500e-03, 1.650000e-05, 1.650000e-05, 1.650000e-05
-4.504500e-03, 4.387500e-03, 1.563476e-05, 1.576007e-05, 1.560213e-05
-4.387500e-03, 4.387500e-03, 1.650000e-05, 1.650000e-05, 1.650000e-05
-4.270500e-03, 4.387500e-03, 1.567855e-05, 1.579364e-05, 1.560610e-05
-4.153500e-03, 4.387500e-03, 1.312225e-05, 1.366733e-05, 1.314238e-05
-4.036500e-03, 4.387500e-03, 1.650000e-05, 1.650000e-05, 1.650000e-05
-3.919500e-03, 4.387500e-03, 1.488124e-05, 1.510019e-05, 1.491211e-05
-3.802500e-03, 4.387500e-03, 5.500000e-07, 5.500000e-07, 5.500000e-07
-3.685500e-03, 4.387500e-03, 1.421412e-05, 1.447947e-05, 1.423584e-05
-3.568500e-03, 4.387500e-03, 1.650000e-05, 1.650000e-05, 1.650000e-05
-3.451500e-03, 4.387500e-03, 5.613553e-06, 5.870514e-06, 5.645734e-06
-3.334500e-03, 4.387500e-03, 7.537578e-06, 7.806588e-06, 7.557079e-06
-3.217500e-03, 4.387500e-03, 1.650000e-05, 1.650000e-05, 1.650000e-05
-3.100500e-03, 4.387500e-03, 1.232452e-05, 1.261061e-05, 1.233140e-05
-2.983500e-03, 4.387500e-03, 1.001571e-06, 1.123570e-06, 1.030643e-06
-2.866500e-03, 4.387500e-03, 1.631349e-05, 1.633483e-05, 1.632485e-05
-2.749500e-03, 4.387500e-03, 1.650000e-05, 1.650000e-05, 1.650000e-05
-2.632500e-03, 4.387500e-03, 1.393283e-05, 1.402305e-05, 1.383481e-05
-2.515500e-03, 4.387500e-03, 5.500000e-07, 5.500000e-07, 5.500000e-07
-2.398500e-03, 4.387500e-03, 5.500000e-07, 5.500000e-07, 5.500000e-07
-2.281500e-03, 4.387500e-03, 4.698889e-06, 4.775950e-06, 4.654232e-06
-2.164500e-03, 4.387500e-03, 1.423620e-05, 1.400272e-05, 1.402053e-05
-2.047500e-03, 4.387500e-03, 1.650000e-05, 1.650000e-05, 1.650000e-05
-1.930500e-03, 4.387500e-03, 1.613212e-05, 1.617746e-05, 1.615111e-05
-1.813500e-03, 4.387500e-03, 7.724874e-07, 8.375661e-07, 7.923745e-07
-1.696500e-03, 4.387500e-03, 1.273165e-05, 1.301886e-05, 1.274007e-05
-1.579500e-03, 4.387500e-03, 1.650000e-05, 1.650000e-05, 1.650000e-05
-1.462500e-03, 4.387500e-03, 1.019346e-05, 1.090329e-05, 1.028946e-05
-1.345500e-03, 4.387500e-03, 1.650000e-05, 1.650000e-05, 1.650000e-05
-1.228500e-03, 4.387500e-03, 1.650000e-05, 1.650000e-05, 1.650000e-05
-1.111500e-03, 4.387500e-03, 1.586846e-05, 1.581266e-05, 1.580844e-05
-9.945000e-04, 4.387500e-03, 1.650000e-05, 1.650000e-05, 1.650000e-05
-8.775000e-04, 4.387500e-03, 1.650000e-05, 1.650000e-05, 1.650000e-05
-7.605000e-04, 4.387500e-03, 1.650000e-05, 1.650000e-05, 1.650000e-05
-6.435000e-04, 4.387500e-03, 1.650000e-05, 1.650000e-05, 1.650000e-05
-5.265000e-04, 4.387500e-03, 1.518902e-05, 1.543485e-05, 1.515122e-05
-4.095000e-04, 4.387500e-03, 1.650000e-05, 1.650000e-05, 1.650000e-05
-2.925000e-04, 4.387500e-03, 1.313117e-05, 1.336683e-05, 1.309674e-05
-1.755000e-04, 4.387500e-03, 1.305095e-05, 1.325816e-05, 1.299653e-05
-5.850000e-05, 4.387500e-03, 1.650000e-05, 1.650000e-05, 1.650000e-05
5.850000e-05, 4.387500e-03, 1.650000e-05, 1.650000e-05, 1.650000e-05
1.755000e-04, 4.387500e-03, 1.485987e-05, 1.517276e-05, 1.485580e-05
2.925000e-04, 4.387500e-03, 1.266601e-05, 1.322359e-05, 1.273488e-05
4.095000e-04, 4.387500e-03, 1.650000e-05, 1.650000e-05, 1.650000e-05
5.265000e-04, 4.387500e-03, 1.351358e-05, 1.408515e-05, 1.355613e-05
6.435000e-04, 4.387500e-03, 1.525191e-05, 1.544876e-05, 1.530731e-05
7.605000e-04, 4.387500e-03, 1.650000e-05, 1.650000e-05, 1.650000e-05
8.775000e-04, 4.387500e-03, 1.606093e-05, 1.616164e-05, 1.610118e-05
9.945000e-04, 4.387500e-03, 1.530556e-05, 1.541429e-05, 1.531522e-05
1.111500e-03, 4.387500e-03, 1.650000e-05, 1.650000e-05, 1.650000e-05
1.228500e-03, 4.387500e-03, 1.650000e-05, 1.650000e-05, 1.650000e-05
1.345500e-03, 4.387500e-03, 9.500938e-06, 9.824915e-06, 9.553845e-06
1.462500e-03, 4.387500e-03, 5.500000e-07, 5.500000e-07, 5.500000e-07
1.579500e-03, 4.387500e-03, 5.500000e-07, 5.500000e-07, 5.500000e-07
1.696500e-03, 4.387500e-03, 3.816367e-06, 3.647726e-06, 3.555594e-06
1.813500e-03, 4.387500e-03, 7.472019e-06, 6.906032e-06, 6.936307e-06
1.930500e-03, 4.387500e-03, 1.646415e-05, 1.646415e-05, 1.646642e-05
2.047500e-03, 4.387500e-03, 1.650000e-05, 1.650000e-05, 1.650000e-05
2.164500e-03, 4.387500e-03, 6.893911e-06, 7.864576e-06, 7.040546e-06
2.281500e-03, 4.387500e-03, 5.500000e-07, 5.500000e-07, 5.500000e-07
2.398500e-03, 4.387500e-03, 4.035164e-06, 4.820561e-06, 4.139062e-06
2.515500e-03, 4.387500e-03, 4.033538e-06, 4.791009e-06, 4.138617e-06
2.632500e-03, 4.387500e-03, 3.337047e-06, 3.598222e-06, 3.382815e-06
2.749500e-03, 4.387500e-03, 1.650000e-05, 1.650000e-05, 1.650000e-05
2.866500e-03, 4.387500e-03, 1.631349e-05, 1.633483e-05, 1.632485e-05
2.983500e-03, 4.387500e-03, 1.001571e-06, 1.123570e-06, 1.030643e-06
3.100500e-03, 4.387500e-03, 1.232452e-05, 1.261061e-05, 1.233140e-05
3.217500e-03, 4.387500e-03, 1.650000e-05, 1.650000e-05, 1.650000e-05
3.334500e-03, 4.387500e-03, 7.853121e-06, 8.138741e-06, 7.884570e-06
3.451500e-03, 4.387500e-03, 5.936150e-06, 6.208336e-06, 5.973983e-06
3.568500e-03, 4.387500e-03, 1.650000e-05, 1.650000e-05, 1.650000e-05
3.685500e-03, 4.387500e-03, 1.421412e-05, 1.447947e-05, 1.423584e-05
3.802500e-03, 4.387500e-03, 5.500000e-07, 5.500000e-07, 5.500000e-07
3.919500e-03, 4.387500e-03, 1.488124e-05, 1.510019e-05, 1.491211e-05
4.036500e-03, 4.387500e-03, 1.650000e-05, 1.650000e-05, 1.650000e-05
4.153500e-03, 4.387500e-03, 4.926018e-06, 5.178765e-06, 4.963103e-06
4.270500e-03, 4.387500e-03, 8.312852e-06, 8.590163e-06, 8.335867e-06
4.387500e-03, 4.387500e-03, 1.650000e-05, 1.650000e-05, 1.650000e-05
4.504500e-03, 4.387500e-03, 1.164404e-05, 1.192696e-05, 1.164975e-05
4.621500e-03, 4.387500e-03, 1.734124e-06, 1.941761e-06, 1.772548e-06
4.738500e-03, 4.387500e-03, 1.646172e-05, 1.646451e-05, 1.646525e-05
4.855500e-03, 4.387500e-03, 1.649980e-05, 1.649980e-05, 1.649981e-05
4.972500e-03, 4.387500e-03, 2.321893e-06, 2.566268e-06, 2.369590e-06
5.089500e-03, 4.387500e-03, 1.082524e-05, 1.110459e-05, 1.083142e-05
5.206500e-03, 4.387500e-03, 1.650000e-05, 1.650000e-05, 1.650000e-05
5.323500e-03, 4.387500e-03, 9.046299e-06, 9.320779e-06, 9.058032e-06
5.440500e-03, 4.387500e-03, 4.101541e-06, 4.350724e-06, 4.143918e-06
5.557500e-03, 4.387500e-03, 1.650000e-05, 1.650000e-05, 1.650000e-05
5.674500e-03, 4.387500e-03, 1.565993e-05, 1.577089e-05, 1.569021e-05
5.791500e-03, 4.387500e-03, 5.683232e-07, 5.725735e-07, 5.717827e-07
-5.791500e-03, 4.504500e-03, 5.502573e-07, 5.502573e-07, 5.502677e-07
-5.674500e-03, 4.504500e-03, 9.315925e-06, 8.939438e-06, 8.908364e-06
-5.557500e-03, 4.504500e-03, 1.378555e-05, 1.332195e-05, 1.331049e-05
-5.440500e-03, 4.504500e-03, 1.487461e-05, 1.495899e-05, 1.484111e-05
-5.323500e-03, 4.504500e-03, 1.650000e-05, 1.650000e-05, 1.650000e-05
-5.206500e-03, 4.504500e-03, 1.576053e-05, 1.563425e-05, 1.560201e-05
-5.089500e-03, 4.504500e-03, 1.650000e-05, 1.650000e-05, 1.650000e-05
-4.972500e-03, 4.504500e-03, 1.650000e-05, 1.650000e-05, 1.650000e-05
-4.855500e-03, 4.504500e-03, 1.524048e-05, 1.524048e-05, 1.519961e-05
-4.738500e-03, 4.504500e-03, 1.488115e-05, 1.487759e-05, 1.482547e-05
-4.621500e-03, 4.504500e-03, 1.650000e-05, 1.650000e-05, 1.650000e-05
-4.504500e-03, 4.504500e-03, 1.650000e-05, 1.650000e-05, 1.650000e-05
-4.387500e-03, 4.504500e-03, 1.576007e-05, 1.563476e-05, 1.560213e-05
-4.270500e-03, 4.504500e-03, 1.650000e-05, 1.650000e-05, 1.650000e-05
-4.153500e-03, 4.504500e-03, 8.842455e-06, 9.103462e-06, 8.788041e-06
-4.036500e-03, 4.504500e-03, 1.123528e-05, 1.100567e-05, 1.097220e-05
-3.919500e-03, 4.504500e-03, 7.613361e-06, 7.547714e-06, 7.461769e-06
-3.802500e-03, 4.504500e-03, 5.500000e-07, 5.500000e-07, 5.500000e-07
-3.685500e-03, 4.504500e-03, 7.114309e-06, 7.064054e-06, 6.977281e-06
-3.568500e-03, 4.504500e-03, 1.145196e-05, 1.120729e-05, 1.118368e-05
-3.451500e-03, 4.504500e-03, 1.763695e-06, 1.793362e-06, 1.755109e-06
-3.334500e-03, 4.504500e-03, 2.709195e-06, 2.742397e-06, 2.674555e-06
-3.217500e-03, 4.504500e-03, 1.185486e-05, 1.157771e-05, 1.157869e-05
-3.100500e-03, 4.504500e-03, 5.766663e-06, 5.754797e-06, 5.663520e-06
-2.983500e-03, 4.504500e-03, 5.500000e-07, 5.500000e-07, 5.500000e-07
-2.866500e-03, 4.504500e-03, 9.058497e-06, 8.948611e-06, 8.859942e-06
-2.749500e-03, 4.504500e-03, 1.059644e-05, 1.038139e-05, 1.035852e-05
-2.632500e-03, 4.504500e-03, 6.022893e-06, 5.867883e-06, 5.843585e-06
-2.515500e-03, 4.504500e-03, 5.500000e-07, 5.500000e-07, 5.500000e-07
-2.398500e-03, 4.504500e-03, 5.500000e-07, 5.500000e-07, 5.500000e-07
-2.281500e-03, 4.504500e-03, 5.500000e-07, 5.500000e-07, 5.500000e-07
-2.164500e-03, 4.504500e-03, 1.031009e-06, 1.047947e-06, 1.034967e-06
-2.047500e-03, 4.504500e-03, 1.062372e-05, 1.043019e-05, 1.037689e-05
-1.930500e-03, 4.504500e-03, 8.743991e-06, 8.643972e-06, 8.555179e-06
-1.813500e-03, 4.504500e-03, 5.500000e-07, 5.500000e-07, 5.500000e-07
-1.696500e-03, 4.504500e-03, 9.263702e-06, 9.465452e-06, 9.245426e-06
-1.579500e-03, 4.504500e-03, 1.607507e-05, 1.615450e-05, 1.609657e-05
-1.462500e-03, 4.504500e-03, 5.588072e-06, 5.960172e-06, 5.598236e-06
-1.345500e-03, 4.504500e-03, 1.650000e-05, 1.650000e-05, 1.650000e-05
-1.228500e-03, 4.504500e-03, 1.542928e-05, 1.550119e-05, 1.541407e-05
-1.111500e-03, 4.504500e-03, 4.224019e-06, 4.223994e-06, 4.122186e-06
-9.945000e-04, 4.504500e-03, 1.635049e-05, 1.636750e-05, 1.635633e-05
-8.775000e-04, 4.504500e-03, 1.650000e-05, 1.650000e-05, 1.650000e-05
-7.605000e-04, 4.504500e-03, 1.650000e-05, 1.650000e-05, 1.650000e-05
-6.435000e-04, 4.504500e-03, 1.650000e-05, 1.650000e-05, 1.650000e-05
-5.265000e-04, 4.504500e-03, 1.645711e-05, 1.645800e-05, 1.646053e-05
-4.095000e-04, 4.504500e-03, 1.545989e-05, 1.525111e-05, 1.521901e-05
-2.925000e-04, 4.504500e-03, 1.462789e-05, 1.453498e-05, 1.447984e-05
-1.755000e-04, 4.504500e-03, 1.309024e-05, 1.270763e-05, 1.264330e-05
-5.850000e-05, 4.504500e-03, 1.502062e-05, 1.480821e-05, 1.483228e-05
5.850000e-05, 4.504500e-03, 1.514373e-05, 1.492563e-05, 1.482674e-05
1.755000e-04, 4.504500e-03, 1.574922e-05, 1.590261e-05, 1.578385e-05
2.925000e-04, 4.504500e-03, 1.430355e-05, 1.453832e-05, 1.430161e-05
4.095000e-04, 4.504500e-03, 1.450628e-05, 1.436811e-05, 1.434825e-05
5.265000e-04, 4.504500e-03, 9.776672e-06, 9.840924e-06, 9.447895e-06
6.435000e-04, 4.504500e-03, 1.563931e-05, 1.564055e-05, 1.562442e-05
7.605000e-04, 4.504500e-03, 1.484226e-05, 1.468188e-05, 1.466483e-05
8.775000e-04, 4.504500e-03, 1.649058e-05, 1.649066e-05, 1.649179e-05
9.945000e-04, 4.504500e-03, 1.261758e-05, 1.281646e-05, 1.239927e-05
1.111500e-03, 4.504500e-03, 1.650000e-05, 1.650000e-05, 1.650000e-05
1.228500e-03, 4.504500e-03, 1.650000e-05, 1.650000e-05, 1.650000e-05
1.345500e-03, 4.504500e-03, 9.617890e-06, 9.929157e-06, 9.662667e-06
1.462500e-03, 4.504500e-03, 3.715853e-06, 3.609868e-06, 3.591930e-06
1.579500e-03, 4.504500e-03, 7.091303e-06, 6.952803e-06, 6.831375e-06
1.696500e-03, 4.504500e-03, 2.213559e-06, 2.213559e-06, 2.158876e-06
1.813500e-03, 4.504500e-03, 7.265498e-07, 7.265494e-07, 7.286516e-07
1.930500e-03, 4.504500e-03, 9.149547e-06, 9.003819e-06, 8.942118e-06
2.047500e-03, 4.504500e-03, 1.172707e-05, 1.151861e-05, 1.144958e-05
2.164500e-03, 4.504500e-03, 4.826470e-06, 4.952061e-06, 4.634264e-06
2.281500e-03, 4.504500e-03, 5.500000e-07, 5.500000e-07, 5.500000e-07
2.398500e-03, 4.504500e-03, 4.035164e-06, 4.820561e-06, 4.139062e-06
2.515500e-03, 4.504500e-03, 4.033538e-06, 4.791009e-06, 4.138617e-06
2.632500e-03, 4.504500e-03, 4.781316e-06, 4.957118e-06, 4.708359e-06
2.749500e-03, 4.504500e-03, 1.304006e-05, 1.270924e-05, 1.276126e-05
2.866500e-03, 4.504500e-03, 9.058497e-06, 8.948611e-06, 8.859942e-06
2.983500e-03, 4.504500e-03, 5.500000e-07, 5.500000e-07, 5.500000e-07
3.100500e-03, 4.504500e-03, 5.766663e-06, 5.754797e-06, 5.663520e-06
3.217500e-03, 4.504500e-03, 1.279023e-05, 1.247323e-05, 1.250936e-05
3.334500e-03, 4.504500e-03, 8.294581e-06, 8.415585e-06, 8.154919e-06
3.451500e-03, 4.504500e-03, 6.792175e-06, 6.946212e-06, 6.691172e-06
3.568500e-03, 4.504500e-03, 1.293842e-05, 1.261479e-05, 1.265780e-05
3.685500e-03, 4.504500e-03, 7.114309e-06, 7.064054e-06, 6.977281e-06
3.802500e-03, 4.504500e-03, 5.500000e-07, 5.500000e-07, 5.500000e-07
3.919500e-03, 4.504500e-03, 1.073839e-05, 1.094080e-05, 1.071771e-05
4.036500e-03, 4.504500e-03, 1.269612e-05, 1.254561e-05, 1.247630e-05
4.153500e-03, 4.504500e-03, 1.483794e-06, 1.511511e-06, 1.482278e-06
4.270500e-03, 4.504500e-03, 7.241596e-06, 7.493838e-06, 7.245053e-06
4.387500e-03, 4.504500e-03, 1.380030e-05, 1.351616e-05, 1.353831e-05
4.504500e-03, 4.504500e-03, 5.301954e-06, 5.301954e-06, 5.209158e-06
4.621500e-03, 4.504500e-03, 8.676123e-06, 8.794742e-06, 8.605154e-06
4.738500e-03, 4.504500e-03, 1.621489e-05, 1.622311e-05, 1.621679e-05
4.855500e-03, 4.504500e-03, 1.011972e-05, 9.959653e-06, 9.892758e-06
4.972500e-03, 4.504500e-03, 7.045852e-07, 7.187601e-07, 7.136506e-07
5.089500e-03, 4.504500e-03, 4.812135e-06, 4.834123e-06, 4.729832e-06
5.206500e-03, 4.504500e-03, 1.361390e-05, 1.336995e-05, 1.334282e-05
5.323500e-03, 4.504500e-03, 3.611606e-06, 3.644360e-06, 3.554245e-06
5.440500e-03, 4.504500e-03, 1.188790e-06, 1.213540e-06, 1.193708e-06
5.557500e-03, 4.504500e-03, 1.092466e-05, 1.071435e-05, 1.066963e-05
5.674500e-03, 4.504500e-03, 8.224854e-06, 8.140303e-06, 8.053531e-06
5.791500e-03, 4.504500e-03, 5.500000e-07, 5.500000e-07, 5.500000e-07
-5.791500e-03, 4.621500e-03, 2.744543e-06, 3.008725e-06, 2.790723e-06
-5.674500e-03, 4.621500e-03, 1.650000e-05, 1.650000e-05, 1.650000e-05
-5.557500e-03, 4.621500e-03, 1.650000e-05, 1.650000e-05, 1.650000e-05
-5.440500e-03, 4.621500e-03, 1.650000e-05, 1.650000e-05, 1.650000e-05
-5.323500e-03, 4.621500e-03, 1.650000e-05, 1.650000e-05, 1.650000e-05
-5.206500e-03, 4.621500e-03, 1.576016e-05, 1.563873e-05, 1.560231e-05
-5.089500e-03, 4.621500e-03, 1.650000e-05, 1.650000e-05, 1.650000e-05
-4.972500e-03, 4.621500e-03, 1.650000e-05, 1.650000e-05, 1.650000e-05
-4.855500e-03, 4.621500e-03, 1.599318e-05, 1.596772e-05, 1.596490e-05
-4.738500e-03, 4.621500e-03, 1.613891e-05, 1.612365e-05, 1.612352e-05
-4.621500e-03, 4.621500e-03, 1.650000e-05, 1.650000e-05, 1.650000e-05
-4.504500e-03, 4.621500e-03, 1.643070e-05, 1.643159e-05, 1.643450e-05
-4.387500e-03, 4.621500e-03, 1.399247e-05, 1.354321e-05, 1.351685e-05
-4.270500e-03, 4.621500e-03, 1.650000e-05, 1.650000e-05, 1.650000e-05
-4.153500e-03, 4.621500e-03, 9.241054e-06, 9.622557e-06, 9.249727e-06
-4.036500e-03, 4.621500e-03, 7.560265e-06, 7.371072e-06, 7.333432e-06
-3.919500e-03, 4.621500e-03, 7.594295e-07, 7.364549e-07, 7.478146e-07
-3.802500e-03, 4.621500e-03, 5.500000e-07, 5.500000e-07, 5.500000e-07
-3.685500e-03, 4.621500e-03, 5.500000e-07, 5.500000e-07, 5.500000e-07
-3.568500e-03, 4.621500e-03, 5.500000e-07, 5.500000e-07, 5.500000e-07
-3.451500e-03, 4.621500e-03, 5.500000e-07, 5.500000e-07, 5.500000e-07
-3.334500e-03, 4.621500e-03, 5.500000e-07, 5.500000e-07, 5.500000e-07
-3.217500e-03, 4.621500e-03, 1.705471e-06, 1.518062e-06, 1.556963e-06
-3.100500e-03, 4.621500e-03, 5.898284e-07, 5.865030e-07, 5.908364e-07
-2.983500e-03, 4.621500e-03, 5.500000e-07, 5.500000e-07, 5.500000e-07
-2.866500e-03, 4.621500e-03, 9.693074e-07, 9.208428e-07, 9.367247e-07
-2.749500e-03, 4.621500e-03, 1.274893e-06, 1.186916e-06, 1.208198e-06
-2.632500e-03, 4.621500e-03, 5.500000e-07, 5.500000e-07, 5.500000e-07
-2.515500e-03, 4.621500e-03, 5.500000e-07, 5.500000e-07, 5.500000e-07
-2.398500e-03, 4.621500e-03, 5.500000e-07, 5.500000e-07, 5.500000e-07
-2.281500e-03, 4.621500e-03, 5.500000e-07, 5.500000e-07, 5.500000e-07
-2.164500e-03, 4.621500e-03, 5.500000e-07, 5.500000e-07, 5.500000e-07
-2.047500e-03, 4.621500e-03, 5.500000e-07, 5.500000e-07, 5.500000e-07
-1.930500e-03, 4.621500e-03, 5.500000e-07, 5.500000e-07, 5.500000e-07
-1.813500e-03, 4.621500e-03, 5.500000e-07, 5.500000e-07, 5.500000e-07
-1.696500e-03, 4.621500e-03, 3.694386e-06, 3.708965e-06, 3.640317e-06
-1.579500e-03, 4.621500e-03, 9.020770e-06, 8.621352e-06, 8.604290e-06
-1.462500e-03, 4.621500e-03, 3.632026e-06, 3.920507e-06, 3.683985e-06
-1.345500e-03, 4.621500e-03, 1.650000e-05, 1.650000e-05, 1.650000e-05
-1.228500e-03, 4.621500e-03, 1.650000e-05, 1.650000e-05, 1.650000e-05
-1.111500e-03, 4.621500e-03, 1.618535e-05, 1.615033e-05, 1.615396e-05
-9.945000e-04, 4.621500e-03, 1.650000e-05, 1.650000e-05, 1.650000e-05
-8.775000e-04, 4.621500e-03, 1.650000e-05, 1.650000e-05, 1.650000e-05
-7.605000e-04, 4.621500e-03, 1.650000e-05, 1.650000e-05, 1.650000e-05
-6.435000e-04, 4.621500e-03, 1.650000e-05, 1.650000e-05, 1.650000e-05
-5.265000e-04, 4.621500e-03, 1.650000e-05, 1.650000e-05, 1.650000e-05
-4.095000e-04, 4.621500e-03, 1.559191e-05, 1.558812e-05, 1.556630e-05
-2.925000e-04, 4.621500e-03, 1.589115e-05, 1.589115e-05, 1.587742e-05
-1.755000e-04, 4.621500e-03, 1.650000e-05, 1.650000e-05, 1.650000e-05
-5.850000e-05, 4.621500e-03, 1.631581e-05, 1.625389e-05, 1.628607e-05
5.850000e-05, 4.621500e-03, 1.410750e-05, 1.368990e-05, 1.376680e-05
1.755000e-04, 4.621500e-03, 1.491754e-05, 1.474986e-05, 1.476125e-05
2.925000e-04, 4.621500e-03, 1.428427e-05, 1.395247e-05, 1.393556e-05
4.095000e-04, 4.621500e-03, 1.385403e-05, 1.356518e-05, 1.351303e-05
5.265000e-04, 4.621500e-03, 1.587498e-05, 1.587498e-05, 1.586056e-05
6.435000e-04, 4.621500e-03, 9.893437e-06, 1.009222e-05, 9.661961e-06
7.605000e-04, 4.621500e-03, 1.592034e-05, 1.593808e-05, 1.591640e-05
8.775000e-04, 4.621500e-03, 1.202756e-05, 1.220903e-05, 1.190723e-05
9.945000e-04, 4.621500e-03, 1.171060e-05, 1.198997e-05, 1.161801e-05
1.111500e-03, 4.621500e-03, 1.627119e-05, 1.619534e-05, 1.622627e-05
1.228500e-03, 4.621500e-03, 1.541385e-05, 1.523996e-05, 1.528441e-05
1.345500e-03, 4.621500e-03, 1.570820e-05, 1.570820e-05, 1.568710e-05
1.462500e-03, 4.621500e-03, 1.243733e-05, 1.275576e-05, 1.241069e-05
1.579500e-03, 4.621500e-03, 1.087169e-05, 1.109404e-05, 1.083332e-05
1.696500e-03, 4.621500e-03, 5.220392e-06, 5.053023e-06, 4.784012e-06
1.813500e-03, 4.621500e-03, 4.809475e-06, 4.033940e-06, 4.136319e-06
1.930500e-03, 4.621500e-03, 5.186354e-06, 4.360901e-06, 4.478112e-06
2.047500e-03, 4.621500e-03, 5.044846e-06, 4.599460e-06, 4.575096e-06
2.164500e-03, 4.621500e-03, 5.500000e-07, 5.500000e-07, 5.500000e-07
2.281500e-03, 4.621500e-03, 5.500000e-07, 5.500000e-07, 5.500000e-07
2.398500e-03, 4.621500e-03, 4.258874e-06, 5.004837e-06, 4.342542e-06
2.515500e-03, 4.621500e-03, 4.033538e-06, 4.791009e-06, 4.138617e-06
2.632500e-03, 4.621500e-03, 4.555616e-06, 5.142354e-06, 4.550783e-06
2.749500e-03, 4.621500e-03, 5.500000e-07, 5.500000e-07, 5.500000e-07
2.866500e-03, 4.621500e-03, 5.500000e-07, 5.500000e-07, 5.500000e-07
2.983500e-03, 4.621500e-03, 5.500000e-07, 5.500000e-07, 5.500000e-07
3.100500e-03, 4.621500e-03, 5.898284e-07, 5.865030e-07, 5.908364e-07
3.217500e-03, 4.621500e-03, 1.705471e-06, 1.518062e-06, 1.556963e-06
3.334500e-03, 4.621500e-03, 4.147138e-06, 4.718227e-06, 4.236841e-06
3.451500e-03, 4.621500e-03, 4.151751e-06, 4.895619e-06, 4.249413e-06
3.568500e-03, 4.621500e-03, 1.562922e-06, 1.418455e-06, 1.450494e-06
3.685500e-03, 4.621500e-03, 7.019170e-07, 6.857960e-07, 6.953996e-07
3.802500e-03, 4.621500e-03, 5.500000e-07, 5.500000e-07, 5.500000e-07
3.919500e-03, 4.621500e-03, 7.744318e-06, 8.376250e-06, 7.789155e-06
4.036500e-03, 4.621500e-03, 5.728974e-07, 5.726934e-07, 5.747341e-07
4.153500e-03, 4.621500e-03, 8.656423e-07, 8.786031e-07, 8.705996e-07
4.270500e-03, 4.621500e-03, 8.627191e-06, 8.995738e-06, 8.488073e-06
4.387500e-03, 4.621500e-03, 1.740527e-06, 1.539202e-06, 1.580073e-06
4.504500e-03, 4.621500e-03, 5.673376e-07, 5.662524e-07, 5.686613e-07
4.621500e-03, 4.621500e-03, 6.368169e-06, 6.352857e-06, 6.254416e-06
4.738500e-03, 4.621500e-03, 7.579204e-06, 7.465501e-06, 7.385688e-06
4.855500e-03, 4.621500e-03, 1.181266e-06, 1.106555e-06, 1.125673e-06
4.972500e-03, 4.621500e-03, 5.500000e-07, 5.500000e-07, 5.500000e-07
5.089500e-03, 4.621500e-03, 5.526077e-07, 5.525677e-07, 5.529453e-07
5.206500e-03, 4.621500e-03, 1.769440e-06, 1.554226e-06, 1.597122e-06
5.323500e-03, 4.621500e-03, 5.500000e-07, 5.500000e-07, 5.500000e-07
5.440500e-03, 4.621500e-03, 5.500000e-07, 5.500000e-07, 5.500000e-07
5.557500e-03, 4.621500e-03, 5.500000e-07, 5.500000e-07, 5.500000e-07
5.674500e-03, 4.621500e-03, 5.500000e-07, 5.500000e-07, 5.500000e-07
5.791500e-03, 4.621500e-03, 5.500000e-07, 5.500000e-07, 5.500000e-07
-5.791500e-03, 4.738500e-03, 2.896463e-06, 3.176153e-06, 2.943927e-06
-5.674500e-03, 4.738500e-03, 1.650000e-05, 1.650000e-05, 1.650000e-05
-5.557500e-03, 4.738500e-03, 1.650000e-05, 1.650000e-05, 1.650000e-05
-5.440500e-03, 4.738500e-03, 1.650000e-05, 1.650000e-05, 1.650000e-05
-5.323500e-03, 4.738500e-03, 1.612883e-05, 1.613866e-05, 1.612391e-05
-5.206500e-03, 4.738500e-03, 1.650000e-05, 1.650000e-05, 1.650000e-05
-5.089500e-03, 4.738500e-03, 1.612348e-05, 1.613788e-05, 1.612349e-05
-4.972500e-03, 4.738500e-03, 1.612535e-05, 1.613850e-05, 1.612355e-05
-4.855500e-03, 4.738500e-03, 1.650000e-05, 1.650000e-05, 1.650000e-05
-4.738500e-03, 4.738500e-03, 1.650000e-05, 1.650000e-05, 1.650000e-05
-4.621500e-03, 4.738500e-03, 1.612365e-05, 1.613891e-05, 1.612352e-05
-4.504500e-03, 4.738500e-03, 1.623374e-05, 1.625451e-05, 1.624273e-05
-4.387500e-03, 4.738500e-03, 1.648181e-05, 1.647943e-05, 1.648218e-05
-4.270500e-03, 4.738500e-03, 1.647256e-05, 1.647417e-05, 1.647542e-05
-4.153500e-03, 4.738500e-03, 1.261941e-05, 1.325983e-05, 1.268105e-05
-4.036500e-03, 4.738500e-03, 1.650000e-05, 1.650000e-05, 1.650000e-05
-3.919500e-03, 4.738500e-03, 1.271651e-05, 1.285319e-05, 1.262313e-05
-3.802500e-03, 4.738500e-03, 5.500000e-07, 5.500000e-07, 5.500000e-07
-3.685500e-03, 4.738500e-03, 5.500000e-07, 5.500000e-07, 5.500000e-07
-3.568500e-03, 4.738500e-03, 1.142605e-05, 1.134554e-05, 1.118216e-05
-3.451500e-03, 4.738500e-03, 5.224391e-06, 5.325967e-06, 5.184467e-06
-3.334500e-03, 4.738500e-03, 5.348177e-06, 5.507414e-06, 5.333442e-06
-3.217500e-03, 4.738500e-03, 1.641615e-05, 1.641244e-05, 1.641623e-05
-3.100500e-03, 4.738500e-03, 1.011768e-05, 1.025497e-05, 1.003212e-05
-2.983500e-03, 4.738500e-03, 7.401838e-07, 7.636667e-07, 7.516649e-07
-2.866500e-03, 4.738500e-03, 1.438809e-05, 1.441883e-05, 1.431388e-05
-2.749500e-03, 4.738500e-03, 1.540678e-05, 1.540093e-05, 1.536814e-05
-2.632500e-03, 4.738500e-03, 1.861854e-06, 1.996636e-06, 1.881541e-06
-2.515500e-03, 4.738500e-03, 8.522933e-07, 8.536921e-07, 8.530411e-07
-2.398500e-03, 4.738500e-03, 6.102730e-06, 5.878597e-06, 5.879573e-06
-2.281500e-03, 4.738500e-03, 7.855177e-07, 7.868278e-07, 7.876199e-07
-2.164500e-03, 4.738500e-03, 5.500000e-07, 5.500000e-07, 5.500000e-07
-2.047500e-03, 4.738500e-03, 6.664951e-06, 6.577294e-06, 6.510255e-06
-1.930500e-03, 4.738500e-03, 4.777714e-06, 4.760793e-06, 4.687098e-06
-1.813500e-03, 4.738500e-03, 5.500000e-07, 5.500000e-07, 5.500000e-07
-1.696500e-03, 4.738500e-03, 1.053121e-05, 1.066830e-05, 1.044191e-05
-1.579500e-03, 4.738500e-03, 1.637385e-05, 1.636977e-05, 1.637302e-05
-1.462500e-03, 4.738500e-03, 8.074344e-06, 8.666086e-06, 8.112743e-06
-1.345500e-03, 4.738500e-03, 1.650000e-05, 1.650000e-05, 1.650000e-05
-1.228500e-03, 4.738500e-03, 1.650000e-05, 1.650000e-05, 1.650000e-05
-1.111500e-03, 4.738500e-03, 1.650000e-05, 1.650000e-05, 1.650000e-05
-9.945000e-04, 4.738500e-03, 1.650000e-05, 1.650000e-05, 1.650000e-05
-8.775000e-04, 4.738500e-03, 1.650000e-05, 1.650000e-05, 1.650000e-05
-7.605000e-04, 4.738500e-03, 1.017522e-05, 1.019163e-05, 1.003749e-05
-6.435000e-04, 4.738500e-03, 1.541020e-05, 1.541115e-05, 1.537751e-05
-5.265000e-04, 4.738500e-03, 1.650000e-05, 1.650000e-05, 1.650000e-05
-4.095000e-04, 4.738500e-03, 9.641863e-06, 9.610133e-06, 9.460254e-06
-2.925000e-04, 4.738500e-03, 1.066366e-05, 1.064846e-05, 1.050978e-05
-1.755000e-04, 4.738500e-03, 1.614553e-05, 1.623891e-05, 1.618749e-05
-5.850000e-05, 4.738500e-03, 1.523982e-05, 1.521106e-05, 1.516687e-05
5.850000e-05, 4.738500e-03, 1.649130e-05, 1.648971e-05, 1.649131e-05
1.755000e-04, 4.738500e-03, 1.159767e-05, 1.187117e-05, 1.155664e-05
2.925000e-04, 4.738500e-03, 1.362089e-05, 1.359174e-05, 1.346964e-05
4.095000e-04, 4.738500e-03, 1.648550e-05, 1.648392e-05, 1.648603e-05
5.265000e-04, 4.738500e-03, 1.558363e-05, 1.566223e-05, 1.558067e-05
6.435000e-04, 4.738500e-03, 9.930202e-06, 1.068293e-05, 1.003351e-05
7.605000e-04, 4.738500e-03, 1.449004e-05, 1.476653e-05, 1.450933e-05
8.775000e-04, 4.738500e-03, 1.377497e-05, 1.354832e-05, 1.351119e-05
9.945000e-04, 4.738500e-03, 1.315514e-05, 1.282481e-05, 1.287911e-05
1.111500e-03, 4.738500e-03, 1.467089e-05, 1.446155e-05, 1.447826e-05
1.228500e-03, 4.738500e-03, 1.622314e-05, 1.621858e-05, 1.621889e-05
1.345500e-03, 4.738500e-03, 1.572027e-05, 1.581599e-05, 1.574755e-05
1.462500e-03, 4.738500e-03, 4.745474e-06, 4.991793e-06, 4.763934e-06
1.579500e-03, 4.738500e-03, 6.160170e-06, 6.248025e-06, 5.815964e-06
1.696500e-03, 4.738500e-03, 1.232166e-05, 1.209278e-05, 1.204131e-05
1.813500e-03, 4.738500e-03, 7.121293e-06, 7.028739e-06, 6.888346e-06
1.930500e-03, 4.738500e-03, 1.458734e-05, 1.454861e-05, 1.449554e-05
2.047500e-03, 4.738500e-03, 1.554809e-05, 1.554235e-05, 1.551561e-05
2.164500e-03, 4.738500e-03, 2.124980e-06, 2.268078e-06, 2.143135e-06
2.281500e-03, 4.738500e-03, 3.921436e-06, 3.921436e-06, 3.729470e-06
2.398500e-03, 4.738500e-03, 3.714248e-06, 3.714248e-06, 3.596987e-06
2.515500e-03, 4.738500e-03, 3.716730e-06, 4.063796e-06, 3.701990e-06
2.632500e-03, 4.738500e-03, 4.028565e-06, 4.747085e-06, 4.127200e-06
2.749500e-03, 4.738500e-03, 5.500000e-07, 5.500000e-07, 5.500000e-07
2.866500e-03, 4.738500e-03, 5.500000e-07, 5.500000e-07, 5.500000e-07
2.983500e-03, 4.738500e-03, 5.500000e-07, 5.500000e-07, 5.500000e-07
3.100500e-03, 4.738500e-03, 1.011768e-05, 1.025497e-05, 1.003212e-05
3.217500e-03, 4.738500e-03, 1.641615e-05, 1.641244e-05, 1.641623e-05
3.334500e-03, 4.738500e-03, 8.823578e-06, 9.653916e-06, 8.911936e-06
3.451500e-03, 4.738500e-03, 7.198298e-06, 8.143902e-06, 7.302608e-06
3.568500e-03, 4.738500e-03, 1.613388e-05, 1.612889e-05, 1.612531e-05
3.685500e-03, 4.738500e-03, 1.203808e-05, 1.217750e-05, 1.194216e-05
3.802500e-03, 4.738500e-03, 5.500000e-07, 5.500000e-07, 5.500000e-07
3.919500e-03, 4.738500e-03, 7.765326e-06, 8.453902e-06, 7.810502e-06
4.036500e-03, 4.738500e-03, 5.500000e-07, 5.500000e-07, 5.500000e-07
4.153500e-03, 4.738500e-03, 7.251479e-06, 7.473775e-06, 7.189990e-06
4.270500e-03, 4.738500e-03, 7.623735e-06, 7.904125e-06, 7.577079e-06
4.387500e-03, 4.738500e-03, 1.646451e-05, 1.646172e-05, 1.646525e-05
4.504500e-03, 4.738500e-03, 9.427100e-06, 9.565843e-06, 9.349664e-06
4.621500e-03, 4.738500e-03, 1.001881e-06, 1.061653e-06, 1.019235e-06
4.738500e-03, 4.738500e-03, 1.479033e-05, 1.479033e-05, 1.472658e-05
4.855500e-03, 4.738500e-03, 1.514936e-05, 1.514338e-05, 1.509966e-05
4.972500e-03, 4.738500e-03, 1.447444e-06, 1.560474e-06, 1.468622e-06
5.089500e-03, 4.738500e-03, 8.595205e-06, 8.737204e-06, 8.530196e-06
5.206500e-03, 4.738500e-03, 1.648864e-05, 1.648785e-05, 1.648950e-05
5.323500e-03, 4.738500e-03, 6.792981e-06, 6.946391e-06, 6.762710e-06
5.440500e-03, 4.738500e-03, 5.500000e-07, 5.500000e-07, 5.500000e-07
5.557500e-03, 4.738500e-03, 5.500000e-07, 5.500000e-07, 5.500000e-07
5.674500e-03, 4.738500e-03, 5.500000e-07, 5.500000e-07, 5.500000e-07
5.791500e-03, 4.738500e-03, 5.500000e-07, 5.500000e-07, 5.500000e-07
-5.791500e-03, 4.855500e-03, 2.896463e-06, 3.176153e-06, 2.943927e-06
-5.674500e-03, 4.855500e-03, 1.650000e-05, 1.650000e-05, 1.650000e-05
-5.557500e-03, 4.855500e-03, 9.706027e-06, 9.701435e-06, 9.571197e-06
-5.440500e-03, 4.855500e-03, 1.254042e-05, 1.256246e-05, 1.243894e-05
-5.323500e-03, 4.855500e-03, 1.597076e-05, 1.599232e-05, 1.596514e-05
-5.206500e-03, 4.855500e-03, 1.650000e-05, 1.650000e-05, 1.650000e-05
-5.089500e-03, 4.855500e-03, 1.596265e-05, 1.599056e-05, 1.596446e-05
-4.972500e-03, 4.855500e-03, 1.596955e-05, 1.599287e-05, 1.596495e-05
-4.855500e-03, 4.855500e-03, 1.650000e-05, 1.650000e-05, 1.650000e-05
-4.738500e-03, 4.855500e-03, 1.650000e-05, 1.650000e-05, 1.650000e-05
-4.621500e-03, 4.855500e-03, 1.596772e-05, 1.599318e-05, 1.596490e-05
-4.504500e-03, 4.855500e-03, 1.569244e-05, 1.575536e-05, 1.568728e-05
-4.387500e-03, 4.855500e-03, 1.650000e-05, 1.650000e-05, 1.650000e-05
-4.270500e-03, 4.855500e-03, 1.554478e-05, 1.564896e-05, 1.547692e-05
-4.153500e-03, 4.855500e-03, 1.048988e-05, 1.110646e-05, 1.054616e-05
-4.036500e-03, 4.855500e-03, 1.616976e-05, 1.616976e-05, 1.616615e-05
-3.919500e-03, 4.855500e-03, 1.317460e-05, 1.333595e-05, 1.310297e-05
-3.802500e-03, 4.855500e-03, 5.500000e-07, 5.500000e-07, 5.500000e-07
-3.685500e-03, 4.855500e-03, 5.904875e-07, 5.929162e-07, 5.944455e-07
-3.568500e-03, 4.855500e-03, 1.405588e-05, 1.431657e-05, 1.407381e-05
-3.451500e-03, 4.855500e-03, 4.099096e-06, 4.151984e-06, 4.050987e-06
-3.334500e-03, 4.855500e-03, 5.755664e-06, 5.931633e-06, 5.747025e-06
-3.217500e-03, 4.855500e-03, 1.648282e-05, 1.648282e-05, 1.648448e-05
-3.100500e-03, 4.855500e-03, 1.058458e-05, 1.075009e-05, 1.051337e-05
-2.983500e-03, 4.855500e-03, 8.090979e-07, 8.424552e-07, 8.227959e-07
-2.866500e-03, 4.855500e-03, 1.477483e-05, 1.481127e-05, 1.472183e-05
-2.749500e-03, 4.855500e-03, 1.568684e-05, 1.568684e-05, 1.566480e-05
-2.632500e-03, 4.855500e-03, 2.044327e-06, 2.200222e-06, 2.065495e-06
-2.515500e-03, 4.855500e-03, 3.217801e-06, 3.428552e-06, 3.248610e-06
-2.398500e-03, 4.855500e-03, 1.634326e-05, 1.634325e-05, 1.634805e-05
-2.281500e-03, 4.855500e-03, 2.898723e-06, 3.106739e-06, 2.931258e-06
-2.164500e-03, 4.855500e-03, 5.500000e-07, 5.500000e-07, 5.500000e-07
-2.047500e-03, 4.855500e-03, 1.157668e-05, 1.175951e-05, 1.152191e-05
-1.930500e-03, 4.855500e-03, 8.482398e-06, 8.655906e-06, 8.444025e-06
-1.813500e-03, 4.855500e-03, 5.500000e-07, 5.500000e-07, 5.500000e-07
-1.696500e-03, 4.855500e-03, 1.099650e-05, 1.116248e-05, 1.092275e-05
-1.579500e-03, 4.855500e-03, 1.645958e-05, 1.645958e-05, 1.646194e-05
-1.462500e-03, 4.855500e-03, 9.794940e-06, 1.032402e-05, 9.747370e-06
-1.345500e-03, 4.855500e-03, 1.650000e-05, 1.650000e-05, 1.650000e-05
-1.228500e-03, 4.855500e-03, 1.650000e-05, 1.650000e-05, 1.650000e-05
-1.111500e-03, 4.855500e-03, 1.650000e-05, 1.650000e-05, 1.650000e-05
-9.945000e-04, 4.855500e-03, 1.650000e-05, 1.650000e-05, 1.650000e-05
-8.775000e-04, 4.855500e-03, 1.650000e-05, 1.650000e-05, 1.650000e-05
-7.605000e-04, 4.855500e-03, 1.058145e-05, 1.059214e-05, 1.044450e-05
-6.435000e-04, 4.855500e-03, 1.555163e-05, 1.555163e-05, 1.552402e-05
-5.265000e-04, 4.855500e-03, 1.650000e-05, 1.650000e-05, 1.650000e-05
-4.095000e-04, 4.855500e-03, 1.646586e-05, 1.646531e-05, 1.646820e-05
-2.925000e-04, 4.855500e-03, 1.649801e-05, 1.649801e-05, 1.649826e-05
-1.755000e-04, 4.855500e-03, 1.513411e-05, 1.534644e-05, 1.514662e-05
-5.850000e-05, 4.855500e-03, 1.617850e-05, 1.616889e-05, 1.616738e-05
5.850000e-05, 4.855500e-03, 1.613164e-05, 1.611927e-05, 1.611550e-05
1.755000e-04, 4.855500e-03, 1.233594e-05, 1.214846e-05, 1.201147e-05
2.925000e-04, 4.855500e-03, 1.323464e-05, 1.323466e-05, 1.299379e-05
4.095000e-04, 4.855500e-03, 1.650000e-05, 1.650000e-05, 1.650000e-05
5.265000e-04, 4.855500e-03, 1.591960e-05, 1.598060e-05, 1.594096e-05
6.435000e-04, 4.855500e-03, 1.115867e-05, 1.138963e-05, 1.111532e-05
7.605000e-04, 4.855500e-03, 1.288073e-05, 1.298922e-05, 1.278053e-05
8.775000e-04, 4.855500e-03, 1.383682e-05, 1.332725e-05, 1.334818e-05
9.945000e-04, 4.855500e-03, 1.380857e-05, 1.315464e-05, 1.325255e-05
1.111500e-03, 4.855500e-03, 1.480773e-05, 1.464706e-05, 1.463000e-05
1.228500e-03, 4.855500e-03, 1.638444e-05, 1.638496e-05, 1.638847e-05
1.345500e-03, 4.855500e-03, 1.528269e-05, 1.541893e-05, 1.528801e-05
1.462500e-03, 4.855500e-03, 8.937651e-06, 9.480226e-06, 8.942172e-06
1.579500e-03, 4.855500e-03, 1.246934e-05, 1.262332e-05, 1.237829e-05
1.696500e-03, 4.855500e-03, 1.086740e-05, 1.064956e-05, 1.059832e-05
1.813500e-03, 4.855500e-03, 6.733412e-06, 6.637960e-06, 6.490952e-06
1.930500e-03, 4.855500e-03, 1.490353e-05, 1.488351e-05, 1.483542e-05
2.047500e-03, 4.855500e-03, 1.580852e-05, 1.580852e-05, 1.579151e-05
2.164500e-03, 4.855500e-03, 5.739775e-06, 5.948548e-06, 5.536129e-06
2.281500e-03, 4.855500e-03, 3.714248e-06, 3.714248e-06, 3.596987e-06
2.398500e-03, 4.855500e-03, 4.680072e-06, 4.680072e-06, 4.415634e-06
2.515500e-03, 4.855500e-03, 5.500000e-07, 5.500000e-07, 5.500000e-07
2.632500e-03, 4.855500e-03, 4.028565e-06, 4.747085e-06, 4.127200e-06
2.749500e-03, 4.855500e-03, 5.500000e-07, 5.500000e-07, 5.500000e-07
2.866500e-03, 4.855500e-03, 5.500000e-07, 5.500000e-07, 5.500000e-07
2.983500e-03, 4.855500e-03, 5.500000e-07, 5.500000e-07, 5.500000e-07
3.100500e-03, 4.855500e-03, 1.058458e-05, 1.075009e-05, 1.051337e-05
3.217500e-03, 4.855500e-03, 1.650000e-05, 1.650000e-05, 1.650000e-05
3.334500e-03, 4.855500e-03, 1.216198e-05, 1.297438e-05, 1.229207e-05
3.451500e-03, 4.855500e-03, 8.433845e-06, 9.161908e-06, 8.356390e-06
3.568500e-03, 4.855500e-03, 1.629035e-05, 1.629035e-05, 1.629037e-05
3.685500e-03, 4.855500e-03, 1.421556e-05, 1.450869e-05, 1.425599e-05
3.802500e-03, 4.855500e-03, 8.895871e-06, 8.934608e-06, 8.770337e-06
3.919500e-03, 4.855500e-03, 9.696092e-06, 9.933853e-06, 9.702156e-06
4.036500e-03, 4.855500e-03, 7.195450e-06, 6.997246e-06, 6.977290e-06
4.153500e-03, 4.855500e-03, 7.252850e-06, 7.471582e-06, 7.221741e-06
4.270500e-03, 4.855500e-03, 9.983070e-06, 1.016609e-05, 9.940865e-06
4.387500e-03, 4.855500e-03, 1.650000e-05, 1.650000e-05, 1.650000e-05
4.504500e-03, 4.855500e-03, 9.896706e-06, 1.006230e-05, 9.830978e-06
4.621500e-03, 4.855500e-03, 1.106555e-06, 1.181266e-06, 1.125673e-06
4.738500e-03, 4.855500e-03, 1.514338e-05, 1.514936e-05, 1.509966e-05
4.855500e-03, 4.855500e-03, 1.546240e-05, 1.546240e-05, 1.543100e-05
4.972500e-03, 4.855500e-03, 1.594783e-06, 1.727428e-06, 1.617404e-06
5.089500e-03, 4.855500e-03, 9.068957e-06, 9.235874e-06, 9.011905e-06
5.206500e-03, 4.855500e-03, 1.650000e-05, 1.650000e-05, 1.650000e-05
5.323500e-03, 4.855500e-03, 7.266333e-06, 7.438110e-06, 7.235986e-06
5.440500e-03, 4.855500e-03, 5.500000e-07, 5.500000e-07, 5.500000e-07
5.557500e-03, 4.855500e-03, 5.500000e-07, 5.500000e-07, 5.500000e-07
5.674500e-03, 4.855500e-03, 5.500000e-07, 5.500000e-07, 5.500000e-07
5.791500e-03, 4.855500e-03, 5.500000e-07, 5.500000e-07, 5.500000e-07
-5.791500e-03, 4.972500e-03, 2.896463e-06, 3.176153e-06, 2.943927e-06
-5.674500e-03, 4.972500e-03, 1.650000e-05, 1.650000e-05, 1.650000e-05
-5.557500e-03, 4.972500e-03, 1.403813e-05, 1.401873e-05, 1.395317e-05
-5.440500e-03, 4.972500e-03, 1.545309e-05, 1.545309e-05, 1.542133e-05
-5.323500e-03, 4.972500e-03, 1.650000e-05, 1.650000e-05, 1.650000e-05
-5.206500e-03, 4.972500e-03, 1.577951e-05, 1.565368e-05, 1.560388e-05
-5.089500e-03, 4.972500e-03, 1.650000e-05, 1.650000e-05, 1.650000e-05
-4.972500e-03, 4.972500e-03, 1.650000e-05, 1.650000e-05, 1.650000e-05
-4.855500e-03, 4.972500e-03, 1.599287e-05, 1.596955e-05, 1.596495e-05
-4.738500e-03, 4.972500e-03, 1.613850e-05, 1.612535e-05, 1.612355e-05
-4.621500e-03, 4.972500e-03, 1.650000e-05, 1.650000e-05, 1.650000e-05
-4.504500e-03, 4.972500e-03, 1.649978e-05, 1.649978e-05, 1.649979e-05
-4.387500e-03, 4.972500e-03, 1.564608e-05, 1.548884e-05, 1.544498e-05
-4.270500e-03, 4.972500e-03, 1.650000e-05, 1.650000e-05, 1.650000e-05
-4.153500e-03, 4.972500e-03, 7.563181e-06, 7.874100e-06, 7.613096e-06
-4.036500e-03, 4.972500e-03, 2.185255e-06, 1.990473e-06, 2.022760e-06
-3.919500e-03, 4.972500e-03, 1.105365e-06, 1.046370e-06, 1.062909e-06
-3.802500e-03, 4.972500e-03, 5.500000e-07, 5.500000e-07, 5.500000e-07
-3.685500e-03, 4.972500e-03, 2.260027e-06, 2.534360e-06, 2.313516e-06
-3.568500e-03, 4.972500e-03, 1.000897e-05, 1.031676e-05, 1.005459e-05
-3.451500e-03, 4.972500e-03, 5.500000e-07, 5.500000e-07, 5.500000e-07
-3.334500e-03, 4.972500e-03, 5.500000e-07, 5.500000e-07, 5.500000e-07
-3.217500e-03, 4.972500e-03, 2.508640e-06, 2.268222e-06, 2.313114e-06
-3.100500e-03, 4.972500e-03, 7.817339e-07, 7.605880e-07, 7.713567e-07
-2.983500e-03, 4.972500e-03, 5.500000e-07, 5.500000e-07, 5.500000e-07
-2.866500e-03, 4.972500e-03, 1.428208e-06, 1.330752e-06, 1.350824e-06
-2.749500e-03, 4.972500e-03, 1.859687e-06, 1.710548e-06, 1.735119e-06
-2.632500e-03, 4.972500e-03, 5.500000e-07, 5.500000e-07, 5.500000e-07
-2.515500e-03, 4.972500e-03, 5.500000e-07, 5.500000e-07, 5.500000e-07
-2.398500e-03, 4.972500e-03, 1.157867e-05, 1.228216e-05, 1.168196e-05
-2.281500e-03, 4.972500e-03, 5.500000e-07, 5.500000e-07, 5.500000e-07
-2.164500e-03, 4.972500e-03, 5.500000e-07, 5.500000e-07, 5.500000e-07
-2.047500e-03, 4.972500e-03, 7.557643e-06, 7.867750e-06, 7.607028e-06
-1.930500e-03, 4.972500e-03, 4.509636e-06, 4.794772e-06, 4.557749e-06
-1.813500e-03, 4.972500e-03, 5.500000e-07, 5.500000e-07, 5.500000e-07
-1.696500e-03, 4.972500e-03, 8.239618e-07, 7.980132e-07, 8.098087e-07
-1.579500e-03, 4.972500e-03, 2.468000e-06, 2.232082e-06, 2.275023e-06
-1.462500e-03, 4.972500e-03, 5.366835e-06, 5.500268e-06, 5.337643e-06
-1.345500e-03, 4.972500e-03, 1.642145e-05, 1.642145e-05, 1.642390e-05
-1.228500e-03, 4.972500e-03, 1.650000e-05, 1.650000e-05, 1.650000e-05
-1.111500e-03, 4.972500e-03, 1.650000e-05, 1.650000e-05, 1.650000e-05
-9.945000e-04, 4.972500e-03, 1.650000e-05, 1.650000e-05, 1.650000e-05
-8.775000e-04, 4.972500e-03, 1.650000e-05, 1.650000e-05, 1.650000e-05
-7.605000e-04, 4.972500e-03, 1.650000e-05, 1.650000e-05, 1.650000e-05
-6.435000e-04, 4.972500e-03, 1.650000e-05, 1.650000e-05, 1.650000e-05
-5.265000e-04, 4.972500e-03, 1.650000e-05, 1.650000e-05, 1.650000e-05
-4.095000e-04, 4.972500e-03, 1.650000e-05, 1.650000e-05, 1.650000e-05
-2.925000e-04, 4.972500e-03, 1.650000e-05, 1.650000e-05, 1.650000e-05
-1.755000e-04, 4.972500e-03, 1.650000e-05, 1.650000e-05, 1.650000e-05
-5.850000e-05, 4.972500e-03, 1.567422e-05, 1.556552e-05, 1.557467e-05
5.850000e-05, 4.972500e-03, 1.580379e-05, 1.570156e-05, 1.571639e-05
1.755000e-04, 4.972500e-03, 1.650000e-05, 1.650000e-05, 1.650000e-05
2.925000e-04, 4.972500e-03, 1.650000e-05, 1.650000e-05, 1.650000e-05
4.095000e-04, 4.972500e-03, 1.551101e-05, 1.534470e-05, 1.535431e-05
5.265000e-04, 4.972500e-03, 1.639697e-05, 1.640139e-05, 1.640186e-05
6.435000e-04, 4.972500e-03, 1.650000e-05, 1.650000e-05, 1.650000e-05
7.605000e-04, 4.972500e-03, 1.182673e-05, 1.167725e-05, 1.155623e-05
8.775000e-04, 4.972500e-03, 1.297625e-05, 1.230077e-05, 1.238395e-05
9.945000e-04, 4.972500e-03, 1.394151e-05, 1.383897e-05, 1.374480e-05
1.111500e-03, 4.972500e-03, 1.556457e-05, 1.530303e-05, 1.537338e-05
1.228500e-03, 4.972500e-03, 1.449053e-05, 1.400175e-05, 1.405288e-05
1.345500e-03, 4.972500e-03, 1.215245e-05, 1.209273e-05, 1.196595e-05
1.462500e-03, 4.972500e-03, 5.323467e-06, 5.407210e-06, 5.263218e-06
1.579500e-03, 4.972500e-03, 1.012834e-05, 1.004256e-05, 9.897129e-06
1.696500e-03, 4.972500e-03, 1.799612e-06, 1.930346e-06, 1.822969e-06
1.813500e-03, 4.972500e-03, 1.410962e-05, 1.387879e-05, 1.385760e-05
1.930500e-03, 4.972500e-03, 7.806937e-06, 7.418949e-06, 7.393715e-06
2.047500e-03, 4.972500e-03, 6.702079e-06, 6.171085e-06, 6.070076e-06
2.164500e-03, 4.972500e-03, 3.683992e-06, 3.689965e-06, 3.574151e-06
2.281500e-03, 4.972500e-03, 4.680072e-06, 4.680072e-06, 4.415634e-06
2.398500e-03, 4.972500e-03, 5.500000e-07, 5.500000e-07, 5.500000e-07
2.515500e-03, 4.972500e-03, 5.500000e-07, 5.500000e-07, 5.500000e-07
2.632500e-03, 4.972500e-03, 4.028565e-06, 4.747085e-06, 4.127200e-06
2.749500e-03, 4.972500e-03, 5.500000e-07, 5.500000e-07, 5.500000e-07
2.866500e-03, 4.972500e-03, 5.500000e-07, 5.500000e-07, 5.500000e-07
2.983500e-03, 4.972500e-03, 5.500000e-07, 5.500000e-07, 5.500000e-07
3.100500e-03, 4.972500e-03, 7.817339e-07, 7.605880e-07, 7.713567e-07
3.217500e-03, 4.972500e-03, 3.455911e-06, 3.179494e-06, 3.233760e-06
3.334500e-03, 4.972500e-03, 5.989472e-06, 6.238205e-06, 5.823188e-06
3.451500e-03, 4.972500e-03, 6.122362e-06, 6.760764e-06, 6.086954e-06
3.568500e-03, 4.972500e-03, 7.443203e-06, 6.641320e-06, 6.579339e-06
3.685500e-03, 4.972500e-03, 8.345015e-06, 8.275408e-06, 7.981230e-06
3.802500e-03, 4.972500e-03, 8.186149e-06, 8.190962e-06, 8.027133e-06
3.919500e-03, 4.972500e-03, 7.021135e-06, 7.186635e-06, 6.937111e-06
4.036500e-03, 4.972500e-03, 1.554845e-05, 1.551529e-05, 1.550182e-05
4.153500e-03, 4.972500e-03, 1.023147e-05, 1.075026e-05, 1.027517e-05
4.270500e-03, 4.972500e-03, 1.649251e-05, 1.649262e-05, 1.649340e-05
4.387500e-03, 4.972500e-03, 4.838074e-06, 4.764167e-06, 4.595303e-06
4.504500e-03, 4.972500e-03, 7.187601e-07, 7.045852e-07, 7.136506e-07
4.621500e-03, 4.972500e-03, 5.500000e-07, 5.500000e-07, 5.500000e-07
4.738500e-03, 4.972500e-03, 1.560474e-06, 1.447444e-06, 1.468622e-06
4.855500e-03, 4.972500e-03, 1.727428e-06, 1.594783e-06, 1.617404e-06
4.972500e-03, 4.972500e-03, 5.500000e-07, 5.500000e-07, 5.500000e-07
5.089500e-03, 4.972500e-03, 6.555014e-07, 6.479663e-07, 6.548785e-07
5.206500e-03, 4.972500e-03, 2.606871e-06, 2.361527e-06, 2.410265e-06
5.323500e-03, 4.972500e-03, 5.652284e-07, 5.650284e-07, 5.669922e-07
5.440500e-03, 4.972500e-03, 5.500000e-07, 5.500000e-07, 5.500000e-07
5.557500e-03, 4.972500e-03, 5.500000e-07, 5.500000e-07, 5.500000e-07
5.674500e-03, 4.972500e-03, 5.500000e-07, 5.500000e-07, 5.500000e-07
5.791500e-03, 4.972500e-03, 5.500000e-07, 5.500000e-07, 5.500000e-07
-5.791500e-03, 5.089500e-03, 2.896463e-06, 3.176153e-06, 2.943927e-06
-5.674500e-03, 5.089500e-03, 1.650000e-05, 1.650000e-05, 1.650000e-05
-5.557500e-03, 5.089500e-03, 1.650000e-05, 1.650000e-05, 1.650000e-05
-5.440500e-03, 5.089500e-03, 1.650000e-05, 1.650000e-05, 1.650000e-05
-5.323500e-03, 5.089500e-03, 1.650000e-05, 1.650000e-05, 1.650000e-05
-5.206500e-03, 5.089500e-03, 1.650000e-05, 1.650000e-05, 1.650000e-05
-5.089500e-03, 5.089500e-03, 1.650000e-05, 1.650000e-05, 1.650000e-05
-4.972500e-03, 5.089500e-03, 1.650000e-05, 1.650000e-05, 1.650000e-05
-4.855500e-03, 5.089500e-03, 1.599056e-05, 1.596265e-05, 1.596446e-05
-4.738500e-03, 5.089500e-03, 1.613788e-05, 1.612348e-05, 1.612349e-05
-4.621500e-03, 5.089500e-03, 1.650000e-05, 1.650000e-05, 1.650000e-05
-4.504500e-03, 5.089500e-03, 1.650000e-05, 1.650000e-05, 1.650000e-05
-4.387500e-03, 5.089500e-03, 1.578093e-05, 1.565593e-05, 1.560424e-05
-4.270500e-03, 5.089500e-03, 1.650000e-05, 1.650000e-05, 1.650000e-05
-4.153500e-03, 5.089500e-03, 8.312649e-06, 8.659550e-06, 8.355509e-06
-4.036500e-03, 5.089500e-03, 1.041174e-05, 1.018388e-05, 1.015362e-05
-3.919500e-03, 5.089500e-03, 1.180423e-05, 1.153757e-05, 1.155058e-05
-3.802500e-03, 5.089500e-03, 4.598164e-06, 4.684553e-06, 4.559103e-06
-3.685500e-03, 5.089500e-03, 7.791744e-06, 7.846206e-06, 7.705333e-06
-3.568500e-03, 5.089500e-03, 1.410321e-05, 1.414122e-05, 1.404961e-05
-3.451500e-03, 5.089500e-03, 1.571208e-06, 1.597832e-06, 1.562071e-06
-3.334500e-03, 5.089500e-03, 2.382614e-06, 2.402309e-06, 2.349059e-06
-3.217500e-03, 5.089500e-03, 1.103238e-05, 1.075860e-05, 1.076032e-05
-3.100500e-03, 5.089500e-03, 5.198019e-06, 5.173306e-06, 5.093712e-06
-2.983500e-03, 5.089500e-03, 5.500000e-07, 5.500000e-07, 5.500000e-07
-2.866500e-03, 5.089500e-03, 8.247733e-06, 8.126016e-06, 8.058105e-06
-2.749500e-03, 5.089500e-03, 9.599262e-06, 9.415603e-06, 9.364189e-06
-2.632500e-03, 5.089500e-03, 7.735368e-07, 7.843116e-07, 7.809031e-07
-2.515500e-03, 5.089500e-03, 4.176375e-06, 4.225838e-06, 4.112180e-06
-2.398500e-03, 5.089500e-03, 1.536028e-05, 1.541280e-05, 1.536922e-05
-2.281500e-03, 5.089500e-03, 3.890007e-06, 3.939597e-06, 3.831013e-06
-2.164500e-03, 5.089500e-03, 8.640819e-07, 8.762498e-07, 8.706025e-07
-2.047500e-03, 5.089500e-03, 1.265870e-05, 1.271684e-05, 1.256876e-05
-1.930500e-03, 5.089500e-03, 9.978423e-06, 1.003931e-05, 9.882009e-06
-1.813500e-03, 5.089500e-03, 5.500000e-07, 5.500000e-07, 5.500000e-07
-1.696500e-03, 5.089500e-03, 5.459762e-06, 5.427496e-06, 5.349179e-06
-1.579500e-03, 5.089500e-03, 1.097106e-05, 1.070238e-05, 1.070001e-05
-1.462500e-03, 5.089500e-03, 2.181304e-06, 2.200583e-06, 2.153815e-06
-1.345500e-03, 5.089500e-03, 7.181348e-06, 6.729632e-06, 6.748042e-06
-1.228500e-03, 5.089500e-03, 1.359482e-05, 1.304735e-05, 1.310258e-05
-1.111500e-03, 5.089500e-03, 1.319679e-05, 1.306273e-05, 1.282946e-05
-9.945000e-04, 5.089500e-03, 1.648243e-05, 1.648285e-05, 1.648434e-05
-8.775000e-04, 5.089500e-03, 1.328732e-05, 1.325331e-05, 1.316570e-05
-7.605000e-04, 5.089500e-03, 1.634292e-05, 1.634292e-05, 1.634421e-05
-6.435000e-04, 5.089500e-03, 1.650000e-05, 1.650000e-05, 1.650000e-05
-5.265000e-04, 5.089500e-03, 1.511578e-05, 1.519486e-05, 1.504824e-05
-4.095000e-04, 5.089500e-03, 1.550840e-05, 1.525378e-05, 1.533548e-05
-2.925000e-04, 5.089500e-03, 1.513285e-05, 1.515796e-05, 1.507104e-05
-1.755000e-04, 5.089500e-03, 1.645318e-05, 1.645553e-05, 1.645755e-05
-5.850000e-05, 5.089500e-03, 1.527494e-05, 1.506316e-05, 1.499968e-05
5.850000e-05, 5.089500e-03, 1.553503e-05, 1.546490e-05, 1.546638e-05
1.755000e-04, 5.089500e-03, 1.595602e-05, 1.603661e-05, 1.598017e-05
2.925000e-04, 5.089500e-03, 1.535799e-05, 1.533094e-05, 1.527714e-05
4.095000e-04, 5.089500e-03, 1.519853e-05, 1.485019e-05, 1.483786e-05
5.265000e-04, 5.089500e-03, 1.579545e-05, 1.576942e-05, 1.575494e-05
6.435000e-04, 5.089500e-03, 1.639632e-05, 1.640780e-05, 1.640456e-05
7.605000e-04, 5.089500e-03, 1.519716e-05, 1.498258e-05, 1.492808e-05
8.775000e-04, 5.089500e-03, 1.513066e-05, 1.504921e-05, 1.487929e-05
9.945000e-04, 5.089500e-03, 1.206445e-05, 1.206617e-05, 1.193060e-05
1.111500e-03, 5.089500e-03, 6.207560e-06, 6.166281e-06, 6.084610e-06
1.228500e-03, 5.089500e-03, 1.074051e-05, 1.049006e-05, 1.047419e-05
1.345500e-03, 5.089500e-03, 1.697490e-06, 1.715340e-06, 1.684401e-06
1.462500e-03, 5.089500e-03, 2.181304e-06, 2.200583e-06, 2.153815e-06
1.579500e-03, 5.089500e-03, 1.097106e-05, 1.070238e-05, 1.070001e-05
1.696500e-03, 5.089500e-03, 5.880160e-06, 5.876242e-06, 5.775770e-06
1.813500e-03, 5.089500e-03, 8.884475e-06, 8.658971e-06, 8.627185e-06
1.930500e-03, 5.089500e-03, 9.752891e-06, 9.604703e-06, 9.485030e-06
2.047500e-03, 5.089500e-03, 9.798962e-06, 9.605519e-06, 9.558073e-06
2.164500e-03, 5.089500e-03, 4.358317e-06, 5.078887e-06, 4.468378e-06
2.281500e-03, 5.089500e-03, 3.608172e-06, 3.622115e-06, 3.541829e-06
2.398500e-03, 5.089500e-03, 1.115903e-05, 1.087879e-05, 1.088446e-05
2.515500e-03, 5.089500e-03, 3.851668e-06, 3.860912e-06, 3.779548e-06
2.632500e-03, 5.089500e-03, 4.252557e-06, 4.983846e-06, 4.358304e-06
2.749500e-03, 5.089500e-03, 9.599262e-06, 9.415603e-06, 9.364189e-06
2.866500e-03, 5.089500e-03, 8.247733e-06, 8.126016e-06, 8.058105e-06
2.983500e-03, 5.089500e-03, 5.500000e-07, 5.500000e-07, 5.500000e-07
3.100500e-03, 5.089500e-03, 5.198019e-06, 5.173306e-06, 5.093712e-06
3.217500e-03, 5.089500e-03, 1.103238e-05, 1.075860e-05, 1.076032e-05
3.334500e-03, 5.089500e-03, 5.871595e-06, 6.517946e-06, 5.926656e-06
3.451500e-03, 5.089500e-03, 5.024640e-06, 5.814496e-06, 5.115407e-06
3.568500e-03, 5.089500e-03, 1.062877e-05, 1.038644e-05, 1.036514e-05
3.685500e-03, 5.089500e-03, 9.650546e-06, 9.565233e-06, 9.293571e-06
3.802500e-03, 5.089500e-03, 6.637008e-06, 7.102654e-06, 6.506221e-06
3.919500e-03, 5.089500e-03, 6.905881e-06, 6.828370e-06, 6.758339e-06
4.036500e-03, 5.089500e-03, 1.056501e-05, 1.029282e-05, 1.027837e-05
4.153500e-03, 5.089500e-03, 1.964708e-06, 1.979350e-06, 1.951031e-06
4.270500e-03, 5.089500e-03, 7.113515e-06, 6.872389e-06, 6.806992e-06
4.387500e-03, 5.089500e-03, 1.110459e-05, 1.082524e-05, 1.083142e-05
4.504500e-03, 5.089500e-03, 4.768421e-06, 4.755557e-06, 4.674495e-06
4.621500e-03, 5.089500e-03, 5.525677e-07, 5.526077e-07, 5.529453e-07
4.738500e-03, 5.089500e-03, 8.737204e-06, 8.595205e-06, 8.530196e-06
4.855500e-03, 5.089500e-03, 9.235874e-06, 9.068957e-06, 9.011905e-06
4.972500e-03, 5.089500e-03, 6.479663e-07, 6.555014e-07, 6.548785e-07
5.089500e-03, 5.089500e-03, 4.263543e-06, 4.263543e-06, 4.181709e-06
5.206500e-03, 5.089500e-03, 1.114599e-05, 1.086569e-05, 1.087188e-05
5.323500e-03, 5.089500e-03, 3.208827e-06, 3.228270e-06, 3.152054e-06
5.440500e-03, 5.089500e-03, 1.039964e-06, 1.054063e-06, 1.043652e-06
5.557500e-03, 5.089500e-03, 1.010058e-05, 9.891165e-06, 9.850965e-06
5.674500e-03, 5.089500e-03, 7.471896e-06, 7.375459e-06, 7.307760e-06
5.791500e-03, 5.089500e-03, 5.500000e-07, 5.500000e-07, 5.500000e-07
-5.791500e-03, 5.206500e-03, 2.896463e-06, 3.176153e-06, 2.943927e-06
-5.674500e-03, 5.206500e-03, 1.650000e-05, 1.650000e-05, 1.650000e-05
-5.557500e-03, 5.206500e-03, 1.650000e-05, 1.650000e-05, 1.650000e-05
-5.440500e-03, 5.206500e-03, 1.650000e-05, 1.650000e-05, 1.650000e-05
-5.323500e-03, 5.206500e-03, 1.650000e-05, 1.650000e-05, 1.650000e-05
-5.206500e-03, 5.206500e-03, 1.650000e-05, 1.650000e-05, 1.650000e-05
-5.089500e-03, 5.206500e-03, 1.650000e-05, 1.650000e-05, 1.650000e-05
-4.972500e-03, 5.206500e-03, 1.565368e-05, 1.577951e-05, 1.560388e-05
-4.855500e-03, 5.206500e-03, 1.650000e-05, 1.650000e-05, 1.650000e-05
-4.738500e-03, 5.206500e-03, 1.650000e-05, 1.650000e-05, 1.650000e-05
-4.621500e-03, 5.206500e-03, 1.563873e-05, 1.576016e-05, 1.560231e-05
-4.504500e-03, 5.206500e-03, 1.563425e-05, 1.576053e-05, 1.560201e-05
-4.387500e-03, 5.206500e-03, 1.650000e-05, 1.650000e-05, 1.650000e-05
-4.270500e-03, 5.206500e-03, 1.567993e-05, 1.579720e-05, 1.560641e-05
-4.153500e-03, 5.206500e-03, 1.196599e-05, 1.263338e-05, 1.207083e-05
-4.036500e-03, 5.206500e-03, 1.650000e-05, 1.650000e-05, 1.650000e-05
-3.919500e-03, 5.206500e-03, 1.579826e-05, 1.584289e-05, 1.580663e-05
-3.802500e-03, 5.206500e-03, 4.324876e-06, 4.398429e-06, 4.283718e-06
-3.685500e-03, 5.206500e-03, 1.425297e-05, 1.451769e-05, 1.427597e-05
-3.568500e-03, 5.206500e-03, 1.650000e-05, 1.650000e-05, 1.650000e-05
-3.451500e-03, 5.206500e-03, 5.653045e-06, 5.911143e-06, 5.686144e-06
-3.334500e-03, 5.206500e-03, 7.577744e-06, 7.847726e-06, 7.597543e-06
-3.217500e-03, 5.206500e-03, 1.650000e-05, 1.650000e-05, 1.650000e-05
-3.100500e-03, 5.206500e-03, 1.236454e-05, 1.265180e-05, 1.237182e-05
-2.983500e-03, 5.206500e-03, 1.001920e-06, 1.127576e-06, 1.031026e-06
-2.866500e-03, 5.206500e-03, 1.635224e-05, 1.636916e-05, 1.636455e-05
-2.749500e-03, 5.206500e-03, 1.650000e-05, 1.650000e-05, 1.650000e-05
-2.632500e-03, 5.206500e-03, 3.043928e-06, 3.291634e-06, 3.092409e-06
-2.515500e-03, 5.206500e-03, 1.018219e-05, 1.046024e-05, 1.018994e-05
-2.398500e-03, 5.206500e-03, 1.650000e-05, 1.650000e-05, 1.650000e-05
-2.281500e-03, 5.206500e-03, 9.771629e-06, 1.004870e-05, 9.780718e-06
-2.164500e-03, 5.206500e-03, 3.454438e-06, 3.702507e-06, 3.501662e-06
-2.047500e-03, 5.206500e-03, 1.650000e-05, 1.650000e-05, 1.650000e-05
-1.930500e-03, 5.206500e-03, 1.617068e-05, 1.621174e-05, 1.619093e-05
-1.813500e-03, 5.206500e-03, 7.725624e-07, 8.385259e-07, 7.924670e-07
-1.696500e-03, 5.206500e-03, 1.277146e-05, 1.305969e-05, 1.278047e-05
-1.579500e-03, 5.206500e-03, 1.650000e-05, 1.650000e-05, 1.650000e-05
-1.462500e-03, 5.206500e-03, 7.165617e-06, 7.433355e-06, 7.187950e-06
-1.345500e-03, 5.206500e-03, 1.239851e-05, 1.262152e-05, 1.234620e-05
-1.228500e-03, 5.206500e-03, 1.650000e-05, 1.650000e-05, 1.650000e-05
-1.111500e-03, 5.206500e-03, 1.385083e-05, 1.412938e-05, 1.386883e-05
-9.945000e-04, 5.206500e-03, 1.558142e-05, 1.579085e-05, 1.563092e-05
-8.775000e-04, 5.206500e-03, 7.346647e-06, 7.379945e-06, 7.153004e-06
-7.605000e-04, 5.206500e-03, 1.476523e-05, 1.479278e-05, 1.472471e-05
-6.435000e-04, 5.206500e-03, 1.650000e-05, 1.650000e-05, 1.650000e-05
-5.265000e-04, 5.206500e-03, 1.467500e-05, 1.504996e-05, 1.466632e-05
-4.095000e-04, 5.206500e-03, 1.650000e-05, 1.650000e-05, 1.650000e-05
-2.925000e-04, 5.206500e-03, 1.267645e-05, 1.300808e-05, 1.269986e-05
-1.755000e-04, 5.206500e-03, 1.205683e-05, 1.194208e-05, 1.165182e-05
-5.850000e-05, 5.206500e-03, 1.650000e-05, 1.650000e-05, 1.650000e-05
5.850000e-05, 5.206500e-03, 1.650000e-05, 1.650000e-05, 1.650000e-05
1.755000e-04, 5.206500e-03, 1.572402e-05, 1.586531e-05, 1.578123e-05
2.925000e-04, 5.206500e-03, 1.563794e-05, 1.580020e-05, 1.569909e-05
4.095000e-04, 5.206500e-03, 1.650000e-05, 1.650000e-05, 1.650000e-05
5.265000e-04, 5.206500e-03, 1.531844e-05, 1.551857e-05, 1.538398e-05
6.435000e-04, 5.206500e-03, 1.491700e-05, 1.524501e-05, 1.487936e-05
7.605000e-04, 5.206500e-03, 1.650000e-05, 1.650000e-05, 1.650000e-05
8.775000e-04, 5.206500e-03, 1.576740e-05, 1.589888e-05, 1.580906e-05
9.945000e-04, 5.206500e-03, 1.367483e-05, 1.409842e-05, 1.374268e-05
1.111500e-03, 5.206500e-03, 1.488964e-05, 1.511961e-05, 1.492298e-05
1.228500e-03, 5.206500e-03, 1.650000e-05, 1.650000e-05, 1.650000e-05
1.345500e-03, 5.206500e-03, 6.065738e-06, 6.326616e-06, 6.095735e-06
1.462500e-03, 5.206500e-03, 7.523749e-06, 7.809651e-06, 7.556929e-06
1.579500e-03, 5.206500e-03, 1.650000e-05, 1.650000e-05, 1.650000e-05
1.696500e-03, 5.206500e-03, 1.277146e-05, 1.305969e-05, 1.278047e-05
1.813500e-03, 5.206500e-03, 7.725624e-07, 8.385259e-07, 7.924670e-07
1.930500e-03, 5.206500e-03, 1.617068e-05, 1.621174e-05, 1.619093e-05
2.047500e-03, 5.206500e-03, 1.650000e-05, 1.650000e-05, 1.650000e-05
2.164500e-03, 5.206500e-03, 7.183902e-06, 8.187875e-06, 7.297045e-06
2.281500e-03, 5.206500e-03, 1.021524e-05, 1.051418e-05, 1.024266e-05
2.398500e-03, 5.206500e-03, 1.650000e-05, 1.650000e-05, 1.650000e-05
2.515500e-03, 5.206500e-03, 1.018219e-05, 1.046024e-05, 1.018994e-05
2.632500e-03, 5.206500e-03, 6.993974e-06, 8.049434e-06, 7.148218e-06
2.749500e-03, 5.206500e-03, 1.650000e-05, 1.650000e-05, 1.650000e-05
2.866500e-03, 5.206500e-03, 1.635224e-05, 1.636916e-05, 1.636455e-05
2.983500e-03, 5.206500e-03, 1.578448e-06, 1.702421e-06, 1.598447e-06
3.100500e-03, 5.206500e-03, 1.390550e-05, 1.411058e-05, 1.391439e-05
3.217500e-03, 5.206500e-03, 1.650000e-05, 1.650000e-05, 1.650000e-05
3.334500e-03, 5.206500e-03, 1.102577e-05, 1.190165e-05, 1.116770e-05
3.451500e-03, 5.206500e-03, 9.150697e-06, 1.011976e-05, 9.294561e-06
3.568500e-03, 5.206500e-03, 1.650000e-05, 1.650000e-05, 1.650000e-05
3.685500e-03, 5.206500e-03, 1.425297e-05, 1.451769e-05, 1.427597e-05
3.802500e-03, 5.206500e-03, 7.499025e-06, 8.801150e-06, 7.701187e-06
3.919500e-03, 5.206500e-03, 1.491982e-05, 1.513657e-05, 1.495220e-05
4.036500e-03, 5.206500e-03, 1.650000e-05, 1.650000e-05, 1.650000e-05
4.153500e-03, 5.206500e-03, 4.965162e-06, 5.218902e-06, 5.003370e-06
4.270500e-03, 5.206500e-03, 9.988152e-06, 1.022234e-05, 9.951434e-06
4.387500e-03, 5.206500e-03, 1.650000e-05, 1.650000e-05, 1.650000e-05
4.504500e-03, 5.206500e-03, 1.168430e-05, 1.196834e-05, 1.169016e-05
4.621500e-03, 5.206500e-03, 1.554226e-06, 1.769440e-06, 1.597122e-06
4.738500e-03, 5.206500e-03, 1.648785e-05, 1.648864e-05, 1.648950e-05
4.855500e-03, 5.206500e-03, 1.650000e-05, 1.650000e-05, 1.650000e-05
4.972500e-03, 5.206500e-03, 2.361527e-06, 2.606871e-06, 2.410265e-06
5.089500e-03, 5.206500e-03, 1.086569e-05, 1.114599e-05, 1.087188e-05
5.206500e-03, 5.206500e-03, 1.650000e-05, 1.650000e-05, 1.650000e-05
5.323500e-03, 5.206500e-03, 9.086757e-06, 9.362006e-06, 9.098544e-06
5.440500e-03, 5.206500e-03, 4.140353e-06, 4.390131e-06, 4.184122e-06
5.557500e-03, 5.206500e-03, 1.650000e-05, 1.650000e-05, 1.650000e-05
5.674500e-03, 5.206500e-03, 1.569839e-05, 1.580550e-05, 1.573019e-05
5.791500e-03, 5.206500e-03, 5.683237e-07, 5.725798e-07, 5.717831e-07
-5.791500e-03, 5.323500e-03, 2.896463e-06, 3.176153e-06, 2.943927e-06
-5.674500e-03, 5.323500e-03, 1.650000e-05, 1.650000e-05, 1.650000e-05
-5.557500e-03, 5.323500e-03, 1.650000e-05, 1.650000e-05, 1.650000e-05
-5.440500e-03, 5.323500e-03, 1.333100e-05, 1.330710e-05, 1.322462e-05
-5.323500e-03, 5.323500e-03, 1.544250e-05, 1.544250e-05, 1.541029e-05
-5.206500e-03, 5.323500e-03, 1.650000e-05, 1.650000e-05, 1.650000e-05
-5.089500e-03, 5.323500e-03, 1.650000e-05, 1.650000e-05, 1.650000e-05
-4.972500e-03, 5.323500e-03, 1.650000e-05, 1.650000e-05, 1.650000e-05
-4.855500e-03, 5.323500e-03, 1.599232e-05, 1.597076e-05, 1.596514e-05
-4.738500e-03, 5.323500e-03, 1.613866e-05, 1.612883e-05, 1.612391e-05
-4.621500e-03, 5.323500e-03, 1.650000e-05, 1.650000e-05, 1.650000e-05
-4.504500e-03, 5.323500e-03, 1.650000e-05, 1.650000e-05, 1.650000e-05
-4.387500e-03, 5.323500e-03, 1.579265e-05, 1.567500e-05, 1.560582e-05
-4.270500e-03, 5.323500e-03, 1.650000e-05, 1.650000e-05, 1.650000e-05
-4.153500e-03, 5.323500e-03, 7.414689e-06, 7.658347e-06, 7.409185e-06
-4.036500e-03, 5.323500e-03, 8.624685e-06, 8.398404e-06, 8.379685e-06
-3.919500e-03, 5.323500e-03, 5.419047e-06, 5.321566e-06, 5.274361e-06
-3.802500e-03, 5.323500e-03, 1.921045e-06, 2.014820e-06, 1.919395e-06
-3.685500e-03, 5.323500e-03, 5.053110e-06, 4.969879e-06, 4.920902e-06
-3.568500e-03, 5.323500e-03, 8.843074e-06, 8.603405e-06, 8.591364e-06
-3.451500e-03, 5.323500e-03, 1.080095e-06, 1.080877e-06, 1.074148e-06
-3.334500e-03, 5.323500e-03, 1.709101e-06, 1.710043e-06, 1.682576e-06
-3.217500e-03, 5.323500e-03, 9.248524e-06, 8.979278e-06, 8.986897e-06
-3.100500e-03, 5.323500e-03, 3.999816e-06, 3.954696e-06, 3.897762e-06
-2.983500e-03, 5.323500e-03, 5.500000e-07, 5.500000e-07, 5.500000e-07
-2.866500e-03, 5.323500e-03, 6.532367e-06, 6.394138e-06, 6.359981e-06
-2.749500e-03, 5.323500e-03, 7.805225e-06, 7.618657e-06, 7.589007e-06
-2.632500e-03, 5.323500e-03, 6.134578e-07, 6.138753e-07, 6.167699e-07
-2.515500e-03, 5.323500e-03, 2.890569e-06, 2.880471e-06, 2.825323e-06
-2.398500e-03, 5.323500e-03, 9.374953e-06, 9.099808e-06, 9.111086e-06
-2.281500e-03, 5.323500e-03, 2.691914e-06, 2.686495e-06, 2.633098e-06
-2.164500e-03, 5.323500e-03, 6.574296e-07, 6.579032e-07, 6.607459e-07
-2.047500e-03, 5.323500e-03, 8.006816e-06, 7.811583e-06, 7.783179e-06
-1.930500e-03, 5.323500e-03, 6.288671e-06, 6.159340e-06, 6.122394e-06
-1.813500e-03, 5.323500e-03, 5.500000e-07, 5.500000e-07, 5.500000e-07
-1.696500e-03, 5.323500e-03, 4.216996e-06, 4.164058e-06, 4.107959e-06
-1.579500e-03, 5.323500e-03, 9.187036e-06, 8.922633e-06, 8.926585e-06
-1.462500e-03, 5.323500e-03, 1.554178e-06, 1.555087e-06, 1.533015e-06
-1.345500e-03, 5.323500e-03, 1.431944e-06, 1.379019e-06, 1.373549e-06
-1.228500e-03, 5.323500e-03, 8.955477e-06, 8.708256e-06, 8.700619e-06
-1.111500e-03, 5.323500e-03, 4.808829e-06, 4.734022e-06, 4.681321e-06
-9.945000e-04, 5.323500e-03, 1.536329e-05, 1.559977e-05, 1.541172e-05
-8.775000e-04, 5.323500e-03, 1.650000e-05, 1.650000e-05, 1.650000e-05
-7.605000e-04, 5.323500e-03, 1.650000e-05, 1.650000e-05, 1.650000e-05
-6.435000e-04, 5.323500e-03, 1.650000e-05, 1.650000e-05, 1.650000e-05
-5.265000e-04, 5.323500e-03, 1.598460e-05, 1.599928e-05, 1.597471e-05
-4.095000e-04, 5.323500e-03, 1.425612e-05, 1.424140e-05, 1.408752e-05
-2.925000e-04, 5.323500e-03, 1.263916e-05, 1.284735e-05, 1.258123e-05
-1.755000e-04, 5.323500e-03, 1.363319e-05, 1.383664e-05, 1.358881e-05
-5.850000e-05, 5.323500e-03, 1.422304e-05, 1.407882e-05, 1.398067e-05
5.850000e-05, 5.323500e-03, 1.570526e-05, 1.562200e-05, 1.564522e-05
1.755000e-04, 5.323500e-03, 1.601821e-05, 1.602189e-05, 1.601639e-05
2.925000e-04, 5.323500e-03, 1.303656e-05, 1.361137e-05, 1.302335e-05
4.095000e-04, 5.323500e-03, 1.630407e-05, 1.630413e-05, 1.630442e-05
5.265000e-04, 5.323500e-03, 1.344566e-05, 1.384906e-05, 1.343028e-05
6.435000e-04, 5.323500e-03, 1.646354e-05, 1.646439e-05, 1.646610e-05
7.605000e-04, 5.323500e-03, 1.403314e-05, 1.391129e-05, 1.375312e-05
8.775000e-04, 5.323500e-03, 1.599374e-05, 1.599976e-05, 1.599253e-05
9.945000e-04, 5.323500e-03, 1.233000e-05, 1.277632e-05, 1.229682e-05
1.111500e-03, 5.323500e-03, 1.283108e-05, 1.243575e-05, 1.237059e-05
1.228500e-03, 5.323500e-03, 8.996290e-06, 8.744291e-06, 8.742347e-06
1.345500e-03, 5.323500e-03, 2.901136e-06, 2.952850e-06, 2.876750e-06
1.462500e-03, 5.323500e-03, 1.327297e-05, 1.321544e-05, 1.316106e-05
1.579500e-03, 5.323500e-03, 1.187882e-05, 1.167584e-05, 1.166808e-05
1.696500e-03, 5.323500e-03, 4.216996e-06, 4.164058e-06, 4.107959e-06
1.813500e-03, 5.323500e-03, 5.500000e-07, 5.500000e-07, 5.500000e-07
1.930500e-03, 5.323500e-03, 6.288671e-06, 6.159340e-06, 6.122394e-06
2.047500e-03, 5.323500e-03, 8.006816e-06, 7.811583e-06, 7.783179e-06
2.164500e-03, 5.323500e-03, 9.137041e-06, 9.738224e-06, 9.017829e-06
2.281500e-03, 5.323500e-03, 1.554804e-05, 1.548743e-05, 1.549280e-05
2.398500e-03, 5.323500e-03, 1.041675e-05, 1.016132e-05, 1.016261e-05
2.515500e-03, 5.323500e-03, 7.714966e-06, 7.703334e-06, 7.350287e-06
2.632500e-03, 5.323500e-03, 9.295319e-06, 9.177323e-06, 9.007318e-06
2.749500e-03, 5.323500e-03, 1.203732e-05, 1.178896e-05, 1.180927e-05
2.866500e-03, 5.323500e-03, 6.554904e-06, 6.418834e-06, 6.382951e-06
2.983500e-03, 5.323500e-03, 6.081290e-06, 6.302015e-06, 6.079039e-06
3.100500e-03, 5.323500e-03, 1.612006e-05, 1.612492e-05, 1.611613e-05
3.217500e-03, 5.323500e-03, 9.575901e-06, 9.314885e-06, 9.323245e-06
3.334500e-03, 5.323500e-03, 1.109887e-05, 1.129472e-05, 1.097046e-05
3.451500e-03, 5.323500e-03, 7.826296e-06, 8.137542e-06, 7.593678e-06
3.568500e-03, 5.323500e-03, 8.860933e-06, 8.616001e-06, 8.609118e-06
3.685500e-03, 5.323500e-03, 8.709426e-06, 8.639875e-06, 8.341545e-06
3.802500e-03, 5.323500e-03, 8.750046e-06, 9.268816e-06, 8.693036e-06
3.919500e-03, 5.323500e-03, 5.421064e-06, 5.323592e-06, 5.276733e-06
4.036500e-03, 5.323500e-03, 9.913894e-06, 9.672273e-06, 9.648337e-06
4.153500e-03, 5.323500e-03, 1.165387e-06, 1.202265e-06, 1.172807e-06
4.270500e-03, 5.323500e-03, 2.019562e-06, 2.015915e-06, 1.978901e-06
4.387500e-03, 5.323500e-03, 9.320779e-06, 9.046299e-06, 9.058032e-06
4.504500e-03, 5.323500e-03, 3.644360e-06, 3.611606e-06, 3.554245e-06
4.621500e-03, 5.323500e-03, 5.500000e-07, 5.500000e-07, 5.500000e-07
4.738500e-03, 5.323500e-03, 6.946391e-06, 6.792981e-06, 6.762710e-06
4.855500e-03, 5.323500e-03, 7.438110e-06, 7.266333e-06, 7.235986e-06
4.972500e-03, 5.323500e-03, 5.650284e-07, 5.652284e-07, 5.669922e-07
5.089500e-03, 5.323500e-03, 3.228270e-06, 3.208827e-06, 3.152054e-06
5.206500e-03, 5.323500e-03, 9.362006e-06, 9.086757e-06, 9.098544e-06
5.323500e-03, 5.323500e-03, 2.367580e-06, 2.367580e-06, 2.318864e-06
5.440500e-03, 5.323500e-03, 7.554633e-07, 7.560850e-07, 7.576470e-07
5.557500e-03, 5.323500e-03, 8.311148e-06, 8.101642e-06, 8.076623e-06
5.674500e-03, 5.323500e-03, 5.888878e-06, 5.774118e-06, 5.732304e-06
5.791500e-03, 5.323500e-03, 5.500000e-07, 5.500000e-07, 5.500000e-07
-5.791500e-03, 5.440500e-03, 2.896463e-06, 3.176153e-06, 2.943927e-06
-5.674500e-03, 5.440500e-03, 1.650000e-05, 1.650000e-05, 1.650000e-05
-5.557500e-03, 5.440500e-03, 1.650000e-05, 1.650000e-05, 1.650000e-05
-5.440500e-03, 5.440500e-03, 9.655249e-06, 9.655249e-06, 9.524783e-06
-5.323500e-03, 5.440500e-03, 1.330710e-05, 1.333100e-05, 1.322462e-05
-5.206500e-03, 5.440500e-03, 1.650000e-05, 1.650000e-05, 1.650000e-05
-5.089500e-03, 5.440500e-03, 1.650000e-05, 1.650000e-05, 1.650000e-05
-4.972500e-03, 5.440500e-03, 1.403857e-05, 1.400777e-05, 1.394197e-05
-4.855500e-03, 5.440500e-03, 1.624672e-05, 1.624672e-05, 1.624554e-05
-4.738500e-03, 5.440500e-03, 1.650000e-05, 1.650000e-05, 1.650000e-05
-4.621500e-03, 5.440500e-03, 1.650000e-05, 1.650000e-05, 1.650000e-05
-4.504500e-03, 5.440500e-03, 1.489447e-05, 1.476586e-05, 1.474713e-05
-4.387500e-03, 5.440500e-03, 1.354847e-05, 1.294314e-05, 1.304314e-05
-4.270500e-03, 5.440500e-03, 8.755612e-06, 8.575963e-06, 8.523553e-06
-4.153500e-03, 5.440500e-03, 7.906157e-07, 7.906157e-07, 7.914878e-07
-4.036500e-03, 5.440500e-03, 3.728070e-06, 3.505779e-06, 3.533577e-06
-3.919500e-03, 5.440500e-03, 1.985931e-06, 1.897919e-06, 1.908174e-06
-3.802500e-03, 5.440500e-03, 6.335858e-06, 6.642713e-06, 6.389533e-06
-3.685500e-03, 5.440500e-03, 9.475449e-06, 9.475449e-06, 9.347911e-06
-3.568500e-03, 5.440500e-03, 5.677072e-07, 5.677072e-07, 5.696556e-07
-3.451500e-03, 5.440500e-03, 5.500000e-07, 5.500000e-07, 5.500000e-07
-3.334500e-03, 5.440500e-03, 5.837910e-07, 5.837910e-07, 5.863524e-07
-3.217500e-03, 5.440500e-03, 4.278642e-06, 4.032980e-06, 4.072679e-06
-3.100500e-03, 5.440500e-03, 1.356867e-06, 1.321496e-06, 1.327548e-06
-2.983500e-03, 5.440500e-03, 5.500000e-07, 5.500000e-07, 5.500000e-07
-2.866500e-03, 5.440500e-03, 2.530767e-06, 2.395483e-06, 2.408733e-06
-2.749500e-03, 5.440500e-03, 3.205318e-06, 3.016624e-06, 3.035196e-06
-2.632500e-03, 5.440500e-03, 5.500000e-07, 5.500000e-07, 5.500000e-07
-2.515500e-03, 5.440500e-03, 5.500000e-07, 5.500000e-07, 5.500000e-07
-2.398500e-03, 5.440500e-03, 5.500000e-07, 5.500000e-07, 5.500000e-07
-2.281500e-03, 5.440500e-03, 5.500000e-07, 5.500000e-07, 5.500000e-07
-2.164500e-03, 5.440500e-03, 5.500000e-07, 5.500000e-07, 5.500000e-07
-2.047500e-03, 5.440500e-03, 3.324344e-06, 3.127132e-06, 3.147380e-06
-1.930500e-03, 5.440500e-03, 2.408545e-06, 2.283677e-06, 2.296204e-06
-1.813500e-03, 5.440500e-03, 5.500000e-07, 5.500000e-07, 5.500000e-07
-1.696500e-03, 5.440500e-03, 1.447349e-06, 1.404870e-06, 1.411630e-06
-1.579500e-03, 5.440500e-03, 4.216378e-06, 3.973596e-06, 4.011988e-06
-1.462500e-03, 5.440500e-03, 5.619459e-07, 5.619459e-07, 5.635096e-07
-1.345500e-03, 5.440500e-03, 5.500000e-07, 5.500000e-07, 5.500000e-07
-1.228500e-03, 5.440500e-03, 5.500000e-07, 5.500000e-07, 5.500000e-07
-1.111500e-03, 5.440500e-03, 5.500000e-07, 5.500000e-07, 5.500000e-07
-9.945000e-04, 5.440500e-03, 1.390077e-05, 1.403914e-05, 1.384089e-05
-8.775000e-04, 5.440500e-03, 1.422960e-05, 1.396321e-05, 1.394599e-05
-7.605000e-04, 5.440500e-03, 1.360919e-05, 1.308392e-05, 1.310715e-05
-6.435000e-04, 5.440500e-03, 1.580822e-05, 1.582719e-05, 1.581002e-05
-5.265000e-04, 5.440500e-03, 1.341660e-05, 1.287300e-05, 1.289622e-05
-4.095000e-04, 5.440500e-03, 1.207421e-05, 1.128516e-05, 1.137352e-05
-2.925000e-04, 5.440500e-03, 1.300266e-05, 1.258641e-05, 1.257518e-05
-1.755000e-04, 5.440500e-03, 1.442020e-05, 1.411868e-05, 1.415666e-05
-5.850000e-05, 5.440500e-03, 1.528448e-05, 1.519167e-05, 1.519847e-05
5.850000e-05, 5.440500e-03, 1.650000e-05, 1.650000e-05, 1.650000e-05
1.755000e-04, 5.440500e-03, 1.650000e-05, 1.650000e-05, 1.650000e-05
2.925000e-04, 5.440500e-03, 1.238538e-05, 1.249845e-05, 1.224151e-05
4.095000e-04, 5.440500e-03, 9.872879e-06, 9.388665e-06, 9.325585e-06
5.265000e-04, 5.440500e-03, 1.489303e-05, 1.487484e-05, 1.483242e-05
6.435000e-04, 5.440500e-03, 1.592151e-05, 1.594498e-05, 1.592164e-05
7.605000e-04, 5.440500e-03, 1.111974e-05, 1.081373e-05, 1.073077e-05
8.775000e-04, 5.440500e-03, 1.144468e-05, 1.110361e-05, 1.107200e-05
9.945000e-04, 5.440500e-03, 1.404877e-05, 1.419290e-05, 1.396776e-05
1.111500e-03, 5.440500e-03, 1.643949e-05, 1.644555e-05, 1.644427e-05
1.228500e-03, 5.440500e-03, 5.500000e-07, 5.500000e-07, 5.500000e-07
1.345500e-03, 5.440500e-03, 3.633023e-06, 3.774051e-06, 3.629526e-06
1.462500e-03, 5.440500e-03, 1.344733e-05, 1.321534e-05, 1.317886e-05
1.579500e-03, 5.440500e-03, 5.079445e-06, 4.933131e-06, 4.869352e-06
1.696500e-03, 5.440500e-03, 1.447349e-06, 1.404870e-06, 1.411630e-06
1.813500e-03, 5.440500e-03, 5.500000e-07, 5.500000e-07, 5.500000e-07
1.930500e-03, 5.440500e-03, 2.408545e-06, 2.283677e-06, 2.296204e-06
2.047500e-03, 5.440500e-03, 3.324344e-06, 3.127132e-06, 3.147380e-06
2.164500e-03, 5.440500e-03, 7.946312e-06, 8.430441e-06, 7.749363e-06
2.281500e-03, 5.440500e-03, 9.860007e-06, 9.554848e-06, 9.514137e-06
2.398500e-03, 5.440500e-03, 3.180646e-06, 3.361365e-06, 3.139244e-06
2.515500e-03, 5.440500e-03, 8.628630e-06, 9.153708e-06, 8.531002e-06
2.632500e-03, 5.440500e-03, 1.619491e-05, 1.619491e-05, 1.619213e-05
2.749500e-03, 5.440500e-03, 4.390276e-06, 4.410535e-06, 4.212919e-06
2.866500e-03, 5.440500e-03, 2.530767e-06, 2.395483e-06, 2.408733e-06
2.983500e-03, 5.440500e-03, 6.792883e-07, 6.772489e-07, 6.814085e-07
3.100500e-03, 5.440500e-03, 8.037850e-06, 7.708684e-06, 7.660895e-06
3.217500e-03, 5.440500e-03, 6.828079e-06, 6.716824e-06, 6.662257e-06
3.334500e-03, 5.440500e-03, 1.436022e-05, 1.427278e-05, 1.420024e-05
3.451500e-03, 5.440500e-03, 9.245076e-06, 1.009607e-05, 9.341431e-06
3.568500e-03, 5.440500e-03, 5.500000e-07, 5.500000e-07, 5.500000e-07
3.685500e-03, 5.440500e-03, 7.459914e-06, 8.397373e-06, 7.592417e-06
3.802500e-03, 5.440500e-03, 1.649833e-05, 1.649833e-05, 1.649853e-05
3.919500e-03, 5.440500e-03, 4.100320e-06, 4.257351e-06, 4.048725e-06
4.036500e-03, 5.440500e-03, 3.728070e-06, 3.505779e-06, 3.533577e-06
4.153500e-03, 5.440500e-03, 5.500000e-07, 5.500000e-07, 5.500000e-07
4.270500e-03, 5.440500e-03, 6.449367e-07, 6.449367e-07, 6.479289e-07
4.387500e-03, 5.440500e-03, 4.350724e-06, 4.101541e-06, 4.143918e-06
4.504500e-03, 5.440500e-03, 1.213540e-06, 1.188790e-06, 1.193708e-06
4.621500e-03, 5.440500e-03, 5.500000e-07, 5.500000e-07, 5.500000e-07
4.738500e-03, 5.440500e-03, 5.500000e-07, 5.500000e-07, 5.500000e-07
4.855500e-03, 5.440500e-03, 5.500000e-07, 5.500000e-07, 5.500000e-07
4.972500e-03, 5.440500e-03, 5.500000e-07, 5.500000e-07, 5.500000e-07
5.089500e-03, 5.440500e-03, 1.054063e-06, 1.039964e-06, 1.043652e-06
5.206500e-03, 5.440500e-03, 4.390131e-06, 4.140353e-06, 4.184122e-06
5.323500e-03, 5.440500e-03, 7.560850e-07, 7.554633e-07, 7.576470e-07
5.440500e-03, 5.440500e-03, 5.500000e-07, 5.500000e-07, 5.500000e-07
5.557500e-03, 5.440500e-03, 3.514263e-06, 3.304378e-06, 3.327718e-06
5.674500e-03, 5.440500e-03, 2.211418e-06, 2.103665e-06, 2.115166e-06
5.791500e-03, 5.440500e-03, 5.500000e-07, 5.500000e-07, 5.500000e-07
-5.791500e-03, 5.557500e-03, 2.896463e-06, 3.176153e-06, 2.943927e-06
-5.674500e-03, 5.557500e-03, 1.650000e-05, 1.650000e-05, 1.650000e-05
-5.557500e-03, 5.557500e-03, 1.650000e-05, 1.650000e-05, 1.650000e-05
-5.440500e-03, 5.557500e-03, 1.650000e-05, 1.650000e-05, 1.650000e-05
-5.323500e-03, 5.557500e-03, 1.650000e-05, 1.650000e-05, 1.650000e-05
-5.206500e-03, 5.557500e-03, 1.650000e-05, 1.650000e-05, 1.650000e-05
-5.089500e-03, 5.557500e-03, 1.650000e-05, 1.650000e-05, 1.650000e-05
-4.972500e-03, 5.557500e-03, 7.676853e-06, 7.672597e-06, 7.462721e-06
-4.855500e-03, 5.557500e-03, 1.381096e-05, 1.384245e-05, 1.373880e-05
-4.738500e-03, 5.557500e-03, 1.650000e-05, 1.650000e-05, 1.650000e-05
-4.621500e-03, 5.557500e-03, 1.650000e-05, 1.650000e-05, 1.650000e-05
-4.504500e-03, 5.557500e-03, 1.315822e-05, 1.361524e-05, 1.315604e-05
-4.387500e-03, 5.557500e-03, 1.650000e-05, 1.650000e-05, 1.650000e-05
-4.270500e-03, 5.557500e-03, 7.272601e-06, 7.481772e-06, 7.257282e-06
-4.153500e-03, 5.557500e-03, 4.029084e-06, 4.239277e-06, 4.049011e-06
-4.036500e-03, 5.557500e-03, 1.642648e-05, 1.642648e-05, 1.642894e-05
-3.919500e-03, 5.557500e-03, 1.397263e-05, 1.416310e-05, 1.393799e-05
-3.802500e-03, 5.557500e-03, 6.335858e-06, 6.642713e-06, 6.389533e-06
-3.685500e-03, 5.557500e-03, 1.650000e-05, 1.650000e-05, 1.650000e-05
-3.568500e-03, 5.557500e-03, 9.475449e-06, 9.475449e-06, 9.347911e-06
-3.451500e-03, 5.557500e-03, 5.677072e-07, 5.677072e-07, 5.696556e-07
-3.334500e-03, 5.557500e-03, 6.579993e-06, 6.788724e-06, 6.574221e-06
-3.217500e-03, 5.557500e-03, 1.650000e-05, 1.650000e-05, 1.650000e-05
-3.100500e-03, 5.557500e-03, 1.139895e-05, 1.161099e-05, 1.135183e-05
-2.983500e-03, 5.557500e-03, 9.240420e-07, 9.833604e-07, 9.444281e-07
-2.866500e-03, 5.557500e-03, 1.545860e-05, 1.549282e-05, 1.543523e-05
-2.749500e-03, 5.557500e-03, 1.614238e-05, 1.614238e-05, 1.613787e-05
-2.632500e-03, 5.557500e-03, 2.403708e-06, 2.602258e-06, 2.430832e-06
-2.515500e-03, 5.557500e-03, 5.500000e-07, 5.500000e-07, 5.500000e-07
-2.398500e-03, 5.557500e-03, 5.500000e-07, 5.500000e-07, 5.500000e-07
-2.281500e-03, 5.557500e-03, 5.500000e-07, 5.500000e-07, 5.500000e-07
-2.164500e-03, 5.557500e-03, 2.732671e-06, 2.937744e-06, 2.758430e-06
-2.047500e-03, 5.557500e-03, 1.622133e-05, 1.622133e-05, 1.621938e-05
-1.930500e-03, 5.557500e-03, 1.522877e-05, 1.528925e-05, 1.520203e-05
-1.813500e-03, 5.557500e-03, 7.531559e-07, 7.885797e-07, 7.694151e-07
-1.696500e-03, 5.557500e-03, 1.180879e-05, 1.202218e-05, 1.176085e-05
-1.579500e-03, 5.557500e-03, 1.650000e-05, 1.650000e-05, 1.650000e-05
-1.462500e-03, 5.557500e-03, 6.163652e-06, 6.372050e-06, 6.164015e-06
-1.345500e-03, 5.557500e-03, 5.500000e-07, 5.500000e-07, 5.500000e-07
-1.228500e-03, 5.557500e-03, 5.500000e-07, 5.500000e-07, 5.500000e-07
-1.111500e-03, 5.557500e-03, 5.500000e-07, 5.500000e-07, 5.500000e-07
-9.945000e-04, 5.557500e-03, 2.027633e-06, 1.997878e-06, 1.985310e-06
-8.775000e-04, 5.557500e-03, 1.477875e-05, 1.486847e-05, 1.473839e-05
-7.605000e-04, 5.557500e-03, 1.638366e-05, 1.638366e-05, 1.638570e-05
-6.435000e-04, 5.557500e-03, 6.344744e-06, 6.673931e-06, 6.186371e-06
-5.265000e-04, 5.557500e-03, 1.615515e-05, 1.615516e-05, 1.615307e-05
-4.095000e-04, 5.557500e-03, 1.650000e-05, 1.650000e-05, 1.650000e-05
-2.925000e-04, 5.557500e-03, 1.248001e-05, 1.287718e-05, 1.246265e-05
-1.755000e-04, 5.557500e-03, 1.283348e-05, 1.251557e-05, 1.255748e-05
-5.850000e-05, 5.557500e-03, 1.270586e-05, 1.237515e-05, 1.242847e-05
5.850000e-05, 5.557500e-03, 1.270594e-05, 1.237522e-05, 1.242854e-05
1.755000e-04, 5.557500e-03, 1.270410e-05, 1.237357e-05, 1.242649e-05
2.925000e-04, 5.557500e-03, 1.229919e-05, 1.271560e-05, 1.228491e-05
4.095000e-04, 5.557500e-03, 1.650000e-05, 1.650000e-05, 1.650000e-05
5.265000e-04, 5.557500e-03, 1.186659e-05, 1.232732e-05, 1.184782e-05
6.435000e-04, 5.557500e-03, 1.116988e-05, 1.156000e-05, 1.109559e-05
7.605000e-04, 5.557500e-03, 1.647561e-05, 1.647774e-05, 1.647860e-05
8.775000e-04, 5.557500e-03, 1.447613e-05, 1.464078e-05, 1.445233e-05
9.945000e-04, 5.557500e-03, 1.222641e-05, 1.215188e-05, 1.195670e-05
1.111500e-03, 5.557500e-03, 1.077643e-05, 1.068625e-05, 1.056271e-05
1.228500e-03, 5.557500e-03, 2.649207e-06, 2.821411e-06, 2.671994e-06
1.345500e-03, 5.557500e-03, 1.535755e-05, 1.516848e-05, 1.519403e-05
1.462500e-03, 5.557500e-03, 1.532545e-05, 1.505171e-05, 1.510257e-05
1.579500e-03, 5.557500e-03, 1.650000e-05, 1.650000e-05, 1.650000e-05
1.696500e-03, 5.557500e-03, 1.180879e-05, 1.202218e-05, 1.176085e-05
1.813500e-03, 5.557500e-03, 3.528473e-06, 3.661615e-06, 3.523287e-06
1.930500e-03, 5.557500e-03, 1.558684e-05, 1.555650e-05, 1.554987e-05
2.047500e-03, 5.557500e-03, 1.622133e-05, 1.622133e-05, 1.621938e-05
2.164500e-03, 5.557500e-03, 9.838854e-06, 1.047135e-05, 9.906020e-06
2.281500e-03, 5.557500e-03, 1.541913e-05, 1.544703e-05, 1.539666e-05
2.398500e-03, 5.557500e-03, 1.130144e-05, 1.157744e-05, 1.128572e-05
2.515500e-03, 5.557500e-03, 1.133796e-05, 1.157750e-05, 1.130490e-05
2.632500e-03, 5.557500e-03, 5.090572e-06, 5.023551e-06, 4.861775e-06
2.749500e-03, 5.557500e-03, 1.614238e-05, 1.614238e-05, 1.613787e-05
2.866500e-03, 5.557500e-03, 1.545860e-05, 1.549282e-05, 1.543523e-05
2.983500e-03, 5.557500e-03, 9.240420e-07, 9.833604e-07, 9.444281e-07
3.100500e-03, 5.557500e-03, 1.243473e-05, 1.273438e-05, 1.247812e-05
3.217500e-03, 5.557500e-03, 1.650000e-05, 1.650000e-05, 1.650000e-05
3.334500e-03, 5.557500e-03, 6.579993e-06, 6.788724e-06, 6.574221e-06
3.451500e-03, 5.557500e-03, 8.390724e-06, 8.644751e-06, 8.350205e-06
3.568500e-03, 5.557500e-03, 3.744225e-06, 3.881165e-06, 3.707307e-06
3.685500e-03, 5.557500e-03, 1.370185e-05, 1.370753e-05, 1.359351e-05
3.802500e-03, 5.557500e-03, 5.380535e-06, 5.218018e-06, 5.143696e-06
3.919500e-03, 5.557500e-03, 1.397263e-05, 1.416310e-05, 1.393799e-05
4.036500e-03, 5.557500e-03, 1.642648e-05, 1.642648e-05, 1.642894e-05
4.153500e-03, 5.557500e-03, 4.029084e-06, 4.239277e-06, 4.049011e-06
4.270500e-03, 5.557500e-03, 7.272601e-06, 7.481772e-06, 7.257282e-06
4.387500e-03, 5.557500e-03, 1.650000e-05, 1.650000e-05, 1.650000e-05
4.504500e-03, 5.557500e-03, 1.071435e-05, 1.092466e-05, 1.066963e-05
4.621500e-03, 5.557500e-03, 5.500000e-07, 5.500000e-07, 5.500000e-07
4.738500e-03, 5.557500e-03, 5.500000e-07, 5.500000e-07, 5.500000e-07
4.855500e-03, 5.557500e-03, 5.500000e-07, 5.500000e-07, 5.500000e-07
4.972500e-03, 5.557500e-03, 5.500000e-07, 5.500000e-07, 5.500000e-07
5.089500e-03, 5.557500e-03, 9.891165e-06, 1.010058e-05, 9.850965e-06
5.206500e-03, 5.557500e-03, 1.650000e-05, 1.650000e-05, 1.650000e-05
5.323500e-03, 5.557500e-03, 8.101642e-06, 8.311148e-06, 8.076623e-06
5.440500e-03, 5.557500e-03, 3.304378e-06, 3.514263e-06, 3.327718e-06
5.557500e-03, 5.557500e-03, 1.633091e-05, 1.633091e-05, 1.633190e-05
5.674500e-03, 5.557500e-03, 1.474828e-05, 1.486438e-05, 1.471810e-05
5.791500e-03, 5.557500e-03, 5.682985e-07, 5.722533e-07, 5.717412e-07
-5.791500e-03, 5.674500e-03, 1.446418e-06, 1.509344e-06, 1.460071e-06
-5.674500e-03, 5.674500e-03, 1.423549e-05, 1.423549e-05, 1.415381e-05
-5.557500e-03, 5.674500e-03, 1.650000e-05, 1.650000e-05, 1.650000e-05
-5.440500e-03, 5.674500e-03, 1.650000e-05, 1.650000e-05, 1.650000e-05
-5.323500e-03, 5.674500e-03, 1.650000e-05, 1.650000e-05, 1.650000e-05
-5.206500e-03, 5.674500e-03, 1.650000e-05, 1.650000e-05, 1.650000e-05
-5.089500e-03, 5.674500e-03, 1.650000e-05, 1.650000e-05, 1.650000e-05
-4.972500e-03, 5.674500e-03, 1.650000e-05, 1.650000e-05, 1.650000e-05
-4.855500e-03, 5.674500e-03, 1.650000e-05, 1.650000e-05, 1.650000e-05
-4.738500e-03, 5.674500e-03, 1.650000e-05, 1.650000e-05, 1.650000e-05
-4.621500e-03, 5.674500e-03, 1.650000e-05, 1.650000e-05, 1.650000e-05
-4.504500e-03, 5.674500e-03, 9.859405e-06, 1.032281e-05, 9.832072e-06
-4.387500e-03, 5.674500e-03, 1.577089e-05, 1.565993e-05, 1.569021e-05
-4.270500e-03, 5.674500e-03, 5.060960e-06, 5.179950e-06, 5.027512e-06
-4.153500e-03, 5.674500e-03, 2.609539e-06, 2.724980e-06, 2.613871e-06
-4.036500e-03, 5.674500e-03, 1.514694e-05, 1.503188e-05, 1.501799e-05
-3.919500e-03, 5.674500e-03, 1.132889e-05, 1.135035e-05, 1.114947e-05
-3.802500e-03, 5.674500e-03, 6.335858e-06, 6.642713e-06, 6.389533e-06
-3.685500e-03, 5.674500e-03, 1.650000e-05, 1.650000e-05, 1.650000e-05
-3.568500e-03, 5.674500e-03, 1.650000e-05, 1.650000e-05, 1.650000e-05
-3.451500e-03, 5.674500e-03, 9.475449e-06, 9.475449e-06, 9.347911e-06
-3.334500e-03, 5.674500e-03, 4.513008e-06, 4.634073e-06, 4.489097e-06
-3.217500e-03, 5.674500e-03, 1.570725e-05, 1.559467e-05, 1.561975e-05
-3.100500e-03, 5.674500e-03, 8.789288e-06, 8.861810e-06, 8.683598e-06
-2.983500e-03, 5.674500e-03, 6.236839e-07, 6.316178e-07, 6.304517e-07
-2.866500e-03, 5.674500e-03, 1.314029e-05, 1.306785e-05, 1.294076e-05
-2.749500e-03, 5.674500e-03, 1.440734e-05, 1.428979e-05, 1.423759e-05
-2.632500e-03, 5.674500e-03, 1.498510e-06, 1.590050e-06, 1.515588e-06
-2.515500e-03, 5.674500e-03, 5.500000e-07, 5.500000e-07, 5.500000e-07
-2.398500e-03, 5.674500e-03, 5.500000e-07, 5.500000e-07, 5.500000e-07
-2.281500e-03, 5.674500e-03, 5.500000e-07, 5.500000e-07, 5.500000e-07
-2.164500e-03, 5.674500e-03, 1.716067e-06, 1.814667e-06, 1.731652e-06
-2.047500e-03, 5.674500e-03, 1.458964e-05, 1.447251e-05, 1.442837e-05
-1.930500e-03, 5.674500e-03, 1.279593e-05, 1.275359e-05, 1.259727e-05
-1.813500e-03, 5.674500e-03, 5.667235e-07, 5.678558e-07, 5.691838e-07
-1.696500e-03, 5.674500e-03, 9.183538e-06, 9.248148e-06, 9.065811e-06
-1.579500e-03, 5.674500e-03, 1.565240e-05, 1.553933e-05, 1.555997e-05
-1.462500e-03, 5.674500e-03, 4.169744e-06, 4.291474e-06, 4.148824e-06
-1.345500e-03, 5.674500e-03, 5.500000e-07, 5.500000e-07, 5.500000e-07
-1.228500e-03, 5.674500e-03, 5.500000e-07, 5.500000e-07, 5.500000e-07
-1.111500e-03, 5.674500e-03, 5.500000e-07, 5.500000e-07, 5.500000e-07
-9.945000e-04, 5.674500e-03, 6.463926e-07, 6.572816e-07, 6.543216e-07
-8.775000e-04, 5.674500e-03, 1.235821e-05, 1.226691e-05, 1.215227e-05
-7.605000e-04, 5.674500e-03, 1.501198e-05, 1.489643e-05, 1.487450e-05
-6.435000e-04, 5.674500e-03, 2.351016e-06, 2.462988e-06, 2.359173e-06
-5.265000e-04, 5.674500e-03, 5.828930e-06, 5.885743e-06, 5.729141e-06
-4.095000e-04, 5.674500e-03, 1.579276e-05, 1.568364e-05, 1.571524e-05
-2.925000e-04, 5.674500e-03, 7.755681e-06, 7.846511e-06, 7.678876e-06
-1.755000e-04, 5.674500e-03, 5.500000e-07, 5.500000e-07, 5.500000e-07
-5.850000e-05, 5.674500e-03, 5.500000e-07, 5.500000e-07, 5.500000e-07
5.850000e-05, 5.674500e-03, 5.500000e-07, 5.500000e-07, 5.500000e-07
1.755000e-04, 5.674500e-03, 5.500000e-07, 5.500000e-07, 5.500000e-07
2.925000e-04, 5.674500e-03, 7.755681e-06, 7.846511e-06, 7.678876e-06
4.095000e-04, 5.674500e-03, 1.579276e-05, 1.568364e-05, 1.571524e-05
5.265000e-04, 5.674500e-03, 5.413944e-06, 5.531293e-06, 5.376151e-06
6.435000e-04, 5.674500e-03, 2.351016e-06, 2.462988e-06, 2.359173e-06
7.605000e-04, 5.674500e-03, 1.501198e-05, 1.489643e-05, 1.487450e-05
8.775000e-04, 5.674500e-03, 1.173554e-05, 1.174794e-05, 1.154857e-05
9.945000e-04, 5.674500e-03, 5.500000e-07, 5.500000e-07, 5.500000e-07
1.111500e-03, 5.674500e-03, 5.500000e-07, 5.500000e-07, 5.500000e-07
1.228500e-03, 5.674500e-03, 1.194031e-06, 1.220880e-06, 1.198196e-06
1.345500e-03, 5.674500e-03, 9.122091e-06, 8.843111e-06, 8.859357e-06
1.462500e-03, 5.674500e-03, 1.067150e-05, 1.037479e-05, 1.040956e-05
1.579500e-03, 5.674500e-03, 1.565240e-05, 1.553933e-05, 1.555997e-05
1.696500e-03, 5.674500e-03, 9.183538e-06, 9.248148e-06, 9.065811e-06
1.813500e-03, 5.674500e-03, 2.388117e-06, 2.445720e-06, 2.375291e-06
1.930500e-03, 5.674500e-03, 1.338349e-05, 1.320741e-05, 1.317201e-05
2.047500e-03, 5.674500e-03, 1.458964e-05, 1.447251e-05, 1.442837e-05
2.164500e-03, 5.674500e-03, 3.007864e-06, 3.109756e-06, 2.988589e-06
2.281500e-03, 5.674500e-03, 5.598485e-06, 5.413311e-06, 5.410694e-06
2.398500e-03, 5.674500e-03, 2.878837e-06, 2.785785e-06, 2.778336e-06
2.515500e-03, 5.674500e-03, 2.923038e-06, 2.827091e-06, 2.819940e-06
2.632500e-03, 5.674500e-03, 2.223619e-06, 2.277235e-06, 2.212289e-06
2.749500e-03, 5.674500e-03, 1.440734e-05, 1.428979e-05, 1.423759e-05
2.866500e-03, 5.674500e-03, 1.314029e-05, 1.306785e-05, 1.294076e-05
2.983500e-03, 5.674500e-03, 6.236839e-07, 6.316178e-07, 6.304517e-07
3.100500e-03, 5.674500e-03, 8.789288e-06, 8.861810e-06, 8.683598e-06
3.217500e-03, 5.674500e-03, 1.570725e-05, 1.559467e-05, 1.561975e-05
3.334500e-03, 5.674500e-03, 4.495304e-06, 4.616371e-06, 4.469444e-06
3.451500e-03, 5.674500e-03, 1.452268e-05, 1.464158e-05, 1.448301e-05
3.568500e-03, 5.674500e-03, 8.116560e-06, 8.433712e-06, 8.102061e-06
3.685500e-03, 5.674500e-03, 1.153704e-05, 1.129877e-05, 1.125812e-05
3.802500e-03, 5.674500e-03, 2.256432e-06, 2.344762e-06, 2.259286e-06
3.919500e-03, 5.674500e-03, 1.132889e-05, 1.135035e-05, 1.114947e-05
4.036500e-03, 5.674500e-03, 1.514694e-05, 1.503188e-05, 1.501799e-05
4.153500e-03, 5.674500e-03, 2.609539e-06, 2.724980e-06, 2.613871e-06
4.270500e-03, 5.674500e-03, 5.060960e-06, 5.179950e-06, 5.027512e-06
4.387500e-03, 5.674500e-03, 1.577089e-05, 1.565993e-05, 1.569021e-05
4.504500e-03, 5.674500e-03, 8.140303e-06, 8.224854e-06, 8.053531e-06
4.621500e-03, 5.674500e-03, 5.500000e-07, 5.500000e-07, 5.500000e-07
4.738500e-03, 5.674500e-03, 5.500000e-07, 5.500000e-07, 5.500000e-07
4.855500e-03, 5.674500e-03, 5.500000e-07, 5.500000e-07, 5.500000e-07
4.972500e-03, 5.674500e-03, 5.500000e-07, 5.500000e-07, 5.500000e-07
5.089500e-03, 5.674500e-03, 7.375459e-06, 7.471896e-06, 7.307760e-06
5.206500e-03, 5.674500e-03, 1.580550e-05, 1.569839e-05, 1.573019e-05
5.323500e-03, 5.674500e-03, 5.774118e-06, 5.888878e-06, 5.732304e-06
5.440500e-03, 5.674500e-03, 2.103665e-06, 2.211418e-06, 2.115166e-06
5.557500e-03, 5.674500e-03, 1.486438e-05, 1.474828e-05, 1.471810e-05
5.674500e-03, 5.674500e-03, 1.214133e-05, 1.214133e-05, 1.194922e-05
5.791500e-03, 5.674500e-03, 5.500000e-07, 5.500000e-07, 5.500000e-07
-5.791500e-03, 5.791500e-03, 5.500000e-07, 5.500000e-07, 5.500000e-07
-5.674500e-03, 5.791500e-03, 1.497071e-06, 1.432777e-06, 1.447451e-06
-5.557500e-03, 5.791500e-03, 3.136116e-06, 2.853691e-06, 2.903103e-06
-5.440500e-03, 5.791500e-03, 3.136116e-06, 2.853691e-06, 2.903103e-06
-5.323500e-03, 5.791500e-03, 3.136116e-06, 2.853691e-06, 2.903103e-06
-5.206500e-03, 5.791500e-03, 3.136116e-06, 2.853691e-06, 2.903103e-06
-5.089500e-03, 5.791500e-03, 3.136116e-06, 2.853691e-06, 2.903103e-06
-4.972500e-03, 5.791500e-03, 3.136116e-06, 2.853691e-06, 2.903103e-06
-4.855500e-03, 5.791500e-03, 3.136116e-06, 2.853691e-06, 2.903103e-06
-4.738500e-03, 5.791500e-03, 3.136116e-06, 2.853691e-06, 2.903103e-06
-4.621500e-03, 5.791500e-03, 3.136116e-06, 2.853691e-06, 2.903103e-06
-4.504500e-03, 5.791500e-03, 7.689910e-07, 7.718655e-07, 7.732899e-07
-4.387500e-03, 5.791500e-03, 5.725735e-07, 5.683232e-07, 5.717827e-07
-4.270500e-03, 5.791500e-03, 5.500000e-07, 5.500000e-07, 5.500000e-07
-4.153500e-03, 5.791500e-03, 5.500000e-07, 5.500000e-07, 5.500000e-07
-4.036500e-03, 5.791500e-03, 5.724254e-07, 5.683120e-07, 5.717649e-07
-3.919500e-03, 5.791500e-03, 5.500000e-07, 5.500000e-07, 5.500000e-07
-3.802500e-03, 5.791500e-03, 6.482985e-07, 6.252247e-07, 6.391332e-07
-3.685500e-03, 5.791500e-03, 8.382457e-07, 7.600206e-07, 7.988608e-07
-3.568500e-03, 5.791500e-03, 8.382457e-07, 7.600206e-07, 7.988608e-07
-3.451500e-03, 5.791500e-03, 8.382457e-07, 7.600206e-07, 7.988608e-07
-3.334500e-03, 5.791500e-03, 5.610589e-07, 5.605332e-07, 5.623111e-07
-3.217500e-03, 5.791500e-03, 5.725638e-07, 5.683222e-07, 5.717820e-07
-3.100500e-03, 5.791500e-03, 5.500000e-07, 5.500000e-07, 5.500000e-07
-2.983500e-03, 5.791500e-03, 5.500000e-07, 5.500000e-07, 5.500000e-07
-2.866500e-03, 5.791500e-03, 5.500000e-07, 5.500000e-07, 5.500000e-07
-2.749500e-03, 5.791500e-03, 5.712497e-07, 5.682039e-07, 5.715342e-07
-2.632500e-03, 5.791500e-03, 5.500000e-07, 5.500000e-07, 5.500000e-07
-2.515500e-03, 5.791500e-03, 5.500000e-07, 5.500000e-07, 5.500000e-07
-2.398500e-03, 5.791500e-03, 5.500000e-07, 5.500000e-07, 5.500000e-07
-2.281500e-03, 5.791500e-03, 5.500000e-07, 5.500000e-07, 5.500000e-07
-2.164500e-03, 5.791500e-03, 5.500000e-07, 5.500000e-07, 5.500000e-07
-2.047500e-03, 5.791500e-03, 5.718604e-07, 5.682641e-07, 5.716779e-07
-1.930500e-03, 5.791500e-03, 5.500000e-07, 5.500000e-07, 5.500000e-07
-1.813500e-03, 5.791500e-03, 5.500000e-07, 5.500000e-07, 5.500000e-07
-1.696500e-03, 5.791500e-03, 5.500000e-07, 5.500000e-07, 5.500000e-07
-1.579500e-03, 5.791500e-03, 5.725545e-07, 5.683219e-07, 5.717801e-07
-1.462500e-03, 5.791500e-03, 5.500000e-07, 5.500000e-07, 5.500000e-07
-1.345500e-03, 5.791500e-03, 5.500000e-07, 5.500000e-07, 5.500000e-07
-1.228500e-03, 5.791500e-03, 5.500000e-07, 5.500000e-07, 5.500000e-07
-1.111500e-03, 5.791500e-03, 5.500000e-07, 5.500000e-07, 5.500000e-07
-9.945000e-04, 5.791500e-03, 5.500000e-07, 5.500000e-07, 5.500000e-07
-8.775000e-04, 5.791500e-03, 5.500000e-07, 5.500000e-07, 5.500000e-07
-7.605000e-04, 5.791500e-03, 5.723591e-07, 5.683069e-07, 5.717561e-07
-6.435000e-04, 5.791500e-03, 5.500000e-07, 5.500000e-07, 5.500000e-07
-5.265000e-04, 5.791500e-03, 5.500000e-07, 5.500000e-07, 5.500000e-07
-4.095000e-04, 5.791500e-03, 5.725777e-07, 5.683233e-07, 5.717837e-07
-2.925000e-04, 5.791500e-03, 5.500000e-07, 5.500000e-07, 5.500000e-07
-1.755000e-04, 5.791500e-03, 5.500000e-07, 5.500000e-07, 5.500000e-07
-5.850000e-05, 5.791500e-03, 5.500000e-07, 5.500000e-07, 5.500000e-07
5.850000e-05, 5.791500e-03, 5.500000e-07, 5.500000e-07, 5.500000e-07
1.755000e-04, 5.791500e-03, 5.500000e-07, 5.500000e-07, 5.500000e-07
2.925000e-04, 5.791500e-03, 5.500000e-07, 5.500000e-07, 5.500000e-07
4.095000e-04, 5.791500e-03, 5.725777e-07, 5.683233e-07, 5.717837e-07
5.265000e-04, 5.791500e-03, 5.500000e-07, 5.500000e-07, 5.500000e-07
6.435000e-04, 5.791500e-03, 5.500000e-07, 5.500000e-07, 5.500000e-07
7.605000e-04, 5.791500e-03, 5.723591e-07, 5.683069e-07, 5.717561e-07
8.775000e-04, 5.791500e-03, 5.500000e-07, 5.500000e-07, 5.500000e-07
9.945000e-04, 5.791500e-03, 5.500000e-07, 5.500000e-07, 5.500000e-07
1.111500e-03, 5.791500e-03, 5.500000e-07, 5.500000e-07, 5.500000e-07
1.228500e-03, 5.791500e-03, 5.500000e-07, 5.500000e-07, 5.500000e-07
1.345500e-03, 5.791500e-03, 5.500000e-07, 5.500000e-07, 5.500000e-07
1.462500e-03, 5.791500e-03, 5.500000e-07, 5.500000e-07, 5.500000e-07
1.579500e-03, 5.791500e-03, 5.725545e-07, 5.683219e-07, 5.717801e-07
1.696500e-03, 5.791500e-03, 5.500000e-07, 5.500000e-07, 5.500000e-07
1.813500e-03, 5.791500e-03, 5.500000e-07, 5.500000e-07, 5.500000e-07
1.930500e-03, 5.791500e-03, 5.500000e-07, 5.500000e-07, 5.500000e-07
2.047500e-03, 5.791500e-03, 5.718604e-07, 5.682641e-07, 5.716779e-07
2.164500e-03, 5.791500e-03, 5.500000e-07, 5.500000e-07, 5.500000e-07
2.281500e-03, 5.791500e-03, 5.500000e-07, 5.500000e-07, 5.500000e-07
2.398500e-03, 5.791500e-03, 5.500000e-07, 5.500000e-07, 5.500000e-07
2.515500e-03, 5.791500e-03, 5.500000e-07, 5.500000e-07, 5.500000e-07
2.632500e-03, 5.791500e-03, 5.500000e-07, 5.500000e-07, 5.500000e-07
2.749500e-03, 5.791500e-03, 5.712497e-07, 5.682039e-07, 5.715342e-07
2.866500e-03, 5.791500e-03, 5.500000e-07, 5.500000e-07, 5.500000e-07
2.983500e-03, 5.791500e-03, 5.500000e-07, 5.500000e-07, 5.500000e-07
3.100500e-03, 5.791500e-03, 5.500000e-07, 5.500000e-07, 5.500000e-07
3.217500e-03, 5.791500e-03, 5.725638e-07, 5.683222e-07, 5.717820e-07
3.334500e-03, 5.791500e-03, 5.500000e-07, 5.500000e-07, 5.500000e-07
3.451500e-03, 5.791500e-03, 8.313333e-07, 7.758928e-07, 7.957572e-07
3.568500e-03, 5.791500e-03, 5.500000e-07, 5.500000e-07, 5.500000e-07
3.685500e-03, 5.791500e-03, 5.500000e-07, 5.500000e-07, 5.500000e-07
3.802500e-03, 5.791500e-03, 5.500000e-07, 5.500000e-07, 5.500000e-07
3.919500e-03, 5.791500e-03, 5.500000e-07, 5.500000e-07, 5.500000e-07
4.036500e-03, 5.791500e-03, 5.724254e-07, 5.683120e-07, 5.717649e-07
4.153500e-03, 5.791500e-03, 5.500000e-07, 5.500000e-07, 5.500000e-07
4.270500e-03, 5.791500e-03, 5.500000e-07, 5.500000e-07, 5.500000e-07
4.387500e-03, 5.791500e-03, 5.725735e-07, 5.683232e-07, 5.717827e-07
4.504500e-03, 5.791500e-03, 5.500000e-07, 5.500000e-07, 5.500000e-07
4.621500e-03, 5.791500e-03, 5.500000e-07, 5.500000e-07, 5.500000e-07
4.738500e-03, 5.791500e-03, 5.500000e-07, 5.500000e-07, 5.500000e-07
4.855500e-03, 5.791500e-03, 5.500000e-07, 5.500000e-07, 5.500000e-07
4.972500e-03, 5.791500e-03, 5.500000e-07, 5.500000e-07, 5.500000e-07
5.089500e-03, 5.791500e-03, 5.500000e-07, 5.500000e-07, 5.500000e-07
5.206500e-03, 5.791500e-03, 5.725798e-07, 5.683237e-07, 5.717831e-07
5.323500e-03, 5.791500e-03, 5.500000e-07, 5.500000e-07, 5.500000e-07
5.440500e-03, 5.791500e-03, 5.500000e-07, 5.500000e-07, 5.500000e-07
5.557500e-03, 5.791500e-03, 5.722533e-07, 5.682985e-07, 5.717412e-07
5.674500e-03, 5.791500e-03, 5.500000e-07, 5.500000e-07, 5.500000e-07
5.791500e-03, 5.791500e-03, 5.500000e-07, 5.500000e-07, 5.500000e-07
